rank	raw_value	semantic_level1	review_status	confidence	semantic_rationale	evidence	candidate_l1s_json	reviewer
8	Film Producer	Culture	resolved	medium	“Film Producer”所指工作核心是支持或统筹影视、广播、音乐及其他文化内容的制作、技术实现或发行，属于文化生产、表演或传播职能，归入Culture。	occupation_meaning:Film Producer：文化创作、表演、媒体传播或文化产品制作/发行职责	"[""Culture""]"	bhht_semantic_batch_3
16	Voice Actor	Culture	resolved	medium	“Voice Actor”所指工作核心是创作或呈现艺术作品/现场表演，职业产出面向文化受众，属于文化生产、表演或传播职能，归入Culture。	occupation_meaning:Voice Actor：文化创作、表演、媒体传播或文化产品制作/发行职责	"[""Culture""]"	bhht_semantic_batch_3
21	Broadcaster	Culture	resolved	medium	“Broadcaster”所指工作核心是采访、撰写、编辑、评论或向公众传播文化/媒体内容，属于文化生产、表演或传播职能，归入Culture。	occupation_meaning:Broadcaster：文化创作、表演、媒体传播或文化产品制作/发行职责	"[""Culture""]"	bhht_semantic_batch_3
29	Criminal defense lawyer	Leadership	resolved	high	“Criminal defense lawyer”的职责是提供法律意见、代理当事人或行使司法/公证职权，对应公共治理、法律/军事/宗教权威或企业金融领导，归入Leadership。	occupation_meaning:Criminal defense lawyer：治理、法律、军职、宗教权威、外交或企业金融管理职责	"[""Leadership""]"	bhht_semantic_batch_3
38	Singer-songwriter	Culture	resolved	medium	“Singer-songwriter”所指工作核心是创作或呈现艺术作品/现场表演，职业产出面向文化受众，属于文化生产、表演或传播职能，归入Culture。	occupation_meaning:Singer-songwriter：文化创作、表演、媒体传播或文化产品制作/发行职责	"[""Culture""]"	bhht_semantic_batch_3
47	Film editor	Culture	resolved	medium	“Film editor”所指工作核心是采访、撰写、编辑、评论或向公众传播文化/媒体内容，属于文化生产、表演或传播职能，归入Culture。	occupation_meaning:Film editor：文化创作、表演、媒体传播或文化产品制作/发行职责	"[""Culture""]"	bhht_semantic_batch_3
55	Guitarist	Culture	resolved	medium	“Guitarist”所指工作核心是创作或呈现艺术作品/现场表演，职业产出面向文化受众，属于文化生产、表演或传播职能，归入Culture。	occupation_meaning:Guitarist：文化创作、表演、媒体传播或文化产品制作/发行职责	"[""Culture""]"	bhht_semantic_batch_3
62	American Football player	Sports/Games	resolved	high	“American Football player”的工作直接围绕体育训练、竞技或比赛规则展开，具体职责是作为选手参加有规则的体育项目训练和竞技，归入Sports/Games。	occupation_meaning:American Football player：体育/武术训练、竞技、执裁或队伍管理职责	"[""Sports/Games""]"	bhht_semantic_batch_3
72	Television crew	Culture	resolved	medium	“Television crew”所指工作核心是提供明确的艺术、媒体或文化产业创作与制作服务，属于文化生产、表演或传播职能，归入Culture。	occupation_meaning:Television crew：文化创作、表演、媒体传播或文化产品制作/发行职责	"[""Culture""]"	bhht_semantic_batch_3
81	Ice Hockey Player	Sports/Games	resolved	high	“Ice Hockey Player”的工作直接围绕体育训练、竞技或比赛规则展开，具体职责是作为选手参加有规则的体育项目训练和竞技，归入Sports/Games。	occupation_meaning:Ice Hockey Player：体育/武术训练、竞技、执裁或队伍管理职责	"[""Sports/Games""]"	bhht_semantic_batch_3
87	Stunt Performer	Culture	resolved	medium	“Stunt Performer”所指工作核心是创作或呈现艺术作品/现场表演，职业产出面向文化受众，属于文化生产、表演或传播职能，归入Culture。	occupation_meaning:Stunt Performer：文化创作、表演、媒体传播或文化产品制作/发行职责	"[""Culture""]"	bhht_semantic_batch_3
91	Agent		needs_context	low	An agent can mean a talent representative, commercial intermediary, intelligence operative, or other role; this bare label does not identify the duties.	occupation_meaning:Agent：仅凭词项无法确定稳定职业职责	[]	bhht_semantic_batch_3
100	Film art director	Culture	resolved	medium	“Film art director”所指工作核心是支持或统筹影视、广播、音乐及其他文化内容的制作、技术实现或发行，属于文化生产、表演或传播职能，归入Culture。	occupation_meaning:Film art director：文化创作、表演、媒体传播或文化产品制作/发行职责	"[""Culture""]"	bhht_semantic_batch_3
105	Music Director	Culture	resolved	medium	“Music Director”所指工作核心是支持或统筹影视、广播、音乐及其他文化内容的制作、技术实现或发行，属于文化生产、表演或传播职能，归入Culture。	occupation_meaning:Music Director：文化创作、表演、媒体传播或文化产品制作/发行职责	"[""Culture""]"	bhht_semantic_batch_3
114	Banker	Leadership	resolved	high	“Banker”的职责是承担机构治理、金融资本配置、商业经营管理或政治公共事务职责，对应公共治理、法律/军事/宗教权威或企业金融领导，归入Leadership。	occupation_meaning:Banker：治理、法律、军职、宗教权威、外交或企业金融管理职责	"[""Leadership""]"	bhht_semantic_batch_3
119	Music artist	Culture	resolved	medium	“Music artist”所指工作核心是创作或呈现艺术作品/现场表演，职业产出面向文化受众，属于文化生产、表演或传播职能，归入Culture。	occupation_meaning:Music artist：文化创作、表演、媒体传播或文化产品制作/发行职责	"[""Culture""]"	bhht_semantic_batch_3
125	Rugby Player	Sports/Games	resolved	high	“Rugby Player”的工作直接围绕体育训练、竞技或比赛规则展开，具体职责是作为选手参加有规则的体育项目训练和竞技，归入Sports/Games。	occupation_meaning:Rugby Player：体育/武术训练、竞技、执裁或队伍管理职责	"[""Sports/Games""]"	bhht_semantic_batch_3
131	Illustrator (Profession)	Culture	resolved	medium	“Illustrator (Profession)”所指工作核心是创作或呈现艺术作品/现场表演，职业产出面向文化受众，属于文化生产、表演或传播职能，归入Culture。 词项中的编号及/或“(Profession)”是数据库区分标记，不改变该职业的职责含义。	occupation_meaning:Illustrator (Profession)：文化创作、表演、媒体传播或文化产品制作/发行职责	"[""Culture""]"	bhht_semantic_batch_3
136	Cricketer	Sports/Games	resolved	high	“Cricketer”的工作直接围绕体育训练、竞技或比赛规则展开，具体职责是参与体育项目的训练、竞技或赛事组织，归入Sports/Games。	occupation_meaning:Cricketer：体育/武术训练、竞技、执裁或队伍管理职责	"[""Sports/Games""]"	bhht_semantic_batch_3
143	Keyboard player	Culture	resolved	high	Keyboard player here means a musician who performs on keyboard instruments; “player” is not a sports role.	occupation_meaning:Keyboard player：文化创作、表演、媒体传播或文化产品制作/发行职责	"[""Culture""]"	bhht_semantic_batch_3
149	Social activist	Leadership	resolved	high	“Social activist”的职责是参与公共政策、政治组织、外交或社会倡议的决策和协调，对应公共治理、法律/军事/宗教权威或企业金融领导，归入Leadership。	occupation_meaning:Social activist：治理、法律、军职、宗教权威、外交或企业金融管理职责	"[""Leadership""]"	bhht_semantic_batch_3
152	Blue-collar worker	Other	resolved	medium	“Blue-collar worker”是提供标题所指的日常服务、运输、维修、照护、手工业或一般商业服务的职业称谓，不属于艺术文化、科学技术、公共权力或竞技体育领域，归入Other。	occupation_meaning:Blue-collar worker：明确的日常服务、一般劳动或小规模商业经营职责	"[""Other""]"	bhht_semantic_batch_3
159	Multi-instrumentalist	Culture	resolved	medium	“Multi-instrumentalist”所指工作核心是创作或呈现艺术作品/现场表演，职业产出面向文化受众，属于文化生产、表演或传播职能，归入Culture。	occupation_meaning:Multi-instrumentalist：文化创作、表演、媒体传播或文化产品制作/发行职责	"[""Culture""]"	bhht_semantic_batch_3
169	Civil engineer	Discovery/Science	resolved	medium	“Civil engineer”从事的核心职责是从事专业教学、技术设计开发、测试或学术研究，其工作属于知识发现、学术/医疗或技术开发，归入Discovery/Science。	occupation_meaning:Civil engineer：科学研究、专业教育、医疗服务或工程技术开发职责	"[""Discovery/Science""]"	bhht_semantic_batch_3
174	Nude Glamour Model	Culture	resolved	medium	“Nude Glamour Model”所指工作核心是提供明确的艺术、媒体或文化产业创作与制作服务，属于文化生产、表演或传播职能，归入Culture。	occupation_meaning:Nude Glamour Model：文化创作、表演、媒体传播或文化产品制作/发行职责	"[""Culture""]"	bhht_semantic_batch_3
180	Australian rules football player	Sports/Games	resolved	high	“Australian rules football player”的工作直接围绕体育训练、竞技或比赛规则展开，具体职责是作为选手参加有规则的体育项目训练和竞技，归入Sports/Games。	occupation_meaning:Australian rules football player：体育/武术训练、竞技、执裁或队伍管理职责	"[""Sports/Games""]"	bhht_semantic_batch_3
185	Public speaker		needs_context	low	Public speaking describes a communication activity, not a stable profession; the subject, audience, and organizational role are unspecified.	occupation_meaning:Public speaker：仅凭词项无法确定稳定职业职责	"[""Culture"",""Leadership""]"	bhht_semantic_batch_3
190	Film critic	Culture	resolved	high	A film critic evaluates and writes or broadcasts criticism about cinema; the subject matter does not make this a film production or sports role.	occupation_meaning:Film critic：文化创作、表演、媒体传播或文化产品制作/发行职责	"[""Culture""]"	bhht_semantic_batch_3
193	Stand-up comedian	Culture	resolved	medium	“Stand-up comedian”所指工作核心是创作或呈现艺术作品/现场表演，职业产出面向文化受众，属于文化生产、表演或传播职能，归入Culture。	occupation_meaning:Stand-up comedian：文化创作、表演、媒体传播或文化产品制作/发行职责	"[""Culture""]"	bhht_semantic_batch_3
201	Police officer	Leadership	resolved	high	“Police officer”的职责是在军队或公共安全体系履行指挥、军职或执法责任，对应公共治理、法律/军事/宗教权威或企业金融领导，归入Leadership。	occupation_meaning:Police officer：治理、法律、军职、宗教权威、外交或企业金融管理职责	"[""Leadership""]"	bhht_semantic_batch_3
208	Audio Engineer	Culture	resolved	medium	“Audio Engineer”所指工作核心是支持或统筹影视、广播、音乐及其他文化内容的制作、技术实现或发行，属于文化生产、表演或传播职能，归入Culture。	occupation_meaning:Audio Engineer：文化创作、表演、媒体传播或文化产品制作/发行职责	"[""Culture""]"	bhht_semantic_batch_3
217	Alpine skier	Sports/Games	resolved	high	“Alpine skier”的工作直接围绕体育训练、竞技或比赛规则展开，具体职责是作为选手参加有规则的体育项目训练和竞技，归入Sports/Games。	occupation_meaning:Alpine skier：体育/武术训练、竞技、执裁或队伍管理职责	"[""Sports/Games""]"	bhht_semantic_batch_3
225	Animal trainer	Other	resolved	high	An animal trainer conditions animals to respond to commands for care, work, or performance; the phrase alone does not imply sports coaching.	occupation_meaning:Animal trainer：明确的日常服务、一般劳动或小规模商业经营职责	"[""Other""]"	bhht_semantic_batch_3
231	TV Journalist	Culture	resolved	medium	“TV Journalist”所指工作核心是采访、撰写、编辑、评论或向公众传播文化/媒体内容，属于文化生产、表演或传播职能，归入Culture。	occupation_meaning:TV Journalist：文化创作、表演、媒体传播或文化产品制作/发行职责	"[""Culture""]"	bhht_semantic_batch_3
237	Baseball Coach	Sports/Games	resolved	high	“Baseball Coach”的工作直接围绕体育训练、竞技或比赛规则展开，具体职责是训练运动员并制定项目训练/比赛策略，归入Sports/Games。	occupation_meaning:Baseball Coach：体育/武术训练、竞技、执裁或队伍管理职责	"[""Sports/Games""]"	bhht_semantic_batch_3
245	Figure Skater	Sports/Games	resolved	high	“Figure Skater”的工作直接围绕体育训练、竞技或比赛规则展开，具体职责是作为选手参加有规则的体育项目训练和竞技，归入Sports/Games。	occupation_meaning:Figure Skater：体育/武术训练、竞技、执裁或队伍管理职责	"[""Sports/Games""]"	bhht_semantic_batch_3
251	VJ	Culture	resolved	medium	“VJ”所指工作核心是提供明确的艺术、媒体或文化产业创作与制作服务，属于文化生产、表演或传播职能，归入Culture。	occupation_meaning:VJ：文化创作、表演、媒体传播或文化产品制作/发行职责	"[""Culture""]"	bhht_semantic_batch_3
257	Baseball Manager	Sports/Games	resolved	high	Manages a baseball team’s lineup, training, tactics, and game decisions; this is direct sports-team leadership within the sport.	occupation_meaning:Baseball Manager：体育/武术训练、竞技、执裁或队伍管理职责	"[""Sports/Games""]"	bhht_semantic_batch_3
260	Cross-country skier	Sports/Games	resolved	high	“Cross-country skier”的工作直接围绕体育训练、竞技或比赛规则展开，具体职责是作为选手参加有规则的体育项目训练和竞技，归入Sports/Games。	occupation_meaning:Cross-country skier：体育/武术训练、竞技、执裁或队伍管理职责	"[""Sports/Games""]"	bhht_semantic_batch_3
266	Professional Road Racing Cyclist	Sports/Games	resolved	high	“Professional Road Racing Cyclist”的工作直接围绕体育训练、竞技或比赛规则展开，具体职责是作为选手参加有规则的体育项目训练和竞技，归入Sports/Games。	occupation_meaning:Professional Road Racing Cyclist：体育/武术训练、竞技、执裁或队伍管理职责	"[""Sports/Games""]"	bhht_semantic_batch_3
272	Art collector	Culture	resolved	medium	“Art collector”所指工作核心是提供明确的艺术、媒体或文化产业创作与制作服务，属于文化生产、表演或传播职能，归入Culture。	occupation_meaning:Art collector：文化创作、表演、媒体传播或文化产品制作/发行职责	"[""Culture""]"	bhht_semantic_batch_3
276	Magazine editor	Culture	resolved	medium	“Magazine editor”所指工作核心是采访、撰写、编辑、评论或向公众传播文化/媒体内容，属于文化生产、表演或传播职能，归入Culture。	occupation_meaning:Magazine editor：文化创作、表演、媒体传播或文化产品制作/发行职责	"[""Culture""]"	bhht_semantic_batch_3
281	Acting Coach	Culture	resolved	high	An acting coach trains performers in acting technique and audition/performance practice; “coach” is not sports coaching.	occupation_meaning:Acting Coach：文化创作、表演、媒体传播或文化产品制作/发行职责	"[""Culture""]"	bhht_semantic_batch_3
288	Narrator	Culture	resolved	medium	“Narrator”所指工作核心是采访、撰写、编辑、评论或向公众传播文化/媒体内容，属于文化生产、表演或传播职能，归入Culture。	occupation_meaning:Narrator：文化创作、表演、媒体传播或文化产品制作/发行职责	"[""Culture""]"	bhht_semantic_batch_3
291	Jewelry designer	Culture	resolved	medium	“Jewelry designer”所指工作核心是创作或呈现艺术作品/现场表演，职业产出面向文化受众，属于文化生产、表演或传播职能，归入Culture。	occupation_meaning:Jewelry designer：文化创作、表演、媒体传播或文化产品制作/发行职责	"[""Culture""]"	bhht_semantic_batch_3
295	Computer Engineer	Discovery/Science	resolved	medium	“Computer Engineer”从事的核心职责是从事专业教学、技术设计开发、测试或学术研究，其工作属于知识发现、学术/医疗或技术开发，归入Discovery/Science。	occupation_meaning:Computer Engineer：科学研究、专业教育、医疗服务或工程技术开发职责	"[""Discovery/Science""]"	bhht_semantic_batch_3
301	Magician	Culture	resolved	high	A magician performs illusion and stage entertainment for audiences.	occupation_meaning:Magician：文化创作、表演、媒体传播或文化产品制作/发行职责	"[""Culture""]"	bhht_semantic_batch_3
306	Peace activist	Leadership	resolved	high	“Peace activist”的职责是参与公共政策、政治组织、外交或社会倡议的决策和协调，对应公共治理、法律/军事/宗教权威或企业金融领导，归入Leadership。	occupation_meaning:Peace activist：治理、法律、军职、宗教权威、外交或企业金融管理职责	"[""Leadership""]"	bhht_semantic_batch_3
315	Field Hockey player	Sports/Games	resolved	high	“Field Hockey player”的工作直接围绕体育训练、竞技或比赛规则展开，具体职责是作为选手参加有规则的体育项目训练和竞技，归入Sports/Games。	occupation_meaning:Field Hockey player：体育/武术训练、竞技、执裁或队伍管理职责	"[""Sports/Games""]"	bhht_semantic_batch_3
320	Freestyle skier	Sports/Games	resolved	high	“Freestyle skier”的工作直接围绕体育训练、竞技或比赛规则展开，具体职责是作为选手参加有规则的体育项目训练和竞技，归入Sports/Games。	occupation_meaning:Freestyle skier：体育/武术训练、竞技、执裁或队伍管理职责	"[""Sports/Games""]"	bhht_semantic_batch_3
324	Radio producer	Culture	resolved	medium	“Radio producer”所指工作核心是支持或统筹影视、广播、音乐及其他文化内容的制作、技术实现或发行，属于文化生产、表演或传播职能，归入Culture。	occupation_meaning:Radio producer：文化创作、表演、媒体传播或文化产品制作/发行职责	"[""Culture""]"	bhht_semantic_batch_3
329	Insurance broker	Other	resolved	medium	“Insurance broker”是提供标题所指的日常服务、运输、维修、照护、手工业或一般商业服务的职业称谓，不属于艺术文化、科学技术、公共权力或竞技体育领域，归入Other。	occupation_meaning:Insurance broker：明确的日常服务、一般劳动或小规模商业经营职责	"[""Other""]"	bhht_semantic_batch_3
333	Television Show Host	Culture	resolved	medium	“Television Show Host”所指工作核心是采访、撰写、编辑、评论或向公众传播文化/媒体内容，属于文化生产、表演或传播职能，归入Culture。	occupation_meaning:Television Show Host：文化创作、表演、媒体传播或文化产品制作/发行职责	"[""Culture""]"	bhht_semantic_batch_3
338	Game designer	Culture	resolved	high	A game designer creates rules, mechanics, and player experience for games; this is design of cultural products, not a competitive player.	occupation_meaning:Game designer：文化创作、表演、媒体传播或文化产品制作/发行职责	"[""Culture""]"	bhht_semantic_batch_3
341	Rescue		needs_context	low	“Rescue” names an activity or event rather than a defined occupational role.	occupation_meaning:Rescue：仅凭词项无法确定稳定职业职责	[]	bhht_semantic_batch_3
351	Investment Banker	Leadership	resolved	high	“Investment Banker”的职责是承担机构治理、金融资本配置、商业经营管理或政治公共事务职责，对应公共治理、法律/军事/宗教权威或企业金融领导，归入Leadership。	occupation_meaning:Investment Banker：治理、法律、军职、宗教权威、外交或企业金融管理职责	"[""Leadership""]"	bhht_semantic_batch_3
354	Televangelist	Leadership	resolved	high	“Televangelist”的职责是担任宗教组织的教职、权威或带领信众，对应公共治理、法律/军事/宗教权威或企业金融领导，归入Leadership。	occupation_meaning:Televangelist：治理、法律、军职、宗教权威、外交或企业金融管理职责	"[""Leadership""]"	bhht_semantic_batch_3
358	Naval Officer	Leadership	resolved	high	“Naval Officer”的职责是在军队或公共安全体系履行指挥、军职或执法责任，对应公共治理、法律/军事/宗教权威或企业金融领导，归入Leadership。	occupation_meaning:Naval Officer：治理、法律、军职、宗教权威、外交或企业金融管理职责	"[""Leadership""]"	bhht_semantic_batch_3
367	Media proprietor	Culture	resolved	high	A media proprietor owns or controls media outlets and their publishing/broadcast operations, a culture-industry function.	occupation_meaning:Media proprietor：文化创作、表演、媒体传播或文化产品制作/发行职责	"[""Culture""]"	bhht_semantic_batch_3
376	Graphic Artist	Culture	resolved	medium	“Graphic Artist”所指工作核心是创作或呈现艺术作品/现场表演，职业产出面向文化受众，属于文化生产、表演或传播职能，归入Culture。	occupation_meaning:Graphic Artist：文化创作、表演、媒体传播或文化产品制作/发行职责	"[""Culture""]"	bhht_semantic_batch_3
386	Civil rights activist	Leadership	resolved	high	“Civil rights activist”的职责是参与公共政策、政治组织、外交或社会倡议的决策和协调，对应公共治理、法律/军事/宗教权威或企业金融领导，归入Leadership。	occupation_meaning:Civil rights activist：治理、法律、军职、宗教权威、外交或企业金融管理职责	"[""Leadership""]"	bhht_semantic_batch_3
392	Factory worker	Other	resolved	medium	“Factory worker”是提供标题所指的日常服务、运输、维修、照护、手工业或一般商业服务的职业称谓，不属于艺术文化、科学技术、公共权力或竞技体育领域，归入Other。	occupation_meaning:Factory worker：明确的日常服务、一般劳动或小规模商业经营职责	"[""Other""]"	bhht_semantic_batch_3
400	Industrial designer	Culture	resolved	high	An industrial designer develops the form and usability of manufactured products; this is design practice, not corporate leadership.	occupation_meaning:Industrial designer：文化创作、表演、媒体传播或文化产品制作/发行职责	"[""Culture""]"	bhht_semantic_batch_3
404	Stagehand	Culture	resolved	medium	“Stagehand”所指工作核心是支持或统筹影视、广播、音乐及其他文化内容的制作、技术实现或发行，属于文化生产、表演或传播职能，归入Culture。	occupation_meaning:Stagehand：文化创作、表演、媒体传播或文化产品制作/发行职责	"[""Culture""]"	bhht_semantic_batch_3
408	Property caretaker	Other	resolved	medium	“Property caretaker”是提供标题所指的日常服务、运输、维修、照护、手工业或一般商业服务的职业称谓，不属于艺术文化、科学技术、公共权力或竞技体育领域，归入Other。	occupation_meaning:Property caretaker：明确的日常服务、一般劳动或小规模商业经营职责	"[""Other""]"	bhht_semantic_batch_3
412	Bobsleigher	Sports/Games	resolved	high	“Bobsleigher”的工作直接围绕体育训练、竞技或比赛规则展开，具体职责是作为选手参加有规则的体育项目训练和竞技，归入Sports/Games。	occupation_meaning:Bobsleigher：体育/武术训练、竞技、执裁或队伍管理职责	"[""Sports/Games""]"	bhht_semantic_batch_3
420	Veterinary physician	Discovery/Science	resolved	medium	“Veterinary physician”从事的核心职责是运用医学专业知识提供诊断、治疗、护理或健康服务，其工作属于知识发现、学术/医疗或技术开发，归入Discovery/Science。	occupation_meaning:Veterinary physician：科学研究、专业教育、医疗服务或工程技术开发职责	"[""Discovery/Science""]"	bhht_semantic_batch_3
425	Vocal coach	Culture	resolved	medium	“Vocal coach”所指工作核心是提供明确的艺术、媒体或文化产业创作与制作服务，属于文化生产、表演或传播职能，归入Culture。	occupation_meaning:Vocal coach：文化创作、表演、媒体传播或文化产品制作/发行职责	"[""Culture""]"	bhht_semantic_batch_3
428	Fitness professional	Sports/Games	resolved	high	“Fitness professional”的工作直接围绕体育训练、竞技或比赛规则展开，具体职责是参与体育项目的训练、竞技或赛事组织，归入Sports/Games。	occupation_meaning:Fitness professional：体育/武术训练、竞技、执裁或队伍管理职责	"[""Sports/Games""]"	bhht_semantic_batch_3
431	SEO Professional	Other	resolved	high	An SEO professional improves how websites are indexed and ranked in search services; this is a specialized digital marketing service.	occupation_meaning:SEO Professional：明确的日常服务、一般劳动或小规模商业经营职责	"[""Other""]"	bhht_semantic_batch_3
434	Academician	Discovery/Science	resolved	medium	“Academician”从事的核心职责是从事专业教学、技术设计开发、测试或学术研究，其工作属于知识发现、学术/医疗或技术开发，归入Discovery/Science。	occupation_meaning:Academician：科学研究、专业教育、医疗服务或工程技术开发职责	"[""Discovery/Science""]"	bhht_semantic_batch_3
438	Holy Roman Emperor	Leadership	resolved	high	“Holy Roman Emperor”的职责是承载王室/贵族身份或宫廷职务所赋予的治理、礼仪权责，对应公共治理、法律/军事/宗教权威或企业金融领导，归入Leadership。	occupation_meaning:Holy Roman Emperor：治理、法律、军职、宗教权威、外交或企业金融管理职责	"[""Leadership""]"	bhht_semantic_batch_3
446	Cab Driver	Other	resolved	medium	“Cab Driver”是提供标题所指的日常服务、运输、维修、照护、手工业或一般商业服务的职业称谓，不属于艺术文化、科学技术、公共权力或竞技体育领域，归入Other。	occupation_meaning:Cab Driver：明确的日常服务、一般劳动或小规模商业经营职责	"[""Other""]"	bhht_semantic_batch_3
452	Ethnographer	Discovery/Science	resolved	medium	“Ethnographer”从事的核心职责是开展该学科的研究、证据分析与知识产出，其工作属于知识发现、学术/医疗或技术开发，归入Discovery/Science。	occupation_meaning:Ethnographer：科学研究、专业教育、医疗服务或工程技术开发职责	"[""Discovery/Science""]"	bhht_semantic_batch_3
460	Chemical engineer	Discovery/Science	resolved	medium	“Chemical engineer”从事的核心职责是从事专业教学、技术设计开发、测试或学术研究，其工作属于知识发现、学术/医疗或技术开发，归入Discovery/Science。	occupation_meaning:Chemical engineer：科学研究、专业教育、医疗服务或工程技术开发职责	"[""Discovery/Science""]"	bhht_semantic_batch_3
465	Film Historian	Discovery/Science	resolved	high	Researches and interprets the history of cinema using films, records, and archives; the work is historical scholarship.	occupation_meaning:Film Historian：科学研究、专业教育、医疗服务或工程技术开发职责	"[""Discovery/Science""]"	bhht_semantic_batch_3
469	Storyboard Artist	Culture	resolved	medium	“Storyboard Artist”所指工作核心是创作或呈现艺术作品/现场表演，职业产出面向文化受众，属于文化生产、表演或传播职能，归入Culture。	occupation_meaning:Storyboard Artist：文化创作、表演、媒体传播或文化产品制作/发行职责	"[""Culture""]"	bhht_semantic_batch_3
474	Circus Performer	Culture	resolved	medium	“Circus Performer”所指工作核心是创作或呈现艺术作品/现场表演，职业产出面向文化受众，属于文化生产、表演或传播职能，归入Culture。	occupation_meaning:Circus Performer：文化创作、表演、媒体传播或文化产品制作/发行职责	"[""Culture""]"	bhht_semantic_batch_3
479	Recording Engineer (Film job)	Culture	resolved	high	Captures, edits, and balances dialogue and other sound recorded for film production; the explicit film modifier makes this a film-sound production occupation.	occupation_meaning:Recording Engineer (Film job)：文化创作、表演、媒体传播或文化产品制作/发行职责	"[""Culture""]"	bhht_semantic_batch_3
482	Special Effects Artist	Culture	resolved	medium	“Special Effects Artist”所指工作核心是创作或呈现艺术作品/现场表演，职业产出面向文化受众，属于文化生产、表演或传播职能，归入Culture。	occupation_meaning:Special Effects Artist：文化创作、表演、媒体传播或文化产品制作/发行职责	"[""Culture""]"	bhht_semantic_batch_3
490	Rail transport worker	Other	resolved	medium	“Rail transport worker”是提供标题所指的日常服务、运输、维修、照护、手工业或一般商业服务的职业称谓，不属于艺术文化、科学技术、公共权力或竞技体育领域，归入Other。	occupation_meaning:Rail transport worker：明确的日常服务、一般劳动或小规模商业经营职责	"[""Other""]"	bhht_semantic_batch_3
498	Remixer	Culture	resolved	medium	“Remixer”所指工作核心是提供明确的艺术、媒体或文化产业创作与制作服务，属于文化生产、表演或传播职能，归入Culture。	occupation_meaning:Remixer：文化创作、表演、媒体传播或文化产品制作/发行职责	"[""Culture""]"	bhht_semantic_batch_3
504	Artistic Director	Culture	resolved	medium	“Artistic Director”所指工作核心是创作或呈现艺术作品/现场表演，职业产出面向文化受众，属于文化生产、表演或传播职能，归入Culture。	occupation_meaning:Artistic Director：文化创作、表演、媒体传播或文化产品制作/发行职责	"[""Culture""]"	bhht_semantic_batch_3
512	Digital Marketer	Other	resolved	high	Plans and runs online promotion through search, web content, and paid digital channels; this is a marketing service role rather than general corporate leadership.	occupation_meaning:Digital Marketer：明确的日常服务、一般劳动或小规模商业经营职责	"[""Other""]"	bhht_semantic_batch_3
516	Skateboarder	Sports/Games	resolved	high	“Skateboarder”的工作直接围绕体育训练、竞技或比赛规则展开，具体职责是参与体育项目的训练、竞技或赛事组织，归入Sports/Games。	occupation_meaning:Skateboarder：体育/武术训练、竞技、执裁或队伍管理职责	"[""Sports/Games""]"	bhht_semantic_batch_3
522	Video Game Producer	Culture	resolved	medium	“Video Game Producer”所指工作核心是支持或统筹影视、广播、音乐及其他文化内容的制作、技术实现或发行，属于文化生产、表演或传播职能，归入Culture。	occupation_meaning:Video Game Producer：文化创作、表演、媒体传播或文化产品制作/发行职责	"[""Culture""]"	bhht_semantic_batch_3
526	Structural engineer	Discovery/Science	resolved	medium	“Structural engineer”从事的核心职责是从事专业教学、技术设计开发、测试或学术研究，其工作属于知识发现、学术/医疗或技术开发，归入Discovery/Science。	occupation_meaning:Structural engineer：科学研究、专业教育、医疗服务或工程技术开发职责	"[""Discovery/Science""]"	bhht_semantic_batch_3
538	Sound Technician	Culture	resolved	medium	“Sound Technician”所指工作核心是支持或统筹影视、广播、音乐及其他文化内容的制作、技术实现或发行，属于文化生产、表演或传播职能，归入Culture。	occupation_meaning:Sound Technician：文化创作、表演、媒体传播或文化产品制作/发行职责	"[""Culture""]"	bhht_semantic_batch_3
546	Ballroom Dancer	Culture	resolved	medium	“Ballroom Dancer”所指工作核心是创作或呈现艺术作品/现场表演，职业产出面向文化受众，属于文化生产、表演或传播职能，归入Culture。	occupation_meaning:Ballroom Dancer：文化创作、表演、媒体传播或文化产品制作/发行职责	"[""Culture""]"	bhht_semantic_batch_3
550	General contractor	Other	resolved	medium	“General contractor”是提供标题所指的日常服务、运输、维修、照护、手工业或一般商业服务的职业称谓，不属于艺术文化、科学技术、公共权力或竞技体育领域，归入Other。	occupation_meaning:General contractor：明确的日常服务、一般劳动或小规模商业经营职责	"[""Other""]"	bhht_semantic_batch_3
555	ADR Director	Culture	resolved	medium	“ADR Director”所指工作核心是支持或统筹影视、广播、音乐及其他文化内容的制作、技术实现或发行，属于文化生产、表演或传播职能，归入Culture。	occupation_meaning:ADR Director：文化创作、表演、媒体传播或文化产品制作/发行职责	"[""Culture""]"	bhht_semantic_batch_3
559	Showman	Culture	resolved	medium	“Showman”所指工作核心是提供明确的艺术、媒体或文化产业创作与制作服务，属于文化生产、表演或传播职能，归入Culture。	occupation_meaning:Showman：文化创作、表演、媒体传播或文化产品制作/发行职责	"[""Culture""]"	bhht_semantic_batch_3
563	Clinical psychologist	Discovery/Science	resolved	medium	“Clinical psychologist”从事的核心职责是以专门科学知识、学术研究、医疗服务或工程技术为主要职责，其工作属于知识发现、学术/医疗或技术开发，归入Discovery/Science。	occupation_meaning:Clinical psychologist：科学研究、专业教育、医疗服务或工程技术开发职责	"[""Discovery/Science""]"	bhht_semantic_batch_3
566	Children's book author	Culture	resolved	medium	“Children's book author”所指工作核心是提供明确的艺术、媒体或文化产业创作与制作服务，属于文化生产、表演或传播职能，归入Culture。	occupation_meaning:Children's book author：文化创作、表演、媒体传播或文化产品制作/发行职责	"[""Culture""]"	bhht_semantic_batch_3
569	Child model	Culture	resolved	medium	“Child model”所指工作核心是提供明确的艺术、媒体或文化产业创作与制作服务，属于文化生产、表演或传播职能，归入Culture。	occupation_meaning:Child model：文化创作、表演、媒体传播或文化产品制作/发行职责	"[""Culture""]"	bhht_semantic_batch_3
577	EMS Professional	Other	resolved	medium	“EMS Professional”是提供标题所指的日常服务、运输、维修、照护、手工业或一般商业服务的职业称谓，不属于艺术文化、科学技术、公共权力或竞技体育领域，归入Other。	occupation_meaning:EMS Professional：明确的日常服务、一般劳动或小规模商业经营职责	"[""Other""]"	bhht_semantic_batch_3
583	Search Engine Optimization		needs_context	low	This names a marketing/technical discipline rather than a specific occupational post.	occupation_meaning:Search Engine Optimization：仅凭词项无法确定稳定职业职责	[]	bhht_semantic_batch_3
586	Venture capitalist	Leadership	resolved	high	“Venture capitalist”的职责是承担机构治理、金融资本配置、商业经营管理或政治公共事务职责，对应公共治理、法律/军事/宗教权威或企业金融领导，归入Leadership。	occupation_meaning:Venture capitalist：治理、法律、军职、宗教权威、外交或企业金融管理职责	"[""Leadership""]"	bhht_semantic_batch_3
591	High Priest	Leadership	resolved	high	“High Priest”的职责是担任宗教组织的教职、权威或带领信众，对应公共治理、法律/军事/宗教权威或企业金融领导，归入Leadership。	occupation_meaning:High Priest：治理、法律、军职、宗教权威、外交或企业金融管理职责	"[""Leadership""]"	bhht_semantic_batch_3
595	Medic	Discovery/Science	resolved	medium	“Medic”从事的核心职责是以专门科学知识、学术研究、医疗服务或工程技术为主要职责，其工作属于知识发现、学术/医疗或技术开发，归入Discovery/Science。	occupation_meaning:Medic：科学研究、专业教育、医疗服务或工程技术开发职责	"[""Discovery/Science""]"	bhht_semantic_batch_3
598	Tutor	Discovery/Science	resolved	medium	“Tutor”从事的核心职责是以专门科学知识、学术研究、医疗服务或工程技术为主要职责，其工作属于知识发现、学术/医疗或技术开发，归入Discovery/Science。	occupation_meaning:Tutor：科学研究、专业教育、医疗服务或工程技术开发职责	"[""Discovery/Science""]"	bhht_semantic_batch_3
604	Political Consultant	Leadership	resolved	high	“Political Consultant”的职责是参与公共政策、政治组织、外交或社会倡议的决策和协调，对应公共治理、法律/军事/宗教权威或企业金融领导，归入Leadership。	occupation_meaning:Political Consultant：治理、法律、军职、宗教权威、外交或企业金融管理职责	"[""Leadership""]"	bhht_semantic_batch_3
610	Bishop (Religious Leadership Title) #112	Leadership	resolved	high	“Bishop (Religious Leadership Title) #112”的职责是担任宗教组织的教职、权威或带领信众，对应公共治理、法律/军事/宗教权威或企业金融领导，归入Leadership。 词项中的编号及/或“(Profession)”是数据库区分标记，不改变该职业的职责含义。	occupation_meaning:Bishop (Religious Leadership Title) #112：治理、法律、军职、宗教权威、外交或企业金融管理职责	"[""Leadership""]"	bhht_semantic_batch_3
613	Shadetree mechanic	Other	resolved	medium	“Shadetree mechanic”是提供标题所指的日常服务、运输、维修、照护、手工业或一般商业服务的职业称谓，不属于艺术文化、科学技术、公共权力或竞技体育领域，归入Other。	occupation_meaning:Shadetree mechanic：明确的日常服务、一般劳动或小规模商业经营职责	"[""Other""]"	bhht_semantic_batch_3
618	Military engineer	Discovery/Science	resolved	medium	“Military engineer”从事的核心职责是从事专业教学、技术设计开发、测试或学术研究，其工作属于知识发现、学术/医疗或技术开发，归入Discovery/Science。	occupation_meaning:Military engineer：科学研究、专业教育、医疗服务或工程技术开发职责	"[""Discovery/Science""]"	bhht_semantic_batch_3
624	Public intellectual	Culture	resolved	medium	“Public intellectual”所指工作核心是提供明确的艺术、媒体或文化产业创作与制作服务，属于文化生产、表演或传播职能，归入Culture。	occupation_meaning:Public intellectual：文化创作、表演、媒体传播或文化产品制作/发行职责	"[""Culture""]"	bhht_semantic_batch_3
633	Governess	Other	resolved	high	A governess lives with or works for a household to supervise and educate children.	occupation_meaning:Governess：明确的日常服务、一般劳动或小规模商业经营职责	"[""Other""]"	bhht_semantic_batch_3
638	/m/02h65y5		needs_context	low	This is an opaque Freebase identifier without a human-readable occupation label.	occupation_meaning:/m/02h65y5：仅凭词项无法确定稳定职业职责	[]	bhht_semantic_batch_3
643	Professional Wrestling Referee	Sports/Games	resolved	high	“Professional Wrestling Referee”的工作直接围绕体育训练、竞技或比赛规则展开，具体职责是依据项目规则执裁并维护比赛秩序，归入Sports/Games。	occupation_meaning:Professional Wrestling Referee：体育/武术训练、竞技、执裁或队伍管理职责	"[""Sports/Games""]"	bhht_semantic_batch_3
648	Tenant farmer	Other	resolved	medium	“Tenant farmer”是提供标题所指的日常服务、运输、维修、照护、手工业或一般商业服务的职业称谓，不属于艺术文化、科学技术、公共权力或竞技体育领域，归入Other。	occupation_meaning:Tenant farmer：明确的日常服务、一般劳动或小规模商业经营职责	"[""Other""]"	bhht_semantic_batch_3
652	Webmaster	Discovery/Science	resolved	medium	“Webmaster”从事的核心职责是以专门科学知识、学术研究、医疗服务或工程技术为主要职责，其工作属于知识发现、学术/医疗或技术开发，归入Discovery/Science。	occupation_meaning:Webmaster：科学研究、专业教育、医疗服务或工程技术开发职责	"[""Discovery/Science""]"	bhht_semantic_batch_3
655	Ethnomusicologist	Discovery/Science	resolved	medium	“Ethnomusicologist”从事的核心职责是开展该学科的研究、证据分析与知识产出，其工作属于知识发现、学术/医疗或技术开发，归入Discovery/Science。	occupation_meaning:Ethnomusicologist：科学研究、专业教育、医疗服务或工程技术开发职责	"[""Discovery/Science""]"	bhht_semantic_batch_3
661	Evolutionary Biologist	Discovery/Science	resolved	medium	“Evolutionary Biologist”从事的核心职责是开展该学科的研究、证据分析与知识产出，其工作属于知识发现、学术/医疗或技术开发，归入Discovery/Science。	occupation_meaning:Evolutionary Biologist：科学研究、专业教育、医疗服务或工程技术开发职责	"[""Discovery/Science""]"	bhht_semantic_batch_3
664	Switchboard operator	Other	resolved	medium	“Switchboard operator”是提供标题所指的日常服务、运输、维修、照护、手工业或一般商业服务的职业称谓，不属于艺术文化、科学技术、公共权力或竞技体育领域，归入Other。	occupation_meaning:Switchboard operator：明确的日常服务、一般劳动或小规模商业经营职责	"[""Other""]"	bhht_semantic_batch_3
669	Kindergarten Teacher	Discovery/Science	resolved	medium	“Kindergarten Teacher”从事的核心职责是从事专业教学、技术设计开发、测试或学术研究，其工作属于知识发现、学术/医疗或技术开发，归入Discovery/Science。	occupation_meaning:Kindergarten Teacher：科学研究、专业教育、医疗服务或工程技术开发职责	"[""Discovery/Science""]"	bhht_semantic_batch_3
674	Mail carrier	Other	resolved	medium	“Mail carrier”是提供标题所指的日常服务、运输、维修、照护、手工业或一般商业服务的职业称谓，不属于艺术文化、科学技术、公共权力或竞技体育领域，归入Other。	occupation_meaning:Mail carrier：明确的日常服务、一般劳动或小规模商业经营职责	"[""Other""]"	bhht_semantic_batch_3
678	Military Leader	Leadership	resolved	high	“Military Leader”的职责是在军队或公共安全体系履行指挥、军职或执法责任，对应公共治理、法律/军事/宗教权威或企业金融领导，归入Leadership。	occupation_meaning:Military Leader：治理、法律、军职、宗教权威、外交或企业金融管理职责	"[""Leadership""]"	bhht_semantic_batch_3
682	Bus driver	Other	resolved	medium	“Bus driver”是提供标题所指的日常服务、运输、维修、照护、手工业或一般商业服务的职业称谓，不属于艺术文化、科学技术、公共权力或竞技体育领域，归入Other。	occupation_meaning:Bus driver：明确的日常服务、一般劳动或小规模商业经营职责	"[""Other""]"	bhht_semantic_batch_3
685	Conservator-restorer	Culture	resolved	medium	“Conservator-restorer”所指工作核心是提供明确的艺术、媒体或文化产业创作与制作服务，属于文化生产、表演或传播职能，归入Culture。	occupation_meaning:Conservator-restorer：文化创作、表演、媒体传播或文化产品制作/发行职责	"[""Culture""]"	bhht_semantic_batch_3
689	Interior Decorator	Culture	resolved	medium	“Interior Decorator”所指工作核心是提供明确的艺术、媒体或文化产业创作与制作服务，属于文化生产、表演或传播职能，归入Culture。	occupation_meaning:Interior Decorator：文化创作、表演、媒体传播或文化产品制作/发行职责	"[""Culture""]"	bhht_semantic_batch_3
695	Geophysicist	Discovery/Science	resolved	medium	“Geophysicist”从事的核心职责是开展该学科的研究、证据分析与知识产出，其工作属于知识发现、学术/医疗或技术开发，归入Discovery/Science。	occupation_meaning:Geophysicist：科学研究、专业教育、医疗服务或工程技术开发职责	"[""Discovery/Science""]"	bhht_semantic_batch_3
698	Property Master	Culture	resolved	medium	“Property Master”所指工作核心是支持或统筹影视、广播、音乐及其他文化内容的制作、技术实现或发行，属于文化生产、表演或传播职能，归入Culture。	occupation_meaning:Property Master：文化创作、表演、媒体传播或文化产品制作/发行职责	"[""Culture""]"	bhht_semantic_batch_3
702	Son of the Storm God		needs_context	low	This reads as a mythic/kinship epithet rather than a defined occupation, and its referent is not specified.	occupation_meaning:Son of the Storm God：仅凭词项无法确定稳定职业职责	[]	bhht_semantic_batch_3
709	Theoretical Physicist	Discovery/Science	resolved	medium	“Theoretical Physicist”从事的核心职责是开展该学科的研究、证据分析与知识产出，其工作属于知识发现、学术/医疗或技术开发，归入Discovery/Science。	occupation_meaning:Theoretical Physicist：科学研究、专业教育、医疗服务或工程技术开发职责	"[""Discovery/Science""]"	bhht_semantic_batch_3
715	Patent attorney	Leadership	resolved	high	“Patent attorney”的职责是提供法律意见、代理当事人或行使司法/公证职权，对应公共治理、法律/军事/宗教权威或企业金融领导，归入Leadership。	occupation_meaning:Patent attorney：治理、法律、军职、宗教权威、外交或企业金融管理职责	"[""Leadership""]"	bhht_semantic_batch_3
718	Sideman	Culture	resolved	medium	“Sideman”所指工作核心是提供明确的艺术、媒体或文化产业创作与制作服务，属于文化生产、表演或传播职能，归入Culture。	occupation_meaning:Sideman：文化创作、表演、媒体传播或文化产品制作/发行职责	"[""Culture""]"	bhht_semantic_batch_3
722	Music Historian	Discovery/Science	resolved	high	Researches and writes about the history of music and musical traditions; the work is historical scholarship, not music performance.	occupation_meaning:Music Historian：科学研究、专业教育、医疗服务或工程技术开发职责	"[""Discovery/Science""]"	bhht_semantic_batch_3
725	Retired		needs_context	low	Retirement is an employment status and gives no information about the person’s former occupation.	occupation_meaning:Retired：仅凭词项无法确定稳定职业职责	[]	bhht_semantic_batch_3
731	Radio writer	Culture	resolved	medium	“Radio writer”所指工作核心是采访、撰写、编辑、评论或向公众传播文化/媒体内容，属于文化生产、表演或传播职能，归入Culture。	occupation_meaning:Radio writer：文化创作、表演、媒体传播或文化产品制作/发行职责	"[""Culture""]"	bhht_semantic_batch_3
735	Level 10 gymnast	Sports/Games	resolved	high	“Level 10 gymnast”的工作直接围绕体育训练、竞技或比赛规则展开，具体职责是作为选手参加有规则的体育项目训练和竞技，归入Sports/Games。	occupation_meaning:Level 10 gymnast：体育/武术训练、竞技、执裁或队伍管理职责	"[""Sports/Games""]"	bhht_semantic_batch_3
738	Ecologist	Discovery/Science	resolved	medium	“Ecologist”从事的核心职责是开展该学科的研究、证据分析与知识产出，其工作属于知识发现、学术/医疗或技术开发，归入Discovery/Science。	occupation_meaning:Ecologist：科学研究、专业教育、医疗服务或工程技术开发职责	"[""Discovery/Science""]"	bhht_semantic_batch_3
741	Video Artist	Culture	resolved	medium	“Video Artist”所指工作核心是创作或呈现艺术作品/现场表演，职业产出面向文化受众，属于文化生产、表演或传播职能，归入Culture。	occupation_meaning:Video Artist：文化创作、表演、媒体传播或文化产品制作/发行职责	"[""Culture""]"	bhht_semantic_batch_3
745	Aerialist	Culture	resolved	medium	“Aerialist”所指工作核心是创作或呈现艺术作品/现场表演，职业产出面向文化受众，属于文化生产、表演或传播职能，归入Culture。	occupation_meaning:Aerialist：文化创作、表演、媒体传播或文化产品制作/发行职责	"[""Culture""]"	bhht_semantic_batch_3
748	Fine art artist	Culture	resolved	medium	“Fine art artist”所指工作核心是创作或呈现艺术作品/现场表演，职业产出面向文化受众，属于文化生产、表演或传播职能，归入Culture。	occupation_meaning:Fine art artist：文化创作、表演、媒体传播或文化产品制作/发行职责	"[""Culture""]"	bhht_semantic_batch_3
751	Groom of the Stool	Other	resolved	high	The historical court office attended the monarch and evolved into a privileged royal household/administrative post; this particular court title is treated as a household service role.	https://en.wikipedia.org/wiki/Groom_of_the_Stool	"[""Other""]"	bhht_semantic_batch_3
756	Building contractor	Other	resolved	medium	“Building contractor”是提供标题所指的日常服务、运输、维修、照护、手工业或一般商业服务的职业称谓，不属于艺术文化、科学技术、公共权力或竞技体育领域，归入Other。	occupation_meaning:Building contractor：明确的日常服务、一般劳动或小规模商业经营职责	"[""Other""]"	bhht_semantic_batch_3
762	Security guard	Other	resolved	medium	“Security guard”是提供标题所指的日常服务、运输、维修、照护、手工业或一般商业服务的职业称谓，不属于艺术文化、科学技术、公共权力或竞技体育领域，归入Other。	occupation_meaning:Security guard：明确的日常服务、一般劳动或小规模商业经营职责	"[""Other""]"	bhht_semantic_batch_3
768	Web Analyst	Discovery/Science	resolved	medium	“Web Analyst”从事的核心职责是以专门科学知识、学术研究、医疗服务或工程技术为主要职责，其工作属于知识发现、学术/医疗或技术开发，归入Discovery/Science。	occupation_meaning:Web Analyst：科学研究、专业教育、医疗服务或工程技术开发职责	"[""Discovery/Science""]"	bhht_semantic_batch_3
776	Sensei	Sports/Games	resolved	high	“Sensei”的工作直接围绕体育训练、竞技或比赛规则展开，具体职责是参与体育项目的训练、竞技或赛事组织，归入Sports/Games。	occupation_meaning:Sensei：体育/武术训练、竞技、执裁或队伍管理职责	"[""Sports/Games""]"	bhht_semantic_batch_3
779	Flight instructor	Discovery/Science	resolved	medium	“Flight instructor”从事的核心职责是从事专业教学、技术设计开发、测试或学术研究，其工作属于知识发现、学术/医疗或技术开发，归入Discovery/Science。	occupation_meaning:Flight instructor：科学研究、专业教育、医疗服务或工程技术开发职责	"[""Discovery/Science""]"	bhht_semantic_batch_3
783	Sports analyst	Culture	resolved	high	A sports analyst interprets games, tactics, and performance for media audiences; commentary is a cultural/media function.	occupation_meaning:Sports analyst：文化创作、表演、媒体传播或文化产品制作/发行职责	"[""Culture""]"	bhht_semantic_batch_3
788	Media consultant	Culture	resolved	medium	“Media consultant”所指工作核心是提供明确的艺术、媒体或文化产业创作与制作服务，属于文化生产、表演或传播职能，归入Culture。	occupation_meaning:Media consultant：文化创作、表演、媒体传播或文化产品制作/发行职责	"[""Culture""]"	bhht_semantic_batch_3
793	Foley Artist	Culture	resolved	medium	“Foley Artist”所指工作核心是创作或呈现艺术作品/现场表演，职业产出面向文化受众，属于文化生产、表演或传播职能，归入Culture。	occupation_meaning:Foley Artist：文化创作、表演、媒体传播或文化产品制作/发行职责	"[""Culture""]"	bhht_semantic_batch_3
796	Animal training		needs_context	low	This names a field or activity, not a specific occupational title; trainer, researcher, and performance contexts remain possible.	occupation_meaning:Animal training：仅凭词项无法确定稳定职业职责	[]	bhht_semantic_batch_3
801	Lady-in-waiting	Leadership	resolved	high	“Lady-in-waiting”的职责是承载王室/贵族身份或宫廷职务所赋予的治理、礼仪权责，对应公共治理、法律/军事/宗教权威或企业金融领导，归入Leadership。	occupation_meaning:Lady-in-waiting：治理、法律、军职、宗教权威、外交或企业金融管理职责	"[""Leadership""]"	bhht_semantic_batch_3
805	Engineering technologist	Discovery/Science	resolved	medium	“Engineering technologist”从事的核心职责是从事专业教学、技术设计开发、测试或学术研究，其工作属于知识发现、学术/医疗或技术开发，归入Discovery/Science。	occupation_meaning:Engineering technologist：科学研究、专业教育、医疗服务或工程技术开发职责	"[""Discovery/Science""]"	bhht_semantic_batch_3
810	Music Journalist	Culture	resolved	medium	“Music Journalist”所指工作核心是采访、撰写、编辑、评论或向公众传播文化/媒体内容，属于文化生产、表演或传播职能，归入Culture。	occupation_meaning:Music Journalist：文化创作、表演、媒体传播或文化产品制作/发行职责	"[""Culture""]"	bhht_semantic_batch_3
813	Cossack	Leadership	resolved	high	“Cossack”的职责是在军队或公共安全体系履行指挥、军职或执法责任，对应公共治理、法律/军事/宗教权威或企业金融领导，归入Leadership。	occupation_meaning:Cossack：治理、法律、军职、宗教权威、外交或企业金融管理职责	"[""Leadership""]"	bhht_semantic_batch_3
816	Multimedia artist	Culture	resolved	medium	“Multimedia artist”所指工作核心是创作或呈现艺术作品/现场表演，职业产出面向文化受众，属于文化生产、表演或传播职能，归入Culture。	occupation_meaning:Multimedia artist：文化创作、表演、媒体传播或文化产品制作/发行职责	"[""Culture""]"	bhht_semantic_batch_3
821	Textile designer	Culture	resolved	medium	“Textile designer”所指工作核心是创作或呈现艺术作品/现场表演，职业产出面向文化受众，属于文化生产、表演或传播职能，归入Culture。	occupation_meaning:Textile designer：文化创作、表演、媒体传播或文化产品制作/发行职责	"[""Culture""]"	bhht_semantic_batch_3
824	Raconteur	Culture	resolved	medium	“Raconteur”所指工作核心是采访、撰写、编辑、评论或向公众传播文化/媒体内容，属于文化生产、表演或传播职能，归入Culture。	occupation_meaning:Raconteur：文化创作、表演、媒体传播或文化产品制作/发行职责	"[""Culture""]"	bhht_semantic_batch_3
827	Canon		needs_context	low	Canon may mean a church officeholder or a recognized body/standard in other contexts; the bare term does not establish the role.	occupation_meaning:Canon：仅凭词项无法确定稳定职业职责	"[""Leadership"",""Discovery/Science""]"	bhht_semantic_batch_3
831	m/0513qg_		needs_context	low	This is an opaque Freebase identifier without a human-readable occupation label.	occupation_meaning:m/0513qg_：仅凭词项无法确定稳定职业职责	[]	bhht_semantic_batch_3
834	Arts Administrator	Culture	resolved	medium	“Arts Administrator”所指工作核心是支持或统筹影视、广播、音乐及其他文化内容的制作、技术实现或发行，属于文化生产、表演或传播职能，归入Culture。	occupation_meaning:Arts Administrator：文化创作、表演、媒体传播或文化产品制作/发行职责	"[""Culture""]"	bhht_semantic_batch_3
840	Japanese idol	Culture	resolved	medium	“Japanese idol”所指工作核心是创作或呈现艺术作品/现场表演，职业产出面向文化受众，属于文化生产、表演或传播职能，归入Culture。	occupation_meaning:Japanese idol：文化创作、表演、媒体传播或文化产品制作/发行职责	"[""Culture""]"	bhht_semantic_batch_3
846	Military aviator	Leadership	resolved	high	“Military aviator”的职责是在军队或公共安全体系履行指挥、军职或执法责任，对应公共治理、法律/军事/宗教权威或企业金融领导，归入Leadership。	occupation_meaning:Military aviator：治理、法律、军职、宗教权威、外交或企业金融管理职责	"[""Leadership""]"	bhht_semantic_batch_3
849	Choreography	Culture	resolved	medium	“Choreography”所指工作核心是提供明确的艺术、媒体或文化产业创作与制作服务，属于文化生产、表演或传播职能，归入Culture。	occupation_meaning:Choreography：文化创作、表演、媒体传播或文化产品制作/发行职责	"[""Culture""]"	bhht_semantic_batch_3
852	Special Effects Supervisor	Culture	resolved	medium	“Special Effects Supervisor”所指工作核心是支持或统筹影视、广播、音乐及其他文化内容的制作、技术实现或发行，属于文化生产、表演或传播职能，归入Culture。	occupation_meaning:Special Effects Supervisor：文化创作、表演、媒体传播或文化产品制作/发行职责	"[""Culture""]"	bhht_semantic_batch_3
858	Game creator	Culture	resolved	high	A game creator develops a game as an authored entertainment product; the label describes creation, not playing or managing a sports team.	occupation_meaning:Game creator：文化创作、表演、媒体传播或文化产品制作/发行职责	"[""Culture""]"	bhht_semantic_batch_3
863	SEO Professional (Profession) #1	Other	resolved	high	The profession-number suffix is a Freebase disambiguator; search-engine optimization work improves site visibility in search results. 词项中的编号及/或“(Profession)”是数据库区分标记，不改变该职业的职责含义。	occupation_meaning:SEO Professional (Profession) #1：明确的日常服务、一般劳动或小规模商业经营职责	"[""Other""]"	bhht_semantic_batch_3
866	Drama Coach	Culture	resolved	medium	“Drama Coach”所指工作核心是提供明确的艺术、媒体或文化产业创作与制作服务，属于文化生产、表演或传播职能，归入Culture。	occupation_meaning:Drama Coach：文化创作、表演、媒体传播或文化产品制作/发行职责	"[""Culture""]"	bhht_semantic_batch_3
872	Pretty Horsebreaker		needs_context	low	The historical expression has more than one documented sense, from breaking horses to a colloquial social label, so the occupation cannot be fixed safely from this label alone.	https://wehd.com/farmer/Horsebreaker.html	"[""Other"",""Sports/Games""]"	bhht_semantic_batch_3
877	Opera conductor	Culture	resolved	medium	“Opera conductor”所指工作核心是提供明确的艺术、媒体或文化产业创作与制作服务，属于文化生产、表演或传播职能，归入Culture。	occupation_meaning:Opera conductor：文化创作、表演、媒体传播或文化产品制作/发行职责	"[""Culture""]"	bhht_semantic_batch_3
882	Furrier	Other	resolved	medium	“Furrier”是承担明确的日常服务、普通职业劳动或小规模经营职责的职业称谓，不属于艺术文化、科学技术、公共权力或竞技体育领域，归入Other。	occupation_meaning:Furrier：明确的日常服务、一般劳动或小规模商业经营职责	"[""Other""]"	bhht_semantic_batch_3
886	Legal secretary	Other	resolved	medium	“Legal secretary”是承担明确的日常服务、普通职业劳动或小规模经营职责的职业称谓，不属于艺术文化、科学技术、公共权力或竞技体育领域，归入Other。	occupation_meaning:Legal secretary：明确的日常服务、一般劳动或小规模商业经营职责	"[""Other""]"	bhht_semantic_batch_3
890	Entertainment Lawyer	Leadership	resolved	high	“Entertainment Lawyer”的职责是提供法律意见、代理当事人或行使司法/公证职权，对应公共治理、法律/军事/宗教权威或企业金融领导，归入Leadership。	occupation_meaning:Entertainment Lawyer：治理、法律、军职、宗教权威、外交或企业金融管理职责	"[""Leadership""]"	bhht_semantic_batch_3
894	Theoretician	Discovery/Science	resolved	medium	“Theoretician”从事的核心职责是以专门科学知识、学术研究、医疗服务或工程技术为主要职责，其工作属于知识发现、学术/医疗或技术开发，归入Discovery/Science。	occupation_meaning:Theoretician：科学研究、专业教育、医疗服务或工程技术开发职责	"[""Discovery/Science""]"	bhht_semantic_batch_3
898	Personal organizer	Other	resolved	medium	“Personal organizer”是提供标题所指的日常服务、运输、维修、照护、手工业或一般商业服务的职业称谓，不属于艺术文化、科学技术、公共权力或竞技体育领域，归入Other。	occupation_meaning:Personal organizer：明确的日常服务、一般劳动或小规模商业经营职责	"[""Other""]"	bhht_semantic_batch_3
903	Stock trader	Leadership	resolved	high	“Stock trader”的职责是承担机构治理、金融资本配置、商业经营管理或政治公共事务职责，对应公共治理、法律/军事/宗教权威或企业金融领导，归入Leadership。	occupation_meaning:Stock trader：治理、法律、军职、宗教权威、外交或企业金融管理职责	"[""Leadership""]"	bhht_semantic_batch_3
907	Film distributor (Profession)	Culture	resolved	high	A film distributor acquires, markets, and arranges exhibition of films; this is a film-industry role. 词项中的编号及/或“(Profession)”是数据库区分标记，不改变该职业的职责含义。	occupation_meaning:Film distributor (Profession)：文化创作、表演、媒体传播或文化产品制作/发行职责	"[""Culture""]"	bhht_semantic_batch_3
912	Action Director	Culture	resolved	medium	“Action Director”所指工作核心是支持或统筹影视、广播、音乐及其他文化内容的制作、技术实现或发行，属于文化生产、表演或传播职能，归入Culture。	occupation_meaning:Action Director：文化创作、表演、媒体传播或文化产品制作/发行职责	"[""Culture""]"	bhht_semantic_batch_3
915	Cloth merchant	Other	resolved	medium	“Cloth merchant”是提供标题所指的日常服务、运输、维修、照护、手工业或一般商业服务的职业称谓，不属于艺术文化、科学技术、公共权力或竞技体育领域，归入Other。	occupation_meaning:Cloth merchant：明确的日常服务、一般劳动或小规模商业经营职责	"[""Other""]"	bhht_semantic_batch_3
918	Mining Engineer	Discovery/Science	resolved	medium	“Mining Engineer”从事的核心职责是从事专业教学、技术设计开发、测试或学术研究，其工作属于知识发现、学术/医疗或技术开发，归入Discovery/Science。	occupation_meaning:Mining Engineer：科学研究、专业教育、医疗服务或工程技术开发职责	"[""Discovery/Science""]"	bhht_semantic_batch_3
921	Pioneer		needs_context	low	Pioneer may mean an explorer, innovator, or early settler; no specific domain or duties are stated.	occupation_meaning:Pioneer：仅凭词项无法确定稳定职业职责	"[""Discovery/Science"",""Leadership"",""Other""]"	bhht_semantic_batch_3
924	Medical research	Discovery/Science	resolved	medium	“Medical research”从事的核心职责是运用医学专业知识提供诊断、治疗、护理或健康服务，其工作属于知识发现、学术/医疗或技术开发，归入Discovery/Science。	occupation_meaning:Medical research：科学研究、专业教育、医疗服务或工程技术开发职责	"[""Discovery/Science""]"	bhht_semantic_batch_3
928	Neurosurgeon	Discovery/Science	resolved	medium	“Neurosurgeon”从事的核心职责是运用医学专业知识提供诊断、治疗、护理或健康服务，其工作属于知识发现、学术/医疗或技术开发，归入Discovery/Science。	occupation_meaning:Neurosurgeon：科学研究、专业教育、医疗服务或工程技术开发职责	"[""Discovery/Science""]"	bhht_semantic_batch_3
931	Union organizer	Leadership	resolved	high	“Union organizer”的职责是参与公共政策、政治组织、外交或社会倡议的决策和协调，对应公共治理、法律/军事/宗教权威或企业金融领导，归入Leadership。	occupation_meaning:Union organizer：治理、法律、军职、宗教权威、外交或企业金融管理职责	"[""Leadership""]"	bhht_semantic_batch_3
937	Sports Anchor	Culture	resolved	high	A sports anchor presents and reports sports news for television or radio; this is broadcasting/journalism.	occupation_meaning:Sports Anchor：文化创作、表演、媒体传播或文化产品制作/发行职责	"[""Culture""]"	bhht_semantic_batch_3
940	Statistical graphics	Culture	resolved	medium	“Statistical graphics”所指工作核心是提供明确的艺术、媒体或文化产业创作与制作服务，属于文化生产、表演或传播职能，归入Culture。	occupation_meaning:Statistical graphics：文化创作、表演、媒体传播或文化产品制作/发行职责	"[""Culture""]"	bhht_semantic_batch_3
946	Wine Critic	Culture	resolved	medium	“Wine Critic”所指工作核心是采访、撰写、编辑、评论或向公众传播文化/媒体内容，属于文化生产、表演或传播职能，归入Culture。	occupation_meaning:Wine Critic：文化创作、表演、媒体传播或文化产品制作/发行职责	"[""Culture""]"	bhht_semantic_batch_3
950	Haberdasher	Other	resolved	medium	“Haberdasher”是承担明确的日常服务、普通职业劳动或小规模经营职责的职业称谓，不属于艺术文化、科学技术、公共权力或竞技体育领域，归入Other。	occupation_meaning:Haberdasher：明确的日常服务、一般劳动或小规模商业经营职责	"[""Other""]"	bhht_semantic_batch_3
953	Picture editor	Culture	resolved	medium	“Picture editor”所指工作核心是采访、撰写、编辑、评论或向公众传播文化/媒体内容，属于文化生产、表演或传播职能，归入Culture。	occupation_meaning:Picture editor：文化创作、表演、媒体传播或文化产品制作/发行职责	"[""Culture""]"	bhht_semantic_batch_3
957	Minstrel	Culture	resolved	medium	“Minstrel”所指工作核心是创作或呈现艺术作品/现场表演，职业产出面向文化受众，属于文化生产、表演或传播职能，归入Culture。	occupation_meaning:Minstrel：文化创作、表演、媒体传播或文化产品制作/发行职责	"[""Culture""]"	bhht_semantic_batch_3
961	Architectural historian	Discovery/Science	resolved	high	Researches the history, styles, and historical record of buildings and architecture; the role is scholarship rather than architectural design.	occupation_meaning:Architectural historian：科学研究、专业教育、医疗服务或工程技术开发职责	"[""Discovery/Science""]"	bhht_semantic_batch_3
967	Flight engineer	Discovery/Science	resolved	medium	“Flight engineer”从事的核心职责是从事专业教学、技术设计开发、测试或学术研究，其工作属于知识发现、学术/医疗或技术开发，归入Discovery/Science。	occupation_meaning:Flight engineer：科学研究、专业教育、医疗服务或工程技术开发职责	"[""Discovery/Science""]"	bhht_semantic_batch_3
972	Digital Marketing Strategist	Other	resolved	high	Designs online campaign plans and channel priorities for a client or organization; this is marketing strategy, not company governance.	occupation_meaning:Digital Marketing Strategist：明确的日常服务、一般劳动或小规模商业经营职责	"[""Other""]"	bhht_semantic_batch_3
975	Game programmer	Discovery/Science	resolved	medium	“Game programmer”从事的核心职责是从事专业教学、技术设计开发、测试或学术研究，其工作属于知识发现、学术/医疗或技术开发，归入Discovery/Science。	occupation_meaning:Game programmer：科学研究、专业教育、医疗服务或工程技术开发职责	"[""Discovery/Science""]"	bhht_semantic_batch_3
979	Assistant Property Master	Culture	resolved	medium	“Assistant Property Master”所指工作核心是支持或统筹影视、广播、音乐及其他文化内容的制作、技术实现或发行，属于文化生产、表演或传播职能，归入Culture。	occupation_meaning:Assistant Property Master：文化创作、表演、媒体传播或文化产品制作/发行职责	"[""Culture""]"	bhht_semantic_batch_3
983	Political writer	Culture	resolved	high	Writes books, columns, or commentary about political events and ideas; the modifier describes subject matter, not an elected or governmental office.	occupation_meaning:Political writer：文化创作、表演、媒体传播或文化产品制作/发行职责	"[""Culture""]"	bhht_semantic_batch_3
986	Helicopter Pilot		needs_context	low	A helicopter pilot may fly civilian transport or work missions or serve in a military aviation role; the title gives no service context.	occupation_meaning:Helicopter Pilot：仅凭词项无法确定稳定职业职责	"[""Leadership"",""Other""]"	bhht_semantic_batch_3
989	Burlesque stripper	Culture	resolved	medium	“Burlesque stripper”所指工作核心是提供明确的艺术、媒体或文化产业创作与制作服务，属于文化生产、表演或传播职能，归入Culture。	occupation_meaning:Burlesque stripper：文化创作、表演、媒体传播或文化产品制作/发行职责	"[""Culture""]"	bhht_semantic_batch_3
992	Parliamentarian	Leadership	resolved	high	“Parliamentarian”的职责是参与公共政策、政治组织、外交或社会倡议的决策和协调，对应公共治理、法律/军事/宗教权威或企业金融领导，归入Leadership。	occupation_meaning:Parliamentarian：治理、法律、军职、宗教权威、外交或企业金融管理职责	"[""Leadership""]"	bhht_semantic_batch_3
997	Construction Engineer	Discovery/Science	resolved	medium	“Construction Engineer”从事的核心职责是从事专业教学、技术设计开发、测试或学术研究，其工作属于知识发现、学术/医疗或技术开发，归入Discovery/Science。	occupation_meaning:Construction Engineer：科学研究、专业教育、医疗服务或工程技术开发职责	"[""Discovery/Science""]"	bhht_semantic_batch_3
1002	Wildlife biologist	Discovery/Science	resolved	medium	“Wildlife biologist”从事的核心职责是开展该学科的研究、证据分析与知识产出，其工作属于知识发现、学术/医疗或技术开发，归入Discovery/Science。	occupation_meaning:Wildlife biologist：科学研究、专业教育、医疗服务或工程技术开发职责	"[""Discovery/Science""]"	bhht_semantic_batch_3
1005	Information systems technician	Discovery/Science	resolved	medium	“Information systems technician”从事的核心职责是以专门科学知识、学术研究、医疗服务或工程技术为主要职责，其工作属于知识发现、学术/医疗或技术开发，归入Discovery/Science。	occupation_meaning:Information systems technician：科学研究、专业教育、医疗服务或工程技术开发职责	"[""Discovery/Science""]"	bhht_semantic_batch_3
1008	Lighting technician	Culture	resolved	medium	“Lighting technician”所指工作核心是支持或统筹影视、广播、音乐及其他文化内容的制作、技术实现或发行，属于文化生产、表演或传播职能，归入Culture。	occupation_meaning:Lighting technician：文化创作、表演、媒体传播或文化产品制作/发行职责	"[""Culture""]"	bhht_semantic_batch_3
1011	Aeronautical Engineer	Discovery/Science	resolved	medium	“Aeronautical Engineer”从事的核心职责是从事专业教学、技术设计开发、测试或学术研究，其工作属于知识发现、学术/医疗或技术开发，归入Discovery/Science。	occupation_meaning:Aeronautical Engineer：科学研究、专业教育、医疗服务或工程技术开发职责	"[""Discovery/Science""]"	bhht_semantic_batch_3
1014	Pro-life activist	Leadership	resolved	high	“Pro-life activist”的职责是参与公共政策、政治组织、外交或社会倡议的决策和协调，对应公共治理、法律/军事/宗教权威或企业金融领导，归入Leadership。	occupation_meaning:Pro-life activist：治理、法律、军职、宗教权威、外交或企业金融管理职责	"[""Leadership""]"	bhht_semantic_batch_3
1017	Plus-size model	Culture	resolved	medium	“Plus-size model”所指工作核心是提供明确的艺术、媒体或文化产业创作与制作服务，属于文化生产、表演或传播职能，归入Culture。	occupation_meaning:Plus-size model：文化创作、表演、媒体传播或文化产品制作/发行职责	"[""Culture""]"	bhht_semantic_batch_3
1020	Sound Effects Editor	Culture	resolved	medium	“Sound Effects Editor”所指工作核心是采访、撰写、编辑、评论或向公众传播文化/媒体内容，属于文化生产、表演或传播职能，归入Culture。	occupation_meaning:Sound Effects Editor：文化创作、表演、媒体传播或文化产品制作/发行职责	"[""Culture""]"	bhht_semantic_batch_3
1023	Human computer	Discovery/Science	resolved	high	A human computer performed mathematical calculations by hand, including trajectory calculations for aerospace missions; this is a technical/scientific occupation, not a generic person-machine interface label.	https://www.nasa.gov/centers-and-facilities/jpl/when-computers-were-human	"[""Discovery/Science""]"	bhht_semantic_batch_3
1026	Army officer (retired)	Leadership	resolved	high	“Army officer (retired)”的职责是在军队或公共安全体系履行指挥、军职或执法责任，对应公共治理、法律/军事/宗教权威或企业金融领导，归入Leadership。	occupation_meaning:Army officer (retired)：治理、法律、军职、宗教权威、外交或企业金融管理职责	"[""Leadership""]"	bhht_semantic_batch_3
1029	Etymologist	Discovery/Science	resolved	medium	“Etymologist”从事的核心职责是开展该学科的研究、证据分析与知识产出，其工作属于知识发现、学术/医疗或技术开发，归入Discovery/Science。	occupation_meaning:Etymologist：科学研究、专业教育、医疗服务或工程技术开发职责	"[""Discovery/Science""]"	bhht_semantic_batch_3
1032	Server	Other	resolved	medium	“Server”是承担明确的日常服务、普通职业劳动或小规模经营职责的职业称谓，不属于艺术文化、科学技术、公共权力或竞技体育领域，归入Other。	occupation_meaning:Server：明确的日常服务、一般劳动或小规模商业经营职责	"[""Other""]"	bhht_semantic_batch_3
1035	Dental assistant	Discovery/Science	resolved	medium	“Dental assistant”从事的核心职责是运用医学专业知识提供诊断、治疗、护理或健康服务，其工作属于知识发现、学术/医疗或技术开发，归入Discovery/Science。	occupation_meaning:Dental assistant：科学研究、专业教育、医疗服务或工程技术开发职责	"[""Discovery/Science""]"	bhht_semantic_batch_3
1041	Volcanologist	Discovery/Science	resolved	medium	“Volcanologist”从事的核心职责是以专门科学知识、学术研究、医疗服务或工程技术为主要职责，其工作属于知识发现、学术/医疗或技术开发，归入Discovery/Science。	occupation_meaning:Volcanologist：科学研究、专业教育、医疗服务或工程技术开发职责	"[""Discovery/Science""]"	bhht_semantic_batch_3
1045	Quantitative analyst	Leadership	resolved	high	“Quantitative analyst”的职责是承担机构治理、金融资本配置、商业经营管理或政治公共事务职责，对应公共治理、法律/军事/宗教权威或企业金融领导，归入Leadership。	occupation_meaning:Quantitative analyst：治理、法律、军职、宗教权威、外交或企业金融管理职责	"[""Leadership""]"	bhht_semantic_batch_3
1048	Pitchman	Other	resolved	medium	“Pitchman”是承担明确的日常服务、普通职业劳动或小规模经营职责的职业称谓，不属于艺术文化、科学技术、公共权力或竞技体育领域，归入Other。	occupation_meaning:Pitchman：明确的日常服务、一般劳动或小规模商业经营职责	"[""Other""]"	bhht_semantic_batch_3
1053	Medical Doctor	Discovery/Science	resolved	medium	“Medical Doctor”从事的核心职责是运用医学专业知识提供诊断、治疗、护理或健康服务，其工作属于知识发现、学术/医疗或技术开发，归入Discovery/Science。	occupation_meaning:Medical Doctor：科学研究、专业教育、医疗服务或工程技术开发职责	"[""Discovery/Science""]"	bhht_semantic_batch_3
1057	Nature Photographer	Culture	resolved	high	Creates photographs of wildlife, landscapes, and natural subjects for publication or exhibition; photography is visual cultural production.	occupation_meaning:Nature Photographer：文化创作、表演、媒体传播或文化产品制作/发行职责	"[""Culture""]"	bhht_semantic_batch_3
1064	Occupational Therapist	Discovery/Science	resolved	medium	“Occupational Therapist”从事的核心职责是运用医学专业知识提供诊断、治疗、护理或健康服务，其工作属于知识发现、学术/医疗或技术开发，归入Discovery/Science。	occupation_meaning:Occupational Therapist：科学研究、专业教育、医疗服务或工程技术开发职责	"[""Discovery/Science""]"	bhht_semantic_batch_3
1068	Criminal (Profession) #15	Other	resolved	medium	“Criminal (Profession) #15”是承担明确的日常服务、普通职业劳动或小规模经营职责的职业称谓，不属于艺术文化、科学技术、公共权力或竞技体育领域，归入Other。 词项中的编号及/或“(Profession)”是数据库区分标记，不改变该职业的职责含义。	occupation_meaning:Criminal (Profession) #15：明确的日常服务、一般劳动或小规模商业经营职责	"[""Other""]"	bhht_semantic_batch_3
1071	Radio DJ	Culture	resolved	medium	“Radio DJ”所指工作核心是创作或呈现艺术作品/现场表演，职业产出面向文化受众，属于文化生产、表演或传播职能，归入Culture。	occupation_meaning:Radio DJ：文化创作、表演、媒体传播或文化产品制作/发行职责	"[""Culture""]"	bhht_semantic_batch_3
1074	News director	Culture	resolved	medium	“News director”所指工作核心是支持或统筹影视、广播、音乐及其他文化内容的制作、技术实现或发行，属于文化生产、表演或传播职能，归入Culture。	occupation_meaning:News director：文化创作、表演、媒体传播或文化产品制作/发行职责	"[""Culture""]"	bhht_semantic_batch_3
1077	Software Tester	Discovery/Science	resolved	medium	“Software Tester”从事的核心职责是从事专业教学、技术设计开发、测试或学术研究，其工作属于知识发现、学术/医疗或技术开发，归入Discovery/Science。	occupation_meaning:Software Tester：科学研究、专业教育、医疗服务或工程技术开发职责	"[""Discovery/Science""]"	bhht_semantic_batch_3
1081	Executive Management	Leadership	resolved	high	“Executive Management”的职责是承担机构治理、金融资本配置、商业经营管理或政治公共事务职责，对应公共治理、法律/军事/宗教权威或企业金融领导，归入Leadership。	occupation_meaning:Executive Management：治理、法律、军职、宗教权威、外交或企业金融管理职责	"[""Leadership""]"	bhht_semantic_batch_3
1084	Shop Owner	Other	resolved	medium	“Shop Owner”是提供标题所指的日常服务、运输、维修、照护、手工业或一般商业服务的职业称谓，不属于艺术文化、科学技术、公共权力或竞技体育领域，归入Other。	occupation_meaning:Shop Owner：明确的日常服务、一般劳动或小规模商业经营职责	"[""Other""]"	bhht_semantic_batch_3
1087	Fetish model	Culture	resolved	medium	“Fetish model”所指工作核心是提供明确的艺术、媒体或文化产业创作与制作服务，属于文化生产、表演或传播职能，归入Culture。	occupation_meaning:Fetish model：文化创作、表演、媒体传播或文化产品制作/发行职责	"[""Culture""]"	bhht_semantic_batch_3
1091	American Football Official	Sports/Games	resolved	high	“American Football Official”的工作直接围绕体育训练、竞技或比赛规则展开，具体职责是依据项目规则执裁并维护比赛秩序，归入Sports/Games。	occupation_meaning:American Football Official：体育/武术训练、竞技、执裁或队伍管理职责	"[""Sports/Games""]"	bhht_semantic_batch_3
1095	Graphic Novelist	Culture	resolved	medium	“Graphic Novelist”所指工作核心是提供明确的艺术、媒体或文化产业创作与制作服务，属于文化生产、表演或传播职能，归入Culture。	occupation_meaning:Graphic Novelist：文化创作、表演、媒体传播或文化产品制作/发行职责	"[""Culture""]"	bhht_semantic_batch_3
1099	Paranormal Investigator		needs_context	low	The label may describe empirical investigation, entertainment content, or a paranormal-claim activity; duties and evidentiary setting are unspecified.	occupation_meaning:Paranormal Investigator：仅凭词项无法确定稳定职业职责	"[""Discovery/Science"",""Culture"",""Other""]"	bhht_semantic_batch_3
1103	Charwoman	Other	resolved	medium	“Charwoman”是提供标题所指的日常服务、运输、维修、照护、手工业或一般商业服务的职业称谓，不属于艺术文化、科学技术、公共权力或竞技体育领域，归入Other。	occupation_meaning:Charwoman：明确的日常服务、一般劳动或小规模商业经营职责	"[""Other""]"	bhht_semantic_batch_3
1107	Network executive	Culture	resolved	high	A network executive commissions and manages programming and production at a broadcast network; the modifier fixes the role to media.	occupation_meaning:Network executive：文化创作、表演、媒体传播或文化产品制作/发行职责	"[""Culture""]"	bhht_semantic_batch_3
1110	Child singer	Culture	resolved	medium	“Child singer”所指工作核心是创作或呈现艺术作品/现场表演，职业产出面向文化受众，属于文化生产、表演或传播职能，归入Culture。	occupation_meaning:Child singer：文化创作、表演、媒体传播或文化产品制作/发行职责	"[""Culture""]"	bhht_semantic_batch_3
1115	Civil law notary	Leadership	resolved	high	“Civil law notary”的职责是提供法律意见、代理当事人或行使司法/公证职权，对应公共治理、法律/军事/宗教权威或企业金融领导，归入Leadership。	occupation_meaning:Civil law notary：治理、法律、军职、宗教权威、外交或企业金融管理职责	"[""Leadership""]"	bhht_semantic_batch_3
1119	Agricultural Scientist	Discovery/Science	resolved	medium	“Agricultural Scientist”从事的核心职责是开展该学科的研究、证据分析与知识产出，其工作属于知识发现、学术/医疗或技术开发，归入Discovery/Science。	occupation_meaning:Agricultural Scientist：科学研究、专业教育、医疗服务或工程技术开发职责	"[""Discovery/Science""]"	bhht_semantic_batch_3
1124	Filibuster	Leadership	resolved	high	“Filibuster”的职责是承担机构治理、金融资本配置、商业经营管理或政治公共事务职责，对应公共治理、法律/军事/宗教权威或企业金融领导，归入Leadership。	occupation_meaning:Filibuster：治理、法律、军职、宗教权威、外交或企业金融管理职责	"[""Leadership""]"	bhht_semantic_batch_3
1127	Digital Marketing Consultant (Profession) #1	Other	resolved	high	Advises clients on search, content, and online campaign performance; this is an individual marketing service occupation. 词项中的编号及/或“(Profession)”是数据库区分标记，不改变该职业的职责含义。	occupation_meaning:Digital Marketing Consultant (Profession) #1：明确的日常服务、一般劳动或小规模商业经营职责	"[""Other""]"	bhht_semantic_batch_3
1130	Systems Programmer	Discovery/Science	resolved	medium	“Systems Programmer”从事的核心职责是从事专业教学、技术设计开发、测试或学术研究，其工作属于知识发现、学术/医疗或技术开发，归入Discovery/Science。	occupation_meaning:Systems Programmer：科学研究、专业教育、医疗服务或工程技术开发职责	"[""Discovery/Science""]"	bhht_semantic_batch_3
1134	Geochemist	Discovery/Science	resolved	medium	“Geochemist”从事的核心职责是以专门科学知识、学术研究、医疗服务或工程技术为主要职责，其工作属于知识发现、学术/医疗或技术开发，归入Discovery/Science。	occupation_meaning:Geochemist：科学研究、专业教育、医疗服务或工程技术开发职责	"[""Discovery/Science""]"	bhht_semantic_batch_3
1138	Tax advisor	Leadership	resolved	high	“Tax advisor”的职责是承担机构治理、金融资本配置、商业经营管理或政治公共事务职责，对应公共治理、法律/军事/宗教权威或企业金融领导，归入Leadership。	occupation_meaning:Tax advisor：治理、法律、军职、宗教权威、外交或企业金融管理职责	"[""Leadership""]"	bhht_semantic_batch_3
1141	Tool and die maker	Other	resolved	medium	“Tool and die maker”是承担明确的日常服务、普通职业劳动或小规模经营职责的职业称谓，不属于艺术文化、科学技术、公共权力或竞技体育领域，归入Other。	occupation_meaning:Tool and die maker：明确的日常服务、一般劳动或小规模商业经营职责	"[""Other""]"	bhht_semantic_batch_3
1144	Architectural historian (Profession) #1	Discovery/Science	resolved	high	Researches the history, styles, and historical record of buildings and architecture; the role is scholarship rather than architectural design. 词项中的编号及/或“(Profession)”是数据库区分标记，不改变该职业的职责含义。	occupation_meaning:Architectural historian (Profession) #1：科学研究、专业教育、医疗服务或工程技术开发职责	"[""Discovery/Science""]"	bhht_semantic_batch_3
1148	Hermit (Profession)	Other	resolved	medium	“Hermit (Profession)”是承担明确的日常服务、普通职业劳动或小规模经营职责的职业称谓，不属于艺术文化、科学技术、公共权力或竞技体育领域，归入Other。 词项中的编号及/或“(Profession)”是数据库区分标记，不改变该职业的职责含义。	occupation_meaning:Hermit (Profession)：明确的日常服务、一般劳动或小规模商业经营职责	"[""Other""]"	bhht_semantic_batch_3
1154	SEO Consultant	Other	resolved	high	Recommends site structure, content, and search-ranking improvements to clients; the work is specialized digital marketing advice.	occupation_meaning:SEO Consultant：明确的日常服务、一般劳动或小规模商业经营职责	"[""Other""]"	bhht_semantic_batch_3
1161	Special Needs Counsellor	Other	resolved	medium	“Special Needs Counsellor”是承担明确的日常服务、普通职业劳动或小规模经营职责的职业称谓，不属于艺术文化、科学技术、公共权力或竞技体育领域，归入Other。	occupation_meaning:Special Needs Counsellor：明确的日常服务、一般劳动或小规模商业经营职责	"[""Other""]"	bhht_semantic_batch_3
1164	Search Engine Optimization (Industry) #1		needs_context	low	The industry label identifies a sector, not an individual occupation.	occupation_meaning:Search Engine Optimization (Industry) #1：仅凭词项无法确定稳定职业职责	[]	bhht_semantic_batch_3
1167	Theater Manager	Culture	resolved	medium	“Theater Manager”所指工作核心是支持或统筹影视、广播、音乐及其他文化内容的制作、技术实现或发行，属于文化生产、表演或传播职能，归入Culture。	occupation_meaning:Theater Manager：文化创作、表演、媒体传播或文化产品制作/发行职责	"[""Culture""]"	bhht_semantic_batch_3
1170	Publican	Other	resolved	medium	“Publican”是提供标题所指的日常服务、运输、维修、照护、手工业或一般商业服务的职业称谓，不属于艺术文化、科学技术、公共权力或竞技体育领域，归入Other。	occupation_meaning:Publican：明确的日常服务、一般劳动或小规模商业经营职责	"[""Other""]"	bhht_semantic_batch_3
1174	Used Car Dealer	Other	resolved	medium	“Used Car Dealer”是承担明确的日常服务、普通职业劳动或小规模经营职责的职业称谓，不属于艺术文化、科学技术、公共权力或竞技体育领域，归入Other。	occupation_meaning:Used Car Dealer：明确的日常服务、一般劳动或小规模商业经营职责	"[""Other""]"	bhht_semantic_batch_3
1178	Human Rights Lawyer	Leadership	resolved	high	“Human Rights Lawyer”的职责是提供法律意见、代理当事人或行使司法/公证职权，对应公共治理、法律/军事/宗教权威或企业金融领导，归入Leadership。	occupation_meaning:Human Rights Lawyer：治理、法律、军职、宗教权威、外交或企业金融管理职责	"[""Leadership""]"	bhht_semantic_batch_3
1182	Petroleum geologist	Discovery/Science	resolved	medium	“Petroleum geologist”从事的核心职责是开展该学科的研究、证据分析与知识产出，其工作属于知识发现、学术/医疗或技术开发，归入Discovery/Science。	occupation_meaning:Petroleum geologist：科学研究、专业教育、医疗服务或工程技术开发职责	"[""Discovery/Science""]"	bhht_semantic_batch_3
1186	Stage management	Culture	resolved	medium	“Stage management”所指工作核心是提供明确的艺术、媒体或文化产业创作与制作服务，属于文化生产、表演或传播职能，归入Culture。	occupation_meaning:Stage management：文化创作、表演、媒体传播或文化产品制作/发行职责	"[""Culture""]"	bhht_semantic_batch_3
1189	Online Marketing Strategist	Other	resolved	high	Plans web-based advertising and audience-acquisition campaigns; the role specializes in marketing execution and advice.	occupation_meaning:Online Marketing Strategist：明确的日常服务、一般劳动或小规模商业经营职责	"[""Other""]"	bhht_semantic_batch_3
1192	Title Designer	Culture	resolved	medium	“Title Designer”所指工作核心是创作或呈现艺术作品/现场表演，职业产出面向文化受众，属于文化生产、表演或传播职能，归入Culture。	occupation_meaning:Title Designer：文化创作、表演、媒体传播或文化产品制作/发行职责	"[""Culture""]"	bhht_semantic_batch_3
1195	Tour promoter	Culture	resolved	medium	“Tour promoter”所指工作核心是支持或统筹影视、广播、音乐及其他文化内容的制作、技术实现或发行，属于文化生产、表演或传播职能，归入Culture。	occupation_meaning:Tour promoter：文化创作、表演、媒体传播或文化产品制作/发行职责	"[""Culture""]"	bhht_semantic_batch_3
1199	Senior lieutenant	Leadership	resolved	high	“Senior lieutenant”的职责是在军队或公共安全体系履行指挥、军职或执法责任，对应公共治理、法律/军事/宗教权威或企业金融领导，归入Leadership。	occupation_meaning:Senior lieutenant：治理、法律、军职、宗教权威、外交或企业金融管理职责	"[""Leadership""]"	bhht_semantic_batch_3
1202	Pilot trainer	Discovery/Science	resolved	medium	“Pilot trainer”从事的核心职责是以专门科学知识、学术研究、医疗服务或工程技术为主要职责，其工作属于知识发现、学术/医疗或技术开发，归入Discovery/Science。	occupation_meaning:Pilot trainer：科学研究、专业教育、医疗服务或工程技术开发职责	"[""Discovery/Science""]"	bhht_semantic_batch_3
1207	Lyric poet	Culture	resolved	medium	“Lyric poet”所指工作核心是提供明确的艺术、媒体或文化产业创作与制作服务，属于文化生产、表演或传播职能，归入Culture。	occupation_meaning:Lyric poet：文化创作、表演、媒体传播或文化产品制作/发行职责	"[""Culture""]"	bhht_semantic_batch_3
1212	Financial planner	Leadership	resolved	high	“Financial planner”的职责是承担机构治理、金融资本配置、商业经营管理或政治公共事务职责，对应公共治理、法律/军事/宗教权威或企业金融领导，归入Leadership。	occupation_meaning:Financial planner：治理、法律、军职、宗教权威、外交或企业金融管理职责	"[""Leadership""]"	bhht_semantic_batch_3
1218	Canadian football player	Sports/Games	resolved	high	“Canadian football player”的工作直接围绕体育训练、竞技或比赛规则展开，具体职责是作为选手参加有规则的体育项目训练和竞技，归入Sports/Games。	occupation_meaning:Canadian football player：体育/武术训练、竞技、执裁或队伍管理职责	"[""Sports/Games""]"	bhht_semantic_batch_3
1224	Appraiser	Other	resolved	medium	“Appraiser”是承担明确的日常服务、普通职业劳动或小规模经营职责的职业称谓，不属于艺术文化、科学技术、公共权力或竞技体育领域，归入Other。	occupation_meaning:Appraiser：明确的日常服务、一般劳动或小规模商业经营职责	"[""Other""]"	bhht_semantic_batch_3
1228	Liaison officer	Leadership	resolved	high	“Liaison officer”的职责是在军队或公共安全体系履行指挥、军职或执法责任，对应公共治理、法律/军事/宗教权威或企业金融领导，归入Leadership。	occupation_meaning:Liaison officer：治理、法律、军职、宗教权威、外交或企业金融管理职责	"[""Leadership""]"	bhht_semantic_batch_3
1231	Turntablist	Culture	resolved	medium	“Turntablist”所指工作核心是创作或呈现艺术作品/现场表演，职业产出面向文化受众，属于文化生产、表演或传播职能，归入Culture。	occupation_meaning:Turntablist：文化创作、表演、媒体传播或文化产品制作/发行职责	"[""Culture""]"	bhht_semantic_batch_3
1235	primary school headmaster	Discovery/Science	resolved	high	Leads a primary school’s educational program, staff, and student instruction; the core institution is academic education.	occupation_meaning:primary school headmaster：科学研究、专业教育、医疗服务或工程技术开发职责	"[""Discovery/Science""]"	bhht_semantic_batch_3
1238	Master Quarrier	Other	resolved	medium	“Master Quarrier”是承担明确的日常服务、普通职业劳动或小规模经营职责的职业称谓，不属于艺术文化、科学技术、公共权力或竞技体育领域，归入Other。	occupation_meaning:Master Quarrier：明确的日常服务、一般劳动或小规模商业经营职责	"[""Other""]"	bhht_semantic_batch_3
1242	Classical Indian Music Performer	Culture	resolved	medium	“Classical Indian Music Performer”所指工作核心是创作或呈现艺术作品/现场表演，职业产出面向文化受众，属于文化生产、表演或传播职能，归入Culture。	occupation_meaning:Classical Indian Music Performer：文化创作、表演、媒体传播或文化产品制作/发行职责	"[""Culture""]"	bhht_semantic_batch_3
1246	Soap Maker	Other	resolved	medium	“Soap Maker”是承担明确的日常服务、普通职业劳动或小规模经营职责的职业称谓，不属于艺术文化、科学技术、公共权力或竞技体育领域，归入Other。	occupation_meaning:Soap Maker：明确的日常服务、一般劳动或小规模商业经营职责	"[""Other""]"	bhht_semantic_batch_3
1249	Digital Marketing Consultant	Other	resolved	high	Advises a business on planning and improving online advertising and customer acquisition campaigns; this is marketing consulting work.	occupation_meaning:Digital Marketing Consultant：明确的日常服务、一般劳动或小规模商业经营职责	"[""Other""]"	bhht_semantic_batch_3
1252	Boom Operator	Culture	resolved	medium	“Boom Operator”所指工作核心是支持或统筹影视、广播、音乐及其他文化内容的制作、技术实现或发行，属于文化生产、表演或传播职能，归入Culture。	occupation_meaning:Boom Operator：文化创作、表演、媒体传播或文化产品制作/发行职责	"[""Culture""]"	bhht_semantic_batch_3
1256	Visual Effects Technician	Culture	resolved	medium	“Visual Effects Technician”所指工作核心是支持或统筹影视、广播、音乐及其他文化内容的制作、技术实现或发行，属于文化生产、表演或传播职能，归入Culture。	occupation_meaning:Visual Effects Technician：文化创作、表演、媒体传播或文化产品制作/发行职责	"[""Culture""]"	bhht_semantic_batch_3
1259	Corrector	Culture	resolved	medium	“Corrector”所指工作核心是提供明确的艺术、媒体或文化产业创作与制作服务，属于文化生产、表演或传播职能，归入Culture。	occupation_meaning:Corrector：文化创作、表演、媒体传播或文化产品制作/发行职责	"[""Culture""]"	bhht_semantic_batch_3
1263	Babysitter	Other	resolved	medium	“Babysitter”是提供标题所指的日常服务、运输、维修、照护、手工业或一般商业服务的职业称谓，不属于艺术文化、科学技术、公共权力或竞技体育领域，归入Other。	occupation_meaning:Babysitter：明确的日常服务、一般劳动或小规模商业经营职责	"[""Other""]"	bhht_semantic_batch_3
1266	Hospital corpsman	Discovery/Science	resolved	medium	“Hospital corpsman”从事的核心职责是以专门科学知识、学术研究、医疗服务或工程技术为主要职责，其工作属于知识发现、学术/医疗或技术开发，归入Discovery/Science。	occupation_meaning:Hospital corpsman：科学研究、专业教育、医疗服务或工程技术开发职责	"[""Discovery/Science""]"	bhht_semantic_batch_3
1269	Construction Foreman	Other	resolved	medium	“Construction Foreman”是承担明确的日常服务、普通职业劳动或小规模经营职责的职业称谓，不属于艺术文化、科学技术、公共权力或竞技体育领域，归入Other。	occupation_meaning:Construction Foreman：明确的日常服务、一般劳动或小规模商业经营职责	"[""Other""]"	bhht_semantic_batch_3
1275	Software Engineering	Discovery/Science	resolved	medium	“Software Engineering”从事的核心职责是从事专业教学、技术设计开发、测试或学术研究，其工作属于知识发现、学术/医疗或技术开发，归入Discovery/Science。	occupation_meaning:Software Engineering：科学研究、专业教育、医疗服务或工程技术开发职责	"[""Discovery/Science""]"	bhht_semantic_batch_3
1279	Majordomo	Other	resolved	medium	“Majordomo”是承担明确的日常服务、普通职业劳动或小规模经营职责的职业称谓，不属于艺术文化、科学技术、公共权力或竞技体育领域，归入Other。	occupation_meaning:Majordomo：明确的日常服务、一般劳动或小规模商业经营职责	"[""Other""]"	bhht_semantic_batch_3
1282	supermarket executive	Leadership	resolved	high	“supermarket executive”的职责是承担机构治理、金融资本配置、商业经营管理或政治公共事务职责，对应公共治理、法律/军事/宗教权威或企业金融领导，归入Leadership。	occupation_meaning:supermarket executive：治理、法律、军职、宗教权威、外交或企业金融管理职责	"[""Leadership""]"	bhht_semantic_batch_3
1285	Rock Climber	Sports/Games	resolved	high	“Rock Climber”的工作直接围绕体育训练、竞技或比赛规则展开，具体职责是作为选手参加有规则的体育项目训练和竞技，归入Sports/Games。	occupation_meaning:Rock Climber：体育/武术训练、竞技、执裁或队伍管理职责	"[""Sports/Games""]"	bhht_semantic_batch_3
1289	Rural Mail Carrier	Other	resolved	medium	“Rural Mail Carrier”是提供标题所指的日常服务、运输、维修、照护、手工业或一般商业服务的职业称谓，不属于艺术文化、科学技术、公共权力或竞技体育领域，归入Other。	occupation_meaning:Rural Mail Carrier：明确的日常服务、一般劳动或小规模商业经营职责	"[""Other""]"	bhht_semantic_batch_3
1293	Online Marketing Consultant	Other	resolved	high	Advises clients on web promotion, search reach, and online campaign choices; this is a consulting service.	occupation_meaning:Online Marketing Consultant：明确的日常服务、一般劳动或小规模商业经营职责	"[""Other""]"	bhht_semantic_batch_3
1296	Wool classing	Other	resolved	medium	“Wool classing”是承担明确的日常服务、普通职业劳动或小规模经营职责的职业称谓，不属于艺术文化、科学技术、公共权力或竞技体育领域，归入Other。	occupation_meaning:Wool classing：明确的日常服务、一般劳动或小规模商业经营职责	"[""Other""]"	bhht_semantic_batch_3
1299	Dermatology	Discovery/Science	resolved	medium	“Dermatology”从事的核心职责是运用医学专业知识提供诊断、治疗、护理或健康服务，其工作属于知识发现、学术/医疗或技术开发，归入Discovery/Science。	occupation_meaning:Dermatology：科学研究、专业教育、医疗服务或工程技术开发职责	"[""Discovery/Science""]"	bhht_semantic_batch_3
1302	Planetary scientist	Discovery/Science	resolved	medium	“Planetary scientist”从事的核心职责是开展该学科的研究、证据分析与知识产出，其工作属于知识发现、学术/医疗或技术开发，归入Discovery/Science。	occupation_meaning:Planetary scientist：科学研究、专业教育、医疗服务或工程技术开发职责	"[""Discovery/Science""]"	bhht_semantic_batch_3
1307	Tenor Saxophonist	Culture	resolved	medium	“Tenor Saxophonist”所指工作核心是提供明确的艺术、媒体或文化产业创作与制作服务，属于文化生产、表演或传播职能，归入Culture。	occupation_meaning:Tenor Saxophonist：文化创作、表演、媒体传播或文化产品制作/发行职责	"[""Culture""]"	bhht_semantic_batch_3
1311	Web design	Culture	resolved	medium	“Web design”所指工作核心是提供明确的艺术、媒体或文化产业创作与制作服务，属于文化生产、表演或传播职能，归入Culture。	occupation_meaning:Web design：文化创作、表演、媒体传播或文化产品制作/发行职责	"[""Culture""]"	bhht_semantic_batch_3
1315	Information scientist	Discovery/Science	resolved	medium	“Information scientist”从事的核心职责是开展该学科的研究、证据分析与知识产出，其工作属于知识发现、学术/医疗或技术开发，归入Discovery/Science。	occupation_meaning:Information scientist：科学研究、专业教育、医疗服务或工程技术开发职责	"[""Discovery/Science""]"	bhht_semantic_batch_3
1318	Production coordinator	Culture	resolved	medium	“Production coordinator”所指工作核心是支持或统筹影视、广播、音乐及其他文化内容的制作、技术实现或发行，属于文化生产、表演或传播职能，归入Culture。	occupation_meaning:Production coordinator：文化创作、表演、媒体传播或文化产品制作/发行职责	"[""Culture""]"	bhht_semantic_batch_3
1322	College Student		needs_context	low	Student is an education status, not a completed occupational role.	occupation_meaning:College Student：仅凭词项无法确定稳定职业职责	"[""Discovery/Science""]"	bhht_semantic_batch_3
1325	Commanding General, Multi-National Force - Iraq	Leadership	resolved	high	“Commanding General, Multi-National Force - Iraq”的职责是在军队或公共安全体系履行指挥、军职或执法责任，对应公共治理、法律/军事/宗教权威或企业金融领导，归入Leadership。	occupation_meaning:Commanding General, Multi-National Force - Iraq：治理、法律、军职、宗教权威、外交或企业金融管理职责	"[""Leadership""]"	bhht_semantic_batch_3
1328	Car Worker	Other	resolved	medium	“Car Worker”是提供标题所指的日常服务、运输、维修、照护、手工业或一般商业服务的职业称谓，不属于艺术文化、科学技术、公共权力或竞技体育领域，归入Other。	occupation_meaning:Car Worker：明确的日常服务、一般劳动或小规模商业经营职责	"[""Other""]"	bhht_semantic_batch_3
1331	Horse trader	Other	resolved	medium	“Horse trader”是提供标题所指的日常服务、运输、维修、照护、手工业或一般商业服务的职业称谓，不属于艺术文化、科学技术、公共权力或竞技体育领域，归入Other。	occupation_meaning:Horse trader：明确的日常服务、一般劳动或小规模商业经营职责	"[""Other""]"	bhht_semantic_batch_3
1334	Script coordinator	Culture	resolved	medium	“Script coordinator”所指工作核心是支持或统筹影视、广播、音乐及其他文化内容的制作、技术实现或发行，属于文化生产、表演或传播职能，归入Culture。	occupation_meaning:Script coordinator：文化创作、表演、媒体传播或文化产品制作/发行职责	"[""Culture""]"	bhht_semantic_batch_3
1338	Environmental Writer	Culture	resolved	medium	“Environmental Writer”所指工作核心是采访、撰写、编辑、评论或向公众传播文化/媒体内容，属于文化生产、表演或传播职能，归入Culture。	occupation_meaning:Environmental Writer：文化创作、表演、媒体传播或文化产品制作/发行职责	"[""Culture""]"	bhht_semantic_batch_3
1341	Fashion Consultant	Culture	resolved	medium	“Fashion Consultant”所指工作核心是提供明确的艺术、媒体或文化产业创作与制作服务，属于文化生产、表演或传播职能，归入Culture。	occupation_meaning:Fashion Consultant：文化创作、表演、媒体传播或文化产品制作/发行职责	"[""Culture""]"	bhht_semantic_batch_3
1344	Deputy mayor	Leadership	resolved	high	“Deputy mayor”的职责是参与公共政策、政治组织、外交或社会倡议的决策和协调，对应公共治理、法律/军事/宗教权威或企业金融领导，归入Leadership。	occupation_meaning:Deputy mayor：治理、法律、军职、宗教权威、外交或企业金融管理职责	"[""Leadership""]"	bhht_semantic_batch_3
1347	Metalsmith	Other	resolved	medium	“Metalsmith”是承担明确的日常服务、普通职业劳动或小规模经营职责的职业称谓，不属于艺术文化、科学技术、公共权力或竞技体育领域，归入Other。	occupation_meaning:Metalsmith：明确的日常服务、一般劳动或小规模商业经营职责	"[""Other""]"	bhht_semantic_batch_3
1350	Film cinematographer	Culture	resolved	medium	“Film cinematographer”所指工作核心是创作或呈现艺术作品/现场表演，职业产出面向文化受众，属于文化生产、表演或传播职能，归入Culture。	occupation_meaning:Film cinematographer：文化创作、表演、媒体传播或文化产品制作/发行职责	"[""Culture""]"	bhht_semantic_batch_3
1353	Company Secretary	Leadership	resolved	high	“Company Secretary”的职责是承担机构治理、金融资本配置、商业经营管理或政治公共事务职责，对应公共治理、法律/军事/宗教权威或企业金融领导，归入Leadership。	occupation_meaning:Company Secretary：治理、法律、军职、宗教权威、外交或企业金融管理职责	"[""Leadership""]"	bhht_semantic_batch_3
1357	Clinical Systems Analyst	Discovery/Science	resolved	medium	“Clinical Systems Analyst”从事的核心职责是从事专业教学、技术设计开发、测试或学术研究，其工作属于知识发现、学术/医疗或技术开发，归入Discovery/Science。	occupation_meaning:Clinical Systems Analyst：科学研究、专业教育、医疗服务或工程技术开发职责	"[""Discovery/Science""]"	bhht_semantic_batch_3
1360	Child Psychiatrist	Discovery/Science	resolved	medium	“Child Psychiatrist”从事的核心职责是运用医学专业知识提供诊断、治疗、护理或健康服务，其工作属于知识发现、学术/医疗或技术开发，归入Discovery/Science。	occupation_meaning:Child Psychiatrist：科学研究、专业教育、医疗服务或工程技术开发职责	"[""Discovery/Science""]"	bhht_semantic_batch_3
1363	Electrical contractor	Other	resolved	medium	“Electrical contractor”是提供标题所指的日常服务、运输、维修、照护、手工业或一般商业服务的职业称谓，不属于艺术文化、科学技术、公共权力或竞技体育领域，归入Other。	occupation_meaning:Electrical contractor：明确的日常服务、一般劳动或小规模商业经营职责	"[""Other""]"	bhht_semantic_batch_3
1366	Assistant Director	Culture	resolved	medium	“Assistant Director”所指工作核心是支持或统筹影视、广播、音乐及其他文化内容的制作、技术实现或发行，属于文化生产、表演或传播职能，归入Culture。	occupation_meaning:Assistant Director：文化创作、表演、媒体传播或文化产品制作/发行职责	"[""Culture""]"	bhht_semantic_batch_3
1369	Woodcutter	Other	resolved	medium	“Woodcutter”是提供标题所指的日常服务、运输、维修、照护、手工业或一般商业服务的职业称谓，不属于艺术文化、科学技术、公共权力或竞技体育领域，归入Other。	occupation_meaning:Woodcutter：明确的日常服务、一般劳动或小规模商业经营职责	"[""Other""]"	bhht_semantic_batch_3
1372	Bioengineer	Discovery/Science	resolved	medium	“Bioengineer”从事的核心职责是从事专业教学、技术设计开发、测试或学术研究，其工作属于知识发现、学术/医疗或技术开发，归入Discovery/Science。	occupation_meaning:Bioengineer：科学研究、专业教育、医疗服务或工程技术开发职责	"[""Discovery/Science""]"	bhht_semantic_batch_3
1375	Federal Government of Canada		needs_context	low	This is the name of a government institution, not an individual occupational role.	occupation_meaning:Federal Government of Canada：仅凭词项无法确定稳定职业职责	[]	bhht_semantic_batch_3
1378	Frame Gilder	Culture	resolved	medium	“Frame Gilder”所指工作核心是提供明确的艺术、媒体或文化产业创作与制作服务，属于文化生产、表演或传播职能，归入Culture。	occupation_meaning:Frame Gilder：文化创作、表演、媒体传播或文化产品制作/发行职责	"[""Culture""]"	bhht_semantic_batch_3
1381	Fencing master	Sports/Games	resolved	high	“Fencing master”的工作直接围绕体育训练、竞技或比赛规则展开，具体职责是参与体育项目的训练、竞技或赛事组织，归入Sports/Games。	occupation_meaning:Fencing master：体育/武术训练、竞技、执裁或队伍管理职责	"[""Sports/Games""]"	bhht_semantic_batch_3
1387	Mastering engineer	Culture	resolved	medium	“Mastering engineer”所指工作核心是支持或统筹影视、广播、音乐及其他文化内容的制作、技术实现或发行，属于文化生产、表演或传播职能，归入Culture。	occupation_meaning:Mastering engineer：文化创作、表演、媒体传播或文化产品制作/发行职责	"[""Culture""]"	bhht_semantic_batch_3
1393	Upholsterer	Other	resolved	medium	“Upholsterer”是承担明确的日常服务、普通职业劳动或小规模经营职责的职业称谓，不属于艺术文化、科学技术、公共权力或竞技体育领域，归入Other。	occupation_meaning:Upholsterer：明确的日常服务、一般劳动或小规模商业经营职责	"[""Other""]"	bhht_semantic_batch_3
1399	Church of Aphrodite		needs_context	low	This is an organization/religious affiliation label rather than a defined occupation.	occupation_meaning:Church of Aphrodite：仅凭词项无法确定稳定职业职责	[]	bhht_semantic_batch_3
1403	Business Manager	Leadership	resolved	high	“Business Manager”的职责是承担机构治理、金融资本配置、商业经营管理或政治公共事务职责，对应公共治理、法律/军事/宗教权威或企业金融领导，归入Leadership。	occupation_meaning:Business Manager：治理、法律、军职、宗教权威、外交或企业金融管理职责	"[""Leadership""]"	bhht_semantic_batch_3
1406	Backing vocalist	Culture	resolved	medium	“Backing vocalist”所指工作核心是创作或呈现艺术作品/现场表演，职业产出面向文化受众，属于文化生产、表演或传播职能，归入Culture。	occupation_meaning:Backing vocalist：文化创作、表演、媒体传播或文化产品制作/发行职责	"[""Culture""]"	bhht_semantic_batch_3
1410	UI Designer	Culture	resolved	medium	“UI Designer”所指工作核心是创作或呈现艺术作品/现场表演，职业产出面向文化受众，属于文化生产、表演或传播职能，归入Culture。	occupation_meaning:UI Designer：文化创作、表演、媒体传播或文化产品制作/发行职责	"[""Culture""]"	bhht_semantic_batch_3
1413	Conversion rate optimization specialist	Other	resolved	high	Tests website pages and purchase or sign-up flows to improve the share of visitors who complete a target action; this is a digital marketing service.	occupation_meaning:Conversion rate optimization specialist：明确的日常服务、一般劳动或小规模商业经营职责	"[""Other""]"	bhht_semantic_batch_3
1416	Jazz guitarist	Culture	resolved	medium	“Jazz guitarist”所指工作核心是创作或呈现艺术作品/现场表演，职业产出面向文化受众，属于文化生产、表演或传播职能，归入Culture。	occupation_meaning:Jazz guitarist：文化创作、表演、媒体传播或文化产品制作/发行职责	"[""Culture""]"	bhht_semantic_batch_3
1419	Houseware designer	Culture	resolved	medium	“Houseware designer”所指工作核心是创作或呈现艺术作品/现场表演，职业产出面向文化受众，属于文化生产、表演或传播职能，归入Culture。	occupation_meaning:Houseware designer：文化创作、表演、媒体传播或文化产品制作/发行职责	"[""Culture""]"	bhht_semantic_batch_3
1422	internet business consultant	Other	resolved	high	Advises clients on operating or improving an internet business; the title does not establish ownership or executive authority.	occupation_meaning:internet business consultant：明确的日常服务、一般劳动或小规模商业经营职责	"[""Other""]"	bhht_semantic_batch_3
1425	High Court Judge	Leadership	resolved	high	“High Court Judge”的职责是提供法律意见、代理当事人或行使司法/公证职权，对应公共治理、法律/军事/宗教权威或企业金融领导，归入Leadership。	occupation_meaning:High Court Judge：治理、法律、军职、宗教权威、外交或企业金融管理职责	"[""Leadership""]"	bhht_semantic_batch_3
1428	Pharmaceutical Entrepreneur	Leadership	resolved	high	“Pharmaceutical Entrepreneur”的职责是承担机构治理、金融资本配置、商业经营管理或政治公共事务职责，对应公共治理、法律/军事/宗教权威或企业金融领导，归入Leadership。	occupation_meaning:Pharmaceutical Entrepreneur：治理、法律、军职、宗教权威、外交或企业金融管理职责	"[""Leadership""]"	bhht_semantic_batch_3
1431	Road agent		needs_context	low	The historical term can refer to a highway robber or an itinerant commercial representative; the sense is unresolved.	https://www.collinsdictionary.com/us/dictionary/english/road-agent	"[""Other"",""Leadership""]"	bhht_semantic_batch_3
1434	Employment counsellor	Other	resolved	medium	“Employment counsellor”是承担明确的日常服务、普通职业劳动或小规模经营职责的职业称谓，不属于艺术文化、科学技术、公共权力或竞技体育领域，归入Other。	occupation_meaning:Employment counsellor：明确的日常服务、一般劳动或小规模商业经营职责	"[""Other""]"	bhht_semantic_batch_3
1439	Medicine man		needs_context	low	Medicine man can mean a traditional healer, ritual specialist, or spiritual authority; no community or duties are specified.	occupation_meaning:Medicine man：仅凭词项无法确定稳定职业职责	"[""Discovery/Science"",""Leadership"",""Other""]"	bhht_semantic_batch_3
1442	Lackey (Profession)	Other	resolved	medium	“Lackey (Profession)”是提供标题所指的日常服务、运输、维修、照护、手工业或一般商业服务的职业称谓，不属于艺术文化、科学技术、公共权力或竞技体育领域，归入Other。 词项中的编号及/或“(Profession)”是数据库区分标记，不改变该职业的职责含义。	occupation_meaning:Lackey (Profession)：明确的日常服务、一般劳动或小规模商业经营职责	"[""Other""]"	bhht_semantic_batch_3
1445	Key grip	Culture	resolved	medium	“Key grip”所指工作核心是支持或统筹影视、广播、音乐及其他文化内容的制作、技术实现或发行，属于文化生产、表演或传播职能，归入Culture。	occupation_meaning:Key grip：文化创作、表演、媒体传播或文化产品制作/发行职责	"[""Culture""]"	bhht_semantic_batch_3
1450	Fur Trader	Other	resolved	medium	“Fur Trader”是提供标题所指的日常服务、运输、维修、照护、手工业或一般商业服务的职业称谓，不属于艺术文化、科学技术、公共权力或竞技体育领域，归入Other。	occupation_meaning:Fur Trader：明确的日常服务、一般劳动或小规模商业经营职责	"[""Other""]"	bhht_semantic_batch_3
1453	Sexton	Other	resolved	medium	“Sexton”是提供标题所指的日常服务、运输、维修、照护、手工业或一般商业服务的职业称谓，不属于艺术文化、科学技术、公共权力或竞技体育领域，归入Other。	occupation_meaning:Sexton：明确的日常服务、一般劳动或小规模商业经营职责	"[""Other""]"	bhht_semantic_batch_3
1457	Pharmacy technician	Other	resolved	medium	“Pharmacy technician”是提供标题所指的日常服务、运输、维修、照护、手工业或一般商业服务的职业称谓，不属于艺术文化、科学技术、公共权力或竞技体育领域，归入Other。	occupation_meaning:Pharmacy technician：明确的日常服务、一般劳动或小规模商业经营职责	"[""Other""]"	bhht_semantic_batch_3
1460	Commodore (Military rank) #12	Leadership	resolved	high	“Commodore (Military rank) #12”的职责是在军队或公共安全体系履行指挥、军职或执法责任，对应公共治理、法律/军事/宗教权威或企业金融领导，归入Leadership。 词项中的编号及/或“(Profession)”是数据库区分标记，不改变该职业的职责含义。	occupation_meaning:Commodore (Military rank) #12：治理、法律、军职、宗教权威、外交或企业金融管理职责	"[""Leadership""]"	bhht_semantic_batch_3
1463	Post Office Worker	Other	resolved	medium	“Post Office Worker”是提供标题所指的日常服务、运输、维修、照护、手工业或一般商业服务的职业称谓，不属于艺术文化、科学技术、公共权力或竞技体育领域，归入Other。	occupation_meaning:Post Office Worker：明确的日常服务、一般劳动或小规模商业经营职责	"[""Other""]"	bhht_semantic_batch_3
1466	Courier	Other	resolved	medium	“Courier”是提供标题所指的日常服务、运输、维修、照护、手工业或一般商业服务的职业称谓，不属于艺术文化、科学技术、公共权力或竞技体育领域，归入Other。	occupation_meaning:Courier：明确的日常服务、一般劳动或小规模商业经营职责	"[""Other""]"	bhht_semantic_batch_3
1469	Lead vocalist	Culture	resolved	medium	“Lead vocalist”所指工作核心是创作或呈现艺术作品/现场表演，职业产出面向文化受众，属于文化生产、表演或传播职能，归入Culture。	occupation_meaning:Lead vocalist：文化创作、表演、媒体传播或文化产品制作/发行职责	"[""Culture""]"	bhht_semantic_batch_3
1472	Fashion Commentator	Culture	resolved	medium	“Fashion Commentator”所指工作核心是提供明确的艺术、媒体或文化产业创作与制作服务，属于文化生产、表演或传播职能，归入Culture。	occupation_meaning:Fashion Commentator：文化创作、表演、媒体传播或文化产品制作/发行职责	"[""Culture""]"	bhht_semantic_batch_3
1476	Trapper	Other	resolved	medium	“Trapper”是提供标题所指的日常服务、运输、维修、照护、手工业或一般商业服务的职业称谓，不属于艺术文化、科学技术、公共权力或竞技体育领域，归入Other。	occupation_meaning:Trapper：明确的日常服务、一般劳动或小规模商业经营职责	"[""Other""]"	bhht_semantic_batch_3
1480	Engineering Drafter	Discovery/Science	resolved	medium	“Engineering Drafter”从事的核心职责是从事专业教学、技术设计开发、测试或学术研究，其工作属于知识发现、学术/医疗或技术开发，归入Discovery/Science。	occupation_meaning:Engineering Drafter：科学研究、专业教育、医疗服务或工程技术开发职责	"[""Discovery/Science""]"	bhht_semantic_batch_3
1484	Counsellor in Norwich		needs_context	low	The place qualifier does not clarify whether “counsellor” means an elected local representative, therapist, or adviser.	occupation_meaning:Counsellor in Norwich：仅凭词项无法确定稳定职业职责	"[""Leadership"",""Other"",""Discovery/Science""]"	bhht_semantic_batch_3
1487	Forklift operator	Other	resolved	medium	“Forklift operator”是提供标题所指的日常服务、运输、维修、照护、手工业或一般商业服务的职业称谓，不属于艺术文化、科学技术、公共权力或竞技体育领域，归入Other。	occupation_meaning:Forklift operator：明确的日常服务、一般劳动或小规模商业经营职责	"[""Other""]"	bhht_semantic_batch_3
1491	Entrepreneurship		needs_context	low	This names a business activity/discipline rather than an occupational role.	occupation_meaning:Entrepreneurship：仅凭词项无法确定稳定职业职责	[]	bhht_semantic_batch_3
1494	Laryngologist	Discovery/Science	resolved	medium	“Laryngologist”从事的核心职责是运用医学专业知识提供诊断、治疗、护理或健康服务，其工作属于知识发现、学术/医疗或技术开发，归入Discovery/Science。	occupation_meaning:Laryngologist：科学研究、专业教育、医疗服务或工程技术开发职责	"[""Discovery/Science""]"	bhht_semantic_batch_3
1499	Bankruptcy Lawyer	Leadership	resolved	high	“Bankruptcy Lawyer”的职责是提供法律意见、代理当事人或行使司法/公证职权，对应公共治理、法律/军事/宗教权威或企业金融领导，归入Leadership。	occupation_meaning:Bankruptcy Lawyer：治理、法律、军职、宗教权威、外交或企业金融管理职责	"[""Leadership""]"	bhht_semantic_batch_3
1502	Carpet cleaning	Other	resolved	medium	“Carpet cleaning”是提供标题所指的日常服务、运输、维修、照护、手工业或一般商业服务的职业称谓，不属于艺术文化、科学技术、公共权力或竞技体育领域，归入Other。	occupation_meaning:Carpet cleaning：明确的日常服务、一般劳动或小规模商业经营职责	"[""Other""]"	bhht_semantic_batch_3
1506	Online producer	Culture	resolved	medium	“Online producer”所指工作核心是支持或统筹影视、广播、音乐及其他文化内容的制作、技术实现或发行，属于文化生产、表演或传播职能，归入Culture。	occupation_meaning:Online producer：文化创作、表演、媒体传播或文化产品制作/发行职责	"[""Culture""]"	bhht_semantic_batch_3
1509	Paymaster	Other	resolved	medium	“Paymaster”是承担明确的日常服务、普通职业劳动或小规模经营职责的职业称谓，不属于艺术文化、科学技术、公共权力或竞技体育领域，归入Other。	occupation_meaning:Paymaster：明确的日常服务、一般劳动或小规模商业经营职责	"[""Other""]"	bhht_semantic_batch_3
1513	Serial entrepreneur	Leadership	resolved	high	“Serial entrepreneur”的职责是承担机构治理、金融资本配置、商业经营管理或政治公共事务职责，对应公共治理、法律/军事/宗教权威或企业金融领导，归入Leadership。	occupation_meaning:Serial entrepreneur：治理、法律、军职、宗教权威、外交或企业金融管理职责	"[""Leadership""]"	bhht_semantic_batch_3
1517	Online Editor	Culture	resolved	medium	“Online Editor”所指工作核心是采访、撰写、编辑、评论或向公众传播文化/媒体内容，属于文化生产、表演或传播职能，归入Culture。	occupation_meaning:Online Editor：文化创作、表演、媒体传播或文化产品制作/发行职责	"[""Culture""]"	bhht_semantic_batch_3
1520	Software Developer (Profession)	Discovery/Science	resolved	medium	“Software Developer (Profession)”从事的核心职责是从事专业教学、技术设计开发、测试或学术研究，其工作属于知识发现、学术/医疗或技术开发，归入Discovery/Science。 词项中的编号及/或“(Profession)”是数据库区分标记，不改变该职业的职责含义。	occupation_meaning:Software Developer (Profession)：科学研究、专业教育、医疗服务或工程技术开发职责	"[""Discovery/Science""]"	bhht_semantic_batch_3
1524	Sound Artist	Culture	resolved	medium	“Sound Artist”所指工作核心是创作或呈现艺术作品/现场表演，职业产出面向文化受众，属于文化生产、表演或传播职能，归入Culture。	occupation_meaning:Sound Artist：文化创作、表演、媒体传播或文化产品制作/发行职责	"[""Culture""]"	bhht_semantic_batch_3
1528	Colonel general	Leadership	resolved	high	“Colonel general”的职责是在军队或公共安全体系履行指挥、军职或执法责任，对应公共治理、法律/军事/宗教权威或企业金融领导，归入Leadership。	occupation_meaning:Colonel general：治理、法律、军职、宗教权威、外交或企业金融管理职责	"[""Leadership""]"	bhht_semantic_batch_3
1531	Tax Preparer	Other	resolved	medium	“Tax Preparer”是提供标题所指的日常服务、运输、维修、照护、手工业或一般商业服务的职业称谓，不属于艺术文化、科学技术、公共权力或竞技体育领域，归入Other。	occupation_meaning:Tax Preparer：明确的日常服务、一般劳动或小规模商业经营职责	"[""Other""]"	bhht_semantic_batch_3
1536	Doshu	Sports/Games	resolved	high	Doshu is the hereditary/head authority of an aikido tradition; this is a martial-arts leadership title, not a generic occupation.	https://www.cs.brandeis.edu/~afeinman/aikido/vocab.html	"[""Sports/Games""]"	bhht_semantic_batch_3
1539	Secretary-General of the United Nations	Leadership	resolved	high	“Secretary-General of the United Nations”的职责是在军队或公共安全体系履行指挥、军职或执法责任，对应公共治理、法律/军事/宗教权威或企业金融领导，归入Leadership。	occupation_meaning:Secretary-General of the United Nations：治理、法律、军职、宗教权威、外交或企业金融管理职责	"[""Leadership""]"	bhht_semantic_batch_3
1542	Jazz Violinist	Culture	resolved	medium	“Jazz Violinist”所指工作核心是创作或呈现艺术作品/现场表演，职业产出面向文化受众，属于文化生产、表演或传播职能，归入Culture。	occupation_meaning:Jazz Violinist：文化创作、表演、媒体传播或文化产品制作/发行职责	"[""Culture""]"	bhht_semantic_batch_3
1545	Manicurist	Other	resolved	medium	“Manicurist”是提供标题所指的日常服务、运输、维修、照护、手工业或一般商业服务的职业称谓，不属于艺术文化、科学技术、公共权力或竞技体育领域，归入Other。	occupation_meaning:Manicurist：明确的日常服务、一般劳动或小规模商业经营职责	"[""Other""]"	bhht_semantic_batch_3
1548	Conceptual Artist	Culture	resolved	medium	“Conceptual Artist”所指工作核心是创作或呈现艺术作品/现场表演，职业产出面向文化受众，属于文化生产、表演或传播职能，归入Culture。	occupation_meaning:Conceptual Artist：文化创作、表演、媒体传播或文化产品制作/发行职责	"[""Culture""]"	bhht_semantic_batch_3
1552	SEO Analyst	Other	resolved	high	Reviews search visibility, traffic, and keyword performance and recommends changes to a website; this is a marketing analytics service.	occupation_meaning:SEO Analyst：明确的日常服务、一般劳动或小规模商业经营职责	"[""Other""]"	bhht_semantic_batch_3
1555	Legal analyst	Leadership	resolved	high	“Legal analyst”的职责是承担机构治理、金融资本配置、商业经营管理或政治公共事务职责，对应公共治理、法律/军事/宗教权威或企业金融领导，归入Leadership。	occupation_meaning:Legal analyst：治理、法律、军职、宗教权威、外交或企业金融管理职责	"[""Leadership""]"	bhht_semantic_batch_3
1558	Ontologist	Discovery/Science	resolved	medium	“Ontologist”从事的核心职责是开展该学科的研究、证据分析与知识产出，其工作属于知识发现、学术/医疗或技术开发，归入Discovery/Science。	occupation_meaning:Ontologist：科学研究、专业教育、医疗服务或工程技术开发职责	"[""Discovery/Science""]"	bhht_semantic_batch_3
1563	Exile		needs_context	low	Exile is a political or personal status, not an occupation.	occupation_meaning:Exile：仅凭词项无法确定稳定职业职责	[]	bhht_semantic_batch_3
1566	Kaymakam	Leadership	resolved	high	A kaymakam is a district-level governor/administrator, exercising public authority on behalf of government.	https://dergipark.org.tr/tr/download/article-file/211317	"[""Leadership""]"	bhht_semantic_batch_3
1570	Country Doctor	Discovery/Science	resolved	medium	“Country Doctor”从事的核心职责是运用医学专业知识提供诊断、治疗、护理或健康服务，其工作属于知识发现、学术/医疗或技术开发，归入Discovery/Science。	occupation_meaning:Country Doctor：科学研究、专业教育、医疗服务或工程技术开发职责	"[""Discovery/Science""]"	bhht_semantic_batch_3
1573	Food writer	Culture	resolved	medium	“Food writer”所指工作核心是采访、撰写、编辑、评论或向公众传播文化/媒体内容，属于文化生产、表演或传播职能，归入Culture。	occupation_meaning:Food writer：文化创作、表演、媒体传播或文化产品制作/发行职责	"[""Culture""]"	bhht_semantic_batch_3
1576	American Historian	Discovery/Science	resolved	medium	“American Historian”从事的核心职责是开展该学科的研究、证据分析与知识产出，其工作属于知识发现、学术/医疗或技术开发，归入Discovery/Science。	occupation_meaning:American Historian：科学研究、专业教育、医疗服务或工程技术开发职责	"[""Discovery/Science""]"	bhht_semantic_batch_3
1579	Political Assistant	Leadership	resolved	high	“Political Assistant”的职责是参与公共政策、政治组织、外交或社会倡议的决策和协调，对应公共治理、法律/军事/宗教权威或企业金融领导，归入Leadership。	occupation_meaning:Political Assistant：治理、法律、军职、宗教权威、外交或企业金融管理职责	"[""Leadership""]"	bhht_semantic_batch_3
1582	Stonecutter	Other	resolved	medium	“Stonecutter”是提供标题所指的日常服务、运输、维修、照护、手工业或一般商业服务的职业称谓，不属于艺术文化、科学技术、公共权力或竞技体育领域，归入Other。	occupation_meaning:Stonecutter：明确的日常服务、一般劳动或小规模商业经营职责	"[""Other""]"	bhht_semantic_batch_3
1585	Camera Assistant	Culture	resolved	medium	“Camera Assistant”所指工作核心是提供明确的艺术、媒体或文化产业创作与制作服务，属于文化生产、表演或传播职能，归入Culture。	occupation_meaning:Camera Assistant：文化创作、表演、媒体传播或文化产品制作/发行职责	"[""Culture""]"	bhht_semantic_batch_3
1588	Digital Marketing Analyst	Other	resolved	high	Measures digital campaign traffic and conversion results and reports what should be adjusted; this is marketing analysis rather than executive management.	occupation_meaning:Digital Marketing Analyst：明确的日常服务、一般劳动或小规模商业经营职责	"[""Other""]"	bhht_semantic_batch_3
1591	Midwife (Film subject)	Discovery/Science	resolved	medium	“Midwife (Film subject)”从事的核心职责是运用医学专业知识提供诊断、治疗、护理或健康服务，其工作属于知识发现、学术/医疗或技术开发，归入Discovery/Science。 括号中的“Film subject”是人物条目语境标记，职业语义仍由midwife确定。	occupation_meaning:Midwife (Film subject)：科学研究、专业教育、医疗服务或工程技术开发职责	"[""Discovery/Science""]"	bhht_semantic_batch_3
1594	Keirin Racer	Sports/Games	resolved	high	“Keirin Racer”的工作直接围绕体育训练、竞技或比赛规则展开，具体职责是作为选手参加有规则的体育项目训练和竞技，归入Sports/Games。	occupation_meaning:Keirin Racer：体育/武术训练、竞技、执裁或队伍管理职责	"[""Sports/Games""]"	bhht_semantic_batch_3
1598	Internet Marketing		needs_context	low	This is a business activity/field rather than an identifiable job title.	occupation_meaning:Internet Marketing：仅凭词项无法确定稳定职业职责	[]	bhht_semantic_batch_3
1601	Reno (Profession)		needs_context	low	“Reno” is not sufficiently interpretable as a profession from this label alone.	occupation_meaning:Reno (Profession)：仅凭词项无法确定稳定职业职责	[]	bhht_semantic_batch_3
1604	Psycholinguist	Discovery/Science	resolved	medium	“Psycholinguist”从事的核心职责是开展该学科的研究、证据分析与知识产出，其工作属于知识发现、学术/医疗或技术开发，归入Discovery/Science。	occupation_meaning:Psycholinguist：科学研究、专业教育、医疗服务或工程技术开发职责	"[""Discovery/Science""]"	bhht_semantic_batch_3
1607	Black belt		needs_context	low	A black belt may denote a martial-arts rank or a person’s credential; the label alone does not establish active athletic/professional duties.	occupation_meaning:Black belt：仅凭词项无法确定稳定职业职责	"[""Sports/Games"",""Other""]"	bhht_semantic_batch_3
1610	Modeler		needs_context	low	Modeler can refer to artistic, scientific, industrial, or mathematical modeling; no domain is given.	occupation_meaning:Modeler：仅凭词项无法确定稳定职业职责	"[""Culture"",""Discovery/Science"",""Other""]"	bhht_semantic_batch_3
1613	Street sweeper	Other	resolved	medium	“Street sweeper”是承担明确的日常服务、普通职业劳动或小规模经营职责的职业称谓，不属于艺术文化、科学技术、公共权力或竞技体育领域，归入Other。	occupation_meaning:Street sweeper：明确的日常服务、一般劳动或小规模商业经营职责	"[""Other""]"	bhht_semantic_batch_3
1616	Informant		needs_context	low	Informant may mean a confidential source, intelligence asset, or information provider; the occupational setting is missing.	occupation_meaning:Informant：仅凭词项无法确定稳定职业职责	"[""Leadership"",""Other""]"	bhht_semantic_batch_3
1619	Naval Systems Analyst	Leadership	resolved	high	“Naval Systems Analyst”的职责是在军队或公共安全体系履行指挥、军职或执法责任，对应公共治理、法律/军事/宗教权威或企业金融领导，归入Leadership。	occupation_meaning:Naval Systems Analyst：治理、法律、军职、宗教权威、外交或企业金融管理职责	"[""Leadership""]"	bhht_semantic_batch_3
1623	Suit actor	Culture	resolved	medium	“Suit actor”所指工作核心是创作或呈现艺术作品/现场表演，职业产出面向文化受众，属于文化生产、表演或传播职能，归入Culture。	occupation_meaning:Suit actor：文化创作、表演、媒体传播或文化产品制作/发行职责	"[""Culture""]"	bhht_semantic_batch_3
1626	Stonemasonry	Other	resolved	medium	“Stonemasonry”是提供标题所指的日常服务、运输、维修、照护、手工业或一般商业服务的职业称谓，不属于艺术文化、科学技术、公共权力或竞技体育领域，归入Other。	occupation_meaning:Stonemasonry：明确的日常服务、一般劳动或小规模商业经营职责	"[""Other""]"	bhht_semantic_batch_3
1629	Qualified Flying Instructor	Discovery/Science	resolved	medium	“Qualified Flying Instructor”从事的核心职责是从事专业教学、技术设计开发、测试或学术研究，其工作属于知识发现、学术/医疗或技术开发，归入Discovery/Science。	occupation_meaning:Qualified Flying Instructor：科学研究、专业教育、医疗服务或工程技术开发职责	"[""Discovery/Science""]"	bhht_semantic_batch_3
1632	Plantation Overseer	Other	resolved	medium	“Plantation Overseer”是承担明确的日常服务、普通职业劳动或小规模经营职责的职业称谓，不属于艺术文化、科学技术、公共权力或竞技体育领域，归入Other。	occupation_meaning:Plantation Overseer：明确的日常服务、一般劳动或小规模商业经营职责	"[""Other""]"	bhht_semantic_batch_3
1635	Internet Visionary		needs_context	low	This is an evaluative epithet rather than a standardized occupation with defined duties.	occupation_meaning:Internet Visionary：仅凭词项无法确定稳定职业职责	[]	bhht_semantic_batch_3
1639	Dayan (Religious Leadership Title)	Leadership	resolved	high	“Dayan (Religious Leadership Title)”的职责是担任宗教组织的教职、权威或带领信众，对应公共治理、法律/军事/宗教权威或企业金融领导，归入Leadership。	occupation_meaning:Dayan (Religious Leadership Title)：治理、法律、军职、宗教权威、外交或企业金融管理职责	"[""Leadership""]"	bhht_semantic_batch_3
1644	Assistant Sound Editor	Culture	resolved	medium	“Assistant Sound Editor”所指工作核心是采访、撰写、编辑、评论或向公众传播文化/媒体内容，属于文化生产、表演或传播职能，归入Culture。	occupation_meaning:Assistant Sound Editor：文化创作、表演、媒体传播或文化产品制作/发行职责	"[""Culture""]"	bhht_semantic_batch_3
1647	Standart officer	Leadership	resolved	high	“Standart officer”的职责是在军队或公共安全体系履行指挥、军职或执法责任，对应公共治理、法律/军事/宗教权威或企业金融领导，归入Leadership。	occupation_meaning:Standart officer：治理、法律、军职、宗教权威、外交或企业金融管理职责	"[""Leadership""]"	bhht_semantic_batch_3
1650	Electronic Engineer	Discovery/Science	resolved	medium	“Electronic Engineer”从事的核心职责是从事专业教学、技术设计开发、测试或学术研究，其工作属于知识发现、学术/医疗或技术开发，归入Discovery/Science。	occupation_meaning:Electronic Engineer：科学研究、专业教育、医疗服务或工程技术开发职责	"[""Discovery/Science""]"	bhht_semantic_batch_3
1653	Hymnology	Culture	resolved	medium	“Hymnology”所指工作核心是提供明确的艺术、媒体或文化产业创作与制作服务，属于文化生产、表演或传播职能，归入Culture。	occupation_meaning:Hymnology：文化创作、表演、媒体传播或文化产品制作/发行职责	"[""Culture""]"	bhht_semantic_batch_3
1656	Arms Dealer	Other	resolved	medium	“Arms Dealer”是承担明确的日常服务、普通职业劳动或小规模经营职责的职业称谓，不属于艺术文化、科学技术、公共权力或竞技体育领域，归入Other。	occupation_meaning:Arms Dealer：明确的日常服务、一般劳动或小规模商业经营职责	"[""Other""]"	bhht_semantic_batch_3
1660	Prince of Hesse and by Rhine	Leadership	resolved	high	“Prince of Hesse and by Rhine”的职责是承载王室/贵族身份或宫廷职务所赋予的治理、礼仪权责，对应公共治理、法律/军事/宗教权威或企业金融领导，归入Leadership。	occupation_meaning:Prince of Hesse and by Rhine：治理、法律、军职、宗教权威、外交或企业金融管理职责	"[""Leadership""]"	bhht_semantic_batch_3
1663	Herder	Other	resolved	medium	“Herder”是提供标题所指的日常服务、运输、维修、照护、手工业或一般商业服务的职业称谓，不属于艺术文化、科学技术、公共权力或竞技体育领域，归入Other。	occupation_meaning:Herder：明确的日常服务、一般劳动或小规模商业经营职责	"[""Other""]"	bhht_semantic_batch_3
1666	Showrunner	Culture	resolved	medium	“Showrunner”所指工作核心是支持或统筹影视、广播、音乐及其他文化内容的制作、技术实现或发行，属于文化生产、表演或传播职能，归入Culture。	occupation_meaning:Showrunner：文化创作、表演、媒体传播或文化产品制作/发行职责	"[""Culture""]"	bhht_semantic_batch_3
1669	Direct marketing	Other	resolved	high	Plans direct promotional contact such as mail, phone, or targeted messages to prospective customers; it names a marketing practice rather than company leadership.	occupation_meaning:Direct marketing：明确的日常服务、一般劳动或小规模商业经营职责	"[""Other""]"	bhht_semantic_batch_3
1672	United States Ambassador to Seychelles	Leadership	resolved	high	“United States Ambassador to Seychelles”的职责是参与公共政策、政治组织、外交或社会倡议的决策和协调，对应公共治理、法律/军事/宗教权威或企业金融领导，归入Leadership。	occupation_meaning:United States Ambassador to Seychelles：治理、法律、军职、宗教权威、外交或企业金融管理职责	"[""Leadership""]"	bhht_semantic_batch_3
1676	Image consultant	Other	resolved	medium	“Image consultant”是提供标题所指的日常服务、运输、维修、照护、手工业或一般商业服务的职业称谓，不属于艺术文化、科学技术、公共权力或竞技体育领域，归入Other。	occupation_meaning:Image consultant：明确的日常服务、一般劳动或小规模商业经营职责	"[""Other""]"	bhht_semantic_batch_3
1679	European Historian	Discovery/Science	resolved	medium	“European Historian”从事的核心职责是开展该学科的研究、证据分析与知识产出，其工作属于知识发现、学术/医疗或技术开发，归入Discovery/Science。	occupation_meaning:European Historian：科学研究、专业教育、医疗服务或工程技术开发职责	"[""Discovery/Science""]"	bhht_semantic_batch_3
1683	Test engineer	Discovery/Science	resolved	medium	“Test engineer”从事的核心职责是从事专业教学、技术设计开发、测试或学术研究，其工作属于知识发现、学术/医疗或技术开发，归入Discovery/Science。	occupation_meaning:Test engineer：科学研究、专业教育、医疗服务或工程技术开发职责	"[""Discovery/Science""]"	bhht_semantic_batch_3
1686	Neuroendocrinologist	Discovery/Science	resolved	medium	“Neuroendocrinologist”从事的核心职责是以专门科学知识、学术研究、医疗服务或工程技术为主要职责，其工作属于知识发现、学术/医疗或技术开发，归入Discovery/Science。	occupation_meaning:Neuroendocrinologist：科学研究、专业教育、医疗服务或工程技术开发职责	"[""Discovery/Science""]"	bhht_semantic_batch_3
1690	Arts Educator	Culture	resolved	medium	“Arts Educator”所指工作核心是提供明确的艺术、媒体或文化产业创作与制作服务，属于文化生产、表演或传播职能，归入Culture。	occupation_meaning:Arts Educator：文化创作、表演、媒体传播或文化产品制作/发行职责	"[""Culture""]"	bhht_semantic_batch_3
1693	Soundtrack Composer	Culture	resolved	medium	“Soundtrack Composer”所指工作核心是支持或统筹影视、广播、音乐及其他文化内容的制作、技术实现或发行，属于文化生产、表演或传播职能，归入Culture。	occupation_meaning:Soundtrack Composer：文化创作、表演、媒体传播或文化产品制作/发行职责	"[""Culture""]"	bhht_semantic_batch_3
1697	Personal injury lawyer	Leadership	resolved	high	“Personal injury lawyer”的职责是提供法律意见、代理当事人或行使司法/公证职权，对应公共治理、法律/军事/宗教权威或企业金融领导，归入Leadership。	occupation_meaning:Personal injury lawyer：治理、法律、军职、宗教权威、外交或企业金融管理职责	"[""Leadership""]"	bhht_semantic_batch_3
1700	m/0qcntlr		needs_context	low	This is an opaque Freebase identifier without a human-readable occupation label.	occupation_meaning:m/0qcntlr：仅凭词项无法确定稳定职业职责	[]	bhht_semantic_batch_3
1703	Party leader	Leadership	resolved	high	“Party leader”的职责是参与公共政策、政治组织、外交或社会倡议的决策和协调，对应公共治理、法律/军事/宗教权威或企业金融领导，归入Leadership。	occupation_meaning:Party leader：治理、法律、军职、宗教权威、外交或企业金融管理职责	"[""Leadership""]"	bhht_semantic_batch_3
1706	Personal chef	Other	resolved	medium	“Personal chef”是提供标题所指的日常服务、运输、维修、照护、手工业或一般商业服务的职业称谓，不属于艺术文化、科学技术、公共权力或竞技体育领域，归入Other。	occupation_meaning:Personal chef：明确的日常服务、一般劳动或小规模商业经营职责	"[""Other""]"	bhht_semantic_batch_3
1710	Yoga Consultant	Other	resolved	medium	“Yoga Consultant”是提供标题所指的日常服务、运输、维修、照护、手工业或一般商业服务的职业称谓，不属于艺术文化、科学技术、公共权力或竞技体育领域，归入Other。	occupation_meaning:Yoga Consultant：明确的日常服务、一般劳动或小规模商业经营职责	"[""Other""]"	bhht_semantic_batch_3
1713	Computer repair technician	Other	resolved	medium	“Computer repair technician”是提供标题所指的日常服务、运输、维修、照护、手工业或一般商业服务的职业称谓，不属于艺术文化、科学技术、公共权力或竞技体育领域，归入Other。	occupation_meaning:Computer repair technician：明确的日常服务、一般劳动或小规模商业经营职责	"[""Other""]"	bhht_semantic_batch_3
1716	Biomedical Engineer	Discovery/Science	resolved	medium	“Biomedical Engineer”从事的核心职责是运用医学专业知识提供诊断、治疗、护理或健康服务，其工作属于知识发现、学术/医疗或技术开发，归入Discovery/Science。	occupation_meaning:Biomedical Engineer：科学研究、专业教育、医疗服务或工程技术开发职责	"[""Discovery/Science""]"	bhht_semantic_batch_3
1719	Navy pilot	Leadership	resolved	high	“Navy pilot”的职责是在军队或公共安全体系履行指挥、军职或执法责任，对应公共治理、法律/军事/宗教权威或企业金融领导，归入Leadership。	occupation_meaning:Navy pilot：治理、法律、军职、宗教权威、外交或企业金融管理职责	"[""Leadership""]"	bhht_semantic_batch_3
1722	Rodeo clown	Culture	resolved	high	The rodeo title denotes a clown who entertains spectators during rodeo breaks; the PRCA distinguishes this from the bullfighter, whose job is rider protection, so the full phrase is a performance role.	https://prorodeo.cld.bz/2019-PRCA-Media-Guide-Barrelmen-and-Bullfighters/4	"[""Culture""]"	bhht_semantic_batch_3
1725	Information technology		needs_context	low	This names a broad technical field rather than a specific job or duty.	occupation_meaning:Information technology：仅凭词项无法确定稳定职业职责	[]	bhht_semantic_batch_3
1728	Taluk Office		needs_context	low	This is an administrative office/unit label, not a person’s occupation.	https://raichur.nic.in/en/taluk-office/	[]	bhht_semantic_batch_3
1731	ADR Recordist	Culture	resolved	medium	“ADR Recordist”所指工作核心是支持或统筹影视、广播、音乐及其他文化内容的制作、技术实现或发行，属于文化生产、表演或传播职能，归入Culture。	occupation_meaning:ADR Recordist：文化创作、表演、媒体传播或文化产品制作/发行职责	"[""Culture""]"	bhht_semantic_batch_3
1734	Porcelain painter	Culture	resolved	medium	“Porcelain painter”所指工作核心是创作或呈现艺术作品/现场表演，职业产出面向文化受众，属于文化生产、表演或传播职能，归入Culture。	occupation_meaning:Porcelain painter：文化创作、表演、媒体传播或文化产品制作/发行职责	"[""Culture""]"	bhht_semantic_batch_3
1737	Business journalist	Culture	resolved	high	A business journalist reports and edits news about commerce; reporting is a media occupation, not business management.	occupation_meaning:Business journalist：文化创作、表演、媒体传播或文化产品制作/发行职责	"[""Culture""]"	bhht_semantic_batch_3
1740	First Gentleman	Other	resolved	medium	“First Gentleman”是承担明确的日常服务、普通职业劳动或小规模经营职责的职业称谓，不属于艺术文化、科学技术、公共权力或竞技体育领域，归入Other。	occupation_meaning:First Gentleman：明确的日常服务、一般劳动或小规模商业经营职责	"[""Other""]"	bhht_semantic_batch_3
1745	Chapmen	Other	resolved	high	Chapmen are itinerant traders/peddlers who travel to sell goods; this is small-scale commerce.	https://www.collinsdictionary.com/us/dictionary/english/chapmen	"[""Other""]"	bhht_semantic_batch_3
1749	Pyrotechnician	Other	resolved	medium	“Pyrotechnician”是提供标题所指的日常服务、运输、维修、照护、手工业或一般商业服务的职业称谓，不属于艺术文化、科学技术、公共权力或竞技体育领域，归入Other。	occupation_meaning:Pyrotechnician：明确的日常服务、一般劳动或小规模商业经营职责	"[""Other""]"	bhht_semantic_batch_3
1752	Sound Re-Recordist	Culture	resolved	medium	“Sound Re-Recordist”所指工作核心是支持或统筹影视、广播、音乐及其他文化内容的制作、技术实现或发行，属于文化生产、表演或传播职能，归入Culture。	occupation_meaning:Sound Re-Recordist：文化创作、表演、媒体传播或文化产品制作/发行职责	"[""Culture""]"	bhht_semantic_batch_3
1756	Youth worker	Other	resolved	medium	“Youth worker”是提供标题所指的日常服务、运输、维修、照护、手工业或一般商业服务的职业称谓，不属于艺术文化、科学技术、公共权力或竞技体育领域，归入Other。	occupation_meaning:Youth worker：明确的日常服务、一般劳动或小规模商业经营职责	"[""Other""]"	bhht_semantic_batch_3
1759	Hacker (TV subject)		needs_context	low	This is a TV-subject descriptor; it does not establish whether the person is a computer-security professional, criminal intruder, or merely depicted subject.	occupation_meaning:Hacker (TV subject)：仅凭词项无法确定稳定职业职责	[]	bhht_semantic_batch_3
1762	Staff		needs_context	low	“Staff” is a generic employment descriptor without a specific role or duties.	occupation_meaning:Staff：仅凭词项无法确定稳定职业职责	[]	bhht_semantic_batch_3
1765	Prince of Novgorod	Leadership	resolved	high	“Prince of Novgorod”的职责是承载王室/贵族身份或宫廷职务所赋予的治理、礼仪权责，对应公共治理、法律/军事/宗教权威或企业金融领导，归入Leadership。	occupation_meaning:Prince of Novgorod：治理、法律、军职、宗教权威、外交或企业金融管理职责	"[""Leadership""]"	bhht_semantic_batch_3
1768	Architectural Critic	Culture	resolved	medium	“Architectural Critic”所指工作核心是采访、撰写、编辑、评论或向公众传播文化/媒体内容，属于文化生产、表演或传播职能，归入Culture。	occupation_meaning:Architectural Critic：文化创作、表演、媒体传播或文化产品制作/发行职责	"[""Culture""]"	bhht_semantic_batch_3
1771	pedagogue assistant	Discovery/Science	resolved	medium	“pedagogue assistant”从事的核心职责是以专门科学知识、学术研究、医疗服务或工程技术为主要职责，其工作属于知识发现、学术/医疗或技术开发，归入Discovery/Science。	occupation_meaning:pedagogue assistant：科学研究、专业教育、医疗服务或工程技术开发职责	"[""Discovery/Science""]"	bhht_semantic_batch_3
1775	Methodist Preacher (Profession)	Leadership	resolved	high	“Methodist Preacher (Profession)”的职责是担任宗教组织的教职、权威或带领信众，对应公共治理、法律/军事/宗教权威或企业金融领导，归入Leadership。 词项中的编号及/或“(Profession)”是数据库区分标记，不改变该职业的职责含义。	occupation_meaning:Methodist Preacher (Profession)：治理、法律、军职、宗教权威、外交或企业金融管理职责	"[""Leadership""]"	bhht_semantic_batch_3
1778	Wrangler		needs_context	low	Wrangler may handle livestock or serve as a film/production wrangler; the domain is unspecified.	occupation_meaning:Wrangler：仅凭词项无法确定稳定职业职责	"[""Other"",""Culture""]"	bhht_semantic_batch_3
1781	Refrigeration Engineer	Discovery/Science	resolved	medium	“Refrigeration Engineer”从事的核心职责是从事专业教学、技术设计开发、测试或学术研究，其工作属于知识发现、学术/医疗或技术开发，归入Discovery/Science。	occupation_meaning:Refrigeration Engineer：科学研究、专业教育、医疗服务或工程技术开发职责	"[""Discovery/Science""]"	bhht_semantic_batch_3
1785	Book Designer	Culture	resolved	medium	“Book Designer”所指工作核心是创作或呈现艺术作品/现场表演，职业产出面向文化受众，属于文化生产、表演或传播职能，归入Culture。	occupation_meaning:Book Designer：文化创作、表演、媒体传播或文化产品制作/发行职责	"[""Culture""]"	bhht_semantic_batch_3
1790	Train Conductor	Other	resolved	medium	“Train Conductor”是提供标题所指的日常服务、运输、维修、照护、手工业或一般商业服务的职业称谓，不属于艺术文化、科学技术、公共权力或竞技体育领域，归入Other。	occupation_meaning:Train Conductor：明确的日常服务、一般劳动或小规模商业经营职责	"[""Other""]"	bhht_semantic_batch_3
1793	Marksman		needs_context	low	Marksman can denote competitive precision shooting or a military sharpshooter; the setting is not stated.	occupation_meaning:Marksman：仅凭词项无法确定稳定职业职责	"[""Sports/Games"",""Leadership""]"	bhht_semantic_batch_3
1796	Actor (Profession) #80	Culture	resolved	medium	“Actor (Profession) #80”所指工作核心是创作或呈现艺术作品/现场表演，职业产出面向文化受众，属于文化生产、表演或传播职能，归入Culture。 词项中的编号及/或“(Profession)”是数据库区分标记，不改变该职业的职责含义。	occupation_meaning:Actor (Profession) #80：文化创作、表演、媒体传播或文化产品制作/发行职责	"[""Culture""]"	bhht_semantic_batch_3
1799	Rector (Profession)		needs_context	low	Rector can head a university or a religious institution; the label alone does not resolve the institution and duties.	occupation_meaning:Rector (Profession)：仅凭词项无法确定稳定职业职责	"[""Leadership"",""Discovery/Science""]"	bhht_semantic_batch_3
1802	Stamp designer	Culture	resolved	medium	“Stamp designer”所指工作核心是创作或呈现艺术作品/现场表演，职业产出面向文化受众，属于文化生产、表演或传播职能，归入Culture。	occupation_meaning:Stamp designer：文化创作、表演、媒体传播或文化产品制作/发行职责	"[""Culture""]"	bhht_semantic_batch_3
1805	Conversion Rate Optimisation		needs_context	low	This is a marketing optimization practice, not a specific job title.	occupation_meaning:Conversion Rate Optimisation：仅凭词项无法确定稳定职业职责	[]	bhht_semantic_batch_3
1810	Inbound marketing		needs_context	low	This is a marketing discipline/strategy rather than a specific person’s occupation.	occupation_meaning:Inbound marketing：仅凭词项无法确定稳定职业职责	[]	bhht_semantic_batch_3
1813	m/012zw2f7		needs_context	low	This is an opaque Freebase identifier without a human-readable occupation label.	occupation_meaning:m/012zw2f7：仅凭词项无法确定稳定职业职责	[]	bhht_semantic_batch_3
1816	Business Analyst		needs_context	low	Business analyst can mean organizational strategy, financial analysis, or technical systems analysis; the specialization is absent.	occupation_meaning:Business Analyst：仅凭词项无法确定稳定职业职责	"[""Leadership"",""Other"",""Discovery/Science""]"	bhht_semantic_batch_3
