职业,关联人物数,L1,状态,置信度,来源,语义依据,候选L1
Actor,46585,Culture,retained_exact_unique,source_exact,author_exact_unique,完整职业词与作者规则精确一致，且规则候选 L1 唯一；本轮保留原映射。,"[""Culture""]"
Writer,21980,Culture,retained_exact_unique,source_exact,author_exact_unique,完整职业词与作者规则精确一致，且规则候选 L1 唯一；本轮保留原映射。,"[""Culture""]"
Artist,19413,Culture,retained_exact_unique,source_exact,author_exact_unique,完整职业词与作者规则精确一致，且规则候选 L1 唯一；本轮保留原映射。,"[""Culture""]"
Performance Artist,16505,Culture,resolved,high,primary_semantic_adjudication,行为艺术家以身体、行动及现场呈现创作艺术作品，属于艺术创作与表演。,"[""Culture""]"
Musician,13465,Culture,retained_exact_unique,source_exact,author_exact_unique,完整职业词与作者规则精确一致，且规则候选 L1 唯一；本轮保留原映射。,"[""Culture""]"
Screenwriter,10552,Culture,retained_exact_unique,source_exact,author_exact_unique,完整职业词与作者规则精确一致，且规则候选 L1 唯一；本轮保留原映射。,"[""Culture""]"
Film director,8505,Culture,resolved,high,agent_semantic_review,导演确定影片的叙事和视觉风格，统筹演员表演、摄影、场面调度，并与剪辑等部门完成影片。,"[""Culture""]"
Film Producer,8141,Culture,resolved,medium,agent_semantic_review,“Film Producer”所指工作核心是支持或统筹影视、广播、音乐及其他文化内容的制作、技术实现或发行，属于文化生产、表演或传播职能，归入Culture。,"[""Culture""]"
Singer,8056,Culture,retained_exact_unique,source_exact,author_exact_unique,完整职业词与作者规则精确一致，且规则候选 L1 唯一；本轮保留原映射。,"[""Culture""]"
Athlete,7946,Sports/Games,retained_exact_unique,source_exact,author_exact_unique,完整职业词与作者规则精确一致，且规则候选 L1 唯一；本轮保留原映射。,"[""Sports/Games""]"
Politician,5549,Leadership,retained_exact_unique,source_exact,author_exact_unique,完整职业词与作者规则精确一致，且规则候选 L1 唯一；本轮保留原映射。,"[""Leadership""]"
Business executive,4245,Leadership,resolved,medium,agent_semantic_review,制定企业经营计划、配置资金和人员，并监督部门负责人执行商业目标。,"[""Leadership""]"
Manager,4155,Leadership,retained_exact_unique,source_exact,author_exact_unique,完整职业词与作者规则精确一致，且规则候选 L1 唯一；本轮保留原映射。,"[""Leadership""]"
Businessperson,4031,Leadership,resolved,high,agent_semantic_review,经营或创办商业活动，决定产品、交易、客户及日常运营事项；具体管理规模需看上下文。,"[""Leadership""]"
Author,3887,Culture,retained_exact_unique,source_exact,author_exact_unique,完整职业词与作者规则精确一致，且规则候选 L1 唯一；本轮保留原映射。,"[""Culture""]"
Voice Actor,3657,Culture,resolved,medium,agent_semantic_review,“Voice Actor”所指工作核心是创作或呈现艺术作品/现场表演，职业产出面向文化受众，属于文化生产、表演或传播职能，归入Culture。,"[""Culture""]"
Scientist,3582,Discovery/Science,retained_exact_unique,source_exact,author_exact_unique,完整职业词与作者规则精确一致，且规则候选 L1 唯一；本轮保留原映射。,"[""Discovery/Science""]"
Composer (Profession),3520,Culture,resolved,high,agent_semantic_review,作曲家创作旋律、和声与乐曲结构，将音乐构思写成可演奏或录制的作品。,"[""Culture""]"
Television producer,3307,Culture,resolved,high,agent_semantic_review,统筹电视节目的选题、预算、演职人员、拍摄进度及播出交付。,"[""Culture""]"
Educator,3229,Discovery/Science,retained_exact_unique,source_exact,author_exact_unique,完整职业词与作者规则精确一致，且规则候选 L1 唯一；本轮保留原映射。,"[""Discovery/Science""]"
Broadcaster,3132,Culture,resolved,medium,agent_semantic_review,“Broadcaster”所指工作核心是采访、撰写、编辑、评论或向公众传播文化/媒体内容，属于文化生产、表演或传播职能，归入Culture。,"[""Culture""]"
Journalist,2991,Culture,retained_exact_unique,source_exact,author_exact_unique,完整职业词与作者规则精确一致，且规则候选 L1 唯一；本轮保留原映射。,"[""Culture""]"
Football player,2863,Sports/Games,resolved,high,agent_semantic_review,参加足球比赛并通过训练、配合和场上攻防争取比赛结果。,"[""Sports/Games""]"
Model,2817,Culture,retained_exact_unique,source_exact,author_exact_unique,完整职业词与作者规则精确一致，且规则候选 L1 唯一；本轮保留原映射。,"[""Culture""]"
Presenter,2632,Culture,retained_exact_unique,source_exact,author_exact_unique,完整职业词与作者规则精确一致，且规则候选 L1 唯一；本轮保留原映射。,"[""Culture""]"
Novelist,2512,Culture,retained_exact_unique,source_exact,author_exact_unique,完整职业词与作者规则精确一致，且规则候选 L1 唯一；本轮保留原映射。,"[""Culture""]"
Television director,2438,Culture,resolved,high,agent_semantic_review,电视导演规划节目镜头和现场调度，指导主持人与摄制组完成节目拍摄或直播。,"[""Culture""]"
Entertainer,2358,Culture,retained_exact_unique,source_exact,author_exact_unique,完整职业词与作者规则精确一致，且规则候选 L1 唯一；本轮保留原映射。,"[""Culture""]"
Criminal defense lawyer,2304,Leadership,resolved,high,primary_semantic_adjudication,刑事辩护律师为刑事案件当事人提供法律代理与辩护；criminal修饰案件领域，不代表律师是犯罪者。,"[""Leadership""]"
Lawyer,2304,Leadership,retained_exact_unique,source_exact,author_exact_unique,完整职业词与作者规则精确一致，且规则候选 L1 唯一；本轮保留原映射。,"[""Leadership""]"
Designer,2186,Culture,retained_exact_unique,source_exact,author_exact_unique,完整职业词与作者规则精确一致，且规则候选 L1 唯一；本轮保留原映射。,"[""Culture""]"
Songwriter,2169,Culture,retained_exact_unique,source_exact,author_exact_unique,完整职业词与作者规则精确一致，且规则候选 L1 唯一；本轮保留原映射。,"[""Culture""]"
Editor,2061,Culture,retained_exact_unique,source_exact,author_exact_unique,完整职业词与作者规则精确一致，且规则候选 L1 唯一；本轮保留原映射。,"[""Culture""]"
Film Score Composer,2012,Culture,resolved,high,agent_semantic_review,为电影创作主题旋律、配器和场景配乐，并协调录音以贴合画面叙事。,"[""Culture""]"
Comedian,1871,Culture,retained_exact_unique,source_exact,author_exact_unique,完整职业词与作者规则精确一致，且规则候选 L1 唯一；本轮保留原映射。,"[""Culture""]"
Health professional,1687,Discovery/Science,resolved,high,agent_semantic_review,评估健康状况、提供预防或治疗服务；该泛称没有限定具体医疗专科。,"[""Discovery/Science""]"
Mathematician,1682,Discovery/Science,retained_exact_unique,source_exact,author_exact_unique,完整职业词与作者规则精确一致，且规则候选 L1 唯一；本轮保留原映射。,"[""Discovery/Science""]"
Singer-songwriter,1599,Culture,resolved,medium,agent_semantic_review,“Singer-songwriter”所指工作核心是创作或呈现艺术作品/现场表演，职业产出面向文化受众，属于文化生产、表演或传播职能，归入Culture。,"[""Culture""]"
Teacher,1594,Discovery/Science,retained_exact_unique,source_exact,author_exact_unique,完整职业词与作者规则精确一致，且规则候选 L1 唯一；本轮保留原映射。,"[""Discovery/Science""]"
Poet,1556,Culture,retained_exact_unique,source_exact,author_exact_unique,完整职业词与作者规则精确一致，且规则候选 L1 唯一；本轮保留原映射。,"[""Culture""]"
Healthcare professional,1555,Discovery/Science,resolved,medium,agent_semantic_review,医疗专业人员评估健康需要，提供预防、诊断、治疗或康复照护；该泛称不指定临床专科。,"[""Discovery/Science""]"
Operator,1478,Other,retained_exact_unique,source_exact,author_exact_unique,完整职业词与作者规则精确一致，且规则候选 L1 唯一；本轮保留原映射。,"[""Other""]"
Cameraman,1466,Culture,resolved,high,agent_semantic_review,操作摄影机选择机位、镜头和运动方式，拍摄影视或新闻画面。,"[""Culture""]"
Playwright,1464,Culture,retained_exact_unique,source_exact,author_exact_unique,完整职业词与作者规则精确一致，且规则候选 L1 唯一；本轮保留原映射。,"[""Culture""]"
Cinematographer,1429,Culture,retained_exact_unique,source_exact,author_exact_unique,完整职业词与作者规则精确一致，且规则候选 L1 唯一；本轮保留原映射。,"[""Culture""]"
Physician,1410,Discovery/Science,retained_exact_unique,source_exact,author_exact_unique,完整职业词与作者规则精确一致，且规则候选 L1 唯一；本轮保留原映射。,"[""Discovery/Science""]"
Film editor,1401,Culture,resolved,medium,agent_semantic_review,“Film editor”所指工作核心是采访、撰写、编辑、评论或向公众传播文化/媒体内容，属于文化生产、表演或传播职能，归入Culture。,"[""Culture""]"
Music Producer,1379,Culture,resolved,medium,agent_semantic_review,统筹录音项目的曲目、演奏者、录音流程与成品声音，推动音乐作品完成发行。,"[""Culture""]"
Visual Artist,1323,Culture,retained_exact_unique,source_exact,author_exact_unique,完整职业词与作者规则精确一致，且规则候选 L1 唯一；本轮保留原映射。,"[""Culture""]"
Music executive,1298,Culture,resolved,medium,primary_semantic_adjudication,本轮按唱片、艺人及音乐内容业务的专门管理岗位归文化产业；这是完整短语的语义映射，不是作者对该完整词的精确分类。若人物另有CEO等职业应分别按其职责映射。,"[""Culture""]"
Record producer,1284,Culture,retained_exact_unique,source_exact,author_exact_unique,完整职业词与作者规则精确一致，且规则候选 L1 唯一；本轮保留原映射。,"[""Culture""]"
Dancer,1257,Culture,retained_exact_unique,source_exact,author_exact_unique,完整职业词与作者规则精确一致，且规则候选 L1 唯一；本轮保留原映射。,"[""Culture""]"
Philosopher,1149,Discovery/Science,retained_exact_unique,source_exact,author_exact_unique,完整职业词与作者规则精确一致，且规则候选 L1 唯一；本轮保留原映射。,"[""Discovery/Science""]"
Entrepreneur,1105,Leadership,retained_exact_unique,source_exact,author_exact_unique,完整职业词与作者规则精确一致，且规则候选 L1 唯一；本轮保留原映射。,"[""Leadership""]"
Guitarist,1057,Culture,resolved,medium,agent_semantic_review,“Guitarist”所指工作核心是创作或呈现艺术作品/现场表演，职业产出面向文化受众，属于文化生产、表演或传播职能，归入Culture。,"[""Culture""]"
Professor,1026,Discovery/Science,retained_exact_unique,source_exact,author_exact_unique,完整职业词与作者规则精确一致，且规则候选 L1 唯一；本轮保留原映射。,"[""Discovery/Science""]"
Engineer,1006,Discovery/Science,retained_exact_unique,source_exact,author_exact_unique,完整职业词与作者规则精确一致，且规则候选 L1 唯一；本轮保留原映射。,"[""Discovery/Science""]"
Theatre Director,996,Culture,resolved,medium,agent_semantic_review,戏剧导演解读剧本、确定舞台呈现方案，指导演员排演并协调布景、灯光和舞台行动。,"[""Culture""]"
Painter,943,Culture,retained_exact_unique,source_exact,author_exact_unique,完整职业词与作者规则精确一致，且规则候选 L1 唯一；本轮保留原映射。,"[""Culture""]"
Physicist,913,Discovery/Science,retained_exact_unique,source_exact,author_exact_unique,完整职业词与作者规则精确一致，且规则候选 L1 唯一；本轮保留原映射。,"[""Discovery/Science""]"
Official,913,,needs_context,low,agent_semantic_review,“Official”只表示某种正式职务或身份，未说明是政府、体育、企业还是其他机构，缺少岗位语境。,"[""Leadership"",""Sports/Games"",""Other""]"
American Football player,872,Sports/Games,resolved,high,agent_semantic_review,“American Football player”的工作直接围绕体育训练、竞技或比赛规则展开，具体职责是作为选手参加有规则的体育项目训练和竞技，归入Sports/Games。,"[""Sports/Games""]"
Photographer,823,Culture,retained_exact_unique,source_exact,author_exact_unique,完整职业词与作者规则精确一致，且规则候选 L1 唯一；本轮保留原映射。,"[""Culture""]"
Baseball Player,751,Sports/Games,resolved,high,agent_semantic_review,训练并参加棒球比赛，在攻守局面中击球、跑垒或守备。,"[""Sports/Games""]"
Conductor,723,Culture,retained_exact_unique,source_exact,author_exact_unique,完整职业词与作者规则精确一致，且规则候选 L1 唯一；本轮保留原映射。,"[""Culture""]"
Architect,717,Culture,retained_exact_unique,source_exact,author_exact_unique,完整职业词与作者规则精确一致，且规则候选 L1 唯一；本轮保留原映射。,"[""Culture""]"
Coach,696,Sports/Games,retained_exact_unique,source_exact,author_exact_unique,完整职业词与作者规则精确一致，且规则候选 L1 唯一；本轮保留原映射。,"[""Sports/Games""]"
Religious Leader (Religious Leadership Title),648,Leadership,resolved,high,agent_semantic_review,宗教领袖承担宗教共同体的权威与指导职责，按作者宗教领导类别归入 Leadership。,"[""Leadership""]"
Pianist,636,Culture,retained_exact_unique,source_exact,author_exact_unique,完整职业词与作者规则精确一致，且规则候选 L1 唯一；本轮保留原映射。,"[""Culture""]"
Historian,614,Discovery/Science,retained_exact_unique,source_exact,author_exact_unique,完整职业词与作者规则精确一致，且规则候选 L1 唯一；本轮保留原映射。,"[""Discovery/Science""]"
Soldier,613,Leadership,retained_exact_unique,source_exact,author_exact_unique,完整职业词与作者规则精确一致，且规则候选 L1 唯一；本轮保留原映射。,"[""Leadership""]"
Television crew,612,Culture,resolved,medium,agent_semantic_review,“Television crew”所指工作核心是提供明确的艺术、媒体或文化产业创作与制作服务，属于文化生产、表演或传播职能，归入Culture。,"[""Culture""]"
Chemist,606,Discovery/Science,retained_exact_unique,source_exact,author_exact_unique,完整职业词与作者规则精确一致，且规则候选 L1 唯一；本轮保留原映射。,"[""Discovery/Science""]"
Economist,546,Discovery/Science,retained_exact_unique,source_exact,author_exact_unique,完整职业词与作者规则精确一致，且规则候选 L1 唯一；本轮保留原映射。,"[""Discovery/Science""]"
Critic,527,Culture,retained_exact_unique,source_exact,author_exact_unique,完整职业词与作者规则精确一致，且规则候选 L1 唯一；本轮保留原映射。,"[""Culture""]"
Activist,525,Leadership,retained_exact_unique,source_exact,author_exact_unique,完整职业词与作者规则精确一致，且规则候选 L1 唯一；本轮保留原映射。,"[""Leadership""]"
Cartoonist,471,Culture,retained_exact_unique,source_exact,author_exact_unique,完整职业词与作者规则精确一致，且规则候选 L1 唯一；本轮保留原映射。,"[""Culture""]"
Sex worker,456,Other,resolved,high,agent_semantic_review,按约定向客户提供性服务或成人陪伴服务；词项未指定具体服务形式。,"[""Other""]"
Pornographic film actor,436,Culture,resolved,high,agent_semantic_review,成人影片演员在成人电影拍摄中按剧本表演角色，并配合导演完成镜头拍摄。,"[""Culture""]"
Costume designer,416,Culture,retained_exact_unique,source_exact,author_exact_unique,完整职业词与作者规则精确一致，且规则候选 L1 唯一；本轮保留原映射。,"[""Culture""]"
Ice Hockey Player,409,Sports/Games,resolved,high,agent_semantic_review,“Ice Hockey Player”的工作直接围绕体育训练、竞技或比赛规则展开，具体职责是作为选手参加有规则的体育项目训练和竞技，归入Sports/Games。,"[""Sports/Games""]"
Linguist,407,Discovery/Science,retained_exact_unique,source_exact,author_exact_unique,完整职业词与作者规则精确一致，且规则候选 L1 唯一；本轮保留原映射。,"[""Discovery/Science""]"
Navigator,406,Discovery/Science,retained_exact_unique,source_exact,author_exact_unique,完整职业词与作者规则精确一致，且规则候选 L1 唯一；本轮保留原映射。,"[""Discovery/Science""]"
Production Designer,405,Culture,retained_exact_unique,source_exact,author_exact_unique,完整职业词与作者规则精确一致，且规则候选 L1 唯一；本轮保留原映射。,"[""Culture""]"
Lyricist (Profession),401,Culture,resolved,medium,agent_semantic_review,为歌曲创作歌词，使文字内容、韵律和主题与旋律及演唱相配。,"[""Culture""]"
Basketball Player,392,Sports/Games,resolved,high,agent_semantic_review,参加篮球训练和比赛，在场上执行进攻、防守及团队战术。,"[""Sports/Games""]"
Stunt Performer,390,Culture,resolved,medium,agent_semantic_review,“Stunt Performer”所指工作核心是创作或呈现艺术作品/现场表演，职业产出面向文化受众，属于文化生产、表演或传播职能，归入Culture。,"[""Culture""]"
Radio personality,382,Culture,resolved,medium,agent_semantic_review,广播名人/电台主持人在节目中主持、访谈或评论，以声音内容维系听众互动。,"[""Culture""]"
Military Officer,382,Leadership,resolved,high,agent_semantic_review,指挥军人和部队执行训练、部署或作战任务，并负责纪律与行动协调。,"[""Leadership""]"
Art Director,379,Culture,retained_exact_unique,source_exact,author_exact_unique,完整职业词与作者规则精确一致，且规则候选 L1 唯一；本轮保留原映射。,"[""Culture""]"
Agent,378,,needs_context,low,agent_semantic_review,"An agent can mean a talent representative, commercial intermediary, intelligence operative, or other role; this bare label does not identify the duties.",[]
Clergy,376,Leadership,retained_exact_unique,source_exact,author_exact_unique,完整职业词与作者规则精确一致，且规则候选 L1 唯一；本轮保留原映射。,"[""Leadership""]"
Diplomat,366,Leadership,retained_exact_unique,source_exact,author_exact_unique,完整职业词与作者规则精确一致，且规则候选 L1 唯一；本轮保留原映射。,"[""Leadership""]"
Race car driver,360,Sports/Games,resolved,medium,agent_semantic_review,驾驶赛车参加赛道竞速，通过操控车辆争取比赛名次。,"[""Sports/Games""]"
Producer,355,Culture,retained_exact_unique,source_exact,author_exact_unique,完整职业词与作者规则精确一致，且规则候选 L1 唯一；本轮保留原映射。,"[""Culture""]"
Drummer,351,Culture,retained_exact_unique,source_exact,author_exact_unique,完整职业词与作者规则精确一致，且规则候选 L1 唯一；本轮保留原映射。,"[""Culture""]"
TV Personality (Profession),346,Culture,resolved,high,agent_semantic_review,电视名人通过主持、访谈、表演或常驻节目露面形成电视公众形象；具体节目类型未限定。,"[""Culture""]"
Judge,334,Leadership,retained_exact_unique,source_exact,author_exact_unique,完整职业词与作者规则精确一致，且规则候选 L1 唯一；本轮保留原映射。,"[""Leadership""]"
Essayist,329,Culture,retained_exact_unique,source_exact,author_exact_unique,完整职业词与作者规则精确一致，且规则候选 L1 唯一；本轮保留原映射。,"[""Culture""]"
Film art director,324,Culture,resolved,medium,agent_semantic_review,“Film art director”所指工作核心是支持或统筹影视、广播、音乐及其他文化内容的制作、技术实现或发行，属于文化生产、表演或传播职能，归入Culture。,"[""Culture""]"
Wrestler,322,Sports/Games,retained_exact_unique,source_exact,author_exact_unique,完整职业词与作者规则精确一致，且规则候选 L1 唯一；本轮保留原映射。,"[""Sports/Games""]"
Rapper,316,Culture,retained_exact_unique,source_exact,author_exact_unique,完整职业词与作者规则精确一致，且规则候选 L1 唯一；本轮保留原映射。,"[""Culture""]"
Theatrical producer,316,Culture,resolved,medium,agent_semantic_review,筹措演出资源、聘用创作与演出人员，并组织戏剧排练、制作和上演。,"[""Culture""]"
Translator (Film job),298,Culture,resolved,medium,primary_semantic_adjudication,Film job限定影视翻译岗位，服务字幕、配音或影视文本制作，按专门文化制作职能归类。,"[""Culture""]"
Music Director,289,Culture,resolved,medium,agent_semantic_review,“Music Director”所指工作核心是支持或统筹影视、广播、音乐及其他文化内容的制作、技术实现或发行，属于文化生产、表演或传播职能，归入Culture。,"[""Culture""]"
Technician,287,Other,retained_exact_unique,source_exact,author_exact_unique,完整职业词与作者规则精确一致，且规则候选 L1 唯一；本轮保留原映射。,"[""Other""]"
Announcer,286,Culture,retained_exact_unique,source_exact,author_exact_unique,完整职业词与作者规则精确一致，且规则候选 L1 唯一；本轮保留原映射。,"[""Culture""]"
Psychologist,281,Discovery/Science,retained_exact_unique,source_exact,author_exact_unique,完整职业词与作者规则精确一致，且规则候选 L1 唯一；本轮保留原映射。,"[""Discovery/Science""]"
Choreographer,278,Culture,retained_exact_unique,source_exact,author_exact_unique,完整职业词与作者规则精确一致，且规则候选 L1 唯一；本轮保留原映射。,"[""Culture""]"
Disc jockey,269,Culture,resolved,high,primary_semantic_adjudication,选择、混音并播放录制音乐供广播或现场受众收听，是音乐传播岗位；不是赛马骑师。,"[""Culture""]"
Arranger,265,Culture,resolved,high,agent_semantic_review,将旋律和和声改编为适合特定乐器、声部或演出编制的音乐谱面。,"[""Culture""]"
Fashion designer,265,Culture,retained_exact_unique,source_exact,author_exact_unique,完整职业词与作者规则精确一致，且规则候选 L1 唯一；本轮保留原映射。,"[""Culture""]"
Computer scientist,258,Discovery/Science,retained_exact_unique,source_exact,author_exact_unique,完整职业词与作者规则精确一致，且规则候选 L1 唯一；本轮保留原映射。,"[""Discovery/Science""]"
Banker,254,Leadership,resolved,high,agent_semantic_review,“Banker”的职责是承担机构治理、金融资本配置、商业经营管理或政治公共事务职责，对应公共治理、法律/军事/宗教权威或企业金融领导，归入Leadership。,"[""Leadership""]"
Agriculturalist,252,Other,resolved,medium,primary_semantic_adjudication,农业实务专家向农户或企业提供建议；本轮优先按作者同义agriculturist的Worker/Business(small)口径，而不因expert一词自动判为学术研究者。,"[""Other""]"
Aviator,248,Leadership,retained_exact_unique,source_exact,author_exact_unique,完整职业词与作者规则精确一致，且规则候选 L1 唯一；本轮保留原映射。,"[""Leadership""]"
Publisher (Editor title),242,Culture,resolved,high,agent_semantic_review,出版编辑/出版人筛选和委托稿件，组织编辑校对、制作与发行，将作品推向读者。,"[""Culture""]"
Bassist,241,Culture,retained_exact_unique,source_exact,author_exact_unique,完整职业词与作者规则精确一致，且规则候选 L1 唯一；本轮保留原映射。,"[""Culture""]"
Music artist,239,Culture,resolved,medium,agent_semantic_review,“Music artist”所指工作核心是创作或呈现艺术作品/现场表演，职业产出面向文化受众，属于文化生产、表演或传播职能，归入Culture。,"[""Culture""]"
Fashion Model,232,Culture,retained_exact_unique,source_exact,author_exact_unique,完整职业词与作者规则精确一致，且规则候选 L1 唯一；本轮保留原映射。,"[""Culture""]"
Astronomer,232,Discovery/Science,retained_exact_unique,source_exact,author_exact_unique,完整职业词与作者规则精确一致，且规则候选 L1 唯一；本轮保留原映射。,"[""Discovery/Science""]"
Inventor,232,Discovery/Science,retained_exact_unique,source_exact,author_exact_unique,完整职业词与作者规则精确一致，且规则候选 L1 唯一；本轮保留原映射。,"[""Discovery/Science""]"
Television presenter,225,Culture,resolved,medium,agent_semantic_review,在电视节目中介绍主题、采访来宾并引导现场或录制环节。,"[""Culture""]"
Tennis player,225,Sports/Games,resolved,high,agent_semantic_review,进行网球训练并参加单打或双打比赛，以击球和战术争取胜局。,"[""Sports/Games""]"
Rugby Player,217,Sports/Games,resolved,high,agent_semantic_review,“Rugby Player”的工作直接围绕体育训练、竞技或比赛规则展开，具体职责是作为选手参加有规则的体育项目训练和竞技，归入Sports/Games。,"[""Sports/Games""]"
Sculptor,213,Culture,retained_exact_unique,source_exact,author_exact_unique,完整职业词与作者规则精确一致，且规则候选 L1 唯一；本轮保留原映射。,"[""Culture""]"
Tradesman,210,Leadership,retained_exact_unique,source_exact,author_exact_unique,完整职业词与作者规则精确一致，且规则候选 L1 唯一；本轮保留原映射。,"[""Leadership""]"
Animator,210,Culture,retained_exact_unique,source_exact,author_exact_unique,完整职业词与作者规则精确一致，且规则候选 L1 唯一；本轮保留原映射。,"[""Culture""]"
Professional Boxer,208,Sports/Games,resolved,high,agent_semantic_review,职业拳击手训练并参加拳击赛事，以拳击技术击打对手、争取比赛胜利。,"[""Sports/Games""]"
Child Actor,206,Culture,resolved,high,agent_semantic_review,在舞台或影视作品中扮演角色，按剧本完成台词、动作和排演。,"[""Culture""]"
Illustrator (Profession),200,Culture,resolved,medium,agent_semantic_review,“Illustrator (Profession)”所指工作核心是创作或呈现艺术作品/现场表演，职业产出面向文化受众，属于文化生产、表演或传播职能，归入Culture。 词项中的编号及/或“(Profession)”是数据库区分标记，不改变该职业的职责含义。,"[""Culture""]"
Beautician,198,Other,resolved,medium,agent_semantic_review,为顾客提供皮肤护理、化妆或其他美容服务。,"[""Other""]"
Television Editor,198,Culture,resolved,high,agent_semantic_review,电视编辑筛选并剪接拍摄素材，调整画面顺序、节奏和声音，形成播出节目。,"[""Culture""]"
Scholar,195,Discovery/Science,retained_exact_unique,source_exact,author_exact_unique,完整职业词与作者规则精确一致，且规则候选 L1 唯一；本轮保留原映射。,"[""Discovery/Science""]"
Violist,190,Culture,retained_exact_unique,source_exact,author_exact_unique,完整职业词与作者规则精确一致，且规则候选 L1 唯一；本轮保留原映射。,"[""Culture""]"
Cricketer,184,Sports/Games,resolved,high,agent_semantic_review,“Cricketer”的工作直接围绕体育训练、竞技或比赛规则展开，具体职责是参与体育项目的训练、竞技或赛事组织，归入Sports/Games。,"[""Sports/Games""]"
Commentator,183,Culture,retained_exact_unique,source_exact,author_exact_unique,完整职业词与作者规则精确一致，且规则候选 L1 唯一；本轮保留原映射。,"[""Culture""]"
Minister,183,Leadership,retained_exact_unique,source_exact,author_exact_unique,完整职业词与作者规则精确一致，且规则候选 L1 唯一；本轮保留原映射。,"[""Leadership""]"
Martial artist,182,Sports/Games,resolved,medium,agent_semantic_review,练习并展示武术套路、格斗技术或自卫技法，也可能参加武术比赛。,"[""Sports/Games""]"
Ballet Dancer,182,Culture,resolved,high,agent_semantic_review,排练并在舞台上表演古典芭蕾舞剧或舞蹈作品。,"[""Culture""]"
Casting Director,179,Culture,retained_exact_unique,source_exact,author_exact_unique,完整职业词与作者规则精确一致，且规则候选 L1 唯一；本轮保留原映射。,"[""Culture""]"
Farmer,170,Other,retained_exact_unique,source_exact,author_exact_unique,完整职业词与作者规则精确一致，且规则候选 L1 唯一；本轮保留原映射。,"[""Other""]"
Keyboard player,169,Culture,resolved,high,primary_semantic_adjudication,演奏键盘乐器的音乐人；player在完整短语中指乐器演奏者。,"[""Culture""]"
Cook,166,Other,retained_exact_unique,source_exact,author_exact_unique,完整职业词与作者规则精确一致，且规则候选 L1 唯一；本轮保留原映射。,"[""Other""]"
Marketer,166,Other,resolved,high,agent_semantic_review,市场营销人员执行产品推广、市场研究与客户拓展等商业服务工作；作者将 marketing 归入 Worker/Business (small)，对应 Other。,"[""Other""]"
Law enforcement officer,165,Leadership,resolved,high,agent_semantic_review,执法人员巡逻、调查违法事件、执行逮捕或其他法定执法任务，维护公共秩序。,"[""Leadership""]"
Philanthropist,161,Other,retained_exact_unique,source_exact,author_exact_unique,完整职业词与作者规则精确一致，且规则候选 L1 唯一；本轮保留原映射。,"[""Other""]"
Anthropologist,156,Discovery/Science,retained_exact_unique,source_exact,author_exact_unique,完整职业词与作者规则精确一致，且规则候选 L1 唯一；本轮保留原映射。,"[""Discovery/Science""]"
Social activist,153,Leadership,resolved,high,agent_semantic_review,“Social activist”的职责是参与公共政策、政治组织、外交或社会倡议的决策和协调，对应公共治理、法律/军事/宗教权威或企业金融领导，归入Leadership。,"[""Leadership""]"
Spokesperson,149,Culture,resolved,medium,primary_semantic_adjudication,代表组织向公众和媒体传达信息，完整职务的核心是对外传播；组织属于政府或企业本身不改变这一传播职能。,"[""Culture""]"
Opera singer,149,Culture,resolved,high,agent_semantic_review,以受训的歌唱技巧演唱歌剧角色，并配合乐队和舞台表演完成戏剧情节。,"[""Culture""]"
Blue-collar worker,147,Other,resolved,medium,agent_semantic_review,“Blue-collar worker”是提供标题所指的日常服务、运输、维修、照护、手工业或一般商业服务的职业称谓，不属于艺术文化、科学技术、公共权力或竞技体育领域，归入Other。,"[""Other""]"
Nurse,147,Discovery/Science,retained_exact_unique,source_exact,author_exact_unique,完整职业词与作者规则精确一致，且规则候选 L1 唯一；本轮保留原映射。,"[""Discovery/Science""]"
Bandleader,145,Culture,retained_exact_unique,source_exact,author_exact_unique,完整职业词与作者规则精确一致，且规则候选 L1 唯一；本轮保留原映射。,"[""Culture""]"
Sound Engineer,145,Culture,resolved,high,primary_semantic_adjudication,从事录音、混音或声音后期，为音乐和影视作品实现音频效果；此处engineer指声音制作岗位。,"[""Culture""]"
Researcher,144,Discovery/Science,resolved,high,agent_semantic_review,围绕某个问题设计调查或实验、收集资料并分析证据以形成结论；具体学科未限定。,"[""Discovery/Science""]"
Botanist,136,Discovery/Science,retained_exact_unique,source_exact,author_exact_unique,完整职业词与作者规则精确一致，且规则候选 L1 唯一；本轮保留原映射。,"[""Discovery/Science""]"
Chef,134,Other,retained_exact_unique,source_exact,author_exact_unique,完整职业词与作者规则精确一致，且规则候选 L1 唯一；本轮保留原映射。,"[""Other""]"
Multi-instrumentalist,131,Culture,resolved,medium,agent_semantic_review,“Multi-instrumentalist”所指工作核心是创作或呈现艺术作品/现场表演，职业产出面向文化受众，属于文化生产、表演或传播职能，归入Culture。,"[""Culture""]"
Set Decorator,131,Culture,resolved,medium,agent_semantic_review,布景装饰师依据美术设计挑选、摆放和维护家具、道具及装饰物，营造影视场景。,"[""Culture""]"
Sailor,130,Discovery/Science,retained_exact_unique,source_exact,author_exact_unique,完整职业词与作者规则精确一致，且规则候选 L1 唯一；本轮保留原映射。,"[""Discovery/Science""]"
Swimmer,125,Sports/Games,retained_exact_unique,source_exact,author_exact_unique,完整职业词与作者规则精确一致，且规则候选 L1 唯一；本轮保留原映射。,"[""Sports/Games""]"
Barrister,124,Leadership,retained_exact_unique,source_exact,author_exact_unique,完整职业词与作者规则精确一致，且规则候选 L1 唯一；本轮保留原映射。,"[""Leadership""]"
Makeup Artist,124,Culture,retained_exact_unique,source_exact,author_exact_unique,完整职业词与作者规则精确一致，且规则候选 L1 唯一；本轮保留原映射。,"[""Culture""]"
Sports commentator,121,Culture,resolved,high,primary_semantic_adjudication,通过广播或媒体解说体育赛事，职业职能是内容传播，体育是其报道题材。,"[""Culture""]"
Statistician,119,Discovery/Science,retained_exact_unique,source_exact,author_exact_unique,完整职业词与作者规则精确一致，且规则候选 L1 唯一；本轮保留原映射。,"[""Discovery/Science""]"
Consultant,119,Other,retained_exact_unique,source_exact,author_exact_unique,完整职业词与作者规则精确一致，且规则候选 L1 唯一；本轮保留原映射。,"[""Other""]"
Geologist,119,Discovery/Science,retained_exact_unique,source_exact,author_exact_unique,完整职业词与作者规则精确一致，且规则候选 L1 唯一；本轮保留原映射。,"[""Discovery/Science""]"
Civil engineer,117,Discovery/Science,resolved,medium,agent_semantic_review,“Civil engineer”从事的核心职责是从事专业教学、技术设计开发、测试或学术研究，其工作属于知识发现、学术/医疗或技术开发，归入Discovery/Science。,"[""Discovery/Science""]"
Surgeon,115,Discovery/Science,retained_exact_unique,source_exact,author_exact_unique,完整职业词与作者规则精确一致，且规则候选 L1 唯一；本轮保留原映射。,"[""Discovery/Science""]"
Literary critic,114,Culture,resolved,medium,agent_semantic_review,阅读并分析文学作品的主题、语言与结构，撰写评论或学术评价。,"[""Culture""]"
Graphic Designer,112,Culture,retained_exact_unique,source_exact,author_exact_unique,完整职业词与作者规则精确一致，且规则候选 L1 唯一；本轮保留原映射。,"[""Culture""]"
Sales management,112,Leadership,resolved,high,agent_semantic_review,销售管理负责规划销售目标、带领销售团队并监督业绩，属于组织管理职能。,"[""Leadership""]"
Nude Glamour Model,111,Culture,resolved,medium,agent_semantic_review,“Nude Glamour Model”所指工作核心是提供明确的艺术、媒体或文化产业创作与制作服务，属于文化生产、表演或传播职能，归入Culture。,"[""Culture""]"
Artisan,110,Other,retained_exact_unique,source_exact,author_exact_unique,完整职业词与作者规则精确一致，且规则候选 L1 唯一；本轮保留原映射。,"[""Other""]"
Golfer,110,Sports/Games,resolved,medium,agent_semantic_review,练习并参加高尔夫赛事，以尽可能少的杆数完成球洞。,"[""Sports/Games""]"
Filmmaker,109,Culture,retained_exact_unique,source_exact,author_exact_unique,完整职业词与作者规则精确一致，且规则候选 L1 唯一；本轮保留原映射。,"[""Culture""]"
Real Estate Broker,105,Other,resolved,medium,agent_semantic_review,房地产经纪人撮合买卖/租赁双方、评估并营销房产；作者同义职业 estate_agent / realtor / broker 属普通职业，归 Other。,"[""Other""]"
Environmentalist,104,Leadership,retained_exact_unique,source_exact,author_exact_unique,完整职业词与作者规则精确一致，且规则候选 L1 唯一；本轮保留原映射。,"[""Leadership""]"
Australian rules football player,103,Sports/Games,resolved,high,agent_semantic_review,“Australian rules football player”的工作直接围绕体育训练、竞技或比赛规则展开，具体职责是作为选手参加有规则的体育项目训练和竞技，归入Sports/Games。,"[""Sports/Games""]"
Rabbi,101,Leadership,retained_exact_unique,source_exact,author_exact_unique,完整职业词与作者规则精确一致，且规则候选 L1 唯一；本轮保留原映射。,"[""Leadership""]"
Newscaster,100,Culture,retained_exact_unique,source_exact,author_exact_unique,完整职业词与作者规则精确一致，且规则候选 L1 唯一；本轮保留原映射。,"[""Culture""]"
Domestic worker,98,Other,resolved,high,agent_semantic_review,家务劳动者为雇主家庭清洁、烹饪、洗衣或照护家人，承担日常家庭服务。,"[""Other""]"
Track and field athlete,97,Sports/Games,resolved,high,agent_semantic_review,参加田径项目的训练与比赛，如跑步、跳跃或投掷，并争取竞赛成绩。,"[""Sports/Games""]"
Public speaker,96,,needs_context,low,agent_semantic_review,"Public speaking describes a communication activity, not a stable profession; the subject, audience, and organizational role are unspecified.","[""Culture"",""Leadership""]"
Basketball Coach,96,Sports/Games,resolved,high,agent_semantic_review,制定训练计划、教授技术战术并带领篮球队备赛和参赛。,"[""Sports/Games""]"
Playback Singer,94,Culture,resolved,high,agent_semantic_review,影视回放歌手为电影或电视录制歌曲人声，由演员在成片中对口型或以配乐呈现。,"[""Culture""]"
Librettist,94,Culture,retained_exact_unique,source_exact,author_exact_unique,完整职业词与作者规则精确一致，且规则候选 L1 唯一；本轮保留原映射。,"[""Culture""]"
Priest,94,Leadership,retained_exact_unique,source_exact,author_exact_unique,完整职业词与作者规则精确一致，且规则候选 L1 唯一；本轮保留原映射。,"[""Leadership""]"
Film critic,93,Culture,resolved,high,agent_semantic_review,A film critic evaluates and writes or broadcasts criticism about cinema; the subject matter does not make this a film production or sports role.,"[""Culture""]"
Jazz Pianist,93,Culture,resolved,medium,agent_semantic_review,以钢琴演奏爵士乐曲或即兴段落，参与独奏、伴奏或乐队合奏。,"[""Culture""]"
Talk show host,93,Culture,resolved,high,agent_semantic_review,主持谈话节目、介绍议题并采访嘉宾，引导录制或直播对话。,"[""Culture""]"
Stand-up comedian,93,Culture,resolved,medium,agent_semantic_review,“Stand-up comedian”所指工作核心是创作或呈现艺术作品/现场表演，职业产出面向文化受众，属于文化生产、表演或传播职能，归入Culture。,"[""Culture""]"
Biologist,92,Discovery/Science,retained_exact_unique,source_exact,author_exact_unique,完整职业词与作者规则精确一致，且规则候选 L1 唯一；本轮保留原映射。,"[""Discovery/Science""]"
Political scientist,91,Discovery/Science,retained_exact_unique,source_exact,author_exact_unique,完整职业词与作者规则精确一致，且规则候选 L1 唯一；本轮保留原映射。,"[""Discovery/Science""]"
Tarento,91,Culture,retained_exact_unique,source_exact,author_exact_unique,完整职业词与作者规则精确一致，且规则候选 L1 唯一；本轮保留原映射。,"[""Culture""]"
Psychoanalyst,91,Discovery/Science,retained_exact_unique,source_exact,author_exact_unique,完整职业词与作者规则精确一致，且规则候选 L1 唯一；本轮保留原映射。,"[""Discovery/Science""]"
Restaurateur,90,Other,retained_exact_unique,source_exact,author_exact_unique,完整职业词与作者规则精确一致，且规则候选 L1 唯一；本轮保留原映射。,"[""Other""]"
Vaudeville Performer,90,Culture,resolved,medium,agent_semantic_review,杂耍剧场表演者在综艺舞台上演唱、跳舞、喜剧或展示才艺，完成现场娱乐节目。,"[""Culture""]"
Talent manager,89,Culture,resolved,high,agent_semantic_review,代表演员、音乐人等艺人处理合同、演出机会、日程和职业发展事务。,"[""Culture""]"
Police officer,88,Leadership,resolved,high,agent_semantic_review,“Police officer”的职责是在军队或公共安全体系履行指挥、军职或执法责任，对应公共治理、法律/军事/宗教权威或企业金融领导，归入Leadership。,"[""Leadership""]"
Science writer,88,Culture,resolved,high,primary_semantic_adjudication,向读者撰写科学主题内容；职业是写作者，科学是题材。,"[""Culture""]"
Investor,87,Leadership,retained_exact_unique,source_exact,author_exact_unique,完整职业词与作者规则精确一致，且规则候选 L1 唯一；本轮保留原映射。,"[""Leadership""]"
Statesman,87,Leadership,retained_exact_unique,source_exact,author_exact_unique,完整职业词与作者规则精确一致，且规则候选 L1 唯一；本轮保留原映射。,"[""Leadership""]"
Sociologist,87,Discovery/Science,retained_exact_unique,source_exact,author_exact_unique,完整职业词与作者规则精确一致，且规则候选 L1 唯一；本轮保留原映射。,"[""Discovery/Science""]"
Merchant,87,Leadership,retained_exact_unique,source_exact,author_exact_unique,完整职业词与作者规则精确一致，且规则候选 L1 唯一；本轮保留原映射。,"[""Leadership""]"
Office Worker,86,Other,resolved,high,agent_semantic_review,处理办公室的文书、数据录入、通信、排程或一般行政事务；具体岗位未限定。,"[""Other""]"
Audio Engineer,86,Culture,resolved,high,primary_semantic_adjudication,从事录音、混音或声音后期，为音乐和影视作品实现音频效果；此处engineer指声音制作岗位。,"[""Culture""]"
Sumo Wrestler,86,Sports/Games,resolved,high,agent_semantic_review,相扑力士训练并参加相扑比赛，以推、摔和抱摔等规则动作争取将对手推出场地或使其触地。,"[""Sports/Games""]"
Socialite,84,Leadership,retained_exact_unique,source_exact,author_exact_unique,完整职业词与作者规则精确一致，且规则候选 L1 唯一；本轮保留原映射。,"[""Leadership""]"
Pastor,83,Leadership,retained_exact_unique,source_exact,author_exact_unique,完整职业词与作者规则精确一致，且规则候选 L1 唯一；本轮保留原映射。,"[""Leadership""]"
Criminal,80,Other,retained_exact_unique,source_exact,author_exact_unique,完整职业词与作者规则精确一致，且规则候选 L1 唯一；本轮保留原映射。,"[""Other""]"
Programmer,79,Discovery/Science,retained_exact_unique,source_exact,author_exact_unique,完整职业词与作者规则精确一致，且规则候选 L1 唯一；本轮保留原映射。,"[""Discovery/Science""]"
Political activist,79,Leadership,resolved,high,agent_semantic_review,组织或参与政治倡议、集会和竞选行动，推动特定公共政策或政治变革。,"[""Leadership""]"
Librarian,79,Other,retained_exact_unique,source_exact,author_exact_unique,完整职业词与作者规则精确一致，且规则候选 L1 唯一；本轮保留原映射。,"[""Other""]"
Jurist,75,Leadership,retained_exact_unique,source_exact,author_exact_unique,完整职业词与作者规则精确一致，且规则候选 L1 唯一；本轮保留原映射。,"[""Leadership""]"
Alpine skier,75,Sports/Games,resolved,high,agent_semantic_review,“Alpine skier”的工作直接围绕体育训练、竞技或比赛规则展开，具体职责是作为选手参加有规则的体育项目训练和竞技，归入Sports/Games。,"[""Sports/Games""]"
Music video director,74,Culture,resolved,medium,agent_semantic_review,规划并指导音乐录影带的视觉叙事、镜头表演和拍摄制作。,"[""Culture""]"
American Football coach,74,Sports/Games,resolved,high,agent_semantic_review,美式橄榄球教练制定战术与训练计划、指导球员技术，并在比赛中安排阵容和临场策略。,"[""Sports/Games""]"
Theologian,72,Discovery/Science,retained_exact_unique,source_exact,author_exact_unique,完整职业词与作者规则精确一致，且规则候选 L1 唯一；本轮保留原映射。,"[""Discovery/Science""]"
Talent agent,71,Culture,retained_exact_unique,source_exact,author_exact_unique,完整职业词与作者规则精确一致，且规则候选 L1 唯一；本轮保留原映射。,"[""Culture""]"
Organist,70,Culture,retained_exact_unique,source_exact,author_exact_unique,完整职业词与作者规则精确一致，且规则候选 L1 唯一；本轮保留原映射。,"[""Culture""]"
Secretary,70,Leadership,retained_exact_unique,source_exact,author_exact_unique,完整职业词与作者规则精确一致，且规则候选 L1 唯一；本轮保留原映射。,"[""Leadership""]"
Publicist,70,Culture,retained_exact_unique,source_exact,author_exact_unique,完整职业词与作者规则精确一致，且规则候选 L1 唯一；本轮保留原映射。,"[""Culture""]"
Animal trainer,69,Other,resolved,high,agent_semantic_review,"An animal trainer conditions animals to respond to commands for care, work, or performance; the phrase alone does not imply sports coaching.","[""Other""]"
Trumpeter,68,Culture,resolved,medium,agent_semantic_review,演奏小号的独奏、合奏或伴奏声部，参加录音、乐团或现场演出。,"[""Culture""]"
Psychiatrist,67,Discovery/Science,retained_exact_unique,source_exact,author_exact_unique,完整职业词与作者规则精确一致，且规则候选 L1 唯一；本轮保留原映射。,"[""Discovery/Science""]"
Social Worker,65,Other,resolved,high,agent_semantic_review,评估个人或家庭的社会服务需求，协助获得福利、住房、辅导等资源并跟进个案。,"[""Other""]"
Hairdresser,64,Other,retained_exact_unique,source_exact,author_exact_unique,完整职业词与作者规则精确一致，且规则候选 L1 唯一；本轮保留原映射。,"[""Other""]"
Archaeologist,63,Discovery/Science,retained_exact_unique,source_exact,author_exact_unique,完整职业词与作者规则精确一致，且规则候选 L1 唯一；本轮保留原映射。,"[""Discovery/Science""]"
TV Journalist,63,Culture,resolved,medium,agent_semantic_review,“TV Journalist”所指工作核心是采访、撰写、编辑、评论或向公众传播文化/媒体内容，属于文化生产、表演或传播职能，归入Culture。,"[""Culture""]"
Financier,62,Leadership,retained_exact_unique,source_exact,author_exact_unique,完整职业词与作者规则精确一致，且规则候选 L1 唯一；本轮保留原映射。,"[""Leadership""]"
Gymnast,62,Sports/Games,retained_exact_unique,source_exact,author_exact_unique,完整职业词与作者规则精确一致，且规则候选 L1 唯一；本轮保留原映射。,"[""Sports/Games""]"
Biographer,61,Culture,retained_exact_unique,source_exact,author_exact_unique,完整职业词与作者规则精确一致，且规则候选 L1 唯一；本轮保留原映射。,"[""Culture""]"
Volleyball player,59,Sports/Games,resolved,medium,agent_semantic_review,排球运动员训练并参加排球比赛，通过发球、传球、拦网和扣球争取赢得回合。,"[""Sports/Games""]"
Electrical engineer,59,Discovery/Science,resolved,high,agent_semantic_review,设计、测试和维护电力系统、电路或电气设备，解决供电与控制问题。,"[""Discovery/Science""]"
Baseball Coach,59,Sports/Games,resolved,high,agent_semantic_review,“Baseball Coach”的工作直接围绕体育训练、竞技或比赛规则展开，具体职责是训练运动员并制定项目训练/比赛策略，归入Sports/Games。,"[""Sports/Games""]"
Art Historian,58,Discovery/Science,retained_exact_unique,source_exact,author_exact_unique,完整职业词与作者规则精确一致，且规则候选 L1 唯一；本轮保留原映射。,"[""Discovery/Science""]"
Saxophonist,58,Culture,retained_exact_unique,source_exact,author_exact_unique,完整职业词与作者规则精确一致，且规则候选 L1 唯一；本轮保留原映射。,"[""Culture""]"
Art critic,57,Culture,retained_exact_unique,source_exact,author_exact_unique,完整职业词与作者规则精确一致，且规则候选 L1 唯一；本轮保留原映射。,"[""Culture""]"
Civil servant,56,Leadership,retained_exact_unique,source_exact,author_exact_unique,完整职业词与作者规则精确一致，且规则候选 L1 唯一；本轮保留原映射。,"[""Leadership""]"
Curator,56,Culture,retained_exact_unique,source_exact,author_exact_unique,完整职业词与作者规则精确一致，且规则候选 L1 唯一；本轮保留原映射。,"[""Culture""]"
Business magnate,56,Leadership,resolved,medium,agent_semantic_review,拥有或控制大型企业资产，作出高层商业投资、经营和扩张决策。,"[""Leadership""]"
Snowboarder,56,Sports/Games,resolved,high,agent_semantic_review,单板滑雪者脚踩单板滑行、完成转弯和跳跃动作，或参加速度与技巧赛事。,"[""Sports/Games""]"
Figure Skater,56,Sports/Games,resolved,high,agent_semantic_review,“Figure Skater”的工作直接围绕体育训练、竞技或比赛规则展开，具体职责是作为选手参加有规则的体育项目训练和竞技，归入Sports/Games。,"[""Sports/Games""]"
Explorer,56,Discovery/Science,retained_exact_unique,source_exact,author_exact_unique,完整职业词与作者规则精确一致，且规则候选 L1 唯一；本轮保留原映射。,"[""Discovery/Science""]"
Percussionist,55,Culture,retained_exact_unique,source_exact,author_exact_unique,完整职业词与作者规则精确一致，且规则候选 L1 唯一；本轮保留原映射。,"[""Culture""]"
Set Designer,55,Culture,resolved,medium,agent_semantic_review,为舞台、电影或电视设计布景方案，并配合制作团队把图纸落实为可用场景。,"[""Culture""]"
Horse trainer,54,Sports/Games,retained_exact_unique,source_exact,author_exact_unique,完整职业词与作者规则精确一致，且规则候选 L1 唯一；本轮保留原映射。,"[""Sports/Games""]"
Supermodel,53,Culture,resolved,high,agent_semantic_review,为时装、广告或媒体拍摄展示服装和产品，并参与相关宣传活动。,"[""Culture""]"
VJ,53,Culture,resolved,medium,agent_semantic_review,“VJ”所指工作核心是提供明确的艺术、媒体或文化产业创作与制作服务，属于文化生产、表演或传播职能，归入Culture。,"[""Culture""]"
Master of Ceremonies,53,Culture,resolved,medium,agent_semantic_review,司仪介绍发言者和节目环节、控制活动流程，并向现场观众传达安排。,"[""Culture""]"
Interior designer,53,Culture,retained_exact_unique,source_exact,author_exact_unique,完整职业词与作者规则精确一致，且规则候选 L1 唯一；本轮保留原映射。,"[""Culture""]"
Salesman,52,Leadership,retained_exact_unique,source_exact,author_exact_unique,完整职业词与作者规则精确一致，且规则候选 L1 唯一；本轮保留原映射。,"[""Leadership""]"
Accountant,52,Other,retained_exact_unique,source_exact,author_exact_unique,完整职业词与作者规则精确一致，且规则候选 L1 唯一；本轮保留原映射。,"[""Other""]"
Book editor,50,Culture,resolved,high,agent_semantic_review,审阅稿件、修改文字结构并与作者沟通，使书稿达到出版要求。,"[""Culture""]"
Baseball Manager,50,Sports/Games,resolved,high,agent_semantic_review,"Manages a baseball team’s lineup, training, tactics, and game decisions; this is direct sports-team leadership within the sport.","[""Sports/Games""]"
Biathlete,48,Sports/Games,resolved,medium,agent_semantic_review,训练并参加冬季两项赛事，在越野滑雪与步枪射击两个环节竞赛。,"[""Sports/Games""]"
Homemaking,48,Other,resolved,high,agent_semantic_review,持家者安排家庭清洁、备餐、采购、预算和家人照护等日常家务。,"[""Other""]"
Cross-country skier,48,Sports/Games,resolved,high,agent_semantic_review,“Cross-country skier”的工作直接围绕体育训练、竞技或比赛规则展开，具体职责是作为选手参加有规则的体育项目训练和竞技，归入Sports/Games。,"[""Sports/Games""]"
Adviser,48,,needs_context,low,agent_semantic_review,泛称顾问，未给出咨询领域，可能横跨商业、政府、科学或文化；不能确定单一L1。,[]
Financial adviser,48,Other,retained_exact_unique,source_exact,author_exact_unique,完整职业词与作者规则精确一致，且规则候选 L1 唯一；本轮保留原映射。,"[""Other""]"
Speed Skater,48,Sports/Games,resolved,high,agent_semantic_review,在冰上进行速度滑冰训练和比赛，通过弯道技术、步频与耐力争取更快成绩。,"[""Sports/Games""]"
Humorist,47,Culture,retained_exact_unique,source_exact,author_exact_unique,完整职业词与作者规则精确一致，且规则候选 L1 唯一；本轮保留原映射。,"[""Culture""]"
Missionary,47,Leadership,retained_exact_unique,source_exact,author_exact_unique,完整职业词与作者规则精确一致，且规则候选 L1 唯一；本轮保留原映射。,"[""Leadership""]"
Professional Road Racing Cyclist,47,Sports/Games,resolved,high,agent_semantic_review,“Professional Road Racing Cyclist”的工作直接围绕体育训练、竞技或比赛规则展开，具体职责是作为选手参加有规则的体育项目训练和竞技，归入Sports/Games。,"[""Sports/Games""]"
Columnist,47,Culture,retained_exact_unique,source_exact,author_exact_unique,完整职业词与作者规则精确一致，且规则候选 L1 唯一；本轮保留原映射。,"[""Culture""]"
Dentist,47,Discovery/Science,retained_exact_unique,source_exact,author_exact_unique,完整职业词与作者规则精确一致，且规则候选 L1 唯一；本轮保留原映射。,"[""Discovery/Science""]"
Psychotherapist,46,Discovery/Science,resolved,medium,agent_semantic_review,通过评估、谈话治疗等方法帮助来访者处理心理、情绪或行为问题。,"[""Discovery/Science""]"
Mangaka,45,Culture,resolved,high,agent_semantic_review,漫画家创作漫画故事并绘制分格、人物和画面，把叙事组织成连续图像。,"[""Culture""]"
Cellist,45,Culture,retained_exact_unique,source_exact,author_exact_unique,完整职业词与作者规则精确一致，且规则候选 L1 唯一；本轮保留原映射。,"[""Culture""]"
Art collector,44,Culture,resolved,medium,agent_semantic_review,“Art collector”所指工作核心是提供明确的艺术、媒体或文化产业创作与制作服务，属于文化生产、表演或传播职能，归入Culture。,"[""Culture""]"
Mountaineer,44,Sports/Games,retained_exact_unique,source_exact,author_exact_unique,完整职业词与作者规则精确一致，且规则候选 L1 唯一；本轮保留原映射。,"[""Sports/Games""]"
Mixed Martial Artist,44,Sports/Games,resolved,medium,agent_semantic_review,训练并参加综合格斗赛事，运用拳击、摔跤和地面技法与对手竞技。,"[""Sports/Games""]"
Spiritual leader,43,Leadership,resolved,high,agent_semantic_review,带领信众进行灵性指导、集体活动或宗教实践；具体宗教身份未限定。,"[""Leadership""]"
Magazine editor,43,Culture,resolved,medium,agent_semantic_review,“Magazine editor”所指工作核心是采访、撰写、编辑、评论或向公众传播文化/媒体内容，属于文化生产、表演或传播职能，归入Culture。,"[""Culture""]"
Pin-up girl,43,Culture,resolved,medium,agent_semantic_review,Pin-up girl指为宣传或出版摄影摆姿的模特形象，属于视觉媒介/摄影文化；词本身不表示性服务。,"[""Culture""]"
Prophet,42,Leadership,retained_exact_unique,source_exact,author_exact_unique,完整职业词与作者规则精确一致，且规则候选 L1 唯一；本轮保留原映射。,"[""Leadership""]"
Violinist,42,Culture,resolved,high,agent_semantic_review,小提琴家演奏小提琴曲目，在独奏、乐团或录音中完成音乐表达。,"[""Culture""]"
Preacher,42,Leadership,retained_exact_unique,source_exact,author_exact_unique,完整职业词与作者规则精确一致，且规则候选 L1 唯一；本轮保留原映射。,"[""Leadership""]"
Acting Coach,42,Culture,resolved,high,agent_semantic_review,An acting coach trains performers in acting technique and audition/performance practice; “coach” is not sports coaching.,"[""Culture""]"
Conservationist,42,,needs_context,low,agent_semantic_review,自然保护者可能从事生态科研，也可能是环境倡议者；没有具体职责语境时不能断言是科学家或政治倡议者。,"[""Discovery/Science"",""Leadership""]"
Puppeteer,42,Culture,retained_exact_unique,source_exact,author_exact_unique,完整职业词与作者规则精确一致，且规则候选 L1 唯一；本轮保留原映射。,"[""Culture""]"
Jockey,42,Sports/Games,retained_exact_unique,source_exact,author_exact_unique,完整职业词与作者规则精确一致，且规则候选 L1 唯一；本轮保留原映射。,"[""Sports/Games""]"
Mechanical Engineer,41,Discovery/Science,resolved,high,agent_semantic_review,设计和改进机械设备、零部件及制造系统，并测试其安全性和运行性能。,"[""Discovery/Science""]"
Memoirist,41,Culture,retained_exact_unique,source_exact,author_exact_unique,完整职业词与作者规则精确一致，且规则候选 L1 唯一；本轮保留原映射。,"[""Culture""]"
Printmaker,41,Culture,retained_exact_unique,source_exact,author_exact_unique,完整职业词与作者规则精确一致，且规则候选 L1 唯一；本轮保留原映射。,"[""Culture""]"
Narrator,41,Culture,resolved,medium,agent_semantic_review,“Narrator”所指工作核心是采访、撰写、编辑、评论或向公众传播文化/媒体内容，属于文化生产、表演或传播职能，归入Culture。,"[""Culture""]"
Sports instructor,41,Sports/Games,resolved,medium,agent_semantic_review,向学员示范某项运动的动作规则，组织练习并纠正技术或安全问题。,"[""Sports/Games""]"
Carpentry,40,Other,resolved,high,agent_semantic_review,木工按尺寸切割、连接和修整木材，制作或维修建筑构件、家具及木制品。,"[""Other""]"
Jewelry designer,40,Culture,resolved,medium,agent_semantic_review,“Jewelry designer”所指工作核心是创作或呈现艺术作品/现场表演，职业产出面向文化受众，属于文化生产、表演或传播职能，归入Culture。,"[""Culture""]"
Handball Player,39,Sports/Games,resolved,medium,agent_semantic_review,参加手球训练和比赛，通过传球、投射和防守争取得分并协作完成战术。,"[""Sports/Games""]"
Promoter,39,,needs_context,low,agent_semantic_review,“Promoter”可指赛事、艺人、产品或企业推广者；没有领域限定，无法确定其主要职责所属大类。,"[""Culture"",""Sports/Games"",""Leadership""]"
Warlord,39,Leadership,retained_exact_unique,source_exact,author_exact_unique,完整职业词与作者规则精确一致，且规则候选 L1 唯一；本轮保留原映射。,"[""Leadership""]"
Computer Engineer,38,Discovery/Science,resolved,medium,agent_semantic_review,“Computer Engineer”从事的核心职责是从事专业教学、技术设计开发、测试或学术研究，其工作属于知识发现、学术/医疗或技术开发，归入Discovery/Science。,"[""Discovery/Science""]"
Stockbroker,38,Leadership,retained_exact_unique,source_exact,author_exact_unique,完整职业词与作者规则精确一致，且规则候选 L1 唯一；本轮保留原映射。,"[""Leadership""]"
Player,38,Sports/Games,retained_exact_unique,source_exact,author_exact_unique,完整职业词与作者规则精确一致，且规则候选 L1 唯一；本轮保留原映射。,"[""Sports/Games""]"
Waiting staff,37,Other,resolved,medium,agent_semantic_review,接待餐饮顾客、记录点单、递送食品饮料并处理用餐过程中的服务需求。,"[""Other""]"
Astronaut,37,Discovery/Science,retained_exact_unique,source_exact,author_exact_unique,完整职业词与作者规则精确一致，且规则候选 L1 唯一；本轮保留原映射。,"[""Discovery/Science""]"
Music critic,36,Culture,resolved,high,agent_semantic_review,音乐评论家聆听唱片或现场演出，分析作品与演绎，并撰写评论供读者参考。,"[""Culture""]"
Magician,36,Culture,resolved,high,agent_semantic_review,A magician performs illusion and stage entertainment for audiences.,"[""Culture""]"
Nobleman,36,Leadership,resolved,high,agent_semantic_review,以贵族身份享有世袭或授予的社会等级与礼仪职责；此称谓描述身份而非普通工作任务。,"[""Leadership""]"
Showgirl,36,Culture,retained_exact_unique,source_exact,author_exact_unique,完整职业词与作者规则精确一致，且规则候选 L1 唯一；本轮保留原映射。,"[""Culture""]"
Orchestrator,35,Culture,resolved,high,agent_semantic_review,把作曲家的音乐草稿扩写成各乐器声部的管弦乐总谱和分谱。,"[""Culture""]"
Referee,35,Sports/Games,retained_exact_unique,source_exact,author_exact_unique,完整职业词与作者规则精确一致，且规则候选 L1 唯一；本轮保留原映射。,"[""Sports/Games""]"
Peace activist,35,Leadership,resolved,high,agent_semantic_review,“Peace activist”的职责是参与公共政策、政治组织、外交或社会倡议的决策和协调，对应公共治理、法律/军事/宗教权威或企业金融领导，归入Leadership。,"[""Leadership""]"
Musicologist,35,Discovery/Science,retained_exact_unique,source_exact,author_exact_unique,完整职业词与作者规则精确一致，且规则候选 L1 唯一；本轮保留原映射。,"[""Discovery/Science""]"
Industrialist,35,Leadership,retained_exact_unique,source_exact,author_exact_unique,完整职业词与作者规则精确一致，且规则候选 L1 唯一；本轮保留原映射。,"[""Leadership""]"
Equestrian,35,Sports/Games,retained_exact_unique,source_exact,author_exact_unique,完整职业词与作者规则精确一致，且规则候选 L1 唯一；本轮保留原映射。,"[""Sports/Games""]"
Rower,35,Sports/Games,retained_exact_unique,source_exact,author_exact_unique,完整职业词与作者规则精确一致，且规则候选 L1 唯一；本轮保留原映射。,"[""Sports/Games""]"
Astrologer,34,Other,retained_exact_unique,source_exact,author_exact_unique,完整职业词与作者规则精确一致，且规则候选 L1 唯一；本轮保留原映射。,"[""Other""]"
Session musician,34,Culture,resolved,medium,agent_semantic_review,录音室乐手受邀为其他艺人的歌曲演奏或录制指定乐器声部。,"[""Culture""]"
Mafioso,34,Other,retained_exact_unique,source_exact,author_exact_unique,完整职业词与作者规则精确一致，且规则候选 L1 唯一；本轮保留原映射。,"[""Other""]"
Aerospace Engineer,34,Discovery/Science,resolved,high,agent_semantic_review,设计、分析和测试飞机、航天器、推进或飞行控制系统。,"[""Discovery/Science""]"
Field Hockey player,34,Sports/Games,resolved,high,agent_semantic_review,“Field Hockey player”的工作直接围绕体育训练、竞技或比赛规则展开，具体职责是作为选手参加有规则的体育项目训练和竞技，归入Sports/Games。,"[""Sports/Games""]"
Jazz Drummer,34,Culture,resolved,medium,agent_semantic_review,为爵士乐演奏鼓组节奏，并与其他乐手配合完成即兴或编排演出。,"[""Culture""]"
Real estate entrepreneur,34,Leadership,resolved,medium,agent_semantic_review,房地产企业家经营地产项目或相关业务，核心是商业经营管理，归入 Leadership。,"[""Leadership""]"
Surfer,34,Sports/Games,retained_exact_unique,source_exact,author_exact_unique,完整职业词与作者规则精确一致，且规则候选 L1 唯一；本轮保留原映射。,"[""Sports/Games""]"
Comics artist,33,Culture,retained_exact_unique,source_exact,author_exact_unique,完整职业词与作者规则精确一致，且规则候选 L1 唯一；本轮保留原映射。,"[""Culture""]"
Freestyle skier,33,Sports/Games,resolved,high,agent_semantic_review,“Freestyle skier”的工作直接围绕体育训练、竞技或比赛规则展开，具体职责是作为选手参加有规则的体育项目训练和竞技，归入Sports/Games。,"[""Sports/Games""]"
Art dealer,32,Culture,retained_exact_unique,source_exact,author_exact_unique,完整职业词与作者规则精确一致，且规则候选 L1 唯一；本轮保留原映射。,"[""Culture""]"
Jazz Musician,32,Culture,resolved,medium,agent_semantic_review,爵士乐手演奏、即兴创作或录制爵士音乐，可担任器乐演奏或演唱。,"[""Culture""]"
Game Show Host,32,Culture,resolved,high,agent_semantic_review,主持电视或现场竞赛节目，向选手提问、说明规则并推进游戏环节。,"[""Culture""]"
Radio producer,32,Culture,resolved,medium,agent_semantic_review,“Radio producer”所指工作核心是支持或统筹影视、广播、音乐及其他文化内容的制作、技术实现或发行，属于文化生产、表演或传播职能，归入Culture。,"[""Culture""]"
Real estate development,32,,needs_context,low,agent_semantic_review,房地产开发可指公司经营、项目投资，也可包含建筑/规划工作；字段未给具体岗位。,"[""Leadership"",""Discovery/Science""]"
Daimyo,32,Leadership,retained_exact_unique,source_exact,author_exact_unique,完整职业词与作者规则精确一致，且规则候选 L1 唯一；本轮保留原映射。,"[""Leadership""]"
Territorial lord,32,Leadership,resolved,high,agent_semantic_review,作为领地贵族管理辖地、征收租税或行使地方司法与统治权。,"[""Leadership""]"
Impresario,31,Culture,retained_exact_unique,source_exact,author_exact_unique,完整职业词与作者规则精确一致，且规则候选 L1 唯一；本轮保留原映射。,"[""Culture""]"
Insurance broker,31,Other,resolved,medium,agent_semantic_review,“Insurance broker”是提供标题所指的日常服务、运输、维修、照护、手工业或一般商业服务的职业称谓，不属于艺术文化、科学技术、公共权力或竞技体育领域，归入Other。,"[""Other""]"
Insurer,31,,needs_context,low,agent_semantic_review,Insurer可指保险公司，也可泛指承保人/保险从业者；未说明个人岗位和职责。,"[""Leadership"",""Other""]"
Character Actor,30,Culture,resolved,high,agent_semantic_review,性格演员在影视或舞台作品中塑造有鲜明特征的配角，依据剧本呈现人物身份与行为。,"[""Culture""]"
Photojournalist,30,Culture,retained_exact_unique,source_exact,author_exact_unique,完整职业词与作者规则精确一致，且规则候选 L1 唯一；本轮保留原映射。,"[""Culture""]"
Television Show Host,30,Culture,resolved,medium,agent_semantic_review,“Television Show Host”所指工作核心是采访、撰写、编辑、评论或向公众传播文化/媒体内容，属于文化生产、表演或传播职能，归入Culture。,"[""Culture""]"
Satirist,29,Culture,retained_exact_unique,source_exact,author_exact_unique,完整职业词与作者规则精确一致，且规则候选 L1 唯一；本轮保留原映射。,"[""Culture""]"
Miner,29,Other,retained_exact_unique,source_exact,author_exact_unique,完整职业词与作者规则精确一致，且规则候选 L1 唯一；本轮保留原映射。,"[""Other""]"
Sound Editor,29,Culture,resolved,medium,agent_semantic_review,整理并剪辑影视录音，处理对白、环境声和音效，使声轨与画面及剧情同步。,"[""Culture""]"
Documentary Filmmaker,29,Culture,resolved,high,agent_semantic_review,选题并拍摄、剪辑非虚构影像，以访谈、档案或现场记录呈现现实议题。,"[""Culture""]"
Game designer,29,Culture,resolved,high,agent_semantic_review,"A game designer creates rules, mechanics, and player experience for games; this is design of cultural products, not a competitive player.","[""Culture""]"
Opera Director (Profession),29,Culture,resolved,medium,agent_semantic_review,歌剧导演解读歌剧剧本和音乐总谱，设计舞台演出构想并指导歌手、演员及舞台团队排演。,"[""Culture""]"
Comic book creator,29,Culture,resolved,high,agent_semantic_review,创作漫画故事和角色，并绘制或统筹分格画面、对白与连续叙事。,"[""Culture""]"
Rescue,29,,needs_context,low,agent_semantic_review,“Rescue” names an activity or event rather than a defined occupational role.,[]
Rescuer,29,Other,retained_exact_unique,source_exact,author_exact_unique,完整职业词与作者规则精确一致，且规则候选 L1 唯一；本轮保留原映射。,"[""Other""]"
Solicitor,28,Leadership,retained_exact_unique,source_exact,author_exact_unique,完整职业词与作者规则精确一致，且规则候选 L1 唯一；本轮保留原映射。,"[""Leadership""]"
Samurai,28,Leadership,retained_exact_unique,source_exact,author_exact_unique,完整职业词与作者规则精确一致，且规则候选 L1 唯一；本轮保留原映射。,"[""Leadership""]"
Naturalist,28,Discovery/Science,retained_exact_unique,source_exact,author_exact_unique,完整职业词与作者规则精确一致，且规则候选 L1 唯一；本轮保留原映射。,"[""Discovery/Science""]"
Cabaret Artist,28,Culture,resolved,medium,agent_semantic_review,在歌舞厅或综艺舞台演唱、跳舞、表演喜剧或呈现其他现场节目。,"[""Culture""]"
Biochemist,28,Discovery/Science,retained_exact_unique,source_exact,author_exact_unique,完整职业词与作者规则精确一致，且规则候选 L1 唯一；本轮保留原映射。,"[""Discovery/Science""]"
Luger,28,Sports/Games,retained_exact_unique,source_exact,author_exact_unique,完整职业词与作者规则精确一致，且规则候选 L1 唯一；本轮保留原映射。,"[""Sports/Games""]"
Personal trainer,28,Sports/Games,resolved,high,agent_semantic_review,私人健身教练评估客户体能，制定个别锻炼计划并指导动作、负荷和训练进度。,"[""Sports/Games""]"
Fighter pilot,28,Leadership,retained_exact_unique,source_exact,author_exact_unique,完整职业词与作者规则精确一致，且规则候选 L1 唯一；本轮保留原映射。,"[""Leadership""]"
Investment Banker,28,Leadership,resolved,high,agent_semantic_review,“Investment Banker”的职责是承担机构治理、金融资本配置、商业经营管理或政治公共事务职责，对应公共治理、法律/军事/宗教权威或企业金融领导，归入Leadership。,"[""Leadership""]"
Attorney at law,27,Leadership,resolved,high,agent_semantic_review,为客户解释法律、起草诉讼或交易文件，并在法庭或谈判中提供代理。,"[""Leadership""]"
Editing,27,Culture,resolved,high,agent_semantic_review,校订文字、影像或声音材料的结构与内容，使其适合出版、播出或发行；词项只指编辑活动。,"[""Culture""]"
Televangelist,27,Leadership,resolved,high,agent_semantic_review,“Televangelist”的职责是担任宗教组织的教职、权威或带领信众，对应公共治理、法律/军事/宗教权威或企业金融领导，归入Leadership。,"[""Leadership""]"
Clerk,27,Other,retained_exact_unique,source_exact,author_exact_unique,完整职业词与作者规则精确一致，且规则候选 L1 唯一；本轮保留原映射。,"[""Other""]"
Acting Teacher,27,Culture,resolved,medium,agent_semantic_review,表演教师讲授角色分析、台词、肢体和舞台表达，带学生排练戏剧场景。,"[""Culture""]"
Music Teacher,27,Culture,resolved,high,agent_semantic_review,教授乐器演奏、声乐或乐理，通过示范、练习和反馈提升学生的音乐能力。,"[""Culture""]"
Naval Officer,27,Leadership,resolved,high,agent_semantic_review,“Naval Officer”的职责是在军队或公共安全体系履行指挥、军职或执法责任，对应公共治理、法律/军事/宗教权威或企业金融领导，归入Leadership。,"[""Leadership""]"
Orator,26,Other,retained_exact_unique,source_exact,author_exact_unique,完整职业词与作者规则精确一致，且规则候选 L1 唯一；本轮保留原映射。,"[""Other""]"
Trombonist,26,Culture,retained_exact_unique,source_exact,author_exact_unique,完整职业词与作者规则精确一致，且规则候选 L1 唯一；本轮保留原映射。,"[""Culture""]"
Clarinetist,26,Culture,retained_exact_unique,source_exact,author_exact_unique,完整职业词与作者规则精确一致，且规则候选 L1 唯一；本轮保留原映射。,"[""Culture""]"
Flautist,26,Culture,retained_exact_unique,source_exact,author_exact_unique,完整职业词与作者规则精确一致，且规则候选 L1 唯一；本轮保留原映射。,"[""Culture""]"
Legislator,25,Leadership,retained_exact_unique,source_exact,author_exact_unique,完整职业词与作者规则精确一致，且规则候选 L1 唯一；本轮保留原映射。,"[""Leadership""]"
Stunt coordinator,25,Culture,resolved,high,agent_semantic_review,特技协调员为影视制作设计、排练并组织安全执行动作场面，属于电影电视制作岗位。,"[""Culture""]"
Copywriter,25,Culture,retained_exact_unique,source_exact,author_exact_unique,完整职业词与作者规则精确一致，且规则候选 L1 唯一；本轮保留原映射。,"[""Culture""]"
Media Personality,24,Culture,resolved,medium,agent_semantic_review,通过电视、广播或网络节目出镜、主持或评论，与公众传播内容并维持媒体形象。,"[""Culture""]"
Media proprietor,24,Culture,resolved,high,agent_semantic_review,"A media proprietor owns or controls media outlets and their publishing/broadcast operations, a culture-industry function.","[""Culture""]"
Nun,24,Leadership,retained_exact_unique,source_exact,author_exact_unique,完整职业词与作者规则精确一致，且规则候选 L1 唯一；本轮保留原映射。,"[""Leadership""]"
Zoologist,23,Discovery/Science,retained_exact_unique,source_exact,author_exact_unique,完整职业词与作者规则精确一致，且规则候选 L1 唯一；本轮保留原映射。,"[""Discovery/Science""]"
Philologist,23,Discovery/Science,retained_exact_unique,source_exact,author_exact_unique,完整职业词与作者规则精确一致，且规则候选 L1 唯一；本轮保留原映射。,"[""Discovery/Science""]"
Music pedagogue,23,Culture,resolved,medium,primary_semantic_adjudication,从事音乐技艺教育与教学，与Music Teacher/Voice teacher等专门艺术教学采用相同口径；明确以学术理论研究为职责的Music Theorist另归Science。,"[""Culture""]"
Software Engineer,23,Discovery/Science,resolved,high,agent_semantic_review,软件工程师设计、编写、测试和维护软件系统，处理功能、可靠性和性能问题。,"[""Discovery/Science""]"
Clown,23,Culture,retained_exact_unique,source_exact,author_exact_unique,完整职业词与作者规则精确一致，且规则候选 L1 唯一；本轮保留原映射。,"[""Culture""]"
Geographer,23,Discovery/Science,retained_exact_unique,source_exact,author_exact_unique,完整职业词与作者规则精确一致，且规则候选 L1 唯一；本轮保留原映射。,"[""Discovery/Science""]"
Mechanic,23,Other,retained_exact_unique,source_exact,author_exact_unique,完整职业词与作者规则精确一致，且规则候选 L1 唯一；本轮保留原映射。,"[""Other""]"
Graphic Artist,23,Culture,resolved,medium,agent_semantic_review,“Graphic Artist”所指工作核心是创作或呈现艺术作品/现场表演，职业产出面向文化受众，属于文化生产、表演或传播职能，归入Culture。,"[""Culture""]"
Pharmacist,23,Discovery/Science,retained_exact_unique,source_exact,author_exact_unique,完整职业词与作者规则精确一致，且规则候选 L1 唯一；本轮保留原映射。,"[""Discovery/Science""]"
Cleric,22,Leadership,retained_exact_unique,source_exact,author_exact_unique,完整职业词与作者规则精确一致，且规则候选 L1 唯一；本轮保留原映射。,"[""Leadership""]"
Gangster,22,Other,retained_exact_unique,source_exact,author_exact_unique,完整职业词与作者规则精确一致，且规则候选 L1 唯一；本轮保留原映射。,"[""Other""]"
Torero,22,Sports/Games,retained_exact_unique,source_exact,author_exact_unique,完整职业词与作者规则精确一致，且规则候选 L1 唯一；本轮保留原映射。,"[""Sports/Games""]"
Geneticist,22,Discovery/Science,retained_exact_unique,source_exact,author_exact_unique,完整职业词与作者规则精确一致，且规则候选 L1 唯一；本轮保留原映射。,"[""Discovery/Science""]"
Motivational speaker,22,Other,retained_exact_unique,source_exact,author_exact_unique,完整职业词与作者规则精确一致，且规则候选 L1 唯一；本轮保留原映射。,"[""Other""]"
Firefighter,22,Other,resolved,medium,agent_semantic_review,扑灭火灾、救助受困人员，并处理事故现场的紧急救援和危险控制。,"[""Other""]"
Advocate,21,Leadership,retained_exact_unique,source_exact,author_exact_unique,完整职业词与作者规则精确一致，且规则候选 L1 唯一；本轮保留原映射。,"[""Leadership""]"
Condottiere,21,Leadership,resolved,high,agent_semantic_review,历史上的 condottiere 是受雇佣兵团首领，属于军事指挥。,"[""Leadership""]"
Civil rights activist,21,Leadership,resolved,high,agent_semantic_review,“Civil rights activist”的职责是参与公共政策、政治组织、外交或社会倡议的决策和协调，对应公共治理、法律/军事/宗教权威或企业金融领导，归入Leadership。,"[""Leadership""]"
Dramaturge,21,Culture,resolved,medium,agent_semantic_review,为剧院制作研究剧本背景、分析戏剧结构，并向导演和剧组提供文本建议。,"[""Culture""]"
Stripper,21,Other,retained_exact_unique,source_exact,author_exact_unique,完整职业词与作者规则精确一致，且规则候选 L1 唯一；本轮保留原映射。,"[""Other""]"
Electrician,21,Other,retained_exact_unique,source_exact,author_exact_unique,完整职业词与作者规则精确一致，且规则候选 L1 唯一；本轮保留原映射。,"[""Other""]"
Human rights activist,20,Leadership,resolved,medium,agent_semantic_review,Human rights activist 从事人权公共倡议与社会行动；作者 Politics 类包含 activist/humanitarian 等公共倡议职责，因此归 Leadership。,"[""Leadership""]"
Surveyor,20,Other,retained_exact_unique,source_exact,author_exact_unique,完整职业词与作者规则精确一致，且规则候选 L1 唯一；本轮保留原映射。,"[""Other""]"
Factory worker,20,Other,resolved,medium,agent_semantic_review,“Factory worker”是提供标题所指的日常服务、运输、维修、照护、手工业或一般商业服务的职业称谓，不属于艺术文化、科学技术、公共权力或竞技体育领域，归入Other。,"[""Other""]"
Fiddler,20,Culture,retained_exact_unique,source_exact,author_exact_unique,完整职业词与作者规则精确一致，且规则候选 L1 唯一；本轮保留原映射。,"[""Culture""]"
Professional golfer,20,Sports/Games,resolved,medium,agent_semantic_review,职业高尔夫球手训练并参加职业高尔夫比赛，以击球将球送入球洞并争取较低杆数。,"[""Sports/Games""]"
Humanitarian,20,Leadership,retained_exact_unique,source_exact,author_exact_unique,完整职业词与作者规则精确一致，且规则候选 L1 唯一；本轮保留原映射。,"[""Leadership""]"
Bodybuilder,20,Sports/Games,retained_exact_unique,source_exact,author_exact_unique,完整职业词与作者规则精确一致，且规则候选 L1 唯一；本轮保留原映射。,"[""Sports/Games""]"
Professional Poker Player,20,Sports/Games,resolved,high,agent_semantic_review,参加职业扑克比赛，依据牌局概率、规则和对手行动进行策略决策。,"[""Sports/Games""]"
Tribal chief,20,Leadership,retained_exact_unique,source_exact,author_exact_unique,完整职业词与作者规则精确一致，且规则候选 L1 唯一；本轮保留原映射。,"[""Leadership""]"
Literary agent,19,Culture,retained_exact_unique,source_exact,author_exact_unique,完整职业词与作者规则精确一致，且规则候选 L1 唯一；本轮保留原映射。,"[""Culture""]"
Industrial designer,19,Culture,resolved,high,agent_semantic_review,"An industrial designer develops the form and usability of manufactured products; this is design practice, not corporate leadership.","[""Culture""]"
Law professor,19,Discovery/Science,resolved,medium,agent_semantic_review,在高校讲授法律课程、指导学生，并可能研究法律规则和司法制度。,"[""Discovery/Science""]"
Evangelist,19,Leadership,retained_exact_unique,source_exact,author_exact_unique,完整职业词与作者规则精确一致，且规则候选 L1 唯一；本轮保留原映射。,"[""Leadership""]"
Crime writer,19,Culture,resolved,high,agent_semantic_review,犯罪题材作家构思并撰写以犯罪、侦查或司法案件为核心的小说或非虚构作品。,"[""Culture""]"
Stagehand,19,Culture,resolved,medium,agent_semantic_review,“Stagehand”所指工作核心是支持或统筹影视、广播、音乐及其他文化内容的制作、技术实现或发行，属于文化生产、表演或传播职能，归入Culture。,"[""Culture""]"
Ice dancer,19,Sports/Games,resolved,high,agent_semantic_review,与搭档在冰面编排并表演舞蹈动作，参加花样滑冰冰舞项目的竞技评分。,"[""Sports/Games""]"
Triathlete,19,Sports/Games,resolved,high,agent_semantic_review,训练并参加由游泳、骑行和跑步组成的三项全能比赛。,"[""Sports/Games""]"
Exotic dancer,19,Culture,retained_exact_unique,source_exact,author_exact_unique,完整职业词与作者规则精确一致，且规则候选 L1 唯一；本轮保留原映射。,"[""Culture""]"
Property caretaker,19,Other,resolved,medium,agent_semantic_review,“Property caretaker”是提供标题所指的日常服务、运输、维修、照护、手工业或一般商业服务的职业称谓，不属于艺术文化、科学技术、公共权力或竞技体育领域，归入Other。,"[""Other""]"
Visual Effects Artist,18,Culture,resolved,medium,agent_semantic_review,视觉特效艺术家制作数字图像、动画或合成镜头，把实拍素材与虚拟场景整合进影视画面。,"[""Culture""]"
Newspaper editor,18,Culture,resolved,high,agent_semantic_review,决定报纸内容安排，编辑稿件、核实事实并协调记者和版面截稿。,"[""Culture""]"
Cryptographer,18,Other,retained_exact_unique,source_exact,author_exact_unique,完整职业词与作者规则精确一致，且规则候选 L1 唯一；本轮保留原映射。,"[""Other""]"
Bobsleigher,18,Sports/Games,resolved,high,agent_semantic_review,“Bobsleigher”的工作直接围绕体育训练、竞技或比赛规则展开，具体职责是作为选手参加有规则的体育项目训练和竞技，归入Sports/Games。,"[""Sports/Games""]"
Martial Arts Instructor,18,Sports/Games,resolved,medium,agent_semantic_review,教授武术动作、套路或对练方法，组织练习并指导学员提高技术与安全意识。,"[""Sports/Games""]"
Aircrew,18,,needs_context,low,agent_semantic_review,Aircrew 可指军用或民用航空机组成员，职责背景可能分别归军事或普通服务，缺少具体岗位语境。,"[""Leadership"",""Other""]"
Flight attendant,18,Other,retained_exact_unique,source_exact,author_exact_unique,完整职业词与作者规则精确一致，且规则候选 L1 唯一；本轮保留原映射。,"[""Other""]"
Manufacturer,18,Leadership,retained_exact_unique,source_exact,author_exact_unique,完整职业词与作者规则精确一致，且规则候选 L1 唯一；本轮保留原映射。,"[""Leadership""]"
Impressionist,18,Culture,retained_exact_unique,source_exact,author_exact_unique,完整职业词与作者规则精确一致，且规则候选 L1 唯一；本轮保留原映射。,"[""Culture""]"
Hair Stylist,18,Other,retained_exact_unique,source_exact,author_exact_unique,完整职业词与作者规则精确一致，且规则候选 L1 唯一；本轮保留原映射。,"[""Other""]"
Oboist,18,Culture,retained_exact_unique,source_exact,author_exact_unique,完整职业词与作者规则精确一致，且规则候选 L1 唯一；本轮保留原映射。,"[""Culture""]"
Veterinary physician,17,Discovery/Science,resolved,medium,agent_semantic_review,“Veterinary physician”从事的核心职责是运用医学专业知识提供诊断、治疗、护理或健康服务，其工作属于知识发现、学术/医疗或技术开发，归入Discovery/Science。,"[""Discovery/Science""]"
Theatre Manager,17,Culture,resolved,medium,agent_semantic_review,剧院经理管理剧院日常运营、演出排期、场地与工作人员，协调票务及演出后勤。,"[""Culture""]"
Urban planner,17,Culture,retained_exact_unique,source_exact,author_exact_unique,完整职业词与作者规则精确一致，且规则候选 L1 唯一；本轮保留原映射。,"[""Culture""]"
Web analytics,17,,needs_context,low,agent_semantic_review,该值是网站数据分析领域名称，没有说明它表示数据分析岗位、营销服务还是网站相关研究工作，需补具体职务。,"[""Discovery/Science"",""Other""]"
Seamstress,17,Other,retained_exact_unique,source_exact,author_exact_unique,完整职业词与作者规则精确一致，且规则候选 L1 唯一；本轮保留原映射。,"[""Other""]"
Vocal coach,16,Culture,resolved,medium,agent_semantic_review,“Vocal coach”所指工作核心是提供明确的艺术、媒体或文化产业创作与制作服务，属于文化生产、表演或传播职能，归入Culture。,"[""Culture""]"
Voice teacher,16,Culture,resolved,medium,agent_semantic_review,训练学生的发声、呼吸、音准和演唱表达，通常通过示范及逐句纠正授课。,"[""Culture""]"
Ski jumper,16,Sports/Games,resolved,high,agent_semantic_review,从跳台滑下起跳，在空中保持姿势并以距离和动作质量参加跳台滑雪比赛。,"[""Sports/Games""]"
Fitness professional,16,Sports/Games,resolved,high,agent_semantic_review,“Fitness professional”的工作直接围绕体育训练、竞技或比赛规则展开，具体职责是参与体育项目的训练、竞技或赛事组织，归入Sports/Games。,"[""Sports/Games""]"
Internet marketing,16,Other,resolved,medium,primary_semantic_adjudication,完整短语指数字营销、搜索优化或获客业务，按作者marketing→Worker/Business(small)归Other；活动/领域名称仅作职业词表中的功能映射，不据此断言人物具体岗位。,"[""Other""]"
SEM Professional,16,Other,resolved,high,agent_semantic_review,搜索引擎营销从业者策划搜索引擎推广活动，运用SEO和付费搜索提高网站在搜索结果中的曝光与访问。,"[""Other""]"
SEO Professional,16,Other,resolved,high,agent_semantic_review,An SEO professional improves how websites are indexed and ranked in search services; this is a specialized digital marketing service.,"[""Other""]"
Truck driver,16,Other,resolved,medium,agent_semantic_review,驾驶货车按路线运送货物，检查车辆并遵守道路和装卸安全要求。,"[""Other""]"
Short Track Speed Skater,16,Sports/Games,resolved,high,agent_semantic_review,在短道冰场参加速度滑冰竞赛，通过弯道超越和冲刺争取名次。,"[""Sports/Games""]"
Academician,16,Discovery/Science,resolved,medium,agent_semantic_review,“Academician”从事的核心职责是从事专业教学、技术设计开发、测试或学术研究，其工作属于知识发现、学术/医疗或技术开发，归入Discovery/Science。,"[""Discovery/Science""]"
Art Model,16,Culture,resolved,medium,agent_semantic_review,艺术模特按画家、雕塑家或摄影师要求摆姿，供其观察人体形态、光线并创作作品。,"[""Culture""]"
Cultural critic,16,Culture,resolved,high,agent_semantic_review,评论艺术、媒体或文化作品，分析其形式、观念及社会影响并向公众发表观点。,"[""Culture""]"
Pediatrician,16,Discovery/Science,retained_exact_unique,source_exact,author_exact_unique,完整职业词与作者规则精确一致，且规则候选 L1 唯一；本轮保留原映射。,"[""Discovery/Science""]"
Holy Roman Emperor,16,Leadership,resolved,high,agent_semantic_review,“Holy Roman Emperor”的职责是承载王室/贵族身份或宫廷职务所赋予的治理、礼仪权责，对应公共治理、法律/军事/宗教权威或企业金融领导，归入Leadership。,"[""Leadership""]"
Advertising Executive,16,Leadership,resolved,medium,agent_semantic_review,广告公司/广告业务的高管负责商业经营、客户与业务管理，职位核心是企业管理。,"[""Leadership""]"
Neuroscientist,15,Discovery/Science,retained_exact_unique,source_exact,author_exact_unique,完整职业词与作者规则精确一致，且规则候选 L1 唯一；本轮保留原映射。,"[""Discovery/Science""]"
Harpist,15,Culture,retained_exact_unique,source_exact,author_exact_unique,完整职业词与作者规则精确一致，且规则候选 L1 唯一；本轮保留原映射。,"[""Culture""]"
Voice acting in Japan,15,Culture,resolved,high,agent_semantic_review,为动画、游戏或影视角色录制日语对白，塑造角色声音并参与配音录制。,"[""Culture""]"
Folklorist,15,Culture,retained_exact_unique,source_exact,author_exact_unique,完整职业词与作者规则精确一致，且规则候选 L1 唯一；本轮保留原映射。,"[""Culture""]"
Tailor,15,Other,retained_exact_unique,source_exact,author_exact_unique,完整职业词与作者规则精确一致，且规则候选 L1 唯一；本轮保留原映射。,"[""Other""]"
Lobbyist,15,Leadership,retained_exact_unique,source_exact,author_exact_unique,完整职业词与作者规则精确一致，且规则候选 L1 唯一；本轮保留原映射。,"[""Leadership""]"
Cab Driver,15,Other,resolved,medium,agent_semantic_review,“Cab Driver”是提供标题所指的日常服务、运输、维修、照护、手工业或一般商业服务的职业称谓，不属于艺术文化、科学技术、公共权力或竞技体育领域，归入Other。,"[""Other""]"
Speechwriter,15,Culture,retained_exact_unique,source_exact,author_exact_unique,完整职业词与作者规则精确一致，且规则候选 L1 唯一；本轮保留原映射。,"[""Culture""]"
Radio Broadcaster,15,Culture,resolved,medium,agent_semantic_review,广播员通过电台播报新闻、主持节目或传递音乐与公共信息。,"[""Culture""]"
Mime artist,15,Culture,resolved,high,agent_semantic_review,不用口语而以面部表情和身体动作塑造人物、物件或情境进行舞台表演。,"[""Culture""]"
Public Servant,14,Leadership,retained_exact_unique,source_exact,author_exact_unique,完整职业词与作者规则精确一致，且规则候选 L1 唯一；本轮保留原映射。,"[""Leadership""]"
Imam,14,Leadership,retained_exact_unique,source_exact,author_exact_unique,完整职业词与作者规则精确一致，且规则候选 L1 唯一；本轮保留原映射。,"[""Leadership""]"
Ethnographer,14,Discovery/Science,resolved,medium,agent_semantic_review,“Ethnographer”从事的核心职责是开展该学科的研究、证据分析与知识产出，其工作属于知识发现、学术/医疗或技术开发，归入Discovery/Science。,"[""Discovery/Science""]"
Gravure idol,14,Culture,resolved,medium,agent_semantic_review,为日本杂志写真页、写真集或宣传影像拍摄写真，并参与相关媒体宣传；该头衔是写真模特/艺人，而非普通行政岗位。,"[""Culture""]"
Winemaker,14,Leadership,retained_exact_unique,source_exact,author_exact_unique,完整职业词与作者规则精确一致，且规则候选 L1 唯一；本轮保留原映射。,"[""Leadership""]"
Logician,14,Discovery/Science,retained_exact_unique,source_exact,author_exact_unique,完整职业词与作者规则精确一致，且规则候选 L1 唯一；本轮保留原映射。,"[""Discovery/Science""]"
Laborer,14,Other,retained_exact_unique,source_exact,author_exact_unique,完整职业词与作者规则精确一致，且规则候选 L1 唯一；本轮保留原映射。,"[""Other""]"
Stage Manager,14,Culture,retained_exact_unique,source_exact,author_exact_unique,完整职业词与作者规则精确一致，且规则候选 L1 唯一；本轮保留原映射。,"[""Culture""]"
Dressmaker,14,Other,retained_exact_unique,source_exact,author_exact_unique,完整职业词与作者规则精确一致，且规则候选 L1 唯一；本轮保留原映射。,"[""Other""]"
Student,14,,needs_context,low,agent_semantic_review,这是学习身份而非职业职责，所学领域也未提供，不能据此确定 L1。,"[""Discovery/Science""]"
Chemical engineer,14,Discovery/Science,resolved,medium,agent_semantic_review,“Chemical engineer”从事的核心职责是从事专业教学、技术设计开发、测试或学术研究，其工作属于知识发现、学术/医疗或技术开发，归入Discovery/Science。,"[""Discovery/Science""]"
Electronic musician,14,Culture,resolved,medium,agent_semantic_review,电子音乐家使用合成器、采样器和数字音频设备创作、编排或现场演奏电子音乐。,"[""Culture""]"
Printer,14,Other,retained_exact_unique,source_exact,author_exact_unique,完整职业词与作者规则精确一致，且规则候选 L1 唯一；本轮保留原映射。,"[""Other""]"
Registered nurse,14,Discovery/Science,resolved,high,agent_semantic_review,评估病人状况、执行护理计划、给药并记录反应，同时与医生和家属沟通。,"[""Discovery/Science""]"
Bishop,14,Leadership,retained_exact_unique,source_exact,author_exact_unique,完整职业词与作者规则精确一致，且规则候选 L1 唯一；本轮保留原映射。,"[""Leadership""]"
Film Historian,14,Discovery/Science,resolved,high,agent_semantic_review,"Researches and interprets the history of cinema using films, records, and archives; the work is historical scholarship.","[""Discovery/Science""]"
Democracy activist,13,Leadership,resolved,medium,primary_semantic_adjudication,通过公共倡议推动民主、公民权利或群体权益，按作者Politics中公共政治倡议的口径归类；不要求有正式官职。,"[""Leadership""]"
Scenographer,13,Culture,retained_exact_unique,source_exact,author_exact_unique,完整职业词与作者规则精确一致，且规则候选 L1 唯一；本轮保留原映射。,"[""Culture""]"
TV chef,13,Culture,resolved,high,agent_semantic_review,在电视节目中烹饪、讲解菜谱或展示餐饮知识，面向观众制作烹饪内容。,"[""Culture""]"
Storyboard Artist,13,Culture,resolved,medium,agent_semantic_review,“Storyboard Artist”所指工作核心是创作或呈现艺术作品/现场表演，职业产出面向文化受众，属于文化生产、表演或传播职能，归入Culture。,"[""Culture""]"
Curler,13,Sports/Games,retained_exact_unique,source_exact,author_exact_unique,完整职业词与作者规则精确一致，且规则候选 L1 唯一；本轮保留原映射。,"[""Sports/Games""]"
Sports agent,13,Sports/Games,resolved,medium,agent_semantic_review,体育经纪人代表运动员处理合同与职业事务，直接服务竞技体育参与者。,"[""Sports/Games""]"
Landlord,13,Other,resolved,high,agent_semantic_review,房东持有出租房产，与租客订立租约、收取租金并安排房屋维护。,"[""Other""]"
Antiquarian,13,Other,retained_exact_unique,source_exact,author_exact_unique,完整职业词与作者规则精确一致，且规则候选 L1 唯一；本轮保留原映射。,"[""Other""]"
Circus Performer,13,Culture,resolved,medium,agent_semantic_review,“Circus Performer”所指工作核心是创作或呈现艺术作品/现场表演，职业产出面向文化受众，属于文化生产、表演或传播职能，归入Culture。,"[""Culture""]"
Roman emperor,13,Leadership,resolved,high,agent_semantic_review,作为罗马帝国君主统辖国家、任命官员并主持军事、法律和行政决策。,"[""Leadership""]"
Opera composer,13,Culture,resolved,high,agent_semantic_review,创作歌剧的音乐、声乐旋律和管弦乐部分，供舞台制作排演演出。,"[""Culture""]"
Spy,13,Leadership,retained_exact_unique,source_exact,author_exact_unique,完整职业词与作者规则精确一致，且规则候选 L1 唯一；本轮保留原映射。,"[""Leadership""]"
Monk,13,Leadership,retained_exact_unique,source_exact,author_exact_unique,完整职业词与作者规则精确一致，且规则候选 L1 唯一；本轮保留原映射。,"[""Leadership""]"
Recording Engineer (Film job),13,Culture,resolved,high,primary_semantic_adjudication,从事录音、混音或声音后期，为音乐和影视作品实现音频效果；此处engineer指声音制作岗位。,"[""Culture""]"
Trade unionist,13,Leadership,resolved,medium,primary_semantic_adjudication,参与工会活动、组织或代表劳工利益，按作者unionist/trade_union所在Politics口径映射；不要求该称谓另含正式官职。,"[""Leadership""]"
Food critic,13,Culture,resolved,high,agent_semantic_review,美食评论家品尝并评价餐馆菜品、服务和用餐体验，再撰写评论或专栏。,"[""Culture""]"
Special Effects Artist,13,Culture,resolved,medium,agent_semantic_review,“Special Effects Artist”所指工作核心是创作或呈现艺术作品/现场表演，职业产出面向文化受众，属于文化生产、表演或传播职能，归入Culture。,"[""Culture""]"
Bookkeeper,12,Other,retained_exact_unique,source_exact,author_exact_unique,完整职业词与作者规则精确一致，且规则候选 L1 唯一；本轮保留原映射。,"[""Other""]"
Chaplain,12,Leadership,retained_exact_unique,source_exact,author_exact_unique,完整职业词与作者规则精确一致，且规则候选 L1 唯一；本轮保留原映射。,"[""Leadership""]"
Pathologist,12,Discovery/Science,retained_exact_unique,source_exact,author_exact_unique,完整职业词与作者规则精确一致，且规则候选 L1 唯一；本轮保留原映射。,"[""Discovery/Science""]"
Videographer,12,Culture,retained_exact_unique,source_exact,author_exact_unique,完整职业词与作者规则精确一致，且规则候选 L1 唯一；本轮保留原映射。,"[""Culture""]"
Nordic combined skier,12,Sports/Games,resolved,medium,agent_semantic_review,参加北欧两项比赛，先进行跳台滑雪再进行越野滑雪，以综合成绩决胜。,"[""Sports/Games""]"
Dance Teacher,12,Culture,resolved,high,agent_semantic_review,教授舞蹈动作、节奏和编排，带领学生排练并为演出或考试作准备。,"[""Culture""]"
Astrophysicist,12,Discovery/Science,retained_exact_unique,source_exact,author_exact_unique,完整职业词与作者规则精确一致，且规则候选 L1 唯一；本轮保留原映射。,"[""Discovery/Science""]"
Rail transport worker,12,Other,resolved,medium,agent_semantic_review,“Rail transport worker”是提供标题所指的日常服务、运输、维修、照护、手工业或一般商业服务的职业称谓，不属于艺术文化、科学技术、公共权力或竞技体育领域，归入Other。,"[""Other""]"
Construction worker,12,Other,resolved,medium,agent_semantic_review,建筑工人在施工现场搬运材料、搭建结构、操作工具或完成其他建造和维修工序。,"[""Other""]"
Guide,12,Other,retained_exact_unique,source_exact,author_exact_unique,完整职业词与作者规则精确一致，且规则候选 L1 唯一；本轮保留原映射。,"[""Other""]"
Prosecutor,12,Leadership,retained_exact_unique,source_exact,author_exact_unique,完整职业词与作者规则精确一致，且规则候选 L1 唯一；本轮保留原映射。,"[""Leadership""]"
Cleaner,12,Other,retained_exact_unique,source_exact,author_exact_unique,完整职业词与作者规则精确一致，且规则候选 L1 唯一；本轮保留原映射。,"[""Other""]"
Analyst,12,Other,retained_exact_unique,source_exact,author_exact_unique,完整职业词与作者规则精确一致，且规则候选 L1 唯一；本轮保留原映射。,"[""Other""]"
Baseball Umpire,12,Sports/Games,resolved,high,agent_semantic_review,在棒球比赛中判定好坏球、安全出局及规则争议，并维持比赛秩序。,"[""Sports/Games""]"
Bartender,12,Other,retained_exact_unique,source_exact,author_exact_unique,完整职业词与作者规则精确一致，且规则候选 L1 唯一；本轮保留原映射。,"[""Other""]"
Remixer,11,Culture,resolved,medium,agent_semantic_review,“Remixer”所指工作核心是提供明确的艺术、媒体或文化产业创作与制作服务，属于文化生产、表演或传播职能，归入Culture。,"[""Culture""]"
Penciller,11,Culture,retained_exact_unique,source_exact,author_exact_unique,完整职业词与作者规则精确一致，且规则候选 L1 唯一；本轮保留原映射。,"[""Culture""]"
Engraver,11,Culture,retained_exact_unique,source_exact,author_exact_unique,完整职业词与作者规则精确一致，且规则候选 L1 唯一；本轮保留原映射。,"[""Culture""]"
Contemporary artist,11,Culture,resolved,medium,agent_semantic_review,创作当代艺术作品，并通过展览、装置、影像或其他媒介向观众呈现。,"[""Culture""]"
Archivist,11,Discovery/Science,retained_exact_unique,source_exact,author_exact_unique,完整职业词与作者规则精确一致，且规则候选 L1 唯一；本轮保留原映射。,"[""Discovery/Science""]"
Hotel Manager,11,Other,resolved,high,agent_semantic_review,酒店经理管理住宿接待和日常服务运营，属于酒店服务业管理，不据此推为大型企业领导。,"[""Other""]"
Artistic Director,11,Culture,resolved,medium,agent_semantic_review,“Artistic Director”所指工作核心是创作或呈现艺术作品/现场表演，职业产出面向文化受众，属于文化生产、表演或传播职能，归入Culture。,"[""Culture""]"
Bank cashier,11,Other,resolved,medium,agent_semantic_review,银行出纳员办理现金存取、支票和账户柜面交易，核验客户身份并记录款项。,"[""Other""]"
Impersonator,11,Other,retained_exact_unique,source_exact,author_exact_unique,完整职业词与作者规则精确一致，且规则候选 L1 唯一；本轮保留原映射。,"[""Other""]"
Gardener,11,Other,retained_exact_unique,source_exact,author_exact_unique,完整职业词与作者规则精确一致，且规则候选 L1 唯一；本轮保留原映射。,"[""Other""]"
Music director,11,Culture,resolved,high,agent_semantic_review,确定音乐演出或录音的艺术方向，选择曲目并指导乐手、歌手或乐团排练。,"[""Culture""]"
Luthier,11,Other,retained_exact_unique,source_exact,author_exact_unique,完整职业词与作者规则精确一致，且规则候选 L1 唯一；本轮保留原映射。,"[""Other""]"
Harpsichordist,11,Culture,retained_exact_unique,source_exact,author_exact_unique,完整职业词与作者规则精确一致，且规则候选 L1 唯一；本轮保留原映射。,"[""Culture""]"
Coal Miner,11,Other,retained_exact_unique,source_exact,author_exact_unique,完整职业词与作者规则精确一致，且规则候选 L1 唯一；本轮保留原映射。,"[""Other""]"
Digital Marketer,11,Other,resolved,high,agent_semantic_review,"Plans and runs online promotion through search, web content, and paid digital channels; this is a marketing service role rather than general corporate leadership.","[""Other""]"
TV Program Creator,11,Culture,resolved,medium,agent_semantic_review,构思电视节目的主题、形式和内容，开发企划并协调节目制作。,"[""Culture""]"
Dance Instructor,11,Culture,resolved,high,agent_semantic_review,舞蹈教师示范舞步和身体技巧，编排练习并纠正学生的节奏、姿势和动作。,"[""Culture""]"
Diver,11,Sports/Games,retained_exact_unique,source_exact,author_exact_unique,完整职业词与作者规则精确一致，且规则候选 L1 唯一；本轮保留原映射。,"[""Sports/Games""]"
Skateboarder,11,Sports/Games,resolved,high,agent_semantic_review,“Skateboarder”的工作直接围绕体育训练、竞技或比赛规则展开，具体职责是参与体育项目的训练、竞技或赛事组织，归入Sports/Games。,"[""Sports/Games""]"
Sheriff,11,Leadership,retained_exact_unique,source_exact,author_exact_unique,完整职业词与作者规则精确一致，且规则候选 L1 唯一；本轮保留原映射。,"[""Leadership""]"
Motorcycle Racer,11,Sports/Games,resolved,medium,agent_semantic_review,驾驶摩托车参加赛道或越野竞赛，按规则争夺圈速、名次或完赛成绩。,"[""Sports/Games""]"
Trader,11,Leadership,retained_exact_unique,source_exact,author_exact_unique,完整职业词与作者规则精确一致，且规则候选 L1 唯一；本轮保留原映射。,"[""Leadership""]"
Music Theorist,11,Discovery/Science,resolved,high,agent_semantic_review,音乐理论研究和教学属于音乐学术职能。,"[""Discovery/Science""]"
Illusionist,11,Culture,retained_exact_unique,source_exact,author_exact_unique,完整职业词与作者规则精确一致，且规则候选 L1 唯一；本轮保留原映射。,"[""Culture""]"
Video Game Producer,11,Culture,resolved,medium,agent_semantic_review,“Video Game Producer”所指工作核心是支持或统筹影视、广播、音乐及其他文化内容的制作、技术实现或发行，属于文化生产、表演或传播职能，归入Culture。,"[""Culture""]"
Baker,11,Other,retained_exact_unique,source_exact,author_exact_unique,完整职业词与作者规则精确一致，且规则候选 L1 唯一；本轮保留原映射。,"[""Other""]"
SEO strategist,11,Other,resolved,medium,agent_semantic_review,SEO策略师规划搜索引擎优化与线上获客，属于营销服务职能；作者将 marketing 归为 Worker/Business (small)，对应 Other。,"[""Other""]"
Skeleton racer,11,Sports/Games,resolved,high,agent_semantic_review,俯卧在小型雪橇上沿冰道高速滑行，参加钢架雪车竞速。,"[""Sports/Games""]"
Structural engineer,11,Discovery/Science,resolved,medium,agent_semantic_review,“Structural engineer”从事的核心职责是从事专业教学、技术设计开发、测试或学术研究，其工作属于知识发现、学术/医疗或技术开发，归入Discovery/Science。,"[""Discovery/Science""]"
Veteran,11,Leadership,retained_exact_unique,source_exact,author_exact_unique,完整职业词与作者规则精确一致，且规则候选 L1 唯一；本轮保留原映射。,"[""Leadership""]"
Ulama,10,Sports/Games,retained_exact_unique,source_exact,author_exact_unique,完整职业词与作者规则精确一致，且规则候选 L1 唯一；本轮保留原映射。,"[""Sports/Games""]"
Physiologist,10,Discovery/Science,retained_exact_unique,source_exact,author_exact_unique,完整职业词与作者规则精确一致，且规则候选 L1 唯一；本轮保留原映射。,"[""Discovery/Science""]"
Potter,10,Other,retained_exact_unique,source_exact,author_exact_unique,完整职业词与作者规则精确一致，且规则候选 L1 唯一；本轮保留原映射。,"[""Other""]"
Meteorologist,10,Discovery/Science,retained_exact_unique,source_exact,author_exact_unique,完整职业词与作者规则精确一致，且规则候选 L1 唯一；本轮保留原映射。,"[""Discovery/Science""]"
Estate agent,10,Other,retained_exact_unique,source_exact,author_exact_unique,完整职业词与作者规则精确一致，且规则候选 L1 唯一；本轮保留原映射。,"[""Other""]"
Science-fiction writer,10,Culture,resolved,medium,agent_semantic_review,科幻作家创作以未来科技、太空、时间或虚构社会为主题的文学故事。,"[""Culture""]"
Barber,10,Other,retained_exact_unique,source_exact,author_exact_unique,完整职业词与作者规则精确一致，且规则候选 L1 唯一；本轮保留原映射。,"[""Other""]"
Futurist,10,Discovery/Science,retained_exact_unique,source_exact,author_exact_unique,完整职业词与作者规则精确一致，且规则候选 L1 唯一；本轮保留原映射。,"[""Discovery/Science""]"
Yoga Instructor,10,Sports/Games,resolved,high,agent_semantic_review,带领学员练习瑜伽体式、呼吸和放松方法，并按能力调整动作指导。,"[""Sports/Games""]"
Instrument maker,10,Other,retained_exact_unique,source_exact,author_exact_unique,完整职业词与作者规则精确一致，且规则候选 L1 唯一；本轮保留原映射。,"[""Other""]"
Sound Technician,10,Culture,resolved,medium,agent_semantic_review,“Sound Technician”所指工作核心是支持或统筹影视、广播、音乐及其他文化内容的制作、技术实现或发行，属于文化生产、表演或传播职能，归入Culture。,"[""Culture""]"
Shopkeeper,10,Leadership,retained_exact_unique,source_exact,author_exact_unique,完整职业词与作者规则精确一致，且规则候选 L1 唯一；本轮保留原映射。,"[""Leadership""]"
Cowboy,10,Other,retained_exact_unique,source_exact,author_exact_unique,完整职业词与作者规则精确一致，且规则候选 L1 唯一；本轮保留原映射。,"[""Other""]"
Music Educator,10,Culture,retained_exact_unique,source_exact,author_exact_unique,完整职业词与作者规则精确一致，且规则候选 L1 唯一；本轮保留原映射。,"[""Culture""]"
Steelworker,10,Other,resolved,medium,agent_semantic_review,在钢铁生产现场操作设备、处理钢材或参与炼钢和轧制等工序。,"[""Other""]"
Visual Effects Supervisor,10,Culture,resolved,high,agent_semantic_review,视觉特效总监规划影片特效方案、分配镜头并指导特效团队，审核合成结果与导演视觉目标是否一致。,"[""Culture""]"
Bodyguard,10,Other,retained_exact_unique,source_exact,author_exact_unique,完整职业词与作者规则精确一致，且规则候选 L1 唯一；本轮保留原映射。,"[""Other""]"
Palaeontologist,10,Discovery/Science,retained_exact_unique,source_exact,author_exact_unique,完整职业词与作者规则精确一致，且规则候选 L1 唯一；本轮保留原映射。,"[""Discovery/Science""]"
Ballroom Dancer,10,Culture,resolved,medium,agent_semantic_review,“Ballroom Dancer”所指工作核心是创作或呈现艺术作品/现场表演，职业产出面向文化受众，属于文化生产、表演或传播职能，归入Culture。,"[""Culture""]"
Mixing engineer,10,Culture,resolved,medium,agent_semantic_review,调节录音中各声部的音量、均衡、空间和效果，制作平衡的最终混音。,"[""Culture""]"
Postal worker,10,Other,resolved,high,agent_semantic_review,分拣、运输或投递信件包裹，并办理邮政柜台或配送相关事务。,"[""Other""]"
Runner,9,Sports/Games,retained_exact_unique,source_exact,author_exact_unique,完整职业词与作者规则精确一致，且规则候选 L1 唯一；本轮保留原映射。,"[""Sports/Games""]"
General contractor,9,Other,resolved,medium,agent_semantic_review,“General contractor”是提供标题所指的日常服务、运输、维修、照护、手工业或一般商业服务的职业称谓，不属于艺术文化、科学技术、公共权力或竞技体育领域，归入Other。,"[""Other""]"
Blacksmith,9,Other,retained_exact_unique,source_exact,author_exact_unique,完整职业词与作者规则精确一致，且规则候选 L1 唯一；本轮保留原映射。,"[""Other""]"
Tattoo artist,9,Culture,resolved,medium,agent_semantic_review,纹身师与顾客讨论图案，将设计转印到皮肤并用纹身设备着色和勾线。,"[""Culture""]"
Monologist,9,Culture,retained_exact_unique,source_exact,author_exact_unique,完整职业词与作者规则精确一致，且规则候选 L1 唯一；本轮保留原映射。,"[""Culture""]"
Cattle Rancher,9,Other,resolved,high,agent_semantic_review,饲养和管理牛群，安排放牧、繁殖、健康照料及牧场日常运营。,"[""Other""]"
ADR Director,9,Culture,resolved,medium,agent_semantic_review,“ADR Director”所指工作核心是支持或统筹影视、广播、音乐及其他文化内容的制作、技术实现或发行，属于文化生产、表演或传播职能，归入Culture。,"[""Culture""]"
Rebel,9,Leadership,retained_exact_unique,source_exact,author_exact_unique,完整职业词与作者规则精确一致，且规则候选 L1 唯一；本轮保留原映射。,"[""Leadership""]"
SEO,9,Other,resolved,medium,primary_semantic_adjudication,完整短语指数字营销、搜索优化或获客业务，按作者marketing→Worker/Business(small)归Other；活动/领域名称仅作职业词表中的功能映射，不据此断言人物具体岗位。,"[""Other""]"
Dialect coach,9,Culture,resolved,high,agent_semantic_review,帮助演员学习角色所需的方言发音、语调和口音，并在排演或拍摄中纠正表达。,"[""Culture""]"
Showman,9,Culture,resolved,medium,agent_semantic_review,“Showman”所指工作核心是提供明确的艺术、媒体或文化产业创作与制作服务，属于文化生产、表演或传播职能，归入Culture。,"[""Culture""]"
Landscape architect,9,Culture,resolved,medium,primary_semantic_adjudication,规划和设计公园、校园及户外空间的布局与景观；沿用作者architect/design的文化设计口径。,"[""Culture""]"
Art Teacher,9,Culture,resolved,high,agent_semantic_review,美术教师讲授绘画、构图、材料和艺术史基础，示范技法并指导学生完成作品。,"[""Culture""]"
Lexicographer,9,Discovery/Science,retained_exact_unique,source_exact,author_exact_unique,完整职业词与作者规则精确一致，且规则候选 L1 唯一；本轮保留原映射。,"[""Discovery/Science""]"
Clinical psychologist,9,Discovery/Science,resolved,medium,agent_semantic_review,“Clinical psychologist”从事的核心职责是以专门科学知识、学术研究、医疗服务或工程技术为主要职责，其工作属于知识发现、学术/医疗或技术开发，归入Discovery/Science。,"[""Discovery/Science""]"
Beach Volleyball Player,9,Sports/Games,resolved,medium,agent_semantic_review,在沙地排球比赛中与队友发球、接球、拦网和扣球，争取赢得回合。,"[""Sports/Games""]"
Social Critic,9,Culture,resolved,high,agent_semantic_review,撰写评论或发表意见，分析社会习俗、制度和公共议题并指出其问题。,"[""Culture""]"
Children's book author,9,Culture,resolved,medium,agent_semantic_review,“Children's book author”所指工作核心是提供明确的艺术、媒体或文化产业创作与制作服务，属于文化生产、表演或传播职能，归入Culture。,"[""Culture""]"
Music editor,9,Culture,resolved,medium,agent_semantic_review,音乐编辑为影视或广播项目选择、剪辑和排列音乐素材，使音乐提示与画面节奏和情节相配。,"[""Culture""]"
Fisherman,9,Other,resolved,high,agent_semantic_review,使用渔具在海洋、河流或湖泊捕捞鱼类和其他水产品。,"[""Other""]"
Child model,9,Culture,resolved,medium,agent_semantic_review,“Child model”所指工作核心是提供明确的艺术、媒体或文化产业创作与制作服务，属于文化生产、表演或传播职能，归入Culture。,"[""Culture""]"
Entomologist,9,Discovery/Science,retained_exact_unique,source_exact,author_exact_unique,完整职业词与作者规则精确一致，且规则候选 L1 唯一；本轮保留原映射。,"[""Discovery/Science""]"
Molecular Biologist,9,Discovery/Science,resolved,high,agent_semantic_review,分子生物学家研究细胞、基因、蛋白质等分子层面的生命过程，属于科学研究。,"[""Discovery/Science""]"
Magistrate,9,Leadership,resolved,high,agent_semantic_review,主持基层法庭听证、审理特定案件或签发司法命令。,"[""Leadership""]"
Revolutionary,9,Leadership,retained_exact_unique,source_exact,author_exact_unique,完整职业词与作者规则精确一致，且规则候选 L1 唯一；本轮保留原映射。,"[""Leadership""]"
Pirate,9,Leadership,retained_exact_unique,source_exact,author_exact_unique,完整职业词与作者规则精确一致，且规则候选 L1 唯一；本轮保留原映射。,"[""Leadership""]"
Nutritionist,9,Discovery/Science,retained_exact_unique,source_exact,author_exact_unique,完整职业词与作者规则精确一致，且规则候选 L1 唯一；本轮保留原映射。,"[""Discovery/Science""]"
Skier,9,Sports/Games,retained_exact_unique,source_exact,author_exact_unique,完整职业词与作者规则精确一致，且规则候选 L1 唯一；本轮保留原映射。,"[""Sports/Games""]"
EMS Professional,9,Other,resolved,medium,agent_semantic_review,“EMS Professional”是提供标题所指的日常服务、运输、维修、照护、手工业或一般商业服务的职业称谓，不属于艺术文化、科学技术、公共权力或竞技体育领域，归入Other。,"[""Other""]"
Celebrity chef,9,Other,resolved,medium,agent_semantic_review,名厨研发和烹制菜品、管理厨房流程，也可能通过电视或出版展示烹饪方法。,"[""Other""]"
accordionist,9,Culture,retained_exact_unique,source_exact,author_exact_unique,完整职业词与作者规则精确一致，且规则候选 L1 唯一；本轮保留原映射。,"[""Culture""]"
Neurologist,9,Discovery/Science,retained_exact_unique,source_exact,author_exact_unique,完整职业词与作者规则精确一致，且规则候选 L1 唯一；本轮保留原映射。,"[""Discovery/Science""]"
House painter and decorator,9,Other,resolved,high,agent_semantic_review,为住宅墙面和木作做表面处理、刷漆或贴饰面，按客户要求完成室内装饰。,"[""Other""]"
Cardiologist,9,Discovery/Science,retained_exact_unique,source_exact,author_exact_unique,完整职业词与作者规则精确一致，且规则候选 L1 唯一；本轮保留原映射。,"[""Discovery/Science""]"
Search Engine Optimization,9,Other,resolved,medium,primary_semantic_adjudication,完整短语指数字营销、搜索优化或获客业务，按作者marketing→Worker/Business(small)归Other；活动/领域名称仅作职业词表中的功能映射，不据此断言人物具体岗位。,"[""Other""]"
Keytarist,8,Culture,resolved,medium,agent_semantic_review,演奏肩背式键盘合成器，在乐队或舞台演出中承担键盘旋律与伴奏。,"[""Culture""]"
Inker,8,Culture,resolved,high,agent_semantic_review,漫画线稿描墨师沿铅笔草图描绘清晰墨线，补充阴影和线条层次，使漫画页达到印刷或上色状态。,"[""Culture""]"
Venture capitalist,8,Leadership,resolved,high,agent_semantic_review,“Venture capitalist”的职责是承担机构治理、金融资本配置、商业经营管理或政治公共事务职责，对应公共治理、法律/军事/宗教权威或企业金融领导，归入Leadership。,"[""Leadership""]"
Jeweller,8,Other,retained_exact_unique,source_exact,author_exact_unique,完整职业词与作者规则精确一致，且规则候选 L1 唯一；本轮保留原映射。,"[""Other""]"
Ophthalmology,8,,needs_context,low,agent_semantic_review,眼科学是医学专科领域，不是明确从业者职位；需确认该字段表示学科还是临床岗位。,"[""Discovery/Science""]"
Horse breeder,8,Other,retained_exact_unique,source_exact,author_exact_unique,完整职业词与作者规则精确一致，且规则候选 L1 唯一；本轮保留原映射。,"[""Other""]"
Studio executive,8,Culture,resolved,medium,agent_semantic_review,管理影视、音乐或录音工作室的项目、预算和制作安排，决定内容制作及资源分配。,"[""Culture""]"
High Priest,8,Leadership,resolved,high,agent_semantic_review,“High Priest”的职责是担任宗教组织的教职、权威或带领信众，对应公共治理、法律/军事/宗教权威或企业金融领导，归入Leadership。,"[""Leadership""]"
Sculpture,8,Culture,retained_exact_unique,source_exact,author_exact_unique,完整职业词与作者规则精确一致，且规则候选 L1 唯一；本轮保留原映射。,"[""Culture""]"
Ballet master,8,Culture,resolved,medium,agent_semantic_review,负责芭蕾舞团的排练训练、舞步指导和剧目排演，确保舞者掌握演出编排。,"[""Culture""]"
Music Manager,8,Culture,resolved,medium,agent_semantic_review,音乐经理安排音乐人的演出、录音、宣传和合同事务，协调艺人团队与唱片、场馆等合作方。,"[""Culture""]"
Medic,8,Discovery/Science,resolved,medium,agent_semantic_review,“Medic”从事的核心职责是以专门科学知识、学术研究、医疗服务或工程技术为主要职责，其工作属于知识发现、学术/医疗或技术开发，归入Discovery/Science。,"[""Discovery/Science""]"
Adult model,8,Culture,resolved,medium,agent_semantic_review,成人出版物或影像中的模特提供摄影/影视视觉表演；建模工作本身属于文化媒介制作，不等同于性服务。,"[""Culture""]"
Cosmetologist,8,Other,resolved,high,agent_semantic_review,为顾客提供头发、皮肤或指甲护理与造型服务，并使用相应美容产品和工具。,"[""Other""]"
Tutor,8,Discovery/Science,resolved,medium,agent_semantic_review,“Tutor”从事的核心职责是以专门科学知识、学术研究、医疗服务或工程技术为主要职责，其工作属于知识发现、学术/医疗或技术开发，归入Discovery/Science。,"[""Discovery/Science""]"
Cheerleader,8,Other,retained_exact_unique,source_exact,author_exact_unique,完整职业词与作者规则精确一致，且规则候选 L1 唯一；本轮保留原映射。,"[""Other""]"
Tour guide,8,Other,resolved,medium,agent_semantic_review,带领游客参观景点，讲解历史文化信息并协调参观路线和团体行程。,"[""Other""]"
Interpreter,8,Culture,retained_exact_unique,source_exact,author_exact_unique,完整职业词与作者规则精确一致，且规则候选 L1 唯一；本轮保留原映射。,"[""Culture""]"
Sound Recordist,8,Culture,resolved,high,agent_semantic_review,录音师使用麦克风和录音设备采集现场对白、环境声或音乐，并管理音频素材。,"[""Culture""]"
Physiotherapist,8,Discovery/Science,retained_exact_unique,source_exact,author_exact_unique,完整职业词与作者规则精确一致，且规则候选 L1 唯一；本轮保留原映射。,"[""Discovery/Science""]"
Political Consultant,8,Leadership,resolved,high,agent_semantic_review,“Political Consultant”的职责是参与公共政策、政治组织、外交或社会倡议的决策和协调，对应公共治理、法律/军事/宗教权威或企业金融领导，归入Leadership。,"[""Leadership""]"
Polymath,8,Discovery/Science,retained_exact_unique,source_exact,author_exact_unique,完整职业词与作者规则精确一致，且规则候选 L1 唯一；本轮保留原映射。,"[""Discovery/Science""]"
Lighting Designer,8,Culture,resolved,medium,agent_semantic_review,为舞台、影视或活动设计灯光位置、颜色和变化，并与技术人员完成灯光执行。,"[""Culture""]"
Butcher,8,Other,retained_exact_unique,source_exact,author_exact_unique,完整职业词与作者规则精确一致，且规则候选 L1 唯一；本轮保留原映射。,"[""Other""]"
Installation Artist,8,Culture,resolved,high,agent_semantic_review,设计并搭建空间性艺术装置，利用物件、影像、光线或场地与观众互动。,"[""Culture""]"
Bacteriologist,8,Discovery/Science,retained_exact_unique,source_exact,author_exact_unique,完整职业词与作者规则精确一致，且规则候选 L1 唯一；本轮保留原映射。,"[""Discovery/Science""]"
Bishop (Religious Leadership Title) #112,8,Leadership,resolved,high,agent_semantic_review,“Bishop (Religious Leadership Title) #112”的职责是担任宗教组织的教职、权威或带领信众，对应公共治理、法律/军事/宗教权威或企业金融领导，归入Leadership。 词项中的编号及/或“(Profession)”是数据库区分标记，不改变该职业的职责含义。,"[""Leadership""]"
Landholder,8,Other,resolved,medium,agent_semantic_review,土地持有人拥有或持有土地权益，可安排土地出租、耕作或维护；该词描述产权/身份而非具体工种。,"[""Other""]"
Auto mechanic,8,Other,resolved,high,agent_semantic_review,检查车辆故障、维修或更换发动机及底盘部件，并进行安全和运行测试。,"[""Other""]"
Shadetree mechanic,8,Other,resolved,medium,agent_semantic_review,“Shadetree mechanic”是提供标题所指的日常服务、运输、维修、照护、手工业或一般商业服务的职业称谓，不属于艺术文化、科学技术、公共权力或竞技体育领域，归入Other。,"[""Other""]"
School Administrator,8,Discovery/Science,resolved,medium,agent_semantic_review,学校行政人员负责教育机构的日常运营与教学行政支持，属于教育系统专业职能。,"[""Discovery/Science""]"
Bureaucrat,8,Leadership,retained_exact_unique,source_exact,author_exact_unique,完整职业词与作者规则精确一致，且规则候选 L1 唯一；本轮保留原映射。,"[""Leadership""]"
Ethnologist,8,Discovery/Science,retained_exact_unique,source_exact,author_exact_unique,完整职业词与作者规则精确一致，且规则候选 L1 唯一；本轮保留原映射。,"[""Discovery/Science""]"
Video game designer,8,Culture,resolved,high,agent_semantic_review,设计电子游戏的规则、关卡、角色和玩家体验，并与美术及开发团队协作实现。,"[""Culture""]"
Military engineer,8,Discovery/Science,resolved,medium,agent_semantic_review,“Military engineer”从事的核心职责是从事专业教学、技术设计开发、测试或学术研究，其工作属于知识发现、学术/医疗或技术开发，归入Discovery/Science。,"[""Discovery/Science""]"
Theater Performer,8,Culture,resolved,medium,agent_semantic_review,剧场演员通过台词、动作和舞台调度扮演角色，在现场演出中向观众呈现戏剧情节。,"[""Culture""]"
Bookseller,7,Other,retained_exact_unique,source_exact,author_exact_unique,完整职业词与作者规则精确一致，且规则候选 L1 唯一；本轮保留原映射。,"[""Other""]"
Forester,7,Other,retained_exact_unique,source_exact,author_exact_unique,完整职业词与作者规则精确一致，且规则候选 L1 唯一；本轮保留原映射。,"[""Other""]"
Weightlifter,7,Sports/Games,retained_exact_unique,source_exact,author_exact_unique,完整职业词与作者规则精确一致，且规则候选 L1 唯一；本轮保留原映射。,"[""Sports/Games""]"
Women's rights activist,7,Leadership,resolved,high,agent_semantic_review,Women’s rights activist 从事女性权益公共倡议；作者 Politics 类包含 activist/feminist 等社会政治倡议职责，因此归 Leadership。,"[""Leadership""]"
Public intellectual,7,Culture,resolved,medium,agent_semantic_review,“Public intellectual”所指工作核心是提供明确的艺术、媒体或文化产业创作与制作服务，属于文化生产、表演或传播职能，归入Culture。,"[""Culture""]"
Aircraft designer,7,Discovery/Science,resolved,medium,agent_semantic_review,设计飞机外形、机翼、结构或系统布局，并通过工程分析和测试验证飞行性能。,"[""Discovery/Science""]"
Mineralogist,7,Discovery/Science,retained_exact_unique,source_exact,author_exact_unique,完整职业词与作者规则精确一致，且规则候选 L1 唯一；本轮保留原映射。,"[""Discovery/Science""]"
Bricklayer,7,Other,retained_exact_unique,source_exact,author_exact_unique,完整职业词与作者规则精确一致，且规则候选 L1 唯一；本轮保留原映射。,"[""Other""]"
Crown Princess,7,Leadership,resolved,high,agent_semantic_review,Crown Princess 是王室继承序列中的贵族身份称谓，归入 Leadership 的 Nobility 语义。,"[""Leadership""]"
Anesthesiologist,7,Discovery/Science,retained_exact_unique,source_exact,author_exact_unique,完整职业词与作者规则精确一致，且规则候选 L1 唯一；本轮保留原映射。,"[""Discovery/Science""]"
Obstetrician,7,Discovery/Science,retained_exact_unique,source_exact,author_exact_unique,完整职业词与作者规则精确一致，且规则候选 L1 唯一；本轮保留原映射。,"[""Discovery/Science""]"
Lieutenant,7,Leadership,retained_exact_unique,source_exact,author_exact_unique,完整职业词与作者规则精确一致，且规则候选 L1 唯一；本轮保留原映射。,"[""Leadership""]"
Ventriloquist,7,Culture,retained_exact_unique,source_exact,author_exact_unique,完整职业词与作者规则精确一致，且规则候选 L1 唯一；本轮保留原映射。,"[""Culture""]"
Governess,7,Other,resolved,high,agent_semantic_review,A governess lives with or works for a household to supervise and educate children.,"[""Other""]"
Animation Director,7,Culture,resolved,medium,agent_semantic_review,规划动画项目的视觉风格和镜头表现，指导动画师完成分镜、动作与画面制作。,"[""Culture""]"
Grocer,7,Other,retained_exact_unique,source_exact,author_exact_unique,完整职业词与作者规则精确一致，且规则候选 L1 唯一；本轮保留原映射。,"[""Other""]"
Ornithologist,7,Discovery/Science,retained_exact_unique,source_exact,author_exact_unique,完整职业词与作者规则精确一致，且规则候选 L1 唯一；本轮保留原映射。,"[""Discovery/Science""]"
Presenter (Profession) #27,7,Culture,resolved,high,agent_semantic_review,节目主持人介绍内容、采访嘉宾并串联节目环节；“#27”是分类标记，不改变职业职责。,"[""Culture""]"
/m/02h65y5,7,,needs_context,low,agent_semantic_review,This is an opaque Freebase identifier without a human-readable occupation label.,[]
Justice of the peace,7,Leadership,resolved,medium,agent_semantic_review,在地方司法体系主持简易审理、签发特定法律文书或履行法定仪式职责。,"[""Leadership""]"
Agronomist,7,Discovery/Science,retained_exact_unique,source_exact,author_exact_unique,完整职业词与作者规则精确一致，且规则候选 L1 唯一；本轮保留原映射。,"[""Discovery/Science""]"
Paramedic,7,Discovery/Science,retained_exact_unique,source_exact,author_exact_unique,完整职业词与作者规则精确一致，且规则候选 L1 唯一；本轮保留原映射。,"[""Discovery/Science""]"
Film Distributor,7,Culture,resolved,high,agent_semantic_review,取得影片发行权，安排影院或流媒体上映，并负责宣传、拷贝交付和发行渠道协调。,"[""Culture""]"
Professional Wrestling Referee,7,Sports/Games,resolved,high,agent_semantic_review,“Professional Wrestling Referee”的工作直接围绕体育训练、竞技或比赛规则展开，具体职责是依据项目规则执裁并维护比赛秩序，归入Sports/Games。,"[""Sports/Games""]"
Strategist,7,,needs_context,low,agent_semantic_review,策略师未说明服务领域，职责可能属于商业、政治、军事或传播，无法可靠选单一L1。,[]
Ethicist,7,Discovery/Science,retained_exact_unique,source_exact,author_exact_unique,完整职业词与作者规则精确一致，且规则候选 L1 唯一；本轮保留原映射。,"[""Discovery/Science""]"
Usher,7,Other,retained_exact_unique,source_exact,author_exact_unique,完整职业词与作者规则精确一致，且规则候选 L1 唯一；本轮保留原映射。,"[""Other""]"
Financial Analyst,7,Other,resolved,medium,primary_semantic_adjudication,分析财务报表、资产及市场数据并提供建议；沿用作者analyst所属Other，不因金融题材自动视为企业领导。,"[""Other""]"
Tenant farmer,7,Other,resolved,medium,agent_semantic_review,“Tenant farmer”是提供标题所指的日常服务、运输、维修、照护、手工业或一般商业服务的职业称谓，不属于艺术文化、科学技术、公共权力或竞技体育领域，归入Other。,"[""Other""]"
Plastic Surgeon,7,Discovery/Science,retained_exact_unique,source_exact,author_exact_unique,完整职业词与作者规则精确一致，且规则候选 L1 唯一；本轮保留原映射。,"[""Discovery/Science""]"
Director of audiography,7,Culture,resolved,medium,agent_semantic_review,影视录音/音频导演作为影片声音部门负责人，规划声音录制，统筹音频人员并协调前期、拍摄和后期的声音工作。,"[""Culture""]"
Gossip columnist,6,Culture,resolved,high,agent_semantic_review,搜集并撰写有关名人社交生活和娱乐圈动态的专栏文章。,"[""Culture""]"
Webmaster,6,Discovery/Science,resolved,medium,agent_semantic_review,“Webmaster”从事的核心职责是以专门科学知识、学术研究、医疗服务或工程技术为主要职责，其工作属于知识发现、学术/医疗或技术开发，归入Discovery/Science。,"[""Discovery/Science""]"
Maid,6,Other,resolved,medium,agent_semantic_review,清洁居所、整理房间、洗衣或完成雇主要求的日常家务。,"[""Other""]"
Acrobat,6,Culture,resolved,high,agent_semantic_review,Acrobat 以身体技巧完成杂技表演，职责是现场娱乐演出，归入 Culture。,"[""Culture""]"
Ethnomusicologist,6,Discovery/Science,resolved,medium,agent_semantic_review,“Ethnomusicologist”从事的核心职责是开展该学科的研究、证据分析与知识产出，其工作属于知识发现、学术/医疗或技术开发，归入Discovery/Science。,"[""Discovery/Science""]"
Executioner,6,Leadership,retained_exact_unique,source_exact,author_exact_unique,完整职业词与作者规则精确一致，且规则候选 L1 唯一；本轮保留原映射。,"[""Leadership""]"
Muralist,6,Culture,retained_exact_unique,source_exact,author_exact_unique,完整职业词与作者规则精确一致，且规则候选 L1 唯一；本轮保留原映射。,"[""Culture""]"
Furniture Designer,6,Culture,resolved,medium,agent_semantic_review,家具设计师构思家具的外形、尺寸、材料和使用方式，绘制方案供打样与生产。,"[""Culture""]"
Railroad engineer,6,,needs_context,low,agent_semantic_review,该短语可指驾驶机车的铁路工作人员，也可指铁路系统/基础设施工程师，两种职责分属不同类别。,"[""Other"",""Discovery/Science""]"
Auctioneer,6,Other,retained_exact_unique,source_exact,author_exact_unique,完整职业词与作者规则精确一致，且规则候选 L1 唯一；本轮保留原映射。,"[""Other""]"
Evolutionary Biologist,6,Discovery/Science,resolved,medium,agent_semantic_review,“Evolutionary Biologist”从事的核心职责是开展该学科的研究、证据分析与知识产出，其工作属于知识发现、学术/医疗或技术开发，归入Discovery/Science。,"[""Discovery/Science""]"
Internet Marketer,6,Other,resolved,high,agent_semantic_review,网络营销人员执行线上推广与获客工作；作者将 marketing 归为 Worker/Business (small)，对应 Other。,"[""Other""]"
Online Marketing Professional,6,Other,resolved,high,agent_semantic_review,Online Marketing Professional 从事线上营销活动与推广，是常规营销服务岗位，归 Other。,"[""Other""]"
Switchboard operator,6,Other,resolved,medium,agent_semantic_review,“Switchboard operator”是提供标题所指的日常服务、运输、维修、照护、手工业或一般商业服务的职业称谓，不属于艺术文化、科学技术、公共权力或竞技体育领域，归入Other。,"[""Other""]"
Fight Choreographer,6,Culture,resolved,medium,agent_semantic_review,为舞台或影视作品设计打斗动作、排练节奏和安全距离，使冲突场面可控且可信。,"[""Culture""]"
Corporate lawyer,6,Leadership,resolved,high,agent_semantic_review,为公司提供合同、并购、合规或诉讼方面的法律意见，并代表公司处理法律事务。,"[""Leadership""]"
Gynecologist,6,Discovery/Science,retained_exact_unique,source_exact,author_exact_unique,完整职业词与作者规则精确一致，且规则候选 L1 唯一；本轮保留原映射。,"[""Discovery/Science""]"
Counselor,6,Other,retained_exact_unique,source_exact,author_exact_unique,完整职业词与作者规则精确一致，且规则候选 L1 唯一；本轮保留原映射。,"[""Other""]"
Kindergarten Teacher,6,Discovery/Science,resolved,medium,agent_semantic_review,“Kindergarten Teacher”从事的核心职责是从事专业教学、技术设计开发、测试或学术研究，其工作属于知识发现、学术/医疗或技术开发，归入Discovery/Science。,"[""Discovery/Science""]"
Shoemaker,6,Other,retained_exact_unique,source_exact,author_exact_unique,完整职业词与作者规则精确一致，且规则候选 L1 唯一；本轮保留原映射。,"[""Other""]"
Bounty hunter,6,Other,resolved,medium,agent_semantic_review,赏金猎人受雇追踪并捕获逃犯以领取报酬，属于非正式追捕/执法边缘职业，不是政府司法官职。,"[""Other""]"
Instructor,6,Discovery/Science,retained_exact_unique,source_exact,author_exact_unique,完整职业词与作者规则精确一致，且规则候选 L1 唯一；本轮保留原映射。,"[""Discovery/Science""]"
Public Relations,6,Culture,resolved,medium,agent_semantic_review,公共关系从业者制定对外沟通内容，联络媒体、回应公众询问并维护机构声誉。,"[""Culture""]"
Mail carrier,6,Other,resolved,medium,agent_semantic_review,“Mail carrier”是提供标题所指的日常服务、运输、维修、照护、手工业或一般商业服务的职业称谓，不属于艺术文化、科学技术、公共权力或竞技体育领域，归入Other。,"[""Other""]"
Chauffeur,6,Other,retained_exact_unique,source_exact,author_exact_unique,完整职业词与作者规则精确一致，且规则候选 L1 唯一；本轮保留原映射。,"[""Other""]"
Music publisher (Profession) #1,6,Culture,resolved,medium,agent_semantic_review,管理音乐作品的版权登记、授权、版税收取与歌曲推广。,"[""Culture""]"
Professional Chess Player,6,Sports/Games,resolved,high,agent_semantic_review,参加职业棋赛，研究开局与局势并通过对局争取胜利和奖金。,"[""Sports/Games""]"
Military Leader,6,Leadership,resolved,high,agent_semantic_review,“Military Leader”的职责是在军队或公共安全体系履行指挥、军职或执法责任，对应公共治理、法律/军事/宗教权威或企业金融领导，归入Leadership。,"[""Leadership""]"
Cook (Profession) #121,6,Other,resolved,medium,agent_semantic_review,厨师按菜单和配方准备食材、烹制菜肴并保持厨房卫生与出餐流程。,"[""Other""]"
Traveler,6,Discovery/Science,retained_exact_unique,source_exact,author_exact_unique,完整职业词与作者规则精确一致，且规则候选 L1 唯一；本轮保留原映射。,"[""Discovery/Science""]"
Generalissimo,6,Leadership,resolved,high,agent_semantic_review,作为最高级别军事统帅指挥军队、制定作战部署并协调高级军官。,"[""Leadership""]"
Bus driver,6,Other,resolved,medium,agent_semantic_review,“Bus driver”是提供标题所指的日常服务、运输、维修、照护、手工业或一般商业服务的职业称谓，不属于艺术文化、科学技术、公共权力或竞技体育领域，归入Other。,"[""Other""]"
Fashion Photographer,6,Culture,resolved,medium,agent_semantic_review,为时装、模特或品牌拍摄照片，设计布景、灯光和构图以呈现服饰形象。,"[""Culture""]"
Dubbing Director,6,Culture,resolved,high,agent_semantic_review,配音导演安排配音演员角色和台词，指导表演并监督录音、对白同步及后期质量。,"[""Culture""]"
Conservator-restorer,6,Culture,resolved,medium,agent_semantic_review,“Conservator-restorer”所指工作核心是提供明确的艺术、媒体或文化产业创作与制作服务，属于文化生产、表演或传播职能，归入Culture。,"[""Culture""]"
Watchmaker,6,Other,retained_exact_unique,source_exact,author_exact_unique,完整职业词与作者规则精确一致，且规则候选 L1 唯一；本轮保留原映射。,"[""Other""]"
Travel writer,6,Culture,resolved,medium,agent_semantic_review,旅行采访并撰写目的地、路线、住宿和文化体验文章或指南。,"[""Culture""]"
Chiropractor,6,Discovery/Science,resolved,high,agent_semantic_review,评估肌肉骨骼不适并使用脊柱或关节手法及相关治疗协助缓解症状。,"[""Discovery/Science""]"
Interior Decorator,6,Culture,resolved,medium,agent_semantic_review,“Interior Decorator”所指工作核心是提供明确的艺术、媒体或文化产业创作与制作服务，属于文化生产、表演或传播职能，归入Culture。,"[""Culture""]"
Sound Director,6,Culture,resolved,medium,agent_semantic_review,声音导演规划影视或舞台作品的声音效果，指导录音、音效和混音团队完成声音呈现。,"[""Culture""]"
Drafter,6,Culture,resolved,medium,primary_semantic_adjudication,根据设计要求绘制技术图纸，核心是绘图表达而非独立工程研发；采用作者draftsman/draughtsman所属Culture口径。,"[""Culture""]"
Courtier,6,Other,retained_exact_unique,source_exact,author_exact_unique,完整职业词与作者规则精确一致，且规则候选 L1 唯一；本轮保留原映射。,"[""Other""]"
Oceanographer,6,Discovery/Science,retained_exact_unique,source_exact,author_exact_unique,完整职业词与作者规则精确一致，且规则候选 L1 唯一；本轮保留原映射。,"[""Discovery/Science""]"
Brewer,6,Other,retained_exact_unique,source_exact,author_exact_unique,完整职业词与作者规则精确一致，且规则候选 L1 唯一；本轮保留原映射。,"[""Other""]"
Geophysicist,6,Discovery/Science,resolved,medium,agent_semantic_review,“Geophysicist”从事的核心职责是开展该学科的研究、证据分析与知识产出，其工作属于知识发现、学术/医疗或技术开发，归入Discovery/Science。,"[""Discovery/Science""]"
Street artist,6,Culture,resolved,medium,agent_semantic_review,在公共空间创作壁画、涂绘或其他视觉作品，面向路人展示艺术表达。,"[""Culture""]"
Rodeo performer,6,,needs_context,low,agent_semantic_review,该词可指参加竞技项目的牛仔/骑手，也可指在牛仔竞技场提供娱乐表演的表演者，需具体项目语境。,"[""Sports/Games"",""Culture""]"
Property Master,6,Culture,resolved,medium,agent_semantic_review,“Property Master”所指工作核心是支持或统筹影视、广播、音乐及其他文化内容的制作、技术实现或发行，属于文化生产、表演或传播职能，归入Culture。,"[""Culture""]"
Web Developer,6,Discovery/Science,resolved,medium,agent_semantic_review,编写和维护网站的前端页面或后台功能，使网站可访问、交互并连接数据服务。,"[""Discovery/Science""]"
Breeder,5,Other,retained_exact_unique,source_exact,author_exact_unique,完整职业词与作者规则精确一致，且规则候选 L1 唯一；本轮保留原映射。,"[""Other""]"
Avatar of Vashanka,5,,needs_context,low,agent_semantic_review,该短语可能是虚构神祇的化身/角色称号，也可能涉及宗教身份；无法确认它是现实职业还是作品设定。,[]
Son of the Storm God,5,,needs_context,low,agent_semantic_review,"This reads as a mythic/kinship epithet rather than a defined occupation, and its referent is not specified.",[]
Warrior,5,Leadership,retained_exact_unique,source_exact,author_exact_unique,完整职业词与作者规则精确一致，且规则候选 L1 唯一；本轮保留原映射。,"[""Leadership""]"
Boss,5,,needs_context,low,agent_semantic_review,Boss只是非正式“上司/老板”称呼，缺少行业和具体职务信息。,"[""Leadership"",""Other""]"
Crystallographer,5,Discovery/Science,retained_exact_unique,source_exact,author_exact_unique,完整职业词与作者规则精确一致，且规则候选 L1 唯一；本轮保留原映射。,"[""Discovery/Science""]"
Foreman,5,Other,retained_exact_unique,source_exact,author_exact_unique,完整职业词与作者规则精确一致，且规则候选 L1 唯一；本轮保留原映射。,"[""Other""]"
Lumberjack,5,Other,resolved,high,agent_semantic_review,伐木工砍伐树木、去枝截段并将木材转运，为林业或木材加工提供原料。,"[""Other""]"
Caricaturist,5,Culture,retained_exact_unique,source_exact,author_exact_unique,完整职业词与作者规则精确一致，且规则候选 L1 唯一；本轮保留原映射。,"[""Culture""]"
Theoretical Physicist,5,Discovery/Science,resolved,medium,agent_semantic_review,“Theoretical Physicist”从事的核心职责是开展该学科的研究、证据分析与知识产出，其工作属于知识发现、学术/医疗或技术开发，归入Discovery/Science。,"[""Discovery/Science""]"
Anatomist,5,Discovery/Science,retained_exact_unique,source_exact,author_exact_unique,完整职业词与作者规则精确一致，且规则候选 L1 唯一；本轮保留原映射。,"[""Discovery/Science""]"
College gymnast,5,Sports/Games,resolved,medium,agent_semantic_review,代表高校参加体操训练和比赛，完成器械或自由体操动作并接受裁判评分。,"[""Sports/Games""]"
Pharmacologist,5,Discovery/Science,retained_exact_unique,source_exact,author_exact_unique,完整职业词与作者规则精确一致，且规则候选 L1 唯一；本轮保留原映射。,"[""Discovery/Science""]"
Pamphleteer,5,Leadership,retained_exact_unique,source_exact,author_exact_unique,完整职业词与作者规则精确一致，且规则候选 L1 唯一；本轮保留原映射。,"[""Leadership""]"
Gospel singer,5,Culture,resolved,high,agent_semantic_review,演唱福音音乐作品，在教会、录音或现场音乐活动中呈现声乐表演。,"[""Culture""]"
Patent attorney,5,Leadership,resolved,high,agent_semantic_review,“Patent attorney”的职责是提供法律意见、代理当事人或行使司法/公证职权，对应公共治理、法律/军事/宗教权威或企业金融领导，归入Leadership。,"[""Leadership""]"
Porter,5,Other,resolved,medium,agent_semantic_review,搬运工搬运行李、货物或物资，在车站、酒店、码头等场所协助装卸和运送。,"[""Other""]"
Customs officer,5,Leadership,resolved,high,agent_semantic_review,检查跨境旅客和货物申报，执行关税、禁限物品及边境贸易规定。,"[""Leadership""]"
Sideman,5,Culture,resolved,medium,agent_semantic_review,“Sideman”所指工作核心是提供明确的艺术、媒体或文化产业创作与制作服务，属于文化生产、表演或传播职能，归入Culture。,"[""Culture""]"
Diarist,5,Culture,retained_exact_unique,source_exact,author_exact_unique,完整职业词与作者规则精确一致，且规则候选 L1 唯一；本轮保留原映射。,"[""Culture""]"
Stevedore,5,Other,resolved,medium,agent_semantic_review,在港口安排或操作货物装卸设备，将货物装上船或从船上卸下。,"[""Other""]"
Magician (Profession) #81,5,Culture,resolved,high,agent_semantic_review,魔术师以现场幻术表演娱乐观众，属于表演艺术。,"[""Culture""]"
Music Historian,5,Discovery/Science,resolved,high,agent_semantic_review,"Researches and writes about the history of music and musical traditions; the work is historical scholarship, not music performance.","[""Discovery/Science""]"
Shoe designer,5,Culture,resolved,medium,agent_semantic_review,鞋履设计师设计鞋子的外观、结构和材料，制作草图或样品以供试制生产。,"[""Culture""]"
Pastoralist,5,Other,resolved,high,agent_semantic_review,以放牧牲畜为生，管理牧群、水草和季节性迁徙。,"[""Other""]"
Retired,5,,needs_context,low,agent_semantic_review,Retirement is an employment status and gives no information about the person’s former occupation.,[]
Compositor,5,Culture,retained_exact_unique,source_exact,author_exact_unique,完整职业词与作者规则精确一致，且规则候选 L1 唯一；本轮保留原映射。,"[""Culture""]"
Housekeeper,5,Other,retained_exact_unique,source_exact,author_exact_unique,完整职业词与作者规则精确一致，且规则候选 L1 唯一；本轮保留原映射。,"[""Other""]"
Certified Public Accountant,5,Other,resolved,high,primary_semantic_adjudication,从事审计、账务及财务报告的持证会计；资格不改变作者accountant所属普通专业服务类别。,"[""Other""]"
Educationalist,5,Discovery/Science,resolved,high,agent_semantic_review,研究教育制度、教学方法或教育政策，并提出教育实践与改革方面的观点。,"[""Discovery/Science""]"
Paralegal,5,Leadership,retained_exact_unique,source_exact,author_exact_unique,完整职业词与作者规则精确一致，且规则候选 L1 唯一；本轮保留原映射。,"[""Leadership""]"
Radio writer,5,Culture,resolved,medium,agent_semantic_review,“Radio writer”所指工作核心是采访、撰写、编辑、评论或向公众传播文化/媒体内容，属于文化生产、表演或传播职能，归入Culture。,"[""Culture""]"
Arranger (Profession),5,Culture,resolved,medium,agent_semantic_review,音乐编配者为歌曲或乐曲改写声部、和声与配器，使其适合特定演奏者或乐团。,"[""Culture""]"
Newspaper publisher,5,Culture,resolved,high,agent_semantic_review,经营报纸出版机构，组织采编、印刷或发行并承担出版资源与业务决策。,"[""Culture""]"
Retailer,5,Other,retained_exact_unique,source_exact,author_exact_unique,完整职业词与作者规则精确一致，且规则候选 L1 唯一；本轮保留原映射。,"[""Other""]"
Level 10 gymnast,5,Sports/Games,resolved,high,agent_semantic_review,“Level 10 gymnast”的工作直接围绕体育训练、竞技或比赛规则展开，具体职责是作为选手参加有规则的体育项目训练和竞技，归入Sports/Games。,"[""Sports/Games""]"
Saxophone player,5,Culture,resolved,medium,agent_semantic_review,演奏萨克斯管，在独奏、乐队或录音中承担旋律、即兴或合奏声部。,"[""Culture""]"
Climber,5,Sports/Games,resolved,high,agent_semantic_review,攀岩者在自然岩壁或人工岩场攀爬路线，运用攀登技术和保护装备完成路线或竞赛。,"[""Sports/Games""]"
Ecologist,5,Discovery/Science,resolved,medium,agent_semantic_review,“Ecologist”从事的核心职责是开展该学科的研究、证据分析与知识产出，其工作属于知识发现、学术/医疗或技术开发，归入Discovery/Science。,"[""Discovery/Science""]"
Syndicated columnist,5,Culture,resolved,medium,agent_semantic_review,向多家报纸或媒体供稿，持续撰写可联合刊载的评论或专题专栏。,"[""Culture""]"
Speech therapist,5,Discovery/Science,resolved,high,agent_semantic_review,评估并治疗言语、语言、声音或吞咽障碍，制定训练方案并跟踪沟通能力变化。,"[""Discovery/Science""]"
Video Artist,5,Culture,resolved,medium,agent_semantic_review,“Video Artist”所指工作核心是创作或呈现艺术作品/现场表演，职业产出面向文化受众，属于文化生产、表演或传播职能，归入Culture。,"[""Culture""]"
Bowler,5,Sports/Games,retained_exact_unique,source_exact,author_exact_unique,完整职业词与作者规则精确一致，且规则候选 L1 唯一；本轮保留原映射。,"[""Sports/Games""]"
Voice coach,5,Culture,resolved,medium,agent_semantic_review,声乐教练训练歌者或演员的呼吸、发声、音准、咬字和声音投射能力。,"[""Culture""]"
Production Manager (Band),5,Culture,resolved,high,agent_semantic_review,安排乐队录音或巡演的预算、场地、设备、人员和时间表，保障制作落地。,"[""Culture""]"
Aerialist,5,Culture,resolved,medium,agent_semantic_review,“Aerialist”所指工作核心是创作或呈现艺术作品/现场表演，职业产出面向文化受众，属于文化生产、表演或传播职能，归入Culture。,"[""Culture""]"
Gymnastics Coach,5,Sports/Games,resolved,medium,agent_semantic_review,教授体操动作和器械技术，安排体能训练并指导运动员备赛与执行动作。,"[""Sports/Games""]"
Public Relations Executive,5,Culture,resolved,medium,agent_semantic_review,公关主管制定媒体沟通和公众信息方案，管理新闻发布、品牌声誉和团队工作。,"[""Culture""]"
Fine art artist,5,Culture,resolved,medium,agent_semantic_review,“Fine art artist”所指工作核心是创作或呈现艺术作品/现场表演，职业产出面向文化受众，属于文化生产、表演或传播职能，归入Culture。,"[""Culture""]"
Executive officer,5,,needs_context,low,agent_semantic_review,执行官可指企业高管，也可指组织或公共部门执行岗位，缺少机构语境。,"[""Leadership"",""Other""]"
Flamenco Dancer,5,Culture,resolved,high,agent_semantic_review,以弗拉门戈的脚步、手臂动作和节奏配合吉他与歌唱进行舞蹈演出。,"[""Culture""]"
Groom of the Stool,5,Other,resolved,high,agent_semantic_review,The historical court office attended the monarch and evolved into a privileged royal household/administrative post; this particular court title is treated as a household service role.,"[""Other""]"
Wrestling Promoter,5,Sports/Games,resolved,medium,agent_semantic_review,签约摔角选手、安排对阵和场地，并组织推广职业摔角赛事。,"[""Sports/Games""]"
Welder,5,Other,retained_exact_unique,source_exact,author_exact_unique,完整职业词与作者规则精确一致，且规则候选 L1 唯一；本轮保留原映射。,"[""Other""]"
Lifeguard,5,Other,retained_exact_unique,source_exact,author_exact_unique,完整职业词与作者规则精确一致，且规则候选 L1 唯一；本轮保留原映射。,"[""Other""]"
Stunt Double,5,Culture,resolved,high,agent_semantic_review,特技替身代替演员完成危险或高强度动作镜头，如打斗、坠落和高速追逐。,"[""Culture""]"
Building contractor,5,Other,resolved,medium,agent_semantic_review,“Building contractor”是提供标题所指的日常服务、运输、维修、照护、手工业或一般商业服务的职业称谓，不属于艺术文化、科学技术、公共权力或竞技体育领域，归入Other。,"[""Other""]"
Ironmaster,5,Other,retained_exact_unique,source_exact,author_exact_unique,完整职业词与作者规则精确一致，且规则候选 L1 唯一；本轮保留原映射。,"[""Other""]"
Cartographer,5,Discovery/Science,retained_exact_unique,source_exact,author_exact_unique,完整职业词与作者规则精确一致，且规则候选 L1 唯一；本轮保留原映射。,"[""Discovery/Science""]"
Weaver,5,Other,retained_exact_unique,source_exact,author_exact_unique,完整职业词与作者规则精确一致，且规则候选 L1 唯一；本轮保留原映射。,"[""Other""]"
Cognitive scientist,5,Discovery/Science,resolved,high,agent_semantic_review,认知科学家研究知觉、记忆、语言和推理等认知过程，属于科学研究。,"[""Discovery/Science""]"
Tennis coach,5,Sports/Games,resolved,high,agent_semantic_review,指导球员练习发球、步法和战术，并在比赛准备中分析对手与训练表现。,"[""Sports/Games""]"
Security guard,5,Other,resolved,medium,agent_semantic_review,“Security guard”是提供标题所指的日常服务、运输、维修、照护、手工业或一般商业服务的职业称谓，不属于艺术文化、科学技术、公共权力或竞技体育领域，归入Other。,"[""Other""]"
Rally Driver,5,Sports/Games,resolved,medium,agent_semantic_review,驾驶赛车参加拉力赛，依据领航指令在不同路面赛段竞速。,"[""Sports/Games""]"
Furniture Maker,5,Culture,retained_exact_unique,source_exact,author_exact_unique,完整职业词与作者规则精确一致，且规则候选 L1 唯一；本轮保留原映射。,"[""Culture""]"
Still Photographer,5,Culture,resolved,high,agent_semantic_review,剧照摄影师在影视拍摄现场记录演员、场景和制作花絮照片，供宣传、档案或出版使用。,"[""Culture""]"
Internist,5,Discovery/Science,retained_exact_unique,source_exact,author_exact_unique,完整职业词与作者规则精确一致，且规则候选 L1 唯一；本轮保留原映射。,"[""Discovery/Science""]"
Psychic,5,Other,retained_exact_unique,source_exact,author_exact_unique,完整职业词与作者规则精确一致，且规则候选 L1 唯一；本轮保留原映射。,"[""Other""]"
Web Analyst,5,Discovery/Science,resolved,medium,agent_semantic_review,“Web Analyst”从事的核心职责是以专门科学知识、学术研究、医疗服务或工程技术为主要职责，其工作属于知识发现、学术/医疗或技术开发，归入Discovery/Science。,"[""Discovery/Science""]"
Seaman,5,Discovery/Science,retained_exact_unique,source_exact,author_exact_unique,完整职业词与作者规则精确一致，且规则候选 L1 唯一；本轮保留原映射。,"[""Discovery/Science""]"
Criminologist,5,Discovery/Science,retained_exact_unique,source_exact,author_exact_unique,完整职业词与作者规则精确一致，且规则候选 L1 唯一；本轮保留原映射。,"[""Discovery/Science""]"
General practitioner,5,Discovery/Science,retained_exact_unique,source_exact,author_exact_unique,完整职业词与作者规则精确一致，且规则候选 L1 唯一；本轮保留原映射。,"[""Discovery/Science""]"
Music publisher,5,Culture,resolved,medium,agent_semantic_review,负责音乐作品版权管理、授权给录音或演出使用并结算版税。,"[""Culture""]"
Egyptologist,5,Discovery/Science,retained_exact_unique,source_exact,author_exact_unique,完整职业词与作者规则精确一致，且规则候选 L1 唯一；本轮保留原映射。,"[""Discovery/Science""]"
Literary Scholar,5,Discovery/Science,resolved,high,agent_semantic_review,研究文学作品、作者、文类和历史语境，并通过教学或学术出版传播成果。,"[""Discovery/Science""]"
Guru,5,Leadership,retained_exact_unique,source_exact,author_exact_unique,完整职业词与作者规则精确一致，且规则候选 L1 唯一；本轮保留原映射。,"[""Leadership""]"
Sensei,5,Sports/Games,resolved,high,agent_semantic_review,“Sensei”的工作直接围绕体育训练、竞技或比赛规则展开，具体职责是参与体育项目的训练、竞技或赛事组织，归入Sports/Games。,"[""Sports/Games""]"
Horse breeding,5,,needs_context,low,agent_semantic_review,是畜牧/繁育活动或行业名，未给出具体岗位，无法确定按工种或专业科学归类。,"[""Other"",""Discovery/Science""]"
Microbiologist,5,Discovery/Science,resolved,high,agent_semantic_review,微生物学家在实验室或现场研究细菌、病毒、真菌等微生物的特性、繁殖和作用。,"[""Discovery/Science""]"
Flight instructor,5,Discovery/Science,resolved,medium,agent_semantic_review,“Flight instructor”从事的核心职责是从事专业教学、技术设计开发、测试或学术研究，其工作属于知识发现、学术/医疗或技术开发，归入Discovery/Science。,"[""Discovery/Science""]"
Marketing Consultant,5,Other,resolved,medium,agent_semantic_review,营销顾问为客户提供市场推广建议，属于商业服务/专业咨询；作者将 marketing 归为 Worker/Business (small)，对应 Other。,"[""Other""]"
Internet Entrepreneur,5,Leadership,resolved,medium,agent_semantic_review,创办并经营互联网企业，开发线上产品或服务并组织团队和商业资源。,"[""Leadership""]"
Cantor,5,Culture,retained_exact_unique,source_exact,author_exact_unique,完整职业词与作者规则精确一致，且规则候选 L1 唯一；本轮保留原映射。,"[""Culture""]"
Sports analyst,5,Culture,resolved,high,agent_semantic_review,"A sports analyst interprets games, tactics, and performance for media audiences; commentary is a cultural/media function.","[""Culture""]"
Strongman,5,Sports/Games,retained_exact_unique,source_exact,author_exact_unique,完整职业词与作者规则精确一致，且规则候选 L1 唯一；本轮保留原映射。,"[""Sports/Games""]"
Lama,4,Leadership,retained_exact_unique,source_exact,author_exact_unique,完整职业词与作者规则精确一致，且规则候选 L1 唯一；本轮保留原映射。,"[""Leadership""]"
Promotional Model,4,Culture,resolved,medium,primary_semantic_adjudication,以产品展示和公开形象呈现承担宣传模特工作；沿用作者model所覆盖的展示/文化呈现口径，两种大小写同义。,"[""Culture""]"
Website content writer,4,Culture,resolved,high,agent_semantic_review,为网站撰写文章、产品介绍或页面文案，并按受众与编辑要求修订内容。,"[""Culture""]"
Media consultant,4,Culture,resolved,medium,agent_semantic_review,“Media consultant”所指工作核心是提供明确的艺术、媒体或文化产业创作与制作服务，属于文化生产、表演或传播职能，归入Culture。,"[""Culture""]"
Commoner,4,Other,resolved,medium,agent_semantic_review,平民/非贵族身份指不属于贵族阶层的人，并不描述具体职业职责。,"[""Other""]"
Eastern Roman Emperor,4,Leadership,resolved,high,agent_semantic_review,统治东罗马帝国并主持国家行政、法律、军事及宫廷事务。,"[""Leadership""]"
Sommelier,4,Other,retained_exact_unique,source_exact,author_exact_unique,完整职业词与作者规则精确一致，且规则候选 L1 唯一；本轮保留原映射。,"[""Other""]"
Web designer,4,Culture,retained_exact_unique,source_exact,author_exact_unique,完整职业词与作者规则精确一致，且规则候选 L1 唯一；本轮保留原映射。,"[""Culture""]"
Foley Artist,4,Culture,resolved,medium,agent_semantic_review,“Foley Artist”所指工作核心是创作或呈现艺术作品/现场表演，职业产出面向文化受众，属于文化生产、表演或传播职能，归入Culture。,"[""Culture""]"
Court clerk,4,Leadership,resolved,medium,agent_semantic_review,整理法院案卷、登记文件、安排开庭日程并协助法庭行政流程。,"[""Leadership""]"
Officer of the court,4,Leadership,resolved,high,agent_semantic_review,法院官员在法院体系履行司法行政或法庭程序职责，属于法律/司法职能。,"[""Leadership""]"
Animal training,4,,needs_context,low,agent_semantic_review,"This names a field or activity, not a specific occupational title; trainer, researcher, and performance contexts remain possible.",[]
Technical advisor,4,,needs_context,low,agent_semantic_review,技术顾问可为科学工程、影视制作或企业咨询岗位；短语未提供行业语境。,"[""Discovery/Science"",""Leadership"",""Culture""]"
Stenographer,4,Culture,retained_exact_unique,source_exact,author_exact_unique,完整职业词与作者规则精确一致，且规则候选 L1 唯一；本轮保留原映射。,"[""Culture""]"
Slave,4,Other,retained_exact_unique,source_exact,author_exact_unique,完整职业词与作者规则精确一致，且规则候选 L1 唯一；本轮保留原映射。,"[""Other""]"
Digital Compositor,4,Culture,resolved,high,agent_semantic_review,数字合成师将摄影、动画、图层和特效素材合成到同一画面，调整遮罩、色彩和光影以完成镜头。,"[""Culture""]"
Lady-in-waiting,4,Leadership,resolved,high,agent_semantic_review,“Lady-in-waiting”的职责是承载王室/贵族身份或宫廷职务所赋予的治理、礼仪权责，对应公共治理、法律/军事/宗教权威或企业金融领导，归入Leadership。,"[""Leadership""]"
Developmental Biologist,4,Discovery/Science,resolved,high,agent_semantic_review,发育生物学家研究生物体从胚胎到成熟的生长与分化过程，属于科学研究。,"[""Discovery/Science""]"
Intellectual,4,Discovery/Science,retained_exact_unique,source_exact,author_exact_unique,完整职业词与作者规则精确一致，且规则候选 L1 唯一；本轮保留原映射。,"[""Discovery/Science""]"
Hypnotherapist,4,Discovery/Science,resolved,high,agent_semantic_review,在受训范围内使用引导性放松和暗示技术，协助来访者处理习惯或心理困扰。,"[""Discovery/Science""]"
Engineering technologist,4,Discovery/Science,resolved,medium,agent_semantic_review,“Engineering technologist”从事的核心职责是从事专业教学、技术设计开发、测试或学术研究，其工作属于知识发现、学术/医疗或技术开发，归入Discovery/Science。,"[""Discovery/Science""]"
Belly Dancer,4,Culture,resolved,medium,agent_semantic_review,排练并表演以躯干、腹部和髋部动作见长的舞蹈。,"[""Culture""]"
Hazzan,4,Leadership,retained_exact_unique,source_exact,author_exact_unique,完整职业词与作者规则精确一致，且规则候选 L1 唯一；本轮保留原映射。,"[""Leadership""]"
Oncologist,4,Discovery/Science,retained_exact_unique,source_exact,author_exact_unique,完整职业词与作者规则精确一致，且规则候选 L1 唯一；本轮保留原映射。,"[""Discovery/Science""]"
Civil Rights Advocate,4,Leadership,resolved,medium,primary_semantic_adjudication,通过公共倡议推动民主、公民权利或群体权益，按作者Politics中公共政治倡议的口径归类；不要求有正式官职。,"[""Leadership""]"
Music Journalist,4,Culture,resolved,medium,agent_semantic_review,“Music Journalist”所指工作核心是采访、撰写、编辑、评论或向公众传播文化/媒体内容，属于文化生产、表演或传播职能，归入Culture。,"[""Culture""]"
Software Architect,4,Discovery/Science,resolved,medium,agent_semantic_review,软件架构师设计大型软件系统的组成模块、接口、数据流和技术方案，并协调实现团队遵循架构。,"[""Discovery/Science""]"
Primatologist,4,Discovery/Science,resolved,high,agent_semantic_review,研究灵长类动物的行为、生态、进化或保护状况，通常通过野外观察和数据分析开展工作。,"[""Discovery/Science""]"
Cossack,4,Leadership,resolved,high,agent_semantic_review,“Cossack”的职责是在军队或公共安全体系履行指挥、军职或执法责任，对应公共治理、法律/军事/宗教权威或企业金融领导，归入Leadership。,"[""Leadership""]"
Visual Effects Producer,4,Culture,resolved,medium,agent_semantic_review,统筹影视视觉特效项目的预算、进度、团队和交付，与导演及后期部门协调。,"[""Culture""]"
Cultural Historian,4,Discovery/Science,resolved,high,agent_semantic_review,文化史学家利用文献、实物和档案研究艺术、思想或日常文化的历史变化，并撰写研究成果。,"[""Discovery/Science""]"
Multimedia artist,4,Culture,resolved,medium,agent_semantic_review,“Multimedia artist”所指工作核心是创作或呈现艺术作品/现场表演，职业产出面向文化受众，属于文化生产、表演或传播职能，归入Culture。,"[""Culture""]"
Lithographer,4,Culture,retained_exact_unique,source_exact,author_exact_unique,完整职业词与作者规则精确一致，且规则候选 L1 唯一；本轮保留原映射。,"[""Culture""]"
Second Unit Director,4,Culture,resolved,medium,agent_semantic_review,为影视主摄制组拍摄补充镜头、动作场面或外景素材，并协调小型摄制团队。,"[""Culture""]"
Duchess,4,Leadership,retained_exact_unique,source_exact,author_exact_unique,完整职业词与作者规则精确一致，且规则候选 L1 唯一；本轮保留原映射。,"[""Leadership""]"
Military Historian,4,Discovery/Science,resolved,high,agent_semantic_review,研究军队、战争、战役和军事制度的历史材料，并撰写学术或历史著作。,"[""Discovery/Science""]"
Textile designer,4,Culture,resolved,medium,agent_semantic_review,“Textile designer”所指工作核心是创作或呈现艺术作品/现场表演，职业产出面向文化受众，属于文化生产、表演或传播职能，归入Culture。,"[""Culture""]"
Gamer,4,Sports/Games,resolved,high,agent_semantic_review,游戏玩家参与电子游戏或桌面游戏，通过操作角色、完成关卡或与他人竞赛进行游戏。,"[""Sports/Games""]"
Visual Effects Designer,4,Culture,resolved,high,agent_semantic_review,规划影视画面的数字或实体视觉特效方案，并与制作团队确定实现方式。,"[""Culture""]"
Raconteur,4,Culture,resolved,medium,agent_semantic_review,“Raconteur”所指工作核心是采访、撰写、编辑、评论或向公众传播文化/媒体内容，属于文化生产、表演或传播职能，归入Culture。,"[""Culture""]"
Unit production manager,4,Culture,resolved,medium,agent_semantic_review,管理影视单元拍摄的预算、日程、人员和现场后勤，确保制作按计划推进。,"[""Culture""]"
Theatre practitioner,4,Culture,resolved,high,agent_semantic_review,戏剧实践者参与戏剧创作、排演或演出，可能承担表演、导演、编剧或舞台工作的具体环节。,"[""Culture""]"
Canon,4,,needs_context,low,agent_semantic_review,Canon may mean a church officeholder or a recognized body/standard in other contexts; the bare term does not establish the role.,"[""Leadership"",""Discovery/Science""]"
Plumber,4,Other,retained_exact_unique,source_exact,author_exact_unique,完整职业词与作者规则精确一致，且规则候选 L1 唯一；本轮保留原映射。,"[""Other""]"
Technical writer,4,Culture,resolved,medium,agent_semantic_review,把产品、设备或软件的复杂信息写成操作手册、技术说明和用户指南。,"[""Culture""]"
Public Relations Consultant,4,Culture,resolved,high,agent_semantic_review,为客户制定公众沟通和媒体关系方案，撰写新闻材料并建议如何回应舆情。,"[""Culture""]"
m/0513qg_,4,,needs_context,low,agent_semantic_review,This is an opaque Freebase identifier without a human-readable occupation label.,[]
Ballet Teacher,4,Culture,resolved,high,agent_semantic_review,芭蕾教师示范古典芭蕾基本功和组合，纠正学生姿势、脚位、平衡与舞台动作。,"[""Culture""]"
Pimp,4,Other,resolved,high,agent_semantic_review,以控制或安排卖淫者并从其收入中获利为主要活动，属于剥削性非法/负面身份。,"[""Other""]"
Arts Administrator,4,Culture,resolved,medium,agent_semantic_review,“Arts Administrator”所指工作核心是支持或统筹影视、广播、音乐及其他文化内容的制作、技术实现或发行，属于文化生产、表演或传播职能，归入Culture。,"[""Culture""]"
Goldsmith,4,Culture,retained_exact_unique,source_exact,author_exact_unique,完整职业词与作者规则精确一致，且规则候选 L1 唯一；本轮保留原映射。,"[""Culture""]"
Endocrinologist,4,Discovery/Science,retained_exact_unique,source_exact,author_exact_unique,完整职业词与作者规则精确一致，且规则候选 L1 唯一；本轮保留原映射。,"[""Discovery/Science""]"
Bail bondsman,4,Other,resolved,medium,agent_semantic_review,保释担保人/保释债券经纪人安排保释金担保并提供相关商业服务，不是司法裁判或政府执法职位。,"[""Other""]"
Pastry chef,4,Other,retained_exact_unique,source_exact,author_exact_unique,完整职业词与作者规则精确一致，且规则候选 L1 唯一；本轮保留原映射。,"[""Other""]"
Script editor,4,Culture,resolved,high,agent_semantic_review,评读剧本并提出结构、人物、对白和节奏修改意见，协助编剧完善影视文本。,"[""Culture""]"
Japanese idol,4,Culture,resolved,medium,agent_semantic_review,“Japanese idol”所指工作核心是创作或呈现艺术作品/现场表演，职业产出面向文化受众，属于文化生产、表演或传播职能，归入Culture。,"[""Culture""]"
Farmworker,4,Other,resolved,medium,agent_semantic_review,农场工人播种、照料作物、喂养牲畜或收获农产品，承担农场日常体力劳动。,"[""Other""]"
Conquistador,4,Discovery/Science,retained_exact_unique,source_exact,author_exact_unique,完整职业词与作者规则精确一致，且规则候选 L1 唯一；本轮保留原映射。,"[""Discovery/Science""]"
Juggler,4,Culture,retained_exact_unique,source_exact,author_exact_unique,完整职业词与作者规则精确一致，且规则候选 L1 唯一；本轮保留原映射。,"[""Culture""]"
Bard,4,Culture,retained_exact_unique,source_exact,author_exact_unique,完整职业词与作者规则精确一致，且规则候选 L1 唯一；本轮保留原映射。,"[""Culture""]"
Chartered Accountant,4,Other,resolved,high,primary_semantic_adjudication,从事会计、审计和财务报告的专业会计人员；按作者accountant所属Other映射。,"[""Other""]"
Military aviator,4,Leadership,resolved,high,agent_semantic_review,“Military aviator”的职责是在军队或公共安全体系履行指挥、军职或执法责任，对应公共治理、法律/军事/宗教权威或企业金融领导，归入Leadership。,"[""Leadership""]"
Funeral director,4,Other,resolved,medium,agent_semantic_review,与逝者家属安排遗体照护、葬礼仪式、场地和文件手续。,"[""Other""]"
Tax collector,4,Leadership,resolved,high,agent_semantic_review,核定或追缴应缴税款，通知纳税人并执行税务征收程序。,"[""Leadership""]"
Choreography,4,Culture,resolved,medium,agent_semantic_review,“Choreography”所指工作核心是提供明确的艺术、媒体或文化产业创作与制作服务，属于文化生产、表演或传播职能，归入Culture。,"[""Culture""]"
Vlogger,4,Culture,resolved,medium,agent_semantic_review,视频博主策划、拍摄、剪辑并发布网络视频内容，与观众互动或经营频道。,"[""Culture""]"
Graffiti artist,4,Culture,resolved,high,agent_semantic_review,在墙面或公共载体创作涂鸦图像和文字，以视觉艺术方式表达主题。,"[""Culture""]"
Special Effects Supervisor,4,Culture,resolved,medium,agent_semantic_review,“Special Effects Supervisor”所指工作核心是支持或统筹影视、广播、音乐及其他文化内容的制作、技术实现或发行，属于文化生产、表演或传播职能，归入Culture。,"[""Culture""]"
Planter,4,Other,retained_exact_unique,source_exact,author_exact_unique,完整职业词与作者规则精确一致，且规则候选 L1 唯一；本轮保留原映射。,"[""Other""]"
Auditor,4,Other,retained_exact_unique,source_exact,author_exact_unique,完整职业词与作者规则精确一致，且规则候选 L1 唯一；本轮保留原映射。,"[""Other""]"
Senior SEO Manager,4,Other,resolved,medium,primary_semantic_adjudication,管理搜索优化和网站获客业务；沿用专门marketing工作职能类别，不因通用Manager词提升为公司高管。,"[""Other""]"
Political Economist,4,Discovery/Science,resolved,high,agent_semantic_review,研究政治制度、政策和权力关系如何影响经济生产、分配与市场行为。,"[""Discovery/Science""]"
Adventurer,4,Discovery/Science,retained_exact_unique,source_exact,author_exact_unique,完整职业词与作者规则精确一致，且规则候选 L1 唯一；本轮保留原映射。,"[""Discovery/Science""]"
Game creator,4,Culture,resolved,high,agent_semantic_review,"A game creator develops a game as an authored entertainment product; the label describes creation, not playing or managing a sports team.","[""Culture""]"
Video game development,4,,needs_context,low,agent_semantic_review,电子游戏开发是技术开发与文化产品生产复合领域，未指明具体职能。,"[""Discovery/Science"",""Culture""]"
Bibliophile,4,Culture,retained_exact_unique,source_exact,author_exact_unique,完整职业词与作者规则精确一致，且规则候选 L1 唯一；本轮保留原映射。,"[""Culture""]"
Machinist,4,Other,retained_exact_unique,source_exact,author_exact_unique,完整职业词与作者规则精确一致，且规则候选 L1 唯一；本轮保留原映射。,"[""Other""]"
Vedette,4,Culture,resolved,high,agent_semantic_review,vedette 在表演语境指歌舞/音乐厅的主要艺人。,"[""Culture""]"
SEO Professional (Profession) #1,4,Other,resolved,high,agent_semantic_review,The profession-number suffix is a Freebase disambiguator; search-engine optimization work improves site visibility in search results. 词项中的编号及/或“(Profession)”是数据库区分标记，不改变该职业的职责含义。,"[""Other""]"
Newspaper,4,,needs_context,low,agent_semantic_review,该词仅指媒介/机构，未给出职业岗位。,[]
Jazz Composer,3,Culture,resolved,high,agent_semantic_review,爵士作曲家创作爵士旋律、和声和编曲，供乐队演奏、录音或现场表演。,"[""Culture""]"
Drama Coach,3,Culture,resolved,medium,agent_semantic_review,“Drama Coach”所指工作核心是提供明确的艺术、媒体或文化产业创作与制作服务，属于文化生产、表演或传播职能，归入Culture。,"[""Culture""]"
Epidemiologist,3,Discovery/Science,retained_exact_unique,source_exact,author_exact_unique,完整职业词与作者规则精确一致，且规则候选 L1 唯一；本轮保留原映射。,"[""Discovery/Science""]"
Postmaster,3,Other,retained_exact_unique,source_exact,author_exact_unique,完整职业词与作者规则精确一致，且规则候选 L1 唯一；本轮保留原映射。,"[""Other""]"
Virologist,3,Discovery/Science,retained_exact_unique,source_exact,author_exact_unique,完整职业词与作者规则精确一致，且规则候选 L1 唯一；本轮保留原映射。,"[""Discovery/Science""]"
Spiritual teacher,3,,needs_context,low,agent_semantic_review,灵性教师可能是宗教导师、非正式人生教练或一般思想教师，短语未说明教义或机构职位。,"[""Leadership"",""Discovery/Science"",""Other""]"
Christian Theologian,3,Discovery/Science,resolved,high,agent_semantic_review,研究并阐释基督教教义、经典和神学问题，撰写学术或宗教论述。,"[""Discovery/Science""]"
Pretty Horsebreaker,3,,needs_context,low,agent_semantic_review,"The historical expression has more than one documented sense, from breaking horses to a colloquial social label, so the occupation cannot be fixed safely from this label alone.","[""Other"",""Sports/Games""]"
Racketeering,3,Other,resolved,medium,agent_semantic_review,通过勒索、欺诈或其他持续性非法经营活动获取利益；词项指犯罪行为类别。,"[""Other""]"
Podiatrist,3,Discovery/Science,retained_exact_unique,source_exact,author_exact_unique,完整职业词与作者规则精确一致，且规则候选 L1 唯一；本轮保留原映射。,"[""Discovery/Science""]"
Concertmaster,3,Culture,retained_exact_unique,source_exact,author_exact_unique,完整职业词与作者规则精确一致，且规则候选 L1 唯一；本轮保留原映射。,"[""Culture""]"
Actor-manager,3,Culture,resolved,high,agent_semantic_review,演员兼经理一边在舞台作品中扮演角色，一边经营剧团、安排演出并协调演员与制作团队。,"[""Culture""]"
Opera conductor,3,Culture,resolved,medium,agent_semantic_review,“Opera conductor”所指工作核心是提供明确的艺术、媒体或文化产业创作与制作服务，属于文化生产、表演或传播职能，归入Culture。,"[""Culture""]"
Consort,3,Leadership,retained_exact_unique,source_exact,author_exact_unique,完整职业词与作者规则精确一致，且规则候选 L1 唯一；本轮保留原映射。,"[""Leadership""]"
Creative consultant,3,Culture,resolved,medium,agent_semantic_review,为客户提供创意概念、品牌表达或内容方向建议，并协助发展可执行方案。,"[""Culture""]"
Biophysicist,3,Discovery/Science,resolved,high,agent_semantic_review,运用物理学实验和模型研究细胞、蛋白质或生物系统的结构与运作。,"[""Discovery/Science""]"
Seismologist,3,Discovery/Science,retained_exact_unique,source_exact,author_exact_unique,完整职业词与作者规则精确一致，且规则候选 L1 唯一；本轮保留原映射。,"[""Discovery/Science""]"
Furrier,3,Other,resolved,medium,agent_semantic_review,“Furrier”是承担明确的日常服务、普通职业劳动或小规模经营职责的职业称谓，不属于艺术文化、科学技术、公共权力或竞技体育领域，归入Other。,"[""Other""]"
Gallery Owner,3,Culture,resolved,medium,agent_semantic_review,画廊经营者策划艺术展览、陈列和推广艺术品，并管理画廊交易、场地与艺术家联系。,"[""Culture""]"
Classicist,3,Discovery/Science,retained_exact_unique,source_exact,author_exact_unique,完整职业词与作者规则精确一致，且规则候选 L1 唯一；本轮保留原映射。,"[""Discovery/Science""]"
Nurse midwife,3,Discovery/Science,resolved,high,agent_semantic_review,提供孕期检查、分娩照护和产后随访，并指导新生儿及母体健康护理。,"[""Discovery/Science""]"
Legal secretary,3,Other,resolved,medium,agent_semantic_review,“Legal secretary”是承担明确的日常服务、普通职业劳动或小规模经营职责的职业称谓，不属于艺术文化、科学技术、公共权力或竞技体育领域，归入Other。,"[""Other""]"
Jeweller (Film job),3,Culture,resolved,medium,agent_semantic_review,为影视制作设计、制作或修复首饰道具，确保其符合角色造型和拍摄需要。,"[""Culture""]"
Actuary,3,Other,retained_exact_unique,source_exact,author_exact_unique,完整职业词与作者规则精确一致，且规则候选 L1 唯一；本轮保留原映射。,"[""Other""]"
Virtuoso,3,Culture,resolved,high,agent_semantic_review,Virtuoso 指技艺精湛的音乐演奏者，属于音乐表演。,"[""Culture""]"
Entertainment Lawyer,3,Leadership,resolved,high,agent_semantic_review,“Entertainment Lawyer”的职责是提供法律意见、代理当事人或行使司法/公证职权，对应公共治理、法律/军事/宗教权威或企业金融领导，归入Leadership。,"[""Leadership""]"
Garment Worker,3,Other,resolved,medium,agent_semantic_review,服装工人裁剪、缝制、组装或整理服装，在生产线上完成衣物制作工序。,"[""Other""]"
Production Supervisor,3,,needs_context,low,agent_semantic_review,未说明所监督的制作属于影视/演出、工业制造或其他行业，职责领域不足以确定。,"[""Culture"",""Other""]"
Prostitute,3,Other,retained_exact_unique,source_exact,author_exact_unique,完整职业词与作者规则精确一致，且规则候选 L1 唯一；本轮保留原映射。,"[""Other""]"
Theoretician,3,Discovery/Science,resolved,medium,agent_semantic_review,“Theoretician”从事的核心职责是以专门科学知识、学术研究、医疗服务或工程技术为主要职责，其工作属于知识发现、学术/医疗或技术开发，归入Discovery/Science。,"[""Discovery/Science""]"
Cardinal,3,Leadership,retained_exact_unique,source_exact,author_exact_unique,完整职业词与作者规则精确一致，且规则候选 L1 唯一；本轮保留原映射。,"[""Leadership""]"
Architectural photographer,3,Culture,resolved,medium,agent_semantic_review,拍摄建筑内外空间，运用构图和光线呈现建筑形态、材料与使用环境。,"[""Culture""]"
Radio jockey,3,Culture,resolved,high,agent_semantic_review,Radio jockey 在广播中主持节目、介绍音乐并与听众沟通，属于广播媒体传播。,"[""Culture""]"
Personal organizer,3,Other,resolved,medium,agent_semantic_review,“Personal organizer”是提供标题所指的日常服务、运输、维修、照护、手工业或一般商业服务的职业称谓，不属于艺术文化、科学技术、公共权力或竞技体育领域，归入Other。,"[""Other""]"
Airline Pilot,3,Other,retained_exact_unique,source_exact,author_exact_unique,完整职业词与作者规则精确一致，且规则候选 L1 唯一；本轮保留原映射。,"[""Other""]"
Sculptor (Constellation),3,,needs_context,low,agent_semantic_review,括号指定星座而非雕塑职业。,[]
Textile worker,3,Other,resolved,high,agent_semantic_review,操作纺织设备或处理纤维、纱线和织物，参与纺纱、织造、染整或成品加工。,"[""Other""]"
Beekeeper,3,Other,retained_exact_unique,source_exact,author_exact_unique,完整职业词与作者规则精确一致，且规则候选 L1 唯一；本轮保留原映射。,"[""Other""]"
Stock trader,3,Leadership,resolved,high,agent_semantic_review,“Stock trader”的职责是承担机构治理、金融资本配置、商业经营管理或政治公共事务职责，对应公共治理、法律/军事/宗教权威或企业金融领导，归入Leadership。,"[""Leadership""]"
Draftsman,3,Culture,retained_exact_unique,source_exact,author_exact_unique,完整职业词与作者规则精确一致，且规则候选 L1 唯一；本轮保留原映射。,"[""Culture""]"
Cosmologist,3,Discovery/Science,resolved,medium,agent_semantic_review,宇宙学家研究宇宙的起源、演化、结构和大尺度物理规律，使用观测数据与理论模型。,"[""Discovery/Science""]"
Script doctor,3,Culture,resolved,high,agent_semantic_review,为剧本提出结构、对白和人物修改，并在制作阶段修补特定情节或场景。,"[""Culture""]"
Film distributor (Profession),3,Culture,resolved,high,agent_semantic_review,"A film distributor acquires, markets, and arranges exhibition of films; this is a film-industry role. 词项中的编号及/或“(Profession)”是数据库区分标记，不改变该职业的职责含义。","[""Culture""]"
Neurophysiologist,3,Discovery/Science,resolved,high,agent_semantic_review,神经生理学家研究神经系统及神经细胞的功能活动，属于生物医学研究。,"[""Discovery/Science""]"
Educational psychologist,3,Discovery/Science,resolved,high,agent_semantic_review,研究学习与发展过程，评估学生的教育需求并为教学或学校支持提供心理专业建议。,"[""Discovery/Science""]"
Clockmaker,3,Other,retained_exact_unique,source_exact,author_exact_unique,完整职业词与作者规则精确一致，且规则候选 L1 唯一；本轮保留原映射。,"[""Other""]"
Hematologist,3,Discovery/Science,retained_exact_unique,source_exact,author_exact_unique,完整职业词与作者规则精确一致，且规则候选 L1 唯一；本轮保留原映射。,"[""Discovery/Science""]"
Action Director,3,Culture,resolved,medium,agent_semantic_review,“Action Director”所指工作核心是支持或统筹影视、广播、音乐及其他文化内容的制作、技术实现或发行，属于文化生产、表演或传播职能，归入Culture。,"[""Culture""]"
Special Effects Technician,3,Culture,resolved,medium,agent_semantic_review,特效技术员搭建和操作片场实景效果装置、机械道具或安全设备，配合镜头制造视觉效果。,"[""Culture""]"
Corporate officer,3,Leadership,resolved,medium,agent_semantic_review,作为公司正式高管或职务负责人执行董事会授权，管理公司事务并履行治理职责。,"[""Leadership""]"
Cloth merchant,3,Other,resolved,medium,agent_semantic_review,“Cloth merchant”是提供标题所指的日常服务、运输、维修、照护、手工业或一般商业服务的职业称谓，不属于艺术文化、科学技术、公共权力或竞技体育领域，归入Other。,"[""Other""]"
Sports Reporter,3,Culture,resolved,medium,agent_semantic_review,采访运动员和教练、报道比赛结果与体育新闻，并向报纸、电视或网络受众发布内容。,"[""Culture""]"
Native American activist,3,Leadership,resolved,medium,primary_semantic_adjudication,通过公共倡议推动民主、公民权利或群体权益，按作者Politics中公共政治倡议的口径归类；不要求有正式官职。,"[""Leadership""]"
Mining Engineer,3,Discovery/Science,resolved,medium,agent_semantic_review,“Mining Engineer”从事的核心职责是从事专业教学、技术设计开发、测试或学术研究，其工作属于知识发现、学术/医疗或技术开发，归入Discovery/Science。,"[""Discovery/Science""]"
Life Coach,3,Other,resolved,medium,agent_semantic_review,人生教练与客户设定个人目标、梳理障碍并制定行动步骤，定期跟进进展和习惯改变。,"[""Other""]"
Publicist (Profession) #5,3,Culture,resolved,high,agent_semantic_review,为个人或机构撰写新闻稿、联系媒体并安排采访，以提升公众曝光。,"[""Culture""]"
Pioneer,3,,needs_context,low,agent_semantic_review,"Pioneer may mean an explorer, innovator, or early settler; no specific domain or duties are stated.","[""Discovery/Science"",""Leadership"",""Other""]"
Bioethicist,3,Discovery/Science,resolved,medium,agent_semantic_review,分析医学、生物技术和生命科学实践中的伦理问题，为研究或医疗决策提供评估意见。,"[""Discovery/Science""]"
Network administrator,3,Discovery/Science,resolved,high,agent_semantic_review,网络管理员配置和维护计算机网络、服务器与用户账户，监测运行状态并排查连接或安全故障。,"[""Discovery/Science""]"
Medical research,3,Discovery/Science,resolved,medium,agent_semantic_review,“Medical research”从事的核心职责是运用医学专业知识提供诊断、治疗、护理或健康服务，其工作属于知识发现、学术/医疗或技术开发，归入Discovery/Science。,"[""Discovery/Science""]"
News analyst,3,Culture,resolved,medium,agent_semantic_review,解读新闻事件和政策背景，整理信息并向受众提供分析评论。,"[""Culture""]"
Radio announcer,3,Culture,resolved,high,agent_semantic_review,在广播节目中播报新闻、介绍音乐或活动，并通过话筒向听众主持和传递信息。,"[""Culture""]"
Midwife,3,Other,retained_exact_unique,source_exact,author_exact_unique,完整职业词与作者规则精确一致，且规则候选 L1 唯一；本轮保留原映射。,"[""Other""]"
Neurosurgeon,3,Discovery/Science,resolved,medium,agent_semantic_review,“Neurosurgeon”从事的核心职责是运用医学专业知识提供诊断、治疗、护理或健康服务，其工作属于知识发现、学术/医疗或技术开发，归入Discovery/Science。,"[""Discovery/Science""]"
Boxing Trainer,3,Sports/Games,resolved,medium,agent_semantic_review,拳击教练教授拳法、防守、步法和体能训练，准备拳手参加对抗训练和赛事。,"[""Sports/Games""]"
Investment broker,3,Leadership,resolved,medium,primary_semantic_adjudication,代理客户进行证券/投资资产交易，采用作者stockbroker所对应的金融交易职业口径；不能仅用泛称broker覆盖更具体的金融交易语义。,"[""Leadership""]"
Union organizer,3,Leadership,resolved,high,agent_semantic_review,“Union organizer”的职责是参与公共政策、政治组织、外交或社会倡议的决策和协调，对应公共治理、法律/军事/宗教权威或企业金融领导，归入Leadership。,"[""Leadership""]"
Children's book illustrator,3,Culture,resolved,medium,agent_semantic_review,为儿童读物绘制人物、场景和故事插图，并与作者/编辑配合呈现文本。,"[""Culture""]"
Bookmaker,3,Other,retained_exact_unique,source_exact,author_exact_unique,完整职业词与作者规则精确一致，且规则候选 L1 唯一；本轮保留原映射。,"[""Other""]"
Gambler,3,Other,retained_exact_unique,source_exact,author_exact_unique,完整职业词与作者规则精确一致，且规则候选 L1 唯一；本轮保留原映射。,"[""Other""]"
Nanny,3,Other,retained_exact_unique,source_exact,author_exact_unique,完整职业词与作者规则精确一致，且规则候选 L1 唯一；本轮保留原映射。,"[""Other""]"
Professional Wrestling Booker,3,Sports/Games,resolved,high,agent_semantic_review,Professional wrestling booker 负责编排摔角赛事对阵与故事线，直接服务于摔角比赛。,"[""Sports/Games""]"
Sports Anchor,3,Culture,resolved,high,agent_semantic_review,A sports anchor presents and reports sports news for television or radio; this is broadcasting/journalism.,"[""Culture""]"
Dominatrix,3,Other,resolved,medium,agent_semantic_review,在成人服务情境中提供以支配角色为核心的BDSM服务，并与客户约定互动边界。,"[""Other""]"
Dubber,3,Culture,resolved,high,agent_semantic_review,Dubber 为影视作品录制配音/对白，属于影视声音制作。,"[""Culture""]"
Statistical graphics,3,Culture,resolved,medium,agent_semantic_review,“Statistical graphics”所指工作核心是提供明确的艺术、媒体或文化产业创作与制作服务，属于文化生产、表演或传播职能，归入Culture。,"[""Culture""]"
Railroad worker,3,Other,resolved,medium,agent_semantic_review,铁路工人承担铁路运输和基础设施工作，如维护轨道、调度列车、装卸货物或车站服务；具体岗位未限定。,"[""Other""]"
Detective,3,Other,retained_exact_unique,source_exact,author_exact_unique,完整职业词与作者规则精确一致，且规则候选 L1 唯一；本轮保留原映射。,"[""Other""]"
Concert Producer,3,Culture,resolved,high,agent_semantic_review,统筹音乐会场地、预算、艺人、舞台技术和观众服务，确保现场演出按计划举行。,"[""Culture""]"
Calligrapher,3,Culture,retained_exact_unique,source_exact,author_exact_unique,完整职业词与作者规则精确一致，且规则候选 L1 唯一；本轮保留原映射。,"[""Culture""]"
Go Player,3,Sports/Games,retained_exact_unique,source_exact,author_exact_unique,完整职业词与作者规则精确一致，且规则候选 L1 唯一；本轮保留原映射。,"[""Sports/Games""]"
Wine Critic,3,Culture,resolved,medium,agent_semantic_review,“Wine Critic”所指工作核心是采访、撰写、编辑、评论或向公众传播文化/媒体内容，属于文化生产、表演或传播职能，归入Culture。,"[""Culture""]"
telecommunications expert,3,Discovery/Science,resolved,medium,agent_semantic_review,评估通信网络或电信设备的性能与故障，并就系统部署、连接或维护提供专业建议。,"[""Discovery/Science""]"
Historian of Science,3,Discovery/Science,resolved,high,agent_semantic_review,科学史学家研究科学理论、实验和机构在历史中的形成与变化，查阅档案并发表学术成果。,"[""Discovery/Science""]"
Scenic Artist,3,Culture,retained_exact_unique,source_exact,author_exact_unique,完整职业词与作者规则精确一致，且规则候选 L1 唯一；本轮保留原映射。,"[""Culture""]"
Haberdasher,3,Other,resolved,medium,agent_semantic_review,“Haberdasher”是承担明确的日常服务、普通职业劳动或小规模经营职责的职业称谓，不属于艺术文化、科学技术、公共权力或竞技体育领域，归入Other。,"[""Other""]"
Information Technologist,3,Discovery/Science,resolved,medium,agent_semantic_review,部署和维护信息系统、网络或技术服务，排查组织内部的计算机与数据问题。,"[""Discovery/Science""]"
College Administrator,3,Discovery/Science,resolved,high,agent_semantic_review,管理高校的招生、学生事务、学术项目或校务流程，并协调教职员和资源。,"[""Discovery/Science""]"
Picture editor,3,Culture,resolved,medium,agent_semantic_review,“Picture editor”所指工作核心是采访、撰写、编辑、评论或向公众传播文化/媒体内容，属于文化生产、表演或传播职能，归入Culture。,"[""Culture""]"
Marine engineer,3,Discovery/Science,resolved,medium,agent_semantic_review,船舶工程师设计、维护船舶推进、动力和机械系统，排查设备故障并确保航行可靠性。,"[""Discovery/Science""]"
Cyberneticist,3,Discovery/Science,resolved,high,agent_semantic_review,研究控制、反馈和信息处理系统，建立模型解释生物或机器系统的调节行为。,"[""Discovery/Science""]"
Agriculturist,3,Other,retained_exact_unique,source_exact,author_exact_unique,完整职业词与作者规则精确一致，且规则候选 L1 唯一；本轮保留原映射。,"[""Other""]"
Minstrel,3,Culture,resolved,medium,agent_semantic_review,“Minstrel”所指工作核心是创作或呈现艺术作品/现场表演，职业产出面向文化受众，属于文化生产、表演或传播职能，归入Culture。,"[""Culture""]"
Special Effects,3,Culture,retained_exact_unique,source_exact,author_exact_unique,完整职业词与作者规则精确一致，且规则候选 L1 唯一；本轮保留原映射。,"[""Culture""]"
Scholar-official,3,Leadership,resolved,high,primary_semantic_adjudication,指传统通过学术选拔任职的士大夫官僚，完整称谓包含公共行政任职，按官员职责归治理。,"[""Leadership""]"
Theatrical Set Designer,3,Culture,resolved,high,agent_semantic_review,为舞台剧设计布景方案和空间布局，并与制作团队确定道具、材料和搭建细节。,"[""Culture""]"
Architectural historian,3,Discovery/Science,resolved,high,primary_semantic_adjudication,研究建筑历史及相关史料，核心是历史学术研究；Profession与编号不改变岗位含义。,"[""Discovery/Science""]"
Immunologist,3,Discovery/Science,retained_exact_unique,source_exact,author_exact_unique,完整职业词与作者规则精确一致，且规则候选 L1 唯一；本轮保留原映射。,"[""Discovery/Science""]"
Political strategist,3,Leadership,resolved,medium,agent_semantic_review,政治策略师为候选人或政党规划竞选议题、受众沟通、选区资源和宣传行动。,"[""Leadership""]"
News producer,3,Culture,resolved,high,agent_semantic_review,策划新闻节目选题和播出顺序，协调记者、编辑、技术人员及直播流程。,"[""Culture""]"
Dental technician,3,Other,retained_exact_unique,source_exact,author_exact_unique,完整职业词与作者规则精确一致，且规则候选 L1 唯一；本轮保留原映射。,"[""Other""]"
Horticulturalist,3,Other,retained_exact_unique,source_exact,author_exact_unique,完整职业词与作者规则精确一致，且规则候选 L1 唯一；本轮保留原映射。,"[""Other""]"
Flight engineer,3,Discovery/Science,resolved,medium,agent_semantic_review,“Flight engineer”从事的核心职责是从事专业教学、技术设计开发、测试或学术研究，其工作属于知识发现、学术/医疗或技术开发，归入Discovery/Science。,"[""Discovery/Science""]"
Ski Racer,3,Sports/Games,resolved,medium,agent_semantic_review,训练并参加高山滑雪竞速项目，在规定雪道上以最快时间完成比赛。,"[""Sports/Games""]"
Hacker,3,Other,retained_exact_unique,source_exact,author_exact_unique,完整职业词与作者规则精确一致，且规则候选 L1 唯一；本轮保留原映射。,"[""Other""]"
Ethologist,3,Discovery/Science,retained_exact_unique,source_exact,author_exact_unique,完整职业词与作者规则精确一致，且规则候选 L1 唯一；本轮保留原映射。,"[""Discovery/Science""]"
Mental health professional,3,Discovery/Science,resolved,high,agent_semantic_review,心理健康专业人员评估心理健康需要，为来访者提供咨询、治疗、转介或康复支持；该称谓未限定具体资质。,"[""Discovery/Science""]"
Digital Marketing Strategist,3,Other,resolved,high,agent_semantic_review,"Designs online campaign plans and channel priorities for a client or organization; this is marketing strategy, not company governance.","[""Other""]"
Combat medic,3,Discovery/Science,resolved,medium,agent_semantic_review,战斗医护兵在军事场景中提供急救、伤员稳定与医疗照护；其直接职业职能是医疗服务。,"[""Discovery/Science""]"
Letterer,3,Culture,resolved,high,agent_semantic_review,为漫画、插画或出版物绘制并排版文字、对白气泡和标题字形。,"[""Culture""]"
Game programmer,3,Discovery/Science,resolved,medium,agent_semantic_review,“Game programmer”从事的核心职责是从事专业教学、技术设计开发、测试或学术研究，其工作属于知识发现、学术/医疗或技术开发，归入Discovery/Science。,"[""Discovery/Science""]"
Private investigator,3,Other,retained_exact_unique,source_exact,author_exact_unique,完整职业词与作者规则精确一致，且规则候选 L1 唯一；本轮保留原映射。,"[""Other""]"
Special Agent,3,,needs_context,low,agent_semantic_review,可指执法/情报特工，也可能是商业代理人，机构和职责未说明。,"[""Leadership"",""Other""]"
A&R executive,3,Culture,resolved,high,primary_semantic_adjudication,负责发掘签约音乐人、组织录制及艺人创作发展，核心是音乐内容生产管理。,"[""Culture""]"
Assistant Property Master,3,Culture,resolved,medium,agent_semantic_review,“Assistant Property Master”所指工作核心是支持或统筹影视、广播、音乐及其他文化内容的制作、技术实现或发行，属于文化生产、表演或传播职能，归入Culture。,"[""Culture""]"
Information Technology Consultant,3,Other,resolved,medium,primary_semantic_adjudication,评估客户信息系统需求并建议实施或支持方案；完整词指IT咨询服务，未明确从事软件研发，按作者consultant及网络支持类比归普通专业服务。,"[""Other""]"
Freelance Writer,3,Culture,resolved,high,agent_semantic_review,自由撰稿人为出版物或客户独立选题、采访、撰写并交付文章、书稿或其他文字作品。,"[""Culture""]"
Hatter,3,Other,retained_exact_unique,source_exact,author_exact_unique,完整职业词与作者规则精确一致，且规则候选 L1 唯一；本轮保留原映射。,"[""Other""]"
Political writer,3,Culture,resolved,high,primary_semantic_adjudication,撰写政治主题文章或作品，标签表明写作职责而非担任政治职务。,"[""Culture""]"
Bouncer,3,Other,resolved,medium,agent_semantic_review,在酒吧或娱乐场所检查入场、维持秩序并处理冲突或拒绝不合规顾客入场。,"[""Other""]"
Basketball Analyst,3,Culture,resolved,high,agent_semantic_review,观看并分析篮球比赛数据、战术和球员表现，再通过媒体或报告解释比赛走势。,"[""Culture""]"
Helicopter Pilot,3,,needs_context,low,agent_semantic_review,A helicopter pilot may fly civilian transport or work missions or serve in a military aviation role; the title gives no service context.,"[""Leadership"",""Other""]"
Hypnotist,3,,needs_context,low,agent_semantic_review,催眠师可能是舞台表演者、临床催眠治疗从业者或非临床服务者，职责语境未明。,"[""Culture"",""Discovery/Science"",""Other""]"
White-collar worker,3,Other,resolved,high,agent_semantic_review,白领泛指以办公室、行政或专业知识工作为主的雇员群体；该词未说明具体岗位任务。,"[""Other""]"
Burlesque stripper,3,Culture,resolved,medium,agent_semantic_review,“Burlesque stripper”所指工作核心是提供明确的艺术、媒体或文化产业创作与制作服务，属于文化生产、表演或传播职能，归入Culture。,"[""Culture""]"
Fashion Editor,3,Culture,resolved,medium,agent_semantic_review,为时尚媒体策划服饰专题、挑选造型并协调摄影、模特和品牌素材。,"[""Culture""]"
Angel investor,3,Leadership,resolved,medium,agent_semantic_review,以个人或投资实体资金投资早期企业，并评估创业团队、风险及潜在回报。,"[""Leadership""]"
Parliamentarian,3,Leadership,resolved,high,agent_semantic_review,“Parliamentarian”的职责是参与公共政策、政治组织、外交或社会倡议的决策和协调，对应公共治理、法律/军事/宗教权威或企业金融领导，归入Leadership。,"[""Leadership""]"
Blogger (Website),3,Culture,resolved,medium,agent_semantic_review,网站博主持续撰写并发布网络文章、评论或其他内容，维护网站栏目并与读者互动。,"[""Culture""]"
Test pilot,3,Leadership,retained_exact_unique,source_exact,author_exact_unique,完整职业词与作者规则精确一致，且规则候选 L1 唯一；本轮保留原映射。,"[""Leadership""]"
Ophthalmologist,3,Discovery/Science,retained_exact_unique,source_exact,author_exact_unique,完整职业词与作者规则精确一致，且规则候选 L1 唯一；本轮保留原映射。,"[""Discovery/Science""]"
Marine biologist,3,Discovery/Science,resolved,high,agent_semantic_review,研究海洋生物及其栖息环境，通过采样、观察或实验分析生态过程。,"[""Discovery/Science""]"
Construction Engineer,3,Discovery/Science,resolved,medium,agent_semantic_review,“Construction Engineer”从事的核心职责是从事专业教学、技术设计开发、测试或学术研究，其工作属于知识发现、学术/医疗或技术开发，归入Discovery/Science。,"[""Discovery/Science""]"
Set Production Assistant,2,Culture,resolved,medium,agent_semantic_review,片场制作助理为影视拍摄和制作流程提供现场协调与行政支持，职责明确服务于文化产品制作。,"[""Culture""]"
Mufti,2,Leadership,retained_exact_unique,source_exact,author_exact_unique,完整职业词与作者规则精确一致，且规则候选 L1 唯一；本轮保留原映射。,"[""Leadership""]"
Special Effects Designer,2,Culture,resolved,high,agent_semantic_review,为影视或舞台制作设计爆破、机械、环境或视觉特效方案并监督实现。,"[""Culture""]"
Rector,2,Discovery/Science,retained_exact_unique,source_exact,author_exact_unique,完整职业词与作者规则精确一致，且规则候选 L1 唯一；本轮保留原映射。,"[""Discovery/Science""]"
Wildlife biologist,2,Discovery/Science,resolved,medium,agent_semantic_review,“Wildlife biologist”从事的核心职责是开展该学科的研究、证据分析与知识产出，其工作属于知识发现、学术/医疗或技术开发，归入Discovery/Science。,"[""Discovery/Science""]"
Station master,2,Other,resolved,medium,agent_semantic_review,车站站长监督铁路车站运营、班次与工作人员，协调旅客服务、安全和列车运行信息。,"[""Other""]"
TV Meteorologist,2,Discovery/Science,resolved,high,agent_semantic_review,分析气象观测和预报模型，并在电视节目中解释天气变化与预警信息。,"[""Discovery/Science""]"
Information systems technician,2,Other,resolved,medium,primary_semantic_adjudication,提供电脑设备安装、故障排查和用户支持，核心为技术服务/支持；与软件研发、科学研究职责区分。,"[""Other""]"
Tour manager,2,Culture,resolved,medium,agent_semantic_review,安排巡演日程、交通住宿、预算和演出场地，协调艺人及巡演工作人员。,"[""Culture""]"
Alchemist,2,Discovery/Science,resolved,high,agent_semantic_review,炼金术士在历史炼金术传统中试验物质配制、提炼和转化，记录实验并追求特定物质变化。,"[""Discovery/Science""]"
Lighting technician,2,Culture,resolved,medium,agent_semantic_review,“Lighting technician”所指工作核心是支持或统筹影视、广播、音乐及其他文化内容的制作、技术实现或发行，属于文化生产、表演或传播职能，归入Culture。,"[""Culture""]"
Political philosopher,2,Discovery/Science,resolved,high,agent_semantic_review,政治哲学家研究政治观念与制度的思想基础，不是从事政府治理的政治官员。,"[""Discovery/Science""]"
Cinematography,2,Culture,resolved,high,agent_semantic_review,Cinematography 是电影摄影工作，负责以摄影机、镜头和光线实现影片画面表达，属于影视制作。,"[""Culture""]"
Aeronautical Engineer,2,Discovery/Science,resolved,medium,agent_semantic_review,“Aeronautical Engineer”从事的核心职责是从事专业教学、技术设计开发、测试或学术研究，其工作属于知识发现、学术/医疗或技术开发，归入Discovery/Science。,"[""Discovery/Science""]"
Literary executor,2,Culture,resolved,medium,agent_semantic_review,执行作家遗嘱中有关手稿、版权和文学遗产的安排，管理作品授权及档案事务。,"[""Culture""]"
Digital Artist,2,Culture,resolved,high,agent_semantic_review,使用数字绘画、建模、影像或交互媒介创作视觉艺术作品。,"[""Culture""]"
Pro-life activist,2,Leadership,resolved,high,agent_semantic_review,“Pro-life activist”的职责是参与公共政策、政治组织、外交或社会倡议的决策和协调，对应公共治理、法律/军事/宗教权威或企业金融领导，归入Leadership。,"[""Leadership""]"
Set Dresser,2,Culture,resolved,medium,agent_semantic_review,布景摆设师按美术设计摆放家具、道具和陈设，整理拍摄现场，使布景符合时代和剧情要求。,"[""Culture""]"
Registrar,2,,needs_context,low,agent_semantic_review,Registrar 可指学校、法院、医疗机构或其他组织中的登记/行政岗位，缺少机构语境，无法确定 L1。,"[""Discovery/Science"",""Leadership"",""Other""]"
Plus-size model,2,Culture,resolved,medium,agent_semantic_review,“Plus-size model”所指工作核心是提供明确的艺术、媒体或文化产业创作与制作服务，属于文化生产、表演或传播职能，归入Culture。,"[""Culture""]"
Commissar,2,Leadership,resolved,medium,agent_semantic_review,在军队或政府机构担任政党/国家政治代表，监督政治工作、纪律或行政执行。,"[""Leadership""]"
Music criticism,2,Culture,resolved,high,agent_semantic_review,Music criticism 通过评论和分析音乐作品向读者/听众传播文化评价，属于文化写作。,"[""Culture""]"
Sound Effects Editor,2,Culture,resolved,medium,agent_semantic_review,“Sound Effects Editor”所指工作核心是采访、撰写、编辑、评论或向公众传播文化/媒体内容，属于文化生产、表演或传播职能，归入Culture。,"[""Culture""]"
Court reporter,2,Culture,resolved,medium,agent_semantic_review,以速记或录音转写方式逐字记录庭审、证词和其他司法程序。,"[""Culture""]"
People's Artist of Ukraine,2,Culture,resolved,high,agent_semantic_review,“乌克兰人民艺术家”是授予艺术贡献者的荣誉称号，可能授予演员、歌手、导演、作曲家或视觉艺术家等，不指定具体工种。,"[""Culture""]"
Human computer,2,Discovery/Science,resolved,high,agent_semantic_review,"A human computer performed mathematical calculations by hand, including trajectory calculations for aerospace missions; this is a technical/scientific occupation, not a generic person-machine interface label.","[""Discovery/Science""]"
Sex Educator,2,Discovery/Science,resolved,medium,agent_semantic_review,教授生殖健康、性健康、关系与同意等知识，回答学习者问题并提供适龄教育材料。,"[""Discovery/Science""]"
Partisan,2,,needs_context,low,agent_semantic_review,可指党派支持者，也可指武装抵抗组织成员，两种含义的实际职责和类别不同。,"[""Leadership"",""Other""]"
Army officer (retired),2,Leadership,resolved,high,agent_semantic_review,“Army officer (retired)”的职责是在军队或公共安全体系履行指挥、军职或执法责任，对应公共治理、法律/军事/宗教权威或企业金融领导，归入Leadership。,"[""Leadership""]"
Floral Designer,2,Culture,resolved,medium,agent_semantic_review,选配花材并制作花束、桌花或活动花艺布置。,"[""Culture""]"
Public figure,2,,needs_context,low,agent_semantic_review,这是公众知名度/身份描述，不说明其职业职能，可能覆盖多个真实 L1。,"[""Culture"",""Leadership"",""Sports/Games"",""Other""]"
Etymologist,2,Discovery/Science,resolved,medium,agent_semantic_review,“Etymologist”从事的核心职责是开展该学科的研究、证据分析与知识产出，其工作属于知识发现、学术/医疗或技术开发，归入Discovery/Science。,"[""Discovery/Science""]"
Kannushi,2,Leadership,resolved,high,agent_semantic_review,Kannushi是神道神社神职人员，负责祭祀仪式与神社礼拜，属于宗教权威/宗教职务。,"[""Leadership""]"
Jazz Artist/Singer,2,Culture,resolved,high,agent_semantic_review,爵士歌手/艺术家演唱爵士曲目，进行即兴诠释，并在音乐会、录音或广播中呈现作品。,"[""Culture""]"
Server,2,Other,resolved,medium,agent_semantic_review,“Server”是承担明确的日常服务、普通职业劳动或小规模经营职责的职业称谓，不属于艺术文化、科学技术、公共权力或竞技体育领域，归入Other。,"[""Other""]"
Search engine technology,2,,needs_context,low,agent_semantic_review,搜索引擎技术是技术领域而非明确职业名称。,"[""Discovery/Science""]"
Film Journalist,2,Culture,resolved,high,agent_semantic_review,采访电影从业者、报道电影产业新闻并撰写影评或电影专题。,"[""Culture""]"
Dental assistant,2,Discovery/Science,resolved,medium,agent_semantic_review,“Dental assistant”从事的核心职责是运用医学专业知识提供诊断、治疗、护理或健康服务，其工作属于知识发现、学术/医疗或技术开发，归入Discovery/Science。,"[""Discovery/Science""]"
Visionary,2,,needs_context,low,agent_semantic_review,“Visionary”可指愿景型人物、思想者或自我描述，并非明确职业职责。,[]
Magnate,2,Leadership,retained_exact_unique,source_exact,author_exact_unique,完整职业词与作者规则精确一致，且规则候选 L1 唯一；本轮保留原映射。,"[""Leadership""]"
Climatologist,2,Discovery/Science,retained_exact_unique,source_exact,author_exact_unique,完整职业词与作者规则精确一致，且规则候选 L1 唯一；本轮保留原映射。,"[""Discovery/Science""]"
Mountain guide,2,Sports/Games,retained_exact_unique,source_exact,author_exact_unique,完整职业词与作者规则精确一致，且规则候选 L1 唯一；本轮保留原映射。,"[""Sports/Games""]"
Greengrocer,2,Other,resolved,high,agent_semantic_review,采购并销售蔬菜水果，整理商品、称重计价并服务顾客。,"[""Other""]"
Volcanologist,2,Discovery/Science,resolved,medium,agent_semantic_review,“Volcanologist”从事的核心职责是以专门科学知识、学术研究、医疗服务或工程技术为主要职责，其工作属于知识发现、学术/医疗或技术开发，归入Discovery/Science。,"[""Discovery/Science""]"
Cardiac surgeon,2,Discovery/Science,resolved,high,agent_semantic_review,心脏外科医生评估心脏及大血管疾病并实施外科手术，术前术后管理患者恢复。,"[""Discovery/Science""]"
Art Conservator,2,Culture,resolved,high,agent_semantic_review,检查艺术品材料和损坏状况，清洁、加固并制定保护修复方案以延缓劣化。,"[""Culture""]"
Consul,2,Leadership,retained_exact_unique,source_exact,author_exact_unique,完整职业词与作者规则精确一致，且规则候选 L1 唯一；本轮保留原映射。,"[""Leadership""]"
Quantitative analyst,2,Other,resolved,medium,primary_semantic_adjudication,利用数学及统计模型开展金融数据分析和风险评估；按作者analyst服务职能，不将金融题材或数学工具等同企业领导。,"[""Other""]"
Confidence artist,2,Other,resolved,medium,agent_semantic_review,通过假身份、虚假承诺或欺骗性故事骗取他人钱财或财物。,"[""Other""]"
Methodist minister,2,Leadership,resolved,high,agent_semantic_review,Faqīh 是伊斯兰法学专家/法学家，作为宗教法律权威归入 Leadership。,"[""Leadership""]"
Pitchman,2,Other,resolved,medium,agent_semantic_review,“Pitchman”是承担明确的日常服务、普通职业劳动或小规模经营职责的职业称谓，不属于艺术文化、科学技术、公共权力或竞技体育领域，归入Other。,"[""Other""]"
Podcaster,2,Culture,retained_exact_unique,source_exact,author_exact_unique,完整职业词与作者规则精确一致，且规则候选 L1 唯一；本轮保留原映射。,"[""Culture""]"
Sports Columnist,2,Culture,resolved,high,agent_semantic_review,体育专栏作者撰写赛事评论并向读者传播观点，职业核心是新闻出版写作；题材为体育不改变媒体职业本身。,"[""Culture""]"
Boilermaker,2,Other,retained_exact_unique,source_exact,author_exact_unique,完整职业词与作者规则精确一致，且规则候选 L1 唯一；本轮保留原映射。,"[""Other""]"
Lineman,2,,needs_context,low,agent_semantic_review,Lineman 可指美式足球位置，也可指电力/通信线路工，语境缺失会导致不同 L1。,"[""Sports/Games"",""Other""]"
Medical Doctor,2,Discovery/Science,resolved,medium,agent_semantic_review,“Medical Doctor”从事的核心职责是运用医学专业知识提供诊断、治疗、护理或健康服务，其工作属于知识发现、学术/医疗或技术开发，归入Discovery/Science。,"[""Discovery/Science""]"
Lacrosse Player,2,Sports/Games,resolved,medium,agent_semantic_review,长曲棍球运动员参加训练和比赛，运球、传球、射门并与队友配合争取得分。,"[""Sports/Games""]"
Regent,2,Leadership,retained_exact_unique,source_exact,author_exact_unique,完整职业词与作者规则精确一致，且规则候选 L1 唯一；本轮保留原映射。,"[""Leadership""]"
Biblical Scholar,2,Discovery/Science,resolved,high,agent_semantic_review,研究圣经文本的语言、历史背景和解释传统，并发表学术成果。,"[""Discovery/Science""]"
Nature Photographer,2,Culture,resolved,high,primary_semantic_adjudication,摄影师创作自然题材影像，题材自然不等同从事自然科学研究。,"[""Culture""]"
Carpenter,2,Other,retained_exact_unique,source_exact,author_exact_unique,完整职业词与作者规则精确一致，且规则候选 L1 唯一；本轮保留原映射。,"[""Other""]"
Dermatologist,2,Discovery/Science,retained_exact_unique,source_exact,author_exact_unique,完整职业词与作者规则精确一致，且规则候选 L1 唯一；本轮保留原映射。,"[""Discovery/Science""]"
Athletic trainer,2,Sports/Games,resolved,medium,agent_semantic_review,评估运动员伤病风险，制定预防和康复训练，并在训练或比赛中提供急救支持。,"[""Sports/Games""]"
Handyman,2,Other,retained_exact_unique,source_exact,author_exact_unique,完整职业词与作者规则精确一致，且规则候选 L1 唯一；本轮保留原映射。,"[""Other""]"
Bookbinder,2,Other,retained_exact_unique,source_exact,author_exact_unique,完整职业词与作者规则精确一致，且规则候选 L1 唯一；本轮保留原映射。,"[""Other""]"
Legal Scholar,2,Discovery/Science,resolved,high,agent_semantic_review,法律学者研究法律制度、判例和法律理论，发表学术论著或讲授法律课程。,"[""Discovery/Science""]"
Occupational Therapist,2,Discovery/Science,resolved,medium,agent_semantic_review,“Occupational Therapist”从事的核心职责是运用医学专业知识提供诊断、治疗、护理或健康服务，其工作属于知识发现、学术/医疗或技术开发，归入Discovery/Science。,"[""Discovery/Science""]"
Spymaster,2,Leadership,retained_exact_unique,source_exact,author_exact_unique,完整职业词与作者规则精确一致，且规则候选 L1 唯一；本轮保留原映射。,"[""Leadership""]"
Dog trainer,2,Other,resolved,medium,agent_semantic_review,训练犬只服从指令或完成日常行为训练，未指明竞技项目，属一般动物训练服务。,"[""Other""]"
Shepherd,2,Other,resolved,high,agent_semantic_review,照料并放牧羊群，带领牲畜觅食、保护其安全并协助繁育。,"[""Other""]"
Criminal (Profession) #15,2,Other,resolved,medium,agent_semantic_review,“Criminal (Profession) #15”是承担明确的日常服务、普通职业劳动或小规模经营职责的职业称谓，不属于艺术文化、科学技术、公共权力或竞技体育领域，归入Other。 词项中的编号及/或“(Profession)”是数据库区分标记，不改变该职业的职责含义。,"[""Other""]"
Labor Union Leader,2,Leadership,resolved,medium,agent_semantic_review,代表工会成员谈判劳动条件、组织工会事务并协调集体行动。,"[""Leadership""]"
Semantic Web,2,,needs_context,low,agent_semantic_review,这是技术领域名称而非明确岗位；缺少从事研究、开发或倡议等职责信息。,[]
Radio DJ,2,Culture,resolved,medium,agent_semantic_review,“Radio DJ”所指工作核心是创作或呈现艺术作品/现场表演，职业产出面向文化受众，属于文化生产、表演或传播职能，归入Culture。,"[""Culture""]"
Defense policy analyst,2,Leadership,resolved,medium,agent_semantic_review,国防政策分析师评估军事能力、预算和安全政策方案，为政府或决策者提供分析建议。,"[""Leadership""]"
Gamekeeper,2,Other,resolved,high,agent_semantic_review,管理猎场或野生动物栖地，巡查非法捕猎并维护猎物种群和场地。,"[""Other""]"
News director,2,Culture,resolved,medium,agent_semantic_review,“News director”所指工作核心是支持或统筹影视、广播、音乐及其他文化内容的制作、技术实现或发行，属于文化生产、表演或传播职能，归入Culture。,"[""Culture""]"
Glovemaker,2,Other,resolved,medium,agent_semantic_review,裁剪和缝制皮革、布料或其他材料，制作手套并完成尺寸与边缘加工。,"[""Other""]"
Fashion entrepreneur,2,Leadership,resolved,medium,agent_semantic_review,Fashion entrepreneur 创办或经营时尚企业，核心职责是经营商业项目；“fashion”说明行业，不足以把企业创业职能改判为文化制作。,"[""Leadership""]"
Software Tester,2,Discovery/Science,resolved,medium,agent_semantic_review,“Software Tester”从事的核心职责是从事专业教学、技术设计开发、测试或学术研究，其工作属于知识发现、学术/医疗或技术开发，归入Discovery/Science。,"[""Discovery/Science""]"
Conservation,2,,needs_context,low,agent_semantic_review,自然保护是活动/领域名称，没有明确职业或岗位职责。,"[""Discovery/Science"",""Other""]"
Bushranger,2,Other,retained_exact_unique,source_exact,author_exact_unique,完整职业词与作者规则精确一致，且规则候选 L1 唯一；本轮保留原映射。,"[""Other""]"
Managing Director,2,Leadership,resolved,medium,agent_semantic_review,董事总经理负责企业整体运营和战略执行，协调部门负责人并对经营结果承担管理责任。,"[""Leadership""]"
Executive Management,2,Leadership,resolved,high,agent_semantic_review,“Executive Management”的职责是承担机构治理、金融资本配置、商业经营管理或政治公共事务职责，对应公共治理、法律/军事/宗教权威或企业金融领导，归入Leadership。,"[""Leadership""]"
Emergency medical technician,2,Discovery/Science,resolved,medium,agent_semantic_review,在急救现场评估伤病、实施基础生命支持并将患者安全转运至医疗机构。,"[""Discovery/Science""]"
Political campaigner,2,Leadership,resolved,high,agent_semantic_review,组织政治候选人或政策的宣传、筹款、选民联络及竞选活动。,"[""Leadership""]"
Shop Owner,2,Other,resolved,medium,agent_semantic_review,“Shop Owner”是提供标题所指的日常服务、运输、维修、照护、手工业或一般商业服务的职业称谓，不属于艺术文化、科学技术、公共权力或竞技体育领域，归入Other。,"[""Other""]"
Environmental health officer,2,Discovery/Science,resolved,medium,agent_semantic_review,环境卫生官员检查食品、住房、工作场所和公共环境中的卫生风险，要求整改并执行相关公共卫生规范。,"[""Discovery/Science""]"
Television executive producer,2,Culture,resolved,medium,agent_semantic_review,决定电视节目项目方向、预算和关键人员，并监督制作、交付及发行。,"[""Culture""]"
Fetish model,2,Culture,resolved,medium,agent_semantic_review,“Fetish model”所指工作核心是提供明确的艺术、媒体或文化产业创作与制作服务，属于文化生产、表演或传播职能，归入Culture。,"[""Culture""]"
Drag queen,2,Culture,resolved,medium,agent_semantic_review,以夸张性别化造型、服装和舞台表演呈现喜剧、歌舞或主持节目。,"[""Culture""]"
Acrobatics,2,Culture,resolved,high,agent_semantic_review,杂技表演者练习并呈现翻腾、平衡、抛接或空中技巧等动作，通常在马戏、舞台或娱乐节目中演出。,"[""Culture""]"
Contortionist,2,Culture,retained_exact_unique,source_exact,author_exact_unique,完整职业词与作者规则精确一致，且规则候选 L1 唯一；本轮保留原映射。,"[""Culture""]"
American Football Official,2,Sports/Games,resolved,high,agent_semantic_review,“American Football Official”的工作直接围绕体育训练、竞技或比赛规则展开，具体职责是依据项目规则执裁并维护比赛秩序，归入Sports/Games。,"[""Sports/Games""]"
Puppet Designer,2,Culture,resolved,medium,agent_semantic_review,设计木偶的造型、结构和活动方式，使其适合舞台操纵或镜头拍摄。,"[""Culture""]"
English Professor,2,Discovery/Science,resolved,high,agent_semantic_review,在大学教授英语语言或文学课程，指导学生并可能从事相关学术研究。,"[""Discovery/Science""]"
Fireman,2,Other,retained_exact_unique,source_exact,author_exact_unique,完整职业词与作者规则精确一致，且规则候选 L1 唯一；本轮保留原映射。,"[""Other""]"
Graphic Novelist,2,Culture,resolved,medium,agent_semantic_review,“Graphic Novelist”所指工作核心是提供明确的艺术、媒体或文化产业创作与制作服务，属于文化生产、表演或传播职能，归入Culture。,"[""Culture""]"
Co-founder and Business Executive,2,Leadership,resolved,medium,agent_semantic_review,联合创办人兼企业高管共同创立公司，参与确定商业方向并监督日常经营、团队和资源配置。,"[""Leadership""]"
Prelate,2,Leadership,retained_exact_unique,source_exact,author_exact_unique,完整职业词与作者规则精确一致，且规则候选 L1 唯一；本轮保留原映射。,"[""Leadership""]"
Dental hygienist,2,Discovery/Science,resolved,high,agent_semantic_review,清洁牙齿、检查口腔状况并指导患者预防牙周病和龋齿。,"[""Discovery/Science""]"
Paranormal Investigator,2,,needs_context,low,agent_semantic_review,"The label may describe empirical investigation, entertainment content, or a paranormal-claim activity; duties and evidentiary setting are unspecified.","[""Discovery/Science"",""Culture"",""Other""]"
Civil Rights Leader,2,Leadership,resolved,medium,agent_semantic_review,领导争取公民平等权利的组织或行动，协调倡议、公众动员和政策诉求。,"[""Leadership""]"
Kapellmeister,2,Leadership,retained_exact_unique,source_exact,author_exact_unique,完整职业词与作者规则精确一致，且规则候选 L1 唯一；本轮保留原映射。,"[""Leadership""]"
Theater Actress,2,Culture,resolved,high,agent_semantic_review,戏剧女演员排演并扮演舞台角色，通过台词、动作和情绪表达呈现剧本人物。,"[""Culture""]"
Charwoman,2,Other,resolved,medium,agent_semantic_review,“Charwoman”是提供标题所指的日常服务、运输、维修、照护、手工业或一般商业服务的职业称谓，不属于艺术文化、科学技术、公共权力或竞技体育领域，归入Other。,"[""Other""]"
Materials Scientist,2,Discovery/Science,resolved,high,agent_semantic_review,材料科学家研究材料的结构、性能与应用，属于自然科学和技术研发。,"[""Discovery/Science""]"
Enzymologist,2,Discovery/Science,resolved,high,agent_semantic_review,研究酶的结构、催化机制和反应条件，开展实验并分析生化数据。,"[""Discovery/Science""]"
Zookeeper,2,Other,retained_exact_unique,source_exact,author_exact_unique,完整职业词与作者规则精确一致，且规则候选 L1 唯一；本轮保留原映射。,"[""Other""]"
Network executive,2,Culture,resolved,high,agent_semantic_review,A network executive commissions and manages programming and production at a broadcast network; the modifier fixes the role to media.,"[""Culture""]"
Shop assistant,2,Other,resolved,medium,agent_semantic_review,为顾客介绍商品、整理货架、补货并协助收银或门店日常运营。,"[""Other""]"
Guest speaker,2,,needs_context,low,agent_semantic_review,只说明临时受邀发言的身份，未给出演讲领域或主要职业，不能据此定 L1。,[]
Child singer,2,Culture,resolved,medium,agent_semantic_review,“Child singer”所指工作核心是创作或呈现艺术作品/现场表演，职业产出面向文化受众，属于文化生产、表演或传播职能，归入Culture。,"[""Culture""]"
Bibliographer,2,Culture,retained_exact_unique,source_exact,author_exact_unique,完整职业词与作者规则精确一致，且规则候选 L1 唯一；本轮保留原映射。,"[""Culture""]"
Dialogue Editor,2,Culture,resolved,medium,agent_semantic_review,对白编辑从拍摄影像中整理、清理和同步对白录音，修复噪声并与画面剪辑匹配。,"[""Culture""]"
Friar,2,Leadership,retained_exact_unique,source_exact,author_exact_unique,完整职业词与作者规则精确一致，且规则候选 L1 唯一；本轮保留原映射。,"[""Leadership""]"
Government agent,2,,needs_context,low,agent_semantic_review,未说明代理机构和工作职责；政府代理人可能承担执法、情报、行政或其他职能，无法仅由“agent”确定 L1。,"[""Leadership"",""Other""]"
Civil law notary,2,Leadership,resolved,high,agent_semantic_review,“Civil law notary”的职责是提供法律意见、代理当事人或行使司法/公证职权，对应公共治理、法律/军事/宗教权威或企业金融领导，归入Leadership。,"[""Leadership""]"
Script supervisor,2,Culture,resolved,medium,agent_semantic_review,在影视拍摄现场记录镜头、台词、道具和连续性细节，确保不同场次剪辑衔接。,"[""Culture""]"
Airman,2,Leadership,retained_exact_unique,source_exact,author_exact_unique,完整职业词与作者规则精确一致，且规则候选 L1 唯一；本轮保留原映射。,"[""Leadership""]"
TV Art Director,2,Culture,resolved,high,agent_semantic_review,为电视节目设计布景和视觉方案，指导美术团队将节目创意转化为画面环境。,"[""Culture""]"
Agricultural Scientist,2,Discovery/Science,resolved,medium,agent_semantic_review,“Agricultural Scientist”从事的核心职责是开展该学科的研究、证据分析与知识产出，其工作属于知识发现、学术/医疗或技术开发，归入Discovery/Science。,"[""Discovery/Science""]"
Big-game hunter,2,Other,resolved,medium,agent_semantic_review,大型猎物猎手从事狩猎活动；该称谓本身不指竞技体育赛事。,"[""Other""]"
Archeologist,2,Discovery/Science,retained_exact_unique,source_exact,author_exact_unique,完整职业词与作者规则精确一致，且规则候选 L1 唯一；本轮保留原映射。,"[""Discovery/Science""]"
Telegraphist,2,Other,retained_exact_unique,source_exact,author_exact_unique,完整职业词与作者规则精确一致，且规则候选 L1 唯一；本轮保留原映射。,"[""Other""]"
Character Designer,2,Culture,resolved,high,agent_semantic_review,角色设计师为动画、游戏或影视项目设计人物外形、服装、表情和造型设定。,"[""Culture""]"
Filibuster,2,Leadership,resolved,high,agent_semantic_review,“Filibuster”的职责是承担机构治理、金融资本配置、商业经营管理或政治公共事务职责，对应公共治理、法律/军事/宗教权威或企业金融领导，归入Leadership。,"[""Leadership""]"
Parapsychologist,2,,needs_context,low,agent_semantic_review,该词指超心理学研究者，但该领域职业含义和其科学/非科学边界不统一，需进一步职业与分类语境。,"[""Discovery/Science"",""Other""]"
noblewoman,2,Leadership,resolved,high,agent_semantic_review,以贵族家族成员或贵族头衔持有者身份参与宫廷、家族和礼仪事务；该词描述身份。,"[""Leadership""]"
Digital Marketing Consultant (Profession) #1,2,Other,resolved,high,agent_semantic_review,"Advises clients on search, content, and online campaign performance; this is an individual marketing service occupation. 词项中的编号及/或“(Profession)”是数据库区分标记，不改变该职业的职责含义。","[""Other""]"
Soubrette,2,Culture,resolved,high,agent_semantic_review,Soubrette指歌剧/轻歌剧中的轻型女高音声部或由其饰演的女仆型角色，属于歌唱表演。,"[""Culture""]"
Theatre teacher,2,Culture,resolved,high,agent_semantic_review,教授戏剧表演、剧本、舞台实践或戏剧史，并组织课堂排演和学习评估。,"[""Culture""]"
Systems Programmer,2,Discovery/Science,resolved,medium,agent_semantic_review,“Systems Programmer”从事的核心职责是从事专业教学、技术设计开发、测试或学术研究，其工作属于知识发现、学术/医疗或技术开发，归入Discovery/Science。,"[""Discovery/Science""]"
Social Psychologist,2,Discovery/Science,resolved,high,agent_semantic_review,社会心理学家研究社会环境对认知、态度和行为的影响，属于学术/科学研究。,"[""Discovery/Science""]"
Ship-owner,2,Leadership,resolved,high,agent_semantic_review,船舶所有者拥有并经营船舶资产，属于商业经营者身份。,"[""Leadership""]"
Janitor,2,Other,retained_exact_unique,source_exact,author_exact_unique,完整职业词与作者规则精确一致，且规则候选 L1 唯一；本轮保留原映射。,"[""Other""]"
Geochemist,2,Discovery/Science,resolved,medium,agent_semantic_review,“Geochemist”从事的核心职责是以专门科学知识、学术研究、医疗服务或工程技术为主要职责，其工作属于知识发现、学术/医疗或技术开发，归入Discovery/Science。,"[""Discovery/Science""]"
m/05hmb8k,2,,needs_context,low,agent_semantic_review,Freebase式ID字符串而非可解释职业名称；需回查实体映射。,[]
Florist,2,Other,retained_exact_unique,source_exact,author_exact_unique,完整职业词与作者规则精确一致，且规则候选 L1 唯一；本轮保留原映射。,"[""Other""]"
Folk Artist,2,Culture,resolved,high,agent_semantic_review,民间艺术家创作或表演源自地方传统的音乐、舞蹈、手工艺或视觉作品。,"[""Culture""]"
Tax advisor,2,Other,resolved,medium,primary_semantic_adjudication,为客户提供税务筹划、申报和合规建议，属于财务专业服务；完整词项未说明税务官员或法律诉讼执业职责。,"[""Other""]"
Orthopaedist,2,Discovery/Science,resolved,medium,agent_semantic_review,诊断和治疗骨骼、关节、肌肉及韧带疾病，提供手术或非手术治疗方案。,"[""Discovery/Science""]"
Clerk (Profession) #147,2,Other,resolved,high,agent_semantic_review,去除职业编号标记后，该职务通常处理记录、文件、登记或其他办公室事务；具体部门未说明。,"[""Other""]"
Tool and die maker,2,Other,resolved,medium,agent_semantic_review,“Tool and die maker”是承担明确的日常服务、普通职业劳动或小规模经营职责的职业称谓，不属于艺术文化、科学技术、公共权力或竞技体育领域，归入Other。,"[""Other""]"
Chartered Surveyor,2,Other,resolved,medium,agent_semantic_review,特许测量师提供土地、房产和建造项目的测量、估值或咨询专业服务；作者相近 surveyor 职业归 Other，特许资格不等于治理职位。,"[""Other""]"
Chief mate,2,Leadership,resolved,high,agent_semantic_review,Chief mate 是船长以下的高级甲板官员，负责航行值班并协助指挥船员，属组织/航海管理。,"[""Leadership""]"
Architectural historian (Profession) #1,2,Discovery/Science,resolved,high,primary_semantic_adjudication,研究建筑历史及相关史料，核心是历史学术研究；Profession与编号不改变岗位含义。,"[""Discovery/Science""]"
Peking opera,2,,needs_context,low,agent_semantic_review,京剧是表演艺术/剧种名称，不是具体岗位；需确认原数据是否指京剧演员或其他从业者。,"[""Culture""]"
Road manager,2,Culture,resolved,high,agent_semantic_review,巡演经理为演出团队安排路线、交通、住宿、场地进出和每日行程，确保巡演按时推进。,"[""Culture""]"
Pilot officer,2,Leadership,retained_exact_unique,source_exact,author_exact_unique,完整职业词与作者规则精确一致，且规则候选 L1 唯一；本轮保留原映射。,"[""Leadership""]"
Hermit (Profession),2,Leadership,resolved,medium,primary_semantic_adjudication,去除不改变词义的Profession标记后为Hermit；沿用作者hermit→Religious→Leadership口径，不另把一般隐居生活状态混入普通服务。,"[""Leadership""]"
Highwayman,2,Other,retained_exact_unique,source_exact,author_exact_unique,完整职业词与作者规则精确一致，且规则候选 L1 唯一；本轮保留原映射。,"[""Other""]"
Naval Architect,2,Discovery/Science,resolved,medium,agent_semantic_review,设计船体、甲板和船舶系统，计算浮力、稳定性与结构性能并监督建造规范。,"[""Discovery/Science""]"
Art History Professor,2,Discovery/Science,resolved,high,agent_semantic_review,在高校讲授艺术史，研究艺术作品、流派和历史语境，并指导学生或发表学术成果。,"[""Discovery/Science""]"
Optician,2,Other,retained_exact_unique,source_exact,author_exact_unique,完整职业词与作者规则精确一致，且规则候选 L1 唯一；本轮保留原映射。,"[""Other""]"
Castellan,2,Leadership,retained_exact_unique,source_exact,author_exact_unique,完整职业词与作者规则精确一致，且规则候选 L1 唯一；本轮保留原映射。,"[""Leadership""]"
SEO Consultant,2,Other,resolved,high,agent_semantic_review,"Recommends site structure, content, and search-ranking improvements to clients; the work is specialized digital marketing advice.","[""Other""]"
Mental health counselor,2,Discovery/Science,resolved,medium,agent_semantic_review,心理健康咨询师与来访者讨论情绪、行为和生活困扰，制定咨询目标并提供支持或转介。,"[""Discovery/Science""]"
Colonel,2,Leadership,retained_exact_unique,source_exact,author_exact_unique,完整职业词与作者规则精确一致，且规则候选 L1 唯一；本轮保留原映射。,"[""Leadership""]"
Softball Player,2,Sports/Games,resolved,high,agent_semantic_review,参加垒球训练和比赛，通过击球、跑垒与守备协作争取胜利。,"[""Sports/Games""]"
Storekeeper,2,Other,retained_exact_unique,source_exact,author_exact_unique,完整职业词与作者规则精确一致，且规则候选 L1 唯一；本轮保留原映射。,"[""Other""]"
Broker,2,Other,retained_exact_unique,source_exact,author_exact_unique,完整职业词与作者规则精确一致，且规则候选 L1 唯一；本轮保留原映射。,"[""Other""]"
Bioinformatician,2,Discovery/Science,retained_exact_unique,source_exact,author_exact_unique,完整职业词与作者规则精确一致，且规则候选 L1 唯一；本轮保留原映射。,"[""Discovery/Science""]"
Special Needs Counsellor,2,Other,resolved,medium,agent_semantic_review,“Special Needs Counsellor”是承担明确的日常服务、普通职业劳动或小规模经营职责的职业称谓，不属于艺术文化、科学技术、公共权力或竞技体育领域，归入Other。,"[""Other""]"
Business Owner,2,,needs_context,low,agent_semantic_review,企业所有者可能经营小型个体店铺，也可能担任大公司控制者；短语未给规模与职能。,"[""Leadership"",""Other""]"
Digital marketing,2,Other,resolved,high,agent_semantic_review,Digital marketing 从事线上推广和营销执行，是常规商业服务岗位，归 Other。,"[""Other""]"
Search Engine Optimization (Industry) #1,2,Other,resolved,medium,primary_semantic_adjudication,完整短语指数字营销、搜索优化或获客业务，按作者marketing→Worker/Business(small)归Other；活动/领域名称仅作职业词表中的功能映射，不据此断言人物具体岗位。,"[""Other""]"
Competitive Eater,2,Sports/Games,resolved,medium,agent_semantic_review,参加限时进食比赛，在规定时间内按赛事规则完成指定食物挑战。,"[""Sports/Games""]"
Java Developer,2,Discovery/Science,resolved,high,agent_semantic_review,Java开发者用Java编写、测试和维护应用程序或服务，修复缺陷并实现软件功能。,"[""Discovery/Science""]"
Theater Manager,2,Culture,resolved,medium,agent_semantic_review,“Theater Manager”所指工作核心是支持或统筹影视、广播、音乐及其他文化内容的制作、技术实现或发行，属于文化生产、表演或传播职能，归入Culture。,"[""Culture""]"
Emergency physician,2,Discovery/Science,resolved,high,agent_semantic_review,在急诊科快速评估危重或急性病患，安排检查并实施紧急治疗。,"[""Discovery/Science""]"
Lieutenant colonel,2,Leadership,resolved,high,agent_semantic_review,担任军队中校军衔，指挥营级或相关单位并执行上级军事任务。,"[""Leadership""]"
Publican,2,Other,resolved,medium,agent_semantic_review,“Publican”是提供标题所指的日常服务、运输、维修、照护、手工业或一般商业服务的职业称谓，不属于艺术文化、科学技术、公共权力或竞技体育领域，归入Other。,"[""Other""]"
Admiral,2,Leadership,retained_exact_unique,source_exact,author_exact_unique,完整职业词与作者规则精确一致，且规则候选 L1 唯一；本轮保留原映射。,"[""Leadership""]"
Vietnam veteran,2,Leadership,resolved,high,primary_semantic_adjudication,表示越南战争服役经历；沿用作者veteran→Military→Leadership的历史军人分类口径。,"[""Leadership""]"
Aquanaut,2,Discovery/Science,resolved,high,agent_semantic_review,水下探险者在水下栖居地或深潜环境中开展探索、观测和科研/技术任务。,"[""Discovery/Science""]"
Used Car Dealer,2,Other,resolved,medium,agent_semantic_review,“Used Car Dealer”是承担明确的日常服务、普通职业劳动或小规模经营职责的职业称谓，不属于艺术文化、科学技术、公共权力或竞技体育领域，归入Other。,"[""Other""]"
Clothing manufacturer,2,,needs_context,low,agent_semantic_review,服装制造商可指制造企业或具体经营者，字段没有区分组织实体与个人职业。,"[""Leadership"",""Other""]"
Labour leader,2,Leadership,resolved,medium,agent_semantic_review,组织和代表工人进行集体谈判、劳动权益倡议及工会事务管理。,"[""Leadership""]"
Paratrooper,2,Leadership,retained_exact_unique,source_exact,author_exact_unique,完整职业词与作者规则精确一致，且规则候选 L1 唯一；本轮保留原映射。,"[""Leadership""]"
Human Rights Lawyer,2,Leadership,resolved,high,agent_semantic_review,“Human Rights Lawyer”的职责是提供法律意见、代理当事人或行使司法/公证职权，对应公共治理、法律/军事/宗教权威或企业金融领导，归入Leadership。,"[""Leadership""]"
Typeface designer,2,Culture,resolved,medium,agent_semantic_review,设计字体字形、字符比例和字族样式，制作可用于印刷或数字排版的字体。,"[""Culture""]"
Lecturer,2,Discovery/Science,retained_exact_unique,source_exact,author_exact_unique,完整职业词与作者规则精确一致，且规则候选 L1 唯一；本轮保留原映射。,"[""Discovery/Science""]"
Historian of Philosophy and Religion,2,Discovery/Science,resolved,high,agent_semantic_review,哲学与宗教史学家研究思想文本、宗教传统及其历史语境，比较文献并撰写学术研究。,"[""Discovery/Science""]"
Petroleum geologist,2,Discovery/Science,resolved,medium,agent_semantic_review,“Petroleum geologist”从事的核心职责是开展该学科的研究、证据分析与知识产出，其工作属于知识发现、学术/医疗或技术开发，归入Discovery/Science。,"[""Discovery/Science""]"
Voice Director,2,Culture,resolved,medium,agent_semantic_review,指导演员或配音员录制台词，控制语气、节奏和角色表达并协调录音环节。,"[""Culture""]"
Silversmith,2,Culture,retained_exact_unique,source_exact,author_exact_unique,完整职业词与作者规则精确一致，且规则候选 L1 唯一；本轮保留原映射。,"[""Culture""]"
Line producer,2,Culture,resolved,high,agent_semantic_review,负责影视项目每日生产执行，控制预算、拍摄进度、用工和制作资源。,"[""Culture""]"
Stage management,2,Culture,resolved,medium,agent_semantic_review,“Stage management”所指工作核心是提供明确的艺术、媒体或文化产业创作与制作服务，属于文化生产、表演或传播职能，归入Culture。,"[""Culture""]"
Typesetting,2,Culture,resolved,medium,agent_semantic_review,排版/照排将文字和图像编排成出版页面，是出版制作环节的文化生产工种。,"[""Culture""]"
Expert,2,,needs_context,low,agent_semantic_review,“Expert”只表示具备专长，没有指出专业领域或工作职责。,[]
Online Marketing Strategist,2,Other,resolved,high,agent_semantic_review,Plans web-based advertising and audience-acquisition campaigns; the role specializes in marketing execution and advice.,"[""Other""]"
Broadway Producer,2,Culture,resolved,medium,agent_semantic_review,百老汇制作人筹集资金、选择剧本并组建创作团队，监督排练、宣传和剧目商业演出。,"[""Culture""]"
Caterer,2,Other,resolved,high,agent_semantic_review,为活动或客户准备、运输和供应餐食，并安排服务人员与现场餐饮流程。,"[""Other""]"
Title Designer,2,Culture,resolved,medium,agent_semantic_review,“Title Designer”所指工作核心是创作或呈现艺术作品/现场表演，职业产出面向文化受众，属于文化生产、表演或传播职能，归入Culture。,"[""Culture""]"
Cultural Anthropologist,2,Discovery/Science,resolved,medium,agent_semantic_review,通过田野调查、访谈和民族志研究人群的文化实践、社会关系和生活方式。,"[""Discovery/Science""]"
Pilgrim Fathers,2,,needs_context,low,agent_semantic_review,这是历史群体/身份称谓，而非明确职业名称；文本没有提供可归类的工作职责。,[]
Tour promoter,2,Culture,resolved,medium,agent_semantic_review,“Tour promoter”所指工作核心是支持或统筹影视、广播、音乐及其他文化内容的制作、技术实现或发行，属于文化生产、表演或传播职能，归入Culture。,"[""Culture""]"
Mercenary,2,Leadership,retained_exact_unique,source_exact,author_exact_unique,完整职业词与作者规则精确一致，且规则候选 L1 唯一；本轮保留原映射。,"[""Leadership""]"
Ecommerce Consultant,2,,needs_context,low,agent_semantic_review,可提供电商经营或电商技术咨询，短语无法辨明主要职责。,"[""Leadership"",""Discovery/Science""]"
Theater Arts Educator,2,Culture,resolved,high,agent_semantic_review,戏剧艺术教育者教授表演、导演、舞台设计等戏剧课程，并指导学生制作或演出作品。,"[""Culture""]"
Senior lieutenant,2,Leadership,resolved,high,agent_semantic_review,“Senior lieutenant”的职责是在军队或公共安全体系履行指挥、军职或执法责任，对应公共治理、法律/军事/宗教权威或企业金融领导，归入Leadership。,"[""Leadership""]"
United States Naval Aviator,2,Leadership,resolved,medium,agent_semantic_review,驾驶海军飞机执行军事飞行任务、训练或舰载航空行动。,"[""Leadership""]"
Independent contractor,2,,needs_context,low,agent_semantic_review,这是雇佣/合同关系形式，不表明承包工作的职业领域。,"[""Culture"",""Discovery/Science"",""Leadership"",""Sports/Games"",""Other""]"
Pilot trainer,2,Discovery/Science,resolved,medium,agent_semantic_review,“Pilot trainer”从事的核心职责是以专门科学知识、学术研究、医疗服务或工程技术为主要职责，其工作属于知识发现、学术/医疗或技术开发，归入Discovery/Science。,"[""Discovery/Science""]"
Speech-language pathologist,2,Discovery/Science,resolved,medium,agent_semantic_review,诊断并治疗语言、发音、声音、流畅性或吞咽障碍，制定个体化康复方案。,"[""Discovery/Science""]"
Human Resources Officer,2,Other,resolved,medium,primary_semantic_adjudication,处理招聘、员工档案和人事行政事务，标签未给公司决策权或公共治理职责；与Recruitment Officer采用一致口径。,"[""Other""]"
Shipwright,2,Other,retained_exact_unique,source_exact,author_exact_unique,完整职业词与作者规则精确一致，且规则候选 L1 唯一；本轮保留原映射。,"[""Other""]"
Germanist,2,Discovery/Science,retained_exact_unique,source_exact,author_exact_unique,完整职业词与作者规则精确一致，且规则候选 L1 唯一；本轮保留原映射。,"[""Discovery/Science""]"
Lyric poet,2,Culture,resolved,medium,agent_semantic_review,“Lyric poet”所指工作核心是提供明确的艺术、媒体或文化产业创作与制作服务，属于文化生产、表演或传播职能，归入Culture。,"[""Culture""]"
Notary public,2,Leadership,resolved,medium,agent_semantic_review,核验签署人身份、见证文件签署并办理公证或宣誓等法定程序。,"[""Leadership""]"
Bassoonist,2,Culture,retained_exact_unique,source_exact,author_exact_unique,完整职业词与作者规则精确一致，且规则候选 L1 唯一；本轮保留原映射。,"[""Culture""]"
Lepidopterist,2,Discovery/Science,retained_exact_unique,source_exact,author_exact_unique,完整职业词与作者规则精确一致，且规则候选 L1 唯一；本轮保留原映射。,"[""Discovery/Science""]"
Software development,2,Discovery/Science,resolved,high,agent_semantic_review,Software development 编写、维护和交付软件程序，属于技术开发。,"[""Discovery/Science""]"
Financial planner,2,Other,resolved,medium,primary_semantic_adjudication,评估客户财务状况并制定储蓄、退休和投资规划，属于专业财务咨询服务，与Investment advisor采用一致口径。,"[""Other""]"
Councillor,2,Leadership,retained_exact_unique,source_exact,author_exact_unique,完整职业词与作者规则精确一致，且规则候选 L1 唯一；本轮保留原映射。,"[""Leadership""]"
Urologist,2,Discovery/Science,retained_exact_unique,source_exact,author_exact_unique,完整职业词与作者规则精确一致，且规则候选 L1 唯一；本轮保留原映射。,"[""Discovery/Science""]"
Oil Executive,2,Leadership,resolved,medium,agent_semantic_review,管理石油企业的业务、投资、生产或市场运营，并作出组织层面的经营决策。,"[""Leadership""]"
Demographer,2,Discovery/Science,retained_exact_unique,source_exact,author_exact_unique,完整职业词与作者规则精确一致，且规则候选 L1 唯一；本轮保留原映射。,"[""Discovery/Science""]"
Roboticist,2,Discovery/Science,resolved,high,agent_semantic_review,机器人学家设计、制造或编程机器人系统，测试传感器、控制和机械部件的协同工作。,"[""Discovery/Science""]"
Canadian football player,2,Sports/Games,resolved,high,agent_semantic_review,“Canadian football player”的工作直接围绕体育训练、竞技或比赛规则展开，具体职责是作为选手参加有规则的体育项目训练和竞技，归入Sports/Games。,"[""Sports/Games""]"
Didgeridooist,2,Culture,resolved,medium,agent_semantic_review,演奏迪吉里杜管，通过持续气流和节奏变化参与音乐表演。,"[""Culture""]"
Professional Wrestling Promoter,2,Sports/Games,resolved,medium,primary_semantic_adjudication,组织和推广职业摔角赛事，按体育赛事经营职能归类，与Wrestling Promoter同义。,"[""Sports/Games""]"
Draper,2,Other,retained_exact_unique,source_exact,author_exact_unique,完整职业词与作者规则精确一致，且规则候选 L1 唯一；本轮保留原映射。,"[""Other""]"
Homeopath,2,Discovery/Science,retained_exact_unique,source_exact,author_exact_unique,完整职业词与作者规则精确一致，且规则候选 L1 唯一；本轮保留原映射。,"[""Discovery/Science""]"
Travel Agent,2,Other,retained_exact_unique,source_exact,author_exact_unique,完整职业词与作者规则精确一致，且规则候选 L1 唯一；本轮保留原映射。,"[""Other""]"
Appraiser,2,Other,resolved,medium,agent_semantic_review,“Appraiser”是承担明确的日常服务、普通职业劳动或小规模经营职责的职业称谓，不属于艺术文化、科学技术、公共权力或竞技体育领域，归入Other。,"[""Other""]"
Window dresser,2,Culture,resolved,medium,agent_semantic_review,设计并布置商店橱窗和陈列空间，以展示商品并吸引顾客。,"[""Culture""]"
Editorial Writer,2,Culture,resolved,high,agent_semantic_review,社论作者围绕公共议题撰写机构立场文章或评论，向报刊读者阐释观点和论据。,"[""Culture""]"
Cabinet maker,2,Culture,retained_exact_unique,source_exact,author_exact_unique,完整职业词与作者规则精确一致，且规则候选 L1 唯一；本轮保留原映射。,"[""Culture""]"
Liaison officer,2,Leadership,resolved,high,agent_semantic_review,“Liaison officer”的职责是在军队或公共安全体系履行指挥、军职或执法责任，对应公共治理、法律/军事/宗教权威或企业金融领导，归入Leadership。,"[""Leadership""]"
Adjunct Professor,2,Discovery/Science,resolved,medium,agent_semantic_review,按课程合同教授大学课程、准备讲义并评估学生作业和考试。,"[""Discovery/Science""]"
Driller,2,Other,resolved,high,agent_semantic_review,操作钻机和相关工具，在勘探、采矿、建筑或能源作业中钻出规定孔洞。,"[""Other""]"
Turntablist,1,Culture,resolved,medium,agent_semantic_review,“Turntablist”所指工作核心是创作或呈现艺术作品/现场表演，职业产出面向文化受众，属于文化生产、表演或传播职能，归入Culture。,"[""Culture""]"
Commissioner of Baseball,1,Sports/Games,resolved,high,agent_semantic_review,棒球专员负责职业棒球联盟的赛事规则与联赛管理，属于体育竞赛治理职务。,"[""Sports/Games""]"
Payroll (Profession),1,Other,resolved,high,agent_semantic_review,薪资核算人员计算员工工资、扣款与税费，维护工资记录并安排薪款发放。,"[""Other""]"
Indologist,1,Discovery/Science,retained_exact_unique,source_exact,author_exact_unique,完整职业词与作者规则精确一致，且规则候选 L1 唯一；本轮保留原映射。,"[""Discovery/Science""]"
primary school headmaster,1,Discovery/Science,resolved,high,agent_semantic_review,"Leads a primary school’s educational program, staff, and student instruction; the core institution is academic education.","[""Discovery/Science""]"
glass artist,1,Culture,resolved,medium,agent_semantic_review,用吹制、熔融、切割或塑形等工艺创作玻璃艺术作品。,"[""Culture""]"
Open source/Internet technologist,1,Discovery/Science,resolved,high,agent_semantic_review,开发、部署或维护互联网及开放源代码软件技术，并处理相关系统和工具。,"[""Discovery/Science""]"
Master Quarrier,1,Other,resolved,medium,agent_semantic_review,“Master Quarrier”是承担明确的日常服务、普通职业劳动或小规模经营职责的职业称谓，不属于艺术文化、科学技术、公共权力或竞技体育领域，归入Other。,"[""Other""]"
Developer,1,Discovery/Science,retained_exact_unique,source_exact,author_exact_unique,完整职业词与作者规则精确一致，且规则候选 L1 唯一；本轮保留原映射。,"[""Discovery/Science""]"
Film Photographer,1,Culture,resolved,medium,agent_semantic_review,电影摄影师使用胶片摄影机拍摄电影画面，控制镜头、曝光和底片处理以形成影像。,"[""Culture""]"
Bellhop,1,Other,resolved,high,agent_semantic_review,在酒店迎接客人、搬运行李并引导其前往客房或酒店设施。,"[""Other""]"
Classical Indian Music Performer,1,Culture,resolved,medium,agent_semantic_review,“Classical Indian Music Performer”所指工作核心是创作或呈现艺术作品/现场表演，职业产出面向文化受众，属于文化生产、表演或传播职能，归入Culture。,"[""Culture""]"
Toxicologist,1,Discovery/Science,retained_exact_unique,source_exact,author_exact_unique,完整职业词与作者规则精确一致，且规则候选 L1 唯一；本轮保留原映射。,"[""Discovery/Science""]"
Cosmetics,1,,needs_context,low,agent_semantic_review,可指化妆品行业、商品或相关业务，并非明确岗位。,[]
Handmade soap,1,,needs_context,low,agent_semantic_review,这是手工皂产品/制作领域的短语，没有明确说明它表示制作者这一职业。,[]
Soap Maker,1,Other,resolved,medium,agent_semantic_review,“Soap Maker”是承担明确的日常服务、普通职业劳动或小规模经营职责的职业称谓，不属于艺术文化、科学技术、公共权力或竞技体育领域，归入Other。,"[""Other""]"
Audiologist,1,Discovery/Science,resolved,medium,agent_semantic_review,检查听力和平衡功能，诊断听觉障碍并提供听力康复、助听器评估或治疗服务。,"[""Discovery/Science""]"
Computer Graphics Animator,1,Culture,resolved,high,agent_semantic_review,计算机图形动画师制作数字角色、场景和运动，通过建模、绑定与动画帧形成动态图像。,"[""Culture""]"
Digital Marketing Consultant,1,Other,resolved,high,agent_semantic_review,Advises a business on planning and improving online advertising and customer acquisition campaigns; this is marketing consulting work.,"[""Other""]"
Fashion Illustrator,1,Culture,resolved,medium,agent_semantic_review,绘制服装款式、造型和时尚概念图，供设计、编辑或宣传使用。,"[""Culture""]"
Genetics Counselor,1,Discovery/Science,resolved,high,agent_semantic_review,收集家族史并解释遗传检测风险，帮助个人或家庭理解遗传疾病与生育选择。,"[""Discovery/Science""]"
Boom Operator,1,Culture,resolved,medium,agent_semantic_review,“Boom Operator”所指工作核心是支持或统筹影视、广播、音乐及其他文化内容的制作、技术实现或发行，属于文化生产、表演或传播职能，归入Culture。,"[""Culture""]"
Make-Up Designer,1,Culture,resolved,medium,agent_semantic_review,化妆设计师为舞台或影视角色设计妆容方案，选择材料并协调化妆实施以符合人物和镜头需求。,"[""Culture""]"
Nuclear Physicist,1,Discovery/Science,resolved,high,agent_semantic_review,研究原子核结构、核反应和放射性现象，通过实验或理论模型解释数据。,"[""Discovery/Science""]"
Orthodontist,1,Other,retained_exact_unique,source_exact,author_exact_unique,完整职业词与作者规则精确一致，且规则候选 L1 唯一；本轮保留原映射。,"[""Other""]"
Visual Effects Technician,1,Culture,resolved,medium,agent_semantic_review,“Visual Effects Technician”所指工作核心是支持或统筹影视、广播、音乐及其他文化内容的制作、技术实现或发行，属于文化生产、表演或传播职能，归入Culture。,"[""Culture""]"
Real Tennis Professional,1,Sports/Games,resolved,medium,agent_semantic_review,教授真实网球规则和技术，或以职业选手身份训练并参加真实网球赛事。,"[""Sports/Games""]"
Intellectual Historian,1,Discovery/Science,resolved,high,agent_semantic_review,思想史学家研究哲学、政治和社会观念在不同时代的形成与传播，利用文本和档案撰写研究。,"[""Discovery/Science""]"
Corrector,1,Culture,resolved,medium,agent_semantic_review,“Corrector”所指工作核心是提供明确的艺术、媒体或文化产业创作与制作服务，属于文化生产、表演或传播职能，归入Culture。,"[""Culture""]"
Plantation owner,1,Leadership,resolved,medium,agent_semantic_review,拥有并经营大型种植园或农业地产，安排土地、劳动力和作物生产经营。,"[""Leadership""]"
Milkmaid,1,Other,resolved,high,agent_semantic_review,挤奶并照料奶牛等产奶牲畜，处理牛奶收集和挤奶设备清洁。,"[""Other""]"
Sinologist,1,Discovery/Science,retained_exact_unique,source_exact,author_exact_unique,完整职业词与作者规则精确一致，且规则候选 L1 唯一；本轮保留原映射。,"[""Discovery/Science""]"
Babysitter,1,Other,resolved,medium,agent_semantic_review,“Babysitter”是提供标题所指的日常服务、运输、维修、照护、手工业或一般商业服务的职业称谓，不属于艺术文化、科学技术、公共权力或竞技体育领域，归入Other。,"[""Other""]"
Nurse practitioner,1,Discovery/Science,resolved,medium,agent_semantic_review,执业护士评估患者症状、诊断或处理常见健康问题，制定治疗方案并协调后续护理。,"[""Discovery/Science""]"
Diagnostic radiographer,1,Discovery/Science,resolved,high,agent_semantic_review,操作X光、CT等影像设备获取医学图像，并协助患者完成检查定位。,"[""Discovery/Science""]"
Hospital corpsman,1,Discovery/Science,resolved,medium,agent_semantic_review,“Hospital corpsman”从事的核心职责是以专门科学知识、学术研究、医疗服务或工程技术为主要职责，其工作属于知识发现、学术/医疗或技术开发，归入Discovery/Science。,"[""Discovery/Science""]"
Children's writer,1,Culture,resolved,medium,agent_semantic_review,为儿童创作故事、诗歌或知识读物，并按年龄读者调整语言和叙事。,"[""Culture""]"
VFX creative director,1,Culture,resolved,high,agent_semantic_review,视觉特效创意总监确定项目的特效风格和视觉概念，指导艺术家团队并审核关键镜头效果。,"[""Culture""]"
Construction Foreman,1,Other,resolved,medium,agent_semantic_review,“Construction Foreman”是承担明确的日常服务、普通职业劳动或小规模经营职责的职业称谓，不属于艺术文化、科学技术、公共权力或竞技体育领域，归入Other。,"[""Other""]"
Parson,1,Leadership,retained_exact_unique,source_exact,author_exact_unique,完整职业词与作者规则精确一致，且规则候选 L1 唯一；本轮保留原映射。,"[""Leadership""]"
Grammarian,1,Discovery/Science,retained_exact_unique,source_exact,author_exact_unique,完整职业词与作者规则精确一致，且规则候选 L1 唯一；本轮保留原映射。,"[""Discovery/Science""]"
Graphic Artist (Film job) #1,1,Culture,resolved,medium,agent_semantic_review,为电影制作标题卡、片头图形或画面内平面视觉元素。,"[""Culture""]"
Gerontologist,1,Discovery/Science,retained_exact_unique,source_exact,author_exact_unique,完整职业词与作者规则精确一致，且规则候选 L1 唯一；本轮保留原映射。,"[""Discovery/Science""]"
Costume Supervisor,1,Culture,resolved,high,agent_semantic_review,管理影视或舞台服装部门，采购、制作、试装并维护演出所需服装。,"[""Culture""]"
Software Engineering,1,Discovery/Science,resolved,medium,agent_semantic_review,“Software Engineering”从事的核心职责是从事专业教学、技术设计开发、测试或学术研究，其工作属于知识发现、学术/医疗或技术开发，归入Discovery/Science。,"[""Discovery/Science""]"
Certified Sex Therapist,1,Discovery/Science,resolved,medium,agent_semantic_review,认证性治疗师评估来访者的性健康困扰，通过专业咨询和治疗方法协助改善关系、功能或心理压力。,"[""Discovery/Science""]"
Headmaster,1,Leadership,retained_exact_unique,source_exact,author_exact_unique,完整职业词与作者规则精确一致，且规则候选 L1 唯一；本轮保留原映射。,"[""Leadership""]"
Silent Film Actress,1,Culture,resolved,high,agent_semantic_review,在无声电影中通过面部表情和肢体动作塑造角色并完成镜头表演。,"[""Culture""]"
Majordomo,1,Other,resolved,medium,agent_semantic_review,“Majordomo”是承担明确的日常服务、普通职业劳动或小规模经营职责的职业称谓，不属于艺术文化、科学技术、公共权力或竞技体育领域，归入Other。,"[""Other""]"
Makeup Effects Artist,1,Culture,resolved,medium,agent_semantic_review,为影视或舞台演员制作并施用伤痕、怪物、老化等特殊化妆和假体效果。,"[""Culture""]"
Special Makeup Effects Artist,1,Culture,resolved,high,agent_semantic_review,特效化妆艺术家制作并应用假体、伤口、怪物或老化妆效，配合影视/舞台角色造型拍摄。,"[""Culture""]"
supermarket executive,1,Leadership,resolved,high,agent_semantic_review,“supermarket executive”的职责是承担机构治理、金融资本配置、商业经营管理或政治公共事务职责，对应公共治理、法律/军事/宗教权威或企业金融领导，归入Leadership。,"[""Leadership""]"
United States Post Office Department,1,,needs_context,low,agent_semantic_review,这是美国联邦邮政部门机构名称，而非个人职业。,"[""Leadership"",""Other""]"
FLMI,1,,needs_context,low,agent_semantic_review,FLMI 是保险业教育/专业资格称号，而非足以判定具体岗位的职业名称；持证者可能从事不同职责。,"[""Leadership"",""Other""]"
Rock Climber,1,Sports/Games,resolved,high,agent_semantic_review,“Rock Climber”的工作直接围绕体育训练、竞技或比赛规则展开，具体职责是作为选手参加有规则的体育项目训练和竞技，归入Sports/Games。,"[""Sports/Games""]"
Fashion Director,1,Culture,resolved,medium,agent_semantic_review,确定时尚品牌或出版物的视觉风格，指导造型、拍摄和服饰内容呈现。,"[""Culture""]"
Muezzin,1,Leadership,resolved,high,agent_semantic_review,Muezzin 在清真寺宣诵每日礼拜的宣礼词，承担宗教礼仪职务，归入 Leadership。,"[""Leadership""]"
Scout,1,Other,retained_exact_unique,source_exact,author_exact_unique,完整职业词与作者规则精确一致，且规则候选 L1 唯一；本轮保留原映射。,"[""Other""]"
Rural Mail Carrier,1,Other,resolved,medium,agent_semantic_review,“Rural Mail Carrier”是提供标题所指的日常服务、运输、维修、照护、手工业或一般商业服务的职业称谓，不属于艺术文化、科学技术、公共权力或竞技体育领域，归入Other。,"[""Other""]"
Light Artist,1,Culture,resolved,medium,agent_semantic_review,以灯光、投影或发光装置创作艺术作品，并设计作品在展览空间中的呈现。,"[""Culture""]"
Child Psychologist,1,Discovery/Science,resolved,high,agent_semantic_review,儿童心理学家评估儿童的认知、情绪和行为发展，为儿童及家庭提供心理干预或咨询。,"[""Discovery/Science""]"
Colourist,1,Culture,retained_exact_unique,source_exact,author_exact_unique,完整职业词与作者规则精确一致，且规则候选 L1 唯一；本轮保留原映射。,"[""Culture""]"
Online Marketing Consultant,1,Other,resolved,high,agent_semantic_review,"Advises clients on web promotion, search reach, and online campaign choices; this is a consulting service.","[""Other""]"
Senior Consultant,1,,needs_context,low,agent_semantic_review,咨询顾问的服务领域未说明，可能为企业管理或专业技术咨询。,"[""Leadership"",""Discovery/Science""]"
Grip,1,Culture,resolved,high,agent_semantic_review,影视片场 Grip 搭建和操作摄影机支撑、轨道及照明设备，属于影视制作技术工种。,"[""Culture""]"
Wool classing,1,Other,resolved,medium,agent_semantic_review,“Wool classing”是承担明确的日常服务、普通职业劳动或小规模经营职责的职业称谓，不属于艺术文化、科学技术、公共权力或竞技体育领域，归入Other。,"[""Other""]"
Lightworker,1,,needs_context,low,agent_semantic_review,新纪元灵性自称语义开放，可指治疗、教学、倡议或创作，无法由该词确定实际职责。,"[""Culture"",""Discovery/Science"",""Leadership"",""Other""]"
Plantsman,1,Other,resolved,high,agent_semantic_review,Plantsman 指熟悉园艺植物与栽培的园艺专家；按园艺栽培这一普通职业职能归 Other。,"[""Other""]"
Dermatology,1,Discovery/Science,resolved,medium,agent_semantic_review,“Dermatology”从事的核心职责是运用医学专业知识提供诊断、治疗、护理或健康服务，其工作属于知识发现、学术/医疗或技术开发，归入Discovery/Science。,"[""Discovery/Science""]"
Taxidermist,1,Other,resolved,medium,agent_semantic_review,处理和保存动物皮毛、羽毛或标本，并制作展示用的仿生动物模型。,"[""Other""]"
Astrobiologist,1,Discovery/Science,resolved,high,agent_semantic_review,研究地球以外生命存在的可能性及生命在宇宙中的起源、演化和环境条件。,"[""Discovery/Science""]"
Planetary scientist,1,Discovery/Science,resolved,medium,agent_semantic_review,“Planetary scientist”从事的核心职责是开展该学科的研究、证据分析与知识产出，其工作属于知识发现、学术/医疗或技术开发，归入Discovery/Science。,"[""Discovery/Science""]"
Clinician,1,Discovery/Science,retained_exact_unique,source_exact,author_exact_unique,完整职业词与作者规则精确一致，且规则候选 L1 唯一；本轮保留原映射。,"[""Discovery/Science""]"
Event planner,1,Culture,retained_exact_unique,source_exact,author_exact_unique,完整职业词与作者规则精确一致，且规则候选 L1 唯一；本轮保留原映射。,"[""Culture""]"
Massage therapist,1,Discovery/Science,resolved,medium,agent_semantic_review,按摩治疗师通过按压、揉捏等手法处理软组织，帮助缓解肌肉紧张、疼痛或活动受限。,"[""Discovery/Science""]"
Canine Professional,1,,needs_context,low,agent_semantic_review,该泛称可能指犬类训练、护理、饲养或其他犬业工作，不能由此确定具体职责类别。,"[""Sports/Games"",""Other""]"
Tenor Saxophonist,1,Culture,resolved,medium,agent_semantic_review,“Tenor Saxophonist”所指工作核心是提供明确的艺术、媒体或文化产业创作与制作服务，属于文化生产、表演或传播职能，归入Culture。,"[""Culture""]"
Hitman,1,Other,retained_exact_unique,source_exact,author_exact_unique,完整职业词与作者规则精确一致，且规则候选 L1 唯一；本轮保留原映射。,"[""Other""]"
Speculative writer,1,Culture,resolved,medium,agent_semantic_review,创作科幻、奇幻或其他假想世界题材的小说、故事或剧本。,"[""Culture""]"
Tokoyama,1,Other,resolved,medium,primary_semantic_adjudication,为相扑运动员梳理和制作传统发髻的专门理发师；工作核心是发型护理而非参加或执裁竞赛。,"[""Other""]"
Web design,1,Culture,resolved,medium,agent_semantic_review,“Web design”所指工作核心是提供明确的艺术、媒体或文化产业创作与制作服务，属于文化生产、表演或传播职能，归入Culture。,"[""Culture""]"
Art therapist,1,Discovery/Science,resolved,medium,agent_semantic_review,运用绘画、雕塑等艺术活动帮助来访者表达情绪，并配合治疗目标评估身心状态。,"[""Discovery/Science""]"
Horologist,1,Culture,retained_exact_unique,source_exact,author_exact_unique,完整职业词与作者规则精确一致，且规则候选 L1 唯一；本轮保留原映射。,"[""Culture""]"
Poltician,1,Leadership,resolved,high,agent_semantic_review,原值“Poltician”是 politician 的明显拼写误差；按政治人物的公共治理职责归 Leadership。,"[""Leadership""]"
Information scientist,1,Discovery/Science,resolved,medium,agent_semantic_review,“Information scientist”从事的核心职责是开展该学科的研究、证据分析与知识产出，其工作属于知识发现、学术/医疗或技术开发，归入Discovery/Science。,"[""Discovery/Science""]"
Prison officer,1,Leadership,resolved,medium,agent_semantic_review,监狱看守监督在押人员、检查牢房并维护秩序，执行押送和安全管理规定。,"[""Leadership""]"
Sketch Artist,1,Culture,resolved,high,agent_semantic_review,绘制人物、场景或概念草图，用于创作、设计、新闻或调查记录。,"[""Culture""]"
Production coordinator,1,Culture,resolved,medium,agent_semantic_review,“Production coordinator”所指工作核心是支持或统筹影视、广播、音乐及其他文化内容的制作、技术实现或发行，属于文化生产、表演或传播职能，归入Culture。,"[""Culture""]"
Griot,1,Culture,retained_exact_unique,source_exact,author_exact_unique,完整职业词与作者规则精确一致，且规则候选 L1 唯一；本轮保留原映射。,"[""Culture""]"
Non-commissioned officer,1,Leadership,resolved,medium,agent_semantic_review,担任军士等士官军衔，带领基层士兵、执行训练并落实部队日常纪律和任务。,"[""Leadership""]"
Artistic Director (Job title),1,Culture,resolved,high,agent_semantic_review,艺术总监制定机构或制作项目的艺术方向，选择作品和创作者并统筹节目或展览计划。,"[""Culture""]"
College Student,1,,needs_context,low,agent_semantic_review,"Student is an education status, not a completed occupational role.","[""Discovery/Science""]"
Music Programmer,1,Culture,resolved,medium,agent_semantic_review,在广播或流媒体岗位中策划歌单、选择并安排播放曲目；在录音制作岗位中则用合成器和音序软件编排数字声部，两种工作都直接塑造音乐内容。,"[""Culture""]"
Cavalryman,1,Leadership,resolved,high,agent_semantic_review,作为骑兵或骑兵部队成员执行侦察、机动作战及军事任务。,"[""Leadership""]"
"Commanding General, Multi-National Force - Iraq",1,Leadership,resolved,high,agent_semantic_review,"“Commanding General, Multi-National Force - Iraq”的职责是在军队或公共安全体系履行指挥、军职或执法责任，对应公共治理、法律/军事/宗教权威或企业金融领导，归入Leadership。","[""Leadership""]"
Psychedelic art,1,,needs_context,low,agent_semantic_review,指一种艺术风格/运动而非岗位；如该字段要求职业类别，需进一步确认其映射含义。,"[""Culture""]"
Industrial Supplies Merchant Wholesalers,1,,needs_context,low,primary_semantic_adjudication,此值像工业用品批发的行业分类而非明确个人岗位，无法区分一般销售服务与公司经营管理。,"[""Other"", ""Leadership""]"
Car Worker,1,Other,resolved,medium,agent_semantic_review,“Car Worker”是提供标题所指的日常服务、运输、维修、照护、手工业或一般商业服务的职业称谓，不属于艺术文化、科学技术、公共权力或竞技体育领域，归入Other。,"[""Other""]"
Deli Manager,1,Other,resolved,medium,agent_semantic_review,熟食店经理负责小型零售餐饮店的排班、库存与日常服务，不是大型企业治理职位。,"[""Other""]"
Historian of Photography,1,Discovery/Science,resolved,high,agent_semantic_review,摄影史研究者研究摄影媒介、作品和历史脉络，属于学术研究而非摄影创作岗位。,"[""Discovery/Science""]"
Horse trader,1,Other,resolved,medium,agent_semantic_review,“Horse trader”是提供标题所指的日常服务、运输、维修、照护、手工业或一般商业服务的职业称谓，不属于艺术文化、科学技术、公共权力或竞技体育领域，归入Other。,"[""Other""]"
Swimming coach,1,Sports/Games,resolved,medium,agent_semantic_review,安排游泳训练计划，纠正泳姿、转身和配速，并带队准备比赛。,"[""Sports/Games""]"
Merchant navy,1,,needs_context,low,primary_semantic_adjudication,商船队/商船海员群体的泛称，未指明船上技术、运输服务或企业经营职责，暂不强定单类。,"[""Other"", ""Leadership"", ""Discovery/Science""]"
Script coordinator,1,Culture,resolved,medium,agent_semantic_review,“Script coordinator”所指工作核心是支持或统筹影视、广播、音乐及其他文化内容的制作、技术实现或发行，属于文化生产、表演或传播职能，归入Culture。,"[""Culture""]"
"musician, mastering engineer",1,Culture,resolved,medium,agent_semantic_review,音乐人兼母带工程师演奏或创作音乐，并对最终混音进行母带处理、响度平衡和音质校正。,"[""Culture""]"
Special Effects Creator,1,Culture,resolved,high,agent_semantic_review,为影视或舞台制作设计并实现机械、化学或视觉特效效果。,"[""Culture""]"
Teamster,1,Other,retained_exact_unique,source_exact,author_exact_unique,完整职业词与作者规则精确一致，且规则候选 L1 唯一；本轮保留原映射。,"[""Other""]"
Environmental Writer,1,Culture,resolved,medium,agent_semantic_review,“Environmental Writer”所指工作核心是采访、撰写、编辑、评论或向公众传播文化/媒体内容，属于文化生产、表演或传播职能，归入Culture。,"[""Culture""]"
Karate Instructor,1,Sports/Games,resolved,medium,agent_semantic_review,教授空手道基本动作、套路和对练，安排训练并指导学员参加考试或比赛。,"[""Sports/Games""]"
Dormitory Matron,1,Other,resolved,high,agent_semantic_review,宿舍舍监安排住宿规则和日常管理，巡查宿舍、处理住户问题并协调清洁或值班人员。,"[""Other""]"
Fashion Consultant,1,Culture,resolved,medium,agent_semantic_review,“Fashion Consultant”所指工作核心是提供明确的艺术、媒体或文化产业创作与制作服务，属于文化生产、表演或传播职能，归入Culture。,"[""Culture""]"
Product Designer,1,Culture,resolved,medium,primary_semantic_adjudication,构思产品的形态、功能和使用体验；本轮按设计职业归Culture，区别于明确从事研发的Design Engineer。,"[""Culture""]"
Seashore Hotel,1,,needs_context,low,agent_semantic_review,该值看似酒店名称或住宿业务实体，而非个人职业名称，不能据此归入 L1。,[]
Deputy mayor,1,Leadership,resolved,high,agent_semantic_review,“Deputy mayor”的职责是参与公共政策、政治组织、外交或社会倡议的决策和协调，对应公共治理、法律/军事/宗教权威或企业金融领导，归入Leadership。,"[""Leadership""]"
System Administrator,1,Discovery/Science,resolved,medium,agent_semantic_review,配置服务器和账户权限，监控系统运行并维护组织计算机网络和数据服务。,"[""Discovery/Science""]"
Agricultural Agent,1,,needs_context,low,agent_semantic_review,可能指农业推广顾问、商业代理或政府农业职员，职责语境不足以在学术、治理或普通服务之间判定。,"[""Discovery/Science"",""Leadership"",""Other""]"
Metalsmith,1,Other,resolved,medium,agent_semantic_review,“Metalsmith”是承担明确的日常服务、普通职业劳动或小规模经营职责的职业称谓，不属于艺术文化、科学技术、公共权力或竞技体育领域，归入Other。,"[""Other""]"
machineworker,1,Other,resolved,medium,agent_semantic_review,在工厂操作或维护机器设备，按工艺要求加工材料或生产零部件。,"[""Other""]"
Director of Special Effects,1,Culture,resolved,high,agent_semantic_review,特效总监负责规划并监督影视作品中的视觉/物理特效制作，属于影视制作职能。,"[""Culture""]"
Film cinematographer,1,Culture,resolved,medium,agent_semantic_review,“Film cinematographer”所指工作核心是创作或呈现艺术作品/现场表演，职业产出面向文化受众，属于文化生产、表演或传播职能，归入Culture。,"[""Culture""]"
Distillery Worker,1,Other,resolved,medium,agent_semantic_review,酿酒厂工人操作发酵、蒸馏、过滤或装瓶设备，清洁生产线并协助制作酒类产品。,"[""Other""]"
Logger,1,Other,resolved,high,agent_semantic_review,砍伐树木并将木材切割、装载和运出林区。,"[""Other""]"
Company Secretary,1,Leadership,resolved,high,agent_semantic_review,“Company Secretary”的职责是承担机构治理、金融资本配置、商业经营管理或政治公共事务职责，对应公共治理、法律/军事/宗教权威或企业金融领导，归入Leadership。,"[""Leadership""]"
Cognitive Psychologist,1,Discovery/Science,resolved,high,agent_semantic_review,认知心理学家研究记忆、注意、学习等心理过程，属于科学/学术研究。,"[""Discovery/Science""]"
Gymnastics Teacher,1,Sports/Games,resolved,high,agent_semantic_review,教授体操课程和器械动作，安排学生练习并监督动作安全与技能进度。,"[""Sports/Games""]"
Courtesan,1,Leadership,retained_exact_unique,source_exact,author_exact_unique,完整职业词与作者规则精确一致，且规则候选 L1 唯一；本轮保留原映射。,"[""Leadership""]"
Clinical Systems Analyst,1,Discovery/Science,resolved,medium,agent_semantic_review,“Clinical Systems Analyst”从事的核心职责是从事专业教学、技术设计开发、测试或学术研究，其工作属于知识发现、学术/医疗或技术开发，归入Discovery/Science。,"[""Discovery/Science""]"
Occupational Therapy Educator,1,Discovery/Science,resolved,medium,agent_semantic_review,职业治疗教育者讲授职业治疗理论和临床方法，设计课程并指导学生进行实习训练。,"[""Discovery/Science""]"
Surgical Nurse,1,Discovery/Science,resolved,high,agent_semantic_review,在手术前后照护患者，准备器械并协助手术团队维持无菌和安全流程。,"[""Discovery/Science""]"
Child Psychiatrist,1,Discovery/Science,resolved,medium,agent_semantic_review,“Child Psychiatrist”从事的核心职责是运用医学专业知识提供诊断、治疗、护理或健康服务，其工作属于知识发现、学术/医疗或技术开发，归入Discovery/Science。,"[""Discovery/Science""]"
Drama Critic,1,Culture,resolved,medium,agent_semantic_review,观看戏剧演出并撰写评论，分析剧本、表演、导演和舞台制作效果。,"[""Culture""]"
Automotive design,1,Culture,resolved,medium,primary_semantic_adjudication,汽车外形、产品形态与使用体验的设计领域，按作者designer与本轮Industrial designer口径归Culture；未明确研发工程师职务。,"[""Culture""]"
Electrical contractor,1,Other,resolved,medium,agent_semantic_review,“Electrical contractor”是提供标题所指的日常服务、运输、维修、照护、手工业或一般商业服务的职业称谓，不属于艺术文化、科学技术、公共权力或竞技体育领域，归入Other。,"[""Other""]"
Transient laborer,1,Other,resolved,medium,agent_semantic_review,临时劳工在短期或流动工作中承担搬运、施工、农务等体力任务，随项目更换雇主或地点。,"[""Other""]"
First Assistant Director,1,Culture,resolved,high,agent_semantic_review,协助导演制定拍摄计划、管理片场秩序并协调演员与各部门按通告执行。,"[""Culture""]"
Assistant Director,1,Culture,resolved,medium,agent_semantic_review,“Assistant Director”所指工作核心是支持或统筹影视、广播、音乐及其他文化内容的制作、技术实现或发行，属于文化生产、表演或传播职能，归入Culture。,"[""Culture""]"
port worker,1,Other,resolved,medium,agent_semantic_review,在港口装卸、搬运、仓储或维护货物和码头设备，支持船舶靠泊作业。,"[""Other""]"
Stage combat,1,Culture,resolved,high,agent_semantic_review,Stage combat 是舞台/影视表演中的编排式打斗设计和排演，属于表演制作。,"[""Culture""]"
Woodcutter,1,Other,resolved,medium,agent_semantic_review,“Woodcutter”是提供标题所指的日常服务、运输、维修、照护、手工业或一般商业服务的职业称谓，不属于艺术文化、科学技术、公共权力或竞技体育领域，归入Other。,"[""Other""]"
Aeronautics instructor,1,Discovery/Science,resolved,medium,agent_semantic_review,航空学教师讲授飞行、航空工程或空气动力学知识，准备课程、实验和学生训练。,"[""Discovery/Science""]"
Pool Player,1,Sports/Games,resolved,high,agent_semantic_review,参加台球比赛，运用球杆击球、控制母球位置并按规则完成局面。,"[""Sports/Games""]"
Bioengineer,1,Discovery/Science,resolved,medium,agent_semantic_review,“Bioengineer”从事的核心职责是从事专业教学、技术设计开发、测试或学术研究，其工作属于知识发现、学术/医疗或技术开发，归入Discovery/Science。,"[""Discovery/Science""]"
Cornerman,1,Sports/Games,resolved,medium,agent_semantic_review,在拳击或格斗比赛间歇为选手递水、处理伤情、提供战术建议并协助教练团队。,"[""Sports/Games""]"
Carmelite Friar,1,Leadership,resolved,high,agent_semantic_review,加尔默罗会修士遵守修会生活和祈祷规范，参与宗教礼仪、共同体服务或牧灵工作。,"[""Leadership""]"
Federal Government of Canada,1,,needs_context,low,agent_semantic_review,"This is the name of a government institution, not an individual occupational role.",[]
Buccaneer,1,Other,resolved,medium,agent_semantic_review,历史上从事海上掠夺或受私掠许可袭击敌对船只，属于海盗/犯罪身份。,"[""Other""]"
Assayer,1,Discovery/Science,resolved,high,agent_semantic_review,取样并检测矿石、金属或贵金属的成分与纯度，出具化验或品位结果。,"[""Discovery/Science""]"
Frame Gilder,1,Culture,resolved,medium,agent_semantic_review,“Frame Gilder”所指工作核心是提供明确的艺术、媒体或文化产业创作与制作服务，属于文化生产、表演或传播职能，归入Culture。,"[""Culture""]"
Maritime Archaeologist,1,Discovery/Science,resolved,medium,agent_semantic_review,海事考古学家调查、测绘和发掘沉船及水下遗址，记录并保护文物以研究航海历史。,"[""Discovery/Science""]"
Clasics Violin Teacher,1,Culture,resolved,high,agent_semantic_review,教授古典小提琴演奏、读谱和乐曲诠释，通过练习纠正技巧并培养表演能力。,"[""Culture""]"
Fencing master,1,Sports/Games,resolved,high,agent_semantic_review,“Fencing master”的工作直接围绕体育训练、竞技或比赛规则展开，具体职责是参与体育项目的训练、竞技或赛事组织，归入Sports/Games。,"[""Sports/Games""]"
Deacon,1,Leadership,retained_exact_unique,source_exact,author_exact_unique,完整职业词与作者规则精确一致，且规则候选 L1 唯一；本轮保留原映射。,"[""Leadership""]"
Herpetologist,1,Discovery/Science,retained_exact_unique,source_exact,author_exact_unique,完整职业词与作者规则精确一致，且规则候选 L1 唯一；本轮保留原映射。,"[""Discovery/Science""]"
Cavalry Officer,1,Leadership,resolved,medium,agent_semantic_review,指挥或管理骑兵部队，组织训练、部署机动单位并执行军事命令。,"[""Leadership""]"
Go professional,1,Sports/Games,retained_exact_unique,source_exact,author_exact_unique,完整职业词与作者规则精确一致，且规则候选 L1 唯一；本轮保留原映射。,"[""Sports/Games""]"
PR Expert,1,Culture,resolved,high,agent_semantic_review,公关专家为客户制定传播与声誉策略，撰写对外信息、回应媒体并处理公共沟通问题。,"[""Culture""]"
Mastering engineer,1,Culture,resolved,medium,agent_semantic_review,“Mastering engineer”所指工作核心是支持或统筹影视、广播、音乐及其他文化内容的制作、技术实现或发行，属于文化生产、表演或传播职能，归入Culture。,"[""Culture""]"
Mercer,1,Other,retained_exact_unique,source_exact,author_exact_unique,完整职业词与作者规则精确一致，且规则候选 L1 唯一；本轮保留原映射。,"[""Other""]"
Metallurgist,1,Other,retained_exact_unique,source_exact,author_exact_unique,完整职业词与作者规则精确一致，且规则候选 L1 唯一；本轮保留原映射。,"[""Other""]"
Herald,1,,needs_context,low,agent_semantic_review,可指历史上的纹章官/使者，也可能是报刊名称或现代媒体岗位，需语境。,"[""Leadership"",""Culture""]"
Rum-running,1,Other,resolved,high,agent_semantic_review,在禁酒或管制时期秘密运输、销售酒类以逃避法律检查。,"[""Other""]"
Speculator,1,Leadership,retained_exact_unique,source_exact,author_exact_unique,完整职业词与作者规则精确一致，且规则候选 L1 唯一；本轮保留原映射。,"[""Leadership""]"
Upholsterer,1,Other,resolved,medium,agent_semantic_review,“Upholsterer”是承担明确的日常服务、普通职业劳动或小规模经营职责的职业称谓，不属于艺术文化、科学技术、公共权力或竞技体育领域，归入Other。,"[""Other""]"
Neurobiologist,1,Discovery/Science,resolved,high,agent_semantic_review,神经生物学家研究神经系统的结构与功能，属于生命科学研究。,"[""Discovery/Science""]"
Shoemaking,1,Other,resolved,high,agent_semantic_review,裁切鞋面和鞋底材料并进行缝合、粘合或修整，制作或修理鞋履。,"[""Other""]"
Toy maker,1,Other,retained_exact_unique,source_exact,author_exact_unique,完整职业词与作者规则精确一致，且规则候选 L1 唯一；本轮保留原映射。,"[""Other""]"
Administrator,1,Leadership,retained_exact_unique,source_exact,author_exact_unique,完整职业词与作者规则精确一致，且规则候选 L1 唯一；本轮保留原映射。,"[""Leadership""]"
Apothecary,1,Discovery/Science,retained_exact_unique,source_exact,author_exact_unique,完整职业词与作者规则精确一致，且规则候选 L1 唯一；本轮保留原映射。,"[""Discovery/Science""]"
Church of Aphrodite,1,,needs_context,low,agent_semantic_review,This is an organization/religious affiliation label rather than a defined occupation.,[]
Clinical Psychiatrist,1,Discovery/Science,resolved,high,agent_semantic_review,临床精神科医师诊断和治疗精神障碍，属于医疗专业服务。,"[""Discovery/Science""]"
Landscaper,1,Other,retained_exact_unique,source_exact,author_exact_unique,完整职业词与作者规则精确一致，且规则候选 L1 唯一；本轮保留原映射。,"[""Other""]"
Multi Media Artist,1,Culture,resolved,high,agent_semantic_review,多媒体艺术家综合影像、声音、数字技术和装置材料创作跨媒介艺术作品。,"[""Culture""]"
Business Manager,1,Leadership,resolved,high,agent_semantic_review,“Business Manager”的职责是承担机构治理、金融资本配置、商业经营管理或政治公共事务职责，对应公共治理、法律/军事/宗教权威或企业金融领导，归入Leadership。,"[""Leadership""]"
Proofreader,1,Culture,resolved,medium,agent_semantic_review,逐字检查稿件中的拼写、标点、格式和排版错误，确保出版文件准确一致。,"[""Culture""]"
Security Firm Chief,1,Leadership,resolved,medium,agent_semantic_review,经营私人安保公司，管理安保人员、客户合同、现场服务和公司运营。,"[""Leadership""]"
Backing vocalist,1,Culture,resolved,medium,agent_semantic_review,“Backing vocalist”所指工作核心是创作或呈现艺术作品/现场表演，职业产出面向文化受众，属于文化生产、表演或传播职能，归入Culture。,"[""Culture""]"
Joomla developer,1,Discovery/Science,resolved,medium,agent_semantic_review,Joomla开发者使用Joomla内容管理系统搭建网站、开发扩展并维护网站功能和安全。,"[""Discovery/Science""]"
Trampoline Gymnast,1,Sports/Games,resolved,high,agent_semantic_review,在蹦床上完成翻腾、转体和空中动作并参加体操比赛评分。,"[""Sports/Games""]"
Intendant,1,Leadership,retained_exact_unique,source_exact,author_exact_unique,完整职业词与作者规则精确一致，且规则候选 L1 唯一；本轮保留原映射。,"[""Leadership""]"
UI Designer,1,Culture,resolved,medium,agent_semantic_review,“UI Designer”所指工作核心是创作或呈现艺术作品/现场表演，职业产出面向文化受众，属于文化生产、表演或传播职能，归入Culture。,"[""Culture""]"
Events Organiser,1,Other,resolved,medium,agent_semantic_review,规划活动流程、场地、预算、供应商和人员安排，确保会议、庆典或公众活动按时进行。,"[""Other""]"
Professor (Profession) #40,1,Discovery/Science,resolved,high,agent_semantic_review,教授讲授大学课程、开展学科研究并指导学生；此泛称没有说明具体学科。,"[""Discovery/Science""]"
Conversion rate optimization specialist,1,Other,resolved,high,agent_semantic_review,Tests website pages and purchase or sign-up flows to improve the share of visitors who complete a target action; this is a digital marketing service.,"[""Other""]"
Recording Director,1,Culture,resolved,medium,agent_semantic_review,指导录音项目的演奏表现、录制流程和选取版本，确保录音符合艺术目标。,"[""Culture""]"
Escapology,1,Culture,resolved,high,agent_semantic_review,Escapology 指表演者从束缚或机关中脱身的魔术/杂技表演形式，属于娱乐表演。,"[""Culture""]"
Jazz guitarist,1,Culture,resolved,medium,agent_semantic_review,“Jazz guitarist”所指工作核心是创作或呈现艺术作品/现场表演，职业产出面向文化受众，属于文化生产、表演或传播职能，归入Culture。,"[""Culture""]"
Neurosurgery,1,,needs_context,low,agent_semantic_review,神经外科可指医学专科或临床服务领域，未明确是外科医师职位。,"[""Discovery/Science""]"
Recruitment Officer,1,Other,resolved,high,agent_semantic_review,Recruitment Officer 负责筛选候选人、协调面试与招聘流程，是普通人事服务岗位，不承担治理职务。,"[""Other""]"
Houseware designer,1,Culture,resolved,medium,agent_semantic_review,“Houseware designer”所指工作核心是创作或呈现艺术作品/现场表演，职业产出面向文化受众，属于文化生产、表演或传播职能，归入Culture。,"[""Culture""]"
Prima donna,1,Culture,resolved,medium,agent_semantic_review,作为歌剧或歌唱演出中的首席女高音/主要女歌手排演并演唱核心角色。,"[""Culture""]"
Benshi,1,Culture,resolved,high,agent_semantic_review,Benshi 是日本无声电影现场讲述/解释影片的表演者，属于电影文化传播。,"[""Culture""]"
internet business consultant,1,Other,resolved,high,agent_semantic_review,Advises clients on operating or improving an internet business; the title does not establish ownership or executive authority.,"[""Other""]"
Military Strategist,1,Leadership,resolved,medium,agent_semantic_review,军事战略家评估作战目标、资源与对手能力，制定军事行动方案并向指挥层提出建议。,"[""Leadership""]"
Reverand,1,Leadership,resolved,high,agent_semantic_review,主持宗教礼拜、讲道并为信众提供宗教指导或牧灵服务。,"[""Leadership""]"
High Court Judge,1,Leadership,resolved,high,agent_semantic_review,“High Court Judge”的职责是提供法律意见、代理当事人或行使司法/公证职权，对应公共治理、法律/军事/宗教权威或企业金融领导，归入Leadership。,"[""Leadership""]"
Reconnaissance,1,,needs_context,low,agent_semantic_review,侦察是军事/情报任务领域，未说明执行者职位或具体岗位。,"[""Leadership"",""Other""]"
Machine Tool operator,1,Other,resolved,high,agent_semantic_review,设置并操作车床、铣床或其他机床，切削、钻孔或成形工件至规定尺寸。,"[""Other""]"
Pharmaceutical Entrepreneur,1,Leadership,resolved,high,agent_semantic_review,“Pharmaceutical Entrepreneur”的职责是承担机构治理、金融资本配置、商业经营管理或政治公共事务职责，对应公共治理、法律/军事/宗教权威或企业金融领导，归入Leadership。,"[""Leadership""]"
First Lady of Chile,1,Other,resolved,medium,agent_semantic_review,该词通常指智利国家领导人配偶的礼仪/家庭身份；未表示本人担任政府官职或政策职务。,"[""Other""]"
Shock jock,1,Culture,resolved,high,agent_semantic_review,争议型电台主持人主持广播节目，刻意发表可能冒犯听众的意见或言论以制造话题。,"[""Culture""]"
Road agent,1,,needs_context,low,agent_semantic_review,The historical term can refer to a highway robber or an itinerant commercial representative; the sense is unresolved.,"[""Other"",""Leadership""]"
Theatre consultant,1,Culture,resolved,medium,agent_semantic_review,为剧院或演出项目提供剧目、制作、场地或运营方面的专业建议。,"[""Culture""]"
Faqīh,1,Leadership,resolved,high,agent_semantic_review,Faqīh 是伊斯兰法学专家/法学家，履行宗教法律解释职能。,"[""Leadership""]"
Employment counsellor,1,Other,resolved,medium,agent_semantic_review,“Employment counsellor”是承担明确的日常服务、普通职业劳动或小规模经营职责的职业称谓，不属于艺术文化、科学技术、公共权力或竞技体育领域，归入Other。,"[""Other""]"
Medical assistant,1,Discovery/Science,resolved,medium,agent_semantic_review,在医疗人员指导下记录病史和生命体征、准备诊室，并协助基础临床和行政工作。,"[""Discovery/Science""]"
Robber,1,Other,retained_exact_unique,source_exact,author_exact_unique,完整职业词与作者规则精确一致，且规则候选 L1 唯一；本轮保留原映射。,"[""Other""]"
Lord Chamberlain,1,Leadership,resolved,high,agent_semantic_review,宫廷大臣统筹王室/宫廷仪式和礼宾安排，管理相关事务并协助君主履行官方活动。,"[""Leadership""]"
Freedom fighter,1,Leadership,retained_exact_unique,source_exact,author_exact_unique,完整职业词与作者规则精确一致，且规则候选 L1 唯一；本轮保留原映射。,"[""Leadership""]"
Medicine man,1,,needs_context,low,agent_semantic_review,"Medicine man can mean a traditional healer, ritual specialist, or spiritual authority; no community or duties are specified.","[""Discovery/Science"",""Leadership"",""Other""]"
Head Master,1,Discovery/Science,resolved,medium,agent_semantic_review,担任学校校长，领导教师和行政团队、制定校务安排并负责学生教育管理。,"[""Discovery/Science""]"
Crewman,1,Other,resolved,high,agent_semantic_review,作为船舶或其他交通工具的普通船员执行值班、设备维护、货物或乘客服务等分工任务。,"[""Other""]"
Lackey (Profession),1,Other,resolved,medium,agent_semantic_review,“Lackey (Profession)”是提供标题所指的日常服务、运输、维修、照护、手工业或一般商业服务的职业称谓，不属于艺术文化、科学技术、公共权力或竞技体育领域，归入Other。 词项中的编号及/或“(Profession)”是数据库区分标记，不改变该职业的职责含义。,"[""Other""]"
Social media strategist,1,,needs_context,low,agent_semantic_review,社交媒体策略师可能负责文化内容传播，也可能负责企业营销或个人账号运营；缺少雇主与职责语境。,"[""Culture"",""Leadership"",""Other""]"
Vice admiral,1,Leadership,resolved,high,agent_semantic_review,海军中将指挥舰队或高级海军机构，制定行动部署并监督海军人员与任务执行。,"[""Leadership""]"
Key grip,1,Culture,resolved,medium,agent_semantic_review,“Key grip”所指工作核心是支持或统筹影视、广播、音乐及其他文化内容的制作、技术实现或发行，属于文化生产、表演或传播职能，归入Culture。,"[""Culture""]"
B-boy,1,Culture,resolved,medium,agent_semantic_review,表演或竞赛霹雳舞/Breaking，以地板动作、步法和即兴动作展现街舞技巧。,"[""Culture""]"
burglar,1,Other,retained_exact_unique,source_exact,author_exact_unique,完整职业词与作者规则精确一致，且规则候选 L1 唯一；本轮保留原映射。,"[""Other""]"
Basketball Official,1,Sports/Games,resolved,high,agent_semantic_review,担任篮球比赛裁判，判定犯规、违例和得分并确保比赛按规则进行。,"[""Sports/Games""]"
Toolmaker,1,Other,retained_exact_unique,source_exact,author_exact_unique,完整职业词与作者规则精确一致，且规则候选 L1 唯一；本轮保留原映射。,"[""Other""]"
Fur Trader,1,Other,resolved,medium,agent_semantic_review,“Fur Trader”是提供标题所指的日常服务、运输、维修、照护、手工业或一般商业服务的职业称谓，不属于艺术文化、科学技术、公共权力或竞技体育领域，归入Other。,"[""Other""]"
Aircraft maintenance technician,1,Other,resolved,high,primary_semantic_adjudication,安装、检查和维修飞机设备的航空维修技工，按作者mechanic/technician普通工种归Other；不等同飞机研发工程师。,"[""Other""]"
Physical Training Instructor,1,Sports/Games,resolved,high,agent_semantic_review,体能训练教练教授力量、耐力和身体素质训练，示范动作并评估学员训练进度。,"[""Sports/Games""]"
Sexton,1,Other,resolved,medium,agent_semantic_review,“Sexton”是提供标题所指的日常服务、运输、维修、照护、手工业或一般商业服务的职业称谓，不属于艺术文化、科学技术、公共权力或竞技体育领域，归入Other。,"[""Other""]"
Chansonnier,1,Culture,retained_exact_unique,source_exact,author_exact_unique,完整职业词与作者规则精确一致，且规则候选 L1 唯一；本轮保留原映射。,"[""Culture""]"
Dance Educator,1,Culture,resolved,medium,agent_semantic_review,教授舞蹈动作、节奏和编舞知识，并指导学生排练与舞台呈现。,"[""Culture""]"
Stunt Assistant,1,Culture,resolved,high,agent_semantic_review,协助特技团队准备动作场景、检查防护设备、布置现场并配合演员和特技人员安全完成拍摄。,"[""Culture""]"
Pharmacy technician,1,Other,resolved,medium,agent_semantic_review,“Pharmacy technician”是提供标题所指的日常服务、运输、维修、照护、手工业或一般商业服务的职业称谓，不属于艺术文化、科学技术、公共权力或竞技体育领域，归入Other。,"[""Other""]"
Laity,1,Other,resolved,high,agent_semantic_review,Laity指宗教团体中的普通信众/非神职成员，是宗教身份类别，不表示神职或宗教权威职位。,"[""Other""]"
Barista,1,Other,resolved,high,agent_semantic_review,咖啡师研磨咖啡豆、制作浓缩咖啡和饮品，接单服务顾客并维护吧台设备。,"[""Other""]"
Commodore (Military rank) #12,1,Leadership,resolved,high,agent_semantic_review,“Commodore (Military rank) #12”的职责是在军队或公共安全体系履行指挥、军职或执法责任，对应公共治理、法律/军事/宗教权威或企业金融领导，归入Leadership。 词项中的编号及/或“(Profession)”是数据库区分标记，不改变该职业的职责含义。,"[""Leadership""]"
Gymterneter,1,,needs_context,low,agent_semantic_review,无法找到稳定可核实的职业词义，疑似拼写或数据污染，保留待核。,[]
Most Eligible,1,,needs_context,low,agent_semantic_review,这是含义不明的描述性短语，无法确认是身份、荣誉称号还是职业。,[]
Post Office Worker,1,Other,resolved,medium,agent_semantic_review,“Post Office Worker”是提供标题所指的日常服务、运输、维修、照护、手工业或一般商业服务的职业称谓，不属于艺术文化、科学技术、公共权力或竞技体育领域，归入Other。,"[""Other""]"
Light Sculptor,1,Culture,resolved,medium,agent_semantic_review,利用灯光、投影或发光材料塑造空间装置和视觉艺术作品。,"[""Culture""]"
Attaché,1,Leadership,resolved,high,agent_semantic_review,作为外交使团的专门事务官员处理所属领域的信息联络、报告和政府间协调。,"[""Leadership""]"
Courier,1,Other,resolved,medium,agent_semantic_review,“Courier”是提供标题所指的日常服务、运输、维修、照护、手工业或一般商业服务的职业称谓，不属于艺术文化、科学技术、公共权力或竞技体育领域，归入Other。,"[""Other""]"
Chairty Worker,1,Other,resolved,medium,agent_semantic_review,“Chairty”明显是“Charity”的拼写错误；慈善机构工作人员提供公益项目与社区服务，词项没有组织领导职务信息。,"[""Other""]"
School counselor,1,Discovery/Science,resolved,high,agent_semantic_review,学校辅导员帮助学生处理学业规划、升学就业和个人适应问题，并联系家庭或专业支持资源。,"[""Discovery/Science""]"
Lead vocalist,1,Culture,resolved,medium,agent_semantic_review,“Lead vocalist”所指工作核心是创作或呈现艺术作品/现场表演，职业产出面向文化受众，属于文化生产、表演或传播职能，归入Culture。,"[""Culture""]"
Vibraphonist,1,Culture,resolved,medium,agent_semantic_review,演奏颤音琴，通过敲击金属音板演绎旋律、和声或打击乐声部。,"[""Culture""]"
Underwriting,1,,needs_context,low,agent_semantic_review,这是保险/金融职能或业务名称，没有说明具体岗位职责或是否指从业者。,"[""Leadership"",""Other""]"
Fashion Commentator,1,Culture,resolved,medium,agent_semantic_review,“Fashion Commentator”所指工作核心是提供明确的艺术、媒体或文化产业创作与制作服务，属于文化生产、表演或传播职能，归入Culture。,"[""Culture""]"
Perfumer,1,Other,retained_exact_unique,source_exact,author_exact_unique,完整职业词与作者规则精确一致，且规则候选 L1 唯一；本轮保留原映射。,"[""Other""]"
Clinical Social Worker,1,Discovery/Science,resolved,medium,agent_semantic_review,评估并为有心理、家庭或社会困难的个案提供临床辅导、治疗转介和持续支持。,"[""Discovery/Science""]"
Hospital Attendant,1,Other,resolved,high,agent_semantic_review,医院护理助理协助患者移动、进食和日常舒适照护，并向护理团队报告观察到的变化。,"[""Other""]"
Trapper,1,Other,resolved,medium,agent_semantic_review,“Trapper”是提供标题所指的日常服务、运输、维修、照护、手工业或一般商业服务的职业称谓，不属于艺术文化、科学技术、公共权力或竞技体育领域，归入Other。,"[""Other""]"
Tinsmith,1,Other,retained_exact_unique,source_exact,author_exact_unique,完整职业词与作者规则精确一致，且规则候选 L1 唯一；本轮保留原映射。,"[""Other""]"
Drama Theorist,1,Discovery/Science,resolved,high,agent_semantic_review,戏剧理论研究者分析戏剧文本、形式与历史，是学术研究而非舞台表演岗位。,"[""Discovery/Science""]"
Rock Musician,1,Culture,resolved,high,agent_semantic_review,创作或演奏摇滚音乐，参与乐队排练、录音和现场演出。,"[""Culture""]"
Engineering Drafter,1,Culture,resolved,medium,primary_semantic_adjudication,根据设计要求绘制技术图纸，核心是绘图表达而非独立工程研发；采用作者draftsman/draughtsman所属Culture口径。,"[""Culture""]"
Agrarian,1,,needs_context,low,agent_semantic_review,Agrarian可指农业生产者，也可指土地/社会制度立场，并非无歧义的职业名称。,"[""Discovery/Science"",""Other""]"
Custodian,1,Other,resolved,high,agent_semantic_review,清扫、保养并检查建筑设施，处理日常维护和场地安全问题。,"[""Other""]"
Counsellor,1,Other,retained_exact_unique,source_exact,author_exact_unique,完整职业词与作者规则精确一致，且规则候选 L1 唯一；本轮保留原映射。,"[""Other""]"
Counsellor in Norwich,1,,needs_context,low,agent_semantic_review,"The place qualifier does not clarify whether “counsellor” means an elected local representative, therapist, or adviser.","[""Leadership"",""Other"",""Discovery/Science""]"
Dramatic colouratura,1,Culture,resolved,high,agent_semantic_review,戏剧花腔女高音是歌剧演唱声部，结合花腔技巧与戏剧表现，属于表演艺术。,"[""Culture""]"
Wardrobe Assistant,1,Culture,resolved,high,agent_semantic_review,服装助理整理、保管和准备演出服装，协助演员试装并在拍摄/演出期间维护服饰连续性。,"[""Culture""]"
Forklift operator,1,Other,resolved,medium,agent_semantic_review,“Forklift operator”是提供标题所指的日常服务、运输、维修、照护、手工业或一般商业服务的职业称谓，不属于艺术文化、科学技术、公共权力或竞技体育领域，归入Other。,"[""Other""]"
Trainer,1,Sports/Games,retained_exact_unique,source_exact,author_exact_unique,完整职业词与作者规则精确一致，且规则候选 L1 唯一；本轮保留原映射。,"[""Sports/Games""]"
Business Coach,1,Other,resolved,medium,agent_semantic_review,商业教练为企业主或团队提供经营辅导服务，不等同于公司高管或决策职位。,"[""Other""]"
Business consultant,1,Other,resolved,medium,agent_semantic_review,Business consultant 向客户提供业务流程或管理建议，属于专业咨询服务；作者 consultant 相近职业归 Other。,"[""Other""]"
Entrepreneurship,1,,needs_context,low,agent_semantic_review,This names a business activity/discipline rather than an occupational role.,[]
School superintendent,1,Discovery/Science,resolved,medium,agent_semantic_review,学区/学校体系主管负责教育系统运营和教学管理，属于教育行政职能。,"[""Discovery/Science""]"
Set Painter,1,Culture,resolved,high,agent_semantic_review,按舞台或影视美术设计在布景表面绘制纹理、颜色和装饰效果。,"[""Culture""]"
Laryngologist,1,Discovery/Science,resolved,medium,agent_semantic_review,“Laryngologist”从事的核心职责是运用医学专业知识提供诊断、治疗、护理或健康服务，其工作属于知识发现、学术/医疗或技术开发，归入Discovery/Science。,"[""Discovery/Science""]"
Media scholar,1,Discovery/Science,resolved,high,primary_semantic_adjudication,开展媒体与传播领域的学术研究；scholar表明学者而非媒体制作人员。,"[""Discovery/Science""]"
Australian rules football coach,1,Sports/Games,resolved,high,agent_semantic_review,训练澳式足球队员、安排战术和阵容，并指导球队准备比赛和赛季。,"[""Sports/Games""]"
Optometrist,1,Discovery/Science,retained_exact_unique,source_exact,author_exact_unique,完整职业词与作者规则精确一致，且规则候选 L1 唯一；本轮保留原映射。,"[""Discovery/Science""]"
Army,1,Leadership,retained_exact_unique,source_exact,author_exact_unique,完整职业词与作者规则精确一致，且规则候选 L1 唯一；本轮保留原映射。,"[""Leadership""]"
Bankruptcy Lawyer,1,Leadership,resolved,high,agent_semantic_review,“Bankruptcy Lawyer”的职责是提供法律意见、代理当事人或行使司法/公证职权，对应公共治理、法律/军事/宗教权威或企业金融领导，归入Leadership。,"[""Leadership""]"
divorce lawyer,1,Leadership,resolved,medium,agent_semantic_review,离婚律师为客户解释婚姻与财产法律，协商离婚、抚养和财产安排，并在法院代理案件。,"[""Leadership""]"
Federal judge,1,Leadership,resolved,high,agent_semantic_review,主持联邦法院案件审理、解释和适用法律并作出司法裁决。,"[""Leadership""]"
Carpet cleaning,1,Other,resolved,medium,agent_semantic_review,“Carpet cleaning”是提供标题所指的日常服务、运输、维修、照护、手工业或一般商业服务的职业称谓，不属于艺术文化、科学技术、公共权力或竞技体育领域，归入Other。,"[""Other""]"
UX & Semantic Search Consultant,1,,needs_context,low,agent_semantic_review,同时指用户体验与语义搜索咨询，属于技术产品/商业咨询交叉职能。,"[""Discovery/Science"",""Leadership""]"
Professor of Elocution,1,Culture,resolved,high,agent_semantic_review,教授发声、发音、朗诵和演讲表达技巧，指导学生进行口语或舞台呈现。,"[""Culture""]"
Genealogist,1,Discovery/Science,retained_exact_unique,source_exact,author_exact_unique,完整职业词与作者规则精确一致，且规则候选 L1 唯一；本轮保留原映射。,"[""Discovery/Science""]"
Online producer,1,Culture,resolved,medium,agent_semantic_review,“Online producer”所指工作核心是支持或统筹影视、广播、音乐及其他文化内容的制作、技术实现或发行，属于文化生产、表演或传播职能，归入Culture。,"[""Culture""]"
Medical researcher,1,Discovery/Science,resolved,high,agent_semantic_review,医学研究者开展疾病机制、诊断或治疗相关研究，核心是科研工作。,"[""Discovery/Science""]"
Epistemologist,1,Discovery/Science,resolved,high,agent_semantic_review,认识论学者研究知识、信念、证据与正当化等问题，提出概念分析并发表哲学研究。,"[""Discovery/Science""]"
Paymaster,1,Other,resolved,medium,agent_semantic_review,“Paymaster”是承担明确的日常服务、普通职业劳动或小规模经营职责的职业称谓，不属于艺术文化、科学技术、公共权力或竞技体育领域，归入Other。,"[""Other""]"
Computer game designer,1,Culture,resolved,medium,primary_semantic_adjudication,设计电子游戏的玩法、规则与体验，按游戏内容设计归Culture；未表示Game programmer的编码研发职责。,"[""Culture""]"
Gambist,1,Culture,resolved,high,agent_semantic_review,Gambist 演奏 viola da gamba（维奥尔琴），是音乐表演者。,"[""Culture""]"
Otolaryngologist,1,Discovery/Science,retained_exact_unique,source_exact,author_exact_unique,完整职业词与作者规则精确一致，且规则候选 L1 唯一；本轮保留原映射。,"[""Discovery/Science""]"
Serial entrepreneur,1,Leadership,resolved,high,agent_semantic_review,“Serial entrepreneur”的职责是承担机构治理、金融资本配置、商业经营管理或政治公共事务职责，对应公共治理、法律/军事/宗教权威或企业金融领导，归入Leadership。,"[""Leadership""]"
Locksmith,1,Other,retained_exact_unique,source_exact,author_exact_unique,完整职业词与作者规则精确一致，且规则候选 L1 唯一；本轮保留原映射。,"[""Other""]"
Hospital Driver,1,Other,resolved,high,primary_semantic_adjudication,承担医院相关车辆驾驶与运输，核心是司机服务，而不是医学诊疗。,"[""Other""]"
Information security,1,,needs_context,low,primary_semantic_adjudication,信息安全是专业领域，可涉及安全研发、系统运行维护、普通技术支持或管理，未给出个体岗位。,"[""Discovery/Science"", ""Other"", ""Leadership""]"
Online Editor,1,Culture,resolved,medium,agent_semantic_review,“Online Editor”所指工作核心是采访、撰写、编辑、评论或向公众传播文化/媒体内容，属于文化生产、表演或传播职能，归入Culture。,"[""Culture""]"
Legal writer,1,Culture,resolved,medium,agent_semantic_review,撰写法律文章、判例摘要、法律教材或面向专业读者的法律说明材料。,"[""Culture""]"
Mayor of Montazels,1,Leadership,resolved,medium,agent_semantic_review,市长领导市政议会和地方行政，决定公共服务与预算优先级并监督市镇事务。,"[""Leadership""]"
Software Developer (Profession),1,Discovery/Science,resolved,medium,agent_semantic_review,“Software Developer (Profession)”从事的核心职责是从事专业教学、技术设计开发、测试或学术研究，其工作属于知识发现、学术/医疗或技术开发，归入Discovery/Science。 词项中的编号及/或“(Profession)”是数据库区分标记，不改变该职业的职责含义。,"[""Discovery/Science""]"
Video journalist,1,Culture,resolved,medium,agent_semantic_review,独立采访、拍摄并剪辑新闻视频，向媒体平台提交报道内容。,"[""Culture""]"
City council,1,Leadership,retained_exact_unique,source_exact,author_exact_unique,完整职业词与作者规则精确一致，且规则候选 L1 唯一；本轮保留原映射。,"[""Leadership""]"
Neuroscience,1,,needs_context,low,primary_semantic_adjudication,神经科学是学科名，未说明该值指研究人员、教师或实验技术员等岗位；按字段非职业描述暂留待查。,"[""Discovery/Science"", ""Other""]"
Sound Artist,1,Culture,resolved,medium,agent_semantic_review,“Sound Artist”所指工作核心是创作或呈现艺术作品/现场表演，职业产出面向文化受众，属于文化生产、表演或传播职能，归入Culture。,"[""Culture""]"
Caver,1,Discovery/Science,retained_exact_unique,source_exact,author_exact_unique,完整职业词与作者规则精确一致，且规则候选 L1 唯一；本轮保留原映射。,"[""Discovery/Science""]"
Social entrepreneur,1,,needs_context,low,agent_semantic_review,社会企业家可经营小型公益企业或大型社会组织，经营规模与职责未明确。,"[""Leadership"",""Other""]"
Economic historian,1,Discovery/Science,resolved,high,agent_semantic_review,经济史学家研究过去的贸易、劳动、金融与经济制度，分析历史数据和档案并发表研究。,"[""Discovery/Science""]"
Colonel general,1,Leadership,resolved,high,agent_semantic_review,“Colonel general”的职责是在军队或公共安全体系履行指挥、军职或执法责任，对应公共治理、法律/军事/宗教权威或企业金融领导，归入Leadership。,"[""Leadership""]"
Printmaker (Music Artist),1,Culture,resolved,medium,agent_semantic_review,通过木刻、蚀刻、丝网或其他版画工艺创作并印制视觉艺术作品。,"[""Culture""]"
Vocal Arranger,1,Culture,resolved,high,agent_semantic_review,为歌曲安排合唱声部、和声走向与人声编制，并准备排练或录音所用谱面。,"[""Culture""]"
Tax Preparer,1,Other,resolved,medium,agent_semantic_review,“Tax Preparer”是提供标题所指的日常服务、运输、维修、照护、手工业或一般商业服务的职业称谓，不属于艺术文化、科学技术、公共权力或竞技体育领域，归入Other。,"[""Other""]"
Dietitian,1,Other,retained_exact_unique,source_exact,author_exact_unique,完整职业词与作者规则精确一致，且规则候选 L1 唯一；本轮保留原映射。,"[""Other""]"
Radiologist,1,Discovery/Science,retained_exact_unique,source_exact,author_exact_unique,完整职业词与作者规则精确一致，且规则候选 L1 唯一；本轮保留原映射。,"[""Discovery/Science""]"
Gyōji,1,Sports/Games,resolved,high,agent_semantic_review,日本相扑比赛裁判在比赛中宣告并判定胜负，属于竞赛裁判岗位。,"[""Sports/Games""]"
Air Force Officer,1,Leadership,resolved,high,agent_semantic_review,空军军官指挥或管理空军人员、训练和航空任务，按军阶承担部队准备与行动职责。,"[""Leadership""]"
Doshu,1,Sports/Games,resolved,high,agent_semantic_review,"Doshu is the hereditary/head authority of an aikido tradition; this is a martial-arts leadership title, not a generic occupation.","[""Sports/Games""]"
Animation Engineer,1,,needs_context,low,primary_semantic_adjudication,可能研发动画软件/技术系统，也可能承担影视动画制作管线工作；未能由完整词确定主要职能。,"[""Culture"", ""Discovery/Science""]"
Bonesetter,1,Discovery/Science,resolved,high,agent_semantic_review,以手法复位或固定骨折、脱位等骨骼损伤；属于传统或替代性医疗照护。,"[""Discovery/Science""]"
Secretary-General of the United Nations,1,Leadership,resolved,high,agent_semantic_review,“Secretary-General of the United Nations”的职责是在军队或公共安全体系履行指挥、军职或执法责任，对应公共治理、法律/军事/宗教权威或企业金融领导，归入Leadership。,"[""Leadership""]"
Design Engineer,1,Discovery/Science,resolved,medium,agent_semantic_review,依据性能、材料和制造约束设计工程产品或部件，制作方案并验证其技术可行性。,"[""Discovery/Science""]"
Artillery Officer,1,Leadership,resolved,high,agent_semantic_review,炮兵军官指挥炮兵分队及火力装备，训练炮组并规划火力支援和武器安全。,"[""Leadership""]"
Jazz Violinist,1,Culture,resolved,medium,agent_semantic_review,“Jazz Violinist”所指工作核心是创作或呈现艺术作品/现场表演，职业产出面向文化受众，属于文化生产、表演或传播职能，归入Culture。,"[""Culture""]"
Martial Artist Teacher,1,Sports/Games,resolved,medium,agent_semantic_review,教授武术动作、套路和格斗训练，并纠正学员姿势、技术与安全规范。,"[""Sports/Games""]"
CNR (Composition),1,,needs_context,low,agent_semantic_review,“CNR”缩写和括号中的 Composition 未能可靠解释为具体岗位，不能推定为作曲或其他类别。,[]
Manicurist,1,Other,resolved,medium,agent_semantic_review,“Manicurist”是提供标题所指的日常服务、运输、维修、照护、手工业或一般商业服务的职业称谓，不属于艺术文化、科学技术、公共权力或竞技体育领域，归入Other。,"[""Other""]"
Woman,1,,needs_context,low,agent_semantic_review,性别身份词，不是职业名称，需确认源字段含义。,[]
Music Collector,1,Culture,resolved,high,agent_semantic_review,搜集、整理并保存唱片、乐谱或音乐相关资料；称谓本身未说明是否为职业性工作。,"[""Culture""]"
Conceptual Artist,1,Culture,resolved,medium,agent_semantic_review,“Conceptual Artist”所指工作核心是创作或呈现艺术作品/现场表演，职业产出面向文化受众，属于文化生产、表演或传播职能，归入Culture。,"[""Culture""]"
Infantry Weapons Officer,1,Leadership,resolved,medium,agent_semantic_review,步兵武器军官管理步兵武器装备、训练使用人员，并为部队战术行动提供武器配置和支援。,"[""Leadership""]"
FBI Agent,1,Leadership,retained_exact_unique,source_exact,author_exact_unique,完整职业词与作者规则精确一致，且规则候选 L1 唯一；本轮保留原映射。,"[""Leadership""]"
Secret police,1,Leadership,resolved,high,agent_semantic_review,以秘密方式调查和压制被政府视为威胁的政治活动，执行国家安全监控或逮捕任务。,"[""Leadership""]"
SEO Analyst,1,Other,resolved,high,agent_semantic_review,"Reviews search visibility, traffic, and keyword performance and recommends changes to a website; this is a marketing analytics service.","[""Other""]"
Geological engineer,1,Discovery/Science,resolved,medium,agent_semantic_review,运用地质和工程知识评估岩土、矿产或地下条件，并为工程建设、开采或资源开发设计方案。,"[""Discovery/Science""]"
Quantum chemist,1,Discovery/Science,resolved,high,agent_semantic_review,量子化学家运用量子力学计算与实验研究分子结构、电子状态和化学反应。,"[""Discovery/Science""]"
Legal analyst,1,Leadership,resolved,high,agent_semantic_review,“Legal analyst”的职责是承担机构治理、金融资本配置、商业经营管理或政治公共事务职责，对应公共治理、法律/军事/宗教权威或企业金融领导，归入Leadership。,"[""Leadership""]"
Hair and Makeup Artist,1,Culture,resolved,medium,agent_semantic_review,为演员、模特或客户设计并实施发型、妆容和角色化外观。,"[""Culture""]"
Military police,1,Leadership,resolved,high,agent_semantic_review,在军队内执行纪律与安全任务，巡逻、调查违纪事件并保障军事设施或人员安全。,"[""Leadership""]"
Ontologist,1,Discovery/Science,resolved,medium,agent_semantic_review,“Ontologist”从事的核心职责是开展该学科的研究、证据分析与知识产出，其工作属于知识发现、学术/医疗或技术开发，归入Discovery/Science。,"[""Discovery/Science""]"
ADR Script Writer,1,Culture,resolved,medium,agent_semantic_review,ADR编剧为影视后期替换对白编写或改写台词，使配音内容符合角色、镜头时长和口型节奏。,"[""Culture""]"
Couturier,1,Other,retained_exact_unique,source_exact,author_exact_unique,完整职业词与作者规则精确一致，且规则候选 L1 唯一；本轮保留原映射。,"[""Other""]"
Assistant Teacher,1,Discovery/Science,resolved,high,agent_semantic_review,协助主课教师备课、带小组活动、辅导学生并维持课堂秩序。,"[""Discovery/Science""]"
Stonemason,1,Other,retained_exact_unique,source_exact,author_exact_unique,完整职业词与作者规则精确一致，且规则候选 L1 唯一；本轮保留原映射。,"[""Other""]"
Exile,1,,needs_context,low,agent_semantic_review,"Exile is a political or personal status, not an occupation.",[]
Credit control,1,Other,resolved,medium,primary_semantic_adjudication,核查客户信用、信用额度并追收逾期应收账款，是日常财务信用控制服务；未表明企业高管或金融机构控制职责。,"[""Other""]"
Dispatcher,1,Other,resolved,high,agent_semantic_review,调度员接收运输、维修或紧急服务请求，安排车辆和人员路线、时序并传递现场信息。,"[""Other""]"
Kaymakam,1,Leadership,resolved,high,agent_semantic_review,"A kaymakam is a district-level governor/administrator, exercising public authority on behalf of government.","[""Leadership""]"
Impressionist (Profession) #3,1,Culture,resolved,medium,agent_semantic_review,模仿名人或公众人物的声音、表情和动作进行喜剧或舞台表演。,"[""Culture""]"
Scribe,1,Leadership,retained_exact_unique,source_exact,author_exact_unique,完整职业词与作者规则精确一致，且规则候选 L1 唯一；本轮保留原映射。,"[""Leadership""]"
Politician & Trade Unionist,1,Leadership,resolved,medium,agent_semantic_review,参与公共政治活动并同时组织或代表工会成员，推动政策主张和劳工权益谈判。,"[""Leadership""]"
Country Doctor,1,Discovery/Science,resolved,medium,agent_semantic_review,“Country Doctor”从事的核心职责是运用医学专业知识提供诊断、治疗、护理或健康服务，其工作属于知识发现、学术/医疗或技术开发，归入Discovery/Science。,"[""Discovery/Science""]"
Performer-Songwriter-Musical Director,1,Culture,resolved,medium,agent_semantic_review,表演者兼词曲作者创作歌曲并登台演出，同时担任音乐剧或乐团排练与演奏的音乐指导。,"[""Culture""]"
Web builder,1,Discovery/Science,resolved,high,agent_semantic_review,Web builder 构建和维护网站页面/功能，属于网站技术开发。,"[""Discovery/Science""]"
Food writer,1,Culture,resolved,medium,agent_semantic_review,“Food writer”所指工作核心是采访、撰写、编辑、评论或向公众传播文化/媒体内容，属于文化生产、表演或传播职能，归入Culture。,"[""Culture""]"
Police commissioner,1,Leadership,resolved,medium,agent_semantic_review,领导警察机构，制定执法管理安排并监督警务部门和公共安全行动。,"[""Leadership""]"
Garden designer,1,Culture,resolved,high,agent_semantic_review,Garden designer 规划庭园空间、植物配置和景观视觉，是设计创作工作。,"[""Culture""]"
American Historian,1,Discovery/Science,resolved,medium,agent_semantic_review,“American Historian”从事的核心职责是开展该学科的研究、证据分析与知识产出，其工作属于知识发现、学术/医疗或技术开发，归入Discovery/Science。,"[""Discovery/Science""]"
Paint Artist,1,Culture,resolved,high,agent_semantic_review,Paint Artist指使用颜料进行视觉艺术创作，工作产物是绘画作品，属于视觉艺术。,"[""Culture""]"
Molecular Geneticist,1,Discovery/Science,resolved,high,agent_semantic_review,研究基因、DNA和遗传机制，通过实验分析遗传变异及其对生物性状或疾病的影响。,"[""Discovery/Science""]"
Political Assistant,1,Leadership,resolved,high,agent_semantic_review,“Political Assistant”的职责是参与公共政策、政治组织、外交或社会倡议的决策和协调，对应公共治理、法律/军事/宗教权威或企业金融领导，归入Leadership。,"[""Leadership""]"
Internet Executive,1,Leadership,resolved,medium,agent_semantic_review,互联网企业高管制定网络业务方向、监督产品和商业运营，并管理团队及公司资源。,"[""Leadership""]"
Information technology management,1,Leadership,resolved,medium,agent_semantic_review,规划组织的IT预算、系统和人员配置，监督技术服务及信息基础设施运行。,"[""Leadership""]"
Stonecutter,1,Other,resolved,medium,agent_semantic_review,“Stonecutter”是提供标题所指的日常服务、运输、维修、照护、手工业或一般商业服务的职业称谓，不属于艺术文化、科学技术、公共权力或竞技体育领域，归入Other。,"[""Other""]"
Secret Intelligence Service officer,1,Leadership,resolved,medium,agent_semantic_review,为国家情报机构搜集、分析或协调海外情报，以支持国家安全和政府决策。,"[""Leadership""]"
Ghost singer,1,Culture,resolved,high,agent_semantic_review,代唱歌手预先录制影片歌曲，由画面中的演员对口型呈现；歌手本人通常不出现在镜头中。,"[""Culture""]"
Camera Assistant,1,Culture,resolved,medium,agent_semantic_review,“Camera Assistant”所指工作核心是提供明确的艺术、媒体或文化产业创作与制作服务，属于文化生产、表演或传播职能，归入Culture。,"[""Culture""]"
Health Authority Wages Clerk,1,Other,resolved,medium,agent_semantic_review,核对医疗机构雇员工时、工资数据和薪酬记录，并处理工资发放行政事务。,"[""Other""]"
Electronics technician,1,Other,resolved,medium,primary_semantic_adjudication,从事电子设备测试、装配、维护及故障处理的技术工种；完整词为technician，未表示电子研发工程师。,"[""Other""]"
Digital Marketing Analyst,1,Other,resolved,high,agent_semantic_review,Measures digital campaign traffic and conversion results and reports what should be adjusted; this is marketing analysis rather than executive management.,"[""Other""]"
Page-boy,1,Other,resolved,medium,agent_semantic_review,在酒店、住宅或仪式场合递送物品、引导来宾或协助完成基础服务事务。,"[""Other""]"
Special Education Teacher,1,Discovery/Science,resolved,high,agent_semantic_review,特殊教育教师依据学生个别教育需求调整课程、教学材料和课堂支持，评估学习并协助学生发展。,"[""Discovery/Science""]"
Midwife (Film subject),1,Discovery/Science,resolved,medium,agent_semantic_review,“Midwife (Film subject)”从事的核心职责是运用医学专业知识提供诊断、治疗、护理或健康服务，其工作属于知识发现、学术/医疗或技术开发，归入Discovery/Science。 括号中的“Film subject”是人物条目语境标记，职业语义仍由midwife确定。,"[""Discovery/Science""]"
Management Theorist,1,Discovery/Science,resolved,high,primary_semantic_adjudication,研究管理理论和组织规律，核心是学术理论研究，不等于公司经营管理职务。,"[""Discovery/Science""]"
media & culture scientist,1,Discovery/Science,resolved,high,agent_semantic_review,以社会科学方法研究媒体传播、文化生产及其对社会的影响。,"[""Discovery/Science""]"
Keirin Racer,1,Sports/Games,resolved,high,agent_semantic_review,“Keirin Racer”的工作直接围绕体育训练、竞技或比赛规则展开，具体职责是作为选手参加有规则的体育项目训练和竞技，归入Sports/Games。,"[""Sports/Games""]"
Wheelwright,1,Other,resolved,medium,agent_semantic_review,制作或修理木制车轮及其轮辐、轮毂和轮圈等部件。,"[""Other""]"
Air traffic controller,1,Other,retained_exact_unique,source_exact,author_exact_unique,完整职业词与作者规则精确一致，且规则候选 L1 唯一；本轮保留原映射。,"[""Other""]"
Arms Control Analyst,1,Leadership,resolved,medium,agent_semantic_review,Arms control analyst 研究武器管制政策与国际安全议题，属于公共政策分析。,"[""Leadership""]"
Internet Marketing,1,Other,resolved,medium,primary_semantic_adjudication,完整短语指数字营销、搜索优化或获客业务，按作者marketing→Worker/Business(small)归Other；活动/领域名称仅作职业词表中的功能映射，不据此断言人物具体岗位。,"[""Other""]"
Chimney sweep,1,Other,resolved,medium,agent_semantic_review,烟囱清扫工清除烟囱和排烟管道中的积灰与堵塞，并检查通风和火灾风险。,"[""Other""]"
Waste collector,1,Other,resolved,high,agent_semantic_review,按路线收集生活或商业垃圾，并运送至处理或回收设施。,"[""Other""]"
Reno (Profession),1,,needs_context,low,agent_semantic_review,“Reno” is not sufficiently interpretable as a profession from this label alone.,[]
Social Historian,1,Discovery/Science,resolved,medium,agent_semantic_review,研究普通人群、家庭、劳动和日常生活的历史变化，利用档案与其他史料撰写分析。,"[""Discovery/Science""]"
Professor of Ancient Greek History and Classical Studies,1,Discovery/Science,resolved,high,agent_semantic_review,古希腊史与古典学教授研究并讲授古希腊语言、历史、文学和文明，指导学生开展相关学术研究。,"[""Discovery/Science""]"
Psycholinguist,1,Discovery/Science,resolved,medium,agent_semantic_review,“Psycholinguist”从事的核心职责是开展该学科的研究、证据分析与知识产出，其工作属于知识发现、学术/医疗或技术开发，归入Discovery/Science。,"[""Discovery/Science""]"
Investment advisor,1,Other,resolved,medium,primary_semantic_adjudication,为客户提供投资建议及个人财务方案，属于专业咨询服务；未表明控制金融机构或承担企业高管职责。,"[""Other""]"
Video editor,1,Culture,resolved,high,agent_semantic_review,筛选并剪接影像和声音素材，调整节奏、顺序和转场以完成视频或影视成片。,"[""Culture""]"
Black belt,1,,needs_context,low,agent_semantic_review,A black belt may denote a martial-arts rank or a person’s credential; the label alone does not establish active athletic/professional duties.,"[""Sports/Games"",""Other""]"
Usurper,1,Other,resolved,medium,agent_semantic_review,篡位者通过非法手段夺取统治权或公职，描述的是夺权行为/政治身份而非正规职业。,"[""Other""]"
Character Modeler,1,Culture,resolved,high,agent_semantic_review,为动画、游戏或影视特效制作三维人物模型，并调整结构、材质和表情。,"[""Culture""]"
Modeler,1,,needs_context,low,agent_semantic_review,"Modeler can refer to artistic, scientific, industrial, or mathematical modeling; no domain is given.","[""Culture"",""Discovery/Science"",""Other""]"
Restaurant Mgt.,1,Leadership,resolved,medium,agent_semantic_review,管理餐厅日常运营，包括排班、服务质量、库存、预算和员工协调。,"[""Leadership""]"
County court bailiff,1,Leadership,resolved,high,agent_semantic_review,县法院执达员送达法院文件、执行法院命令，并依法协助财产扣押或驱逐等程序。,"[""Leadership""]"
Street sweeper,1,Other,resolved,medium,agent_semantic_review,“Street sweeper”是承担明确的日常服务、普通职业劳动或小规模经营职责的职业称谓，不属于艺术文化、科学技术、公共权力或竞技体育领域，归入Other。,"[""Other""]"
Private Secretary,1,Other,resolved,medium,agent_semantic_review,私人秘书主要提供日程、通信和文书等个人行政支持，未显示公共治理或企业决策权限。,"[""Other""]"
Dramaturgist,1,Culture,resolved,high,agent_semantic_review,研究剧本和相关史料，为剧院提供文本分析、背景资料及戏剧结构建议。,"[""Culture""]"
Informant,1,,needs_context,low,agent_semantic_review,"Informant may mean a confidential source, intelligence asset, or information provider; the occupational setting is missing.","[""Leadership"",""Other""]"
Miscellaneous Crew,1,,needs_context,low,agent_semantic_review,影视制作片尾的杂项剧组职务集合，未给出具体工种。,"[""Culture"",""Other""]"
Production Stage Manager,1,Culture,resolved,high,agent_semantic_review,Production stage manager 协调演出排练、演出流程和舞台部门执行，属于现场文化制作。,"[""Culture""]"
Naval Systems Analyst,1,Leadership,resolved,high,agent_semantic_review,“Naval Systems Analyst”的职责是在军队或公共安全体系履行指挥、军职或执法责任，对应公共治理、法律/军事/宗教权威或企业金融领导，归入Leadership。,"[""Leadership""]"
Freelancer,1,Culture,retained_exact_unique,source_exact,author_exact_unique,完整职业词与作者规则精确一致，且规则候选 L1 唯一；本轮保留原映射。,"[""Culture""]"
Scout Leader,1,Other,resolved,medium,agent_semantic_review,组织童军或青少年团体的活动、户外训练和技能课程，并负责成员指导与安全。,"[""Other""]"
Philosopher of Science,1,Discovery/Science,resolved,high,agent_semantic_review,科学哲学家分析科学方法、解释、证据与理论的基础问题，撰写研究并从事学术教学。,"[""Discovery/Science""]"
Suit actor,1,Culture,resolved,medium,agent_semantic_review,“Suit actor”所指工作核心是创作或呈现艺术作品/现场表演，职业产出面向文化受众，属于文化生产、表演或传播职能，归入Culture。,"[""Culture""]"
Pyrotechnics Supervisor,1,Culture,resolved,medium,agent_semantic_review,规划并监督演出或影视中的烟火、爆破和火焰效果，控制设备布置与现场安全。,"[""Culture""]"
Professor of Malayalam,1,Discovery/Science,resolved,high,agent_semantic_review,在高校教授马拉雅拉姆语或相关文学课程，指导学生并开展语言文学研究。,"[""Discovery/Science""]"
Stonemasonry,1,Other,resolved,medium,agent_semantic_review,“Stonemasonry”是提供标题所指的日常服务、运输、维修、照护、手工业或一般商业服务的职业称谓，不属于艺术文化、科学技术、公共权力或竞技体育领域，归入Other。,"[""Other""]"
Wine Expert,1,,needs_context,low,agent_semantic_review,葡萄酒专家可能是侍酒师、酿酒科学人员或酒类评论者，短语未说明具体职业。,"[""Other"",""Discovery/Science"",""Culture""]"
Diving instructor,1,Sports/Games,resolved,high,agent_semantic_review,潜水教练讲授水肺或自由潜水技术与安全流程，带领学员进行水下训练和认证练习。,"[""Sports/Games""]"
Qualified Flying Instructor,1,Discovery/Science,resolved,medium,agent_semantic_review,“Qualified Flying Instructor”从事的核心职责是从事专业教学、技术设计开发、测试或学术研究，其工作属于知识发现、学术/医疗或技术开发，归入Discovery/Science。,"[""Discovery/Science""]"
Mother (Profession),1,Other,resolved,medium,agent_semantic_review,承担母亲身份相关的育儿、照护和家庭日常管理；该词描述家庭角色而非特定行业岗位。,"[""Other""]"
ADR Editor,1,Culture,resolved,high,agent_semantic_review,剪辑和同步影视作品的自动对白替换录音，整理对白轨并使其与画面和原声匹配。,"[""Culture""]"
Plantation Overseer,1,Other,resolved,medium,agent_semantic_review,“Plantation Overseer”是承担明确的日常服务、普通职业劳动或小规模经营职责的职业称谓，不属于艺术文化、科学技术、公共权力或竞技体育领域，归入Other。,"[""Other""]"
Figurative Sculptor,1,Culture,resolved,medium,agent_semantic_review,具象雕塑家以泥、石、金属等材料塑造可辨认的人物或物体形象，并完成塑像制作。,"[""Culture""]"
Make-up artist,1,Culture,resolved,high,agent_semantic_review,为演员、模特或客户设计和施作妆容，必要时制作角色妆、老化妆或特效妆。,"[""Culture""]"
Internet Visionary,1,,needs_context,low,agent_semantic_review,This is an evaluative epithet rather than a standardized occupation with defined duties.,[]
Child-Care Solicitor,1,Leadership,resolved,medium,agent_semantic_review,为儿童照护、监护或福利案件提供法律咨询、准备诉讼材料并代表当事人出庭。,"[""Leadership""]"
Cornetist,1,Culture,retained_exact_unique,source_exact,author_exact_unique,完整职业词与作者规则精确一致，且规则候选 L1 唯一；本轮保留原映射。,"[""Culture""]"
Kidnapping,1,,needs_context,low,agent_semantic_review,这是犯罪行为名称，不是明确职业名称；无法确认其作为职业字段的真实语义。,[]
Dayan (Religious Leadership Title),1,Leadership,resolved,high,agent_semantic_review,“Dayan (Religious Leadership Title)”的职责是担任宗教组织的教职、权威或带领信众，对应公共治理、法律/军事/宗教权威或企业金融领导，归入Leadership。,"[""Leadership""]"
Religious Judge,1,Leadership,resolved,medium,agent_semantic_review,宗教法官依据宗教法律和教义审理争议、作出裁决或发布宗教法意见。,"[""Leadership""]"
Distiller,1,Other,retained_exact_unique,source_exact,author_exact_unique,完整职业词与作者规则精确一致，且规则候选 L1 唯一；本轮保留原映射。,"[""Other""]"
Production Manager,1,Culture,retained_exact_unique,source_exact,author_exact_unique,完整职业词与作者规则精确一致，且规则候选 L1 唯一；本轮保留原映射。,"[""Culture""]"
Bank manager,1,Leadership,resolved,medium,agent_semantic_review,管理银行分支机构的员工、客户服务、信贷业务和日常金融运营。,"[""Leadership""]"
Assistant Sound Editor,1,Culture,resolved,medium,agent_semantic_review,“Assistant Sound Editor”所指工作核心是采访、撰写、编辑、评论或向公众传播文化/媒体内容，属于文化生产、表演或传播职能，归入Culture。,"[""Culture""]"
Medical Anthropologist,1,Discovery/Science,resolved,high,agent_semantic_review,医学人类学家研究健康、疾病与医疗实践的社会文化因素，属于学术研究。,"[""Discovery/Science""]"
Population Biologist,1,Discovery/Science,resolved,high,agent_semantic_review,研究种群数量、分布、遗传和生态变化，利用野外调查或模型解释其动态。,"[""Discovery/Science""]"
Standart officer,1,Leadership,resolved,high,agent_semantic_review,“Standart officer”的职责是在军队或公共安全体系履行指挥、军职或执法责任，对应公共治理、法律/军事/宗教权威或企业金融领导，归入Leadership。,"[""Leadership""]"
Entrepreneur (Profession) #6,1,Leadership,resolved,medium,primary_semantic_adjudication,去除Profession和编号后为Entrepreneur，与保留的精确同词条一致，采用作者创业经营者的企业领导类别。,"[""Leadership""]"
Water Conservation Specialist,1,Discovery/Science,resolved,high,agent_semantic_review,水资源节约专家评估用水需求和损耗，设计节水方案并监测水资源管理成效。,"[""Discovery/Science""]"
Electronic Engineer,1,Discovery/Science,resolved,medium,agent_semantic_review,“Electronic Engineer”从事的核心职责是从事专业教学、技术设计开发、测试或学术研究，其工作属于知识发现、学术/医疗或技术开发，归入Discovery/Science。,"[""Discovery/Science""]"
User experience design,1,,needs_context,low,agent_semantic_review,可指软件产品设计，也可泛指视觉/交互设计；缺少产品语境。,"[""Discovery/Science"",""Culture""]"
Pub Owner,1,Other,resolved,high,agent_semantic_review,经营酒吧或酒馆，管理场地、饮品库存、员工和顾客服务。,"[""Other""]"
Hymnology,1,Culture,resolved,medium,agent_semantic_review,“Hymnology”所指工作核心是提供明确的艺术、媒体或文化产业创作与制作服务，属于文化生产、表演或传播职能，归入Culture。,"[""Culture""]"
Wardrobe supervisor,1,Culture,resolved,medium,agent_semantic_review,统筹剧组或剧团服装的准备、试穿、维护和现场连续性，协调服装工作人员。,"[""Culture""]"
Receiver general,1,Leadership,resolved,high,agent_semantic_review,财政总监/总收款官管理政府税款和公共收入的接收、入账与支付，确保财政账目准确。,"[""Leadership""]"
Arms Dealer,1,Other,resolved,medium,agent_semantic_review,“Arms Dealer”是承担明确的日常服务、普通职业劳动或小规模经营职责的职业称谓，不属于艺术文化、科学技术、公共权力或竞技体育领域，归入Other。,"[""Other""]"
Adjudicator,1,,needs_context,low,agent_semantic_review,可指法定裁决者或一般争议评审，未注明司法/行政权限。,"[""Leadership"",""Other""]"
Bailiff,1,Leadership,retained_exact_unique,source_exact,author_exact_unique,完整职业词与作者规则精确一致，且规则候选 L1 唯一；本轮保留原映射。,"[""Leadership""]"
Park ranger,1,Other,resolved,high,agent_semantic_review,巡护公园或保护区，维护访客安全、解释自然资源规定并协助生态保护。,"[""Other""]"
Prince of Hesse and by Rhine,1,Leadership,resolved,high,agent_semantic_review,“Prince of Hesse and by Rhine”的职责是承载王室/贵族身份或宫廷职务所赋予的治理、礼仪权责，对应公共治理、法律/军事/宗教权威或企业金融领导，归入Leadership。,"[""Leadership""]"
Fleet admiral,1,Leadership,resolved,medium,agent_semantic_review,担任海军最高级将领之一，指挥舰队或制定高级军事部署与作战决策。,"[""Leadership""]"
Plastic arts,1,Culture,resolved,high,agent_semantic_review,造型艺术指绘画、雕塑、版画等视觉造型创作领域；该词描述艺术门类，不指定某一岗位。,"[""Culture""]"
Herder,1,Other,resolved,medium,agent_semantic_review,“Herder”是提供标题所指的日常服务、运输、维修、照护、手工业或一般商业服务的职业称谓，不属于艺术文化、科学技术、公共权力或竞技体育领域，归入Other。,"[""Other""]"
Football Analyst,1,Culture,resolved,medium,agent_semantic_review,足球分析师在媒体语境中解读比赛并向观众传播评论；这是体育新闻/评论工作，不等于参赛运动员或教练。,"[""Culture""]"
Kathak Dancer,1,Culture,resolved,high,agent_semantic_review,表演印度卡塔克古典舞，以复杂步伐、旋转、手势和节奏讲述故事。,"[""Culture""]"
Showrunner,1,Culture,resolved,medium,agent_semantic_review,“Showrunner”所指工作核心是支持或统筹影视、广播、音乐及其他文化内容的制作、技术实现或发行，属于文化生产、表演或传播职能，归入Culture。,"[""Culture""]"
IT service management,1,,needs_context,low,agent_semantic_review,IT服务管理可指技术运营领域或管理职能，未给出具体职位职责。,"[""Discovery/Science"",""Leadership""]"
Legal nurse consultant,1,Discovery/Science,resolved,high,agent_semantic_review,运用护理专业知识审阅医疗记录、解释临床标准，并协助律师理解医疗事实和伤害问题。,"[""Discovery/Science""]"
Direct marketing,1,Other,resolved,high,agent_semantic_review,"Plans direct promotional contact such as mail, phone, or targeted messages to prospective customers; it names a marketing practice rather than company leadership.","[""Other""]"
Inbound Marketing,1,Other,resolved,medium,primary_semantic_adjudication,完整短语指数字营销、搜索优化或获客业务，按作者marketing→Worker/Business(small)归Other；活动/领域名称仅作职业词表中的功能映射，不据此断言人物具体岗位。,"[""Other""]"
Atmospheric scientist,1,Discovery/Science,resolved,high,agent_semantic_review,大气科学家分析天气和气候观测数据，研究大气过程并建立预测或环境模型。,"[""Discovery/Science""]"
United States Ambassador to Seychelles,1,Leadership,resolved,high,agent_semantic_review,“United States Ambassador to Seychelles”的职责是参与公共政策、政治组织、外交或社会倡议的决策和协调，对应公共治理、法律/军事/宗教权威或企业金融领导，归入Leadership。,"[""Leadership""]"
Mandolinist,1,Culture,retained_exact_unique,source_exact,author_exact_unique,完整职业词与作者规则精确一致，且规则候选 L1 唯一；本轮保留原映射。,"[""Culture""]"
Nailist,1,Other,resolved,high,agent_semantic_review,美甲师为顾客清洁、修整和美容指甲，属于个人护理服务工作。,"[""Other""]"
Curriculum Director,1,Discovery/Science,resolved,medium,agent_semantic_review,制定课程框架和教学标准，协调学科团队并评估学校课程实施效果。,"[""Discovery/Science""]"
Image consultant,1,Other,resolved,medium,agent_semantic_review,“Image consultant”是提供标题所指的日常服务、运输、维修、照护、手工业或一般商业服务的职业称谓，不属于艺术文化、科学技术、公共权力或竞技体育领域，归入Other。,"[""Other""]"
Boat builder,1,Other,resolved,medium,primary_semantic_adjudication,制造、装配或修造船只的船匠/工匠；完整词没有表示造船工程研发或建筑设计职责。,"[""Other""]"
Master mariner,1,Leadership,resolved,high,agent_semantic_review,Master mariner 是具备商船驾驶资格的高级船舶指挥人员，承担航行与船员管理职责。,"[""Leadership""]"
European Historian,1,Discovery/Science,resolved,medium,agent_semantic_review,“European Historian”从事的核心职责是开展该学科的研究、证据分析与知识产出，其工作属于知识发现、学术/医疗或技术开发，归入Discovery/Science。,"[""Discovery/Science""]"
Butler,1,Other,retained_exact_unique,source_exact,author_exact_unique,完整职业词与作者规则精确一致，且规则候选 L1 唯一；本轮保留原映射。,"[""Other""]"
Entrepreneur (Small Business) Nightclub and Auto Paint and Body Shops,1,Other,resolved,medium,agent_semantic_review,该称谓明确指小企业经营者，管理夜店和汽车修理/喷漆店等本地小型生意。,"[""Other""]"
Sociologist of Science,1,Discovery/Science,resolved,high,agent_semantic_review,研究科学组织、研究者群体和知识生产如何受到社会制度与文化影响。,"[""Discovery/Science""]"
Test engineer,1,Discovery/Science,resolved,medium,agent_semantic_review,“Test engineer”从事的核心职责是从事专业教学、技术设计开发、测试或学术研究，其工作属于知识发现、学术/医疗或技术开发，归入Discovery/Science。,"[""Discovery/Science""]"
Botanical Explorer,1,Discovery/Science,resolved,medium,agent_semantic_review,植物探险家进行野外考察，寻找、记录和采集植物样本以补充物种与生态知识。,"[""Discovery/Science""]"
Media Entrepreneur,1,Culture,resolved,medium,agent_semantic_review,Media entrepreneur 创办或经营媒体业务，职责直接围绕媒体内容制作/传播。,"[""Culture""]"
Neuroendocrinologist,1,Discovery/Science,resolved,medium,agent_semantic_review,“Neuroendocrinologist”从事的核心职责是以专门科学知识、学术研究、医疗服务或工程技术为主要职责，其工作属于知识发现、学术/医疗或技术开发，归入Discovery/Science。,"[""Discovery/Science""]"
Geheimrat,1,Leadership,retained_exact_unique,source_exact,author_exact_unique,完整职业词与作者规则精确一致，且规则候选 L1 唯一；本轮保留原映射。,"[""Leadership""]"
Botonist,1,Discovery/Science,resolved,high,agent_semantic_review,Botonist应为Botanist的拼写变体，指研究植物分类、结构或生理的植物学者。,"[""Discovery/Science""]"
Manager For a Catering Contractor,1,Leadership,resolved,medium,agent_semantic_review,Manager for a catering contractor 管理承接餐饮业务的承包商运营，核心职责是组织/商业管理。,"[""Leadership""]"
Arts Educator,1,Culture,resolved,medium,agent_semantic_review,“Arts Educator”所指工作核心是提供明确的艺术、媒体或文化产业创作与制作服务，属于文化生产、表演或传播职能，归入Culture。,"[""Culture""]"
Structural biologist,1,Discovery/Science,resolved,high,agent_semantic_review,结构生物学家研究生物分子与细胞结构，属于生命科学研究。,"[""Discovery/Science""]"
Information professional,1,,needs_context,low,agent_semantic_review,该泛称可覆盖图书馆、档案、信息技术和信息管理等不同岗位，未提供具体职责。,"[""Culture"",""Discovery/Science"",""Other""]"
Soundtrack Composer,1,Culture,resolved,medium,agent_semantic_review,“Soundtrack Composer”所指工作核心是支持或统筹影视、广播、音乐及其他文化内容的制作、技术实现或发行，属于文化生产、表演或传播职能，归入Culture。,"[""Culture""]"
Lutenist,1,Culture,retained_exact_unique,source_exact,author_exact_unique,完整职业词与作者规则精确一致，且规则候选 L1 唯一；本轮保留原映射。,"[""Culture""]"
Nursing Graduate,1,,needs_context,low,agent_semantic_review,Nursing Graduate表示护理专业毕业生或学历状态，不能确认其已从事护士职业。,"[""Discovery/Science"",""Other""]"
Stage mother,1,Other,resolved,high,agent_semantic_review,Stage mother 指陪伴并支持子女从事舞台/娱乐活动的家庭身份，不表示本人从事表演或制作工作，归 Other。,"[""Other""]"
Personal injury lawyer,1,Leadership,resolved,high,agent_semantic_review,“Personal injury lawyer”的职责是提供法律意见、代理当事人或行使司法/公证职权，对应公共治理、法律/军事/宗教权威或企业金融领导，归入Leadership。,"[""Leadership""]"
Information retrieval,1,,needs_context,low,agent_semantic_review,信息检索是研究/技术领域，可对应多种岗位，未明示具体职业。,"[""Discovery/Science""]"
Salonnieres,1,Culture,resolved,high,agent_semantic_review,Salonnières 主持文学/艺术沙龙并组织文化交流，属于文化传播活动。,"[""Culture""]"
m/0qcntlr,1,,needs_context,low,agent_semantic_review,This is an opaque Freebase identifier without a human-readable occupation label.,[]
Political analyst,1,,needs_context,low,agent_semantic_review,政治分析师可能从事新闻评论、学术研究或政府政策咨询，无法单凭头衔定类。,"[""Culture"",""Discovery/Science"",""Leadership""]"
Illegal drug dealer,1,Other,resolved,high,agent_semantic_review,Illegal drug dealer 指非法交易毒品者，是犯罪身份，按 Other 处理。,"[""Other""]"
Party leader,1,Leadership,resolved,high,agent_semantic_review,“Party leader”的职责是参与公共政策、政治组织、外交或社会倡议的决策和协调，对应公共治理、法律/军事/宗教权威或企业金融领导，归入Leadership。,"[""Leadership""]"
Android software development,1,Discovery/Science,resolved,medium,agent_semantic_review,为Android设备编写、测试和维护移动应用程序及相关软件功能。,"[""Discovery/Science""]"
Help Desk Coordinator,1,Other,resolved,medium,primary_semantic_adjudication,提供电脑设备安装、故障排查和用户支持，核心为技术服务/支持；与软件研发、科学研究职责区分。,"[""Other""]"
Personal chef,1,Other,resolved,medium,agent_semantic_review,“Personal chef”是提供标题所指的日常服务、运输、维修、照护、手工业或一般商业服务的职业称谓，不属于艺术文化、科学技术、公共权力或竞技体育领域，归入Other。,"[""Other""]"
Policy Consultant,1,,needs_context,low,agent_semantic_review,政策顾问可能服务政府决策，也可能从事智库/学术研究，短语未说明机构与职责。,"[""Leadership"",""Discovery/Science""]"
Medical technologist,1,Discovery/Science,resolved,high,agent_semantic_review,在临床实验室操作仪器并检测血液、组织或其他样本，为疾病诊断和治疗提供检验结果。,"[""Discovery/Science""]"
Painting,1,Culture,retained_exact_unique,source_exact,author_exact_unique,完整职业词与作者规则精确一致，且规则候选 L1 唯一；本轮保留原映射。,"[""Culture""]"
Yoga Consultant,1,Other,resolved,medium,agent_semantic_review,“Yoga Consultant”是提供标题所指的日常服务、运输、维修、照护、手工业或一般商业服务的职业称谓，不属于艺术文化、科学技术、公共权力或竞技体育领域，归入Other。,"[""Other""]"
Rob Gibsun,1,,needs_context,low,agent_semantic_review,看似人名而非职业名称，无法按身份字符串裁定。,[]
On-set Dresser,1,Culture,resolved,high,agent_semantic_review,片场布景师按设计摆放和维护家具、道具及现场陈设，保持拍摄空间的视觉连续性。,"[""Culture""]"
Computer repair technician,1,Other,resolved,medium,agent_semantic_review,“Computer repair technician”是提供标题所指的日常服务、运输、维修、照护、手工业或一般商业服务的职业称谓，不属于艺术文化、科学技术、公共权力或竞技体育领域，归入Other。,"[""Other""]"
Roller Skater,1,Sports/Games,resolved,medium,agent_semantic_review,穿轮滑鞋进行速度、花样或其他轮滑项目训练与比赛。,"[""Sports/Games""]"
Computer Tech,1,Other,resolved,medium,primary_semantic_adjudication,提供电脑设备安装、故障排查和用户支持，核心为技术服务/支持；与软件研发、科学研究职责区分。,"[""Other""]"
Biomedical Engineer,1,Discovery/Science,resolved,medium,agent_semantic_review,“Biomedical Engineer”从事的核心职责是运用医学专业知识提供诊断、治疗、护理或健康服务，其工作属于知识发现、学术/医疗或技术开发，归入Discovery/Science。,"[""Discovery/Science""]"
Computer professional,1,,needs_context,low,agent_semantic_review,计算机专业人员泛称可覆盖开发、运维、管理等不同职责。,"[""Discovery/Science"",""Leadership""]"
Arms Policy Analyst,1,Leadership,resolved,high,agent_semantic_review,Arms policy analyst 研究武器相关公共政策及其影响，属于政策分析而非科学研究。,"[""Leadership""]"
Navy pilot,1,Leadership,resolved,high,agent_semantic_review,“Navy pilot”的职责是在军队或公共安全体系履行指挥、军职或执法责任，对应公共治理、法律/军事/宗教权威或企业金融领导，归入Leadership。,"[""Leadership""]"
Pipefitter,1,Other,resolved,medium,agent_semantic_review,根据图纸切割、弯曲和连接管道，安装或维修工业、建筑中的输送系统。,"[""Other""]"
Nude model,1,Culture,resolved,medium,agent_semantic_review,裸体模特为绘画、雕塑或摄影创作者摆姿，供其研究人体比例、姿态和光影。,"[""Culture""]"
Rodeo clown,1,Culture,resolved,high,agent_semantic_review,"The rodeo title denotes a clown who entertains spectators during rodeo breaks; the PRCA distinguishes this from the bullfighter, whose job is rider protection, so the full phrase is a performance role.","[""Culture""]"
Business process outsourcing,1,,needs_context,low,agent_semantic_review,业务流程外包是行业活动/服务模式，可涉及销售、运营或技术支持，未给具体职位。,"[""Leadership"",""Other"",""Discovery/Science""]"
Financial Services,1,,needs_context,low,agent_semantic_review,这是金融服务行业/领域名称，没有指出具体金融职业或职责。,"[""Leadership"",""Other""]"
Information technology,1,,needs_context,low,agent_semantic_review,This names a broad technical field rather than a specific job or duty.,[]
Investment banking,1,,needs_context,low,primary_semantic_adjudication,此词指投行业务领域，可能覆盖投资银行家、分析员、经纪服务或管理职务，未标出个体实际岗位。,"[""Leadership"", ""Other""]"
Wrestling Booker,1,Sports/Games,resolved,high,agent_semantic_review,Wrestling booker 负责安排职业摔角比赛对阵和赛事内容，属于摔角竞赛组织。,"[""Sports/Games""]"
Taluk Office,1,,needs_context,low,agent_semantic_review,"This is an administrative office/unit label, not a person’s occupation.",[]
Promotional model,1,Culture,resolved,medium,primary_semantic_adjudication,以产品展示和公开形象呈现承担宣传模特工作；沿用作者model所覆盖的展示/文化呈现口径，两种大小写同义。,"[""Culture""]"
Oficer-Major of King Zog  I,1,Leadership,resolved,high,agent_semantic_review,为君主服务的高级军官，负责军职指挥或王室军事事务；原拼写不规范但角色指向军队任职。,"[""Leadership""]"
ADR Recordist,1,Culture,resolved,medium,agent_semantic_review,“ADR Recordist”所指工作核心是支持或统筹影视、广播、音乐及其他文化内容的制作、技术实现或发行，属于文化生产、表演或传播职能，归入Culture。,"[""Culture""]"
Aerial Coordinator,1,Culture,resolved,medium,agent_semantic_review,航空协调员规划影视中的航空镜头，协调飞行员、剧组和地面安全人员，并组织拍摄前安全简报。,"[""Culture""]"
Solicitor advocate,1,Leadership,resolved,high,agent_semantic_review,代表客户提供法律意见、准备案件材料，并在获准法院出庭辩护。,"[""Leadership""]"
Porcelain painter,1,Culture,resolved,medium,agent_semantic_review,“Porcelain painter”所指工作核心是创作或呈现艺术作品/现场表演，职业产出面向文化受众，属于文化生产、表演或传播职能，归入Culture。,"[""Culture""]"
Watercolor paint,1,,needs_context,low,agent_semantic_review,这是颜料媒材词组而非清晰职业名称。,[]
CG Artist,1,Culture,resolved,high,agent_semantic_review,使用三维建模、渲染或数字绘画制作电影、游戏或广告所需的电脑图像。,"[""Culture""]"
Business journalist,1,Culture,resolved,high,agent_semantic_review,"A business journalist reports and edits news about commerce; reporting is a media occupation, not business management.","[""Culture""]"
Free speech activist,1,,needs_context,low,agent_semantic_review,言论自由倡议者从事公共倡议，但头衔未表示其为政治领导者或公职人员。,"[""Leadership"",""Other""]"
Salsa Dancer,1,Culture,resolved,high,agent_semantic_review,萨尔萨舞者练习并表演萨尔萨舞步和编舞，在舞台、社交舞会或比赛中与舞伴共舞。,"[""Culture""]"
First Gentleman,1,Other,resolved,medium,agent_semantic_review,“First Gentleman”是承担明确的日常服务、普通职业劳动或小规模经营职责的职业称谓，不属于艺术文化、科学技术、公共权力或竞技体育领域，归入Other。,"[""Other""]"
geodesist,1,Discovery/Science,retained_exact_unique,source_exact,author_exact_unique,完整职业词与作者规则精确一致，且规则候选 L1 唯一；本轮保留原映射。,"[""Discovery/Science""]"
Ethnobotanist,1,Discovery/Science,resolved,medium,agent_semantic_review,研究不同社群如何识别、使用和管理植物，并结合植物学与人类学开展调查。,"[""Discovery/Science""]"
Singer/Songwriter/Producer/Filmmaker,1,Culture,resolved,high,agent_semantic_review,创作并演唱歌曲、制作录音，同时编导或制作影视内容，职责横跨多种文化作品生产。,"[""Culture""]"
Taxonomist,1,Discovery/Science,retained_exact_unique,source_exact,author_exact_unique,完整职业词与作者规则精确一致，且规则候选 L1 唯一；本轮保留原映射。,"[""Discovery/Science""]"
Chapmen,1,Other,resolved,high,agent_semantic_review,Chapmen are itinerant traders/peddlers who travel to sell goods; this is small-scale commerce.,"[""Other""]"
Plant Biologist,1,Discovery/Science,resolved,high,agent_semantic_review,植物生物学家研究植物的生理、遗传、生态或分类，属于生命科学研究。,"[""Discovery/Science""]"
Founder/President T. Mellon & Sons Bank,1,Leadership,resolved,medium,agent_semantic_review,银行创办人兼总裁创立并领导银行，制定经营和贷款方向，监督金融业务、员工及客户关系。,"[""Leadership""]"
Stylist,1,Culture,retained_exact_unique,source_exact,author_exact_unique,完整职业词与作者规则精确一致，且规则候选 L1 唯一；本轮保留原映射。,"[""Culture""]"
Pyrotechnician,1,Other,resolved,medium,agent_semantic_review,“Pyrotechnician”是提供标题所指的日常服务、运输、维修、照护、手工业或一般商业服务的职业称谓，不属于艺术文化、科学技术、公共权力或竞技体育领域，归入Other。,"[""Other""]"
Rails Developer,1,Discovery/Science,resolved,medium,agent_semantic_review,使用Ruby on Rails框架设计、编写和维护网站或网络应用程序。,"[""Discovery/Science""]"
Ruby Developer,1,Discovery/Science,resolved,high,agent_semantic_review,Ruby developer 使用 Ruby 编写和维护软件，属于软件技术开发。,"[""Discovery/Science""]"
Sound Re-Recordist,1,Culture,resolved,high,primary_semantic_adjudication,从事录音、混音或声音后期，为音乐和影视作品实现音频效果；此处engineer指声音制作岗位。,"[""Culture""]"
Penologist,1,Discovery/Science,retained_exact_unique,source_exact,author_exact_unique,完整职业词与作者规则精确一致，且规则候选 L1 唯一；本轮保留原映射。,"[""Discovery/Science""]"
Party organizer,1,,needs_context,low,primary_semantic_adjudication,Party可指政党，也可指社交派对；两种完整词义分别涉及政治组织或活动服务，缺少消歧限定。,"[""Leadership"", ""Other""]"
Outreach worker,1,Other,resolved,medium,agent_semantic_review,外展服务人员主动联系社区居民，介绍社会或健康服务、评估需求并协助申请和转介。,"[""Other""]"
Youth worker,1,Other,resolved,medium,agent_semantic_review,“Youth worker”是提供标题所指的日常服务、运输、维修、照护、手工业或一般商业服务的职业称谓，不属于艺术文化、科学技术、公共权力或竞技体育领域，归入Other。,"[""Other""]"
Veterinary Technician,1,Discovery/Science,resolved,medium,agent_semantic_review,协助兽医进行动物检查、采样、治疗和手术准备，并照护住院动物。,"[""Discovery/Science""]"
Divemaster,1,Sports/Games,resolved,medium,agent_semantic_review,带领休闲潜水者进行水下潜水，进行安全简报、检查装备并在潜水过程中引导队伍。,"[""Sports/Games""]"
Hacker (TV subject),1,,needs_context,low,agent_semantic_review,"This is a TV-subject descriptor; it does not establish whether the person is a computer-security professional, criminal intruder, or merely depicted subject.",[]
Advocate General,1,Leadership,resolved,medium,agent_semantic_review,总检察长/政府首席法律顾问代表国家或政府处理法律事务，向行政机构提供意见并在法院陈述立场。,"[""Leadership""]"
Central Intelligence Agency Officer,1,Leadership,resolved,high,agent_semantic_review,为国家情报机构收集、分析或管理海外情报，并执行授权的国家安全任务。,"[""Leadership""]"
Staff,1,,needs_context,low,agent_semantic_review,“Staff” is a generic employment descriptor without a specific role or duties.,[]
Singer (Profession) #212,1,Culture,resolved,high,agent_semantic_review,忽略Profession和编号标记后，该职业以演唱歌曲、排练曲目并进行录音或现场演出为核心。,"[""Culture""]"
Nature Historian,1,Discovery/Science,resolved,high,agent_semantic_review,自然史研究者观察和记录自然环境、生物与地质变化，利用标本、档案或野外资料撰写研究。,"[""Discovery/Science""]"
Prince of Novgorod,1,Leadership,resolved,high,agent_semantic_review,“Prince of Novgorod”的职责是承载王室/贵族身份或宫廷职务所赋予的治理、礼仪权责，对应公共治理、法律/军事/宗教权威或企业金融领导，归入Leadership。,"[""Leadership""]"
Call Center Agent,1,Other,resolved,medium,agent_semantic_review,接听或拨打客户电话，回答咨询、处理订单或记录服务请求。,"[""Other""]"
Communications Consultant,1,Culture,resolved,medium,primary_semantic_adjudication,为组织提供信息表达、媒体关系和公众传播建议，按传播咨询职能归文化传播。,"[""Culture""]"
Architectural Critic,1,Culture,resolved,medium,agent_semantic_review,“Architectural Critic”所指工作核心是采访、撰写、编辑、评论或向公众传播文化/媒体内容，属于文化生产、表演或传播职能，归入Culture。,"[""Culture""]"
Sheriff officer,1,Leadership,resolved,medium,agent_semantic_review,执行地方治安与法院相关职责，例如巡逻、调查案件、送达法律文件或协助执行法令。,"[""Leadership""]"
Nurse anesthetist,1,Discovery/Science,resolved,high,agent_semantic_review,麻醉护理师在手术前后评估患者，实施或协助麻醉并监测生命体征和苏醒恢复。,"[""Discovery/Science""]"
pedagogue assistant,1,Discovery/Science,resolved,medium,agent_semantic_review,“pedagogue assistant”从事的核心职责是以专门科学知识、学术研究、医疗服务或工程技术为主要职责，其工作属于知识发现、学术/医疗或技术开发，归入Discovery/Science。,"[""Discovery/Science""]"
Physician assistant,1,Discovery/Science,resolved,medium,agent_semantic_review,在医生监督或协作下询问病史、检查患者、协助诊断并提供治疗和随访。,"[""Discovery/Science""]"
Hydrographer,1,Discovery/Science,retained_exact_unique,source_exact,author_exact_unique,完整职业词与作者规则精确一致，且规则候选 L1 唯一；本轮保留原映射。,"[""Discovery/Science""]"
Hydrogeologist,1,Discovery/Science,resolved,high,agent_semantic_review,研究地下水的分布、流动和水质，利用地质调查与水文数据评估水资源和地下环境。,"[""Discovery/Science""]"
Methodist Preacher (Profession),1,Leadership,resolved,high,agent_semantic_review,“Methodist Preacher (Profession)”的职责是担任宗教组织的教职、权威或带领信众，对应公共治理、法律/军事/宗教权威或企业金融领导，归入Leadership。 词项中的编号及/或“(Profession)”是数据库区分标记，不改变该职业的职责含义。,"[""Leadership""]"
Bootseller,1,Other,resolved,medium,agent_semantic_review,靴鞋销售员向顾客介绍和销售靴子，整理货品、补充库存并处理付款。,"[""Other""]"
Rocket scientist,1,Discovery/Science,resolved,high,agent_semantic_review,设计或分析火箭推进、飞行结构、导航和控制系统，并验证发射与飞行性能。,"[""Discovery/Science""]"
Wrangler,1,,needs_context,low,agent_semantic_review,Wrangler may handle livestock or serve as a film/production wrangler; the domain is unspecified.,"[""Other"",""Culture""]"
Figure skating coach,1,Sports/Games,resolved,high,agent_semantic_review,教授花样滑冰技术、跳跃和旋转，安排冰上训练并为运动员设计比赛节目。,"[""Sports/Games""]"
Puzzle designer,1,Culture,resolved,medium,primary_semantic_adjudication,创作谜题规则、题面及解题体验，是创意内容设计；与Computer game designer同一设计口径，区别于竞技参与者。,"[""Culture""]"
Refrigeration Engineer,1,Discovery/Science,resolved,medium,agent_semantic_review,“Refrigeration Engineer”从事的核心职责是从事专业教学、技术设计开发、测试或学术研究，其工作属于知识发现、学术/医疗或技术开发，归入Discovery/Science。,"[""Discovery/Science""]"
Architectural Sculptor,1,Culture,resolved,medium,agent_semantic_review,为建筑或公共空间设计并制作雕塑、浮雕等装饰性艺术构件。,"[""Culture""]"
Settler,1,Discovery/Science,retained_exact_unique,source_exact,author_exact_unique,完整职业词与作者规则精确一致，且规则候选 L1 唯一；本轮保留原映射。,"[""Discovery/Science""]"
Palaeontologist (Profession) #1,1,Discovery/Science,resolved,high,agent_semantic_review,忽略Profession和编号标记后，该研究者通过化石采集、鉴定和比较重建古生物及其演化历史。,"[""Discovery/Science""]"
Book Designer,1,Culture,resolved,medium,agent_semantic_review,“Book Designer”所指工作核心是创作或呈现艺术作品/现场表演，职业产出面向文化受众，属于文化生产、表演或传播职能，归入Culture。,"[""Culture""]"
Joiner,1,Other,retained_exact_unique,source_exact,author_exact_unique,完整职业词与作者规则精确一致，且规则候选 L1 唯一；本轮保留原映射。,"[""Other""]"
Moneylender,1,Leadership,resolved,medium,agent_semantic_review,放贷人向个人或商户提供贷款，评估偿还能力、约定利息与期限并收取还款。,"[""Leadership""]"
Peddler,1,Other,resolved,high,agent_semantic_review,走街串巷或在临时摊位向顾客推销并出售小商品。,"[""Other""]"
Orientalist,1,Discovery/Science,retained_exact_unique,source_exact,author_exact_unique,完整职业词与作者规则精确一致，且规则候选 L1 唯一；本轮保留原映射。,"[""Discovery/Science""]"
Train Conductor,1,Other,resolved,medium,agent_semantic_review,“Train Conductor”是提供标题所指的日常服务、运输、维修、照护、手工业或一般商业服务的职业称谓，不属于艺术文化、科学技术、公共权力或竞技体育领域，归入Other。,"[""Other""]"
Diocesan bishop,1,Leadership,resolved,high,agent_semantic_review,负责一个教区的牧灵、神职人员监督、教务行政和宗教仪式领导。,"[""Leadership""]"
Gunslinger,1,Other,resolved,medium,agent_semantic_review,枪手/持枪打手以枪械参与决斗、护卫或暴力冲突；该称呼多指历史/负面身份而非正规职业。,"[""Other""]"
Marksman,1,,needs_context,low,agent_semantic_review,Marksman can denote competitive precision shooting or a military sharpshooter; the setting is not stated.,"[""Sports/Games"",""Leadership""]"
Animal control service,1,Other,resolved,medium,agent_semantic_review,处理流浪或危险动物报告，捕捉并转运动物，并执行动物管理法规。,"[""Other""]"
Goatherd,1,Other,resolved,high,agent_semantic_review,放牧山羊并照料其饮水、饲料、健康和群体移动。,"[""Other""]"
Actor (Profession) #80,1,Culture,resolved,medium,agent_semantic_review,“Actor (Profession) #80”所指工作核心是创作或呈现艺术作品/现场表演，职业产出面向文化受众，属于文化生产、表演或传播职能，归入Culture。 词项中的编号及/或“(Profession)”是数据库区分标记，不改变该职业的职责含义。,"[""Culture""]"
Ringmaster,1,Culture,resolved,medium,agent_semantic_review,马戏主持人介绍并串联各项演出，提示演员登场和节目转换，维持观众注意与演出流程。,"[""Culture""]"
Audio Dramatist,1,Culture,resolved,high,agent_semantic_review,创作广播或音频剧本，通过对白、音效和音乐构建戏剧情节。,"[""Culture""]"
Rector (Profession),1,Discovery/Science,resolved,medium,primary_semantic_adjudication,去除不改变词义的Profession标记后为Rector；本轮按作者精确rector的Academia口径统一同词映射。该词另有宗教含义，但没有新增宗教限定。,"[""Discovery/Science""]"
elder,1,,needs_context,low,agent_semantic_review,elder可指宗教/社群长者、资深身份或具体职位，短语没有职责语境。,"[""Leadership"",""Other""]"
Slave Trader,1,Other,resolved,high,agent_semantic_review,买卖或转运被奴役的人以牟利；这是历史上以人口贩卖为核心的犯罪性身份。,"[""Other""]"
Stamp designer,1,Culture,resolved,medium,agent_semantic_review,“Stamp designer”所指工作核心是创作或呈现艺术作品/现场表演，职业产出面向文化受众，属于文化生产、表演或传播职能，归入Culture。,"[""Culture""]"
Antropology,1,,needs_context,low,agent_semantic_review,疑为Anthropology拼写错误；该词是学科名称而非明确职业岗位。,"[""Discovery/Science""]"
Professional Artist,1,Culture,resolved,medium,agent_semantic_review,职业艺术家以艺术创作为职业，持续制作、展示或销售作品；具体媒介和创作职责未在该称谓中说明。,"[""Culture""]"
Conversion Rate Optimisation,1,Other,resolved,medium,primary_semantic_adjudication,完整短语指数字营销、搜索优化或获客业务，按作者marketing→Worker/Business(small)归Other；活动/领域名称仅作职业词表中的功能映射，不据此断言人物具体岗位。,"[""Other""]"
Management,1,Leadership,retained_exact_unique,source_exact,author_exact_unique,完整职业词与作者规则精确一致，且规则候选 L1 唯一；本轮保留原映射。,"[""Leadership""]"
Pediatrics,1,Discovery/Science,retained_exact_unique,source_exact,author_exact_unique,完整职业词与作者规则精确一致，且规则候选 L1 唯一；本轮保留原映射。,"[""Discovery/Science""]"
IT/Software Developer,1,Discovery/Science,resolved,medium,agent_semantic_review,分析软件需求、编写程序并测试和维护信息技术应用或系统。,"[""Discovery/Science""]"
Web Application Developer,1,Discovery/Science,resolved,high,agent_semantic_review,编写、测试和维护运行于浏览器或网络服务器上的应用程序及其数据接口。,"[""Discovery/Science""]"
Inbound marketing,1,Other,resolved,medium,primary_semantic_adjudication,完整短语指数字营销、搜索优化或获客业务，按作者marketing→Worker/Business(small)归Other；活动/领域名称仅作职业词表中的功能映射，不据此断言人物具体岗位。,"[""Other""]"
Industriemechaniker,1,Other,resolved,high,primary_semantic_adjudication,德国工业机械技工制造装配机械零件，调试并维修生产设备，按作者mechanic/technician普通工种归Other；不是研发工程师。,"[""Other""]"
Online marketing consultant specializing in SEO,1,Other,resolved,medium,agent_semantic_review,该职位专门为网站提供 SEO 与线上推广咨询，属于常规营销服务岗位，归 Other。,"[""Other""]"
m/012zw2f7,1,,needs_context,low,agent_semantic_review,This is an opaque Freebase identifier without a human-readable occupation label.,[]
Marketing Specialist,1,Other,resolved,high,agent_semantic_review,市场专员开展市场调研、推广与营销执行，属商业服务职能；作者对 marketing 的正式归类是 Worker/Business (small)，对应 Other。,"[""Other""]"
Affiliate,1,,needs_context,low,agent_semantic_review,该词可表示商业关联者、营销推广者或其他从属关系，缺少实际岗位语境。,"[""Culture"",""Leadership"",""Other""]"
Business Analyst,1,,needs_context,low,agent_semantic_review,"Business analyst can mean organizational strategy, financial analysis, or technical systems analysis; the specialization is absent.","[""Leadership"",""Other"",""Discovery/Science""]"
Digital Marketing Strategist (Job title),1,Other,resolved,medium,primary_semantic_adjudication,完整短语指数字营销、搜索优化或获客业务，按作者marketing→Worker/Business(small)归Other；活动/领域名称仅作职业词表中的功能映射，不据此断言人物具体岗位。,"[""Other""]"
