rank	raw_value	graph_people	level1	review_status	confidence	mapping_source	semantic_rationale	evidence	rationale_reviewer	candidate_l1s_json	reviewer	primary_reviewed	agent_level1	agent_review_status	original_lookup_method	original_match_status	original_candidate_level1	original_parent_pairs_json	previous_llm_level1	previous_llm_status	level2_review_status	human_review_status	label_status
4	Performance Artist	16505	Culture	resolved	high	primary_semantic_adjudication	行为艺术家以身体、行动及现场呈现创作艺术作品，属于艺术创作与表演。	occupation_meaning:行为艺术创作表演	primary_semantic_review	"[""Culture""]"	primary_semantic_review	1	Culture	resolved	author_substring	substring_unique_candidate	Culture	"[[""Culture"",""Culture-core""]]"	Culture	proposed	deferred	not_reviewed	semantic_review_draft_not_frozen
7	Film director	8505	Culture	resolved	high	agent_semantic_review	导演确定影片的叙事和视觉风格，统筹演员表演、摄影、场面调度，并与剪辑等部门完成影片。	occupation_meaning:导演确定影片的叙事和视觉风格，统筹演员表演、摄影、场面调度，并与剪辑等部门完成影片。	rationale_batch_1	"[""Culture""]"	bhht_semantic_batch_2	0	Culture	resolved	author_substring	substring_unique_candidate	Culture	"[[""Culture"",""Culture-core""]]"	Culture	proposed	deferred	not_reviewed	semantic_review_draft_not_frozen
8	Film Producer	8141	Culture	resolved	medium	agent_semantic_review	“Film Producer”所指工作核心是支持或统筹影视、广播、音乐及其他文化内容的制作、技术实现或发行，属于文化生产、表演或传播职能，归入Culture。	occupation_meaning:Film Producer：文化创作、表演、媒体传播或文化产品制作/发行职责	bhht_semantic_batch_3	"[""Culture""]"	bhht_semantic_batch_3	0	Culture	resolved	author_substring	substring_unique_candidate	Culture	"[[""Culture"",""Culture-core""]]"	Culture	proposed	deferred	not_reviewed	semantic_review_draft_not_frozen
12	Business executive	4245	Leadership	resolved	medium	agent_semantic_review	制定企业经营计划、配置资金和人员，并监督部门负责人执行商业目标。	occupation_meaning:制定企业经营计划、配置资金和人员，并监督部门负责人执行商业目标。	rationale_batch_2	"[""Leadership""]"	bhht_semantic_batch_1	0	Leadership	resolved	author_substring	substring_unique_candidate	Leadership	"[[""Leadership"",""Corporate/Executive/Business (large)""]]"	Leadership	proposed	deferred	not_reviewed	semantic_review_draft_not_frozen
14	Businessperson	4031	Leadership	resolved	high	agent_semantic_review	经营或创办商业活动，决定产品、交易、客户及日常运营事项；具体管理规模需看上下文。	occupation_meaning:经营或创办商业活动，决定产品、交易、客户及日常运营事项；具体管理规模需看上下文。	rationale_batch_3	"[""Leadership""]"	bhht_semantic_batch_2	0	Leadership	resolved	author_substring	substring_unique_candidate	Leadership	"[[""Leadership"",""Corporate/Executive/Business (large)""]]"	Leadership	proposed	deferred	not_reviewed	semantic_review_draft_not_frozen
16	Voice Actor	3657	Culture	resolved	medium	agent_semantic_review	“Voice Actor”所指工作核心是创作或呈现艺术作品/现场表演，职业产出面向文化受众，属于文化生产、表演或传播职能，归入Culture。	occupation_meaning:Voice Actor：文化创作、表演、媒体传播或文化产品制作/发行职责	bhht_semantic_batch_3	"[""Culture""]"	bhht_semantic_batch_3	0	Culture	resolved	author_substring	substring_unique_candidate	Culture	"[[""Culture"",""Culture-core""]]"	Culture	proposed	deferred	not_reviewed	semantic_review_draft_not_frozen
18	Composer (Profession)	3520	Culture	resolved	high	agent_semantic_review	作曲家创作旋律、和声与乐曲结构，将音乐构思写成可演奏或录制的作品。	occupation_meaning:作曲家创作旋律、和声与乐曲结构，将音乐构思写成可演奏或录制的作品。	rationale_batch_1	"[""Culture""]"	bhht_semantic_batch_1	0	Culture	resolved	author_substring	substring_unique_candidate	Culture	"[[""Culture"",""Culture-core""]]"	Culture	proposed	deferred	not_reviewed	semantic_review_draft_not_frozen
19	Television producer	3307	Culture	resolved	high	agent_semantic_review	统筹电视节目的选题、预算、演职人员、拍摄进度及播出交付。	occupation_meaning:统筹电视节目的选题、预算、演职人员、拍摄进度及播出交付。	rationale_batch_2	"[""Culture""]"	bhht_semantic_batch_2	0	Culture	resolved	author_substring	substring_same_l1_multiple_l2	Culture	"[[""Culture"",""Culture-core""],[""Culture"",""Culture-periphery""]]"	Culture	proposed	deferred	not_reviewed	semantic_review_draft_not_frozen
21	Broadcaster	3132	Culture	resolved	medium	agent_semantic_review	“Broadcaster”所指工作核心是采访、撰写、编辑、评论或向公众传播文化/媒体内容，属于文化生产、表演或传播职能，归入Culture。	occupation_meaning:Broadcaster：文化创作、表演、媒体传播或文化产品制作/发行职责	bhht_semantic_batch_3	"[""Culture""]"	bhht_semantic_batch_3	0	Culture	resolved	author_substring	substring_unique_candidate	Culture	"[[""Culture"",""Culture-periphery""]]"	Culture	proposed	deferred	not_reviewed	semantic_review_draft_not_frozen
23	Football player	2863	Sports/Games	resolved	high	agent_semantic_review	参加足球比赛并通过训练、配合和场上攻防争取比赛结果。	occupation_meaning:参加足球比赛并通过训练、配合和场上攻防争取比赛结果。	rationale_batch_3	"[""Sports/Games""]"	bhht_semantic_batch_1	0	Sports/Games	resolved	author_substring	substring_unique_candidate	Sports/Games	"[[""Sports/Games"",""Sports/Games""]]"	Sports/Games	proposed	deferred	not_reviewed	semantic_review_draft_not_frozen
27	Television director	2438	Culture	resolved	high	agent_semantic_review	电视导演规划节目镜头和现场调度，指导主持人与摄制组完成节目拍摄或直播。	occupation_meaning:电视导演规划节目镜头和现场调度，指导主持人与摄制组完成节目拍摄或直播。	rationale_batch_1	"[""Culture""]"	bhht_semantic_batch_2	0	Culture	resolved	author_substring	substring_unique_candidate	Culture	"[[""Culture"",""Culture-periphery""]]"	Culture	proposed	deferred	not_reviewed	semantic_review_draft_not_frozen
29	Criminal defense lawyer	2304	Leadership	resolved	high	primary_semantic_adjudication	刑事辩护律师为刑事案件当事人提供法律代理与辩护；criminal修饰案件领域，不代表律师是犯罪者。	author_role_analogy:lawyer/Administration-Law	primary_semantic_review	"[""Leadership""]"	primary_semantic_review	1	Leadership	resolved	author_substring	substring_cross_l1_conflict		"[[""Leadership"",""Administration/Law""],[""Other"",""Other""]]"	Leadership	proposed	deferred	not_reviewed	semantic_review_draft_not_frozen
34	Film Score Composer	2012	Culture	resolved	high	agent_semantic_review	为电影创作主题旋律、配器和场景配乐，并协调录音以贴合画面叙事。	occupation_meaning:为电影创作主题旋律、配器和场景配乐，并协调录音以贴合画面叙事。	rationale_batch_2	"[""Culture""]"	bhht_semantic_batch_1	0	Culture	resolved	author_substring	substring_unique_candidate	Culture	"[[""Culture"",""Culture-core""]]"	Culture	proposed	deferred	not_reviewed	semantic_review_draft_not_frozen
36	Health professional	1687	Discovery/Science	resolved	high	agent_semantic_review	评估健康状况、提供预防或治疗服务；该泛称没有限定具体医疗专科。	occupation_meaning:评估健康状况、提供预防或治疗服务；该泛称没有限定具体医疗专科。	rationale_batch_3	"[""Discovery/Science""]"	bhht_semantic_batch_2	0	Discovery/Science	resolved	no_author_rule	no_author_rule		[]	Discovery/Science	proposed	deferred	not_reviewed	semantic_review_draft_not_frozen
38	Singer-songwriter	1599	Culture	resolved	medium	agent_semantic_review	“Singer-songwriter”所指工作核心是创作或呈现艺术作品/现场表演，职业产出面向文化受众，属于文化生产、表演或传播职能，归入Culture。	occupation_meaning:Singer-songwriter：文化创作、表演、媒体传播或文化产品制作/发行职责	bhht_semantic_batch_3	"[""Culture""]"	bhht_semantic_batch_3	0	Culture	resolved	author_substring	substring_unique_candidate	Culture	"[[""Culture"",""Culture-core""]]"	Culture	proposed	deferred	not_reviewed	semantic_review_draft_not_frozen
41	Healthcare professional	1555	Discovery/Science	resolved	medium	agent_semantic_review	医疗专业人员评估健康需要，提供预防、诊断、治疗或康复照护；该泛称不指定临床专科。	occupation_meaning:医疗专业人员评估健康需要，提供预防、诊断、治疗或康复照护；该泛称不指定临床专科。	rationale_batch_1	"[""Discovery/Science""]"	bhht_semantic_batch_1	0	Discovery/Science	resolved	no_author_rule	no_author_rule		[]	Discovery/Science	proposed	deferred	not_reviewed	semantic_review_draft_not_frozen
43	Cameraman	1466	Culture	resolved	high	agent_semantic_review	操作摄影机选择机位、镜头和运动方式，拍摄影视或新闻画面。	occupation_meaning:操作摄影机选择机位、镜头和运动方式，拍摄影视或新闻画面。	rationale_batch_2	"[""Culture""]"	bhht_semantic_batch_2	0	Culture	resolved	no_author_rule	no_author_rule		[]	Culture	proposed	deferred	not_reviewed	semantic_review_draft_not_frozen
47	Film editor	1401	Culture	resolved	medium	agent_semantic_review	“Film editor”所指工作核心是采访、撰写、编辑、评论或向公众传播文化/媒体内容，属于文化生产、表演或传播职能，归入Culture。	occupation_meaning:Film editor：文化创作、表演、媒体传播或文化产品制作/发行职责	bhht_semantic_batch_3	"[""Culture""]"	bhht_semantic_batch_3	0	Culture	resolved	author_substring	substring_same_l1_multiple_l2	Culture	"[[""Culture"",""Culture-core""],[""Culture"",""Culture-periphery""]]"	Culture	proposed	deferred	not_reviewed	semantic_review_draft_not_frozen
48	Music Producer	1379	Culture	resolved	medium	agent_semantic_review	统筹录音项目的曲目、演奏者、录音流程与成品声音，推动音乐作品完成发行。	occupation_meaning:统筹录音项目的曲目、演奏者、录音流程与成品声音，推动音乐作品完成发行。	rationale_batch_3	"[""Culture""]"	bhht_semantic_batch_1	0	Culture	resolved	author_substring	substring_unique_candidate	Culture	"[[""Culture"",""Culture-core""]]"	Culture	proposed	deferred	not_reviewed	semantic_review_draft_not_frozen
50	Music executive	1298	Culture	resolved	medium	primary_semantic_adjudication	本轮按唱片、艺人及音乐内容业务的专门管理岗位归文化产业；这是完整短语的语义映射，不是作者对该完整词的精确分类。若人物另有CEO等职业应分别按其职责映射。	occupation_meaning:音乐产业专门业务管理; author_role_analogy:music/Culture; https://www.berklee.edu/careers/roles/ar-director	primary_semantic_review	"[""Culture""]"	primary_semantic_review	1	Culture	resolved	author_substring	substring_cross_l1_conflict		"[[""Culture"",""Culture-core""],[""Leadership"",""Corporate/Executive/Business (large)""]]"	Leadership	proposed	deferred	not_reviewed	semantic_review_draft_not_frozen
55	Guitarist	1057	Culture	resolved	medium	agent_semantic_review	“Guitarist”所指工作核心是创作或呈现艺术作品/现场表演，职业产出面向文化受众，属于文化生产、表演或传播职能，归入Culture。	occupation_meaning:Guitarist：文化创作、表演、媒体传播或文化产品制作/发行职责	bhht_semantic_batch_3	"[""Culture""]"	bhht_semantic_batch_3	0	Culture	resolved	author_substring	substring_unique_candidate	Culture	"[[""Culture"",""Culture-core""]]"	Culture	proposed	deferred	not_reviewed	semantic_review_draft_not_frozen
58	Theatre Director	996	Culture	resolved	medium	agent_semantic_review	戏剧导演解读剧本、确定舞台呈现方案，指导演员排演并协调布景、灯光和舞台行动。	occupation_meaning:戏剧导演解读剧本、确定舞台呈现方案，指导演员排演并协调布景、灯光和舞台行动。	rationale_batch_1	"[""Culture""]"	bhht_semantic_batch_1	0	Culture	resolved	author_substring	substring_unique_candidate	Culture	"[[""Culture"",""Culture-core""]]"	Culture	proposed	deferred	not_reviewed	semantic_review_draft_not_frozen
61	Official	913		needs_context	low	agent_semantic_review	“Official”只表示某种正式职务或身份，未说明是政府、体育、企业还是其他机构，缺少岗位语境。	occupation_meaning:原值只给出泛称、资格、身份或无法确认的文本，需补充具体职责/语境。	bhht_semantic_batch_2	"[""Leadership"",""Sports/Games"",""Other""]"	bhht_semantic_batch_2	0		needs_context	no_author_rule	no_author_rule		[]		needs_review	deferred	not_reviewed	semantic_review_draft_not_frozen
62	American Football player	872	Sports/Games	resolved	high	agent_semantic_review	“American Football player”的工作直接围绕体育训练、竞技或比赛规则展开，具体职责是作为选手参加有规则的体育项目训练和竞技，归入Sports/Games。	occupation_meaning:American Football player：体育/武术训练、竞技、执裁或队伍管理职责	bhht_semantic_batch_3	"[""Sports/Games""]"	bhht_semantic_batch_3	0	Sports/Games	resolved	author_substring	substring_unique_candidate	Sports/Games	"[[""Sports/Games"",""Sports/Games""]]"	Sports/Games	proposed	deferred	not_reviewed	semantic_review_draft_not_frozen
64	Baseball Player	751	Sports/Games	resolved	high	agent_semantic_review	训练并参加棒球比赛，在攻守局面中击球、跑垒或守备。	occupation_meaning:训练并参加棒球比赛，在攻守局面中击球、跑垒或守备。	rationale_batch_2	"[""Sports/Games""]"	bhht_semantic_batch_1	0	Sports/Games	resolved	author_substring	substring_unique_candidate	Sports/Games	"[[""Sports/Games"",""Sports/Games""]]"	Sports/Games	proposed	deferred	not_reviewed	semantic_review_draft_not_frozen
68	Religious Leader (Religious Leadership Title)	648	Leadership	resolved	high	agent_semantic_review	宗教领袖承担宗教共同体的权威与指导职责，按作者宗教领导类别归入 Leadership。	occupation_meaning:宗教领袖承担宗教共同体的权威与指导职责，按作者宗教领导类别归入 Leadership。; author_role_analogy:author L1 Leadership	bhht_semantic_batch_2	"[""Leadership""]"	bhht_semantic_batch_2	0	Leadership	resolved	author_substring	substring_unique_candidate	Leadership	"[[""Leadership"",""Religious""]]"	Leadership	proposed	deferred	not_reviewed	semantic_review_draft_not_frozen
72	Television crew	612	Culture	resolved	medium	agent_semantic_review	“Television crew”所指工作核心是提供明确的艺术、媒体或文化产业创作与制作服务，属于文化生产、表演或传播职能，归入Culture。	occupation_meaning:Television crew：文化创作、表演、媒体传播或文化产品制作/发行职责	bhht_semantic_batch_3	"[""Culture""]"	bhht_semantic_batch_3	0	Culture	resolved	author_substring	substring_unique_candidate	Culture	"[[""Culture"",""Culture-periphery""]]"		needs_review	deferred	not_reviewed	semantic_review_draft_not_frozen
78	Sex worker	456	Other	resolved	high	agent_semantic_review	按约定向客户提供性服务或成人陪伴服务；词项未指定具体服务形式。	occupation_meaning:按约定向客户提供性服务或成人陪伴服务；词项未指定具体服务形式。	rationale_batch_3	"[""Other""]"	bhht_semantic_batch_1	0	Other	resolved	author_substring	substring_unique_candidate	Other	"[[""Other"",""Worker/Business (small)""]]"		out_of_scope	deferred	not_reviewed	semantic_review_draft_not_frozen
79	Pornographic film actor	436	Culture	resolved	high	agent_semantic_review	成人影片演员在成人电影拍摄中按剧本表演角色，并配合导演完成镜头拍摄。	occupation_meaning:成人影片演员在成人电影拍摄中按剧本表演角色，并配合导演完成镜头拍摄。	rationale_batch_1	"[""Culture""]"	bhht_semantic_batch_2	0	Culture	resolved	author_substring	substring_unique_candidate	Culture	"[[""Culture"",""Culture-core""]]"	Culture	proposed	deferred	not_reviewed	semantic_review_draft_not_frozen
81	Ice Hockey Player	409	Sports/Games	resolved	high	agent_semantic_review	“Ice Hockey Player”的工作直接围绕体育训练、竞技或比赛规则展开，具体职责是作为选手参加有规则的体育项目训练和竞技，归入Sports/Games。	occupation_meaning:Ice Hockey Player：体育/武术训练、竞技、执裁或队伍管理职责	bhht_semantic_batch_3	"[""Sports/Games""]"	bhht_semantic_batch_3	0	Sports/Games	resolved	author_substring	substring_unique_candidate	Sports/Games	"[[""Sports/Games"",""Sports/Games""]]"	Sports/Games	proposed	deferred	not_reviewed	semantic_review_draft_not_frozen
85	Lyricist (Profession)	401	Culture	resolved	medium	agent_semantic_review	为歌曲创作歌词，使文字内容、韵律和主题与旋律及演唱相配。	occupation_meaning:为歌曲创作歌词，使文字内容、韵律和主题与旋律及演唱相配。	rationale_batch_2	"[""Culture""]"	bhht_semantic_batch_1	0	Culture	resolved	author_substring	substring_unique_candidate	Culture	"[[""Culture"",""Culture-core""]]"	Culture	proposed	deferred	not_reviewed	semantic_review_draft_not_frozen
86	Basketball Player	392	Sports/Games	resolved	high	agent_semantic_review	参加篮球训练和比赛，在场上执行进攻、防守及团队战术。	occupation_meaning:参加篮球训练和比赛，在场上执行进攻、防守及团队战术。	rationale_batch_3	"[""Sports/Games""]"	bhht_semantic_batch_2	0	Sports/Games	resolved	author_substring	substring_unique_candidate	Sports/Games	"[[""Sports/Games"",""Sports/Games""]]"	Sports/Games	proposed	deferred	not_reviewed	semantic_review_draft_not_frozen
87	Stunt Performer	390	Culture	resolved	medium	agent_semantic_review	“Stunt Performer”所指工作核心是创作或呈现艺术作品/现场表演，职业产出面向文化受众，属于文化生产、表演或传播职能，归入Culture。	occupation_meaning:Stunt Performer：文化创作、表演、媒体传播或文化产品制作/发行职责	bhht_semantic_batch_3	"[""Culture""]"	bhht_semantic_batch_3	0	Culture	resolved	author_substring	substring_unique_candidate	Culture	"[[""Culture"",""Culture-core""]]"	Culture	proposed	deferred	not_reviewed	semantic_review_draft_not_frozen
88	Radio personality	382	Culture	resolved	medium	agent_semantic_review	广播名人/电台主持人在节目中主持、访谈或评论，以声音内容维系听众互动。	occupation_meaning:广播名人/电台主持人在节目中主持、访谈或评论，以声音内容维系听众互动。	rationale_batch_1	"[""Culture""]"	bhht_semantic_batch_1	0	Culture	resolved	author_substring	substring_unique_candidate	Culture	"[[""Culture"",""Culture-periphery""]]"	Culture	proposed	deferred	not_reviewed	semantic_review_draft_not_frozen
89	Military Officer	382	Leadership	resolved	high	agent_semantic_review	指挥军人和部队执行训练、部署或作战任务，并负责纪律与行动协调。	occupation_meaning:指挥军人和部队执行训练、部署或作战任务，并负责纪律与行动协调。	rationale_batch_2	"[""Leadership""]"	bhht_semantic_batch_2	0	Leadership	resolved	author_substring	substring_unique_candidate	Leadership	"[[""Leadership"",""Military""]]"	Leadership	proposed	deferred	not_reviewed	semantic_review_draft_not_frozen
91	Agent	378		needs_context	low	agent_semantic_review	An agent can mean a talent representative, commercial intermediary, intelligence operative, or other role; this bare label does not identify the duties.	occupation_meaning:Agent：仅凭词项无法确定稳定职业职责	bhht_semantic_batch_3	[]	bhht_semantic_batch_3	0		needs_context	no_author_rule	no_author_rule		[]		needs_review	deferred	not_reviewed	semantic_review_draft_not_frozen
94	Race car driver	360	Sports/Games	resolved	medium	agent_semantic_review	驾驶赛车参加赛道竞速，通过操控车辆争取比赛名次。	occupation_meaning:驾驶赛车参加赛道竞速，通过操控车辆争取比赛名次。	rationale_batch_3	"[""Sports/Games""]"	bhht_semantic_batch_1	0	Sports/Games	resolved	author_substring	substring_unique_candidate	Sports/Games	"[[""Sports/Games"",""Sports/Games""]]"	Sports/Games	proposed	deferred	not_reviewed	semantic_review_draft_not_frozen
97	TV Personality (Profession)	346	Culture	resolved	high	agent_semantic_review	电视名人通过主持、访谈、表演或常驻节目露面形成电视公众形象；具体节目类型未限定。	occupation_meaning:电视名人通过主持、访谈、表演或常驻节目露面形成电视公众形象；具体节目类型未限定。	rationale_batch_1	"[""Culture""]"	bhht_semantic_batch_2	0	Culture	resolved	no_author_rule	no_author_rule		[]	Culture	proposed	deferred	not_reviewed	semantic_review_draft_not_frozen
100	Film art director	324	Culture	resolved	medium	agent_semantic_review	“Film art director”所指工作核心是支持或统筹影视、广播、音乐及其他文化内容的制作、技术实现或发行，属于文化生产、表演或传播职能，归入Culture。	occupation_meaning:Film art director：文化创作、表演、媒体传播或文化产品制作/发行职责	bhht_semantic_batch_3	"[""Culture""]"	bhht_semantic_batch_3	0	Culture	resolved	author_substring	substring_unique_candidate	Culture	"[[""Culture"",""Culture-core""]]"	Culture	proposed	deferred	not_reviewed	semantic_review_draft_not_frozen
103	Theatrical producer	316	Culture	resolved	medium	agent_semantic_review	筹措演出资源、聘用创作与演出人员，并组织戏剧排练、制作和上演。	occupation_meaning:筹措演出资源、聘用创作与演出人员，并组织戏剧排练、制作和上演。	rationale_batch_2	"[""Culture""]"	bhht_semantic_batch_1	0	Culture	resolved	author_substring	substring_unique_candidate	Culture	"[[""Culture"",""Culture-core""]]"	Culture	proposed	deferred	not_reviewed	semantic_review_draft_not_frozen
104	Translator (Film job)	298	Culture	resolved	medium	primary_semantic_adjudication	Film job限定影视翻译岗位，服务字幕、配音或影视文本制作，按专门文化制作职能归类。	occupation_meaning:影视翻译制作岗位	primary_semantic_review	"[""Culture""]"	primary_semantic_review	1	Culture	resolved	author_substring	substring_unique_candidate	Other	"[[""Other"",""Worker/Business (small)""]]"		needs_review	deferred	not_reviewed	semantic_review_draft_not_frozen
105	Music Director	289	Culture	resolved	medium	agent_semantic_review	“Music Director”所指工作核心是支持或统筹影视、广播、音乐及其他文化内容的制作、技术实现或发行，属于文化生产、表演或传播职能，归入Culture。	occupation_meaning:Music Director：文化创作、表演、媒体传播或文化产品制作/发行职责	bhht_semantic_batch_3	"[""Culture""]"	bhht_semantic_batch_3	0	Culture	resolved	author_substring	substring_unique_candidate	Culture	"[[""Culture"",""Culture-core""]]"	Culture	proposed	deferred	not_reviewed	semantic_review_draft_not_frozen
110	Disc jockey	269	Culture	resolved	high	primary_semantic_adjudication	选择、混音并播放录制音乐供广播或现场受众收听，是音乐传播岗位；不是赛马骑师。	occupation_meaning:DJ音乐播放混音; author_role_analogy:music/Culture	primary_semantic_review	"[""Culture""]"	primary_semantic_review	1	Culture	resolved	author_substring	substring_unique_candidate	Sports/Games	"[[""Sports/Games"",""Sports/Games""]]"	Culture	proposed	deferred	not_reviewed	semantic_review_draft_not_frozen
111	Arranger	265	Culture	resolved	high	agent_semantic_review	将旋律和和声改编为适合特定乐器、声部或演出编制的音乐谱面。	occupation_meaning:将旋律和和声改编为适合特定乐器、声部或演出编制的音乐谱面。	rationale_batch_3	"[""Culture""]"	bhht_semantic_batch_2	0	Culture	resolved	no_author_rule	no_author_rule		[]	Culture	proposed	deferred	not_reviewed	semantic_review_draft_not_frozen
114	Banker	254	Leadership	resolved	high	agent_semantic_review	“Banker”的职责是承担机构治理、金融资本配置、商业经营管理或政治公共事务职责，对应公共治理、法律/军事/宗教权威或企业金融领导，归入Leadership。	occupation_meaning:Banker：治理、法律、军职、宗教权威、外交或企业金融管理职责	bhht_semantic_batch_3	"[""Leadership""]"	bhht_semantic_batch_3	0	Leadership	resolved	author_substring	substring_unique_candidate	Leadership	"[[""Leadership"",""Corporate/Executive/Business (large)""]]"	Leadership	proposed	deferred	not_reviewed	semantic_review_draft_not_frozen
115	Agriculturalist	252	Other	resolved	medium	primary_semantic_adjudication	农业实务专家向农户或企业提供建议；本轮优先按作者同义agriculturist的Worker/Business(small)口径，而不因expert一词自动判为学术研究者。	author_role_analogy:agriculturist/Worker-Business-small; https://www.oxfordlearnersdictionaries.com/us/definition/american_english/agriculturalist	primary_semantic_review	"[""Other""]"	primary_semantic_review	1	Discovery/Science	resolved	no_author_rule	no_author_rule		[]		needs_review	deferred	not_reviewed	semantic_review_draft_not_frozen
117	Publisher (Editor title)	242	Culture	resolved	high	agent_semantic_review	出版编辑/出版人筛选和委托稿件，组织编辑校对、制作与发行，将作品推向读者。	occupation_meaning:出版编辑/出版人筛选和委托稿件，组织编辑校对、制作与发行，将作品推向读者。	rationale_batch_1	"[""Culture""]"	bhht_semantic_batch_2	0	Culture	resolved	author_substring	substring_unique_candidate	Culture	"[[""Culture"",""Culture-periphery""]]"	Culture	proposed	deferred	not_reviewed	semantic_review_draft_not_frozen
119	Music artist	239	Culture	resolved	medium	agent_semantic_review	“Music artist”所指工作核心是创作或呈现艺术作品/现场表演，职业产出面向文化受众，属于文化生产、表演或传播职能，归入Culture。	occupation_meaning:Music artist：文化创作、表演、媒体传播或文化产品制作/发行职责	bhht_semantic_batch_3	"[""Culture""]"	bhht_semantic_batch_3	0	Culture	resolved	author_substring	substring_unique_candidate	Culture	"[[""Culture"",""Culture-core""]]"	Culture	proposed	deferred	not_reviewed	semantic_review_draft_not_frozen
123	Television presenter	225	Culture	resolved	medium	agent_semantic_review	在电视节目中介绍主题、采访来宾并引导现场或录制环节。	occupation_meaning:在电视节目中介绍主题、采访来宾并引导现场或录制环节。	rationale_batch_2	"[""Culture""]"	bhht_semantic_batch_1	0	Culture	resolved	author_substring	substring_unique_candidate	Culture	"[[""Culture"",""Culture-periphery""]]"	Culture	proposed	deferred	not_reviewed	semantic_review_draft_not_frozen
124	Tennis player	225	Sports/Games	resolved	high	agent_semantic_review	进行网球训练并参加单打或双打比赛，以击球和战术争取胜局。	occupation_meaning:进行网球训练并参加单打或双打比赛，以击球和战术争取胜局。	rationale_batch_3	"[""Sports/Games""]"	bhht_semantic_batch_2	0	Sports/Games	resolved	author_substring	substring_unique_candidate	Sports/Games	"[[""Sports/Games"",""Sports/Games""]]"	Sports/Games	proposed	deferred	not_reviewed	semantic_review_draft_not_frozen
125	Rugby Player	217	Sports/Games	resolved	high	agent_semantic_review	“Rugby Player”的工作直接围绕体育训练、竞技或比赛规则展开，具体职责是作为选手参加有规则的体育项目训练和竞技，归入Sports/Games。	occupation_meaning:Rugby Player：体育/武术训练、竞技、执裁或队伍管理职责	bhht_semantic_batch_3	"[""Sports/Games""]"	bhht_semantic_batch_3	0	Sports/Games	resolved	author_substring	substring_unique_candidate	Sports/Games	"[[""Sports/Games"",""Sports/Games""]]"	Sports/Games	proposed	deferred	not_reviewed	semantic_review_draft_not_frozen
129	Professional Boxer	208	Sports/Games	resolved	high	agent_semantic_review	职业拳击手训练并参加拳击赛事，以拳击技术击打对手、争取比赛胜利。	occupation_meaning:职业拳击手训练并参加拳击赛事，以拳击技术击打对手、争取比赛胜利。	rationale_batch_1	"[""Sports/Games""]"	bhht_semantic_batch_1	0	Sports/Games	resolved	author_substring	substring_unique_candidate	Sports/Games	"[[""Sports/Games"",""Sports/Games""]]"	Sports/Games	proposed	deferred	not_reviewed	semantic_review_draft_not_frozen
130	Child Actor	206	Culture	resolved	high	agent_semantic_review	在舞台或影视作品中扮演角色，按剧本完成台词、动作和排演。	occupation_meaning:在舞台或影视作品中扮演角色，按剧本完成台词、动作和排演。	rationale_batch_2	"[""Culture""]"	bhht_semantic_batch_2	0	Culture	resolved	author_substring	substring_cross_l1_conflict		"[[""Culture"",""Culture-core""],[""Other"",""Family""]]"	Culture	proposed	deferred	not_reviewed	semantic_review_draft_not_frozen
131	Illustrator (Profession)	200	Culture	resolved	medium	agent_semantic_review	“Illustrator (Profession)”所指工作核心是创作或呈现艺术作品/现场表演，职业产出面向文化受众，属于文化生产、表演或传播职能，归入Culture。 词项中的编号及/或“(Profession)”是数据库区分标记，不改变该职业的职责含义。	occupation_meaning:Illustrator (Profession)：文化创作、表演、媒体传播或文化产品制作/发行职责	bhht_semantic_batch_3	"[""Culture""]"	bhht_semantic_batch_3	0	Culture	resolved	author_substring	substring_unique_candidate	Culture	"[[""Culture"",""Culture-periphery""]]"	Culture	proposed	deferred	not_reviewed	semantic_review_draft_not_frozen
132	Beautician	198	Other	resolved	medium	agent_semantic_review	为顾客提供皮肤护理、化妆或其他美容服务。	occupation_meaning:为顾客提供皮肤护理、化妆或其他美容服务。	rationale_batch_3	"[""Other""]"	bhht_semantic_batch_1	0	Other	resolved	no_author_rule	no_author_rule		[]		out_of_scope	deferred	not_reviewed	semantic_review_draft_not_frozen
133	Television Editor	198	Culture	resolved	high	agent_semantic_review	电视编辑筛选并剪接拍摄素材，调整画面顺序、节奏和声音，形成播出节目。	occupation_meaning:电视编辑筛选并剪接拍摄素材，调整画面顺序、节奏和声音，形成播出节目。	rationale_batch_1	"[""Culture""]"	bhht_semantic_batch_2	0	Culture	resolved	author_substring	substring_unique_candidate	Culture	"[[""Culture"",""Culture-periphery""]]"	Culture	proposed	deferred	not_reviewed	semantic_review_draft_not_frozen
136	Cricketer	184	Sports/Games	resolved	high	agent_semantic_review	“Cricketer”的工作直接围绕体育训练、竞技或比赛规则展开，具体职责是参与体育项目的训练、竞技或赛事组织，归入Sports/Games。	occupation_meaning:Cricketer：体育/武术训练、竞技、执裁或队伍管理职责	bhht_semantic_batch_3	"[""Sports/Games""]"	bhht_semantic_batch_3	0	Sports/Games	resolved	author_substring	substring_unique_candidate	Sports/Games	"[[""Sports/Games"",""Sports/Games""]]"	Sports/Games	proposed	deferred	not_reviewed	semantic_review_draft_not_frozen
139	Martial artist	182	Sports/Games	resolved	medium	agent_semantic_review	练习并展示武术套路、格斗技术或自卫技法，也可能参加武术比赛。	occupation_meaning:练习并展示武术套路、格斗技术或自卫技法，也可能参加武术比赛。	rationale_batch_2	"[""Sports/Games""]"	bhht_semantic_batch_1	0	Sports/Games	resolved	author_substring	substring_cross_l1_conflict		"[[""Culture"",""Culture-core""],[""Sports/Games"",""Sports/Games""]]"	Sports/Games	proposed	deferred	not_reviewed	semantic_review_draft_not_frozen
140	Ballet Dancer	182	Culture	resolved	high	agent_semantic_review	排练并在舞台上表演古典芭蕾舞剧或舞蹈作品。	occupation_meaning:排练并在舞台上表演古典芭蕾舞剧或舞蹈作品。	rationale_batch_3	"[""Culture""]"	bhht_semantic_batch_2	0	Culture	resolved	author_substring	substring_unique_candidate	Culture	"[[""Culture"",""Culture-core""]]"	Culture	proposed	deferred	not_reviewed	semantic_review_draft_not_frozen
143	Keyboard player	169	Culture	resolved	high	primary_semantic_adjudication	演奏键盘乐器的音乐人；player在完整短语中指乐器演奏者。	occupation_meaning:键盘乐器演奏; author_role_analogy:music/Culture	primary_semantic_review	"[""Culture""]"	primary_semantic_review	1	Culture	resolved	author_substring	substring_unique_candidate	Sports/Games	"[[""Sports/Games"",""Sports/Games""]]"	Culture	proposed	deferred	not_reviewed	semantic_review_draft_not_frozen
145	Marketer	166	Other	resolved	high	agent_semantic_review	市场营销人员执行产品推广、市场研究与客户拓展等商业服务工作；作者将 marketing 归入 Worker/Business (small)，对应 Other。	author_role_analogy:marketing → Other/Worker/Business (small), author rules line 64	bhht_semantic_batch_1	"[""Other""]"	bhht_semantic_batch_1	0	Other	resolved	no_author_rule	no_author_rule		[]		needs_review	deferred	not_reviewed	semantic_review_draft_not_frozen
146	Law enforcement officer	165	Leadership	resolved	high	agent_semantic_review	执法人员巡逻、调查违法事件、执行逮捕或其他法定执法任务，维护公共秩序。	occupation_meaning:执法人员巡逻、调查违法事件、执行逮捕或其他法定执法任务，维护公共秩序。	rationale_batch_1	"[""Leadership""]"	bhht_semantic_batch_2	0	Leadership	resolved	author_substring	substring_same_l1_multiple_l2	Leadership	"[[""Leadership"",""Administration/Law""],[""Leadership"",""Military""]]"	Leadership	proposed	deferred	not_reviewed	semantic_review_draft_not_frozen
149	Social activist	153	Leadership	resolved	high	agent_semantic_review	“Social activist”的职责是参与公共政策、政治组织、外交或社会倡议的决策和协调，对应公共治理、法律/军事/宗教权威或企业金融领导，归入Leadership。	occupation_meaning:Social activist：治理、法律、军职、宗教权威、外交或企业金融管理职责	bhht_semantic_batch_3	"[""Leadership""]"	bhht_semantic_batch_3	0	Leadership	resolved	author_substring	substring_unique_candidate	Leadership	"[[""Leadership"",""Politics""]]"	Leadership	proposed	deferred	not_reviewed	semantic_review_draft_not_frozen
150	Spokesperson	149	Culture	resolved	medium	primary_semantic_adjudication	代表组织向公众和媒体传达信息，完整职务的核心是对外传播；组织属于政府或企业本身不改变这一传播职能。	https://www.onetonline.org/link/summary/27-3031.00; occupation_meaning:组织对外媒体传播	primary_semantic_review	"[""Culture""]"	primary_semantic_review	1		needs_context	no_author_rule	no_author_rule		[]		needs_review	deferred	not_reviewed	semantic_review_draft_not_frozen
151	Opera singer	149	Culture	resolved	high	agent_semantic_review	以受训的歌唱技巧演唱歌剧角色，并配合乐队和舞台表演完成戏剧情节。	occupation_meaning:以受训的歌唱技巧演唱歌剧角色，并配合乐队和舞台表演完成戏剧情节。	rationale_batch_2	"[""Culture""]"	bhht_semantic_batch_2	0	Culture	resolved	author_substring	substring_unique_candidate	Culture	"[[""Culture"",""Culture-core""]]"	Culture	proposed	deferred	not_reviewed	semantic_review_draft_not_frozen
152	Blue-collar worker	147	Other	resolved	medium	agent_semantic_review	“Blue-collar worker”是提供标题所指的日常服务、运输、维修、照护、手工业或一般商业服务的职业称谓，不属于艺术文化、科学技术、公共权力或竞技体育领域，归入Other。	occupation_meaning:Blue-collar worker：明确的日常服务、一般劳动或小规模商业经营职责	bhht_semantic_batch_3	"[""Other""]"	bhht_semantic_batch_3	0	Other	resolved	author_substring	substring_unique_candidate	Other	"[[""Other"",""Worker/Business (small)""]]"		out_of_scope	deferred	not_reviewed	semantic_review_draft_not_frozen
155	Sound Engineer	145	Culture	resolved	high	primary_semantic_adjudication	从事录音、混音或声音后期，为音乐和影视作品实现音频效果；此处engineer指声音制作岗位。	occupation_meaning:音乐影视录音与声音后期	primary_semantic_review	"[""Culture""]"	primary_semantic_review	1	Culture	resolved	author_substring	substring_unique_candidate	Discovery/Science	"[[""Discovery/Science"",""Explorer/Inventor/Developer""]]"		needs_review	deferred	not_reviewed	semantic_review_draft_not_frozen
156	Researcher	144	Discovery/Science	resolved	high	agent_semantic_review	围绕某个问题设计调查或实验、收集资料并分析证据以形成结论；具体学科未限定。	occupation_meaning:围绕某个问题设计调查或实验、收集资料并分析证据以形成结论；具体学科未限定。	rationale_batch_3	"[""Discovery/Science""]"	bhht_semantic_batch_2	0	Discovery/Science	resolved	author_substring	substring_unique_candidate	Discovery/Science	"[[""Discovery/Science"",""Academia""]]"	Discovery/Science	proposed	deferred	not_reviewed	semantic_review_draft_not_frozen
159	Multi-instrumentalist	131	Culture	resolved	medium	agent_semantic_review	“Multi-instrumentalist”所指工作核心是创作或呈现艺术作品/现场表演，职业产出面向文化受众，属于文化生产、表演或传播职能，归入Culture。	occupation_meaning:Multi-instrumentalist：文化创作、表演、媒体传播或文化产品制作/发行职责	bhht_semantic_batch_3	"[""Culture""]"	bhht_semantic_batch_3	0	Culture	resolved	author_substring	substring_cross_l1_conflict		"[[""Culture"",""Culture-core""],[""Other"",""Other""]]"	Culture	proposed	deferred	not_reviewed	semantic_review_draft_not_frozen
160	Set Decorator	131	Culture	resolved	medium	agent_semantic_review	布景装饰师依据美术设计挑选、摆放和维护家具、道具及装饰物，营造影视场景。	occupation_meaning:布景装饰师依据美术设计挑选、摆放和维护家具、道具及装饰物，营造影视场景。	rationale_batch_1	"[""Culture""]"	bhht_semantic_batch_1	0	Culture	resolved	author_substring	substring_unique_candidate	Culture	"[[""Culture"",""Culture-periphery""]]"	Culture	proposed	deferred	not_reviewed	semantic_review_draft_not_frozen
165	Sports commentator	121	Culture	resolved	high	primary_semantic_adjudication	通过广播或媒体解说体育赛事，职业职能是内容传播，体育是其报道题材。	occupation_meaning:赛事媒体解说	primary_semantic_review	"[""Culture""]"	primary_semantic_review	1	Culture	resolved	author_substring	substring_cross_l1_conflict		"[[""Culture"",""Culture-periphery""],[""Sports/Games"",""Sports/Games""]]"	Culture	proposed	deferred	not_reviewed	semantic_review_draft_not_frozen
169	Civil engineer	117	Discovery/Science	resolved	medium	agent_semantic_review	“Civil engineer”从事的核心职责是从事专业教学、技术设计开发、测试或学术研究，其工作属于知识发现、学术/医疗或技术开发，归入Discovery/Science。	occupation_meaning:Civil engineer：科学研究、专业教育、医疗服务或工程技术开发职责	bhht_semantic_batch_3	"[""Discovery/Science""]"	bhht_semantic_batch_3	0	Discovery/Science	resolved	author_substring	substring_unique_candidate	Discovery/Science	"[[""Discovery/Science"",""Explorer/Inventor/Developer""]]"	Discovery/Science	proposed	deferred	not_reviewed	semantic_review_draft_not_frozen
171	Literary critic	114	Culture	resolved	medium	agent_semantic_review	阅读并分析文学作品的主题、语言与结构，撰写评论或学术评价。	occupation_meaning:阅读并分析文学作品的主题、语言与结构，撰写评论或学术评价。	rationale_batch_2	"[""Culture""]"	bhht_semantic_batch_1	0	Culture	resolved	author_substring	substring_same_l1_multiple_l2	Culture	"[[""Culture"",""Culture-core""],[""Culture"",""Culture-periphery""]]"	Culture	proposed	deferred	not_reviewed	semantic_review_draft_not_frozen
173	Sales management	112	Leadership	resolved	high	agent_semantic_review	销售管理负责规划销售目标、带领销售团队并监督业绩，属于组织管理职能。	occupation_meaning:销售管理负责规划销售目标、带领销售团队并监督业绩，属于组织管理职能。; author_role_analogy:author L1 Leadership	bhht_semantic_batch_2	"[""Leadership""]"	bhht_semantic_batch_2	0	Leadership	resolved	author_substring	substring_unique_candidate	Leadership	"[[""Leadership"",""Corporate/Executive/Business (large)""]]"	Leadership	proposed	deferred	not_reviewed	semantic_review_draft_not_frozen
174	Nude Glamour Model	111	Culture	resolved	medium	agent_semantic_review	“Nude Glamour Model”所指工作核心是提供明确的艺术、媒体或文化产业创作与制作服务，属于文化生产、表演或传播职能，归入Culture。	occupation_meaning:Nude Glamour Model：文化创作、表演、媒体传播或文化产品制作/发行职责	bhht_semantic_batch_3	"[""Culture""]"	bhht_semantic_batch_3	0	Culture	resolved	author_substring	substring_unique_candidate	Culture	"[[""Culture"",""Culture-periphery""]]"	Culture	proposed	deferred	not_reviewed	semantic_review_draft_not_frozen
176	Golfer	110	Sports/Games	resolved	medium	agent_semantic_review	练习并参加高尔夫赛事，以尽可能少的杆数完成球洞。	occupation_meaning:练习并参加高尔夫赛事，以尽可能少的杆数完成球洞。	rationale_batch_3	"[""Sports/Games""]"	bhht_semantic_batch_1	0	Sports/Games	resolved	author_substring	substring_unique_candidate	Sports/Games	"[[""Sports/Games"",""Sports/Games""]]"	Sports/Games	proposed	deferred	not_reviewed	semantic_review_draft_not_frozen
178	Real Estate Broker	105	Other	resolved	medium	agent_semantic_review	房地产经纪人撮合买卖/租赁双方、评估并营销房产；作者同义职业 estate_agent / realtor / broker 属普通职业，归 Other。	occupation_meaning:房地产经纪人撮合买卖/租赁双方、评估并营销房产；作者同义职业 estate_agent / realtor / broker 属普通职业，归 Other。; author_role_analogy:author L1 Other	bhht_semantic_batch_2	"[""Other""]"	bhht_semantic_batch_2	0	Other	resolved	author_substring	substring_cross_l1_conflict		"[[""Leadership"",""Corporate/Executive/Business (large)""],[""Other"",""Worker/Business (small)""]]"		needs_review	deferred	not_reviewed	semantic_review_draft_not_frozen
180	Australian rules football player	103	Sports/Games	resolved	high	agent_semantic_review	“Australian rules football player”的工作直接围绕体育训练、竞技或比赛规则展开，具体职责是作为选手参加有规则的体育项目训练和竞技，归入Sports/Games。	occupation_meaning:Australian rules football player：体育/武术训练、竞技、执裁或队伍管理职责	bhht_semantic_batch_3	"[""Sports/Games""]"	bhht_semantic_batch_3	0	Sports/Games	resolved	author_substring	substring_unique_candidate	Sports/Games	"[[""Sports/Games"",""Sports/Games""]]"	Sports/Games	proposed	deferred	not_reviewed	semantic_review_draft_not_frozen
183	Domestic worker	98	Other	resolved	high	agent_semantic_review	家务劳动者为雇主家庭清洁、烹饪、洗衣或照护家人，承担日常家庭服务。	occupation_meaning:家务劳动者为雇主家庭清洁、烹饪、洗衣或照护家人，承担日常家庭服务。	rationale_batch_1	"[""Other""]"	bhht_semantic_batch_1	0	Other	resolved	author_substring	substring_unique_candidate	Other	"[[""Other"",""Worker/Business (small)""]]"		out_of_scope	deferred	not_reviewed	semantic_review_draft_not_frozen
184	Track and field athlete	97	Sports/Games	resolved	high	agent_semantic_review	参加田径项目的训练与比赛，如跑步、跳跃或投掷，并争取竞赛成绩。	occupation_meaning:参加田径项目的训练与比赛，如跑步、跳跃或投掷，并争取竞赛成绩。	rationale_batch_2	"[""Sports/Games""]"	bhht_semantic_batch_2	0	Sports/Games	resolved	author_substring	substring_unique_candidate	Sports/Games	"[[""Sports/Games"",""Sports/Games""]]"	Sports/Games	proposed	deferred	not_reviewed	semantic_review_draft_not_frozen
185	Public speaker	96		needs_context	low	agent_semantic_review	Public speaking describes a communication activity, not a stable profession; the subject, audience, and organizational role are unspecified.	occupation_meaning:Public speaker：仅凭词项无法确定稳定职业职责	bhht_semantic_batch_3	"[""Culture"",""Leadership""]"	bhht_semantic_batch_3	0		needs_context	no_author_rule	no_author_rule		[]		needs_review	deferred	not_reviewed	semantic_review_draft_not_frozen
186	Basketball Coach	96	Sports/Games	resolved	high	agent_semantic_review	制定训练计划、教授技术战术并带领篮球队备赛和参赛。	occupation_meaning:制定训练计划、教授技术战术并带领篮球队备赛和参赛。	rationale_batch_3	"[""Sports/Games""]"	bhht_semantic_batch_1	0	Sports/Games	resolved	author_substring	substring_unique_candidate	Sports/Games	"[[""Sports/Games"",""Sports/Games""]]"	Sports/Games	proposed	deferred	not_reviewed	semantic_review_draft_not_frozen
187	Playback Singer	94	Culture	resolved	high	agent_semantic_review	影视回放歌手为电影或电视录制歌曲人声，由演员在成片中对口型或以配乐呈现。	occupation_meaning:影视回放歌手为电影或电视录制歌曲人声，由演员在成片中对口型或以配乐呈现。	rationale_batch_1	"[""Culture""]"	bhht_semantic_batch_2	0	Culture	resolved	author_substring	substring_unique_candidate	Culture	"[[""Culture"",""Culture-core""]]"	Culture	proposed	deferred	not_reviewed	semantic_review_draft_not_frozen
190	Film critic	93	Culture	resolved	high	agent_semantic_review	A film critic evaluates and writes or broadcasts criticism about cinema; the subject matter does not make this a film production or sports role.	occupation_meaning:Film critic：文化创作、表演、媒体传播或文化产品制作/发行职责	bhht_semantic_batch_3	"[""Culture""]"	bhht_semantic_batch_3	0	Culture	resolved	author_substring	substring_same_l1_multiple_l2	Culture	"[[""Culture"",""Culture-core""],[""Culture"",""Culture-periphery""]]"	Culture	proposed	deferred	not_reviewed	semantic_review_draft_not_frozen
191	Jazz Pianist	93	Culture	resolved	medium	agent_semantic_review	以钢琴演奏爵士乐曲或即兴段落，参与独奏、伴奏或乐队合奏。	occupation_meaning:以钢琴演奏爵士乐曲或即兴段落，参与独奏、伴奏或乐队合奏。	rationale_batch_2	"[""Culture""]"	bhht_semantic_batch_1	0	Culture	resolved	author_substring	substring_unique_candidate	Culture	"[[""Culture"",""Culture-core""]]"	Culture	proposed	deferred	not_reviewed	semantic_review_draft_not_frozen
192	Talk show host	93	Culture	resolved	high	agent_semantic_review	主持谈话节目、介绍议题并采访嘉宾，引导录制或直播对话。	occupation_meaning:主持谈话节目、介绍议题并采访嘉宾，引导录制或直播对话。	rationale_batch_3	"[""Culture""]"	bhht_semantic_batch_2	0	Culture	resolved	author_substring	substring_unique_candidate	Culture	"[[""Culture"",""Culture-core""]]"	Culture	proposed	deferred	not_reviewed	semantic_review_draft_not_frozen
193	Stand-up comedian	93	Culture	resolved	medium	agent_semantic_review	“Stand-up comedian”所指工作核心是创作或呈现艺术作品/现场表演，职业产出面向文化受众，属于文化生产、表演或传播职能，归入Culture。	occupation_meaning:Stand-up comedian：文化创作、表演、媒体传播或文化产品制作/发行职责	bhht_semantic_batch_3	"[""Culture""]"	bhht_semantic_batch_3	0	Culture	resolved	author_substring	substring_unique_candidate	Culture	"[[""Culture"",""Culture-core""]]"	Culture	proposed	deferred	not_reviewed	semantic_review_draft_not_frozen
199	Vaudeville Performer	90	Culture	resolved	medium	agent_semantic_review	杂耍剧场表演者在综艺舞台上演唱、跳舞、喜剧或展示才艺，完成现场娱乐节目。	occupation_meaning:杂耍剧场表演者在综艺舞台上演唱、跳舞、喜剧或展示才艺，完成现场娱乐节目。	rationale_batch_1	"[""Culture""]"	bhht_semantic_batch_1	0	Culture	resolved	author_substring	substring_unique_candidate	Culture	"[[""Culture"",""Culture-core""]]"	Culture	proposed	deferred	not_reviewed	semantic_review_draft_not_frozen
200	Talent manager	89	Culture	resolved	high	agent_semantic_review	代表演员、音乐人等艺人处理合同、演出机会、日程和职业发展事务。	occupation_meaning:代表演员、音乐人等艺人处理合同、演出机会、日程和职业发展事务。	rationale_batch_2	"[""Culture""]"	bhht_semantic_batch_2	0	Culture	resolved	author_substring	substring_unique_candidate	Leadership	"[[""Leadership"",""Corporate/Executive/Business (large)""]]"		needs_review	deferred	not_reviewed	semantic_review_draft_not_frozen
201	Police officer	88	Leadership	resolved	high	agent_semantic_review	“Police officer”的职责是在军队或公共安全体系履行指挥、军职或执法责任，对应公共治理、法律/军事/宗教权威或企业金融领导，归入Leadership。	occupation_meaning:Police officer：治理、法律、军职、宗教权威、外交或企业金融管理职责	bhht_semantic_batch_3	"[""Leadership""]"	bhht_semantic_batch_3	0	Leadership	resolved	author_substring	substring_same_l1_multiple_l2	Leadership	"[[""Leadership"",""Administration/Law""],[""Leadership"",""Military""]]"	Leadership	proposed	deferred	not_reviewed	semantic_review_draft_not_frozen
202	Science writer	88	Culture	resolved	high	primary_semantic_adjudication	向读者撰写科学主题内容；职业是写作者，科学是题材。	author_role_analogy:writer/Culture	primary_semantic_review	"[""Culture""]"	primary_semantic_review	1	Culture	resolved	author_substring	substring_cross_l1_conflict		"[[""Culture"",""Culture-core""],[""Discovery/Science"",""Academia""]]"	Culture	proposed	deferred	not_reviewed	semantic_review_draft_not_frozen
207	Office Worker	86	Other	resolved	high	agent_semantic_review	处理办公室的文书、数据录入、通信、排程或一般行政事务；具体岗位未限定。	occupation_meaning:处理办公室的文书、数据录入、通信、排程或一般行政事务；具体岗位未限定。	rationale_batch_3	"[""Other""]"	bhht_semantic_batch_2	0	Other	resolved	author_substring	substring_unique_candidate	Other	"[[""Other"",""Worker/Business (small)""]]"		out_of_scope	deferred	not_reviewed	semantic_review_draft_not_frozen
208	Audio Engineer	86	Culture	resolved	high	primary_semantic_adjudication	从事录音、混音或声音后期，为音乐和影视作品实现音频效果；此处engineer指声音制作岗位。	occupation_meaning:音乐影视录音与声音后期	primary_semantic_review	"[""Culture""]"	primary_semantic_review	1	Culture	resolved	author_substring	substring_cross_l1_conflict		"[[""Culture"",""Culture-periphery""],[""Discovery/Science"",""Explorer/Inventor/Developer""]]"	Culture	proposed	deferred	not_reviewed	semantic_review_draft_not_frozen
209	Sumo Wrestler	86	Sports/Games	resolved	high	agent_semantic_review	相扑力士训练并参加相扑比赛，以推、摔和抱摔等规则动作争取将对手推出场地或使其触地。	occupation_meaning:相扑力士训练并参加相扑比赛，以推、摔和抱摔等规则动作争取将对手推出场地或使其触地。	rationale_batch_1	"[""Sports/Games""]"	bhht_semantic_batch_1	0	Sports/Games	resolved	author_substring	substring_unique_candidate	Sports/Games	"[[""Sports/Games"",""Sports/Games""]]"	Sports/Games	proposed	deferred	not_reviewed	semantic_review_draft_not_frozen
214	Political activist	79	Leadership	resolved	high	agent_semantic_review	组织或参与政治倡议、集会和竞选行动，推动特定公共政策或政治变革。	occupation_meaning:组织或参与政治倡议、集会和竞选行动，推动特定公共政策或政治变革。	rationale_batch_2	"[""Leadership""]"	bhht_semantic_batch_2	0	Leadership	resolved	author_substring	substring_unique_candidate	Leadership	"[[""Leadership"",""Politics""]]"	Leadership	proposed	deferred	not_reviewed	semantic_review_draft_not_frozen
217	Alpine skier	75	Sports/Games	resolved	high	agent_semantic_review	“Alpine skier”的工作直接围绕体育训练、竞技或比赛规则展开，具体职责是作为选手参加有规则的体育项目训练和竞技，归入Sports/Games。	occupation_meaning:Alpine skier：体育/武术训练、竞技、执裁或队伍管理职责	bhht_semantic_batch_3	"[""Sports/Games""]"	bhht_semantic_batch_3	0	Sports/Games	resolved	author_substring	substring_unique_candidate	Sports/Games	"[[""Sports/Games"",""Sports/Games""]]"	Sports/Games	proposed	deferred	not_reviewed	semantic_review_draft_not_frozen
218	Music video director	74	Culture	resolved	medium	agent_semantic_review	规划并指导音乐录影带的视觉叙事、镜头表演和拍摄制作。	occupation_meaning:规划并指导音乐录影带的视觉叙事、镜头表演和拍摄制作。	rationale_batch_3	"[""Culture""]"	bhht_semantic_batch_1	0	Culture	resolved	author_substring	substring_unique_candidate	Culture	"[[""Culture"",""Culture-core""]]"	Culture	proposed	deferred	not_reviewed	semantic_review_draft_not_frozen
219	American Football coach	74	Sports/Games	resolved	high	agent_semantic_review	美式橄榄球教练制定战术与训练计划、指导球员技术，并在比赛中安排阵容和临场策略。	occupation_meaning:美式橄榄球教练制定战术与训练计划、指导球员技术，并在比赛中安排阵容和临场策略。	rationale_batch_1	"[""Sports/Games""]"	bhht_semantic_batch_2	0	Sports/Games	resolved	author_substring	substring_unique_candidate	Sports/Games	"[[""Sports/Games"",""Sports/Games""]]"	Sports/Games	proposed	deferred	not_reviewed	semantic_review_draft_not_frozen
225	Animal trainer	69	Other	resolved	high	agent_semantic_review	An animal trainer conditions animals to respond to commands for care, work, or performance; the phrase alone does not imply sports coaching.	occupation_meaning:Animal trainer：明确的日常服务、一般劳动或小规模商业经营职责	bhht_semantic_batch_3	"[""Other""]"	bhht_semantic_batch_3	0	Other	resolved	author_substring	substring_unique_candidate	Sports/Games	"[[""Sports/Games"",""Sports/Games""]]"		out_of_scope	deferred	not_reviewed	semantic_review_draft_not_frozen
226	Trumpeter	68	Culture	resolved	medium	agent_semantic_review	演奏小号的独奏、合奏或伴奏声部，参加录音、乐团或现场演出。	occupation_meaning:演奏小号的独奏、合奏或伴奏声部，参加录音、乐团或现场演出。	rationale_batch_2	"[""Culture""]"	bhht_semantic_batch_1	0	Culture	resolved	author_substring	substring_unique_candidate	Culture	"[[""Culture"",""Culture-core""]]"	Culture	proposed	deferred	not_reviewed	semantic_review_draft_not_frozen
228	Social Worker	65	Other	resolved	high	agent_semantic_review	评估个人或家庭的社会服务需求，协助获得福利、住房、辅导等资源并跟进个案。	occupation_meaning:评估个人或家庭的社会服务需求，协助获得福利、住房、辅导等资源并跟进个案。	rationale_batch_3	"[""Other""]"	bhht_semantic_batch_2	0	Other	resolved	author_substring	substring_unique_candidate	Other	"[[""Other"",""Worker/Business (small)""]]"		out_of_scope	deferred	not_reviewed	semantic_review_draft_not_frozen
231	TV Journalist	63	Culture	resolved	medium	agent_semantic_review	“TV Journalist”所指工作核心是采访、撰写、编辑、评论或向公众传播文化/媒体内容，属于文化生产、表演或传播职能，归入Culture。	occupation_meaning:TV Journalist：文化创作、表演、媒体传播或文化产品制作/发行职责	bhht_semantic_batch_3	"[""Culture""]"	bhht_semantic_batch_3	0	Culture	resolved	author_substring	substring_unique_candidate	Culture	"[[""Culture"",""Culture-periphery""]]"	Culture	proposed	deferred	not_reviewed	semantic_review_draft_not_frozen
235	Volleyball player	59	Sports/Games	resolved	medium	agent_semantic_review	排球运动员训练并参加排球比赛，通过发球、传球、拦网和扣球争取赢得回合。	occupation_meaning:排球运动员训练并参加排球比赛，通过发球、传球、拦网和扣球争取赢得回合。	rationale_batch_1	"[""Sports/Games""]"	bhht_semantic_batch_1	0	Sports/Games	resolved	author_substring	substring_unique_candidate	Sports/Games	"[[""Sports/Games"",""Sports/Games""]]"	Sports/Games	proposed	deferred	not_reviewed	semantic_review_draft_not_frozen
236	Electrical engineer	59	Discovery/Science	resolved	high	agent_semantic_review	设计、测试和维护电力系统、电路或电气设备，解决供电与控制问题。	occupation_meaning:设计、测试和维护电力系统、电路或电气设备，解决供电与控制问题。	rationale_batch_2	"[""Discovery/Science""]"	bhht_semantic_batch_2	0	Discovery/Science	resolved	author_substring	substring_unique_candidate	Discovery/Science	"[[""Discovery/Science"",""Explorer/Inventor/Developer""]]"	Discovery/Science	proposed	deferred	not_reviewed	semantic_review_draft_not_frozen
237	Baseball Coach	59	Sports/Games	resolved	high	agent_semantic_review	“Baseball Coach”的工作直接围绕体育训练、竞技或比赛规则展开，具体职责是训练运动员并制定项目训练/比赛策略，归入Sports/Games。	occupation_meaning:Baseball Coach：体育/武术训练、竞技、执裁或队伍管理职责	bhht_semantic_batch_3	"[""Sports/Games""]"	bhht_semantic_batch_3	0	Sports/Games	resolved	author_substring	substring_unique_candidate	Sports/Games	"[[""Sports/Games"",""Sports/Games""]]"	Sports/Games	proposed	deferred	not_reviewed	semantic_review_draft_not_frozen
243	Business magnate	56	Leadership	resolved	medium	agent_semantic_review	拥有或控制大型企业资产，作出高层商业投资、经营和扩张决策。	occupation_meaning:拥有或控制大型企业资产，作出高层商业投资、经营和扩张决策。	rationale_batch_3	"[""Leadership""]"	bhht_semantic_batch_1	0	Leadership	resolved	author_substring	substring_unique_candidate	Leadership	"[[""Leadership"",""Corporate/Executive/Business (large)""]]"	Leadership	proposed	deferred	not_reviewed	semantic_review_draft_not_frozen
244	Snowboarder	56	Sports/Games	resolved	high	agent_semantic_review	单板滑雪者脚踩单板滑行、完成转弯和跳跃动作，或参加速度与技巧赛事。	occupation_meaning:单板滑雪者脚踩单板滑行、完成转弯和跳跃动作，或参加速度与技巧赛事。	rationale_batch_1	"[""Sports/Games""]"	bhht_semantic_batch_2	0	Sports/Games	resolved	author_substring	substring_unique_candidate	Sports/Games	"[[""Sports/Games"",""Sports/Games""]]"	Sports/Games	proposed	deferred	not_reviewed	semantic_review_draft_not_frozen
245	Figure Skater	56	Sports/Games	resolved	high	agent_semantic_review	“Figure Skater”的工作直接围绕体育训练、竞技或比赛规则展开，具体职责是作为选手参加有规则的体育项目训练和竞技，归入Sports/Games。	occupation_meaning:Figure Skater：体育/武术训练、竞技、执裁或队伍管理职责	bhht_semantic_batch_3	"[""Sports/Games""]"	bhht_semantic_batch_3	0	Sports/Games	resolved	author_substring	substring_unique_candidate	Sports/Games	"[[""Sports/Games"",""Sports/Games""]]"	Sports/Games	proposed	deferred	not_reviewed	semantic_review_draft_not_frozen
248	Set Designer	55	Culture	resolved	medium	agent_semantic_review	为舞台、电影或电视设计布景方案，并配合制作团队把图纸落实为可用场景。	occupation_meaning:为舞台、电影或电视设计布景方案，并配合制作团队把图纸落实为可用场景。	rationale_batch_2	"[""Culture""]"	bhht_semantic_batch_1	0	Culture	resolved	author_substring	substring_unique_candidate	Culture	"[[""Culture"",""Culture-periphery""]]"	Culture	proposed	deferred	not_reviewed	semantic_review_draft_not_frozen
250	Supermodel	53	Culture	resolved	high	agent_semantic_review	为时装、广告或媒体拍摄展示服装和产品，并参与相关宣传活动。	occupation_meaning:为时装、广告或媒体拍摄展示服装和产品，并参与相关宣传活动。	rationale_batch_3	"[""Culture""]"	bhht_semantic_batch_2	0	Culture	resolved	no_author_rule	no_author_rule		[]	Culture	proposed	deferred	not_reviewed	semantic_review_draft_not_frozen
251	VJ	53	Culture	resolved	medium	agent_semantic_review	“VJ”所指工作核心是提供明确的艺术、媒体或文化产业创作与制作服务，属于文化生产、表演或传播职能，归入Culture。	occupation_meaning:VJ：文化创作、表演、媒体传播或文化产品制作/发行职责	bhht_semantic_batch_3	"[""Culture""]"	bhht_semantic_batch_3	0	Culture	resolved	no_author_rule	no_author_rule		[]	Culture	proposed	deferred	not_reviewed	semantic_review_draft_not_frozen
252	Master of Ceremonies	53	Culture	resolved	medium	agent_semantic_review	司仪介绍发言者和节目环节、控制活动流程，并向现场观众传达安排。	occupation_meaning:司仪介绍发言者和节目环节、控制活动流程，并向现场观众传达安排。	rationale_batch_1	"[""Culture""]"	bhht_semantic_batch_1	0	Culture	resolved	no_author_rule	no_author_rule		[]	Culture	proposed	deferred	not_reviewed	semantic_review_draft_not_frozen
256	Book editor	50	Culture	resolved	high	agent_semantic_review	审阅稿件、修改文字结构并与作者沟通，使书稿达到出版要求。	occupation_meaning:审阅稿件、修改文字结构并与作者沟通，使书稿达到出版要求。	rationale_batch_2	"[""Culture""]"	bhht_semantic_batch_2	0	Culture	resolved	author_substring	substring_unique_candidate	Culture	"[[""Culture"",""Culture-periphery""]]"	Culture	proposed	deferred	not_reviewed	semantic_review_draft_not_frozen
257	Baseball Manager	50	Sports/Games	resolved	high	agent_semantic_review	Manages a baseball team’s lineup, training, tactics, and game decisions; this is direct sports-team leadership within the sport.	occupation_meaning:Baseball Manager：体育/武术训练、竞技、执裁或队伍管理职责	bhht_semantic_batch_3	"[""Sports/Games""]"	bhht_semantic_batch_3	0	Sports/Games	resolved	author_substring	substring_cross_l1_conflict		"[[""Leadership"",""Corporate/Executive/Business (large)""],[""Sports/Games"",""Sports/Games""]]"	Sports/Games	proposed	deferred	not_reviewed	semantic_review_draft_not_frozen
258	Biathlete	48	Sports/Games	resolved	medium	agent_semantic_review	训练并参加冬季两项赛事，在越野滑雪与步枪射击两个环节竞赛。	occupation_meaning:训练并参加冬季两项赛事，在越野滑雪与步枪射击两个环节竞赛。	rationale_batch_3	"[""Sports/Games""]"	bhht_semantic_batch_1	0	Sports/Games	resolved	author_substring	substring_unique_candidate	Sports/Games	"[[""Sports/Games"",""Sports/Games""]]"	Sports/Games	proposed	deferred	not_reviewed	semantic_review_draft_not_frozen
259	Homemaking	48	Other	resolved	high	agent_semantic_review	持家者安排家庭清洁、备餐、采购、预算和家人照护等日常家务。	occupation_meaning:持家者安排家庭清洁、备餐、采购、预算和家人照护等日常家务。	rationale_batch_1	"[""Other""]"	bhht_semantic_batch_2	0	Other	resolved	no_author_rule	no_author_rule		[]		out_of_scope	deferred	not_reviewed	semantic_review_draft_not_frozen
260	Cross-country skier	48	Sports/Games	resolved	high	agent_semantic_review	“Cross-country skier”的工作直接围绕体育训练、竞技或比赛规则展开，具体职责是作为选手参加有规则的体育项目训练和竞技，归入Sports/Games。	occupation_meaning:Cross-country skier：体育/武术训练、竞技、执裁或队伍管理职责	bhht_semantic_batch_3	"[""Sports/Games""]"	bhht_semantic_batch_3	0	Sports/Games	resolved	author_substring	substring_unique_candidate	Sports/Games	"[[""Sports/Games"",""Sports/Games""]]"	Sports/Games	proposed	deferred	not_reviewed	semantic_review_draft_not_frozen
261	Adviser	48		needs_context	low	agent_semantic_review	泛称顾问，未给出咨询领域，可能横跨商业、政府、科学或文化；不能确定单一L1。	occupation_meaning:顾问泛称，缺领域信息	bhht_semantic_batch_1	[]	bhht_semantic_batch_1	0		needs_context	no_author_rule	no_author_rule		[]		needs_review	deferred	not_reviewed	semantic_review_draft_not_frozen
263	Speed Skater	48	Sports/Games	resolved	high	agent_semantic_review	在冰上进行速度滑冰训练和比赛，通过弯道技术、步频与耐力争取更快成绩。	occupation_meaning:在冰上进行速度滑冰训练和比赛，通过弯道技术、步频与耐力争取更快成绩。	rationale_batch_2	"[""Sports/Games""]"	bhht_semantic_batch_2	0	Sports/Games	resolved	author_substring	substring_unique_candidate	Sports/Games	"[[""Sports/Games"",""Sports/Games""]]"	Sports/Games	proposed	deferred	not_reviewed	semantic_review_draft_not_frozen
266	Professional Road Racing Cyclist	47	Sports/Games	resolved	high	agent_semantic_review	“Professional Road Racing Cyclist”的工作直接围绕体育训练、竞技或比赛规则展开，具体职责是作为选手参加有规则的体育项目训练和竞技，归入Sports/Games。	occupation_meaning:Professional Road Racing Cyclist：体育/武术训练、竞技、执裁或队伍管理职责	bhht_semantic_batch_3	"[""Sports/Games""]"	bhht_semantic_batch_3	0	Sports/Games	resolved	author_substring	substring_unique_candidate	Sports/Games	"[[""Sports/Games"",""Sports/Games""]]"	Sports/Games	proposed	deferred	not_reviewed	semantic_review_draft_not_frozen
269	Psychotherapist	46	Discovery/Science	resolved	medium	agent_semantic_review	通过评估、谈话治疗等方法帮助来访者处理心理、情绪或行为问题。	occupation_meaning:通过评估、谈话治疗等方法帮助来访者处理心理、情绪或行为问题。	rationale_batch_3	"[""Discovery/Science""]"	bhht_semantic_batch_1	0	Discovery/Science	resolved	author_substring	substring_unique_candidate	Discovery/Science	"[[""Discovery/Science"",""Academia""]]"	Discovery/Science	proposed	deferred	not_reviewed	semantic_review_draft_not_frozen
270	Mangaka	45	Culture	resolved	high	agent_semantic_review	漫画家创作漫画故事并绘制分格、人物和画面，把叙事组织成连续图像。	https://dictionary.cambridge.org/us/dictionary/english/mangaka	rationale_batch_1	"[""Culture""]"	bhht_semantic_batch_2	0	Culture	resolved	author_substring	substring_unique_candidate	Culture	"[[""Culture"",""Culture-core""]]"	Culture	proposed	deferred	not_reviewed	semantic_review_draft_not_frozen
272	Art collector	44	Culture	resolved	medium	agent_semantic_review	“Art collector”所指工作核心是提供明确的艺术、媒体或文化产业创作与制作服务，属于文化生产、表演或传播职能，归入Culture。	occupation_meaning:Art collector：文化创作、表演、媒体传播或文化产品制作/发行职责	bhht_semantic_batch_3	"[""Culture""]"	bhht_semantic_batch_3	0	Culture	resolved	author_substring	substring_unique_candidate	Culture	"[[""Culture"",""Culture-core""]]"		needs_review	deferred	not_reviewed	semantic_review_draft_not_frozen
274	Mixed Martial Artist	44	Sports/Games	resolved	medium	agent_semantic_review	训练并参加综合格斗赛事，运用拳击、摔跤和地面技法与对手竞技。	occupation_meaning:训练并参加综合格斗赛事，运用拳击、摔跤和地面技法与对手竞技。	rationale_batch_2	"[""Sports/Games""]"	bhht_semantic_batch_1	0	Sports/Games	resolved	author_substring	substring_cross_l1_conflict		"[[""Culture"",""Culture-core""],[""Sports/Games"",""Sports/Games""]]"	Sports/Games	proposed	deferred	not_reviewed	semantic_review_draft_not_frozen
275	Spiritual leader	43	Leadership	resolved	high	agent_semantic_review	带领信众进行灵性指导、集体活动或宗教实践；具体宗教身份未限定。	occupation_meaning:带领信众进行灵性指导、集体活动或宗教实践；具体宗教身份未限定。	rationale_batch_3	"[""Leadership""]"	bhht_semantic_batch_2	0	Leadership	resolved	no_author_rule	no_author_rule		[]	Leadership	proposed	deferred	not_reviewed	semantic_review_draft_not_frozen
276	Magazine editor	43	Culture	resolved	medium	agent_semantic_review	“Magazine editor”所指工作核心是采访、撰写、编辑、评论或向公众传播文化/媒体内容，属于文化生产、表演或传播职能，归入Culture。	occupation_meaning:Magazine editor：文化创作、表演、媒体传播或文化产品制作/发行职责	bhht_semantic_batch_3	"[""Culture""]"	bhht_semantic_batch_3	0	Culture	resolved	author_substring	substring_unique_candidate	Culture	"[[""Culture"",""Culture-periphery""]]"	Culture	proposed	deferred	not_reviewed	semantic_review_draft_not_frozen
277	Pin-up girl	43	Culture	resolved	medium	agent_semantic_review	Pin-up girl指为宣传或出版摄影摆姿的模特形象，属于视觉媒介/摄影文化；词本身不表示性服务。	occupation_meaning:摄影出版中的模特/视觉表演	bhht_semantic_batch_1	"[""Culture""]"	bhht_semantic_batch_1	0	Culture	resolved	no_author_rule	no_author_rule		[]	Culture	proposed	deferred	not_reviewed	semantic_review_draft_not_frozen
279	Violinist	42	Culture	resolved	high	agent_semantic_review	小提琴家演奏小提琴曲目，在独奏、乐团或录音中完成音乐表达。	occupation_meaning:小提琴家演奏小提琴曲目，在独奏、乐团或录音中完成音乐表达。	rationale_batch_1	"[""Culture""]"	bhht_semantic_batch_2	0	Culture	resolved	author_substring	substring_unique_candidate	Culture	"[[""Culture"",""Culture-core""]]"	Culture	proposed	deferred	not_reviewed	semantic_review_draft_not_frozen
281	Acting Coach	42	Culture	resolved	high	agent_semantic_review	An acting coach trains performers in acting technique and audition/performance practice; “coach” is not sports coaching.	occupation_meaning:Acting Coach：文化创作、表演、媒体传播或文化产品制作/发行职责	bhht_semantic_batch_3	"[""Culture""]"	bhht_semantic_batch_3	0	Culture	resolved	author_substring	substring_unique_candidate	Sports/Games	"[[""Sports/Games"",""Sports/Games""]]"	Culture	proposed	deferred	not_reviewed	semantic_review_draft_not_frozen
282	Conservationist	42		needs_context	low	agent_semantic_review	自然保护者可能从事生态科研，也可能是环境倡议者；没有具体职责语境时不能断言是科学家或政治倡议者。	occupation_meaning:生态保护者多种真实职责	bhht_semantic_batch_1	"[""Discovery/Science"",""Leadership""]"	bhht_semantic_batch_1	0		needs_context	author_exact	exact_cross_l1_conflict		"[[""Discovery/Science"",""Academia""],[""Leadership"",""Politics""]]"		needs_review	deferred	not_reviewed	semantic_review_draft_not_frozen
285	Mechanical Engineer	41	Discovery/Science	resolved	high	agent_semantic_review	设计和改进机械设备、零部件及制造系统，并测试其安全性和运行性能。	occupation_meaning:设计和改进机械设备、零部件及制造系统，并测试其安全性和运行性能。	rationale_batch_2	"[""Discovery/Science""]"	bhht_semantic_batch_2	0	Discovery/Science	resolved	author_substring	substring_cross_l1_conflict		"[[""Discovery/Science"",""Explorer/Inventor/Developer""],[""Other"",""Worker/Business (small)""]]"	Discovery/Science	proposed	deferred	not_reviewed	semantic_review_draft_not_frozen
288	Narrator	41	Culture	resolved	medium	agent_semantic_review	“Narrator”所指工作核心是采访、撰写、编辑、评论或向公众传播文化/媒体内容，属于文化生产、表演或传播职能，归入Culture。	occupation_meaning:Narrator：文化创作、表演、媒体传播或文化产品制作/发行职责	bhht_semantic_batch_3	"[""Culture""]"	bhht_semantic_batch_3	0	Culture	resolved	no_author_rule	no_author_rule		[]	Culture	proposed	deferred	not_reviewed	semantic_review_draft_not_frozen
289	Sports instructor	41	Sports/Games	resolved	medium	agent_semantic_review	向学员示范某项运动的动作规则，组织练习并纠正技术或安全问题。	occupation_meaning:向学员示范某项运动的动作规则，组织练习并纠正技术或安全问题。	rationale_batch_3	"[""Sports/Games""]"	bhht_semantic_batch_1	0	Sports/Games	resolved	author_substring	substring_cross_l1_conflict		"[[""Discovery/Science"",""Academia""],[""Sports/Games"",""Sports/Games""]]"	Sports/Games	proposed	deferred	not_reviewed	semantic_review_draft_not_frozen
290	Carpentry	40	Other	resolved	high	agent_semantic_review	木工按尺寸切割、连接和修整木材，制作或维修建筑构件、家具及木制品。	occupation_meaning:木工按尺寸切割、连接和修整木材，制作或维修建筑构件、家具及木制品。	rationale_batch_1	"[""Other""]"	bhht_semantic_batch_2	0	Other	resolved	no_author_rule	no_author_rule		[]		out_of_scope	deferred	not_reviewed	semantic_review_draft_not_frozen
291	Jewelry designer	40	Culture	resolved	medium	agent_semantic_review	“Jewelry designer”所指工作核心是创作或呈现艺术作品/现场表演，职业产出面向文化受众，属于文化生产、表演或传播职能，归入Culture。	occupation_meaning:Jewelry designer：文化创作、表演、媒体传播或文化产品制作/发行职责	bhht_semantic_batch_3	"[""Culture""]"	bhht_semantic_batch_3	0	Culture	resolved	author_substring	substring_unique_candidate	Culture	"[[""Culture"",""Culture-periphery""]]"	Culture	proposed	deferred	not_reviewed	semantic_review_draft_not_frozen
292	Handball Player	39	Sports/Games	resolved	medium	agent_semantic_review	参加手球训练和比赛，通过传球、投射和防守争取得分并协作完成战术。	occupation_meaning:参加手球训练和比赛，通过传球、投射和防守争取得分并协作完成战术。	rationale_batch_2	"[""Sports/Games""]"	bhht_semantic_batch_1	0	Sports/Games	resolved	author_substring	substring_unique_candidate	Sports/Games	"[[""Sports/Games"",""Sports/Games""]]"	Sports/Games	proposed	deferred	not_reviewed	semantic_review_draft_not_frozen
293	Promoter	39		needs_context	low	agent_semantic_review	“Promoter”可指赛事、艺人、产品或企业推广者；没有领域限定，无法确定其主要职责所属大类。	occupation_meaning:原值只给出泛称、资格、身份或无法确认的文本，需补充具体职责/语境。	bhht_semantic_batch_2	"[""Culture"",""Sports/Games"",""Leadership""]"	bhht_semantic_batch_2	0		needs_context	no_author_rule	no_author_rule		[]		needs_review	deferred	not_reviewed	semantic_review_draft_not_frozen
295	Computer Engineer	38	Discovery/Science	resolved	medium	agent_semantic_review	“Computer Engineer”从事的核心职责是从事专业教学、技术设计开发、测试或学术研究，其工作属于知识发现、学术/医疗或技术开发，归入Discovery/Science。	occupation_meaning:Computer Engineer：科学研究、专业教育、医疗服务或工程技术开发职责	bhht_semantic_batch_3	"[""Discovery/Science""]"	bhht_semantic_batch_3	0	Discovery/Science	resolved	author_substring	substring_unique_candidate	Discovery/Science	"[[""Discovery/Science"",""Explorer/Inventor/Developer""]]"	Discovery/Science	proposed	deferred	not_reviewed	semantic_review_draft_not_frozen
298	Waiting staff	37	Other	resolved	medium	agent_semantic_review	接待餐饮顾客、记录点单、递送食品饮料并处理用餐过程中的服务需求。	occupation_meaning:接待餐饮顾客、记录点单、递送食品饮料并处理用餐过程中的服务需求。	rationale_batch_3	"[""Other""]"	bhht_semantic_batch_1	0	Other	resolved	no_author_rule	no_author_rule		[]		out_of_scope	deferred	not_reviewed	semantic_review_draft_not_frozen
300	Music critic	36	Culture	resolved	high	agent_semantic_review	音乐评论家聆听唱片或现场演出，分析作品与演绎，并撰写评论供读者参考。	occupation_meaning:音乐评论家聆听唱片或现场演出，分析作品与演绎，并撰写评论供读者参考。	rationale_batch_1	"[""Culture""]"	bhht_semantic_batch_2	0	Culture	resolved	author_substring	substring_same_l1_multiple_l2	Culture	"[[""Culture"",""Culture-core""],[""Culture"",""Culture-periphery""]]"	Culture	proposed	deferred	not_reviewed	semantic_review_draft_not_frozen
301	Magician	36	Culture	resolved	high	agent_semantic_review	A magician performs illusion and stage entertainment for audiences.	occupation_meaning:Magician：文化创作、表演、媒体传播或文化产品制作/发行职责	bhht_semantic_batch_3	"[""Culture""]"	bhht_semantic_batch_3	0	Culture	resolved	author_substring	substring_unique_candidate	Other	"[[""Other"",""Other""]]"	Culture	proposed	deferred	not_reviewed	semantic_review_draft_not_frozen
302	Nobleman	36	Leadership	resolved	high	agent_semantic_review	以贵族身份享有世袭或授予的社会等级与礼仪职责；此称谓描述身份而非普通工作任务。	occupation_meaning:以贵族身份享有世袭或授予的社会等级与礼仪职责；此称谓描述身份而非普通工作任务。	rationale_batch_2	"[""Leadership""]"	bhht_semantic_batch_1	0	Leadership	resolved	author_substring	substring_unique_candidate	Leadership	"[[""Leadership"",""Nobility""]]"	Leadership	proposed	deferred	not_reviewed	semantic_review_draft_not_frozen
304	Orchestrator	35	Culture	resolved	high	agent_semantic_review	把作曲家的音乐草稿扩写成各乐器声部的管弦乐总谱和分谱。	occupation_meaning:把作曲家的音乐草稿扩写成各乐器声部的管弦乐总谱和分谱。	rationale_batch_3	"[""Culture""]"	bhht_semantic_batch_2	0	Culture	resolved	author_substring	substring_unique_candidate	Culture	"[[""Culture"",""Culture-core""]]"	Culture	proposed	deferred	not_reviewed	semantic_review_draft_not_frozen
306	Peace activist	35	Leadership	resolved	high	agent_semantic_review	“Peace activist”的职责是参与公共政策、政治组织、外交或社会倡议的决策和协调，对应公共治理、法律/军事/宗教权威或企业金融领导，归入Leadership。	occupation_meaning:Peace activist：治理、法律、军职、宗教权威、外交或企业金融管理职责	bhht_semantic_batch_3	"[""Leadership""]"	bhht_semantic_batch_3	0	Leadership	resolved	author_substring	substring_unique_candidate	Leadership	"[[""Leadership"",""Politics""]]"		out_of_scope	deferred	not_reviewed	semantic_review_draft_not_frozen
312	Session musician	34	Culture	resolved	medium	agent_semantic_review	录音室乐手受邀为其他艺人的歌曲演奏或录制指定乐器声部。	occupation_meaning:录音室乐手受邀为其他艺人的歌曲演奏或录制指定乐器声部。	rationale_batch_1	"[""Culture""]"	bhht_semantic_batch_1	0	Culture	resolved	author_substring	substring_unique_candidate	Culture	"[[""Culture"",""Culture-core""]]"	Culture	proposed	deferred	not_reviewed	semantic_review_draft_not_frozen
314	Aerospace Engineer	34	Discovery/Science	resolved	high	agent_semantic_review	设计、分析和测试飞机、航天器、推进或飞行控制系统。	occupation_meaning:设计、分析和测试飞机、航天器、推进或飞行控制系统。	rationale_batch_2	"[""Discovery/Science""]"	bhht_semantic_batch_2	0	Discovery/Science	resolved	author_substring	substring_same_l1_multiple_l2	Discovery/Science	"[[""Discovery/Science"",""Academia""],[""Discovery/Science"",""Explorer/Inventor/Developer""]]"	Discovery/Science	proposed	deferred	not_reviewed	semantic_review_draft_not_frozen
315	Field Hockey player	34	Sports/Games	resolved	high	agent_semantic_review	“Field Hockey player”的工作直接围绕体育训练、竞技或比赛规则展开，具体职责是作为选手参加有规则的体育项目训练和竞技，归入Sports/Games。	occupation_meaning:Field Hockey player：体育/武术训练、竞技、执裁或队伍管理职责	bhht_semantic_batch_3	"[""Sports/Games""]"	bhht_semantic_batch_3	0	Sports/Games	resolved	author_substring	substring_unique_candidate	Sports/Games	"[[""Sports/Games"",""Sports/Games""]]"	Sports/Games	proposed	deferred	not_reviewed	semantic_review_draft_not_frozen
316	Jazz Drummer	34	Culture	resolved	medium	agent_semantic_review	为爵士乐演奏鼓组节奏，并与其他乐手配合完成即兴或编排演出。	occupation_meaning:为爵士乐演奏鼓组节奏，并与其他乐手配合完成即兴或编排演出。	rationale_batch_3	"[""Culture""]"	bhht_semantic_batch_1	0	Culture	resolved	author_substring	substring_unique_candidate	Culture	"[[""Culture"",""Culture-core""]]"	Culture	proposed	deferred	not_reviewed	semantic_review_draft_not_frozen
317	Real estate entrepreneur	34	Leadership	resolved	medium	agent_semantic_review	房地产企业家经营地产项目或相关业务，核心是商业经营管理，归入 Leadership。	occupation_meaning:房地产企业家经营地产项目或相关业务，核心是商业经营管理，归入 Leadership。; author_role_analogy:author L1 Leadership	bhht_semantic_batch_2	"[""Leadership""]"	bhht_semantic_batch_2	0	Leadership	resolved	author_substring	substring_unique_candidate	Leadership	"[[""Leadership"",""Corporate/Executive/Business (large)""]]"	Leadership	proposed	deferred	not_reviewed	semantic_review_draft_not_frozen
320	Freestyle skier	33	Sports/Games	resolved	high	agent_semantic_review	“Freestyle skier”的工作直接围绕体育训练、竞技或比赛规则展开，具体职责是作为选手参加有规则的体育项目训练和竞技，归入Sports/Games。	occupation_meaning:Freestyle skier：体育/武术训练、竞技、执裁或队伍管理职责	bhht_semantic_batch_3	"[""Sports/Games""]"	bhht_semantic_batch_3	0	Sports/Games	resolved	author_substring	substring_unique_candidate	Sports/Games	"[[""Sports/Games"",""Sports/Games""]]"	Sports/Games	proposed	deferred	not_reviewed	semantic_review_draft_not_frozen
322	Jazz Musician	32	Culture	resolved	medium	agent_semantic_review	爵士乐手演奏、即兴创作或录制爵士音乐，可担任器乐演奏或演唱。	occupation_meaning:爵士乐手演奏、即兴创作或录制爵士音乐，可担任器乐演奏或演唱。	rationale_batch_1	"[""Culture""]"	bhht_semantic_batch_1	0	Culture	resolved	author_substring	substring_unique_candidate	Culture	"[[""Culture"",""Culture-core""]]"	Culture	proposed	deferred	not_reviewed	semantic_review_draft_not_frozen
323	Game Show Host	32	Culture	resolved	high	agent_semantic_review	主持电视或现场竞赛节目，向选手提问、说明规则并推进游戏环节。	occupation_meaning:主持电视或现场竞赛节目，向选手提问、说明规则并推进游戏环节。	rationale_batch_2	"[""Culture""]"	bhht_semantic_batch_2	0	Culture	resolved	author_substring	substring_cross_l1_conflict		"[[""Culture"",""Culture-core""],[""Sports/Games"",""Sports/Games""]]"	Culture	proposed	deferred	not_reviewed	semantic_review_draft_not_frozen
324	Radio producer	32	Culture	resolved	medium	agent_semantic_review	“Radio producer”所指工作核心是支持或统筹影视、广播、音乐及其他文化内容的制作、技术实现或发行，属于文化生产、表演或传播职能，归入Culture。	occupation_meaning:Radio producer：文化创作、表演、媒体传播或文化产品制作/发行职责	bhht_semantic_batch_3	"[""Culture""]"	bhht_semantic_batch_3	0	Culture	resolved	author_substring	substring_same_l1_multiple_l2	Culture	"[[""Culture"",""Culture-core""],[""Culture"",""Culture-periphery""]]"	Culture	proposed	deferred	not_reviewed	semantic_review_draft_not_frozen
325	Real estate development	32		needs_context	low	agent_semantic_review	房地产开发可指公司经营、项目投资，也可包含建筑/规划工作；字段未给具体岗位。	occupation_meaning:房地产行业/活动名称	bhht_semantic_batch_1	"[""Leadership"",""Discovery/Science""]"	bhht_semantic_batch_1	0		needs_context	author_substring	substring_unique_candidate	Leadership	"[[""Leadership"",""Corporate/Executive/Business (large)""]]"		out_of_scope	deferred	not_reviewed	semantic_review_draft_not_frozen
327	Territorial lord	32	Leadership	resolved	high	agent_semantic_review	作为领地贵族管理辖地、征收租税或行使地方司法与统治权。	occupation_meaning:作为领地贵族管理辖地、征收租税或行使地方司法与统治权。	rationale_batch_3	"[""Leadership""]"	bhht_semantic_batch_2	0	Leadership	resolved	author_substring	substring_unique_candidate	Leadership	"[[""Leadership"",""Nobility""]]"	Leadership	proposed	deferred	not_reviewed	semantic_review_draft_not_frozen
329	Insurance broker	31	Other	resolved	medium	agent_semantic_review	“Insurance broker”是提供标题所指的日常服务、运输、维修、照护、手工业或一般商业服务的职业称谓，不属于艺术文化、科学技术、公共权力或竞技体育领域，归入Other。	occupation_meaning:Insurance broker：明确的日常服务、一般劳动或小规模商业经营职责	bhht_semantic_batch_3	"[""Other""]"	bhht_semantic_batch_3	0	Other	resolved	author_substring	substring_unique_candidate	Other	"[[""Other"",""Worker/Business (small)""]]"		needs_review	deferred	not_reviewed	semantic_review_draft_not_frozen
330	Insurer	31		needs_context	low	agent_semantic_review	Insurer可指保险公司，也可泛指承保人/保险从业者；未说明个人岗位和职责。	occupation_meaning:机构与从业者两义	bhht_semantic_batch_1	"[""Leadership"",""Other""]"	bhht_semantic_batch_1	0		needs_context	no_author_rule	no_author_rule		[]		needs_review	deferred	not_reviewed	semantic_review_draft_not_frozen
331	Character Actor	30	Culture	resolved	high	agent_semantic_review	性格演员在影视或舞台作品中塑造有鲜明特征的配角，依据剧本呈现人物身份与行为。	occupation_meaning:性格演员在影视或舞台作品中塑造有鲜明特征的配角，依据剧本呈现人物身份与行为。	rationale_batch_1	"[""Culture""]"	bhht_semantic_batch_2	0	Culture	resolved	author_substring	substring_unique_candidate	Culture	"[[""Culture"",""Culture-core""]]"	Culture	proposed	deferred	not_reviewed	semantic_review_draft_not_frozen
333	Television Show Host	30	Culture	resolved	medium	agent_semantic_review	“Television Show Host”所指工作核心是采访、撰写、编辑、评论或向公众传播文化/媒体内容，属于文化生产、表演或传播职能，归入Culture。	occupation_meaning:Television Show Host：文化创作、表演、媒体传播或文化产品制作/发行职责	bhht_semantic_batch_3	"[""Culture""]"	bhht_semantic_batch_3	0	Culture	resolved	author_substring	substring_same_l1_multiple_l2	Culture	"[[""Culture"",""Culture-core""],[""Culture"",""Culture-periphery""]]"	Culture	proposed	deferred	not_reviewed	semantic_review_draft_not_frozen
336	Sound Editor	29	Culture	resolved	medium	agent_semantic_review	整理并剪辑影视录音，处理对白、环境声和音效，使声轨与画面及剧情同步。	occupation_meaning:整理并剪辑影视录音，处理对白、环境声和音效，使声轨与画面及剧情同步。	rationale_batch_2	"[""Culture""]"	bhht_semantic_batch_1	0	Culture	resolved	author_substring	substring_unique_candidate	Culture	"[[""Culture"",""Culture-periphery""]]"	Culture	proposed	deferred	not_reviewed	semantic_review_draft_not_frozen
337	Documentary Filmmaker	29	Culture	resolved	high	agent_semantic_review	选题并拍摄、剪辑非虚构影像，以访谈、档案或现场记录呈现现实议题。	occupation_meaning:选题并拍摄、剪辑非虚构影像，以访谈、档案或现场记录呈现现实议题。	rationale_batch_3	"[""Culture""]"	bhht_semantic_batch_2	0	Culture	resolved	author_substring	substring_unique_candidate	Culture	"[[""Culture"",""Culture-core""]]"	Culture	proposed	deferred	not_reviewed	semantic_review_draft_not_frozen
338	Game designer	29	Culture	resolved	high	agent_semantic_review	A game designer creates rules, mechanics, and player experience for games; this is design of cultural products, not a competitive player.	occupation_meaning:Game designer：文化创作、表演、媒体传播或文化产品制作/发行职责	bhht_semantic_batch_3	"[""Culture""]"	bhht_semantic_batch_3	0	Culture	resolved	author_substring	substring_cross_l1_conflict		"[[""Culture"",""Culture-periphery""],[""Sports/Games"",""Sports/Games""]]"		needs_review	deferred	not_reviewed	semantic_review_draft_not_frozen
339	Opera Director (Profession)	29	Culture	resolved	medium	agent_semantic_review	歌剧导演解读歌剧剧本和音乐总谱，设计舞台演出构想并指导歌手、演员及舞台团队排演。	occupation_meaning:歌剧导演解读歌剧剧本和音乐总谱，设计舞台演出构想并指导歌手、演员及舞台团队排演。	rationale_batch_1	"[""Culture""]"	bhht_semantic_batch_1	0	Culture	resolved	author_substring	substring_unique_candidate	Culture	"[[""Culture"",""Culture-core""]]"	Culture	proposed	deferred	not_reviewed	semantic_review_draft_not_frozen
340	Comic book creator	29	Culture	resolved	high	agent_semantic_review	创作漫画故事和角色，并绘制或统筹分格画面、对白与连续叙事。	occupation_meaning:创作漫画故事和角色，并绘制或统筹分格画面、对白与连续叙事。	rationale_batch_2	"[""Culture""]"	bhht_semantic_batch_2	0	Culture	resolved	author_substring	substring_unique_candidate	Culture	"[[""Culture"",""Culture-core""]]"	Culture	proposed	deferred	not_reviewed	semantic_review_draft_not_frozen
341	Rescue	29		needs_context	low	agent_semantic_review	“Rescue” names an activity or event rather than a defined occupational role.	occupation_meaning:Rescue：仅凭词项无法确定稳定职业职责	bhht_semantic_batch_3	[]	bhht_semantic_batch_3	0		needs_context	no_author_rule	no_author_rule		[]		needs_review	deferred	not_reviewed	semantic_review_draft_not_frozen
346	Cabaret Artist	28	Culture	resolved	medium	agent_semantic_review	在歌舞厅或综艺舞台演唱、跳舞、表演喜剧或呈现其他现场节目。	occupation_meaning:在歌舞厅或综艺舞台演唱、跳舞、表演喜剧或呈现其他现场节目。	rationale_batch_3	"[""Culture""]"	bhht_semantic_batch_1	0	Culture	resolved	author_substring	substring_unique_candidate	Culture	"[[""Culture"",""Culture-core""]]"	Culture	proposed	deferred	not_reviewed	semantic_review_draft_not_frozen
349	Personal trainer	28	Sports/Games	resolved	high	agent_semantic_review	私人健身教练评估客户体能，制定个别锻炼计划并指导动作、负荷和训练进度。	occupation_meaning:私人健身教练评估客户体能，制定个别锻炼计划并指导动作、负荷和训练进度。	rationale_batch_1	"[""Sports/Games""]"	bhht_semantic_batch_2	0	Sports/Games	resolved	author_substring	substring_unique_candidate	Sports/Games	"[[""Sports/Games"",""Sports/Games""]]"		needs_review	deferred	not_reviewed	semantic_review_draft_not_frozen
351	Investment Banker	28	Leadership	resolved	high	agent_semantic_review	“Investment Banker”的职责是承担机构治理、金融资本配置、商业经营管理或政治公共事务职责，对应公共治理、法律/军事/宗教权威或企业金融领导，归入Leadership。	occupation_meaning:Investment Banker：治理、法律、军职、宗教权威、外交或企业金融管理职责	bhht_semantic_batch_3	"[""Leadership""]"	bhht_semantic_batch_3	0	Leadership	resolved	author_substring	substring_unique_candidate	Leadership	"[[""Leadership"",""Corporate/Executive/Business (large)""]]"		needs_review	deferred	not_reviewed	semantic_review_draft_not_frozen
352	Attorney at law	27	Leadership	resolved	high	agent_semantic_review	为客户解释法律、起草诉讼或交易文件，并在法庭或谈判中提供代理。	occupation_meaning:为客户解释法律、起草诉讼或交易文件，并在法庭或谈判中提供代理。	rationale_batch_2	"[""Leadership""]"	bhht_semantic_batch_1	0	Leadership	resolved	author_substring	substring_unique_candidate	Leadership	"[[""Leadership"",""Administration/Law""]]"	Leadership	proposed	deferred	not_reviewed	semantic_review_draft_not_frozen
353	Editing	27	Culture	resolved	high	agent_semantic_review	校订文字、影像或声音材料的结构与内容，使其适合出版、播出或发行；词项只指编辑活动。	occupation_meaning:校订文字、影像或声音材料的结构与内容，使其适合出版、播出或发行；词项只指编辑活动。	rationale_batch_3	"[""Culture""]"	bhht_semantic_batch_2	0	Culture	resolved	no_author_rule	no_author_rule		[]		needs_review	deferred	not_reviewed	semantic_review_draft_not_frozen
354	Televangelist	27	Leadership	resolved	high	agent_semantic_review	“Televangelist”的职责是担任宗教组织的教职、权威或带领信众，对应公共治理、法律/军事/宗教权威或企业金融领导，归入Leadership。	occupation_meaning:Televangelist：治理、法律、军职、宗教权威、外交或企业金融管理职责	bhht_semantic_batch_3	"[""Leadership""]"	bhht_semantic_batch_3	0	Leadership	resolved	author_substring	substring_unique_candidate	Leadership	"[[""Leadership"",""Religious""]]"	Leadership	proposed	deferred	not_reviewed	semantic_review_draft_not_frozen
356	Acting Teacher	27	Culture	resolved	medium	agent_semantic_review	表演教师讲授角色分析、台词、肢体和舞台表达，带学生排练戏剧场景。	occupation_meaning:表演教师讲授角色分析、台词、肢体和舞台表达，带学生排练戏剧场景。	rationale_batch_1	"[""Culture""]"	bhht_semantic_batch_1	0	Culture	resolved	author_substring	substring_unique_candidate	Discovery/Science	"[[""Discovery/Science"",""Academia""]]"		needs_review	deferred	not_reviewed	semantic_review_draft_not_frozen
357	Music Teacher	27	Culture	resolved	high	agent_semantic_review	教授乐器演奏、声乐或乐理，通过示范、练习和反馈提升学生的音乐能力。	occupation_meaning:教授乐器演奏、声乐或乐理，通过示范、练习和反馈提升学生的音乐能力。	rationale_batch_2	"[""Culture""]"	bhht_semantic_batch_2	0	Culture	resolved	author_substring	substring_cross_l1_conflict		"[[""Culture"",""Culture-core""],[""Discovery/Science"",""Academia""]]"		needs_review	deferred	not_reviewed	semantic_review_draft_not_frozen
358	Naval Officer	27	Leadership	resolved	high	agent_semantic_review	“Naval Officer”的职责是在军队或公共安全体系履行指挥、军职或执法责任，对应公共治理、法律/军事/宗教权威或企业金融领导，归入Leadership。	occupation_meaning:Naval Officer：治理、法律、军职、宗教权威、外交或企业金融管理职责	bhht_semantic_batch_3	"[""Leadership""]"	bhht_semantic_batch_3	0	Leadership	resolved	author_substring	substring_unique_candidate	Leadership	"[[""Leadership"",""Military""]]"	Leadership	proposed	deferred	not_reviewed	semantic_review_draft_not_frozen
364	Stunt coordinator	25	Culture	resolved	high	agent_semantic_review	特技协调员为影视制作设计、排练并组织安全执行动作场面，属于电影电视制作岗位。	occupation_meaning:影视动作设计与制作协调	bhht_semantic_batch_1	"[""Culture""]"	bhht_semantic_batch_1	0	Culture	resolved	author_substring	substring_unique_candidate	Culture	"[[""Culture"",""Culture-core""]]"	Culture	proposed	deferred	not_reviewed	semantic_review_draft_not_frozen
366	Media Personality	24	Culture	resolved	medium	agent_semantic_review	通过电视、广播或网络节目出镜、主持或评论，与公众传播内容并维持媒体形象。	occupation_meaning:通过电视、广播或网络节目出镜、主持或评论，与公众传播内容并维持媒体形象。	rationale_batch_3	"[""Culture""]"	bhht_semantic_batch_2	0	Culture	resolved	author_substring	substring_unique_candidate	Culture	"[[""Culture"",""Culture-periphery""]]"	Culture	proposed	deferred	not_reviewed	semantic_review_draft_not_frozen
367	Media proprietor	24	Culture	resolved	high	agent_semantic_review	A media proprietor owns or controls media outlets and their publishing/broadcast operations, a culture-industry function.	occupation_meaning:Media proprietor：文化创作、表演、媒体传播或文化产品制作/发行职责	bhht_semantic_batch_3	"[""Culture""]"	bhht_semantic_batch_3	0	Culture	resolved	author_substring	substring_unique_candidate	Culture	"[[""Culture"",""Culture-periphery""]]"		needs_review	deferred	not_reviewed	semantic_review_draft_not_frozen
371	Music pedagogue	23	Culture	resolved	medium	primary_semantic_adjudication	从事音乐技艺教育与教学，与Music Teacher/Voice teacher等专门艺术教学采用相同口径；明确以学术理论研究为职责的Music Theorist另归Science。	occupation_meaning:音乐技艺教育; policy:专门艺术教学口径一致	primary_semantic_review	"[""Culture""]"	primary_semantic_review	1	Discovery/Science	resolved	author_substring	substring_cross_l1_conflict		"[[""Culture"",""Culture-core""],[""Discovery/Science"",""Academia""]]"		needs_review	deferred	not_reviewed	semantic_review_draft_not_frozen
372	Software Engineer	23	Discovery/Science	resolved	high	agent_semantic_review	软件工程师设计、编写、测试和维护软件系统，处理功能、可靠性和性能问题。	occupation_meaning:软件工程师设计、编写、测试和维护软件系统，处理功能、可靠性和性能问题。	rationale_batch_1	"[""Discovery/Science""]"	bhht_semantic_batch_2	0	Discovery/Science	resolved	author_substring	substring_unique_candidate	Discovery/Science	"[[""Discovery/Science"",""Explorer/Inventor/Developer""]]"	Discovery/Science	proposed	deferred	not_reviewed	semantic_review_draft_not_frozen
376	Graphic Artist	23	Culture	resolved	medium	agent_semantic_review	“Graphic Artist”所指工作核心是创作或呈现艺术作品/现场表演，职业产出面向文化受众，属于文化生产、表演或传播职能，归入Culture。	occupation_meaning:Graphic Artist：文化创作、表演、媒体传播或文化产品制作/发行职责	bhht_semantic_batch_3	"[""Culture""]"	bhht_semantic_batch_3	0	Culture	resolved	author_substring	substring_unique_candidate	Culture	"[[""Culture"",""Culture-core""]]"	Culture	proposed	deferred	not_reviewed	semantic_review_draft_not_frozen
383	Firefighter	22	Other	resolved	medium	agent_semantic_review	扑灭火灾、救助受困人员，并处理事故现场的紧急救援和危险控制。	occupation_meaning:扑灭火灾、救助受困人员，并处理事故现场的紧急救援和危险控制。	rationale_batch_2	"[""Other""]"	bhht_semantic_batch_1	0	Other	resolved	author_substring	substring_cross_l1_conflict		"[[""Leadership"",""Military""],[""Sports/Games"",""Sports/Games""]]"		out_of_scope	deferred	not_reviewed	semantic_review_draft_not_frozen
385	Condottiere	21	Leadership	resolved	high	agent_semantic_review	历史上的 condottiere 是受雇佣兵团首领，属于军事指挥。	https://en.wikisource.org/wiki/1911_Encyclop%C3%A6dia_Britannica/Condottiere	bhht_semantic_batch_2	"[""Leadership""]"	bhht_semantic_batch_2	0	Leadership	resolved	no_author_rule	no_author_rule		[]	Leadership	proposed	deferred	not_reviewed	semantic_review_draft_not_frozen
386	Civil rights activist	21	Leadership	resolved	high	agent_semantic_review	“Civil rights activist”的职责是参与公共政策、政治组织、外交或社会倡议的决策和协调，对应公共治理、法律/军事/宗教权威或企业金融领导，归入Leadership。	occupation_meaning:Civil rights activist：治理、法律、军职、宗教权威、外交或企业金融管理职责	bhht_semantic_batch_3	"[""Leadership""]"	bhht_semantic_batch_3	0	Leadership	resolved	author_substring	substring_unique_candidate	Leadership	"[[""Leadership"",""Politics""]]"		needs_review	deferred	not_reviewed	semantic_review_draft_not_frozen
387	Dramaturge	21	Culture	resolved	medium	agent_semantic_review	为剧院制作研究剧本背景、分析戏剧结构，并向导演和剧组提供文本建议。	occupation_meaning:为剧院制作研究剧本背景、分析戏剧结构，并向导演和剧组提供文本建议。	rationale_batch_3	"[""Culture""]"	bhht_semantic_batch_1	0	Culture	resolved	author_substring	substring_unique_candidate	Culture	"[[""Culture"",""Culture-core""]]"	Culture	proposed	deferred	not_reviewed	semantic_review_draft_not_frozen
390	Human rights activist	20	Leadership	resolved	medium	agent_semantic_review	Human rights activist 从事人权公共倡议与社会行动；作者 Politics 类包含 activist/humanitarian 等公共倡议职责，因此归 Leadership。	occupation_meaning:Human rights activist 从事人权公共倡议与社会行动；作者 Politics 类包含 activist/humanitarian 等公共倡议职责，因此归 Leadership。; author_role_analogy:author L1 Leadership	bhht_semantic_batch_2	"[""Leadership""]"	bhht_semantic_batch_2	0	Leadership	resolved	author_substring	substring_unique_candidate	Leadership	"[[""Leadership"",""Politics""]]"		out_of_scope	deferred	not_reviewed	semantic_review_draft_not_frozen
392	Factory worker	20	Other	resolved	medium	agent_semantic_review	“Factory worker”是提供标题所指的日常服务、运输、维修、照护、手工业或一般商业服务的职业称谓，不属于艺术文化、科学技术、公共权力或竞技体育领域，归入Other。	occupation_meaning:Factory worker：明确的日常服务、一般劳动或小规模商业经营职责	bhht_semantic_batch_3	"[""Other""]"	bhht_semantic_batch_3	0	Other	resolved	author_substring	substring_unique_candidate	Other	"[[""Other"",""Worker/Business (small)""]]"		out_of_scope	deferred	not_reviewed	semantic_review_draft_not_frozen
394	Professional golfer	20	Sports/Games	resolved	medium	agent_semantic_review	职业高尔夫球手训练并参加职业高尔夫比赛，以击球将球送入球洞并争取较低杆数。	occupation_meaning:职业高尔夫球手训练并参加职业高尔夫比赛，以击球将球送入球洞并争取较低杆数。	rationale_batch_1	"[""Sports/Games""]"	bhht_semantic_batch_1	0	Sports/Games	resolved	author_substring	substring_unique_candidate	Sports/Games	"[[""Sports/Games"",""Sports/Games""]]"	Sports/Games	proposed	deferred	not_reviewed	semantic_review_draft_not_frozen
397	Professional Poker Player	20	Sports/Games	resolved	high	agent_semantic_review	参加职业扑克比赛，依据牌局概率、规则和对手行动进行策略决策。	occupation_meaning:参加职业扑克比赛，依据牌局概率、规则和对手行动进行策略决策。	rationale_batch_2	"[""Sports/Games""]"	bhht_semantic_batch_2	0	Sports/Games	resolved	author_substring	substring_unique_candidate	Sports/Games	"[[""Sports/Games"",""Sports/Games""]]"	Sports/Games	proposed	deferred	not_reviewed	semantic_review_draft_not_frozen
400	Industrial designer	19	Culture	resolved	high	agent_semantic_review	An industrial designer develops the form and usability of manufactured products; this is design practice, not corporate leadership.	occupation_meaning:Industrial designer：文化创作、表演、媒体传播或文化产品制作/发行职责	bhht_semantic_batch_3	"[""Culture""]"	bhht_semantic_batch_3	0	Culture	resolved	author_substring	substring_cross_l1_conflict		"[[""Culture"",""Culture-periphery""],[""Leadership"",""Corporate/Executive/Business (large)""]]"	Culture	proposed	deferred	not_reviewed	semantic_review_draft_not_frozen
401	Law professor	19	Discovery/Science	resolved	medium	agent_semantic_review	在高校讲授法律课程、指导学生，并可能研究法律规则和司法制度。	occupation_meaning:在高校讲授法律课程、指导学生，并可能研究法律规则和司法制度。	rationale_batch_3	"[""Discovery/Science""]"	bhht_semantic_batch_1	0	Discovery/Science	resolved	author_substring	substring_cross_l1_conflict		"[[""Discovery/Science"",""Academia""],[""Leadership"",""Administration/Law""]]"	Discovery/Science	proposed	deferred	not_reviewed	semantic_review_draft_not_frozen
403	Crime writer	19	Culture	resolved	high	agent_semantic_review	犯罪题材作家构思并撰写以犯罪、侦查或司法案件为核心的小说或非虚构作品。	occupation_meaning:犯罪题材作家构思并撰写以犯罪、侦查或司法案件为核心的小说或非虚构作品。	rationale_batch_1	"[""Culture""]"	bhht_semantic_batch_2	0	Culture	resolved	author_substring	substring_cross_l1_conflict		"[[""Culture"",""Culture-core""],[""Other"",""Other""]]"	Culture	proposed	deferred	not_reviewed	semantic_review_draft_not_frozen
404	Stagehand	19	Culture	resolved	medium	agent_semantic_review	“Stagehand”所指工作核心是支持或统筹影视、广播、音乐及其他文化内容的制作、技术实现或发行，属于文化生产、表演或传播职能，归入Culture。	occupation_meaning:Stagehand：文化创作、表演、媒体传播或文化产品制作/发行职责	bhht_semantic_batch_3	"[""Culture""]"	bhht_semantic_batch_3	0	Culture	resolved	no_author_rule	no_author_rule		[]		out_of_scope	deferred	not_reviewed	semantic_review_draft_not_frozen
405	Ice dancer	19	Sports/Games	resolved	high	agent_semantic_review	与搭档在冰面编排并表演舞蹈动作，参加花样滑冰冰舞项目的竞技评分。	occupation_meaning:与搭档在冰面编排并表演舞蹈动作，参加花样滑冰冰舞项目的竞技评分。	rationale_batch_2	"[""Sports/Games""]"	bhht_semantic_batch_1	0	Sports/Games	resolved	author_substring	substring_unique_candidate	Culture	"[[""Culture"",""Culture-core""]]"	Sports/Games	proposed	deferred	not_reviewed	semantic_review_draft_not_frozen
406	Triathlete	19	Sports/Games	resolved	high	agent_semantic_review	训练并参加由游泳、骑行和跑步组成的三项全能比赛。	occupation_meaning:训练并参加由游泳、骑行和跑步组成的三项全能比赛。	rationale_batch_3	"[""Sports/Games""]"	bhht_semantic_batch_2	0	Sports/Games	resolved	author_substring	substring_unique_candidate	Sports/Games	"[[""Sports/Games"",""Sports/Games""]]"	Sports/Games	proposed	deferred	not_reviewed	semantic_review_draft_not_frozen
408	Property caretaker	19	Other	resolved	medium	agent_semantic_review	“Property caretaker”是提供标题所指的日常服务、运输、维修、照护、手工业或一般商业服务的职业称谓，不属于艺术文化、科学技术、公共权力或竞技体育领域，归入Other。	occupation_meaning:Property caretaker：明确的日常服务、一般劳动或小规模商业经营职责	bhht_semantic_batch_3	"[""Other""]"	bhht_semantic_batch_3	0	Other	resolved	no_author_rule	no_author_rule		[]		out_of_scope	deferred	not_reviewed	semantic_review_draft_not_frozen
409	Visual Effects Artist	18	Culture	resolved	medium	agent_semantic_review	视觉特效艺术家制作数字图像、动画或合成镜头，把实拍素材与虚拟场景整合进影视画面。	occupation_meaning:视觉特效艺术家制作数字图像、动画或合成镜头，把实拍素材与虚拟场景整合进影视画面。	rationale_batch_1	"[""Culture""]"	bhht_semantic_batch_1	0	Culture	resolved	author_substring	substring_unique_candidate	Culture	"[[""Culture"",""Culture-core""]]"	Culture	proposed	deferred	not_reviewed	semantic_review_draft_not_frozen
410	Newspaper editor	18	Culture	resolved	high	agent_semantic_review	决定报纸内容安排，编辑稿件、核实事实并协调记者和版面截稿。	occupation_meaning:决定报纸内容安排，编辑稿件、核实事实并协调记者和版面截稿。	rationale_batch_2	"[""Culture""]"	bhht_semantic_batch_2	0	Culture	resolved	author_substring	substring_unique_candidate	Culture	"[[""Culture"",""Culture-periphery""]]"	Culture	proposed	deferred	not_reviewed	semantic_review_draft_not_frozen
412	Bobsleigher	18	Sports/Games	resolved	high	agent_semantic_review	“Bobsleigher”的工作直接围绕体育训练、竞技或比赛规则展开，具体职责是作为选手参加有规则的体育项目训练和竞技，归入Sports/Games。	occupation_meaning:Bobsleigher：体育/武术训练、竞技、执裁或队伍管理职责	bhht_semantic_batch_3	"[""Sports/Games""]"	bhht_semantic_batch_3	0	Sports/Games	resolved	author_substring	substring_unique_candidate	Sports/Games	"[[""Sports/Games"",""Sports/Games""]]"	Sports/Games	proposed	deferred	not_reviewed	semantic_review_draft_not_frozen
413	Martial Arts Instructor	18	Sports/Games	resolved	medium	agent_semantic_review	教授武术动作、套路或对练方法，组织练习并指导学员提高技术与安全意识。	occupation_meaning:教授武术动作、套路或对练方法，组织练习并指导学员提高技术与安全意识。	rationale_batch_3	"[""Sports/Games""]"	bhht_semantic_batch_1	0	Sports/Games	resolved	author_substring	substring_cross_l1_conflict		"[[""Culture"",""Culture-core""],[""Discovery/Science"",""Academia""],[""Sports/Games"",""Sports/Games""]]"	Sports/Games	proposed	deferred	not_reviewed	semantic_review_draft_not_frozen
414	Aircrew	18		needs_context	low	agent_semantic_review	Aircrew 可指军用或民用航空机组成员，职责背景可能分别归军事或普通服务，缺少具体岗位语境。	occupation_meaning:原值只给出泛称、资格、身份或无法确认的文本，需补充具体职责/语境。	bhht_semantic_batch_2	"[""Leadership"",""Other""]"	bhht_semantic_batch_2	0		needs_context	no_author_rule	no_author_rule		[]		out_of_scope	deferred	not_reviewed	semantic_review_draft_not_frozen
420	Veterinary physician	17	Discovery/Science	resolved	medium	agent_semantic_review	“Veterinary physician”从事的核心职责是运用医学专业知识提供诊断、治疗、护理或健康服务，其工作属于知识发现、学术/医疗或技术开发，归入Discovery/Science。	occupation_meaning:Veterinary physician：科学研究、专业教育、医疗服务或工程技术开发职责	bhht_semantic_batch_3	"[""Discovery/Science""]"	bhht_semantic_batch_3	0	Discovery/Science	resolved	author_substring	substring_unique_candidate	Discovery/Science	"[[""Discovery/Science"",""Academia""]]"	Discovery/Science	proposed	deferred	not_reviewed	semantic_review_draft_not_frozen
421	Theatre Manager	17	Culture	resolved	medium	agent_semantic_review	剧院经理管理剧院日常运营、演出排期、场地与工作人员，协调票务及演出后勤。	occupation_meaning:剧院经理管理剧院日常运营、演出排期、场地与工作人员，协调票务及演出后勤。	rationale_batch_1	"[""Culture""]"	bhht_semantic_batch_1	0	Culture	resolved	author_substring	substring_cross_l1_conflict		"[[""Culture"",""Culture-core""],[""Leadership"",""Corporate/Executive/Business (large)""]]"		needs_review	deferred	not_reviewed	semantic_review_draft_not_frozen
423	Web analytics	17		needs_context	low	agent_semantic_review	该值是网站数据分析领域名称，没有说明它表示数据分析岗位、营销服务还是网站相关研究工作，需补具体职务。	occupation_meaning:原值只给出泛称、资格、身份或无法确认的文本，需补充具体职责/语境。	bhht_semantic_batch_2	"[""Discovery/Science"",""Other""]"	bhht_semantic_batch_2	0		needs_context	no_author_rule	no_author_rule		[]		needs_review	deferred	not_reviewed	semantic_review_draft_not_frozen
425	Vocal coach	16	Culture	resolved	medium	agent_semantic_review	“Vocal coach”所指工作核心是提供明确的艺术、媒体或文化产业创作与制作服务，属于文化生产、表演或传播职能，归入Culture。	occupation_meaning:Vocal coach：文化创作、表演、媒体传播或文化产品制作/发行职责	bhht_semantic_batch_3	"[""Culture""]"	bhht_semantic_batch_3	0	Culture	resolved	author_substring	substring_unique_candidate	Sports/Games	"[[""Sports/Games"",""Sports/Games""]]"	Culture	proposed	deferred	not_reviewed	semantic_review_draft_not_frozen
426	Voice teacher	16	Culture	resolved	medium	agent_semantic_review	训练学生的发声、呼吸、音准和演唱表达，通常通过示范及逐句纠正授课。	occupation_meaning:训练学生的发声、呼吸、音准和演唱表达，通常通过示范及逐句纠正授课。	rationale_batch_2	"[""Culture""]"	bhht_semantic_batch_1	0	Culture	resolved	author_substring	substring_unique_candidate	Discovery/Science	"[[""Discovery/Science"",""Academia""]]"		needs_review	deferred	not_reviewed	semantic_review_draft_not_frozen
427	Ski jumper	16	Sports/Games	resolved	high	agent_semantic_review	从跳台滑下起跳，在空中保持姿势并以距离和动作质量参加跳台滑雪比赛。	occupation_meaning:从跳台滑下起跳，在空中保持姿势并以距离和动作质量参加跳台滑雪比赛。	rationale_batch_3	"[""Sports/Games""]"	bhht_semantic_batch_2	0	Sports/Games	resolved	author_substring	substring_unique_candidate	Sports/Games	"[[""Sports/Games"",""Sports/Games""]]"	Sports/Games	proposed	deferred	not_reviewed	semantic_review_draft_not_frozen
428	Fitness professional	16	Sports/Games	resolved	high	agent_semantic_review	“Fitness professional”的工作直接围绕体育训练、竞技或比赛规则展开，具体职责是参与体育项目的训练、竞技或赛事组织，归入Sports/Games。	occupation_meaning:Fitness professional：体育/武术训练、竞技、执裁或队伍管理职责	bhht_semantic_batch_3	"[""Sports/Games""]"	bhht_semantic_batch_3	0	Sports/Games	resolved	author_substring	substring_unique_candidate	Sports/Games	"[[""Sports/Games"",""Sports/Games""]]"	Sports/Games	proposed	deferred	not_reviewed	semantic_review_draft_not_frozen
429	Internet marketing	16	Other	resolved	medium	primary_semantic_adjudication	完整短语指数字营销、搜索优化或获客业务，按作者marketing→Worker/Business(small)归Other；活动/领域名称仅作职业词表中的功能映射，不据此断言人物具体岗位。	author_role_analogy:marketing/Worker-Business-small	primary_semantic_review	"[""Other""]"	primary_semantic_review	1	Other	resolved	author_substring	substring_unique_candidate	Other	"[[""Other"",""Worker/Business (small)""]]"		needs_review	deferred	not_reviewed	semantic_review_draft_not_frozen
430	SEM Professional	16	Other	resolved	high	agent_semantic_review	搜索引擎营销从业者策划搜索引擎推广活动，运用SEO和付费搜索提高网站在搜索结果中的曝光与访问。	https://searchengineland.com/what-is-search-marketing-393902	rationale_batch_1	"[""Other""]"	bhht_semantic_batch_2	0	Other	resolved	no_author_rule	no_author_rule		[]		needs_review	deferred	not_reviewed	semantic_review_draft_not_frozen
431	SEO Professional	16	Other	resolved	high	agent_semantic_review	An SEO professional improves how websites are indexed and ranked in search services; this is a specialized digital marketing service.	occupation_meaning:SEO Professional：明确的日常服务、一般劳动或小规模商业经营职责	bhht_semantic_batch_3	"[""Other""]"	bhht_semantic_batch_3	0	Other	resolved	no_author_rule	no_author_rule		[]		needs_review	deferred	not_reviewed	semantic_review_draft_not_frozen
432	Truck driver	16	Other	resolved	medium	agent_semantic_review	驾驶货车按路线运送货物，检查车辆并遵守道路和装卸安全要求。	occupation_meaning:驾驶货车按路线运送货物，检查车辆并遵守道路和装卸安全要求。	rationale_batch_2	"[""Other""]"	bhht_semantic_batch_1	0	Other	resolved	author_substring	substring_unique_candidate	Sports/Games	"[[""Sports/Games"",""Sports/Games""]]"		out_of_scope	deferred	not_reviewed	semantic_review_draft_not_frozen
433	Short Track Speed Skater	16	Sports/Games	resolved	high	agent_semantic_review	在短道冰场参加速度滑冰竞赛，通过弯道超越和冲刺争取名次。	occupation_meaning:在短道冰场参加速度滑冰竞赛，通过弯道超越和冲刺争取名次。	rationale_batch_3	"[""Sports/Games""]"	bhht_semantic_batch_2	0	Sports/Games	resolved	author_substring	substring_unique_candidate	Sports/Games	"[[""Sports/Games"",""Sports/Games""]]"	Sports/Games	proposed	deferred	not_reviewed	semantic_review_draft_not_frozen
434	Academician	16	Discovery/Science	resolved	medium	agent_semantic_review	“Academician”从事的核心职责是从事专业教学、技术设计开发、测试或学术研究，其工作属于知识发现、学术/医疗或技术开发，归入Discovery/Science。	occupation_meaning:Academician：科学研究、专业教育、医疗服务或工程技术开发职责	bhht_semantic_batch_3	"[""Discovery/Science""]"	bhht_semantic_batch_3	0	Discovery/Science	resolved	author_substring	substring_unique_candidate	Discovery/Science	"[[""Discovery/Science"",""Academia""]]"	Discovery/Science	proposed	deferred	not_reviewed	semantic_review_draft_not_frozen
435	Art Model	16	Culture	resolved	medium	agent_semantic_review	艺术模特按画家、雕塑家或摄影师要求摆姿，供其观察人体形态、光线并创作作品。	occupation_meaning:艺术模特按画家、雕塑家或摄影师要求摆姿，供其观察人体形态、光线并创作作品。	rationale_batch_1	"[""Culture""]"	bhht_semantic_batch_1	0	Culture	resolved	author_substring	substring_unique_candidate	Culture	"[[""Culture"",""Culture-periphery""]]"	Culture	proposed	deferred	not_reviewed	semantic_review_draft_not_frozen
436	Cultural critic	16	Culture	resolved	high	agent_semantic_review	评论艺术、媒体或文化作品，分析其形式、观念及社会影响并向公众发表观点。	occupation_meaning:评论艺术、媒体或文化作品，分析其形式、观念及社会影响并向公众发表观点。	rationale_batch_2	"[""Culture""]"	bhht_semantic_batch_2	0	Culture	resolved	author_substring	substring_unique_candidate	Culture	"[[""Culture"",""Culture-periphery""]]"	Culture	proposed	deferred	not_reviewed	semantic_review_draft_not_frozen
438	Holy Roman Emperor	16	Leadership	resolved	high	agent_semantic_review	“Holy Roman Emperor”的职责是承载王室/贵族身份或宫廷职务所赋予的治理、礼仪权责，对应公共治理、法律/军事/宗教权威或企业金融领导，归入Leadership。	occupation_meaning:Holy Roman Emperor：治理、法律、军职、宗教权威、外交或企业金融管理职责	bhht_semantic_batch_3	"[""Leadership""]"	bhht_semantic_batch_3	0	Leadership	resolved	author_substring	substring_unique_candidate	Leadership	"[[""Leadership"",""Nobility""]]"	Leadership	proposed	deferred	not_reviewed	semantic_review_draft_not_frozen
439	Advertising Executive	16	Leadership	resolved	medium	agent_semantic_review	广告公司/广告业务的高管负责商业经营、客户与业务管理，职位核心是企业管理。	occupation_meaning:广告业务高管职能	bhht_semantic_batch_1	"[""Leadership""]"	bhht_semantic_batch_1	0	Leadership	resolved	author_substring	substring_cross_l1_conflict		"[[""Culture"",""Culture-periphery""],[""Leadership"",""Corporate/Executive/Business (large)""]]"		needs_review	deferred	not_reviewed	semantic_review_draft_not_frozen
442	Voice acting in Japan	15	Culture	resolved	high	agent_semantic_review	为动画、游戏或影视角色录制日语对白，塑造角色声音并参与配音录制。	occupation_meaning:为动画、游戏或影视角色录制日语对白，塑造角色声音并参与配音录制。	rationale_batch_3	"[""Culture""]"	bhht_semantic_batch_2	0	Culture	resolved	no_author_rule	no_author_rule		[]		out_of_scope	deferred	not_reviewed	semantic_review_draft_not_frozen
446	Cab Driver	15	Other	resolved	medium	agent_semantic_review	“Cab Driver”是提供标题所指的日常服务、运输、维修、照护、手工业或一般商业服务的职业称谓，不属于艺术文化、科学技术、公共权力或竞技体育领域，归入Other。	occupation_meaning:Cab Driver：明确的日常服务、一般劳动或小规模商业经营职责	bhht_semantic_batch_3	"[""Other""]"	bhht_semantic_batch_3	0	Other	resolved	author_substring	substring_unique_candidate	Sports/Games	"[[""Sports/Games"",""Sports/Games""]]"		out_of_scope	deferred	not_reviewed	semantic_review_draft_not_frozen
448	Radio Broadcaster	15	Culture	resolved	medium	agent_semantic_review	广播员通过电台播报新闻、主持节目或传递音乐与公共信息。	occupation_meaning:广播员通过电台播报新闻、主持节目或传递音乐与公共信息。	rationale_batch_1	"[""Culture""]"	bhht_semantic_batch_1	0	Culture	resolved	author_substring	substring_unique_candidate	Culture	"[[""Culture"",""Culture-periphery""]]"	Culture	proposed	deferred	not_reviewed	semantic_review_draft_not_frozen
449	Mime artist	15	Culture	resolved	high	agent_semantic_review	不用口语而以面部表情和身体动作塑造人物、物件或情境进行舞台表演。	occupation_meaning:不用口语而以面部表情和身体动作塑造人物、物件或情境进行舞台表演。	rationale_batch_2	"[""Culture""]"	bhht_semantic_batch_2	0	Culture	resolved	author_substring	substring_unique_candidate	Culture	"[[""Culture"",""Culture-core""]]"	Culture	proposed	deferred	not_reviewed	semantic_review_draft_not_frozen
452	Ethnographer	14	Discovery/Science	resolved	medium	agent_semantic_review	“Ethnographer”从事的核心职责是开展该学科的研究、证据分析与知识产出，其工作属于知识发现、学术/医疗或技术开发，归入Discovery/Science。	occupation_meaning:Ethnographer：科学研究、专业教育、医疗服务或工程技术开发职责	bhht_semantic_batch_3	"[""Discovery/Science""]"	bhht_semantic_batch_3	0	Discovery/Science	resolved	author_substring	substring_unique_candidate	Discovery/Science	"[[""Discovery/Science"",""Academia""]]"	Discovery/Science	proposed	deferred	not_reviewed	semantic_review_draft_not_frozen
453	Gravure idol	14	Culture	resolved	medium	agent_semantic_review	为日本杂志写真页、写真集或宣传影像拍摄写真，并参与相关媒体宣传；该头衔是写真模特/艺人，而非普通行政岗位。	https://dictionary.goo.ne.jp/word/グラビアアイドル/; https://japanese-gravure.github.io/en/	rationale_batch_3	"[""Culture""]"	bhht_semantic_batch_1	0	Culture	resolved	author_substring	substring_unique_candidate	Culture	"[[""Culture"",""Culture-core""]]"	Culture	proposed	deferred	not_reviewed	semantic_review_draft_not_frozen
459	Student	14		needs_context	low	agent_semantic_review	这是学习身份而非职业职责，所学领域也未提供，不能据此确定 L1。	occupation_meaning:原值只给出泛称、资格、身份或无法确认的文本，需补充具体职责/语境。	bhht_semantic_batch_2	"[""Discovery/Science""]"	bhht_semantic_batch_2	0		needs_context	no_author_rule	no_author_rule		[]		out_of_scope	deferred	not_reviewed	semantic_review_draft_not_frozen
460	Chemical engineer	14	Discovery/Science	resolved	medium	agent_semantic_review	“Chemical engineer”从事的核心职责是从事专业教学、技术设计开发、测试或学术研究，其工作属于知识发现、学术/医疗或技术开发，归入Discovery/Science。	occupation_meaning:Chemical engineer：科学研究、专业教育、医疗服务或工程技术开发职责	bhht_semantic_batch_3	"[""Discovery/Science""]"	bhht_semantic_batch_3	0	Discovery/Science	resolved	author_substring	substring_unique_candidate	Discovery/Science	"[[""Discovery/Science"",""Explorer/Inventor/Developer""]]"	Discovery/Science	proposed	deferred	not_reviewed	semantic_review_draft_not_frozen
461	Electronic musician	14	Culture	resolved	medium	agent_semantic_review	电子音乐家使用合成器、采样器和数字音频设备创作、编排或现场演奏电子音乐。	occupation_meaning:电子音乐家使用合成器、采样器和数字音频设备创作、编排或现场演奏电子音乐。	rationale_batch_1	"[""Culture""]"	bhht_semantic_batch_1	0	Culture	resolved	author_substring	substring_unique_candidate	Culture	"[[""Culture"",""Culture-core""]]"	Culture	proposed	deferred	not_reviewed	semantic_review_draft_not_frozen
463	Registered nurse	14	Discovery/Science	resolved	high	agent_semantic_review	评估病人状况、执行护理计划、给药并记录反应，同时与医生和家属沟通。	occupation_meaning:评估病人状况、执行护理计划、给药并记录反应，同时与医生和家属沟通。	rationale_batch_2	"[""Discovery/Science""]"	bhht_semantic_batch_2	0	Discovery/Science	resolved	author_substring	substring_unique_candidate	Discovery/Science	"[[""Discovery/Science"",""Academia""]]"	Discovery/Science	proposed	deferred	not_reviewed	semantic_review_draft_not_frozen
465	Film Historian	14	Discovery/Science	resolved	high	agent_semantic_review	Researches and interprets the history of cinema using films, records, and archives; the work is historical scholarship.	occupation_meaning:Film Historian：科学研究、专业教育、医疗服务或工程技术开发职责	bhht_semantic_batch_3	"[""Discovery/Science""]"	bhht_semantic_batch_3	0	Discovery/Science	resolved	author_substring	substring_cross_l1_conflict		"[[""Culture"",""Culture-core""],[""Discovery/Science"",""Academia""]]"	Discovery/Science	proposed	deferred	not_reviewed	semantic_review_draft_not_frozen
466	Democracy activist	13	Leadership	resolved	medium	primary_semantic_adjudication	通过公共倡议推动民主、公民权利或群体权益，按作者Politics中公共政治倡议的口径归类；不要求有正式官职。	author_role_analogy:activist/Politics	primary_semantic_review	"[""Leadership""]"	primary_semantic_review	1		needs_context	author_substring	substring_unique_candidate	Leadership	"[[""Leadership"",""Politics""]]"	Leadership	proposed	deferred	not_reviewed	semantic_review_draft_not_frozen
468	TV chef	13	Culture	resolved	high	agent_semantic_review	在电视节目中烹饪、讲解菜谱或展示餐饮知识，面向观众制作烹饪内容。	occupation_meaning:在电视节目中烹饪、讲解菜谱或展示餐饮知识，面向观众制作烹饪内容。	rationale_batch_3	"[""Culture""]"	bhht_semantic_batch_2	0	Culture	resolved	author_substring	substring_unique_candidate	Other	"[[""Other"",""Worker/Business (small)""]]"	Culture	proposed	deferred	not_reviewed	semantic_review_draft_not_frozen
469	Storyboard Artist	13	Culture	resolved	medium	agent_semantic_review	“Storyboard Artist”所指工作核心是创作或呈现艺术作品/现场表演，职业产出面向文化受众，属于文化生产、表演或传播职能，归入Culture。	occupation_meaning:Storyboard Artist：文化创作、表演、媒体传播或文化产品制作/发行职责	bhht_semantic_batch_3	"[""Culture""]"	bhht_semantic_batch_3	0	Culture	resolved	author_substring	substring_unique_candidate	Culture	"[[""Culture"",""Culture-core""]]"	Culture	proposed	deferred	not_reviewed	semantic_review_draft_not_frozen
471	Sports agent	13	Sports/Games	resolved	medium	agent_semantic_review	体育经纪人代表运动员处理合同与职业事务，直接服务竞技体育参与者。	occupation_meaning:运动员职业代理/合同支持	bhht_semantic_batch_1	"[""Sports/Games""]"	bhht_semantic_batch_1	0	Sports/Games	resolved	author_substring	substring_unique_candidate	Sports/Games	"[[""Sports/Games"",""Sports/Games""]]"	Sports/Games	proposed	deferred	not_reviewed	semantic_review_draft_not_frozen
472	Landlord	13	Other	resolved	high	agent_semantic_review	房东持有出租房产，与租客订立租约、收取租金并安排房屋维护。	occupation_meaning:房东持有出租房产，与租客订立租约、收取租金并安排房屋维护。	rationale_batch_1	"[""Other""]"	bhht_semantic_batch_2	0	Other	resolved	no_author_rule	no_author_rule		[]		out_of_scope	deferred	not_reviewed	semantic_review_draft_not_frozen
474	Circus Performer	13	Culture	resolved	medium	agent_semantic_review	“Circus Performer”所指工作核心是创作或呈现艺术作品/现场表演，职业产出面向文化受众，属于文化生产、表演或传播职能，归入Culture。	occupation_meaning:Circus Performer：文化创作、表演、媒体传播或文化产品制作/发行职责	bhht_semantic_batch_3	"[""Culture""]"	bhht_semantic_batch_3	0	Culture	resolved	author_substring	substring_unique_candidate	Culture	"[[""Culture"",""Culture-core""]]"	Culture	proposed	deferred	not_reviewed	semantic_review_draft_not_frozen
475	Roman emperor	13	Leadership	resolved	high	agent_semantic_review	作为罗马帝国君主统辖国家、任命官员并主持军事、法律和行政决策。	occupation_meaning:作为罗马帝国君主统辖国家、任命官员并主持军事、法律和行政决策。	rationale_batch_2	"[""Leadership""]"	bhht_semantic_batch_1	0	Leadership	resolved	author_substring	substring_unique_candidate	Leadership	"[[""Leadership"",""Nobility""]]"	Leadership	proposed	deferred	not_reviewed	semantic_review_draft_not_frozen
476	Opera composer	13	Culture	resolved	high	agent_semantic_review	创作歌剧的音乐、声乐旋律和管弦乐部分，供舞台制作排演演出。	occupation_meaning:创作歌剧的音乐、声乐旋律和管弦乐部分，供舞台制作排演演出。	rationale_batch_3	"[""Culture""]"	bhht_semantic_batch_2	0	Culture	resolved	author_substring	substring_unique_candidate	Culture	"[[""Culture"",""Culture-core""]]"	Culture	proposed	deferred	not_reviewed	semantic_review_draft_not_frozen
479	Recording Engineer (Film job)	13	Culture	resolved	high	primary_semantic_adjudication	从事录音、混音或声音后期，为音乐和影视作品实现音频效果；此处engineer指声音制作岗位。	occupation_meaning:音乐影视录音与声音后期	primary_semantic_review	"[""Culture""]"	primary_semantic_review	1	Culture	resolved	author_substring	substring_unique_candidate	Discovery/Science	"[[""Discovery/Science"",""Explorer/Inventor/Developer""]]"	Culture	proposed	deferred	not_reviewed	semantic_review_draft_not_frozen
480	Trade unionist	13	Leadership	resolved	medium	primary_semantic_adjudication	参与工会活动、组织或代表劳工利益，按作者unionist/trade_union所在Politics口径映射；不要求该称谓另含正式官职。	author_role_analogy:unionist,trade_union/Politics	primary_semantic_review	"[""Leadership""]"	primary_semantic_review	1		needs_context	author_substring	substring_unique_candidate	Leadership	"[[""Leadership"",""Politics""]]"	Leadership	proposed	deferred	not_reviewed	semantic_review_draft_not_frozen
481	Food critic	13	Culture	resolved	high	agent_semantic_review	美食评论家品尝并评价餐馆菜品、服务和用餐体验，再撰写评论或专栏。	occupation_meaning:美食评论家品尝并评价餐馆菜品、服务和用餐体验，再撰写评论或专栏。	rationale_batch_1	"[""Culture""]"	bhht_semantic_batch_2	0	Culture	resolved	author_substring	substring_unique_candidate	Culture	"[[""Culture"",""Culture-periphery""]]"	Culture	proposed	deferred	not_reviewed	semantic_review_draft_not_frozen
482	Special Effects Artist	13	Culture	resolved	medium	agent_semantic_review	“Special Effects Artist”所指工作核心是创作或呈现艺术作品/现场表演，职业产出面向文化受众，属于文化生产、表演或传播职能，归入Culture。	occupation_meaning:Special Effects Artist：文化创作、表演、媒体传播或文化产品制作/发行职责	bhht_semantic_batch_3	"[""Culture""]"	bhht_semantic_batch_3	0	Culture	resolved	author_substring	substring_unique_candidate	Culture	"[[""Culture"",""Culture-core""]]"	Culture	proposed	deferred	not_reviewed	semantic_review_draft_not_frozen
487	Nordic combined skier	12	Sports/Games	resolved	medium	agent_semantic_review	参加北欧两项比赛，先进行跳台滑雪再进行越野滑雪，以综合成绩决胜。	https://usanordic.org/wp-content/uploads/2017/09/Nordic.Combined.Explained.pdf	rationale_batch_2	"[""Sports/Games""]"	bhht_semantic_batch_1	0	Sports/Games	resolved	author_substring	substring_unique_candidate	Sports/Games	"[[""Sports/Games"",""Sports/Games""]]"	Sports/Games	proposed	deferred	not_reviewed	semantic_review_draft_not_frozen
488	Dance Teacher	12	Culture	resolved	high	agent_semantic_review	教授舞蹈动作、节奏和编排，带领学生排练并为演出或考试作准备。	occupation_meaning:教授舞蹈动作、节奏和编排，带领学生排练并为演出或考试作准备。	rationale_batch_3	"[""Culture""]"	bhht_semantic_batch_2	0	Culture	resolved	author_substring	substring_cross_l1_conflict		"[[""Culture"",""Culture-core""],[""Discovery/Science"",""Academia""]]"		needs_review	deferred	not_reviewed	semantic_review_draft_not_frozen
490	Rail transport worker	12	Other	resolved	medium	agent_semantic_review	“Rail transport worker”是提供标题所指的日常服务、运输、维修、照护、手工业或一般商业服务的职业称谓，不属于艺术文化、科学技术、公共权力或竞技体育领域，归入Other。	occupation_meaning:Rail transport worker：明确的日常服务、一般劳动或小规模商业经营职责	bhht_semantic_batch_3	"[""Other""]"	bhht_semantic_batch_3	0	Other	resolved	author_substring	substring_unique_candidate	Other	"[[""Other"",""Worker/Business (small)""]]"		out_of_scope	deferred	not_reviewed	semantic_review_draft_not_frozen
491	Construction worker	12	Other	resolved	medium	agent_semantic_review	建筑工人在施工现场搬运材料、搭建结构、操作工具或完成其他建造和维修工序。	occupation_meaning:建筑工人在施工现场搬运材料、搭建结构、操作工具或完成其他建造和维修工序。	rationale_batch_1	"[""Other""]"	bhht_semantic_batch_1	0	Other	resolved	author_substring	substring_cross_l1_conflict		"[[""Leadership"",""Corporate/Executive/Business (large)""],[""Other"",""Worker/Business (small)""]]"		out_of_scope	deferred	not_reviewed	semantic_review_draft_not_frozen
496	Baseball Umpire	12	Sports/Games	resolved	high	agent_semantic_review	在棒球比赛中判定好坏球、安全出局及规则争议，并维持比赛秩序。	occupation_meaning:在棒球比赛中判定好坏球、安全出局及规则争议，并维持比赛秩序。	rationale_batch_2	"[""Sports/Games""]"	bhht_semantic_batch_2	0	Sports/Games	resolved	author_substring	substring_unique_candidate	Sports/Games	"[[""Sports/Games"",""Sports/Games""]]"	Sports/Games	proposed	deferred	not_reviewed	semantic_review_draft_not_frozen
498	Remixer	11	Culture	resolved	medium	agent_semantic_review	“Remixer”所指工作核心是提供明确的艺术、媒体或文化产业创作与制作服务，属于文化生产、表演或传播职能，归入Culture。	occupation_meaning:Remixer：文化创作、表演、媒体传播或文化产品制作/发行职责	bhht_semantic_batch_3	"[""Culture""]"	bhht_semantic_batch_3	0	Culture	resolved	no_author_rule	no_author_rule		[]	Culture	proposed	deferred	not_reviewed	semantic_review_draft_not_frozen
501	Contemporary artist	11	Culture	resolved	medium	agent_semantic_review	创作当代艺术作品，并通过展览、装置、影像或其他媒介向观众呈现。	occupation_meaning:创作当代艺术作品，并通过展览、装置、影像或其他媒介向观众呈现。	rationale_batch_3	"[""Culture""]"	bhht_semantic_batch_1	0	Culture	resolved	author_substring	substring_unique_candidate	Culture	"[[""Culture"",""Culture-core""]]"	Culture	proposed	deferred	not_reviewed	semantic_review_draft_not_frozen
503	Hotel Manager	11	Other	resolved	high	agent_semantic_review	酒店经理管理住宿接待和日常服务运营，属于酒店服务业管理，不据此推为大型企业领导。	occupation_meaning:酒店经理管理住宿接待和日常服务运营，属于酒店服务业管理，不据此推为大型企业领导。; author_role_analogy:author L1 Other	bhht_semantic_batch_2	"[""Other""]"	bhht_semantic_batch_2	0	Other	resolved	author_substring	substring_unique_candidate	Leadership	"[[""Leadership"",""Corporate/Executive/Business (large)""]]"	Leadership	proposed	deferred	not_reviewed	semantic_review_draft_not_frozen
504	Artistic Director	11	Culture	resolved	medium	agent_semantic_review	“Artistic Director”所指工作核心是创作或呈现艺术作品/现场表演，职业产出面向文化受众，属于文化生产、表演或传播职能，归入Culture。	occupation_meaning:Artistic Director：文化创作、表演、媒体传播或文化产品制作/发行职责	bhht_semantic_batch_3	"[""Culture""]"	bhht_semantic_batch_3	0	Culture	resolved	author_substring	substring_unique_candidate	Culture	"[[""Culture"",""Culture-core""]]"	Culture	proposed	deferred	not_reviewed	semantic_review_draft_not_frozen
505	Bank cashier	11	Other	resolved	medium	agent_semantic_review	银行出纳员办理现金存取、支票和账户柜面交易，核验客户身份并记录款项。	occupation_meaning:银行出纳员办理现金存取、支票和账户柜面交易，核验客户身份并记录款项。	rationale_batch_1	"[""Other""]"	bhht_semantic_batch_1	0	Other	resolved	author_substring	substring_cross_l1_conflict		"[[""Leadership"",""Corporate/Executive/Business (large)""],[""Other"",""Worker/Business (small)""]]"		out_of_scope	deferred	not_reviewed	semantic_review_draft_not_frozen
508	Music director	11	Culture	resolved	high	agent_semantic_review	确定音乐演出或录音的艺术方向，选择曲目并指导乐手、歌手或乐团排练。	occupation_meaning:确定音乐演出或录音的艺术方向，选择曲目并指导乐手、歌手或乐团排练。	rationale_batch_2	"[""Culture""]"	bhht_semantic_batch_2	0	Culture	resolved	author_substring	substring_unique_candidate	Culture	"[[""Culture"",""Culture-core""]]"	Culture	proposed	deferred	not_reviewed	semantic_review_draft_not_frozen
512	Digital Marketer	11	Other	resolved	high	agent_semantic_review	Plans and runs online promotion through search, web content, and paid digital channels; this is a marketing service role rather than general corporate leadership.	occupation_meaning:Digital Marketer：明确的日常服务、一般劳动或小规模商业经营职责	bhht_semantic_batch_3	"[""Other""]"	bhht_semantic_batch_3	0	Other	resolved	no_author_rule	no_author_rule		[]		needs_review	deferred	not_reviewed	semantic_review_draft_not_frozen
513	TV Program Creator	11	Culture	resolved	medium	agent_semantic_review	构思电视节目的主题、形式和内容，开发企划并协调节目制作。	occupation_meaning:构思电视节目的主题、形式和内容，开发企划并协调节目制作。	rationale_batch_3	"[""Culture""]"	bhht_semantic_batch_1	0	Culture	resolved	author_substring	substring_unique_candidate	Culture	"[[""Culture"",""Culture-core""]]"	Culture	proposed	deferred	not_reviewed	semantic_review_draft_not_frozen
514	Dance Instructor	11	Culture	resolved	high	agent_semantic_review	舞蹈教师示范舞步和身体技巧，编排练习并纠正学生的节奏、姿势和动作。	occupation_meaning:舞蹈教师示范舞步和身体技巧，编排练习并纠正学生的节奏、姿势和动作。	rationale_batch_1	"[""Culture""]"	bhht_semantic_batch_2	0	Culture	resolved	author_substring	substring_cross_l1_conflict		"[[""Culture"",""Culture-core""],[""Discovery/Science"",""Academia""]]"		needs_review	deferred	not_reviewed	semantic_review_draft_not_frozen
516	Skateboarder	11	Sports/Games	resolved	high	agent_semantic_review	“Skateboarder”的工作直接围绕体育训练、竞技或比赛规则展开，具体职责是参与体育项目的训练、竞技或赛事组织，归入Sports/Games。	occupation_meaning:Skateboarder：体育/武术训练、竞技、执裁或队伍管理职责	bhht_semantic_batch_3	"[""Sports/Games""]"	bhht_semantic_batch_3	0	Sports/Games	resolved	author_substring	substring_unique_candidate	Sports/Games	"[[""Sports/Games"",""Sports/Games""]]"	Sports/Games	proposed	deferred	not_reviewed	semantic_review_draft_not_frozen
518	Motorcycle Racer	11	Sports/Games	resolved	medium	agent_semantic_review	驾驶摩托车参加赛道或越野竞赛，按规则争夺圈速、名次或完赛成绩。	occupation_meaning:驾驶摩托车参加赛道或越野竞赛，按规则争夺圈速、名次或完赛成绩。	rationale_batch_2	"[""Sports/Games""]"	bhht_semantic_batch_1	0	Sports/Games	resolved	author_substring	substring_unique_candidate	Sports/Games	"[[""Sports/Games"",""Sports/Games""]]"	Sports/Games	proposed	deferred	not_reviewed	semantic_review_draft_not_frozen
520	Music Theorist	11	Discovery/Science	resolved	high	agent_semantic_review	音乐理论研究和教学属于音乐学术职能。	occupation_meaning:音乐理论研究和教学属于音乐学术职能。; author_role_analogy:author L1 Discovery/Science	bhht_semantic_batch_2	"[""Discovery/Science""]"	bhht_semantic_batch_2	0	Discovery/Science	resolved	author_substring	substring_cross_l1_conflict		"[[""Culture"",""Culture-core""],[""Discovery/Science"",""Academia""]]"	Discovery/Science	proposed	deferred	not_reviewed	semantic_review_draft_not_frozen
522	Video Game Producer	11	Culture	resolved	medium	agent_semantic_review	“Video Game Producer”所指工作核心是支持或统筹影视、广播、音乐及其他文化内容的制作、技术实现或发行，属于文化生产、表演或传播职能，归入Culture。	occupation_meaning:Video Game Producer：文化创作、表演、媒体传播或文化产品制作/发行职责	bhht_semantic_batch_3	"[""Culture""]"	bhht_semantic_batch_3	0	Culture	resolved	author_substring	substring_cross_l1_conflict		"[[""Culture"",""Culture-core""],[""Sports/Games"",""Sports/Games""]]"	Culture	proposed	deferred	not_reviewed	semantic_review_draft_not_frozen
524	SEO strategist	11	Other	resolved	medium	agent_semantic_review	SEO策略师规划搜索引擎优化与线上获客，属于营销服务职能；作者将 marketing 归为 Worker/Business (small)，对应 Other。	author_role_analogy:marketing → Other/Worker/Business (small), author rules line 64	bhht_semantic_batch_1	"[""Other""]"	bhht_semantic_batch_1	0	Other	resolved	no_author_rule	no_author_rule		[]		needs_review	deferred	not_reviewed	semantic_review_draft_not_frozen
525	Skeleton racer	11	Sports/Games	resolved	high	agent_semantic_review	俯卧在小型雪橇上沿冰道高速滑行，参加钢架雪车竞速。	occupation_meaning:俯卧在小型雪橇上沿冰道高速滑行，参加钢架雪车竞速。	rationale_batch_3	"[""Sports/Games""]"	bhht_semantic_batch_2	0	Sports/Games	resolved	author_substring	substring_unique_candidate	Sports/Games	"[[""Sports/Games"",""Sports/Games""]]"	Sports/Games	proposed	deferred	not_reviewed	semantic_review_draft_not_frozen
526	Structural engineer	11	Discovery/Science	resolved	medium	agent_semantic_review	“Structural engineer”从事的核心职责是从事专业教学、技术设计开发、测试或学术研究，其工作属于知识发现、学术/医疗或技术开发，归入Discovery/Science。	occupation_meaning:Structural engineer：科学研究、专业教育、医疗服务或工程技术开发职责	bhht_semantic_batch_3	"[""Discovery/Science""]"	bhht_semantic_batch_3	0	Discovery/Science	resolved	author_substring	substring_unique_candidate	Discovery/Science	"[[""Discovery/Science"",""Explorer/Inventor/Developer""]]"	Discovery/Science	proposed	deferred	not_reviewed	semantic_review_draft_not_frozen
533	Science-fiction writer	10	Culture	resolved	medium	agent_semantic_review	科幻作家创作以未来科技、太空、时间或虚构社会为主题的文学故事。	occupation_meaning:科幻作家创作以未来科技、太空、时间或虚构社会为主题的文学故事。	rationale_batch_1	"[""Culture""]"	bhht_semantic_batch_1	0	Culture	resolved	author_substring	substring_cross_l1_conflict		"[[""Culture"",""Culture-core""],[""Discovery/Science"",""Academia""]]"	Culture	proposed	deferred	not_reviewed	semantic_review_draft_not_frozen
536	Yoga Instructor	10	Sports/Games	resolved	high	agent_semantic_review	带领学员练习瑜伽体式、呼吸和放松方法，并按能力调整动作指导。	occupation_meaning:带领学员练习瑜伽体式、呼吸和放松方法，并按能力调整动作指导。	rationale_batch_2	"[""Sports/Games""]"	bhht_semantic_batch_2	0	Sports/Games	resolved	author_substring	substring_unique_candidate	Discovery/Science	"[[""Discovery/Science"",""Academia""]]"		needs_review	deferred	not_reviewed	semantic_review_draft_not_frozen
538	Sound Technician	10	Culture	resolved	medium	agent_semantic_review	“Sound Technician”所指工作核心是支持或统筹影视、广播、音乐及其他文化内容的制作、技术实现或发行，属于文化生产、表演或传播职能，归入Culture。	occupation_meaning:Sound Technician：文化创作、表演、媒体传播或文化产品制作/发行职责	bhht_semantic_batch_3	"[""Culture""]"	bhht_semantic_batch_3	0	Culture	resolved	author_substring	substring_unique_candidate	Other	"[[""Other"",""Worker/Business (small)""]]"	Culture	proposed	deferred	not_reviewed	semantic_review_draft_not_frozen
542	Steelworker	10	Other	resolved	medium	agent_semantic_review	在钢铁生产现场操作设备、处理钢材或参与炼钢和轧制等工序。	occupation_meaning:在钢铁生产现场操作设备、处理钢材或参与炼钢和轧制等工序。	rationale_batch_3	"[""Other""]"	bhht_semantic_batch_1	0	Other	resolved	author_substring	substring_unique_candidate	Other	"[[""Other"",""Worker/Business (small)""]]"		out_of_scope	deferred	not_reviewed	semantic_review_draft_not_frozen
543	Visual Effects Supervisor	10	Culture	resolved	high	agent_semantic_review	视觉特效总监规划影片特效方案、分配镜头并指导特效团队，审核合成结果与导演视觉目标是否一致。	occupation_meaning:视觉特效总监规划影片特效方案、分配镜头并指导特效团队，审核合成结果与导演视觉目标是否一致。	rationale_batch_1	"[""Culture""]"	bhht_semantic_batch_2	0	Culture	resolved	author_substring	substring_unique_candidate	Culture	"[[""Culture"",""Culture-core""]]"	Culture	proposed	deferred	not_reviewed	semantic_review_draft_not_frozen
546	Ballroom Dancer	10	Culture	resolved	medium	agent_semantic_review	“Ballroom Dancer”所指工作核心是创作或呈现艺术作品/现场表演，职业产出面向文化受众，属于文化生产、表演或传播职能，归入Culture。	occupation_meaning:Ballroom Dancer：文化创作、表演、媒体传播或文化产品制作/发行职责	bhht_semantic_batch_3	"[""Culture""]"	bhht_semantic_batch_3	0	Culture	resolved	author_substring	substring_unique_candidate	Culture	"[[""Culture"",""Culture-core""]]"	Culture	proposed	deferred	not_reviewed	semantic_review_draft_not_frozen
547	Mixing engineer	10	Culture	resolved	medium	agent_semantic_review	调节录音中各声部的音量、均衡、空间和效果，制作平衡的最终混音。	occupation_meaning:调节录音中各声部的音量、均衡、空间和效果，制作平衡的最终混音。	rationale_batch_2	"[""Culture""]"	bhht_semantic_batch_1	0	Culture	resolved	author_substring	substring_unique_candidate	Discovery/Science	"[[""Discovery/Science"",""Explorer/Inventor/Developer""]]"	Culture	proposed	deferred	not_reviewed	semantic_review_draft_not_frozen
548	Postal worker	10	Other	resolved	high	agent_semantic_review	分拣、运输或投递信件包裹，并办理邮政柜台或配送相关事务。	occupation_meaning:分拣、运输或投递信件包裹，并办理邮政柜台或配送相关事务。	rationale_batch_3	"[""Other""]"	bhht_semantic_batch_2	0	Other	resolved	author_substring	substring_unique_candidate	Other	"[[""Other"",""Worker/Business (small)""]]"		out_of_scope	deferred	not_reviewed	semantic_review_draft_not_frozen
550	General contractor	9	Other	resolved	medium	agent_semantic_review	“General contractor”是提供标题所指的日常服务、运输、维修、照护、手工业或一般商业服务的职业称谓，不属于艺术文化、科学技术、公共权力或竞技体育领域，归入Other。	occupation_meaning:General contractor：明确的日常服务、一般劳动或小规模商业经营职责	bhht_semantic_batch_3	"[""Other""]"	bhht_semantic_batch_3	0	Other	resolved	no_author_rule	no_author_rule		[]		out_of_scope	deferred	not_reviewed	semantic_review_draft_not_frozen
552	Tattoo artist	9	Culture	resolved	medium	agent_semantic_review	纹身师与顾客讨论图案，将设计转印到皮肤并用纹身设备着色和勾线。	occupation_meaning:纹身师与顾客讨论图案，将设计转印到皮肤并用纹身设备着色和勾线。	rationale_batch_1	"[""Culture""]"	bhht_semantic_batch_1	0	Culture	resolved	author_substring	substring_unique_candidate	Culture	"[[""Culture"",""Culture-core""]]"	Culture	proposed	deferred	not_reviewed	semantic_review_draft_not_frozen
554	Cattle Rancher	9	Other	resolved	high	agent_semantic_review	饲养和管理牛群，安排放牧、繁殖、健康照料及牧场日常运营。	occupation_meaning:饲养和管理牛群，安排放牧、繁殖、健康照料及牧场日常运营。	rationale_batch_2	"[""Other""]"	bhht_semantic_batch_2	0	Other	resolved	author_substring	substring_unique_candidate	Other	"[[""Other"",""Worker/Business (small)""]]"		out_of_scope	deferred	not_reviewed	semantic_review_draft_not_frozen
555	ADR Director	9	Culture	resolved	medium	agent_semantic_review	“ADR Director”所指工作核心是支持或统筹影视、广播、音乐及其他文化内容的制作、技术实现或发行，属于文化生产、表演或传播职能，归入Culture。	occupation_meaning:ADR Director：文化创作、表演、媒体传播或文化产品制作/发行职责	bhht_semantic_batch_3	"[""Culture""]"	bhht_semantic_batch_3	0	Culture	resolved	no_author_rule	no_author_rule		[]	Culture	proposed	deferred	not_reviewed	semantic_review_draft_not_frozen
557	SEO	9	Other	resolved	medium	primary_semantic_adjudication	完整短语指数字营销、搜索优化或获客业务，按作者marketing→Worker/Business(small)归Other；活动/领域名称仅作职业词表中的功能映射，不据此断言人物具体岗位。	author_role_analogy:marketing/Worker-Business-small	primary_semantic_review	"[""Other""]"	primary_semantic_review	1		needs_context	no_author_rule	no_author_rule		[]		needs_review	deferred	not_reviewed	semantic_review_draft_not_frozen
558	Dialect coach	9	Culture	resolved	high	agent_semantic_review	帮助演员学习角色所需的方言发音、语调和口音，并在排演或拍摄中纠正表达。	occupation_meaning:帮助演员学习角色所需的方言发音、语调和口音，并在排演或拍摄中纠正表达。	rationale_batch_3	"[""Culture""]"	bhht_semantic_batch_2	0	Culture	resolved	author_substring	substring_unique_candidate	Sports/Games	"[[""Sports/Games"",""Sports/Games""]]"	Culture	proposed	deferred	not_reviewed	semantic_review_draft_not_frozen
559	Showman	9	Culture	resolved	medium	agent_semantic_review	“Showman”所指工作核心是提供明确的艺术、媒体或文化产业创作与制作服务，属于文化生产、表演或传播职能，归入Culture。	occupation_meaning:Showman：文化创作、表演、媒体传播或文化产品制作/发行职责	bhht_semantic_batch_3	"[""Culture""]"	bhht_semantic_batch_3	0	Culture	resolved	no_author_rule	no_author_rule		[]	Culture	proposed	deferred	not_reviewed	semantic_review_draft_not_frozen
560	Landscape architect	9	Culture	resolved	medium	primary_semantic_adjudication	规划和设计公园、校园及户外空间的布局与景观；沿用作者architect/design的文化设计口径。	https://www.bls.gov/ooh/architecture-and-engineering/landscape-architects.htm; author_role_analogy:architect/Culture	primary_semantic_review	"[""Culture""]"	primary_semantic_review	1	Culture	resolved	author_substring	substring_unique_candidate	Culture	"[[""Culture"",""Culture-periphery""]]"	Culture	proposed	deferred	not_reviewed	semantic_review_draft_not_frozen
561	Art Teacher	9	Culture	resolved	high	agent_semantic_review	美术教师讲授绘画、构图、材料和艺术史基础，示范技法并指导学生完成作品。	occupation_meaning:美术教师讲授绘画、构图、材料和艺术史基础，示范技法并指导学生完成作品。	rationale_batch_1	"[""Culture""]"	bhht_semantic_batch_2	0	Culture	resolved	author_substring	substring_unique_candidate	Discovery/Science	"[[""Discovery/Science"",""Academia""]]"		needs_review	deferred	not_reviewed	semantic_review_draft_not_frozen
563	Clinical psychologist	9	Discovery/Science	resolved	medium	agent_semantic_review	“Clinical psychologist”从事的核心职责是以专门科学知识、学术研究、医疗服务或工程技术为主要职责，其工作属于知识发现、学术/医疗或技术开发，归入Discovery/Science。	occupation_meaning:Clinical psychologist：科学研究、专业教育、医疗服务或工程技术开发职责	bhht_semantic_batch_3	"[""Discovery/Science""]"	bhht_semantic_batch_3	0	Discovery/Science	resolved	author_substring	substring_unique_candidate	Discovery/Science	"[[""Discovery/Science"",""Academia""]]"	Discovery/Science	proposed	deferred	not_reviewed	semantic_review_draft_not_frozen
564	Beach Volleyball Player	9	Sports/Games	resolved	medium	agent_semantic_review	在沙地排球比赛中与队友发球、接球、拦网和扣球，争取赢得回合。	occupation_meaning:在沙地排球比赛中与队友发球、接球、拦网和扣球，争取赢得回合。	rationale_batch_2	"[""Sports/Games""]"	bhht_semantic_batch_1	0	Sports/Games	resolved	author_substring	substring_unique_candidate	Sports/Games	"[[""Sports/Games"",""Sports/Games""]]"	Sports/Games	proposed	deferred	not_reviewed	semantic_review_draft_not_frozen
565	Social Critic	9	Culture	resolved	high	agent_semantic_review	撰写评论或发表意见，分析社会习俗、制度和公共议题并指出其问题。	occupation_meaning:撰写评论或发表意见，分析社会习俗、制度和公共议题并指出其问题。	rationale_batch_3	"[""Culture""]"	bhht_semantic_batch_2	0	Culture	resolved	author_substring	substring_unique_candidate	Culture	"[[""Culture"",""Culture-periphery""]]"	Culture	proposed	deferred	not_reviewed	semantic_review_draft_not_frozen
566	Children's book author	9	Culture	resolved	medium	agent_semantic_review	“Children's book author”所指工作核心是提供明确的艺术、媒体或文化产业创作与制作服务，属于文化生产、表演或传播职能，归入Culture。	occupation_meaning:Children's book author：文化创作、表演、媒体传播或文化产品制作/发行职责	bhht_semantic_batch_3	"[""Culture""]"	bhht_semantic_batch_3	0	Culture	resolved	author_substring	substring_unique_candidate	Culture	"[[""Culture"",""Culture-core""]]"	Culture	proposed	deferred	not_reviewed	semantic_review_draft_not_frozen
567	Music editor	9	Culture	resolved	medium	agent_semantic_review	音乐编辑为影视或广播项目选择、剪辑和排列音乐素材，使音乐提示与画面节奏和情节相配。	occupation_meaning:音乐编辑为影视或广播项目选择、剪辑和排列音乐素材，使音乐提示与画面节奏和情节相配。	rationale_batch_1	"[""Culture""]"	bhht_semantic_batch_1	0	Culture	resolved	author_substring	substring_same_l1_multiple_l2	Culture	"[[""Culture"",""Culture-core""],[""Culture"",""Culture-periphery""]]"	Culture	proposed	deferred	not_reviewed	semantic_review_draft_not_frozen
568	Fisherman	9	Other	resolved	high	agent_semantic_review	使用渔具在海洋、河流或湖泊捕捞鱼类和其他水产品。	occupation_meaning:使用渔具在海洋、河流或湖泊捕捞鱼类和其他水产品。	rationale_batch_2	"[""Other""]"	bhht_semantic_batch_2	0	Other	resolved	author_substring	substring_unique_candidate	Other	"[[""Other"",""Worker/Business (small)""]]"		out_of_scope	deferred	not_reviewed	semantic_review_draft_not_frozen
569	Child model	9	Culture	resolved	medium	agent_semantic_review	“Child model”所指工作核心是提供明确的艺术、媒体或文化产业创作与制作服务，属于文化生产、表演或传播职能，归入Culture。	occupation_meaning:Child model：文化创作、表演、媒体传播或文化产品制作/发行职责	bhht_semantic_batch_3	"[""Culture""]"	bhht_semantic_batch_3	0	Culture	resolved	author_substring	substring_cross_l1_conflict		"[[""Culture"",""Culture-periphery""],[""Other"",""Family""]]"	Culture	proposed	deferred	not_reviewed	semantic_review_draft_not_frozen
571	Molecular Biologist	9	Discovery/Science	resolved	high	agent_semantic_review	分子生物学家研究细胞、基因、蛋白质等分子层面的生命过程，属于科学研究。	occupation_meaning:分子生命科学研究	bhht_semantic_batch_1	"[""Discovery/Science""]"	bhht_semantic_batch_1	0	Discovery/Science	resolved	author_substring	substring_unique_candidate	Discovery/Science	"[[""Discovery/Science"",""Academia""]]"	Discovery/Science	proposed	deferred	not_reviewed	semantic_review_draft_not_frozen
572	Magistrate	9	Leadership	resolved	high	agent_semantic_review	主持基层法庭听证、审理特定案件或签发司法命令。	occupation_meaning:主持基层法庭听证、审理特定案件或签发司法命令。	rationale_batch_3	"[""Leadership""]"	bhht_semantic_batch_2	0	Leadership	resolved	author_substring	substring_unique_candidate	Leadership	"[[""Leadership"",""Administration/Law""]]"	Leadership	proposed	deferred	not_reviewed	semantic_review_draft_not_frozen
577	EMS Professional	9	Other	resolved	medium	agent_semantic_review	“EMS Professional”是提供标题所指的日常服务、运输、维修、照护、手工业或一般商业服务的职业称谓，不属于艺术文化、科学技术、公共权力或竞技体育领域，归入Other。	occupation_meaning:EMS Professional：明确的日常服务、一般劳动或小规模商业经营职责	bhht_semantic_batch_3	"[""Other""]"	bhht_semantic_batch_3	0	Other	resolved	no_author_rule	no_author_rule		[]	Discovery/Science	proposed	deferred	not_reviewed	semantic_review_draft_not_frozen
578	Celebrity chef	9	Other	resolved	medium	agent_semantic_review	名厨研发和烹制菜品、管理厨房流程，也可能通过电视或出版展示烹饪方法。	occupation_meaning:名厨研发和烹制菜品、管理厨房流程，也可能通过电视或出版展示烹饪方法。	rationale_batch_1	"[""Other""]"	bhht_semantic_batch_1	0	Other	resolved	author_substring	substring_cross_l1_conflict		"[[""Culture"",""Culture-core""],[""Other"",""Worker/Business (small)""]]"		needs_review	deferred	not_reviewed	semantic_review_draft_not_frozen
581	House painter and decorator	9	Other	resolved	high	agent_semantic_review	为住宅墙面和木作做表面处理、刷漆或贴饰面，按客户要求完成室内装饰。	occupation_meaning:为住宅墙面和木作做表面处理、刷漆或贴饰面，按客户要求完成室内装饰。	rationale_batch_2	"[""Other""]"	bhht_semantic_batch_2	0	Other	resolved	author_substring	substring_same_l1_multiple_l2	Culture	"[[""Culture"",""Culture-core""],[""Culture"",""Culture-periphery""]]"		out_of_scope	deferred	not_reviewed	semantic_review_draft_not_frozen
583	Search Engine Optimization	9	Other	resolved	medium	primary_semantic_adjudication	完整短语指数字营销、搜索优化或获客业务，按作者marketing→Worker/Business(small)归Other；活动/领域名称仅作职业词表中的功能映射，不据此断言人物具体岗位。	author_role_analogy:marketing/Worker-Business-small	primary_semantic_review	"[""Other""]"	primary_semantic_review	1		needs_context	no_author_rule	no_author_rule		[]		out_of_scope	deferred	not_reviewed	semantic_review_draft_not_frozen
584	Keytarist	8	Culture	resolved	medium	agent_semantic_review	演奏肩背式键盘合成器，在乐队或舞台演出中承担键盘旋律与伴奏。	occupation_meaning:演奏肩背式键盘合成器，在乐队或舞台演出中承担键盘旋律与伴奏。	rationale_batch_3	"[""Culture""]"	bhht_semantic_batch_1	0	Culture	resolved	no_author_rule	no_author_rule		[]	Culture	proposed	deferred	not_reviewed	semantic_review_draft_not_frozen
585	Inker	8	Culture	resolved	high	agent_semantic_review	漫画线稿描墨师沿铅笔草图描绘清晰墨线，补充阴影和线条层次，使漫画页达到印刷或上色状态。	https://toonopedia.com/glossary.htm	rationale_batch_1	"[""Culture""]"	bhht_semantic_batch_2	0	Culture	resolved	no_author_rule	no_author_rule		[]	Culture	proposed	deferred	not_reviewed	semantic_review_draft_not_frozen
586	Venture capitalist	8	Leadership	resolved	high	agent_semantic_review	“Venture capitalist”的职责是承担机构治理、金融资本配置、商业经营管理或政治公共事务职责，对应公共治理、法律/军事/宗教权威或企业金融领导，归入Leadership。	occupation_meaning:Venture capitalist：治理、法律、军职、宗教权威、外交或企业金融管理职责	bhht_semantic_batch_3	"[""Leadership""]"	bhht_semantic_batch_3	0	Leadership	resolved	author_substring	substring_unique_candidate	Leadership	"[[""Leadership"",""Corporate/Executive/Business (large)""]]"		needs_review	deferred	not_reviewed	semantic_review_draft_not_frozen
588	Ophthalmology	8		needs_context	low	agent_semantic_review	眼科学是医学专科领域，不是明确从业者职位；需确认该字段表示学科还是临床岗位。	occupation_meaning:医学专科名称	bhht_semantic_batch_1	"[""Discovery/Science""]"	bhht_semantic_batch_1	0		needs_context	no_author_rule	no_author_rule		[]		needs_review	deferred	not_reviewed	semantic_review_draft_not_frozen
590	Studio executive	8	Culture	resolved	medium	agent_semantic_review	管理影视、音乐或录音工作室的项目、预算和制作安排，决定内容制作及资源分配。	occupation_meaning:管理影视、音乐或录音工作室的项目、预算和制作安排，决定内容制作及资源分配。	rationale_batch_2	"[""Culture""]"	bhht_semantic_batch_2	0	Culture	resolved	author_substring	substring_unique_candidate	Leadership	"[[""Leadership"",""Corporate/Executive/Business (large)""]]"	Leadership	proposed	deferred	not_reviewed	semantic_review_draft_not_frozen
591	High Priest	8	Leadership	resolved	high	agent_semantic_review	“High Priest”的职责是担任宗教组织的教职、权威或带领信众，对应公共治理、法律/军事/宗教权威或企业金融领导，归入Leadership。	occupation_meaning:High Priest：治理、法律、军职、宗教权威、外交或企业金融管理职责	bhht_semantic_batch_3	"[""Leadership""]"	bhht_semantic_batch_3	0	Leadership	resolved	author_substring	substring_unique_candidate	Leadership	"[[""Leadership"",""Religious""]]"	Leadership	proposed	deferred	not_reviewed	semantic_review_draft_not_frozen
593	Ballet master	8	Culture	resolved	medium	agent_semantic_review	负责芭蕾舞团的排练训练、舞步指导和剧目排演，确保舞者掌握演出编排。	occupation_meaning:负责芭蕾舞团的排练训练、舞步指导和剧目排演，确保舞者掌握演出编排。	rationale_batch_3	"[""Culture""]"	bhht_semantic_batch_1	0	Culture	resolved	author_substring	substring_unique_candidate	Culture	"[[""Culture"",""Culture-core""]]"	Culture	proposed	deferred	not_reviewed	semantic_review_draft_not_frozen
594	Music Manager	8	Culture	resolved	medium	agent_semantic_review	音乐经理安排音乐人的演出、录音、宣传和合同事务，协调艺人团队与唱片、场馆等合作方。	occupation_meaning:音乐经理安排音乐人的演出、录音、宣传和合同事务，协调艺人团队与唱片、场馆等合作方。	rationale_batch_1	"[""Culture""]"	bhht_semantic_batch_2	0	Culture	resolved	author_substring	substring_cross_l1_conflict		"[[""Culture"",""Culture-core""],[""Leadership"",""Corporate/Executive/Business (large)""]]"		needs_review	deferred	not_reviewed	semantic_review_draft_not_frozen
595	Medic	8	Discovery/Science	resolved	medium	agent_semantic_review	“Medic”从事的核心职责是以专门科学知识、学术研究、医疗服务或工程技术为主要职责，其工作属于知识发现、学术/医疗或技术开发，归入Discovery/Science。	occupation_meaning:Medic：科学研究、专业教育、医疗服务或工程技术开发职责	bhht_semantic_batch_3	"[""Discovery/Science""]"	bhht_semantic_batch_3	0	Discovery/Science	resolved	no_author_rule	no_author_rule		[]	Discovery/Science	proposed	deferred	not_reviewed	semantic_review_draft_not_frozen
596	Adult model	8	Culture	resolved	medium	agent_semantic_review	成人出版物或影像中的模特提供摄影/影视视觉表演；建模工作本身属于文化媒介制作，不等同于性服务。	occupation_meaning:成人媒介摄影/影像模特	bhht_semantic_batch_1	"[""Culture""]"	bhht_semantic_batch_1	0	Culture	resolved	author_substring	substring_unique_candidate	Culture	"[[""Culture"",""Culture-periphery""]]"	Culture	proposed	deferred	not_reviewed	semantic_review_draft_not_frozen
597	Cosmetologist	8	Other	resolved	high	agent_semantic_review	为顾客提供头发、皮肤或指甲护理与造型服务，并使用相应美容产品和工具。	occupation_meaning:为顾客提供头发、皮肤或指甲护理与造型服务，并使用相应美容产品和工具。	rationale_batch_2	"[""Other""]"	bhht_semantic_batch_2	0	Other	resolved	no_author_rule	no_author_rule		[]		out_of_scope	deferred	not_reviewed	semantic_review_draft_not_frozen
598	Tutor	8	Discovery/Science	resolved	medium	agent_semantic_review	“Tutor”从事的核心职责是以专门科学知识、学术研究、医疗服务或工程技术为主要职责，其工作属于知识发现、学术/医疗或技术开发，归入Discovery/Science。	occupation_meaning:Tutor：科学研究、专业教育、医疗服务或工程技术开发职责	bhht_semantic_batch_3	"[""Discovery/Science""]"	bhht_semantic_batch_3	0	Discovery/Science	resolved	no_author_rule	no_author_rule		[]		needs_review	deferred	not_reviewed	semantic_review_draft_not_frozen
600	Tour guide	8	Other	resolved	medium	agent_semantic_review	带领游客参观景点，讲解历史文化信息并协调参观路线和团体行程。	occupation_meaning:带领游客参观景点，讲解历史文化信息并协调参观路线和团体行程。	rationale_batch_3	"[""Other""]"	bhht_semantic_batch_1	0	Other	resolved	author_substring	substring_unique_candidate	Other	"[[""Other"",""Worker/Business (small)""]]"		out_of_scope	deferred	not_reviewed	semantic_review_draft_not_frozen
602	Sound Recordist	8	Culture	resolved	high	agent_semantic_review	录音师使用麦克风和录音设备采集现场对白、环境声或音乐，并管理音频素材。	occupation_meaning:录音师使用麦克风和录音设备采集现场对白、环境声或音乐，并管理音频素材。	rationale_batch_1	"[""Culture""]"	bhht_semantic_batch_2	0	Culture	resolved	no_author_rule	no_author_rule		[]	Culture	proposed	deferred	not_reviewed	semantic_review_draft_not_frozen
604	Political Consultant	8	Leadership	resolved	high	agent_semantic_review	“Political Consultant”的职责是参与公共政策、政治组织、外交或社会倡议的决策和协调，对应公共治理、法律/军事/宗教权威或企业金融领导，归入Leadership。	occupation_meaning:Political Consultant：治理、法律、军职、宗教权威、外交或企业金融管理职责	bhht_semantic_batch_3	"[""Leadership""]"	bhht_semantic_batch_3	0	Leadership	resolved	author_substring	substring_cross_l1_conflict		"[[""Leadership"",""Politics""],[""Other"",""Worker/Business (small)""]]"	Leadership	proposed	deferred	not_reviewed	semantic_review_draft_not_frozen
606	Lighting Designer	8	Culture	resolved	medium	agent_semantic_review	为舞台、影视或活动设计灯光位置、颜色和变化，并与技术人员完成灯光执行。	occupation_meaning:为舞台、影视或活动设计灯光位置、颜色和变化，并与技术人员完成灯光执行。	rationale_batch_2	"[""Culture""]"	bhht_semantic_batch_1	0	Culture	resolved	author_substring	substring_unique_candidate	Culture	"[[""Culture"",""Culture-periphery""]]"	Culture	proposed	deferred	not_reviewed	semantic_review_draft_not_frozen
608	Installation Artist	8	Culture	resolved	high	agent_semantic_review	设计并搭建空间性艺术装置，利用物件、影像、光线或场地与观众互动。	occupation_meaning:设计并搭建空间性艺术装置，利用物件、影像、光线或场地与观众互动。	rationale_batch_3	"[""Culture""]"	bhht_semantic_batch_2	0	Culture	resolved	author_substring	substring_unique_candidate	Culture	"[[""Culture"",""Culture-core""]]"	Culture	proposed	deferred	not_reviewed	semantic_review_draft_not_frozen
610	Bishop (Religious Leadership Title) #112	8	Leadership	resolved	high	agent_semantic_review	“Bishop (Religious Leadership Title) #112”的职责是担任宗教组织的教职、权威或带领信众，对应公共治理、法律/军事/宗教权威或企业金融领导，归入Leadership。 词项中的编号及/或“(Profession)”是数据库区分标记，不改变该职业的职责含义。	occupation_meaning:Bishop (Religious Leadership Title) #112：治理、法律、军职、宗教权威、外交或企业金融管理职责	bhht_semantic_batch_3	"[""Leadership""]"	bhht_semantic_batch_3	0	Leadership	resolved	author_substring	substring_unique_candidate	Leadership	"[[""Leadership"",""Religious""]]"	Leadership	proposed	deferred	not_reviewed	semantic_review_draft_not_frozen
611	Landholder	8	Other	resolved	medium	agent_semantic_review	土地持有人拥有或持有土地权益，可安排土地出租、耕作或维护；该词描述产权/身份而非具体工种。	occupation_meaning:土地持有人拥有或持有土地权益，可安排土地出租、耕作或维护；该词描述产权/身份而非具体工种。	rationale_batch_1	"[""Other""]"	bhht_semantic_batch_1	0	Other	resolved	no_author_rule	no_author_rule		[]		needs_review	deferred	not_reviewed	semantic_review_draft_not_frozen
612	Auto mechanic	8	Other	resolved	high	agent_semantic_review	检查车辆故障、维修或更换发动机及底盘部件，并进行安全和运行测试。	occupation_meaning:检查车辆故障、维修或更换发动机及底盘部件，并进行安全和运行测试。	rationale_batch_2	"[""Other""]"	bhht_semantic_batch_2	0	Other	resolved	author_substring	substring_unique_candidate	Other	"[[""Other"",""Worker/Business (small)""]]"		out_of_scope	deferred	not_reviewed	semantic_review_draft_not_frozen
613	Shadetree mechanic	8	Other	resolved	medium	agent_semantic_review	“Shadetree mechanic”是提供标题所指的日常服务、运输、维修、照护、手工业或一般商业服务的职业称谓，不属于艺术文化、科学技术、公共权力或竞技体育领域，归入Other。	occupation_meaning:Shadetree mechanic：明确的日常服务、一般劳动或小规模商业经营职责	bhht_semantic_batch_3	"[""Other""]"	bhht_semantic_batch_3	0	Other	resolved	author_substring	substring_unique_candidate	Other	"[[""Other"",""Worker/Business (small)""]]"		out_of_scope	deferred	not_reviewed	semantic_review_draft_not_frozen
614	School Administrator	8	Discovery/Science	resolved	medium	agent_semantic_review	学校行政人员负责教育机构的日常运营与教学行政支持，属于教育系统专业职能。	author_role_analogy:Academia/教育行政	bhht_semantic_batch_1	"[""Discovery/Science""]"	bhht_semantic_batch_1	0	Discovery/Science	resolved	author_substring	substring_unique_candidate	Leadership	"[[""Leadership"",""Administration/Law""]]"		needs_review	deferred	not_reviewed	semantic_review_draft_not_frozen
617	Video game designer	8	Culture	resolved	high	agent_semantic_review	设计电子游戏的规则、关卡、角色和玩家体验，并与美术及开发团队协作实现。	occupation_meaning:设计电子游戏的规则、关卡、角色和玩家体验，并与美术及开发团队协作实现。	rationale_batch_3	"[""Culture""]"	bhht_semantic_batch_2	0	Culture	resolved	author_substring	substring_cross_l1_conflict		"[[""Culture"",""Culture-periphery""],[""Sports/Games"",""Sports/Games""]]"		needs_review	deferred	not_reviewed	semantic_review_draft_not_frozen
618	Military engineer	8	Discovery/Science	resolved	medium	agent_semantic_review	“Military engineer”从事的核心职责是从事专业教学、技术设计开发、测试或学术研究，其工作属于知识发现、学术/医疗或技术开发，归入Discovery/Science。	occupation_meaning:Military engineer：科学研究、专业教育、医疗服务或工程技术开发职责	bhht_semantic_batch_3	"[""Discovery/Science""]"	bhht_semantic_batch_3	0	Discovery/Science	resolved	author_substring	substring_cross_l1_conflict		"[[""Discovery/Science"",""Explorer/Inventor/Developer""],[""Leadership"",""Military""]]"	Discovery/Science	proposed	deferred	not_reviewed	semantic_review_draft_not_frozen
619	Theater Performer	8	Culture	resolved	medium	agent_semantic_review	剧场演员通过台词、动作和舞台调度扮演角色，在现场演出中向观众呈现戏剧情节。	occupation_meaning:剧场演员通过台词、动作和舞台调度扮演角色，在现场演出中向观众呈现戏剧情节。	rationale_batch_1	"[""Culture""]"	bhht_semantic_batch_1	0	Culture	resolved	author_substring	substring_unique_candidate	Culture	"[[""Culture"",""Culture-core""]]"	Culture	proposed	deferred	not_reviewed	semantic_review_draft_not_frozen
623	Women's rights activist	7	Leadership	resolved	high	agent_semantic_review	Women’s rights activist 从事女性权益公共倡议；作者 Politics 类包含 activist/feminist 等社会政治倡议职责，因此归 Leadership。	occupation_meaning:Women’s rights activist 从事女性权益公共倡议；作者 Politics 类包含 activist/feminist 等社会政治倡议职责，因此归 Leadership。; author_role_analogy:author L1 Leadership	bhht_semantic_batch_2	"[""Leadership""]"	bhht_semantic_batch_2	0	Leadership	resolved	author_substring	substring_unique_candidate	Leadership	"[[""Leadership"",""Politics""]]"		needs_review	deferred	not_reviewed	semantic_review_draft_not_frozen
624	Public intellectual	7	Culture	resolved	medium	agent_semantic_review	“Public intellectual”所指工作核心是提供明确的艺术、媒体或文化产业创作与制作服务，属于文化生产、表演或传播职能，归入Culture。	occupation_meaning:Public intellectual：文化创作、表演、媒体传播或文化产品制作/发行职责	bhht_semantic_batch_3	"[""Culture""]"	bhht_semantic_batch_3	0	Culture	resolved	author_substring	substring_unique_candidate	Discovery/Science	"[[""Discovery/Science"",""Academia""]]"		needs_review	deferred	not_reviewed	semantic_review_draft_not_frozen
625	Aircraft designer	7	Discovery/Science	resolved	medium	agent_semantic_review	设计飞机外形、机翼、结构或系统布局，并通过工程分析和测试验证飞行性能。	occupation_meaning:设计飞机外形、机翼、结构或系统布局，并通过工程分析和测试验证飞行性能。	rationale_batch_2	"[""Discovery/Science""]"	bhht_semantic_batch_1	0	Discovery/Science	resolved	author_substring	substring_unique_candidate	Culture	"[[""Culture"",""Culture-periphery""]]"	Discovery/Science	proposed	deferred	not_reviewed	semantic_review_draft_not_frozen
628	Crown Princess	7	Leadership	resolved	high	agent_semantic_review	Crown Princess 是王室继承序列中的贵族身份称谓，归入 Leadership 的 Nobility 语义。	occupation_meaning:Crown Princess 是王室继承序列中的贵族身份称谓，归入 Leadership 的 Nobility 语义。; author_role_analogy:author L1 Leadership	bhht_semantic_batch_2	"[""Leadership""]"	bhht_semantic_batch_2	0	Leadership	resolved	author_substring	substring_unique_candidate	Leadership	"[[""Leadership"",""Nobility""]]"	Leadership	proposed	deferred	not_reviewed	semantic_review_draft_not_frozen
633	Governess	7	Other	resolved	high	agent_semantic_review	A governess lives with or works for a household to supervise and educate children.	occupation_meaning:Governess：明确的日常服务、一般劳动或小规模商业经营职责	bhht_semantic_batch_3	"[""Other""]"	bhht_semantic_batch_3	0	Other	resolved	no_author_rule	no_author_rule		[]		needs_review	deferred	not_reviewed	semantic_review_draft_not_frozen
634	Animation Director	7	Culture	resolved	medium	agent_semantic_review	规划动画项目的视觉风格和镜头表现，指导动画师完成分镜、动作与画面制作。	occupation_meaning:规划动画项目的视觉风格和镜头表现，指导动画师完成分镜、动作与画面制作。	rationale_batch_3	"[""Culture""]"	bhht_semantic_batch_1	0	Culture	resolved	author_substring	substring_unique_candidate	Culture	"[[""Culture"",""Culture-core""]]"	Culture	proposed	deferred	not_reviewed	semantic_review_draft_not_frozen
637	Presenter (Profession) #27	7	Culture	resolved	high	agent_semantic_review	节目主持人介绍内容、采访嘉宾并串联节目环节；“#27”是分类标记，不改变职业职责。	occupation_meaning:节目主持人介绍内容、采访嘉宾并串联节目环节；“#27”是分类标记，不改变职业职责。	rationale_batch_1	"[""Culture""]"	bhht_semantic_batch_2	0	Culture	resolved	author_substring	substring_unique_candidate	Culture	"[[""Culture"",""Culture-periphery""]]"	Culture	proposed	deferred	not_reviewed	semantic_review_draft_not_frozen
638	/m/02h65y5	7		needs_context	low	agent_semantic_review	This is an opaque Freebase identifier without a human-readable occupation label.	occupation_meaning:/m/02h65y5：仅凭词项无法确定稳定职业职责	bhht_semantic_batch_3	[]	bhht_semantic_batch_3	0		needs_context	no_author_rule	no_author_rule		[]		needs_review	deferred	not_reviewed	semantic_review_draft_not_frozen
639	Justice of the peace	7	Leadership	resolved	medium	agent_semantic_review	在地方司法体系主持简易审理、签发特定法律文书或履行法定仪式职责。	occupation_meaning:在地方司法体系主持简易审理、签发特定法律文书或履行法定仪式职责。	rationale_batch_2	"[""Leadership""]"	bhht_semantic_batch_1	0	Leadership	resolved	author_substring	substring_unique_candidate	Leadership	"[[""Leadership"",""Administration/Law""]]"	Leadership	proposed	deferred	not_reviewed	semantic_review_draft_not_frozen
642	Film Distributor	7	Culture	resolved	high	agent_semantic_review	取得影片发行权，安排影院或流媒体上映，并负责宣传、拷贝交付和发行渠道协调。	occupation_meaning:取得影片发行权，安排影院或流媒体上映，并负责宣传、拷贝交付和发行渠道协调。	rationale_batch_3	"[""Culture""]"	bhht_semantic_batch_2	0	Culture	resolved	author_substring	substring_unique_candidate	Culture	"[[""Culture"",""Culture-core""]]"		needs_review	deferred	not_reviewed	semantic_review_draft_not_frozen
643	Professional Wrestling Referee	7	Sports/Games	resolved	high	agent_semantic_review	“Professional Wrestling Referee”的工作直接围绕体育训练、竞技或比赛规则展开，具体职责是依据项目规则执裁并维护比赛秩序，归入Sports/Games。	occupation_meaning:Professional Wrestling Referee：体育/武术训练、竞技、执裁或队伍管理职责	bhht_semantic_batch_3	"[""Sports/Games""]"	bhht_semantic_batch_3	0	Sports/Games	resolved	author_substring	substring_unique_candidate	Sports/Games	"[[""Sports/Games"",""Sports/Games""]]"	Sports/Games	proposed	deferred	not_reviewed	semantic_review_draft_not_frozen
644	Strategist	7		needs_context	low	agent_semantic_review	策略师未说明服务领域，职责可能属于商业、政治、军事或传播，无法可靠选单一L1。	occupation_meaning:策略规划泛称，缺领域信息	bhht_semantic_batch_1	[]	bhht_semantic_batch_1	0		needs_context	no_author_rule	no_author_rule		[]		needs_review	deferred	not_reviewed	semantic_review_draft_not_frozen
647	Financial Analyst	7	Other	resolved	medium	primary_semantic_adjudication	分析财务报表、资产及市场数据并提供建议；沿用作者analyst所属Other，不因金融题材自动视为企业领导。	author_role_analogy:analyst/Worker-Business-small	primary_semantic_review	"[""Other""]"	primary_semantic_review	1	Other	resolved	author_substring	substring_unique_candidate	Other	"[[""Other"",""Worker/Business (small)""]]"		needs_review	deferred	not_reviewed	semantic_review_draft_not_frozen
648	Tenant farmer	7	Other	resolved	medium	agent_semantic_review	“Tenant farmer”是提供标题所指的日常服务、运输、维修、照护、手工业或一般商业服务的职业称谓，不属于艺术文化、科学技术、公共权力或竞技体育领域，归入Other。	occupation_meaning:Tenant farmer：明确的日常服务、一般劳动或小规模商业经营职责	bhht_semantic_batch_3	"[""Other""]"	bhht_semantic_batch_3	0	Other	resolved	author_substring	substring_unique_candidate	Other	"[[""Other"",""Worker/Business (small)""]]"		out_of_scope	deferred	not_reviewed	semantic_review_draft_not_frozen
650	Director of audiography	7	Culture	resolved	medium	agent_semantic_review	影视录音/音频导演作为影片声音部门负责人，规划声音录制，统筹音频人员并协调前期、拍摄和后期的声音工作。	https://en.wikipedia.org/wiki/Director_of_audiography	rationale_batch_1	"[""Culture""]"	bhht_semantic_batch_1	0	Culture	resolved	author_substring	substring_unique_candidate	Culture	"[[""Culture"",""Culture-periphery""]]"	Culture	proposed	deferred	not_reviewed	semantic_review_draft_not_frozen
651	Gossip columnist	6	Culture	resolved	high	agent_semantic_review	搜集并撰写有关名人社交生活和娱乐圈动态的专栏文章。	occupation_meaning:搜集并撰写有关名人社交生活和娱乐圈动态的专栏文章。	rationale_batch_2	"[""Culture""]"	bhht_semantic_batch_2	0	Culture	resolved	author_substring	substring_unique_candidate	Culture	"[[""Culture"",""Culture-periphery""]]"	Culture	proposed	deferred	not_reviewed	semantic_review_draft_not_frozen
652	Webmaster	6	Discovery/Science	resolved	medium	agent_semantic_review	“Webmaster”从事的核心职责是以专门科学知识、学术研究、医疗服务或工程技术为主要职责，其工作属于知识发现、学术/医疗或技术开发，归入Discovery/Science。	occupation_meaning:Webmaster：科学研究、专业教育、医疗服务或工程技术开发职责	bhht_semantic_batch_3	"[""Discovery/Science""]"	bhht_semantic_batch_3	0	Discovery/Science	resolved	no_author_rule	no_author_rule		[]		needs_review	deferred	not_reviewed	semantic_review_draft_not_frozen
653	Maid	6	Other	resolved	medium	agent_semantic_review	清洁居所、整理房间、洗衣或完成雇主要求的日常家务。	occupation_meaning:清洁居所、整理房间、洗衣或完成雇主要求的日常家务。	rationale_batch_3	"[""Other""]"	bhht_semantic_batch_1	0	Other	resolved	no_author_rule	no_author_rule		[]		out_of_scope	deferred	not_reviewed	semantic_review_draft_not_frozen
654	Acrobat	6	Culture	resolved	high	agent_semantic_review	Acrobat 以身体技巧完成杂技表演，职责是现场娱乐演出，归入 Culture。	occupation_meaning:Acrobat 以身体技巧完成杂技表演，职责是现场娱乐演出，归入 Culture。; author_role_analogy:author L1 Culture	bhht_semantic_batch_2	"[""Culture""]"	bhht_semantic_batch_2	0	Culture	resolved	no_author_rule	no_author_rule		[]	Culture	proposed	deferred	not_reviewed	semantic_review_draft_not_frozen
655	Ethnomusicologist	6	Discovery/Science	resolved	medium	agent_semantic_review	“Ethnomusicologist”从事的核心职责是开展该学科的研究、证据分析与知识产出，其工作属于知识发现、学术/医疗或技术开发，归入Discovery/Science。	occupation_meaning:Ethnomusicologist：科学研究、专业教育、医疗服务或工程技术开发职责	bhht_semantic_batch_3	"[""Discovery/Science""]"	bhht_semantic_batch_3	0	Discovery/Science	resolved	author_substring	substring_unique_candidate	Discovery/Science	"[[""Discovery/Science"",""Academia""]]"	Discovery/Science	proposed	deferred	not_reviewed	semantic_review_draft_not_frozen
658	Furniture Designer	6	Culture	resolved	medium	agent_semantic_review	家具设计师构思家具的外形、尺寸、材料和使用方式，绘制方案供打样与生产。	occupation_meaning:家具设计师构思家具的外形、尺寸、材料和使用方式，绘制方案供打样与生产。	rationale_batch_1	"[""Culture""]"	bhht_semantic_batch_1	0	Culture	resolved	author_substring	substring_unique_candidate	Culture	"[[""Culture"",""Culture-periphery""]]"	Culture	proposed	deferred	not_reviewed	semantic_review_draft_not_frozen
659	Railroad engineer	6		needs_context	low	agent_semantic_review	该短语可指驾驶机车的铁路工作人员，也可指铁路系统/基础设施工程师，两种职责分属不同类别。	https://www.bls.gov/OOH/transportation-and-material-moving/railroad-occupations.htm	bhht_semantic_batch_2	"[""Other"",""Discovery/Science""]"	bhht_semantic_batch_2	0		needs_context	author_substring	substring_cross_l1_conflict		"[[""Discovery/Science"",""Explorer/Inventor/Developer""],[""Other"",""Worker/Business (small)""]]"		needs_review	deferred	not_reviewed	semantic_review_draft_not_frozen
661	Evolutionary Biologist	6	Discovery/Science	resolved	medium	agent_semantic_review	“Evolutionary Biologist”从事的核心职责是开展该学科的研究、证据分析与知识产出，其工作属于知识发现、学术/医疗或技术开发，归入Discovery/Science。	occupation_meaning:Evolutionary Biologist：科学研究、专业教育、医疗服务或工程技术开发职责	bhht_semantic_batch_3	"[""Discovery/Science""]"	bhht_semantic_batch_3	0	Discovery/Science	resolved	author_substring	substring_unique_candidate	Discovery/Science	"[[""Discovery/Science"",""Academia""]]"	Discovery/Science	proposed	deferred	not_reviewed	semantic_review_draft_not_frozen
662	Internet Marketer	6	Other	resolved	high	agent_semantic_review	网络营销人员执行线上推广与获客工作；作者将 marketing 归为 Worker/Business (small)，对应 Other。	author_role_analogy:marketing → Other/Worker/Business (small), author rules line 64	bhht_semantic_batch_1	"[""Other""]"	bhht_semantic_batch_1	0	Other	resolved	no_author_rule	no_author_rule		[]		needs_review	deferred	not_reviewed	semantic_review_draft_not_frozen
663	Online Marketing Professional	6	Other	resolved	high	agent_semantic_review	Online Marketing Professional 从事线上营销活动与推广，是常规营销服务岗位，归 Other。	occupation_meaning:Online Marketing Professional 从事线上营销活动与推广，是常规营销服务岗位，归 Other。; author_role_analogy:author L1 Other	bhht_semantic_batch_2	"[""Other""]"	bhht_semantic_batch_2	0	Other	resolved	author_substring	substring_unique_candidate	Other	"[[""Other"",""Worker/Business (small)""]]"		needs_review	deferred	not_reviewed	semantic_review_draft_not_frozen
664	Switchboard operator	6	Other	resolved	medium	agent_semantic_review	“Switchboard operator”是提供标题所指的日常服务、运输、维修、照护、手工业或一般商业服务的职业称谓，不属于艺术文化、科学技术、公共权力或竞技体育领域，归入Other。	occupation_meaning:Switchboard operator：明确的日常服务、一般劳动或小规模商业经营职责	bhht_semantic_batch_3	"[""Other""]"	bhht_semantic_batch_3	0	Other	resolved	author_substring	substring_unique_candidate	Other	"[[""Other"",""Worker/Business (small)""]]"		out_of_scope	deferred	not_reviewed	semantic_review_draft_not_frozen
665	Fight Choreographer	6	Culture	resolved	medium	agent_semantic_review	为舞台或影视作品设计打斗动作、排练节奏和安全距离，使冲突场面可控且可信。	occupation_meaning:为舞台或影视作品设计打斗动作、排练节奏和安全距离，使冲突场面可控且可信。	rationale_batch_2	"[""Culture""]"	bhht_semantic_batch_1	0	Culture	resolved	author_substring	substring_unique_candidate	Culture	"[[""Culture"",""Culture-core""]]"	Culture	proposed	deferred	not_reviewed	semantic_review_draft_not_frozen
666	Corporate lawyer	6	Leadership	resolved	high	agent_semantic_review	为公司提供合同、并购、合规或诉讼方面的法律意见，并代表公司处理法律事务。	occupation_meaning:为公司提供合同、并购、合规或诉讼方面的法律意见，并代表公司处理法律事务。	rationale_batch_3	"[""Leadership""]"	bhht_semantic_batch_2	0	Leadership	resolved	author_substring	substring_unique_candidate	Leadership	"[[""Leadership"",""Administration/Law""]]"	Leadership	proposed	deferred	not_reviewed	semantic_review_draft_not_frozen
669	Kindergarten Teacher	6	Discovery/Science	resolved	medium	agent_semantic_review	“Kindergarten Teacher”从事的核心职责是从事专业教学、技术设计开发、测试或学术研究，其工作属于知识发现、学术/医疗或技术开发，归入Discovery/Science。	occupation_meaning:Kindergarten Teacher：科学研究、专业教育、医疗服务或工程技术开发职责	bhht_semantic_batch_3	"[""Discovery/Science""]"	bhht_semantic_batch_3	0	Discovery/Science	resolved	author_substring	substring_unique_candidate	Discovery/Science	"[[""Discovery/Science"",""Academia""]]"	Discovery/Science	proposed	deferred	not_reviewed	semantic_review_draft_not_frozen
671	Bounty hunter	6	Other	resolved	medium	agent_semantic_review	赏金猎人受雇追踪并捕获逃犯以领取报酬，属于非正式追捕/执法边缘职业，不是政府司法官职。	occupation_meaning:受雇追捕逃犯	bhht_semantic_batch_1	"[""Other""]"	bhht_semantic_batch_1	0	Other	resolved	author_substring	substring_unique_candidate	Other	"[[""Other"",""Worker/Business (small)""]]"		needs_review	deferred	not_reviewed	semantic_review_draft_not_frozen
673	Public Relations	6	Culture	resolved	medium	agent_semantic_review	公共关系从业者制定对外沟通内容，联络媒体、回应公众询问并维护机构声誉。	occupation_meaning:公共关系从业者制定对外沟通内容，联络媒体、回应公众询问并维护机构声誉。	rationale_batch_1	"[""Culture""]"	bhht_semantic_batch_2	0	Culture	resolved	no_author_rule	no_author_rule		[]		needs_review	deferred	not_reviewed	semantic_review_draft_not_frozen
674	Mail carrier	6	Other	resolved	medium	agent_semantic_review	“Mail carrier”是提供标题所指的日常服务、运输、维修、照护、手工业或一般商业服务的职业称谓，不属于艺术文化、科学技术、公共权力或竞技体育领域，归入Other。	occupation_meaning:Mail carrier：明确的日常服务、一般劳动或小规模商业经营职责	bhht_semantic_batch_3	"[""Other""]"	bhht_semantic_batch_3	0	Other	resolved	no_author_rule	no_author_rule		[]		out_of_scope	deferred	not_reviewed	semantic_review_draft_not_frozen
676	Music publisher (Profession) #1	6	Culture	resolved	medium	agent_semantic_review	管理音乐作品的版权登记、授权、版税收取与歌曲推广。	occupation_meaning:管理音乐作品的版权登记、授权、版税收取与歌曲推广。	rationale_batch_2	"[""Culture""]"	bhht_semantic_batch_1	0	Culture	resolved	author_substring	substring_same_l1_multiple_l2	Culture	"[[""Culture"",""Culture-core""],[""Culture"",""Culture-periphery""]]"	Culture	proposed	deferred	not_reviewed	semantic_review_draft_not_frozen
677	Professional Chess Player	6	Sports/Games	resolved	high	agent_semantic_review	参加职业棋赛，研究开局与局势并通过对局争取胜利和奖金。	occupation_meaning:参加职业棋赛，研究开局与局势并通过对局争取胜利和奖金。	rationale_batch_3	"[""Sports/Games""]"	bhht_semantic_batch_2	0	Sports/Games	resolved	author_substring	substring_unique_candidate	Sports/Games	"[[""Sports/Games"",""Sports/Games""]]"	Sports/Games	proposed	deferred	not_reviewed	semantic_review_draft_not_frozen
678	Military Leader	6	Leadership	resolved	high	agent_semantic_review	“Military Leader”的职责是在军队或公共安全体系履行指挥、军职或执法责任，对应公共治理、法律/军事/宗教权威或企业金融领导，归入Leadership。	occupation_meaning:Military Leader：治理、法律、军职、宗教权威、外交或企业金融管理职责	bhht_semantic_batch_3	"[""Leadership""]"	bhht_semantic_batch_3	0	Leadership	resolved	author_substring	substring_unique_candidate	Leadership	"[[""Leadership"",""Military""]]"	Leadership	proposed	deferred	not_reviewed	semantic_review_draft_not_frozen
679	Cook (Profession) #121	6	Other	resolved	medium	agent_semantic_review	厨师按菜单和配方准备食材、烹制菜肴并保持厨房卫生与出餐流程。	occupation_meaning:厨师按菜单和配方准备食材、烹制菜肴并保持厨房卫生与出餐流程。	rationale_batch_1	"[""Other""]"	bhht_semantic_batch_1	0	Other	resolved	author_substring	substring_unique_candidate	Other	"[[""Other"",""Worker/Business (small)""]]"		out_of_scope	deferred	not_reviewed	semantic_review_draft_not_frozen
681	Generalissimo	6	Leadership	resolved	high	agent_semantic_review	作为最高级别军事统帅指挥军队、制定作战部署并协调高级军官。	occupation_meaning:作为最高级别军事统帅指挥军队、制定作战部署并协调高级军官。	rationale_batch_2	"[""Leadership""]"	bhht_semantic_batch_2	0	Leadership	resolved	no_author_rule	no_author_rule		[]	Leadership	proposed	deferred	not_reviewed	semantic_review_draft_not_frozen
682	Bus driver	6	Other	resolved	medium	agent_semantic_review	“Bus driver”是提供标题所指的日常服务、运输、维修、照护、手工业或一般商业服务的职业称谓，不属于艺术文化、科学技术、公共权力或竞技体育领域，归入Other。	occupation_meaning:Bus driver：明确的日常服务、一般劳动或小规模商业经营职责	bhht_semantic_batch_3	"[""Other""]"	bhht_semantic_batch_3	0	Other	resolved	author_substring	substring_unique_candidate	Sports/Games	"[[""Sports/Games"",""Sports/Games""]]"		out_of_scope	deferred	not_reviewed	semantic_review_draft_not_frozen
683	Fashion Photographer	6	Culture	resolved	medium	agent_semantic_review	为时装、模特或品牌拍摄照片，设计布景、灯光和构图以呈现服饰形象。	occupation_meaning:为时装、模特或品牌拍摄照片，设计布景、灯光和构图以呈现服饰形象。	rationale_batch_3	"[""Culture""]"	bhht_semantic_batch_1	0	Culture	resolved	author_substring	substring_unique_candidate	Culture	"[[""Culture"",""Culture-core""]]"	Culture	proposed	deferred	not_reviewed	semantic_review_draft_not_frozen
684	Dubbing Director	6	Culture	resolved	high	agent_semantic_review	配音导演安排配音演员角色和台词，指导表演并监督录音、对白同步及后期质量。	occupation_meaning:配音导演安排配音演员角色和台词，指导表演并监督录音、对白同步及后期质量。	rationale_batch_1	"[""Culture""]"	bhht_semantic_batch_2	0	Culture	resolved	no_author_rule	no_author_rule		[]	Culture	proposed	deferred	not_reviewed	semantic_review_draft_not_frozen
685	Conservator-restorer	6	Culture	resolved	medium	agent_semantic_review	“Conservator-restorer”所指工作核心是提供明确的艺术、媒体或文化产业创作与制作服务，属于文化生产、表演或传播职能，归入Culture。	occupation_meaning:Conservator-restorer：文化创作、表演、媒体传播或文化产品制作/发行职责	bhht_semantic_batch_3	"[""Culture""]"	bhht_semantic_batch_3	0	Culture	resolved	author_substring	substring_unique_candidate	Culture	"[[""Culture"",""Culture-periphery""]]"	Culture	proposed	deferred	not_reviewed	semantic_review_draft_not_frozen
687	Travel writer	6	Culture	resolved	medium	agent_semantic_review	旅行采访并撰写目的地、路线、住宿和文化体验文章或指南。	occupation_meaning:旅行采访并撰写目的地、路线、住宿和文化体验文章或指南。	rationale_batch_2	"[""Culture""]"	bhht_semantic_batch_1	0	Culture	resolved	author_substring	substring_unique_candidate	Culture	"[[""Culture"",""Culture-core""]]"	Culture	proposed	deferred	not_reviewed	semantic_review_draft_not_frozen
688	Chiropractor	6	Discovery/Science	resolved	high	agent_semantic_review	评估肌肉骨骼不适并使用脊柱或关节手法及相关治疗协助缓解症状。	occupation_meaning:评估肌肉骨骼不适并使用脊柱或关节手法及相关治疗协助缓解症状。	rationale_batch_3	"[""Discovery/Science""]"	bhht_semantic_batch_2	0	Discovery/Science	resolved	no_author_rule	no_author_rule		[]	Discovery/Science	proposed	deferred	not_reviewed	semantic_review_draft_not_frozen
689	Interior Decorator	6	Culture	resolved	medium	agent_semantic_review	“Interior Decorator”所指工作核心是提供明确的艺术、媒体或文化产业创作与制作服务，属于文化生产、表演或传播职能，归入Culture。	occupation_meaning:Interior Decorator：文化创作、表演、媒体传播或文化产品制作/发行职责	bhht_semantic_batch_3	"[""Culture""]"	bhht_semantic_batch_3	0	Culture	resolved	author_substring	substring_unique_candidate	Culture	"[[""Culture"",""Culture-periphery""]]"	Culture	proposed	deferred	not_reviewed	semantic_review_draft_not_frozen
690	Sound Director	6	Culture	resolved	medium	agent_semantic_review	声音导演规划影视或舞台作品的声音效果，指导录音、音效和混音团队完成声音呈现。	occupation_meaning:声音导演规划影视或舞台作品的声音效果，指导录音、音效和混音团队完成声音呈现。	rationale_batch_1	"[""Culture""]"	bhht_semantic_batch_1	0	Culture	resolved	no_author_rule	no_author_rule		[]	Culture	proposed	deferred	not_reviewed	semantic_review_draft_not_frozen
691	Drafter	6	Culture	resolved	medium	primary_semantic_adjudication	根据设计要求绘制技术图纸，核心是绘图表达而非独立工程研发；采用作者draftsman/draughtsman所属Culture口径。	author_role_analogy:draftsman,draughtsman/Culture	primary_semantic_review	"[""Culture""]"	primary_semantic_review	1	Discovery/Science	resolved	no_author_rule	no_author_rule		[]		needs_review	deferred	not_reviewed	semantic_review_draft_not_frozen
695	Geophysicist	6	Discovery/Science	resolved	medium	agent_semantic_review	“Geophysicist”从事的核心职责是开展该学科的研究、证据分析与知识产出，其工作属于知识发现、学术/医疗或技术开发，归入Discovery/Science。	occupation_meaning:Geophysicist：科学研究、专业教育、医疗服务或工程技术开发职责	bhht_semantic_batch_3	"[""Discovery/Science""]"	bhht_semantic_batch_3	0	Discovery/Science	resolved	author_substring	substring_unique_candidate	Discovery/Science	"[[""Discovery/Science"",""Academia""]]"	Discovery/Science	proposed	deferred	not_reviewed	semantic_review_draft_not_frozen
696	Street artist	6	Culture	resolved	medium	agent_semantic_review	在公共空间创作壁画、涂绘或其他视觉作品，面向路人展示艺术表达。	occupation_meaning:在公共空间创作壁画、涂绘或其他视觉作品，面向路人展示艺术表达。	rationale_batch_2	"[""Culture""]"	bhht_semantic_batch_1	0	Culture	resolved	author_substring	substring_unique_candidate	Culture	"[[""Culture"",""Culture-core""]]"	Culture	proposed	deferred	not_reviewed	semantic_review_draft_not_frozen
697	Rodeo performer	6		needs_context	low	agent_semantic_review	该词可指参加竞技项目的牛仔/骑手，也可指在牛仔竞技场提供娱乐表演的表演者，需具体项目语境。	occupation_meaning:原值只给出泛称、资格、身份或无法确认的文本，需补充具体职责/语境。	bhht_semantic_batch_2	"[""Sports/Games"",""Culture""]"	bhht_semantic_batch_2	0		needs_context	author_substring	substring_cross_l1_conflict		"[[""Culture"",""Culture-core""],[""Sports/Games"",""Sports/Games""]]"	Sports/Games	proposed	deferred	not_reviewed	semantic_review_draft_not_frozen
698	Property Master	6	Culture	resolved	medium	agent_semantic_review	“Property Master”所指工作核心是支持或统筹影视、广播、音乐及其他文化内容的制作、技术实现或发行，属于文化生产、表演或传播职能，归入Culture。	occupation_meaning:Property Master：文化创作、表演、媒体传播或文化产品制作/发行职责	bhht_semantic_batch_3	"[""Culture""]"	bhht_semantic_batch_3	0	Culture	resolved	no_author_rule	no_author_rule		[]	Culture	proposed	deferred	not_reviewed	semantic_review_draft_not_frozen
699	Web Developer	6	Discovery/Science	resolved	medium	agent_semantic_review	编写和维护网站的前端页面或后台功能，使网站可访问、交互并连接数据服务。	occupation_meaning:编写和维护网站的前端页面或后台功能，使网站可访问、交互并连接数据服务。	rationale_batch_3	"[""Discovery/Science""]"	bhht_semantic_batch_1	0	Discovery/Science	resolved	author_substring	substring_unique_candidate	Discovery/Science	"[[""Discovery/Science"",""Explorer/Inventor/Developer""]]"	Discovery/Science	proposed	deferred	not_reviewed	semantic_review_draft_not_frozen
701	Avatar of Vashanka	5		needs_context	low	agent_semantic_review	该短语可能是虚构神祇的化身/角色称号，也可能涉及宗教身份；无法确认它是现实职业还是作品设定。	occupation_meaning:原值只给出泛称、资格、身份或无法确认的文本，需补充具体职责/语境。	bhht_semantic_batch_2	[]	bhht_semantic_batch_2	0		needs_context	no_author_rule	no_author_rule		[]		needs_review	deferred	not_reviewed	semantic_review_draft_not_frozen
702	Son of the Storm God	5		needs_context	low	agent_semantic_review	This reads as a mythic/kinship epithet rather than a defined occupation, and its referent is not specified.	occupation_meaning:Son of the Storm God：仅凭词项无法确定稳定职业职责	bhht_semantic_batch_3	[]	bhht_semantic_batch_3	0		needs_context	author_substring	substring_unique_candidate	Other	"[[""Other"",""Family""]]"		out_of_scope	deferred	not_reviewed	semantic_review_draft_not_frozen
704	Boss	5		needs_context	low	agent_semantic_review	Boss只是非正式“上司/老板”称呼，缺少行业和具体职务信息。	occupation_meaning:泛称管理身份	bhht_semantic_batch_1	"[""Leadership"",""Other""]"	bhht_semantic_batch_1	0		needs_context	no_author_rule	no_author_rule		[]		needs_review	deferred	not_reviewed	semantic_review_draft_not_frozen
707	Lumberjack	5	Other	resolved	high	agent_semantic_review	伐木工砍伐树木、去枝截段并将木材转运，为林业或木材加工提供原料。	occupation_meaning:伐木工砍伐树木、去枝截段并将木材转运，为林业或木材加工提供原料。	rationale_batch_1	"[""Other""]"	bhht_semantic_batch_2	0	Other	resolved	no_author_rule	no_author_rule		[]		out_of_scope	deferred	not_reviewed	semantic_review_draft_not_frozen
709	Theoretical Physicist	5	Discovery/Science	resolved	medium	agent_semantic_review	“Theoretical Physicist”从事的核心职责是开展该学科的研究、证据分析与知识产出，其工作属于知识发现、学术/医疗或技术开发，归入Discovery/Science。	occupation_meaning:Theoretical Physicist：科学研究、专业教育、医疗服务或工程技术开发职责	bhht_semantic_batch_3	"[""Discovery/Science""]"	bhht_semantic_batch_3	0	Discovery/Science	resolved	author_substring	substring_unique_candidate	Discovery/Science	"[[""Discovery/Science"",""Academia""]]"	Discovery/Science	proposed	deferred	not_reviewed	semantic_review_draft_not_frozen
711	College gymnast	5	Sports/Games	resolved	medium	agent_semantic_review	代表高校参加体操训练和比赛，完成器械或自由体操动作并接受裁判评分。	occupation_meaning:代表高校参加体操训练和比赛，完成器械或自由体操动作并接受裁判评分。	rationale_batch_2	"[""Sports/Games""]"	bhht_semantic_batch_1	0	Sports/Games	resolved	author_substring	substring_unique_candidate	Sports/Games	"[[""Sports/Games"",""Sports/Games""]]"	Sports/Games	proposed	deferred	not_reviewed	semantic_review_draft_not_frozen
714	Gospel singer	5	Culture	resolved	high	agent_semantic_review	演唱福音音乐作品，在教会、录音或现场音乐活动中呈现声乐表演。	occupation_meaning:演唱福音音乐作品，在教会、录音或现场音乐活动中呈现声乐表演。	rationale_batch_3	"[""Culture""]"	bhht_semantic_batch_2	0	Culture	resolved	author_substring	substring_unique_candidate	Culture	"[[""Culture"",""Culture-core""]]"	Culture	proposed	deferred	not_reviewed	semantic_review_draft_not_frozen
715	Patent attorney	5	Leadership	resolved	high	agent_semantic_review	“Patent attorney”的职责是提供法律意见、代理当事人或行使司法/公证职权，对应公共治理、法律/军事/宗教权威或企业金融领导，归入Leadership。	occupation_meaning:Patent attorney：治理、法律、军职、宗教权威、外交或企业金融管理职责	bhht_semantic_batch_3	"[""Leadership""]"	bhht_semantic_batch_3	0	Leadership	resolved	author_substring	substring_cross_l1_conflict		"[[""Discovery/Science"",""Explorer/Inventor/Developer""],[""Leadership"",""Administration/Law""]]"	Leadership	proposed	deferred	not_reviewed	semantic_review_draft_not_frozen
716	Porter	5	Other	resolved	medium	agent_semantic_review	搬运工搬运行李、货物或物资，在车站、酒店、码头等场所协助装卸和运送。	occupation_meaning:搬运工搬运行李、货物或物资，在车站、酒店、码头等场所协助装卸和运送。	rationale_batch_1	"[""Other""]"	bhht_semantic_batch_1	0	Other	resolved	no_author_rule	no_author_rule		[]		out_of_scope	deferred	not_reviewed	semantic_review_draft_not_frozen
717	Customs officer	5	Leadership	resolved	high	agent_semantic_review	检查跨境旅客和货物申报，执行关税、禁限物品及边境贸易规定。	occupation_meaning:检查跨境旅客和货物申报，执行关税、禁限物品及边境贸易规定。	rationale_batch_2	"[""Leadership""]"	bhht_semantic_batch_2	0	Leadership	resolved	author_substring	substring_unique_candidate	Leadership	"[[""Leadership"",""Military""]]"	Leadership	proposed	deferred	not_reviewed	semantic_review_draft_not_frozen
718	Sideman	5	Culture	resolved	medium	agent_semantic_review	“Sideman”所指工作核心是提供明确的艺术、媒体或文化产业创作与制作服务，属于文化生产、表演或传播职能，归入Culture。	occupation_meaning:Sideman：文化创作、表演、媒体传播或文化产品制作/发行职责	bhht_semantic_batch_3	"[""Culture""]"	bhht_semantic_batch_3	0	Culture	resolved	no_author_rule	no_author_rule		[]	Culture	proposed	deferred	not_reviewed	semantic_review_draft_not_frozen
720	Stevedore	5	Other	resolved	medium	agent_semantic_review	在港口安排或操作货物装卸设备，将货物装上船或从船上卸下。	occupation_meaning:在港口安排或操作货物装卸设备，将货物装上船或从船上卸下。	rationale_batch_3	"[""Other""]"	bhht_semantic_batch_1	0	Other	resolved	no_author_rule	no_author_rule		[]		out_of_scope	deferred	not_reviewed	semantic_review_draft_not_frozen
721	Magician (Profession) #81	5	Culture	resolved	high	agent_semantic_review	魔术师以现场幻术表演娱乐观众，属于表演艺术。	occupation_meaning:魔术师以现场幻术表演娱乐观众，属于表演艺术。; author_role_analogy:author L1 Culture	bhht_semantic_batch_2	"[""Culture""]"	bhht_semantic_batch_2	0	Culture	resolved	author_substring	substring_unique_candidate	Other	"[[""Other"",""Other""]]"	Culture	proposed	deferred	not_reviewed	semantic_review_draft_not_frozen
722	Music Historian	5	Discovery/Science	resolved	high	agent_semantic_review	Researches and writes about the history of music and musical traditions; the work is historical scholarship, not music performance.	occupation_meaning:Music Historian：科学研究、专业教育、医疗服务或工程技术开发职责	bhht_semantic_batch_3	"[""Discovery/Science""]"	bhht_semantic_batch_3	0	Discovery/Science	resolved	author_substring	substring_cross_l1_conflict		"[[""Culture"",""Culture-core""],[""Discovery/Science"",""Academia""]]"	Discovery/Science	proposed	deferred	not_reviewed	semantic_review_draft_not_frozen
723	Shoe designer	5	Culture	resolved	medium	agent_semantic_review	鞋履设计师设计鞋子的外观、结构和材料，制作草图或样品以供试制生产。	occupation_meaning:鞋履设计师设计鞋子的外观、结构和材料，制作草图或样品以供试制生产。	rationale_batch_1	"[""Culture""]"	bhht_semantic_batch_1	0	Culture	resolved	author_substring	substring_unique_candidate	Culture	"[[""Culture"",""Culture-periphery""]]"	Culture	proposed	deferred	not_reviewed	semantic_review_draft_not_frozen
724	Pastoralist	5	Other	resolved	high	agent_semantic_review	以放牧牲畜为生，管理牧群、水草和季节性迁徙。	occupation_meaning:以放牧牲畜为生，管理牧群、水草和季节性迁徙。	rationale_batch_2	"[""Other""]"	bhht_semantic_batch_2	0	Other	resolved	author_substring	substring_unique_candidate	Leadership	"[[""Leadership"",""Religious""]]"		out_of_scope	deferred	not_reviewed	semantic_review_draft_not_frozen
725	Retired	5		needs_context	low	agent_semantic_review	Retirement is an employment status and gives no information about the person’s former occupation.	occupation_meaning:Retired：仅凭词项无法确定稳定职业职责	bhht_semantic_batch_3	[]	bhht_semantic_batch_3	0		needs_context	no_author_rule	no_author_rule		[]		out_of_scope	deferred	not_reviewed	semantic_review_draft_not_frozen
728	Certified Public Accountant	5	Other	resolved	high	primary_semantic_adjudication	从事审计、账务及财务报告的持证会计；资格不改变作者accountant所属普通专业服务类别。	author_role_analogy:accountant/Worker-Business-small	primary_semantic_review	"[""Other""]"	primary_semantic_review	1	Other	resolved	author_substring	substring_unique_candidate	Other	"[[""Other"",""Worker/Business (small)""]]"		needs_review	deferred	not_reviewed	semantic_review_draft_not_frozen
729	Educationalist	5	Discovery/Science	resolved	high	agent_semantic_review	研究教育制度、教学方法或教育政策，并提出教育实践与改革方面的观点。	occupation_meaning:研究教育制度、教学方法或教育政策，并提出教育实践与改革方面的观点。	rationale_batch_3	"[""Discovery/Science""]"	bhht_semantic_batch_2	0	Discovery/Science	resolved	author_substring	substring_unique_candidate	Discovery/Science	"[[""Discovery/Science"",""Academia""]]"	Discovery/Science	proposed	deferred	not_reviewed	semantic_review_draft_not_frozen
731	Radio writer	5	Culture	resolved	medium	agent_semantic_review	“Radio writer”所指工作核心是采访、撰写、编辑、评论或向公众传播文化/媒体内容，属于文化生产、表演或传播职能，归入Culture。	occupation_meaning:Radio writer：文化创作、表演、媒体传播或文化产品制作/发行职责	bhht_semantic_batch_3	"[""Culture""]"	bhht_semantic_batch_3	0	Culture	resolved	author_substring	substring_same_l1_multiple_l2	Culture	"[[""Culture"",""Culture-core""],[""Culture"",""Culture-periphery""]]"	Culture	proposed	deferred	not_reviewed	semantic_review_draft_not_frozen
732	Arranger (Profession)	5	Culture	resolved	medium	agent_semantic_review	音乐编配者为歌曲或乐曲改写声部、和声与配器，使其适合特定演奏者或乐团。	occupation_meaning:音乐编配者为歌曲或乐曲改写声部、和声与配器，使其适合特定演奏者或乐团。	rationale_batch_1	"[""Culture""]"	bhht_semantic_batch_1	0	Culture	resolved	no_author_rule	no_author_rule		[]	Culture	proposed	deferred	not_reviewed	semantic_review_draft_not_frozen
733	Newspaper publisher	5	Culture	resolved	high	agent_semantic_review	经营报纸出版机构，组织采编、印刷或发行并承担出版资源与业务决策。	occupation_meaning:经营报纸出版机构，组织采编、印刷或发行并承担出版资源与业务决策。	rationale_batch_2	"[""Culture""]"	bhht_semantic_batch_2	0	Culture	resolved	author_substring	substring_unique_candidate	Culture	"[[""Culture"",""Culture-periphery""]]"	Culture	proposed	deferred	not_reviewed	semantic_review_draft_not_frozen
735	Level 10 gymnast	5	Sports/Games	resolved	high	agent_semantic_review	“Level 10 gymnast”的工作直接围绕体育训练、竞技或比赛规则展开，具体职责是作为选手参加有规则的体育项目训练和竞技，归入Sports/Games。	occupation_meaning:Level 10 gymnast：体育/武术训练、竞技、执裁或队伍管理职责	bhht_semantic_batch_3	"[""Sports/Games""]"	bhht_semantic_batch_3	0	Sports/Games	resolved	author_substring	substring_unique_candidate	Sports/Games	"[[""Sports/Games"",""Sports/Games""]]"	Sports/Games	proposed	deferred	not_reviewed	semantic_review_draft_not_frozen
736	Saxophone player	5	Culture	resolved	medium	agent_semantic_review	演奏萨克斯管，在独奏、乐队或录音中承担旋律、即兴或合奏声部。	occupation_meaning:演奏萨克斯管，在独奏、乐队或录音中承担旋律、即兴或合奏声部。	rationale_batch_3	"[""Culture""]"	bhht_semantic_batch_1	0	Culture	resolved	author_substring	substring_cross_l1_conflict		"[[""Culture"",""Culture-core""],[""Sports/Games"",""Sports/Games""]]"	Culture	proposed	deferred	not_reviewed	semantic_review_draft_not_frozen
737	Climber	5	Sports/Games	resolved	high	agent_semantic_review	攀岩者在自然岩壁或人工岩场攀爬路线，运用攀登技术和保护装备完成路线或竞赛。	occupation_meaning:攀岩者在自然岩壁或人工岩场攀爬路线，运用攀登技术和保护装备完成路线或竞赛。	rationale_batch_1	"[""Sports/Games""]"	bhht_semantic_batch_2	0	Sports/Games	resolved	author_substring	substring_unique_candidate	Sports/Games	"[[""Sports/Games"",""Sports/Games""]]"		needs_review	deferred	not_reviewed	semantic_review_draft_not_frozen
738	Ecologist	5	Discovery/Science	resolved	medium	agent_semantic_review	“Ecologist”从事的核心职责是开展该学科的研究、证据分析与知识产出，其工作属于知识发现、学术/医疗或技术开发，归入Discovery/Science。	occupation_meaning:Ecologist：科学研究、专业教育、医疗服务或工程技术开发职责	bhht_semantic_batch_3	"[""Discovery/Science""]"	bhht_semantic_batch_3	0	Discovery/Science	resolved	author_exact	exact_cross_l1_conflict		"[[""Discovery/Science"",""Academia""],[""Leadership"",""Politics""]]"		needs_review	deferred	not_reviewed	semantic_review_draft_not_frozen
739	Syndicated columnist	5	Culture	resolved	medium	agent_semantic_review	向多家报纸或媒体供稿，持续撰写可联合刊载的评论或专题专栏。	occupation_meaning:向多家报纸或媒体供稿，持续撰写可联合刊载的评论或专题专栏。	rationale_batch_2	"[""Culture""]"	bhht_semantic_batch_1	0	Culture	resolved	author_substring	substring_unique_candidate	Culture	"[[""Culture"",""Culture-periphery""]]"	Culture	proposed	deferred	not_reviewed	semantic_review_draft_not_frozen
740	Speech therapist	5	Discovery/Science	resolved	high	agent_semantic_review	评估并治疗言语、语言、声音或吞咽障碍，制定训练方案并跟踪沟通能力变化。	occupation_meaning:评估并治疗言语、语言、声音或吞咽障碍，制定训练方案并跟踪沟通能力变化。	rationale_batch_3	"[""Discovery/Science""]"	bhht_semantic_batch_2	0	Discovery/Science	resolved	author_substring	substring_unique_candidate	Discovery/Science	"[[""Discovery/Science"",""Academia""]]"	Discovery/Science	proposed	deferred	not_reviewed	semantic_review_draft_not_frozen
741	Video Artist	5	Culture	resolved	medium	agent_semantic_review	“Video Artist”所指工作核心是创作或呈现艺术作品/现场表演，职业产出面向文化受众，属于文化生产、表演或传播职能，归入Culture。	occupation_meaning:Video Artist：文化创作、表演、媒体传播或文化产品制作/发行职责	bhht_semantic_batch_3	"[""Culture""]"	bhht_semantic_batch_3	0	Culture	resolved	author_substring	substring_unique_candidate	Culture	"[[""Culture"",""Culture-core""]]"	Culture	proposed	deferred	not_reviewed	semantic_review_draft_not_frozen
743	Voice coach	5	Culture	resolved	medium	agent_semantic_review	声乐教练训练歌者或演员的呼吸、发声、音准、咬字和声音投射能力。	occupation_meaning:声乐教练训练歌者或演员的呼吸、发声、音准、咬字和声音投射能力。	rationale_batch_1	"[""Culture""]"	bhht_semantic_batch_1	0	Culture	resolved	author_substring	substring_unique_candidate	Sports/Games	"[[""Sports/Games"",""Sports/Games""]]"	Culture	proposed	deferred	not_reviewed	semantic_review_draft_not_frozen
744	Production Manager (Band)	5	Culture	resolved	high	agent_semantic_review	安排乐队录音或巡演的预算、场地、设备、人员和时间表，保障制作落地。	occupation_meaning:安排乐队录音或巡演的预算、场地、设备、人员和时间表，保障制作落地。	rationale_batch_2	"[""Culture""]"	bhht_semantic_batch_2	0	Culture	resolved	author_substring	substring_cross_l1_conflict		"[[""Culture"",""Culture-core""],[""Leadership"",""Corporate/Executive/Business (large)""]]"	Culture	proposed	deferred	not_reviewed	semantic_review_draft_not_frozen
745	Aerialist	5	Culture	resolved	medium	agent_semantic_review	“Aerialist”所指工作核心是创作或呈现艺术作品/现场表演，职业产出面向文化受众，属于文化生产、表演或传播职能，归入Culture。	occupation_meaning:Aerialist：文化创作、表演、媒体传播或文化产品制作/发行职责	bhht_semantic_batch_3	"[""Culture""]"	bhht_semantic_batch_3	0	Culture	resolved	no_author_rule	no_author_rule		[]	Culture	proposed	deferred	not_reviewed	semantic_review_draft_not_frozen
746	Gymnastics Coach	5	Sports/Games	resolved	medium	agent_semantic_review	教授体操动作和器械技术，安排体能训练并指导运动员备赛与执行动作。	occupation_meaning:教授体操动作和器械技术，安排体能训练并指导运动员备赛与执行动作。	rationale_batch_3	"[""Sports/Games""]"	bhht_semantic_batch_1	0	Sports/Games	resolved	author_substring	substring_unique_candidate	Sports/Games	"[[""Sports/Games"",""Sports/Games""]]"	Sports/Games	proposed	deferred	not_reviewed	semantic_review_draft_not_frozen
747	Public Relations Executive	5	Culture	resolved	medium	agent_semantic_review	公关主管制定媒体沟通和公众信息方案，管理新闻发布、品牌声誉和团队工作。	occupation_meaning:公关主管制定媒体沟通和公众信息方案，管理新闻发布、品牌声誉和团队工作。	rationale_batch_1	"[""Culture""]"	bhht_semantic_batch_2	0	Culture	resolved	author_substring	substring_unique_candidate	Leadership	"[[""Leadership"",""Corporate/Executive/Business (large)""]]"	Leadership	proposed	deferred	not_reviewed	semantic_review_draft_not_frozen
748	Fine art artist	5	Culture	resolved	medium	agent_semantic_review	“Fine art artist”所指工作核心是创作或呈现艺术作品/现场表演，职业产出面向文化受众，属于文化生产、表演或传播职能，归入Culture。	occupation_meaning:Fine art artist：文化创作、表演、媒体传播或文化产品制作/发行职责	bhht_semantic_batch_3	"[""Culture""]"	bhht_semantic_batch_3	0	Culture	resolved	author_substring	substring_unique_candidate	Culture	"[[""Culture"",""Culture-core""]]"	Culture	proposed	deferred	not_reviewed	semantic_review_draft_not_frozen
749	Executive officer	5		needs_context	low	agent_semantic_review	执行官可指企业高管，也可指组织或公共部门执行岗位，缺少机构语境。	occupation_meaning:组织执行职务，类型未明	bhht_semantic_batch_1	"[""Leadership"",""Other""]"	bhht_semantic_batch_1	0		needs_context	author_substring	substring_same_l1_multiple_l2	Leadership	"[[""Leadership"",""Corporate/Executive/Business (large)""],[""Leadership"",""Military""]]"	Leadership	proposed	deferred	not_reviewed	semantic_review_draft_not_frozen
750	Flamenco Dancer	5	Culture	resolved	high	agent_semantic_review	以弗拉门戈的脚步、手臂动作和节奏配合吉他与歌唱进行舞蹈演出。	occupation_meaning:以弗拉门戈的脚步、手臂动作和节奏配合吉他与歌唱进行舞蹈演出。	rationale_batch_2	"[""Culture""]"	bhht_semantic_batch_2	0	Culture	resolved	author_substring	substring_unique_candidate	Culture	"[[""Culture"",""Culture-core""]]"	Culture	proposed	deferred	not_reviewed	semantic_review_draft_not_frozen
751	Groom of the Stool	5	Other	resolved	high	agent_semantic_review	The historical court office attended the monarch and evolved into a privileged royal household/administrative post; this particular court title is treated as a household service role.	https://en.wikipedia.org/wiki/Groom_of_the_Stool	bhht_semantic_batch_3	"[""Other""]"	bhht_semantic_batch_3	0	Other	resolved	no_author_rule	no_author_rule		[]		needs_review	deferred	not_reviewed	semantic_review_draft_not_frozen
752	Wrestling Promoter	5	Sports/Games	resolved	medium	agent_semantic_review	签约摔角选手、安排对阵和场地，并组织推广职业摔角赛事。	occupation_meaning:签约摔角选手、安排对阵和场地，并组织推广职业摔角赛事。	rationale_batch_3	"[""Sports/Games""]"	bhht_semantic_batch_1	0	Sports/Games	resolved	author_substring	substring_unique_candidate	Sports/Games	"[[""Sports/Games"",""Sports/Games""]]"	Sports/Games	proposed	deferred	not_reviewed	semantic_review_draft_not_frozen
755	Stunt Double	5	Culture	resolved	high	agent_semantic_review	特技替身代替演员完成危险或高强度动作镜头，如打斗、坠落和高速追逐。	occupation_meaning:特技替身代替演员完成危险或高强度动作镜头，如打斗、坠落和高速追逐。	rationale_batch_1	"[""Culture""]"	bhht_semantic_batch_2	0	Culture	resolved	author_substring	substring_unique_candidate	Culture	"[[""Culture"",""Culture-core""]]"	Culture	proposed	deferred	not_reviewed	semantic_review_draft_not_frozen
756	Building contractor	5	Other	resolved	medium	agent_semantic_review	“Building contractor”是提供标题所指的日常服务、运输、维修、照护、手工业或一般商业服务的职业称谓，不属于艺术文化、科学技术、公共权力或竞技体育领域，归入Other。	occupation_meaning:Building contractor：明确的日常服务、一般劳动或小规模商业经营职责	bhht_semantic_batch_3	"[""Other""]"	bhht_semantic_batch_3	0	Other	resolved	no_author_rule	no_author_rule		[]		out_of_scope	deferred	not_reviewed	semantic_review_draft_not_frozen
760	Cognitive scientist	5	Discovery/Science	resolved	high	agent_semantic_review	认知科学家研究知觉、记忆、语言和推理等认知过程，属于科学研究。	occupation_meaning:认知过程研究	bhht_semantic_batch_1	"[""Discovery/Science""]"	bhht_semantic_batch_1	0	Discovery/Science	resolved	author_substring	substring_unique_candidate	Discovery/Science	"[[""Discovery/Science"",""Academia""]]"	Discovery/Science	proposed	deferred	not_reviewed	semantic_review_draft_not_frozen
761	Tennis coach	5	Sports/Games	resolved	high	agent_semantic_review	指导球员练习发球、步法和战术，并在比赛准备中分析对手与训练表现。	occupation_meaning:指导球员练习发球、步法和战术，并在比赛准备中分析对手与训练表现。	rationale_batch_2	"[""Sports/Games""]"	bhht_semantic_batch_2	0	Sports/Games	resolved	author_substring	substring_unique_candidate	Sports/Games	"[[""Sports/Games"",""Sports/Games""]]"	Sports/Games	proposed	deferred	not_reviewed	semantic_review_draft_not_frozen
762	Security guard	5	Other	resolved	medium	agent_semantic_review	“Security guard”是提供标题所指的日常服务、运输、维修、照护、手工业或一般商业服务的职业称谓，不属于艺术文化、科学技术、公共权力或竞技体育领域，归入Other。	occupation_meaning:Security guard：明确的日常服务、一般劳动或小规模商业经营职责	bhht_semantic_batch_3	"[""Other""]"	bhht_semantic_batch_3	0	Other	resolved	no_author_rule	no_author_rule		[]		out_of_scope	deferred	not_reviewed	semantic_review_draft_not_frozen
763	Rally Driver	5	Sports/Games	resolved	medium	agent_semantic_review	驾驶赛车参加拉力赛，依据领航指令在不同路面赛段竞速。	occupation_meaning:驾驶赛车参加拉力赛，依据领航指令在不同路面赛段竞速。	rationale_batch_3	"[""Sports/Games""]"	bhht_semantic_batch_1	0	Sports/Games	resolved	author_substring	substring_unique_candidate	Sports/Games	"[[""Sports/Games"",""Sports/Games""]]"	Sports/Games	proposed	deferred	not_reviewed	semantic_review_draft_not_frozen
765	Still Photographer	5	Culture	resolved	high	agent_semantic_review	剧照摄影师在影视拍摄现场记录演员、场景和制作花絮照片，供宣传、档案或出版使用。	occupation_meaning:剧照摄影师在影视拍摄现场记录演员、场景和制作花絮照片，供宣传、档案或出版使用。	rationale_batch_1	"[""Culture""]"	bhht_semantic_batch_2	0	Culture	resolved	author_substring	substring_unique_candidate	Culture	"[[""Culture"",""Culture-core""]]"	Culture	proposed	deferred	not_reviewed	semantic_review_draft_not_frozen
768	Web Analyst	5	Discovery/Science	resolved	medium	agent_semantic_review	“Web Analyst”从事的核心职责是以专门科学知识、学术研究、医疗服务或工程技术为主要职责，其工作属于知识发现、学术/医疗或技术开发，归入Discovery/Science。	occupation_meaning:Web Analyst：科学研究、专业教育、医疗服务或工程技术开发职责	bhht_semantic_batch_3	"[""Discovery/Science""]"	bhht_semantic_batch_3	0	Discovery/Science	resolved	author_substring	substring_unique_candidate	Other	"[[""Other"",""Worker/Business (small)""]]"		needs_review	deferred	not_reviewed	semantic_review_draft_not_frozen
772	Music publisher	5	Culture	resolved	medium	agent_semantic_review	负责音乐作品版权管理、授权给录音或演出使用并结算版税。	occupation_meaning:负责音乐作品版权管理、授权给录音或演出使用并结算版税。	rationale_batch_2	"[""Culture""]"	bhht_semantic_batch_1	0	Culture	resolved	author_substring	substring_same_l1_multiple_l2	Culture	"[[""Culture"",""Culture-core""],[""Culture"",""Culture-periphery""]]"	Culture	proposed	deferred	not_reviewed	semantic_review_draft_not_frozen
774	Literary Scholar	5	Discovery/Science	resolved	high	agent_semantic_review	研究文学作品、作者、文类和历史语境，并通过教学或学术出版传播成果。	occupation_meaning:研究文学作品、作者、文类和历史语境，并通过教学或学术出版传播成果。	rationale_batch_3	"[""Discovery/Science""]"	bhht_semantic_batch_2	0	Discovery/Science	resolved	author_substring	substring_cross_l1_conflict		"[[""Culture"",""Culture-core""],[""Discovery/Science"",""Academia""]]"	Discovery/Science	proposed	deferred	not_reviewed	semantic_review_draft_not_frozen
776	Sensei	5	Sports/Games	resolved	high	agent_semantic_review	“Sensei”的工作直接围绕体育训练、竞技或比赛规则展开，具体职责是参与体育项目的训练、竞技或赛事组织，归入Sports/Games。	occupation_meaning:Sensei：体育/武术训练、竞技、执裁或队伍管理职责	bhht_semantic_batch_3	"[""Sports/Games""]"	bhht_semantic_batch_3	0	Sports/Games	resolved	no_author_rule	no_author_rule		[]		needs_review	deferred	not_reviewed	semantic_review_draft_not_frozen
777	Horse breeding	5		needs_context	low	agent_semantic_review	是畜牧/繁育活动或行业名，未给出具体岗位，无法确定按工种或专业科学归类。	occupation_meaning:畜牧活动而非明确岗位	bhht_semantic_batch_1	"[""Other"",""Discovery/Science""]"	bhht_semantic_batch_1	0		needs_context	no_author_rule	no_author_rule		[]		out_of_scope	deferred	not_reviewed	semantic_review_draft_not_frozen
778	Microbiologist	5	Discovery/Science	resolved	high	agent_semantic_review	微生物学家在实验室或现场研究细菌、病毒、真菌等微生物的特性、繁殖和作用。	occupation_meaning:微生物学家在实验室或现场研究细菌、病毒、真菌等微生物的特性、繁殖和作用。	rationale_batch_1	"[""Discovery/Science""]"	bhht_semantic_batch_2	0	Discovery/Science	resolved	author_substring	substring_unique_candidate	Discovery/Science	"[[""Discovery/Science"",""Academia""]]"	Discovery/Science	proposed	deferred	not_reviewed	semantic_review_draft_not_frozen
779	Flight instructor	5	Discovery/Science	resolved	medium	agent_semantic_review	“Flight instructor”从事的核心职责是从事专业教学、技术设计开发、测试或学术研究，其工作属于知识发现、学术/医疗或技术开发，归入Discovery/Science。	occupation_meaning:Flight instructor：科学研究、专业教育、医疗服务或工程技术开发职责	bhht_semantic_batch_3	"[""Discovery/Science""]"	bhht_semantic_batch_3	0	Discovery/Science	resolved	author_substring	substring_unique_candidate	Discovery/Science	"[[""Discovery/Science"",""Academia""]]"	Discovery/Science	proposed	deferred	not_reviewed	semantic_review_draft_not_frozen
780	Marketing Consultant	5	Other	resolved	medium	agent_semantic_review	营销顾问为客户提供市场推广建议，属于商业服务/专业咨询；作者将 marketing 归为 Worker/Business (small)，对应 Other。	author_role_analogy:marketing → Other/Worker/Business (small), author rules line 64	bhht_semantic_batch_1	"[""Other""]"	bhht_semantic_batch_1	0	Other	resolved	author_substring	substring_unique_candidate	Other	"[[""Other"",""Worker/Business (small)""]]"		needs_review	deferred	not_reviewed	semantic_review_draft_not_frozen
781	Internet Entrepreneur	5	Leadership	resolved	medium	agent_semantic_review	创办并经营互联网企业，开发线上产品或服务并组织团队和商业资源。	occupation_meaning:创办并经营互联网企业，开发线上产品或服务并组织团队和商业资源。	rationale_batch_2	"[""Leadership""]"	bhht_semantic_batch_2	0	Leadership	resolved	author_substring	substring_unique_candidate	Leadership	"[[""Leadership"",""Corporate/Executive/Business (large)""]]"	Leadership	proposed	deferred	not_reviewed	semantic_review_draft_not_frozen
783	Sports analyst	5	Culture	resolved	high	agent_semantic_review	A sports analyst interprets games, tactics, and performance for media audiences; commentary is a cultural/media function.	occupation_meaning:Sports analyst：文化创作、表演、媒体传播或文化产品制作/发行职责	bhht_semantic_batch_3	"[""Culture""]"	bhht_semantic_batch_3	0	Culture	resolved	author_substring	substring_cross_l1_conflict		"[[""Other"",""Worker/Business (small)""],[""Sports/Games"",""Sports/Games""]]"		needs_review	deferred	not_reviewed	semantic_review_draft_not_frozen
786	Promotional Model	4	Culture	resolved	medium	primary_semantic_adjudication	以产品展示和公开形象呈现承担宣传模特工作；沿用作者model所覆盖的展示/文化呈现口径，两种大小写同义。	author_role_analogy:model/Culture	primary_semantic_review	"[""Culture""]"	primary_semantic_review	1		needs_context	author_substring	substring_unique_candidate	Culture	"[[""Culture"",""Culture-periphery""]]"	Culture	proposed	deferred	not_reviewed	semantic_review_draft_not_frozen
787	Website content writer	4	Culture	resolved	high	agent_semantic_review	为网站撰写文章、产品介绍或页面文案，并按受众与编辑要求修订内容。	occupation_meaning:为网站撰写文章、产品介绍或页面文案，并按受众与编辑要求修订内容。	rationale_batch_3	"[""Culture""]"	bhht_semantic_batch_2	0	Culture	resolved	author_substring	substring_unique_candidate	Culture	"[[""Culture"",""Culture-core""]]"	Culture	proposed	deferred	not_reviewed	semantic_review_draft_not_frozen
788	Media consultant	4	Culture	resolved	medium	agent_semantic_review	“Media consultant”所指工作核心是提供明确的艺术、媒体或文化产业创作与制作服务，属于文化生产、表演或传播职能，归入Culture。	occupation_meaning:Media consultant：文化创作、表演、媒体传播或文化产品制作/发行职责	bhht_semantic_batch_3	"[""Culture""]"	bhht_semantic_batch_3	0	Culture	resolved	author_substring	substring_cross_l1_conflict		"[[""Culture"",""Culture-periphery""],[""Other"",""Worker/Business (small)""]]"		needs_review	deferred	not_reviewed	semantic_review_draft_not_frozen
789	Commoner	4	Other	resolved	medium	agent_semantic_review	平民/非贵族身份指不属于贵族阶层的人，并不描述具体职业职责。	occupation_meaning:平民/非贵族身份指不属于贵族阶层的人，并不描述具体职业职责。	rationale_batch_1	"[""Other""]"	bhht_semantic_batch_1	0	Other	resolved	no_author_rule	no_author_rule		[]		out_of_scope	deferred	not_reviewed	semantic_review_draft_not_frozen
790	Eastern Roman Emperor	4	Leadership	resolved	high	agent_semantic_review	统治东罗马帝国并主持国家行政、法律、军事及宫廷事务。	occupation_meaning:统治东罗马帝国并主持国家行政、法律、军事及宫廷事务。	rationale_batch_2	"[""Leadership""]"	bhht_semantic_batch_2	0	Leadership	resolved	author_substring	substring_unique_candidate	Leadership	"[[""Leadership"",""Nobility""]]"	Leadership	proposed	deferred	not_reviewed	semantic_review_draft_not_frozen
793	Foley Artist	4	Culture	resolved	medium	agent_semantic_review	“Foley Artist”所指工作核心是创作或呈现艺术作品/现场表演，职业产出面向文化受众，属于文化生产、表演或传播职能，归入Culture。	occupation_meaning:Foley Artist：文化创作、表演、媒体传播或文化产品制作/发行职责	bhht_semantic_batch_3	"[""Culture""]"	bhht_semantic_batch_3	0	Culture	resolved	author_substring	substring_unique_candidate	Culture	"[[""Culture"",""Culture-core""]]"	Culture	proposed	deferred	not_reviewed	semantic_review_draft_not_frozen
794	Court clerk	4	Leadership	resolved	medium	agent_semantic_review	整理法院案卷、登记文件、安排开庭日程并协助法庭行政流程。	occupation_meaning:整理法院案卷、登记文件、安排开庭日程并协助法庭行政流程。	rationale_batch_3	"[""Leadership""]"	bhht_semantic_batch_1	0	Leadership	resolved	author_substring	substring_unique_candidate	Other	"[[""Other"",""Worker/Business (small)""]]"	Leadership	proposed	deferred	not_reviewed	semantic_review_draft_not_frozen
795	Officer of the court	4	Leadership	resolved	high	agent_semantic_review	法院官员在法院体系履行司法行政或法庭程序职责，属于法律/司法职能。	occupation_meaning:法院官员在法院体系履行司法行政或法庭程序职责，属于法律/司法职能。; author_role_analogy:author L1 Leadership	bhht_semantic_batch_2	"[""Leadership""]"	bhht_semantic_batch_2	0	Leadership	resolved	author_substring	substring_unique_candidate	Leadership	"[[""Leadership"",""Military""]]"	Leadership	proposed	deferred	not_reviewed	semantic_review_draft_not_frozen
796	Animal training	4		needs_context	low	agent_semantic_review	This names a field or activity, not a specific occupational title; trainer, researcher, and performance contexts remain possible.	occupation_meaning:Animal training：仅凭词项无法确定稳定职业职责	bhht_semantic_batch_3	[]	bhht_semantic_batch_3	0		needs_context	no_author_rule	no_author_rule		[]		out_of_scope	deferred	not_reviewed	semantic_review_draft_not_frozen
797	Technical advisor	4		needs_context	low	agent_semantic_review	技术顾问可为科学工程、影视制作或企业咨询岗位；短语未提供行业语境。	occupation_meaning:技术咨询，行业未明	bhht_semantic_batch_1	"[""Discovery/Science"",""Leadership"",""Culture""]"	bhht_semantic_batch_1	0		needs_context	author_substring	substring_unique_candidate	Leadership	"[[""Leadership"",""Politics""]]"		needs_review	deferred	not_reviewed	semantic_review_draft_not_frozen
800	Digital Compositor	4	Culture	resolved	high	agent_semantic_review	数字合成师将摄影、动画、图层和特效素材合成到同一画面，调整遮罩、色彩和光影以完成镜头。	occupation_meaning:数字合成师将摄影、动画、图层和特效素材合成到同一画面，调整遮罩、色彩和光影以完成镜头。	rationale_batch_1	"[""Culture""]"	bhht_semantic_batch_2	0	Culture	resolved	author_substring	substring_unique_candidate	Culture	"[[""Culture"",""Culture-core""]]"	Culture	proposed	deferred	not_reviewed	semantic_review_draft_not_frozen
801	Lady-in-waiting	4	Leadership	resolved	high	agent_semantic_review	“Lady-in-waiting”的职责是承载王室/贵族身份或宫廷职务所赋予的治理、礼仪权责，对应公共治理、法律/军事/宗教权威或企业金融领导，归入Leadership。	occupation_meaning:Lady-in-waiting：治理、法律、军职、宗教权威、外交或企业金融管理职责	bhht_semantic_batch_3	"[""Leadership""]"	bhht_semantic_batch_3	0	Leadership	resolved	no_author_rule	no_author_rule		[]		out_of_scope	deferred	not_reviewed	semantic_review_draft_not_frozen
802	Developmental Biologist	4	Discovery/Science	resolved	high	agent_semantic_review	发育生物学家研究生物体从胚胎到成熟的生长与分化过程，属于科学研究。	occupation_meaning:生物发育研究	bhht_semantic_batch_1	"[""Discovery/Science""]"	bhht_semantic_batch_1	0	Discovery/Science	resolved	author_substring	substring_unique_candidate	Discovery/Science	"[[""Discovery/Science"",""Academia""]]"	Discovery/Science	proposed	deferred	not_reviewed	semantic_review_draft_not_frozen
804	Hypnotherapist	4	Discovery/Science	resolved	high	agent_semantic_review	在受训范围内使用引导性放松和暗示技术，协助来访者处理习惯或心理困扰。	occupation_meaning:在受训范围内使用引导性放松和暗示技术，协助来访者处理习惯或心理困扰。	rationale_batch_2	"[""Discovery/Science""]"	bhht_semantic_batch_2	0	Discovery/Science	resolved	author_substring	substring_unique_candidate	Discovery/Science	"[[""Discovery/Science"",""Academia""]]"	Discovery/Science	proposed	deferred	not_reviewed	semantic_review_draft_not_frozen
805	Engineering technologist	4	Discovery/Science	resolved	medium	agent_semantic_review	“Engineering technologist”从事的核心职责是从事专业教学、技术设计开发、测试或学术研究，其工作属于知识发现、学术/医疗或技术开发，归入Discovery/Science。	occupation_meaning:Engineering technologist：科学研究、专业教育、医疗服务或工程技术开发职责	bhht_semantic_batch_3	"[""Discovery/Science""]"	bhht_semantic_batch_3	0	Discovery/Science	resolved	author_substring	substring_unique_candidate	Discovery/Science	"[[""Discovery/Science"",""Explorer/Inventor/Developer""]]"	Discovery/Science	proposed	deferred	not_reviewed	semantic_review_draft_not_frozen
806	Belly Dancer	4	Culture	resolved	medium	agent_semantic_review	排练并表演以躯干、腹部和髋部动作见长的舞蹈。	occupation_meaning:排练并表演以躯干、腹部和髋部动作见长的舞蹈。	rationale_batch_3	"[""Culture""]"	bhht_semantic_batch_1	0	Culture	resolved	author_substring	substring_unique_candidate	Culture	"[[""Culture"",""Culture-core""]]"	Culture	proposed	deferred	not_reviewed	semantic_review_draft_not_frozen
809	Civil Rights Advocate	4	Leadership	resolved	medium	primary_semantic_adjudication	通过公共倡议推动民主、公民权利或群体权益，按作者Politics中公共政治倡议的口径归类；不要求有正式官职。	author_role_analogy:activist/Politics	primary_semantic_review	"[""Leadership""]"	primary_semantic_review	1	Leadership	resolved	author_substring	substring_same_l1_multiple_l2	Leadership	"[[""Leadership"",""Administration/Law""],[""Leadership"",""Politics""]]"		needs_review	deferred	not_reviewed	semantic_review_draft_not_frozen
810	Music Journalist	4	Culture	resolved	medium	agent_semantic_review	“Music Journalist”所指工作核心是采访、撰写、编辑、评论或向公众传播文化/媒体内容，属于文化生产、表演或传播职能，归入Culture。	occupation_meaning:Music Journalist：文化创作、表演、媒体传播或文化产品制作/发行职责	bhht_semantic_batch_3	"[""Culture""]"	bhht_semantic_batch_3	0	Culture	resolved	author_substring	substring_same_l1_multiple_l2	Culture	"[[""Culture"",""Culture-core""],[""Culture"",""Culture-periphery""]]"	Culture	proposed	deferred	not_reviewed	semantic_review_draft_not_frozen
811	Software Architect	4	Discovery/Science	resolved	medium	agent_semantic_review	软件架构师设计大型软件系统的组成模块、接口、数据流和技术方案，并协调实现团队遵循架构。	occupation_meaning:软件架构师设计大型软件系统的组成模块、接口、数据流和技术方案，并协调实现团队遵循架构。	rationale_batch_1	"[""Discovery/Science""]"	bhht_semantic_batch_1	0	Discovery/Science	resolved	author_substring	substring_unique_candidate	Culture	"[[""Culture"",""Culture-periphery""]]"	Discovery/Science	proposed	deferred	not_reviewed	semantic_review_draft_not_frozen
812	Primatologist	4	Discovery/Science	resolved	high	agent_semantic_review	研究灵长类动物的行为、生态、进化或保护状况，通常通过野外观察和数据分析开展工作。	occupation_meaning:研究灵长类动物的行为、生态、进化或保护状况，通常通过野外观察和数据分析开展工作。	rationale_batch_2	"[""Discovery/Science""]"	bhht_semantic_batch_2	0	Discovery/Science	resolved	no_author_rule	no_author_rule		[]	Discovery/Science	proposed	deferred	not_reviewed	semantic_review_draft_not_frozen
813	Cossack	4	Leadership	resolved	high	agent_semantic_review	“Cossack”的职责是在军队或公共安全体系履行指挥、军职或执法责任，对应公共治理、法律/军事/宗教权威或企业金融领导，归入Leadership。	occupation_meaning:Cossack：治理、法律、军职、宗教权威、外交或企业金融管理职责	bhht_semantic_batch_3	"[""Leadership""]"	bhht_semantic_batch_3	0	Leadership	resolved	no_author_rule	no_author_rule		[]		out_of_scope	deferred	not_reviewed	semantic_review_draft_not_frozen
814	Visual Effects Producer	4	Culture	resolved	medium	agent_semantic_review	统筹影视视觉特效项目的预算、进度、团队和交付，与导演及后期部门协调。	occupation_meaning:统筹影视视觉特效项目的预算、进度、团队和交付，与导演及后期部门协调。	rationale_batch_3	"[""Culture""]"	bhht_semantic_batch_1	0	Culture	resolved	author_substring	substring_unique_candidate	Culture	"[[""Culture"",""Culture-core""]]"	Culture	proposed	deferred	not_reviewed	semantic_review_draft_not_frozen
815	Cultural Historian	4	Discovery/Science	resolved	high	agent_semantic_review	文化史学家利用文献、实物和档案研究艺术、思想或日常文化的历史变化，并撰写研究成果。	occupation_meaning:文化史学家利用文献、实物和档案研究艺术、思想或日常文化的历史变化，并撰写研究成果。	rationale_batch_1	"[""Discovery/Science""]"	bhht_semantic_batch_2	0	Discovery/Science	resolved	author_substring	substring_unique_candidate	Discovery/Science	"[[""Discovery/Science"",""Academia""]]"	Discovery/Science	proposed	deferred	not_reviewed	semantic_review_draft_not_frozen
816	Multimedia artist	4	Culture	resolved	medium	agent_semantic_review	“Multimedia artist”所指工作核心是创作或呈现艺术作品/现场表演，职业产出面向文化受众，属于文化生产、表演或传播职能，归入Culture。	occupation_meaning:Multimedia artist：文化创作、表演、媒体传播或文化产品制作/发行职责	bhht_semantic_batch_3	"[""Culture""]"	bhht_semantic_batch_3	0	Culture	resolved	author_substring	substring_unique_candidate	Culture	"[[""Culture"",""Culture-core""]]"	Culture	proposed	deferred	not_reviewed	semantic_review_draft_not_frozen
818	Second Unit Director	4	Culture	resolved	medium	agent_semantic_review	为影视主摄制组拍摄补充镜头、动作场面或外景素材，并协调小型摄制团队。	occupation_meaning:为影视主摄制组拍摄补充镜头、动作场面或外景素材，并协调小型摄制团队。	rationale_batch_2	"[""Culture""]"	bhht_semantic_batch_1	0	Culture	resolved	no_author_rule	no_author_rule		[]	Culture	proposed	deferred	not_reviewed	semantic_review_draft_not_frozen
820	Military Historian	4	Discovery/Science	resolved	high	agent_semantic_review	研究军队、战争、战役和军事制度的历史材料，并撰写学术或历史著作。	occupation_meaning:研究军队、战争、战役和军事制度的历史材料，并撰写学术或历史著作。	rationale_batch_3	"[""Discovery/Science""]"	bhht_semantic_batch_2	0	Discovery/Science	resolved	author_substring	substring_cross_l1_conflict		"[[""Discovery/Science"",""Academia""],[""Leadership"",""Military""]]"	Discovery/Science	proposed	deferred	not_reviewed	semantic_review_draft_not_frozen
821	Textile designer	4	Culture	resolved	medium	agent_semantic_review	“Textile designer”所指工作核心是创作或呈现艺术作品/现场表演，职业产出面向文化受众，属于文化生产、表演或传播职能，归入Culture。	occupation_meaning:Textile designer：文化创作、表演、媒体传播或文化产品制作/发行职责	bhht_semantic_batch_3	"[""Culture""]"	bhht_semantic_batch_3	0	Culture	resolved	author_substring	substring_unique_candidate	Culture	"[[""Culture"",""Culture-periphery""]]"	Culture	proposed	deferred	not_reviewed	semantic_review_draft_not_frozen
822	Gamer	4	Sports/Games	resolved	high	agent_semantic_review	游戏玩家参与电子游戏或桌面游戏，通过操作角色、完成关卡或与他人竞赛进行游戏。	occupation_meaning:游戏玩家参与电子游戏或桌面游戏，通过操作角色、完成关卡或与他人竞赛进行游戏。	rationale_batch_1	"[""Sports/Games""]"	bhht_semantic_batch_1	0	Sports/Games	resolved	author_substring	substring_unique_candidate	Sports/Games	"[[""Sports/Games"",""Sports/Games""]]"		needs_review	deferred	not_reviewed	semantic_review_draft_not_frozen
823	Visual Effects Designer	4	Culture	resolved	high	agent_semantic_review	规划影视画面的数字或实体视觉特效方案，并与制作团队确定实现方式。	occupation_meaning:规划影视画面的数字或实体视觉特效方案，并与制作团队确定实现方式。	rationale_batch_2	"[""Culture""]"	bhht_semantic_batch_2	0	Culture	resolved	author_substring	substring_same_l1_multiple_l2	Culture	"[[""Culture"",""Culture-core""],[""Culture"",""Culture-periphery""]]"	Culture	proposed	deferred	not_reviewed	semantic_review_draft_not_frozen
824	Raconteur	4	Culture	resolved	medium	agent_semantic_review	“Raconteur”所指工作核心是采访、撰写、编辑、评论或向公众传播文化/媒体内容，属于文化生产、表演或传播职能，归入Culture。	occupation_meaning:Raconteur：文化创作、表演、媒体传播或文化产品制作/发行职责	bhht_semantic_batch_3	"[""Culture""]"	bhht_semantic_batch_3	0	Culture	resolved	no_author_rule	no_author_rule		[]		needs_review	deferred	not_reviewed	semantic_review_draft_not_frozen
825	Unit production manager	4	Culture	resolved	medium	agent_semantic_review	管理影视单元拍摄的预算、日程、人员和现场后勤，确保制作按计划推进。	occupation_meaning:管理影视单元拍摄的预算、日程、人员和现场后勤，确保制作按计划推进。	rationale_batch_3	"[""Culture""]"	bhht_semantic_batch_1	0	Culture	resolved	author_substring	substring_cross_l1_conflict		"[[""Culture"",""Culture-core""],[""Leadership"",""Corporate/Executive/Business (large)""]]"		needs_review	deferred	not_reviewed	semantic_review_draft_not_frozen
826	Theatre practitioner	4	Culture	resolved	high	agent_semantic_review	戏剧实践者参与戏剧创作、排演或演出，可能承担表演、导演、编剧或舞台工作的具体环节。	occupation_meaning:戏剧实践者参与戏剧创作、排演或演出，可能承担表演、导演、编剧或舞台工作的具体环节。	rationale_batch_1	"[""Culture""]"	bhht_semantic_batch_2	0	Culture	resolved	author_substring	substring_unique_candidate	Culture	"[[""Culture"",""Culture-core""]]"	Culture	proposed	deferred	not_reviewed	semantic_review_draft_not_frozen
827	Canon	4		needs_context	low	agent_semantic_review	Canon may mean a church officeholder or a recognized body/standard in other contexts; the bare term does not establish the role.	occupation_meaning:Canon：仅凭词项无法确定稳定职业职责	bhht_semantic_batch_3	"[""Leadership"",""Discovery/Science""]"	bhht_semantic_batch_3	0		needs_context	no_author_rule	no_author_rule		[]	Leadership	proposed	deferred	not_reviewed	semantic_review_draft_not_frozen
829	Technical writer	4	Culture	resolved	medium	agent_semantic_review	把产品、设备或软件的复杂信息写成操作手册、技术说明和用户指南。	occupation_meaning:把产品、设备或软件的复杂信息写成操作手册、技术说明和用户指南。	rationale_batch_2	"[""Culture""]"	bhht_semantic_batch_1	0	Culture	resolved	author_substring	substring_unique_candidate	Culture	"[[""Culture"",""Culture-core""]]"	Culture	proposed	deferred	not_reviewed	semantic_review_draft_not_frozen
830	Public Relations Consultant	4	Culture	resolved	high	agent_semantic_review	为客户制定公众沟通和媒体关系方案，撰写新闻材料并建议如何回应舆情。	occupation_meaning:为客户制定公众沟通和媒体关系方案，撰写新闻材料并建议如何回应舆情。	rationale_batch_3	"[""Culture""]"	bhht_semantic_batch_2	0	Culture	resolved	author_substring	substring_unique_candidate	Other	"[[""Other"",""Worker/Business (small)""]]"		needs_review	deferred	not_reviewed	semantic_review_draft_not_frozen
831	m/0513qg_	4		needs_context	low	agent_semantic_review	This is an opaque Freebase identifier without a human-readable occupation label.	occupation_meaning:m/0513qg_：仅凭词项无法确定稳定职业职责	bhht_semantic_batch_3	[]	bhht_semantic_batch_3	0		needs_context	no_author_rule	no_author_rule		[]		needs_review	deferred	not_reviewed	semantic_review_draft_not_frozen
832	Ballet Teacher	4	Culture	resolved	high	agent_semantic_review	芭蕾教师示范古典芭蕾基本功和组合，纠正学生姿势、脚位、平衡与舞台动作。	occupation_meaning:芭蕾教师示范古典芭蕾基本功和组合，纠正学生姿势、脚位、平衡与舞台动作。	rationale_batch_1	"[""Culture""]"	bhht_semantic_batch_1	0	Culture	resolved	author_substring	substring_cross_l1_conflict		"[[""Culture"",""Culture-core""],[""Discovery/Science"",""Academia""]]"		needs_review	deferred	not_reviewed	semantic_review_draft_not_frozen
833	Pimp	4	Other	resolved	high	agent_semantic_review	以控制或安排卖淫者并从其收入中获利为主要活动，属于剥削性非法/负面身份。	occupation_meaning:以控制或安排卖淫者并从其收入中获利为主要活动，属于剥削性非法/负面身份。	rationale_batch_2	"[""Other""]"	bhht_semantic_batch_2	0	Other	resolved	no_author_rule	no_author_rule		[]		out_of_scope	deferred	not_reviewed	semantic_review_draft_not_frozen
834	Arts Administrator	4	Culture	resolved	medium	agent_semantic_review	“Arts Administrator”所指工作核心是支持或统筹影视、广播、音乐及其他文化内容的制作、技术实现或发行，属于文化生产、表演或传播职能，归入Culture。	occupation_meaning:Arts Administrator：文化创作、表演、媒体传播或文化产品制作/发行职责	bhht_semantic_batch_3	"[""Culture""]"	bhht_semantic_batch_3	0	Culture	resolved	author_substring	substring_cross_l1_conflict		"[[""Culture"",""Culture-core""],[""Leadership"",""Administration/Law""]]"		needs_review	deferred	not_reviewed	semantic_review_draft_not_frozen
837	Bail bondsman	4	Other	resolved	medium	agent_semantic_review	保释担保人/保释债券经纪人安排保释金担保并提供相关商业服务，不是司法裁判或政府执法职位。	occupation_meaning:保释担保商业服务	bhht_semantic_batch_1	"[""Other""]"	bhht_semantic_batch_1	0	Other	resolved	no_author_rule	no_author_rule		[]	Leadership	proposed	deferred	not_reviewed	semantic_review_draft_not_frozen
839	Script editor	4	Culture	resolved	high	agent_semantic_review	评读剧本并提出结构、人物、对白和节奏修改意见，协助编剧完善影视文本。	occupation_meaning:评读剧本并提出结构、人物、对白和节奏修改意见，协助编剧完善影视文本。	rationale_batch_3	"[""Culture""]"	bhht_semantic_batch_2	0	Culture	resolved	author_substring	substring_same_l1_multiple_l2	Culture	"[[""Culture"",""Culture-core""],[""Culture"",""Culture-periphery""]]"	Culture	proposed	deferred	not_reviewed	semantic_review_draft_not_frozen
840	Japanese idol	4	Culture	resolved	medium	agent_semantic_review	“Japanese idol”所指工作核心是创作或呈现艺术作品/现场表演，职业产出面向文化受众，属于文化生产、表演或传播职能，归入Culture。	occupation_meaning:Japanese idol：文化创作、表演、媒体传播或文化产品制作/发行职责	bhht_semantic_batch_3	"[""Culture""]"	bhht_semantic_batch_3	0	Culture	resolved	author_substring	substring_unique_candidate	Culture	"[[""Culture"",""Culture-core""]]"	Culture	proposed	deferred	not_reviewed	semantic_review_draft_not_frozen
841	Farmworker	4	Other	resolved	medium	agent_semantic_review	农场工人播种、照料作物、喂养牲畜或收获农产品，承担农场日常体力劳动。	occupation_meaning:农场工人播种、照料作物、喂养牲畜或收获农产品，承担农场日常体力劳动。	rationale_batch_1	"[""Other""]"	bhht_semantic_batch_1	0	Other	resolved	author_substring	substring_unique_candidate	Other	"[[""Other"",""Worker/Business (small)""]]"		out_of_scope	deferred	not_reviewed	semantic_review_draft_not_frozen
845	Chartered Accountant	4	Other	resolved	high	primary_semantic_adjudication	从事会计、审计和财务报告的专业会计人员；按作者accountant所属Other映射。	author_role_analogy:accountant/Worker-Business-small	primary_semantic_review	"[""Other""]"	primary_semantic_review	1	Other	resolved	author_substring	substring_unique_candidate	Other	"[[""Other"",""Worker/Business (small)""]]"		needs_review	deferred	not_reviewed	semantic_review_draft_not_frozen
846	Military aviator	4	Leadership	resolved	high	agent_semantic_review	“Military aviator”的职责是在军队或公共安全体系履行指挥、军职或执法责任，对应公共治理、法律/军事/宗教权威或企业金融领导，归入Leadership。	occupation_meaning:Military aviator：治理、法律、军职、宗教权威、外交或企业金融管理职责	bhht_semantic_batch_3	"[""Leadership""]"	bhht_semantic_batch_3	0	Leadership	resolved	author_substring	substring_unique_candidate	Leadership	"[[""Leadership"",""Military""]]"	Leadership	proposed	deferred	not_reviewed	semantic_review_draft_not_frozen
847	Funeral director	4	Other	resolved	medium	agent_semantic_review	与逝者家属安排遗体照护、葬礼仪式、场地和文件手续。	occupation_meaning:与逝者家属安排遗体照护、葬礼仪式、场地和文件手续。	rationale_batch_2	"[""Other""]"	bhht_semantic_batch_1	0	Other	resolved	no_author_rule	no_author_rule		[]		out_of_scope	deferred	not_reviewed	semantic_review_draft_not_frozen
848	Tax collector	4	Leadership	resolved	high	agent_semantic_review	核定或追缴应缴税款，通知纳税人并执行税务征收程序。	occupation_meaning:核定或追缴应缴税款，通知纳税人并执行税务征收程序。	rationale_batch_3	"[""Leadership""]"	bhht_semantic_batch_2	0	Leadership	resolved	author_substring	substring_unique_candidate	Culture	"[[""Culture"",""Culture-core""]]"	Leadership	proposed	deferred	not_reviewed	semantic_review_draft_not_frozen
849	Choreography	4	Culture	resolved	medium	agent_semantic_review	“Choreography”所指工作核心是提供明确的艺术、媒体或文化产业创作与制作服务，属于文化生产、表演或传播职能，归入Culture。	occupation_meaning:Choreography：文化创作、表演、媒体传播或文化产品制作/发行职责	bhht_semantic_batch_3	"[""Culture""]"	bhht_semantic_batch_3	0	Culture	resolved	no_author_rule	no_author_rule		[]		needs_review	deferred	not_reviewed	semantic_review_draft_not_frozen
850	Vlogger	4	Culture	resolved	medium	agent_semantic_review	视频博主策划、拍摄、剪辑并发布网络视频内容，与观众互动或经营频道。	occupation_meaning:视频博主策划、拍摄、剪辑并发布网络视频内容，与观众互动或经营频道。	rationale_batch_1	"[""Culture""]"	bhht_semantic_batch_1	0	Culture	resolved	no_author_rule	no_author_rule		[]	Culture	proposed	deferred	not_reviewed	semantic_review_draft_not_frozen
851	Graffiti artist	4	Culture	resolved	high	agent_semantic_review	在墙面或公共载体创作涂鸦图像和文字，以视觉艺术方式表达主题。	occupation_meaning:在墙面或公共载体创作涂鸦图像和文字，以视觉艺术方式表达主题。	rationale_batch_2	"[""Culture""]"	bhht_semantic_batch_2	0	Culture	resolved	author_substring	substring_unique_candidate	Culture	"[[""Culture"",""Culture-core""]]"	Culture	proposed	deferred	not_reviewed	semantic_review_draft_not_frozen
852	Special Effects Supervisor	4	Culture	resolved	medium	agent_semantic_review	“Special Effects Supervisor”所指工作核心是支持或统筹影视、广播、音乐及其他文化内容的制作、技术实现或发行，属于文化生产、表演或传播职能，归入Culture。	occupation_meaning:Special Effects Supervisor：文化创作、表演、媒体传播或文化产品制作/发行职责	bhht_semantic_batch_3	"[""Culture""]"	bhht_semantic_batch_3	0	Culture	resolved	author_substring	substring_unique_candidate	Culture	"[[""Culture"",""Culture-core""]]"	Culture	proposed	deferred	not_reviewed	semantic_review_draft_not_frozen
855	Senior SEO Manager	4	Other	resolved	medium	primary_semantic_adjudication	管理搜索优化和网站获客业务；沿用专门marketing工作职能类别，不因通用Manager词提升为公司高管。	author_role_analogy:marketing/Worker-Business-small	primary_semantic_review	"[""Other""]"	primary_semantic_review	1	Leadership	resolved	author_substring	substring_unique_candidate	Leadership	"[[""Leadership"",""Corporate/Executive/Business (large)""]]"		needs_review	deferred	not_reviewed	semantic_review_draft_not_frozen
856	Political Economist	4	Discovery/Science	resolved	high	agent_semantic_review	研究政治制度、政策和权力关系如何影响经济生产、分配与市场行为。	occupation_meaning:研究政治制度、政策和权力关系如何影响经济生产、分配与市场行为。	rationale_batch_3	"[""Discovery/Science""]"	bhht_semantic_batch_2	0	Discovery/Science	resolved	author_substring	substring_cross_l1_conflict		"[[""Discovery/Science"",""Academia""],[""Leadership"",""Politics""]]"	Discovery/Science	proposed	deferred	not_reviewed	semantic_review_draft_not_frozen
858	Game creator	4	Culture	resolved	high	agent_semantic_review	A game creator develops a game as an authored entertainment product; the label describes creation, not playing or managing a sports team.	occupation_meaning:Game creator：文化创作、表演、媒体传播或文化产品制作/发行职责	bhht_semantic_batch_3	"[""Culture""]"	bhht_semantic_batch_3	0	Culture	resolved	author_substring	substring_cross_l1_conflict		"[[""Culture"",""Culture-core""],[""Sports/Games"",""Sports/Games""]]"		needs_review	deferred	not_reviewed	semantic_review_draft_not_frozen
859	Video game development	4		needs_context	low	agent_semantic_review	电子游戏开发是技术开发与文化产品生产复合领域，未指明具体职能。	occupation_meaning:技术开发与文化生产复合	bhht_semantic_batch_1	"[""Discovery/Science"",""Culture""]"	bhht_semantic_batch_1	0		needs_context	author_substring	substring_unique_candidate	Sports/Games	"[[""Sports/Games"",""Sports/Games""]]"		out_of_scope	deferred	not_reviewed	semantic_review_draft_not_frozen
862	Vedette	4	Culture	resolved	high	agent_semantic_review	vedette 在表演语境指歌舞/音乐厅的主要艺人。	https://www.larousse.fr/dictionnaires/francais/vedette/81241	bhht_semantic_batch_2	"[""Culture""]"	bhht_semantic_batch_2	0	Culture	resolved	no_author_rule	no_author_rule		[]	Culture	proposed	deferred	not_reviewed	semantic_review_draft_not_frozen
863	SEO Professional (Profession) #1	4	Other	resolved	high	agent_semantic_review	The profession-number suffix is a Freebase disambiguator; search-engine optimization work improves site visibility in search results. 词项中的编号及/或“(Profession)”是数据库区分标记，不改变该职业的职责含义。	occupation_meaning:SEO Professional (Profession) #1：明确的日常服务、一般劳动或小规模商业经营职责	bhht_semantic_batch_3	"[""Other""]"	bhht_semantic_batch_3	0	Other	resolved	no_author_rule	no_author_rule		[]		needs_review	deferred	not_reviewed	semantic_review_draft_not_frozen
864	Newspaper	4		needs_context	low	agent_semantic_review	该词仅指媒介/机构，未给出职业岗位。	occupation_meaning:出版媒介名	bhht_semantic_batch_1	[]	bhht_semantic_batch_1	0		needs_context	no_author_rule	no_author_rule		[]		out_of_scope	deferred	not_reviewed	semantic_review_draft_not_frozen
865	Jazz Composer	3	Culture	resolved	high	agent_semantic_review	爵士作曲家创作爵士旋律、和声和编曲，供乐队演奏、录音或现场表演。	occupation_meaning:爵士作曲家创作爵士旋律、和声和编曲，供乐队演奏、录音或现场表演。	rationale_batch_1	"[""Culture""]"	bhht_semantic_batch_2	0	Culture	resolved	author_substring	substring_unique_candidate	Culture	"[[""Culture"",""Culture-core""]]"	Culture	proposed	deferred	not_reviewed	semantic_review_draft_not_frozen
866	Drama Coach	3	Culture	resolved	medium	agent_semantic_review	“Drama Coach”所指工作核心是提供明确的艺术、媒体或文化产业创作与制作服务，属于文化生产、表演或传播职能，归入Culture。	occupation_meaning:Drama Coach：文化创作、表演、媒体传播或文化产品制作/发行职责	bhht_semantic_batch_3	"[""Culture""]"	bhht_semantic_batch_3	0	Culture	resolved	author_substring	substring_cross_l1_conflict		"[[""Culture"",""Culture-core""],[""Sports/Games"",""Sports/Games""]]"	Culture	proposed	deferred	not_reviewed	semantic_review_draft_not_frozen
870	Spiritual teacher	3		needs_context	low	agent_semantic_review	灵性教师可能是宗教导师、非正式人生教练或一般思想教师，短语未说明教义或机构职位。	occupation_meaning:灵性教学泛称	bhht_semantic_batch_1	"[""Leadership"",""Discovery/Science"",""Other""]"	bhht_semantic_batch_1	0		needs_context	author_substring	substring_unique_candidate	Discovery/Science	"[[""Discovery/Science"",""Academia""]]"		needs_review	deferred	not_reviewed	semantic_review_draft_not_frozen
871	Christian Theologian	3	Discovery/Science	resolved	high	agent_semantic_review	研究并阐释基督教教义、经典和神学问题，撰写学术或宗教论述。	occupation_meaning:研究并阐释基督教教义、经典和神学问题，撰写学术或宗教论述。	rationale_batch_2	"[""Discovery/Science""]"	bhht_semantic_batch_2	0	Discovery/Science	resolved	author_substring	substring_unique_candidate	Discovery/Science	"[[""Discovery/Science"",""Academia""]]"	Discovery/Science	proposed	deferred	not_reviewed	semantic_review_draft_not_frozen
872	Pretty Horsebreaker	3		needs_context	low	agent_semantic_review	The historical expression has more than one documented sense, from breaking horses to a colloquial social label, so the occupation cannot be fixed safely from this label alone.	https://wehd.com/farmer/Horsebreaker.html	bhht_semantic_batch_3	"[""Other"",""Sports/Games""]"	bhht_semantic_batch_3	0		needs_context	no_author_rule	no_author_rule		[]		needs_review	deferred	not_reviewed	semantic_review_draft_not_frozen
873	Racketeering	3	Other	resolved	medium	agent_semantic_review	通过勒索、欺诈或其他持续性非法经营活动获取利益；词项指犯罪行为类别。	occupation_meaning:通过勒索、欺诈或其他持续性非法经营活动获取利益；词项指犯罪行为类别。	rationale_batch_3	"[""Other""]"	bhht_semantic_batch_1	0	Other	resolved	author_substring	substring_unique_candidate	Other	"[[""Other"",""Other""]]"		out_of_scope	deferred	not_reviewed	semantic_review_draft_not_frozen
876	Actor-manager	3	Culture	resolved	high	agent_semantic_review	演员兼经理一边在舞台作品中扮演角色，一边经营剧团、安排演出并协调演员与制作团队。	occupation_meaning:演员兼经理一边在舞台作品中扮演角色，一边经营剧团、安排演出并协调演员与制作团队。	rationale_batch_1	"[""Culture""]"	bhht_semantic_batch_2	0	Culture	resolved	author_substring	substring_cross_l1_conflict		"[[""Culture"",""Culture-core""],[""Leadership"",""Corporate/Executive/Business (large)""]]"	Culture	proposed	deferred	not_reviewed	semantic_review_draft_not_frozen
877	Opera conductor	3	Culture	resolved	medium	agent_semantic_review	“Opera conductor”所指工作核心是提供明确的艺术、媒体或文化产业创作与制作服务，属于文化生产、表演或传播职能，归入Culture。	occupation_meaning:Opera conductor：文化创作、表演、媒体传播或文化产品制作/发行职责	bhht_semantic_batch_3	"[""Culture""]"	bhht_semantic_batch_3	0	Culture	resolved	author_substring	substring_unique_candidate	Culture	"[[""Culture"",""Culture-core""]]"	Culture	proposed	deferred	not_reviewed	semantic_review_draft_not_frozen
879	Creative consultant	3	Culture	resolved	medium	agent_semantic_review	为客户提供创意概念、品牌表达或内容方向建议，并协助发展可执行方案。	occupation_meaning:为客户提供创意概念、品牌表达或内容方向建议，并协助发展可执行方案。	rationale_batch_2	"[""Culture""]"	bhht_semantic_batch_1	0	Culture	resolved	author_substring	substring_cross_l1_conflict		"[[""Culture"",""Culture-core""],[""Other"",""Worker/Business (small)""]]"	Culture	proposed	deferred	not_reviewed	semantic_review_draft_not_frozen
880	Biophysicist	3	Discovery/Science	resolved	high	agent_semantic_review	运用物理学实验和模型研究细胞、蛋白质或生物系统的结构与运作。	occupation_meaning:运用物理学实验和模型研究细胞、蛋白质或生物系统的结构与运作。	rationale_batch_3	"[""Discovery/Science""]"	bhht_semantic_batch_2	0	Discovery/Science	resolved	author_substring	substring_unique_candidate	Discovery/Science	"[[""Discovery/Science"",""Academia""]]"	Discovery/Science	proposed	deferred	not_reviewed	semantic_review_draft_not_frozen
882	Furrier	3	Other	resolved	medium	agent_semantic_review	“Furrier”是承担明确的日常服务、普通职业劳动或小规模经营职责的职业称谓，不属于艺术文化、科学技术、公共权力或竞技体育领域，归入Other。	occupation_meaning:Furrier：明确的日常服务、一般劳动或小规模商业经营职责	bhht_semantic_batch_3	"[""Other""]"	bhht_semantic_batch_3	0	Other	resolved	no_author_rule	no_author_rule		[]		out_of_scope	deferred	not_reviewed	semantic_review_draft_not_frozen
883	Gallery Owner	3	Culture	resolved	medium	agent_semantic_review	画廊经营者策划艺术展览、陈列和推广艺术品，并管理画廊交易、场地与艺术家联系。	occupation_meaning:画廊经营者策划艺术展览、陈列和推广艺术品，并管理画廊交易、场地与艺术家联系。	rationale_batch_1	"[""Culture""]"	bhht_semantic_batch_1	0	Culture	resolved	no_author_rule	no_author_rule		[]		needs_review	deferred	not_reviewed	semantic_review_draft_not_frozen
885	Nurse midwife	3	Discovery/Science	resolved	high	agent_semantic_review	提供孕期检查、分娩照护和产后随访，并指导新生儿及母体健康护理。	occupation_meaning:提供孕期检查、分娩照护和产后随访，并指导新生儿及母体健康护理。	rationale_batch_2	"[""Discovery/Science""]"	bhht_semantic_batch_2	0	Discovery/Science	resolved	author_substring	substring_cross_l1_conflict		"[[""Discovery/Science"",""Academia""],[""Other"",""Worker/Business (small)""]]"	Discovery/Science	proposed	deferred	not_reviewed	semantic_review_draft_not_frozen
886	Legal secretary	3	Other	resolved	medium	agent_semantic_review	“Legal secretary”是承担明确的日常服务、普通职业劳动或小规模经营职责的职业称谓，不属于艺术文化、科学技术、公共权力或竞技体育领域，归入Other。	occupation_meaning:Legal secretary：明确的日常服务、一般劳动或小规模商业经营职责	bhht_semantic_batch_3	"[""Other""]"	bhht_semantic_batch_3	0	Other	resolved	author_substring	substring_unique_candidate	Leadership	"[[""Leadership"",""Politics""]]"	Leadership	proposed	deferred	not_reviewed	semantic_review_draft_not_frozen
887	Jeweller (Film job)	3	Culture	resolved	medium	agent_semantic_review	为影视制作设计、制作或修复首饰道具，确保其符合角色造型和拍摄需要。	occupation_meaning:为影视制作设计、制作或修复首饰道具，确保其符合角色造型和拍摄需要。	rationale_batch_3	"[""Culture""]"	bhht_semantic_batch_1	0	Culture	resolved	author_substring	substring_unique_candidate	Other	"[[""Other"",""Worker/Business (small)""]]"		needs_review	deferred	not_reviewed	semantic_review_draft_not_frozen
889	Virtuoso	3	Culture	resolved	high	agent_semantic_review	Virtuoso 指技艺精湛的音乐演奏者，属于音乐表演。	occupation_meaning:Virtuoso 指技艺精湛的音乐演奏者，属于音乐表演。; author_role_analogy:author L1 Culture	bhht_semantic_batch_2	"[""Culture""]"	bhht_semantic_batch_2	0	Culture	resolved	no_author_rule	no_author_rule		[]	Culture	proposed	deferred	not_reviewed	semantic_review_draft_not_frozen
890	Entertainment Lawyer	3	Leadership	resolved	high	agent_semantic_review	“Entertainment Lawyer”的职责是提供法律意见、代理当事人或行使司法/公证职权，对应公共治理、法律/军事/宗教权威或企业金融领导，归入Leadership。	occupation_meaning:Entertainment Lawyer：治理、法律、军职、宗教权威、外交或企业金融管理职责	bhht_semantic_batch_3	"[""Leadership""]"	bhht_semantic_batch_3	0	Leadership	resolved	author_substring	substring_unique_candidate	Leadership	"[[""Leadership"",""Administration/Law""]]"	Leadership	proposed	deferred	not_reviewed	semantic_review_draft_not_frozen
891	Garment Worker	3	Other	resolved	medium	agent_semantic_review	服装工人裁剪、缝制、组装或整理服装，在生产线上完成衣物制作工序。	occupation_meaning:服装工人裁剪、缝制、组装或整理服装，在生产线上完成衣物制作工序。	rationale_batch_1	"[""Other""]"	bhht_semantic_batch_1	0	Other	resolved	author_substring	substring_unique_candidate	Other	"[[""Other"",""Worker/Business (small)""]]"		out_of_scope	deferred	not_reviewed	semantic_review_draft_not_frozen
892	Production Supervisor	3		needs_context	low	agent_semantic_review	未说明所监督的制作属于影视/演出、工业制造或其他行业，职责领域不足以确定。	occupation_meaning:原值只给出泛称、资格、身份或无法确认的文本，需补充具体职责/语境。	bhht_semantic_batch_2	"[""Culture"",""Other""]"	bhht_semantic_batch_2	0		needs_context	no_author_rule	no_author_rule		[]		needs_review	deferred	not_reviewed	semantic_review_draft_not_frozen
894	Theoretician	3	Discovery/Science	resolved	medium	agent_semantic_review	“Theoretician”从事的核心职责是以专门科学知识、学术研究、医疗服务或工程技术为主要职责，其工作属于知识发现、学术/医疗或技术开发，归入Discovery/Science。	occupation_meaning:Theoretician：科学研究、专业教育、医疗服务或工程技术开发职责	bhht_semantic_batch_3	"[""Discovery/Science""]"	bhht_semantic_batch_3	0	Discovery/Science	resolved	no_author_rule	no_author_rule		[]		needs_review	deferred	not_reviewed	semantic_review_draft_not_frozen
896	Architectural photographer	3	Culture	resolved	medium	agent_semantic_review	拍摄建筑内外空间，运用构图和光线呈现建筑形态、材料与使用环境。	occupation_meaning:拍摄建筑内外空间，运用构图和光线呈现建筑形态、材料与使用环境。	rationale_batch_2	"[""Culture""]"	bhht_semantic_batch_1	0	Culture	resolved	author_substring	substring_same_l1_multiple_l2	Culture	"[[""Culture"",""Culture-core""],[""Culture"",""Culture-periphery""]]"	Culture	proposed	deferred	not_reviewed	semantic_review_draft_not_frozen
897	Radio jockey	3	Culture	resolved	high	agent_semantic_review	Radio jockey 在广播中主持节目、介绍音乐并与听众沟通，属于广播媒体传播。	occupation_meaning:Radio jockey 在广播中主持节目、介绍音乐并与听众沟通，属于广播媒体传播。; author_role_analogy:author L1 Culture	bhht_semantic_batch_2	"[""Culture""]"	bhht_semantic_batch_2	0	Culture	resolved	author_substring	substring_cross_l1_conflict		"[[""Culture"",""Culture-periphery""],[""Sports/Games"",""Sports/Games""]]"	Culture	proposed	deferred	not_reviewed	semantic_review_draft_not_frozen
898	Personal organizer	3	Other	resolved	medium	agent_semantic_review	“Personal organizer”是提供标题所指的日常服务、运输、维修、照护、手工业或一般商业服务的职业称谓，不属于艺术文化、科学技术、公共权力或竞技体育领域，归入Other。	occupation_meaning:Personal organizer：明确的日常服务、一般劳动或小规模商业经营职责	bhht_semantic_batch_3	"[""Other""]"	bhht_semantic_batch_3	0	Other	resolved	no_author_rule	no_author_rule		[]		out_of_scope	deferred	not_reviewed	semantic_review_draft_not_frozen
900	Sculptor (Constellation)	3		needs_context	low	agent_semantic_review	括号指定星座而非雕塑职业。	https://www.iau.org/public/themes/constellations/	bhht_semantic_batch_1	[]	bhht_semantic_batch_1	0		needs_context	author_substring	substring_unique_candidate	Culture	"[[""Culture"",""Culture-core""]]"		out_of_scope	deferred	not_reviewed	semantic_review_draft_not_frozen
901	Textile worker	3	Other	resolved	high	agent_semantic_review	操作纺织设备或处理纤维、纱线和织物，参与纺纱、织造、染整或成品加工。	occupation_meaning:操作纺织设备或处理纤维、纱线和织物，参与纺纱、织造、染整或成品加工。	rationale_batch_3	"[""Other""]"	bhht_semantic_batch_2	0	Other	resolved	author_substring	substring_unique_candidate	Other	"[[""Other"",""Worker/Business (small)""]]"		out_of_scope	deferred	not_reviewed	semantic_review_draft_not_frozen
903	Stock trader	3	Leadership	resolved	high	agent_semantic_review	“Stock trader”的职责是承担机构治理、金融资本配置、商业经营管理或政治公共事务职责，对应公共治理、法律/军事/宗教权威或企业金融领导，归入Leadership。	occupation_meaning:Stock trader：治理、法律、军职、宗教权威、外交或企业金融管理职责	bhht_semantic_batch_3	"[""Leadership""]"	bhht_semantic_batch_3	0	Leadership	resolved	author_substring	substring_unique_candidate	Leadership	"[[""Leadership"",""Corporate/Executive/Business (large)""]]"		needs_review	deferred	not_reviewed	semantic_review_draft_not_frozen
905	Cosmologist	3	Discovery/Science	resolved	medium	agent_semantic_review	宇宙学家研究宇宙的起源、演化、结构和大尺度物理规律，使用观测数据与理论模型。	occupation_meaning:宇宙学家研究宇宙的起源、演化、结构和大尺度物理规律，使用观测数据与理论模型。	rationale_batch_1	"[""Discovery/Science""]"	bhht_semantic_batch_1	0	Discovery/Science	resolved	no_author_rule	no_author_rule		[]	Discovery/Science	proposed	deferred	not_reviewed	semantic_review_draft_not_frozen
906	Script doctor	3	Culture	resolved	high	agent_semantic_review	为剧本提出结构、对白和人物修改，并在制作阶段修补特定情节或场景。	occupation_meaning:为剧本提出结构、对白和人物修改，并在制作阶段修补特定情节或场景。	rationale_batch_2	"[""Culture""]"	bhht_semantic_batch_2	0	Culture	resolved	author_substring	substring_cross_l1_conflict		"[[""Culture"",""Culture-core""],[""Discovery/Science"",""Academia""]]"	Culture	proposed	deferred	not_reviewed	semantic_review_draft_not_frozen
907	Film distributor (Profession)	3	Culture	resolved	high	agent_semantic_review	A film distributor acquires, markets, and arranges exhibition of films; this is a film-industry role. 词项中的编号及/或“(Profession)”是数据库区分标记，不改变该职业的职责含义。	occupation_meaning:Film distributor (Profession)：文化创作、表演、媒体传播或文化产品制作/发行职责	bhht_semantic_batch_3	"[""Culture""]"	bhht_semantic_batch_3	0	Culture	resolved	author_substring	substring_unique_candidate	Culture	"[[""Culture"",""Culture-core""]]"		needs_review	deferred	not_reviewed	semantic_review_draft_not_frozen
908	Neurophysiologist	3	Discovery/Science	resolved	high	agent_semantic_review	神经生理学家研究神经系统及神经细胞的功能活动，属于生物医学研究。	occupation_meaning:神经系统功能研究	bhht_semantic_batch_1	"[""Discovery/Science""]"	bhht_semantic_batch_1	0	Discovery/Science	resolved	author_substring	substring_unique_candidate	Discovery/Science	"[[""Discovery/Science"",""Academia""]]"	Discovery/Science	proposed	deferred	not_reviewed	semantic_review_draft_not_frozen
909	Educational psychologist	3	Discovery/Science	resolved	high	agent_semantic_review	研究学习与发展过程，评估学生的教育需求并为教学或学校支持提供心理专业建议。	occupation_meaning:研究学习与发展过程，评估学生的教育需求并为教学或学校支持提供心理专业建议。	rationale_batch_3	"[""Discovery/Science""]"	bhht_semantic_batch_2	0	Discovery/Science	resolved	author_substring	substring_unique_candidate	Discovery/Science	"[[""Discovery/Science"",""Academia""]]"	Discovery/Science	proposed	deferred	not_reviewed	semantic_review_draft_not_frozen
912	Action Director	3	Culture	resolved	medium	agent_semantic_review	“Action Director”所指工作核心是支持或统筹影视、广播、音乐及其他文化内容的制作、技术实现或发行，属于文化生产、表演或传播职能，归入Culture。	occupation_meaning:Action Director：文化创作、表演、媒体传播或文化产品制作/发行职责	bhht_semantic_batch_3	"[""Culture""]"	bhht_semantic_batch_3	0	Culture	resolved	no_author_rule	no_author_rule		[]	Culture	proposed	deferred	not_reviewed	semantic_review_draft_not_frozen
913	Special Effects Technician	3	Culture	resolved	medium	agent_semantic_review	特效技术员搭建和操作片场实景效果装置、机械道具或安全设备，配合镜头制造视觉效果。	occupation_meaning:特效技术员搭建和操作片场实景效果装置、机械道具或安全设备，配合镜头制造视觉效果。	rationale_batch_1	"[""Culture""]"	bhht_semantic_batch_1	0	Culture	resolved	author_substring	substring_cross_l1_conflict		"[[""Culture"",""Culture-core""],[""Other"",""Worker/Business (small)""]]"	Culture	proposed	deferred	not_reviewed	semantic_review_draft_not_frozen
914	Corporate officer	3	Leadership	resolved	medium	agent_semantic_review	作为公司正式高管或职务负责人执行董事会授权，管理公司事务并履行治理职责。	occupation_meaning:作为公司正式高管或职务负责人执行董事会授权，管理公司事务并履行治理职责。	rationale_batch_2	"[""Leadership""]"	bhht_semantic_batch_2	0	Leadership	resolved	author_substring	substring_unique_candidate	Leadership	"[[""Leadership"",""Military""]]"	Leadership	proposed	deferred	not_reviewed	semantic_review_draft_not_frozen
915	Cloth merchant	3	Other	resolved	medium	agent_semantic_review	“Cloth merchant”是提供标题所指的日常服务、运输、维修、照护、手工业或一般商业服务的职业称谓，不属于艺术文化、科学技术、公共权力或竞技体育领域，归入Other。	occupation_meaning:Cloth merchant：明确的日常服务、一般劳动或小规模商业经营职责	bhht_semantic_batch_3	"[""Other""]"	bhht_semantic_batch_3	0	Other	resolved	author_substring	substring_unique_candidate	Leadership	"[[""Leadership"",""Corporate/Executive/Business (large)""]]"		out_of_scope	deferred	not_reviewed	semantic_review_draft_not_frozen
916	Sports Reporter	3	Culture	resolved	medium	agent_semantic_review	采访运动员和教练、报道比赛结果与体育新闻，并向报纸、电视或网络受众发布内容。	occupation_meaning:采访运动员和教练、报道比赛结果与体育新闻，并向报纸、电视或网络受众发布内容。	rationale_batch_3	"[""Culture""]"	bhht_semantic_batch_1	0	Culture	resolved	author_substring	substring_cross_l1_conflict		"[[""Culture"",""Culture-periphery""],[""Sports/Games"",""Sports/Games""]]"	Culture	proposed	deferred	not_reviewed	semantic_review_draft_not_frozen
917	Native American activist	3	Leadership	resolved	medium	primary_semantic_adjudication	通过公共倡议推动民主、公民权利或群体权益，按作者Politics中公共政治倡议的口径归类；不要求有正式官职。	author_role_analogy:activist/Politics	primary_semantic_review	"[""Leadership""]"	primary_semantic_review	1	Leadership	resolved	author_substring	substring_unique_candidate	Leadership	"[[""Leadership"",""Politics""]]"		needs_review	deferred	not_reviewed	semantic_review_draft_not_frozen
918	Mining Engineer	3	Discovery/Science	resolved	medium	agent_semantic_review	“Mining Engineer”从事的核心职责是从事专业教学、技术设计开发、测试或学术研究，其工作属于知识发现、学术/医疗或技术开发，归入Discovery/Science。	occupation_meaning:Mining Engineer：科学研究、专业教育、医疗服务或工程技术开发职责	bhht_semantic_batch_3	"[""Discovery/Science""]"	bhht_semantic_batch_3	0	Discovery/Science	resolved	author_substring	substring_unique_candidate	Discovery/Science	"[[""Discovery/Science"",""Explorer/Inventor/Developer""]]"	Discovery/Science	proposed	deferred	not_reviewed	semantic_review_draft_not_frozen
919	Life Coach	3	Other	resolved	medium	agent_semantic_review	人生教练与客户设定个人目标、梳理障碍并制定行动步骤，定期跟进进展和习惯改变。	occupation_meaning:人生教练与客户设定个人目标、梳理障碍并制定行动步骤，定期跟进进展和习惯改变。	rationale_batch_1	"[""Other""]"	bhht_semantic_batch_1	0	Other	resolved	author_substring	substring_unique_candidate	Sports/Games	"[[""Sports/Games"",""Sports/Games""]]"		needs_review	deferred	not_reviewed	semantic_review_draft_not_frozen
920	Publicist (Profession) #5	3	Culture	resolved	high	agent_semantic_review	为个人或机构撰写新闻稿、联系媒体并安排采访，以提升公众曝光。	occupation_meaning:为个人或机构撰写新闻稿、联系媒体并安排采访，以提升公众曝光。	rationale_batch_2	"[""Culture""]"	bhht_semantic_batch_2	0	Culture	resolved	author_substring	substring_unique_candidate	Culture	"[[""Culture"",""Culture-periphery""]]"	Culture	proposed	deferred	not_reviewed	semantic_review_draft_not_frozen
921	Pioneer	3		needs_context	low	agent_semantic_review	Pioneer may mean an explorer, innovator, or early settler; no specific domain or duties are stated.	occupation_meaning:Pioneer：仅凭词项无法确定稳定职业职责	bhht_semantic_batch_3	"[""Discovery/Science"",""Leadership"",""Other""]"	bhht_semantic_batch_3	0		needs_context	no_author_rule	no_author_rule		[]		needs_review	deferred	not_reviewed	semantic_review_draft_not_frozen
922	Bioethicist	3	Discovery/Science	resolved	medium	agent_semantic_review	分析医学、生物技术和生命科学实践中的伦理问题，为研究或医疗决策提供评估意见。	occupation_meaning:分析医学、生物技术和生命科学实践中的伦理问题，为研究或医疗决策提供评估意见。	rationale_batch_3	"[""Discovery/Science""]"	bhht_semantic_batch_1	0	Discovery/Science	resolved	author_substring	substring_unique_candidate	Discovery/Science	"[[""Discovery/Science"",""Academia""]]"	Discovery/Science	proposed	deferred	not_reviewed	semantic_review_draft_not_frozen
923	Network administrator	3	Discovery/Science	resolved	high	agent_semantic_review	网络管理员配置和维护计算机网络、服务器与用户账户，监测运行状态并排查连接或安全故障。	occupation_meaning:网络管理员配置和维护计算机网络、服务器与用户账户，监测运行状态并排查连接或安全故障。	rationale_batch_1	"[""Discovery/Science""]"	bhht_semantic_batch_2	0	Discovery/Science	resolved	author_substring	substring_unique_candidate	Leadership	"[[""Leadership"",""Administration/Law""]]"		needs_review	deferred	not_reviewed	semantic_review_draft_not_frozen
924	Medical research	3	Discovery/Science	resolved	medium	agent_semantic_review	“Medical research”从事的核心职责是运用医学专业知识提供诊断、治疗、护理或健康服务，其工作属于知识发现、学术/医疗或技术开发，归入Discovery/Science。	occupation_meaning:Medical research：科学研究、专业教育、医疗服务或工程技术开发职责	bhht_semantic_batch_3	"[""Discovery/Science""]"	bhht_semantic_batch_3	0	Discovery/Science	resolved	author_substring	substring_unique_candidate	Discovery/Science	"[[""Discovery/Science"",""Academia""]]"		needs_review	deferred	not_reviewed	semantic_review_draft_not_frozen
925	News analyst	3	Culture	resolved	medium	agent_semantic_review	解读新闻事件和政策背景，整理信息并向受众提供分析评论。	occupation_meaning:解读新闻事件和政策背景，整理信息并向受众提供分析评论。	rationale_batch_2	"[""Culture""]"	bhht_semantic_batch_1	0	Culture	resolved	author_substring	substring_unique_candidate	Other	"[[""Other"",""Worker/Business (small)""]]"	Culture	proposed	deferred	not_reviewed	semantic_review_draft_not_frozen
926	Radio announcer	3	Culture	resolved	high	agent_semantic_review	在广播节目中播报新闻、介绍音乐或活动，并通过话筒向听众主持和传递信息。	occupation_meaning:在广播节目中播报新闻、介绍音乐或活动，并通过话筒向听众主持和传递信息。	rationale_batch_3	"[""Culture""]"	bhht_semantic_batch_2	0	Culture	resolved	author_substring	substring_unique_candidate	Culture	"[[""Culture"",""Culture-periphery""]]"	Culture	proposed	deferred	not_reviewed	semantic_review_draft_not_frozen
928	Neurosurgeon	3	Discovery/Science	resolved	medium	agent_semantic_review	“Neurosurgeon”从事的核心职责是运用医学专业知识提供诊断、治疗、护理或健康服务，其工作属于知识发现、学术/医疗或技术开发，归入Discovery/Science。	occupation_meaning:Neurosurgeon：科学研究、专业教育、医疗服务或工程技术开发职责	bhht_semantic_batch_3	"[""Discovery/Science""]"	bhht_semantic_batch_3	0	Discovery/Science	resolved	author_substring	substring_unique_candidate	Discovery/Science	"[[""Discovery/Science"",""Academia""]]"	Discovery/Science	proposed	deferred	not_reviewed	semantic_review_draft_not_frozen
929	Boxing Trainer	3	Sports/Games	resolved	medium	agent_semantic_review	拳击教练教授拳法、防守、步法和体能训练，准备拳手参加对抗训练和赛事。	occupation_meaning:拳击教练教授拳法、防守、步法和体能训练，准备拳手参加对抗训练和赛事。	rationale_batch_1	"[""Sports/Games""]"	bhht_semantic_batch_1	0	Sports/Games	resolved	author_substring	substring_unique_candidate	Sports/Games	"[[""Sports/Games"",""Sports/Games""]]"	Sports/Games	proposed	deferred	not_reviewed	semantic_review_draft_not_frozen
930	Investment broker	3	Leadership	resolved	medium	primary_semantic_adjudication	代理客户进行证券/投资资产交易，采用作者stockbroker所对应的金融交易职业口径；不能仅用泛称broker覆盖更具体的金融交易语义。	author_role_analogy:stockbroker/Corporate-Executive-Business-large	primary_semantic_review	"[""Leadership""]"	primary_semantic_review	1	Other	resolved	author_substring	substring_cross_l1_conflict		"[[""Leadership"",""Corporate/Executive/Business (large)""],[""Other"",""Worker/Business (small)""]]"		needs_review	deferred	not_reviewed	semantic_review_draft_not_frozen
931	Union organizer	3	Leadership	resolved	high	agent_semantic_review	“Union organizer”的职责是参与公共政策、政治组织、外交或社会倡议的决策和协调，对应公共治理、法律/军事/宗教权威或企业金融领导，归入Leadership。	occupation_meaning:Union organizer：治理、法律、军职、宗教权威、外交或企业金融管理职责	bhht_semantic_batch_3	"[""Leadership""]"	bhht_semantic_batch_3	0	Leadership	resolved	no_author_rule	no_author_rule		[]	Leadership	proposed	deferred	not_reviewed	semantic_review_draft_not_frozen
932	Children's book illustrator	3	Culture	resolved	medium	agent_semantic_review	为儿童读物绘制人物、场景和故事插图，并与作者/编辑配合呈现文本。	occupation_meaning:为儿童读物绘制人物、场景和故事插图，并与作者/编辑配合呈现文本。	rationale_batch_2	"[""Culture""]"	bhht_semantic_batch_1	0	Culture	resolved	author_substring	substring_unique_candidate	Culture	"[[""Culture"",""Culture-periphery""]]"	Culture	proposed	deferred	not_reviewed	semantic_review_draft_not_frozen
936	Professional Wrestling Booker	3	Sports/Games	resolved	high	agent_semantic_review	Professional wrestling booker 负责编排摔角赛事对阵与故事线，直接服务于摔角比赛。	occupation_meaning:Professional wrestling booker 负责编排摔角赛事对阵与故事线，直接服务于摔角比赛。; author_role_analogy:author L1 Sports/Games	bhht_semantic_batch_2	"[""Sports/Games""]"	bhht_semantic_batch_2	0	Sports/Games	resolved	author_substring	substring_unique_candidate	Sports/Games	"[[""Sports/Games"",""Sports/Games""]]"	Sports/Games	proposed	deferred	not_reviewed	semantic_review_draft_not_frozen
937	Sports Anchor	3	Culture	resolved	high	agent_semantic_review	A sports anchor presents and reports sports news for television or radio; this is broadcasting/journalism.	occupation_meaning:Sports Anchor：文化创作、表演、媒体传播或文化产品制作/发行职责	bhht_semantic_batch_3	"[""Culture""]"	bhht_semantic_batch_3	0	Culture	resolved	author_substring	substring_cross_l1_conflict		"[[""Culture"",""Culture-periphery""],[""Sports/Games"",""Sports/Games""]]"	Culture	proposed	deferred	not_reviewed	semantic_review_draft_not_frozen
938	Dominatrix	3	Other	resolved	medium	agent_semantic_review	在成人服务情境中提供以支配角色为核心的BDSM服务，并与客户约定互动边界。	occupation_meaning:在成人服务情境中提供以支配角色为核心的BDSM服务，并与客户约定互动边界。	rationale_batch_3	"[""Other""]"	bhht_semantic_batch_1	0	Other	resolved	no_author_rule	no_author_rule		[]		out_of_scope	deferred	not_reviewed	semantic_review_draft_not_frozen
939	Dubber	3	Culture	resolved	high	agent_semantic_review	Dubber 为影视作品录制配音/对白，属于影视声音制作。	occupation_meaning:Dubber 为影视作品录制配音/对白，属于影视声音制作。; author_role_analogy:author L1 Culture	bhht_semantic_batch_2	"[""Culture""]"	bhht_semantic_batch_2	0	Culture	resolved	no_author_rule	no_author_rule		[]	Culture	proposed	deferred	not_reviewed	semantic_review_draft_not_frozen
940	Statistical graphics	3	Culture	resolved	medium	agent_semantic_review	“Statistical graphics”所指工作核心是提供明确的艺术、媒体或文化产业创作与制作服务，属于文化生产、表演或传播职能，归入Culture。	occupation_meaning:Statistical graphics：文化创作、表演、媒体传播或文化产品制作/发行职责	bhht_semantic_batch_3	"[""Culture""]"	bhht_semantic_batch_3	0	Culture	resolved	no_author_rule	no_author_rule		[]		out_of_scope	deferred	not_reviewed	semantic_review_draft_not_frozen
941	Railroad worker	3	Other	resolved	medium	agent_semantic_review	铁路工人承担铁路运输和基础设施工作，如维护轨道、调度列车、装卸货物或车站服务；具体岗位未限定。	occupation_meaning:铁路工人承担铁路运输和基础设施工作，如维护轨道、调度列车、装卸货物或车站服务；具体岗位未限定。	rationale_batch_1	"[""Other""]"	bhht_semantic_batch_1	0	Other	resolved	author_substring	substring_unique_candidate	Other	"[[""Other"",""Worker/Business (small)""]]"		out_of_scope	deferred	not_reviewed	semantic_review_draft_not_frozen
943	Concert Producer	3	Culture	resolved	high	agent_semantic_review	统筹音乐会场地、预算、艺人、舞台技术和观众服务，确保现场演出按计划举行。	occupation_meaning:统筹音乐会场地、预算、艺人、舞台技术和观众服务，确保现场演出按计划举行。	rationale_batch_2	"[""Culture""]"	bhht_semantic_batch_2	0	Culture	resolved	author_substring	substring_unique_candidate	Culture	"[[""Culture"",""Culture-core""]]"	Culture	proposed	deferred	not_reviewed	semantic_review_draft_not_frozen
946	Wine Critic	3	Culture	resolved	medium	agent_semantic_review	“Wine Critic”所指工作核心是采访、撰写、编辑、评论或向公众传播文化/媒体内容，属于文化生产、表演或传播职能，归入Culture。	occupation_meaning:Wine Critic：文化创作、表演、媒体传播或文化产品制作/发行职责	bhht_semantic_batch_3	"[""Culture""]"	bhht_semantic_batch_3	0	Culture	resolved	author_substring	substring_unique_candidate	Culture	"[[""Culture"",""Culture-periphery""]]"	Culture	proposed	deferred	not_reviewed	semantic_review_draft_not_frozen
947	telecommunications expert	3	Discovery/Science	resolved	medium	agent_semantic_review	评估通信网络或电信设备的性能与故障，并就系统部署、连接或维护提供专业建议。	occupation_meaning:评估通信网络或电信设备的性能与故障，并就系统部署、连接或维护提供专业建议。	rationale_batch_3	"[""Discovery/Science""]"	bhht_semantic_batch_1	0	Discovery/Science	resolved	author_substring	substring_unique_candidate	Other	"[[""Other"",""Worker/Business (small)""]]"	Discovery/Science	proposed	deferred	not_reviewed	semantic_review_draft_not_frozen
948	Historian of Science	3	Discovery/Science	resolved	high	agent_semantic_review	科学史学家研究科学理论、实验和机构在历史中的形成与变化，查阅档案并发表学术成果。	occupation_meaning:科学史学家研究科学理论、实验和机构在历史中的形成与变化，查阅档案并发表学术成果。	rationale_batch_1	"[""Discovery/Science""]"	bhht_semantic_batch_2	0	Discovery/Science	resolved	author_substring	substring_unique_candidate	Discovery/Science	"[[""Discovery/Science"",""Academia""]]"	Discovery/Science	proposed	deferred	not_reviewed	semantic_review_draft_not_frozen
950	Haberdasher	3	Other	resolved	medium	agent_semantic_review	“Haberdasher”是承担明确的日常服务、普通职业劳动或小规模经营职责的职业称谓，不属于艺术文化、科学技术、公共权力或竞技体育领域，归入Other。	occupation_meaning:Haberdasher：明确的日常服务、一般劳动或小规模商业经营职责	bhht_semantic_batch_3	"[""Other""]"	bhht_semantic_batch_3	0	Other	resolved	no_author_rule	no_author_rule		[]		needs_review	deferred	not_reviewed	semantic_review_draft_not_frozen
951	Information Technologist	3	Discovery/Science	resolved	medium	agent_semantic_review	部署和维护信息系统、网络或技术服务，排查组织内部的计算机与数据问题。	occupation_meaning:部署和维护信息系统、网络或技术服务，排查组织内部的计算机与数据问题。	rationale_batch_2	"[""Discovery/Science""]"	bhht_semantic_batch_1	0	Discovery/Science	resolved	no_author_rule	no_author_rule		[]	Discovery/Science	proposed	deferred	not_reviewed	semantic_review_draft_not_frozen
952	College Administrator	3	Discovery/Science	resolved	high	agent_semantic_review	管理高校的招生、学生事务、学术项目或校务流程，并协调教职员和资源。	occupation_meaning:管理高校的招生、学生事务、学术项目或校务流程，并协调教职员和资源。	rationale_batch_3	"[""Discovery/Science""]"	bhht_semantic_batch_2	0	Discovery/Science	resolved	author_substring	substring_unique_candidate	Leadership	"[[""Leadership"",""Administration/Law""]]"	Leadership	proposed	deferred	not_reviewed	semantic_review_draft_not_frozen
953	Picture editor	3	Culture	resolved	medium	agent_semantic_review	“Picture editor”所指工作核心是采访、撰写、编辑、评论或向公众传播文化/媒体内容，属于文化生产、表演或传播职能，归入Culture。	occupation_meaning:Picture editor：文化创作、表演、媒体传播或文化产品制作/发行职责	bhht_semantic_batch_3	"[""Culture""]"	bhht_semantic_batch_3	0	Culture	resolved	author_substring	substring_unique_candidate	Culture	"[[""Culture"",""Culture-periphery""]]"	Culture	proposed	deferred	not_reviewed	semantic_review_draft_not_frozen
954	Marine engineer	3	Discovery/Science	resolved	medium	agent_semantic_review	船舶工程师设计、维护船舶推进、动力和机械系统，排查设备故障并确保航行可靠性。	occupation_meaning:船舶工程师设计、维护船舶推进、动力和机械系统，排查设备故障并确保航行可靠性。	rationale_batch_1	"[""Discovery/Science""]"	bhht_semantic_batch_1	0	Discovery/Science	resolved	author_substring	substring_cross_l1_conflict		"[[""Discovery/Science"",""Explorer/Inventor/Developer""],[""Leadership"",""Military""]]"	Discovery/Science	proposed	deferred	not_reviewed	semantic_review_draft_not_frozen
955	Cyberneticist	3	Discovery/Science	resolved	high	agent_semantic_review	研究控制、反馈和信息处理系统，建立模型解释生物或机器系统的调节行为。	occupation_meaning:研究控制、反馈和信息处理系统，建立模型解释生物或机器系统的调节行为。	rationale_batch_2	"[""Discovery/Science""]"	bhht_semantic_batch_2	0	Discovery/Science	resolved	no_author_rule	no_author_rule		[]	Discovery/Science	proposed	deferred	not_reviewed	semantic_review_draft_not_frozen
957	Minstrel	3	Culture	resolved	medium	agent_semantic_review	“Minstrel”所指工作核心是创作或呈现艺术作品/现场表演，职业产出面向文化受众，属于文化生产、表演或传播职能，归入Culture。	occupation_meaning:Minstrel：文化创作、表演、媒体传播或文化产品制作/发行职责	bhht_semantic_batch_3	"[""Culture""]"	bhht_semantic_batch_3	0	Culture	resolved	no_author_rule	no_author_rule		[]	Culture	proposed	deferred	not_reviewed	semantic_review_draft_not_frozen
959	Scholar-official	3	Leadership	resolved	high	primary_semantic_adjudication	指传统通过学术选拔任职的士大夫官僚，完整称谓包含公共行政任职，按官员职责归治理。	https://afe.easia.columbia.edu/special/china_600ce_scholar.htm; author_role_analogy:official/Administration-Law	primary_semantic_review	"[""Leadership""]"	primary_semantic_review	1	Leadership	resolved	author_substring	substring_unique_candidate	Discovery/Science	"[[""Discovery/Science"",""Academia""]]"	Leadership	proposed	deferred	not_reviewed	semantic_review_draft_not_frozen
960	Theatrical Set Designer	3	Culture	resolved	high	agent_semantic_review	为舞台剧设计布景方案和空间布局，并与制作团队确定道具、材料和搭建细节。	occupation_meaning:为舞台剧设计布景方案和空间布局，并与制作团队确定道具、材料和搭建细节。	rationale_batch_3	"[""Culture""]"	bhht_semantic_batch_2	0	Culture	resolved	author_substring	substring_same_l1_multiple_l2	Culture	"[[""Culture"",""Culture-core""],[""Culture"",""Culture-periphery""]]"	Culture	proposed	deferred	not_reviewed	semantic_review_draft_not_frozen
961	Architectural historian	3	Discovery/Science	resolved	high	primary_semantic_adjudication	研究建筑历史及相关史料，核心是历史学术研究；Profession与编号不改变岗位含义。	author_role_analogy:historian/Academia	primary_semantic_review	"[""Discovery/Science""]"	primary_semantic_review	1	Discovery/Science	resolved	author_substring	substring_cross_l1_conflict		"[[""Culture"",""Culture-periphery""],[""Discovery/Science"",""Academia""]]"	Discovery/Science	proposed	deferred	not_reviewed	semantic_review_draft_not_frozen
963	Political strategist	3	Leadership	resolved	medium	agent_semantic_review	政治策略师为候选人或政党规划竞选议题、受众沟通、选区资源和宣传行动。	occupation_meaning:政治策略师为候选人或政党规划竞选议题、受众沟通、选区资源和宣传行动。	rationale_batch_1	"[""Leadership""]"	bhht_semantic_batch_1	0	Leadership	resolved	author_substring	substring_unique_candidate	Leadership	"[[""Leadership"",""Politics""]]"	Leadership	proposed	deferred	not_reviewed	semantic_review_draft_not_frozen
964	News producer	3	Culture	resolved	high	agent_semantic_review	策划新闻节目选题和播出顺序，协调记者、编辑、技术人员及直播流程。	occupation_meaning:策划新闻节目选题和播出顺序，协调记者、编辑、技术人员及直播流程。	rationale_batch_2	"[""Culture""]"	bhht_semantic_batch_2	0	Culture	resolved	author_substring	substring_unique_candidate	Culture	"[[""Culture"",""Culture-core""]]"	Culture	proposed	deferred	not_reviewed	semantic_review_draft_not_frozen
967	Flight engineer	3	Discovery/Science	resolved	medium	agent_semantic_review	“Flight engineer”从事的核心职责是从事专业教学、技术设计开发、测试或学术研究，其工作属于知识发现、学术/医疗或技术开发，归入Discovery/Science。	occupation_meaning:Flight engineer：科学研究、专业教育、医疗服务或工程技术开发职责	bhht_semantic_batch_3	"[""Discovery/Science""]"	bhht_semantic_batch_3	0	Discovery/Science	resolved	author_substring	substring_unique_candidate	Discovery/Science	"[[""Discovery/Science"",""Explorer/Inventor/Developer""]]"	Discovery/Science	proposed	deferred	not_reviewed	semantic_review_draft_not_frozen
968	Ski Racer	3	Sports/Games	resolved	medium	agent_semantic_review	训练并参加高山滑雪竞速项目，在规定雪道上以最快时间完成比赛。	occupation_meaning:训练并参加高山滑雪竞速项目，在规定雪道上以最快时间完成比赛。	rationale_batch_3	"[""Sports/Games""]"	bhht_semantic_batch_1	0	Sports/Games	resolved	author_substring	substring_unique_candidate	Sports/Games	"[[""Sports/Games"",""Sports/Games""]]"	Sports/Games	proposed	deferred	not_reviewed	semantic_review_draft_not_frozen
971	Mental health professional	3	Discovery/Science	resolved	high	agent_semantic_review	心理健康专业人员评估心理健康需要，为来访者提供咨询、治疗、转介或康复支持；该称谓未限定具体资质。	occupation_meaning:心理健康专业人员评估心理健康需要，为来访者提供咨询、治疗、转介或康复支持；该称谓未限定具体资质。	rationale_batch_1	"[""Discovery/Science""]"	bhht_semantic_batch_2	0	Discovery/Science	resolved	no_author_rule	no_author_rule		[]	Discovery/Science	proposed	deferred	not_reviewed	semantic_review_draft_not_frozen
972	Digital Marketing Strategist	3	Other	resolved	high	agent_semantic_review	Designs online campaign plans and channel priorities for a client or organization; this is marketing strategy, not company governance.	occupation_meaning:Digital Marketing Strategist：明确的日常服务、一般劳动或小规模商业经营职责	bhht_semantic_batch_3	"[""Other""]"	bhht_semantic_batch_3	0	Other	resolved	author_substring	substring_unique_candidate	Other	"[[""Other"",""Worker/Business (small)""]]"		needs_review	deferred	not_reviewed	semantic_review_draft_not_frozen
973	Combat medic	3	Discovery/Science	resolved	medium	agent_semantic_review	战斗医护兵在军事场景中提供急救、伤员稳定与医疗照护；其直接职业职能是医疗服务。	occupation_meaning:战地急救和医疗照护	bhht_semantic_batch_1	"[""Discovery/Science""]"	bhht_semantic_batch_1	0	Discovery/Science	resolved	no_author_rule	no_author_rule		[]	Discovery/Science	proposed	deferred	not_reviewed	semantic_review_draft_not_frozen
974	Letterer	3	Culture	resolved	high	agent_semantic_review	为漫画、插画或出版物绘制并排版文字、对白气泡和标题字形。	occupation_meaning:为漫画、插画或出版物绘制并排版文字、对白气泡和标题字形。	rationale_batch_2	"[""Culture""]"	bhht_semantic_batch_2	0	Culture	resolved	no_author_rule	no_author_rule		[]	Culture	proposed	deferred	not_reviewed	semantic_review_draft_not_frozen
975	Game programmer	3	Discovery/Science	resolved	medium	agent_semantic_review	“Game programmer”从事的核心职责是从事专业教学、技术设计开发、测试或学术研究，其工作属于知识发现、学术/医疗或技术开发，归入Discovery/Science。	occupation_meaning:Game programmer：科学研究、专业教育、医疗服务或工程技术开发职责	bhht_semantic_batch_3	"[""Discovery/Science""]"	bhht_semantic_batch_3	0	Discovery/Science	resolved	author_substring	substring_cross_l1_conflict		"[[""Discovery/Science"",""Explorer/Inventor/Developer""],[""Sports/Games"",""Sports/Games""]]"	Discovery/Science	proposed	deferred	not_reviewed	semantic_review_draft_not_frozen
977	Special Agent	3		needs_context	low	agent_semantic_review	可指执法/情报特工，也可能是商业代理人，机构和职责未说明。	occupation_meaning:代理/特工多义职称	bhht_semantic_batch_1	"[""Leadership"",""Other""]"	bhht_semantic_batch_1	0		needs_context	no_author_rule	no_author_rule		[]		needs_review	deferred	not_reviewed	semantic_review_draft_not_frozen
978	A&R executive	3	Culture	resolved	high	primary_semantic_adjudication	负责发掘签约音乐人、组织录制及艺人创作发展，核心是音乐内容生产管理。	https://www.berklee.edu/careers/roles/ar-director	primary_semantic_review	"[""Culture""]"	primary_semantic_review	1	Culture	resolved	author_substring	substring_unique_candidate	Leadership	"[[""Leadership"",""Corporate/Executive/Business (large)""]]"	Leadership	proposed	deferred	not_reviewed	semantic_review_draft_not_frozen
979	Assistant Property Master	3	Culture	resolved	medium	agent_semantic_review	“Assistant Property Master”所指工作核心是支持或统筹影视、广播、音乐及其他文化内容的制作、技术实现或发行，属于文化生产、表演或传播职能，归入Culture。	occupation_meaning:Assistant Property Master：文化创作、表演、媒体传播或文化产品制作/发行职责	bhht_semantic_batch_3	"[""Culture""]"	bhht_semantic_batch_3	0	Culture	resolved	no_author_rule	no_author_rule		[]		needs_review	deferred	not_reviewed	semantic_review_draft_not_frozen
980	Information Technology Consultant	3	Other	resolved	medium	primary_semantic_adjudication	评估客户信息系统需求并建议实施或支持方案；完整词指IT咨询服务，未明确从事软件研发，按作者consultant及网络支持类比归普通专业服务。	author_role_analogy:consultant/Other; https://www.onetonline.org/link/summary/15-1231.00	primary_semantic_review	"[""Other""]"	primary_semantic_review	1	Discovery/Science	resolved	author_substring	substring_unique_candidate	Other	"[[""Other"",""Worker/Business (small)""]]"		needs_review	deferred	not_reviewed	semantic_review_draft_not_frozen
981	Freelance Writer	3	Culture	resolved	high	agent_semantic_review	自由撰稿人为出版物或客户独立选题、采访、撰写并交付文章、书稿或其他文字作品。	occupation_meaning:自由撰稿人为出版物或客户独立选题、采访、撰写并交付文章、书稿或其他文字作品。	rationale_batch_1	"[""Culture""]"	bhht_semantic_batch_2	0	Culture	resolved	author_substring	substring_unique_candidate	Culture	"[[""Culture"",""Culture-core""]]"	Culture	proposed	deferred	not_reviewed	semantic_review_draft_not_frozen
983	Political writer	3	Culture	resolved	high	primary_semantic_adjudication	撰写政治主题文章或作品，标签表明写作职责而非担任政治职务。	author_role_analogy:writer/Culture	primary_semantic_review	"[""Culture""]"	primary_semantic_review	1	Culture	resolved	author_substring	substring_cross_l1_conflict		"[[""Culture"",""Culture-core""],[""Leadership"",""Politics""]]"	Culture	proposed	deferred	not_reviewed	semantic_review_draft_not_frozen
984	Bouncer	3	Other	resolved	medium	agent_semantic_review	在酒吧或娱乐场所检查入场、维持秩序并处理冲突或拒绝不合规顾客入场。	occupation_meaning:在酒吧或娱乐场所检查入场、维持秩序并处理冲突或拒绝不合规顾客入场。	rationale_batch_2	"[""Other""]"	bhht_semantic_batch_1	0	Other	resolved	no_author_rule	no_author_rule		[]		out_of_scope	deferred	not_reviewed	semantic_review_draft_not_frozen
985	Basketball Analyst	3	Culture	resolved	high	agent_semantic_review	观看并分析篮球比赛数据、战术和球员表现，再通过媒体或报告解释比赛走势。	occupation_meaning:观看并分析篮球比赛数据、战术和球员表现，再通过媒体或报告解释比赛走势。	rationale_batch_3	"[""Culture""]"	bhht_semantic_batch_2	0	Culture	resolved	author_substring	substring_cross_l1_conflict		"[[""Other"",""Worker/Business (small)""],[""Sports/Games"",""Sports/Games""]]"	Culture	proposed	deferred	not_reviewed	semantic_review_draft_not_frozen
986	Helicopter Pilot	3		needs_context	low	agent_semantic_review	A helicopter pilot may fly civilian transport or work missions or serve in a military aviation role; the title gives no service context.	occupation_meaning:Helicopter Pilot：仅凭词项无法确定稳定职业职责	bhht_semantic_batch_3	"[""Leadership"",""Other""]"	bhht_semantic_batch_3	0		needs_context	no_author_rule	no_author_rule		[]		needs_review	deferred	not_reviewed	semantic_review_draft_not_frozen
987	Hypnotist	3		needs_context	low	agent_semantic_review	催眠师可能是舞台表演者、临床催眠治疗从业者或非临床服务者，职责语境未明。	occupation_meaning:催眠表演/治疗多义角色	bhht_semantic_batch_1	"[""Culture"",""Discovery/Science"",""Other""]"	bhht_semantic_batch_1	0		needs_context	no_author_rule	no_author_rule		[]		needs_review	deferred	not_reviewed	semantic_review_draft_not_frozen
988	White-collar worker	3	Other	resolved	high	agent_semantic_review	白领泛指以办公室、行政或专业知识工作为主的雇员群体；该词未说明具体岗位任务。	occupation_meaning:白领泛指以办公室、行政或专业知识工作为主的雇员群体；该词未说明具体岗位任务。	rationale_batch_1	"[""Other""]"	bhht_semantic_batch_2	0	Other	resolved	author_substring	substring_unique_candidate	Other	"[[""Other"",""Worker/Business (small)""]]"		out_of_scope	deferred	not_reviewed	semantic_review_draft_not_frozen
989	Burlesque stripper	3	Culture	resolved	medium	agent_semantic_review	“Burlesque stripper”所指工作核心是提供明确的艺术、媒体或文化产业创作与制作服务，属于文化生产、表演或传播职能，归入Culture。	occupation_meaning:Burlesque stripper：文化创作、表演、媒体传播或文化产品制作/发行职责	bhht_semantic_batch_3	"[""Culture""]"	bhht_semantic_batch_3	0	Culture	resolved	author_substring	substring_unique_candidate	Other	"[[""Other"",""Other""]]"	Culture	proposed	deferred	not_reviewed	semantic_review_draft_not_frozen
990	Fashion Editor	3	Culture	resolved	medium	agent_semantic_review	为时尚媒体策划服饰专题、挑选造型并协调摄影、模特和品牌素材。	occupation_meaning:为时尚媒体策划服饰专题、挑选造型并协调摄影、模特和品牌素材。	rationale_batch_2	"[""Culture""]"	bhht_semantic_batch_1	0	Culture	resolved	author_substring	substring_unique_candidate	Culture	"[[""Culture"",""Culture-periphery""]]"	Culture	proposed	deferred	not_reviewed	semantic_review_draft_not_frozen
991	Angel investor	3	Leadership	resolved	medium	agent_semantic_review	以个人或投资实体资金投资早期企业，并评估创业团队、风险及潜在回报。	occupation_meaning:以个人或投资实体资金投资早期企业，并评估创业团队、风险及潜在回报。	rationale_batch_3	"[""Leadership""]"	bhht_semantic_batch_2	0	Leadership	resolved	author_substring	substring_unique_candidate	Leadership	"[[""Leadership"",""Corporate/Executive/Business (large)""]]"		needs_review	deferred	not_reviewed	semantic_review_draft_not_frozen
992	Parliamentarian	3	Leadership	resolved	high	agent_semantic_review	“Parliamentarian”的职责是参与公共政策、政治组织、外交或社会倡议的决策和协调，对应公共治理、法律/军事/宗教权威或企业金融领导，归入Leadership。	occupation_meaning:Parliamentarian：治理、法律、军职、宗教权威、外交或企业金融管理职责	bhht_semantic_batch_3	"[""Leadership""]"	bhht_semantic_batch_3	0	Leadership	resolved	author_substring	substring_unique_candidate	Leadership	"[[""Leadership"",""Politics""]]"	Leadership	proposed	deferred	not_reviewed	semantic_review_draft_not_frozen
993	Blogger (Website)	3	Culture	resolved	medium	agent_semantic_review	网站博主持续撰写并发布网络文章、评论或其他内容，维护网站栏目并与读者互动。	occupation_meaning:网站博主持续撰写并发布网络文章、评论或其他内容，维护网站栏目并与读者互动。	rationale_batch_1	"[""Culture""]"	bhht_semantic_batch_1	0	Culture	resolved	author_substring	substring_unique_candidate	Culture	"[[""Culture"",""Culture-periphery""]]"	Culture	proposed	deferred	not_reviewed	semantic_review_draft_not_frozen
996	Marine biologist	3	Discovery/Science	resolved	high	agent_semantic_review	研究海洋生物及其栖息环境，通过采样、观察或实验分析生态过程。	occupation_meaning:研究海洋生物及其栖息环境，通过采样、观察或实验分析生态过程。	rationale_batch_2	"[""Discovery/Science""]"	bhht_semantic_batch_2	0	Discovery/Science	resolved	author_substring	substring_cross_l1_conflict		"[[""Discovery/Science"",""Academia""],[""Leadership"",""Military""]]"	Discovery/Science	proposed	deferred	not_reviewed	semantic_review_draft_not_frozen
997	Construction Engineer	3	Discovery/Science	resolved	medium	agent_semantic_review	“Construction Engineer”从事的核心职责是从事专业教学、技术设计开发、测试或学术研究，其工作属于知识发现、学术/医疗或技术开发，归入Discovery/Science。	occupation_meaning:Construction Engineer：科学研究、专业教育、医疗服务或工程技术开发职责	bhht_semantic_batch_3	"[""Discovery/Science""]"	bhht_semantic_batch_3	0	Discovery/Science	resolved	author_substring	substring_cross_l1_conflict		"[[""Discovery/Science"",""Explorer/Inventor/Developer""],[""Leadership"",""Corporate/Executive/Business (large)""]]"	Discovery/Science	proposed	deferred	not_reviewed	semantic_review_draft_not_frozen
998	Set Production Assistant	2	Culture	resolved	medium	agent_semantic_review	片场制作助理为影视拍摄和制作流程提供现场协调与行政支持，职责明确服务于文化产品制作。	occupation_meaning:影视片场制作支持	bhht_semantic_batch_1	"[""Culture""]"	bhht_semantic_batch_1	0	Culture	resolved	no_author_rule	no_author_rule		[]		needs_review	deferred	not_reviewed	semantic_review_draft_not_frozen
1000	Special Effects Designer	2	Culture	resolved	high	agent_semantic_review	为影视或舞台制作设计爆破、机械、环境或视觉特效方案并监督实现。	occupation_meaning:为影视或舞台制作设计爆破、机械、环境或视觉特效方案并监督实现。	rationale_batch_3	"[""Culture""]"	bhht_semantic_batch_2	0	Culture	resolved	author_substring	substring_same_l1_multiple_l2	Culture	"[[""Culture"",""Culture-core""],[""Culture"",""Culture-periphery""]]"	Culture	proposed	deferred	not_reviewed	semantic_review_draft_not_frozen
1002	Wildlife biologist	2	Discovery/Science	resolved	medium	agent_semantic_review	“Wildlife biologist”从事的核心职责是开展该学科的研究、证据分析与知识产出，其工作属于知识发现、学术/医疗或技术开发，归入Discovery/Science。	occupation_meaning:Wildlife biologist：科学研究、专业教育、医疗服务或工程技术开发职责	bhht_semantic_batch_3	"[""Discovery/Science""]"	bhht_semantic_batch_3	0	Discovery/Science	resolved	author_substring	substring_unique_candidate	Discovery/Science	"[[""Discovery/Science"",""Academia""]]"	Discovery/Science	proposed	deferred	not_reviewed	semantic_review_draft_not_frozen
1003	Station master	2	Other	resolved	medium	agent_semantic_review	车站站长监督铁路车站运营、班次与工作人员，协调旅客服务、安全和列车运行信息。	occupation_meaning:车站站长监督铁路车站运营、班次与工作人员，协调旅客服务、安全和列车运行信息。	rationale_batch_1	"[""Other""]"	bhht_semantic_batch_1	0	Other	resolved	no_author_rule	no_author_rule		[]		out_of_scope	deferred	not_reviewed	semantic_review_draft_not_frozen
1004	TV Meteorologist	2	Discovery/Science	resolved	high	agent_semantic_review	分析气象观测和预报模型，并在电视节目中解释天气变化与预警信息。	occupation_meaning:分析气象观测和预报模型，并在电视节目中解释天气变化与预警信息。	rationale_batch_2	"[""Discovery/Science""]"	bhht_semantic_batch_2	0	Discovery/Science	resolved	author_substring	substring_unique_candidate	Discovery/Science	"[[""Discovery/Science"",""Academia""]]"		needs_review	deferred	not_reviewed	semantic_review_draft_not_frozen
1005	Information systems technician	2	Other	resolved	medium	primary_semantic_adjudication	提供电脑设备安装、故障排查和用户支持，核心为技术服务/支持；与软件研发、科学研究职责区分。	https://www.onetonline.org/link/summary/15-1232.00; author_role_analogy:technician/Other	primary_semantic_review	"[""Other""]"	primary_semantic_review	1	Discovery/Science	resolved	author_substring	substring_unique_candidate	Other	"[[""Other"",""Worker/Business (small)""]]"		needs_review	deferred	not_reviewed	semantic_review_draft_not_frozen
1006	Tour manager	2	Culture	resolved	medium	agent_semantic_review	安排巡演日程、交通住宿、预算和演出场地，协调艺人及巡演工作人员。	occupation_meaning:安排巡演日程、交通住宿、预算和演出场地，协调艺人及巡演工作人员。	rationale_batch_3	"[""Culture""]"	bhht_semantic_batch_1	0	Culture	resolved	author_substring	substring_unique_candidate	Leadership	"[[""Leadership"",""Corporate/Executive/Business (large)""]]"		needs_review	deferred	not_reviewed	semantic_review_draft_not_frozen
1007	Alchemist	2	Discovery/Science	resolved	high	agent_semantic_review	炼金术士在历史炼金术传统中试验物质配制、提炼和转化，记录实验并追求特定物质变化。	occupation_meaning:炼金术士在历史炼金术传统中试验物质配制、提炼和转化，记录实验并追求特定物质变化。	rationale_batch_1	"[""Discovery/Science""]"	bhht_semantic_batch_2	0	Discovery/Science	resolved	author_substring	substring_unique_candidate	Discovery/Science	"[[""Discovery/Science"",""Academia""]]"		needs_review	deferred	not_reviewed	semantic_review_draft_not_frozen
1008	Lighting technician	2	Culture	resolved	medium	agent_semantic_review	“Lighting technician”所指工作核心是支持或统筹影视、广播、音乐及其他文化内容的制作、技术实现或发行，属于文化生产、表演或传播职能，归入Culture。	occupation_meaning:Lighting technician：文化创作、表演、媒体传播或文化产品制作/发行职责	bhht_semantic_batch_3	"[""Culture""]"	bhht_semantic_batch_3	0	Culture	resolved	author_substring	substring_unique_candidate	Other	"[[""Other"",""Worker/Business (small)""]]"		out_of_scope	deferred	not_reviewed	semantic_review_draft_not_frozen
1009	Political philosopher	2	Discovery/Science	resolved	high	agent_semantic_review	政治哲学家研究政治观念与制度的思想基础，不是从事政府治理的政治官员。	occupation_meaning:政治思想学术研究	bhht_semantic_batch_1	"[""Discovery/Science""]"	bhht_semantic_batch_1	0	Discovery/Science	resolved	author_substring	substring_cross_l1_conflict		"[[""Discovery/Science"",""Academia""],[""Leadership"",""Politics""]]"	Discovery/Science	proposed	deferred	not_reviewed	semantic_review_draft_not_frozen
1010	Cinematography	2	Culture	resolved	high	agent_semantic_review	Cinematography 是电影摄影工作，负责以摄影机、镜头和光线实现影片画面表达，属于影视制作。	occupation_meaning:Cinematography 是电影摄影工作，负责以摄影机、镜头和光线实现影片画面表达，属于影视制作。; author_role_analogy:author L1 Culture	bhht_semantic_batch_2	"[""Culture""]"	bhht_semantic_batch_2	0	Culture	resolved	author_substring	substring_unique_candidate	Culture	"[[""Culture"",""Culture-core""]]"		needs_review	deferred	not_reviewed	semantic_review_draft_not_frozen
1011	Aeronautical Engineer	2	Discovery/Science	resolved	medium	agent_semantic_review	“Aeronautical Engineer”从事的核心职责是从事专业教学、技术设计开发、测试或学术研究，其工作属于知识发现、学术/医疗或技术开发，归入Discovery/Science。	occupation_meaning:Aeronautical Engineer：科学研究、专业教育、医疗服务或工程技术开发职责	bhht_semantic_batch_3	"[""Discovery/Science""]"	bhht_semantic_batch_3	0	Discovery/Science	resolved	author_substring	substring_same_l1_multiple_l2	Discovery/Science	"[[""Discovery/Science"",""Academia""],[""Discovery/Science"",""Explorer/Inventor/Developer""]]"	Discovery/Science	proposed	deferred	not_reviewed	semantic_review_draft_not_frozen
1012	Literary executor	2	Culture	resolved	medium	agent_semantic_review	执行作家遗嘱中有关手稿、版权和文学遗产的安排，管理作品授权及档案事务。	occupation_meaning:执行作家遗嘱中有关手稿、版权和文学遗产的安排，管理作品授权及档案事务。	rationale_batch_2	"[""Culture""]"	bhht_semantic_batch_1	0	Culture	resolved	author_substring	substring_unique_candidate	Culture	"[[""Culture"",""Culture-core""]]"		needs_review	deferred	not_reviewed	semantic_review_draft_not_frozen
1013	Digital Artist	2	Culture	resolved	high	agent_semantic_review	使用数字绘画、建模、影像或交互媒介创作视觉艺术作品。	occupation_meaning:使用数字绘画、建模、影像或交互媒介创作视觉艺术作品。	rationale_batch_3	"[""Culture""]"	bhht_semantic_batch_2	0	Culture	resolved	author_substring	substring_unique_candidate	Culture	"[[""Culture"",""Culture-core""]]"	Culture	proposed	deferred	not_reviewed	semantic_review_draft_not_frozen
1014	Pro-life activist	2	Leadership	resolved	high	agent_semantic_review	“Pro-life activist”的职责是参与公共政策、政治组织、外交或社会倡议的决策和协调，对应公共治理、法律/军事/宗教权威或企业金融领导，归入Leadership。	occupation_meaning:Pro-life activist：治理、法律、军职、宗教权威、外交或企业金融管理职责	bhht_semantic_batch_3	"[""Leadership""]"	bhht_semantic_batch_3	0	Leadership	resolved	author_substring	substring_unique_candidate	Leadership	"[[""Leadership"",""Politics""]]"		needs_review	deferred	not_reviewed	semantic_review_draft_not_frozen
1015	Set Dresser	2	Culture	resolved	medium	agent_semantic_review	布景摆设师按美术设计摆放家具、道具和陈设，整理拍摄现场，使布景符合时代和剧情要求。	occupation_meaning:布景摆设师按美术设计摆放家具、道具和陈设，整理拍摄现场，使布景符合时代和剧情要求。	rationale_batch_1	"[""Culture""]"	bhht_semantic_batch_1	0	Culture	resolved	no_author_rule	no_author_rule		[]	Culture	proposed	deferred	not_reviewed	semantic_review_draft_not_frozen
1016	Registrar	2		needs_context	low	agent_semantic_review	Registrar 可指学校、法院、医疗机构或其他组织中的登记/行政岗位，缺少机构语境，无法确定 L1。	occupation_meaning:原值只给出泛称、资格、身份或无法确认的文本，需补充具体职责/语境。	bhht_semantic_batch_2	"[""Discovery/Science"",""Leadership"",""Other""]"	bhht_semantic_batch_2	0		needs_context	no_author_rule	no_author_rule		[]		needs_review	deferred	not_reviewed	semantic_review_draft_not_frozen
1017	Plus-size model	2	Culture	resolved	medium	agent_semantic_review	“Plus-size model”所指工作核心是提供明确的艺术、媒体或文化产业创作与制作服务，属于文化生产、表演或传播职能，归入Culture。	occupation_meaning:Plus-size model：文化创作、表演、媒体传播或文化产品制作/发行职责	bhht_semantic_batch_3	"[""Culture""]"	bhht_semantic_batch_3	0	Culture	resolved	author_substring	substring_unique_candidate	Culture	"[[""Culture"",""Culture-periphery""]]"	Culture	proposed	deferred	not_reviewed	semantic_review_draft_not_frozen
1018	Commissar	2	Leadership	resolved	medium	agent_semantic_review	在军队或政府机构担任政党/国家政治代表，监督政治工作、纪律或行政执行。	https://www.dia.mil/FOIA/FOIA-Electronic-Reading-Room/FileId/238095/	rationale_batch_2	"[""Leadership""]"	bhht_semantic_batch_1	0	Leadership	resolved	no_author_rule	no_author_rule		[]	Leadership	proposed	deferred	not_reviewed	semantic_review_draft_not_frozen
1019	Music criticism	2	Culture	resolved	high	agent_semantic_review	Music criticism 通过评论和分析音乐作品向读者/听众传播文化评价，属于文化写作。	occupation_meaning:Music criticism 通过评论和分析音乐作品向读者/听众传播文化评价，属于文化写作。; author_role_analogy:author L1 Culture	bhht_semantic_batch_2	"[""Culture""]"	bhht_semantic_batch_2	0	Culture	resolved	author_substring	substring_same_l1_multiple_l2	Culture	"[[""Culture"",""Culture-core""],[""Culture"",""Culture-periphery""]]"		needs_review	deferred	not_reviewed	semantic_review_draft_not_frozen
1020	Sound Effects Editor	2	Culture	resolved	medium	agent_semantic_review	“Sound Effects Editor”所指工作核心是采访、撰写、编辑、评论或向公众传播文化/媒体内容，属于文化生产、表演或传播职能，归入Culture。	occupation_meaning:Sound Effects Editor：文化创作、表演、媒体传播或文化产品制作/发行职责	bhht_semantic_batch_3	"[""Culture""]"	bhht_semantic_batch_3	0	Culture	resolved	author_substring	substring_unique_candidate	Culture	"[[""Culture"",""Culture-periphery""]]"	Culture	proposed	deferred	not_reviewed	semantic_review_draft_not_frozen
1021	Court reporter	2	Culture	resolved	medium	agent_semantic_review	以速记或录音转写方式逐字记录庭审、证词和其他司法程序。	occupation_meaning:以速记或录音转写方式逐字记录庭审、证词和其他司法程序。	rationale_batch_3	"[""Culture""]"	bhht_semantic_batch_1	0	Culture	resolved	author_substring	substring_unique_candidate	Culture	"[[""Culture"",""Culture-periphery""]]"		needs_review	deferred	not_reviewed	semantic_review_draft_not_frozen
1022	People's Artist of Ukraine	2	Culture	resolved	high	agent_semantic_review	“乌克兰人民艺术家”是授予艺术贡献者的荣誉称号，可能授予演员、歌手、导演、作曲家或视觉艺术家等，不指定具体工种。	https://www.president.gov.ua/documents/4762001-345	rationale_batch_1	"[""Culture""]"	bhht_semantic_batch_2	0	Culture	resolved	author_substring	substring_unique_candidate	Culture	"[[""Culture"",""Culture-core""]]"		needs_review	deferred	not_reviewed	semantic_review_draft_not_frozen
1023	Human computer	2	Discovery/Science	resolved	high	agent_semantic_review	A human computer performed mathematical calculations by hand, including trajectory calculations for aerospace missions; this is a technical/scientific occupation, not a generic person-machine interface label.	https://www.nasa.gov/centers-and-facilities/jpl/when-computers-were-human	bhht_semantic_batch_3	"[""Discovery/Science""]"	bhht_semantic_batch_3	0	Discovery/Science	resolved	no_author_rule	no_author_rule		[]		out_of_scope	deferred	not_reviewed	semantic_review_draft_not_frozen
1024	Sex Educator	2	Discovery/Science	resolved	medium	agent_semantic_review	教授生殖健康、性健康、关系与同意等知识，回答学习者问题并提供适龄教育材料。	occupation_meaning:教授生殖健康、性健康、关系与同意等知识，回答学习者问题并提供适龄教育材料。	rationale_batch_2	"[""Discovery/Science""]"	bhht_semantic_batch_1	0	Discovery/Science	resolved	author_substring	substring_unique_candidate	Discovery/Science	"[[""Discovery/Science"",""Academia""]]"	Discovery/Science	proposed	deferred	not_reviewed	semantic_review_draft_not_frozen
1025	Partisan	2		needs_context	low	agent_semantic_review	可指党派支持者，也可指武装抵抗组织成员，两种含义的实际职责和类别不同。	occupation_meaning:原值只给出泛称、资格、身份或无法确认的文本，需补充具体职责/语境。	bhht_semantic_batch_2	"[""Leadership"",""Other""]"	bhht_semantic_batch_2	0		needs_context	no_author_rule	no_author_rule		[]		needs_review	deferred	not_reviewed	semantic_review_draft_not_frozen
1026	Army officer (retired)	2	Leadership	resolved	high	agent_semantic_review	“Army officer (retired)”的职责是在军队或公共安全体系履行指挥、军职或执法责任，对应公共治理、法律/军事/宗教权威或企业金融领导，归入Leadership。	occupation_meaning:Army officer (retired)：治理、法律、军职、宗教权威、外交或企业金融管理职责	bhht_semantic_batch_3	"[""Leadership""]"	bhht_semantic_batch_3	0	Leadership	resolved	author_substring	substring_unique_candidate	Leadership	"[[""Leadership"",""Military""]]"	Leadership	proposed	deferred	not_reviewed	semantic_review_draft_not_frozen
1027	Floral Designer	2	Culture	resolved	medium	agent_semantic_review	选配花材并制作花束、桌花或活动花艺布置。	occupation_meaning:选配花材并制作花束、桌花或活动花艺布置。	rationale_batch_3	"[""Culture""]"	bhht_semantic_batch_1	0	Culture	resolved	author_substring	substring_unique_candidate	Culture	"[[""Culture"",""Culture-periphery""]]"	Culture	proposed	deferred	not_reviewed	semantic_review_draft_not_frozen
1028	Public figure	2		needs_context	low	agent_semantic_review	这是公众知名度/身份描述，不说明其职业职能，可能覆盖多个真实 L1。	occupation_meaning:原值只给出泛称、资格、身份或无法确认的文本，需补充具体职责/语境。	bhht_semantic_batch_2	"[""Culture"",""Leadership"",""Sports/Games"",""Other""]"	bhht_semantic_batch_2	0		needs_context	no_author_rule	no_author_rule		[]		out_of_scope	deferred	not_reviewed	semantic_review_draft_not_frozen
1029	Etymologist	2	Discovery/Science	resolved	medium	agent_semantic_review	“Etymologist”从事的核心职责是开展该学科的研究、证据分析与知识产出，其工作属于知识发现、学术/医疗或技术开发，归入Discovery/Science。	occupation_meaning:Etymologist：科学研究、专业教育、医疗服务或工程技术开发职责	bhht_semantic_batch_3	"[""Discovery/Science""]"	bhht_semantic_batch_3	0	Discovery/Science	resolved	no_author_rule	no_author_rule		[]	Discovery/Science	proposed	deferred	not_reviewed	semantic_review_draft_not_frozen
1030	Kannushi	2	Leadership	resolved	high	agent_semantic_review	Kannushi是神道神社神职人员，负责祭祀仪式与神社礼拜，属于宗教权威/宗教职务。	https://www.si.edu/object/bulletin-united-states-national-museum-148-1929%3Anmah_10040	bhht_semantic_batch_1	"[""Leadership""]"	bhht_semantic_batch_1	0	Leadership	resolved	no_author_rule	no_author_rule		[]	Leadership	proposed	deferred	not_reviewed	semantic_review_draft_not_frozen
1031	Jazz Artist/Singer	2	Culture	resolved	high	agent_semantic_review	爵士歌手/艺术家演唱爵士曲目，进行即兴诠释，并在音乐会、录音或广播中呈现作品。	occupation_meaning:爵士歌手/艺术家演唱爵士曲目，进行即兴诠释，并在音乐会、录音或广播中呈现作品。	rationale_batch_1	"[""Culture""]"	bhht_semantic_batch_2	0	Culture	resolved	author_substring	substring_unique_candidate	Culture	"[[""Culture"",""Culture-core""]]"	Culture	proposed	deferred	not_reviewed	semantic_review_draft_not_frozen
1032	Server	2	Other	resolved	medium	agent_semantic_review	“Server”是承担明确的日常服务、普通职业劳动或小规模经营职责的职业称谓，不属于艺术文化、科学技术、公共权力或竞技体育领域，归入Other。	occupation_meaning:Server：明确的日常服务、一般劳动或小规模商业经营职责	bhht_semantic_batch_3	"[""Other""]"	bhht_semantic_batch_3	0	Other	resolved	no_author_rule	no_author_rule		[]		out_of_scope	deferred	not_reviewed	semantic_review_draft_not_frozen
1033	Search engine technology	2		needs_context	low	agent_semantic_review	搜索引擎技术是技术领域而非明确职业名称。	occupation_meaning:技术领域名	bhht_semantic_batch_1	"[""Discovery/Science""]"	bhht_semantic_batch_1	0		needs_context	no_author_rule	no_author_rule		[]		out_of_scope	deferred	not_reviewed	semantic_review_draft_not_frozen
1034	Film Journalist	2	Culture	resolved	high	agent_semantic_review	采访电影从业者、报道电影产业新闻并撰写影评或电影专题。	occupation_meaning:采访电影从业者、报道电影产业新闻并撰写影评或电影专题。	rationale_batch_2	"[""Culture""]"	bhht_semantic_batch_2	0	Culture	resolved	author_substring	substring_same_l1_multiple_l2	Culture	"[[""Culture"",""Culture-core""],[""Culture"",""Culture-periphery""]]"	Culture	proposed	deferred	not_reviewed	semantic_review_draft_not_frozen
1035	Dental assistant	2	Discovery/Science	resolved	medium	agent_semantic_review	“Dental assistant”从事的核心职责是运用医学专业知识提供诊断、治疗、护理或健康服务，其工作属于知识发现、学术/医疗或技术开发，归入Discovery/Science。	occupation_meaning:Dental assistant：科学研究、专业教育、医疗服务或工程技术开发职责	bhht_semantic_batch_3	"[""Discovery/Science""]"	bhht_semantic_batch_3	0	Discovery/Science	resolved	no_author_rule	no_author_rule		[]		needs_review	deferred	not_reviewed	semantic_review_draft_not_frozen
1036	Visionary	2		needs_context	low	agent_semantic_review	“Visionary”可指愿景型人物、思想者或自我描述，并非明确职业职责。	occupation_meaning:多义身份词	bhht_semantic_batch_1	[]	bhht_semantic_batch_1	0		needs_context	no_author_rule	no_author_rule		[]		needs_review	deferred	not_reviewed	semantic_review_draft_not_frozen
1040	Greengrocer	2	Other	resolved	high	agent_semantic_review	采购并销售蔬菜水果，整理商品、称重计价并服务顾客。	occupation_meaning:采购并销售蔬菜水果，整理商品、称重计价并服务顾客。	rationale_batch_3	"[""Other""]"	bhht_semantic_batch_2	0	Other	resolved	author_substring	substring_unique_candidate	Other	"[[""Other"",""Worker/Business (small)""]]"		needs_review	deferred	not_reviewed	semantic_review_draft_not_frozen
1041	Volcanologist	2	Discovery/Science	resolved	medium	agent_semantic_review	“Volcanologist”从事的核心职责是以专门科学知识、学术研究、医疗服务或工程技术为主要职责，其工作属于知识发现、学术/医疗或技术开发，归入Discovery/Science。	occupation_meaning:Volcanologist：科学研究、专业教育、医疗服务或工程技术开发职责	bhht_semantic_batch_3	"[""Discovery/Science""]"	bhht_semantic_batch_3	0	Discovery/Science	resolved	no_author_rule	no_author_rule		[]	Discovery/Science	proposed	deferred	not_reviewed	semantic_review_draft_not_frozen
1042	Cardiac surgeon	2	Discovery/Science	resolved	high	agent_semantic_review	心脏外科医生评估心脏及大血管疾病并实施外科手术，术前术后管理患者恢复。	occupation_meaning:心脏外科医生评估心脏及大血管疾病并实施外科手术，术前术后管理患者恢复。	rationale_batch_1	"[""Discovery/Science""]"	bhht_semantic_batch_1	0	Discovery/Science	resolved	author_substring	substring_unique_candidate	Discovery/Science	"[[""Discovery/Science"",""Academia""]]"	Discovery/Science	proposed	deferred	not_reviewed	semantic_review_draft_not_frozen
1043	Art Conservator	2	Culture	resolved	high	agent_semantic_review	检查艺术品材料和损坏状况，清洁、加固并制定保护修复方案以延缓劣化。	occupation_meaning:检查艺术品材料和损坏状况，清洁、加固并制定保护修复方案以延缓劣化。	rationale_batch_2	"[""Culture""]"	bhht_semantic_batch_2	0	Culture	resolved	no_author_rule	no_author_rule		[]	Culture	proposed	deferred	not_reviewed	semantic_review_draft_not_frozen
1045	Quantitative analyst	2	Other	resolved	medium	primary_semantic_adjudication	利用数学及统计模型开展金融数据分析和风险评估；按作者analyst服务职能，不将金融题材或数学工具等同企业领导。	author_role_analogy:analyst/Worker-Business-small; occupation_meaning:定量金融分析	primary_semantic_review	"[""Other""]"	primary_semantic_review	1	Leadership	resolved	author_substring	substring_unique_candidate	Other	"[[""Other"",""Worker/Business (small)""]]"	Discovery/Science	proposed	deferred	not_reviewed	semantic_review_draft_not_frozen
1046	Confidence artist	2	Other	resolved	medium	agent_semantic_review	通过假身份、虚假承诺或欺骗性故事骗取他人钱财或财物。	occupation_meaning:通过假身份、虚假承诺或欺骗性故事骗取他人钱财或财物。	rationale_batch_3	"[""Other""]"	bhht_semantic_batch_1	0	Other	resolved	author_substring	substring_unique_candidate	Culture	"[[""Culture"",""Culture-core""]]"		out_of_scope	deferred	not_reviewed	semantic_review_draft_not_frozen
1047	Methodist minister	2	Leadership	resolved	high	agent_semantic_review	Faqīh 是伊斯兰法学专家/法学家，作为宗教法律权威归入 Leadership。	https://www.sloughislamictrust.org.uk/dictionary/meaning/jurist-expert/	bhht_semantic_batch_2	"[""Leadership""]"	bhht_semantic_batch_2	0	Leadership	resolved	author_substring	substring_unique_candidate	Leadership	"[[""Leadership"",""Politics""]]"	Leadership	proposed	deferred	not_reviewed	semantic_review_draft_not_frozen
1048	Pitchman	2	Other	resolved	medium	agent_semantic_review	“Pitchman”是承担明确的日常服务、普通职业劳动或小规模经营职责的职业称谓，不属于艺术文化、科学技术、公共权力或竞技体育领域，归入Other。	occupation_meaning:Pitchman：明确的日常服务、一般劳动或小规模商业经营职责	bhht_semantic_batch_3	"[""Other""]"	bhht_semantic_batch_3	0	Other	resolved	no_author_rule	no_author_rule		[]		needs_review	deferred	not_reviewed	semantic_review_draft_not_frozen
1050	Sports Columnist	2	Culture	resolved	high	agent_semantic_review	体育专栏作者撰写赛事评论并向读者传播观点，职业核心是新闻出版写作；题材为体育不改变媒体职业本身。	occupation_meaning:体育新闻评论写作	bhht_semantic_batch_1	"[""Culture""]"	bhht_semantic_batch_1	0	Culture	resolved	author_substring	substring_cross_l1_conflict		"[[""Culture"",""Culture-periphery""],[""Sports/Games"",""Sports/Games""]]"	Culture	proposed	deferred	not_reviewed	semantic_review_draft_not_frozen
1052	Lineman	2		needs_context	low	agent_semantic_review	Lineman 可指美式足球位置，也可指电力/通信线路工，语境缺失会导致不同 L1。	occupation_meaning:原值只给出泛称、资格、身份或无法确认的文本，需补充具体职责/语境。	bhht_semantic_batch_2	"[""Sports/Games"",""Other""]"	bhht_semantic_batch_2	0		needs_context	no_author_rule	no_author_rule		[]		needs_review	deferred	not_reviewed	semantic_review_draft_not_frozen
1053	Medical Doctor	2	Discovery/Science	resolved	medium	agent_semantic_review	“Medical Doctor”从事的核心职责是运用医学专业知识提供诊断、治疗、护理或健康服务，其工作属于知识发现、学术/医疗或技术开发，归入Discovery/Science。	occupation_meaning:Medical Doctor：科学研究、专业教育、医疗服务或工程技术开发职责	bhht_semantic_batch_3	"[""Discovery/Science""]"	bhht_semantic_batch_3	0	Discovery/Science	resolved	author_substring	substring_unique_candidate	Discovery/Science	"[[""Discovery/Science"",""Academia""]]"	Discovery/Science	proposed	deferred	not_reviewed	semantic_review_draft_not_frozen
1054	Lacrosse Player	2	Sports/Games	resolved	medium	agent_semantic_review	长曲棍球运动员参加训练和比赛，运球、传球、射门并与队友配合争取得分。	occupation_meaning:长曲棍球运动员参加训练和比赛，运球、传球、射门并与队友配合争取得分。	rationale_batch_1	"[""Sports/Games""]"	bhht_semantic_batch_1	0	Sports/Games	resolved	author_substring	substring_unique_candidate	Sports/Games	"[[""Sports/Games"",""Sports/Games""]]"	Sports/Games	proposed	deferred	not_reviewed	semantic_review_draft_not_frozen
1056	Biblical Scholar	2	Discovery/Science	resolved	high	agent_semantic_review	研究圣经文本的语言、历史背景和解释传统，并发表学术成果。	occupation_meaning:研究圣经文本的语言、历史背景和解释传统，并发表学术成果。	rationale_batch_2	"[""Discovery/Science""]"	bhht_semantic_batch_2	0	Discovery/Science	resolved	author_substring	substring_cross_l1_conflict		"[[""Discovery/Science"",""Academia""],[""Leadership"",""Religious""]]"	Discovery/Science	proposed	deferred	not_reviewed	semantic_review_draft_not_frozen
1057	Nature Photographer	2	Culture	resolved	high	primary_semantic_adjudication	摄影师创作自然题材影像，题材自然不等同从事自然科学研究。	author_role_analogy:photographer/Culture	primary_semantic_review	"[""Culture""]"	primary_semantic_review	1	Culture	resolved	author_substring	substring_unique_candidate	Culture	"[[""Culture"",""Culture-core""]]"	Culture	proposed	deferred	not_reviewed	semantic_review_draft_not_frozen
1060	Athletic trainer	2	Sports/Games	resolved	medium	agent_semantic_review	评估运动员伤病风险，制定预防和康复训练，并在训练或比赛中提供急救支持。	occupation_meaning:评估运动员伤病风险，制定预防和康复训练，并在训练或比赛中提供急救支持。	rationale_batch_3	"[""Sports/Games""]"	bhht_semantic_batch_1	0	Sports/Games	resolved	author_substring	substring_unique_candidate	Sports/Games	"[[""Sports/Games"",""Sports/Games""]]"		needs_review	deferred	not_reviewed	semantic_review_draft_not_frozen
1063	Legal Scholar	2	Discovery/Science	resolved	high	agent_semantic_review	法律学者研究法律制度、判例和法律理论，发表学术论著或讲授法律课程。	occupation_meaning:法律学者研究法律制度、判例和法律理论，发表学术论著或讲授法律课程。	rationale_batch_1	"[""Discovery/Science""]"	bhht_semantic_batch_2	0	Discovery/Science	resolved	author_substring	substring_unique_candidate	Discovery/Science	"[[""Discovery/Science"",""Academia""]]"	Discovery/Science	proposed	deferred	not_reviewed	semantic_review_draft_not_frozen
1064	Occupational Therapist	2	Discovery/Science	resolved	medium	agent_semantic_review	“Occupational Therapist”从事的核心职责是运用医学专业知识提供诊断、治疗、护理或健康服务，其工作属于知识发现、学术/医疗或技术开发，归入Discovery/Science。	occupation_meaning:Occupational Therapist：科学研究、专业教育、医疗服务或工程技术开发职责	bhht_semantic_batch_3	"[""Discovery/Science""]"	bhht_semantic_batch_3	0	Discovery/Science	resolved	author_substring	substring_unique_candidate	Discovery/Science	"[[""Discovery/Science"",""Academia""]]"	Discovery/Science	proposed	deferred	not_reviewed	semantic_review_draft_not_frozen
1066	Dog trainer	2	Other	resolved	medium	agent_semantic_review	训练犬只服从指令或完成日常行为训练，未指明竞技项目，属一般动物训练服务。	occupation_meaning:犬只行为训练服务	bhht_semantic_batch_1	"[""Other""]"	bhht_semantic_batch_1	0	Other	resolved	author_substring	substring_unique_candidate	Sports/Games	"[[""Sports/Games"",""Sports/Games""]]"		needs_review	deferred	not_reviewed	semantic_review_draft_not_frozen
1067	Shepherd	2	Other	resolved	high	agent_semantic_review	照料并放牧羊群，带领牲畜觅食、保护其安全并协助繁育。	occupation_meaning:照料并放牧羊群，带领牲畜觅食、保护其安全并协助繁育。	rationale_batch_2	"[""Other""]"	bhht_semantic_batch_2	0	Other	resolved	no_author_rule	no_author_rule		[]		out_of_scope	deferred	not_reviewed	semantic_review_draft_not_frozen
1068	Criminal (Profession) #15	2	Other	resolved	medium	agent_semantic_review	“Criminal (Profession) #15”是承担明确的日常服务、普通职业劳动或小规模经营职责的职业称谓，不属于艺术文化、科学技术、公共权力或竞技体育领域，归入Other。 词项中的编号及/或“(Profession)”是数据库区分标记，不改变该职业的职责含义。	occupation_meaning:Criminal (Profession) #15：明确的日常服务、一般劳动或小规模商业经营职责	bhht_semantic_batch_3	"[""Other""]"	bhht_semantic_batch_3	0	Other	resolved	author_substring	substring_unique_candidate	Other	"[[""Other"",""Other""]]"		out_of_scope	deferred	not_reviewed	semantic_review_draft_not_frozen
1069	Labor Union Leader	2	Leadership	resolved	medium	agent_semantic_review	代表工会成员谈判劳动条件、组织工会事务并协调集体行动。	occupation_meaning:代表工会成员谈判劳动条件、组织工会事务并协调集体行动。	rationale_batch_3	"[""Leadership""]"	bhht_semantic_batch_1	0	Leadership	resolved	no_author_rule	no_author_rule		[]	Leadership	proposed	deferred	not_reviewed	semantic_review_draft_not_frozen
1070	Semantic Web	2		needs_context	low	agent_semantic_review	这是技术领域名称而非明确岗位；缺少从事研究、开发或倡议等职责信息。	occupation_meaning:原值只给出泛称、资格、身份或无法确认的文本，需补充具体职责/语境。	bhht_semantic_batch_2	[]	bhht_semantic_batch_2	0		needs_context	no_author_rule	no_author_rule		[]		needs_review	deferred	not_reviewed	semantic_review_draft_not_frozen
1071	Radio DJ	2	Culture	resolved	medium	agent_semantic_review	“Radio DJ”所指工作核心是创作或呈现艺术作品/现场表演，职业产出面向文化受众，属于文化生产、表演或传播职能，归入Culture。	occupation_meaning:Radio DJ：文化创作、表演、媒体传播或文化产品制作/发行职责	bhht_semantic_batch_3	"[""Culture""]"	bhht_semantic_batch_3	0	Culture	resolved	author_substring	substring_unique_candidate	Culture	"[[""Culture"",""Culture-periphery""]]"	Culture	proposed	deferred	not_reviewed	semantic_review_draft_not_frozen
1072	Defense policy analyst	2	Leadership	resolved	medium	agent_semantic_review	国防政策分析师评估军事能力、预算和安全政策方案，为政府或决策者提供分析建议。	occupation_meaning:国防政策分析师评估军事能力、预算和安全政策方案，为政府或决策者提供分析建议。	rationale_batch_1	"[""Leadership""]"	bhht_semantic_batch_1	0	Leadership	resolved	author_substring	substring_unique_candidate	Other	"[[""Other"",""Worker/Business (small)""]]"	Leadership	proposed	deferred	not_reviewed	semantic_review_draft_not_frozen
1073	Gamekeeper	2	Other	resolved	high	agent_semantic_review	管理猎场或野生动物栖地，巡查非法捕猎并维护猎物种群和场地。	occupation_meaning:管理猎场或野生动物栖地，巡查非法捕猎并维护猎物种群和场地。	rationale_batch_2	"[""Other""]"	bhht_semantic_batch_2	0	Other	resolved	author_substring	substring_unique_candidate	Sports/Games	"[[""Sports/Games"",""Sports/Games""]]"		out_of_scope	deferred	not_reviewed	semantic_review_draft_not_frozen
1074	News director	2	Culture	resolved	medium	agent_semantic_review	“News director”所指工作核心是支持或统筹影视、广播、音乐及其他文化内容的制作、技术实现或发行，属于文化生产、表演或传播职能，归入Culture。	occupation_meaning:News director：文化创作、表演、媒体传播或文化产品制作/发行职责	bhht_semantic_batch_3	"[""Culture""]"	bhht_semantic_batch_3	0	Culture	resolved	no_author_rule	no_author_rule		[]	Culture	proposed	deferred	not_reviewed	semantic_review_draft_not_frozen
1075	Glovemaker	2	Other	resolved	medium	agent_semantic_review	裁剪和缝制皮革、布料或其他材料，制作手套并完成尺寸与边缘加工。	occupation_meaning:裁剪和缝制皮革、布料或其他材料，制作手套并完成尺寸与边缘加工。	rationale_batch_3	"[""Other""]"	bhht_semantic_batch_1	0	Other	resolved	no_author_rule	no_author_rule		[]		out_of_scope	deferred	not_reviewed	semantic_review_draft_not_frozen
1076	Fashion entrepreneur	2	Leadership	resolved	medium	agent_semantic_review	Fashion entrepreneur 创办或经营时尚企业，核心职责是经营商业项目；“fashion”说明行业，不足以把企业创业职能改判为文化制作。	occupation_meaning:Fashion entrepreneur 创办或经营时尚企业，核心职责是经营商业项目；“fashion”说明行业，不足以把企业创业职能改判为文化制作。; author_role_analogy:author L1 Leadership	bhht_semantic_batch_2	"[""Leadership""]"	bhht_semantic_batch_2	0	Leadership	resolved	author_substring	substring_unique_candidate	Leadership	"[[""Leadership"",""Corporate/Executive/Business (large)""]]"	Leadership	proposed	deferred	not_reviewed	semantic_review_draft_not_frozen
1077	Software Tester	2	Discovery/Science	resolved	medium	agent_semantic_review	“Software Tester”从事的核心职责是从事专业教学、技术设计开发、测试或学术研究，其工作属于知识发现、学术/医疗或技术开发，归入Discovery/Science。	occupation_meaning:Software Tester：科学研究、专业教育、医疗服务或工程技术开发职责	bhht_semantic_batch_3	"[""Discovery/Science""]"	bhht_semantic_batch_3	0	Discovery/Science	resolved	no_author_rule	no_author_rule		[]	Discovery/Science	proposed	deferred	not_reviewed	semantic_review_draft_not_frozen
1078	Conservation	2		needs_context	low	agent_semantic_review	自然保护是活动/领域名称，没有明确职业或岗位职责。	occupation_meaning:非岗位领域词	bhht_semantic_batch_1	"[""Discovery/Science"",""Other""]"	bhht_semantic_batch_1	0		needs_context	no_author_rule	no_author_rule		[]		needs_review	deferred	not_reviewed	semantic_review_draft_not_frozen
1080	Managing Director	2	Leadership	resolved	medium	agent_semantic_review	董事总经理负责企业整体运营和战略执行，协调部门负责人并对经营结果承担管理责任。	occupation_meaning:董事总经理负责企业整体运营和战略执行，协调部门负责人并对经营结果承担管理责任。	rationale_batch_1	"[""Leadership""]"	bhht_semantic_batch_2	0	Leadership	resolved	no_author_rule	no_author_rule		[]	Leadership	proposed	deferred	not_reviewed	semantic_review_draft_not_frozen
1081	Executive Management	2	Leadership	resolved	high	agent_semantic_review	“Executive Management”的职责是承担机构治理、金融资本配置、商业经营管理或政治公共事务职责，对应公共治理、法律/军事/宗教权威或企业金融领导，归入Leadership。	occupation_meaning:Executive Management：治理、法律、军职、宗教权威、外交或企业金融管理职责	bhht_semantic_batch_3	"[""Leadership""]"	bhht_semantic_batch_3	0	Leadership	resolved	author_substring	substring_unique_candidate	Leadership	"[[""Leadership"",""Corporate/Executive/Business (large)""]]"		needs_review	deferred	not_reviewed	semantic_review_draft_not_frozen
1082	Emergency medical technician	2	Discovery/Science	resolved	medium	agent_semantic_review	在急救现场评估伤病、实施基础生命支持并将患者安全转运至医疗机构。	occupation_meaning:在急救现场评估伤病、实施基础生命支持并将患者安全转运至医疗机构。	rationale_batch_2	"[""Discovery/Science""]"	bhht_semantic_batch_1	0	Discovery/Science	resolved	author_substring	substring_cross_l1_conflict		"[[""Discovery/Science"",""Academia""],[""Other"",""Worker/Business (small)""]]"	Discovery/Science	proposed	deferred	not_reviewed	semantic_review_draft_not_frozen
1083	Political campaigner	2	Leadership	resolved	high	agent_semantic_review	组织政治候选人或政策的宣传、筹款、选民联络及竞选活动。	occupation_meaning:组织政治候选人或政策的宣传、筹款、选民联络及竞选活动。	rationale_batch_3	"[""Leadership""]"	bhht_semantic_batch_2	0	Leadership	resolved	author_substring	substring_unique_candidate	Leadership	"[[""Leadership"",""Politics""]]"	Leadership	proposed	deferred	not_reviewed	semantic_review_draft_not_frozen
1084	Shop Owner	2	Other	resolved	medium	agent_semantic_review	“Shop Owner”是提供标题所指的日常服务、运输、维修、照护、手工业或一般商业服务的职业称谓，不属于艺术文化、科学技术、公共权力或竞技体育领域，归入Other。	occupation_meaning:Shop Owner：明确的日常服务、一般劳动或小规模商业经营职责	bhht_semantic_batch_3	"[""Other""]"	bhht_semantic_batch_3	0	Other	resolved	no_author_rule	no_author_rule		[]		out_of_scope	deferred	not_reviewed	semantic_review_draft_not_frozen
1085	Environmental health officer	2	Discovery/Science	resolved	medium	agent_semantic_review	环境卫生官员检查食品、住房、工作场所和公共环境中的卫生风险，要求整改并执行相关公共卫生规范。	occupation_meaning:环境卫生官员检查食品、住房、工作场所和公共环境中的卫生风险，要求整改并执行相关公共卫生规范。	rationale_batch_1	"[""Discovery/Science""]"	bhht_semantic_batch_1	0	Discovery/Science	resolved	author_substring	substring_unique_candidate	Leadership	"[[""Leadership"",""Military""]]"	Discovery/Science	proposed	deferred	not_reviewed	semantic_review_draft_not_frozen
1086	Television executive producer	2	Culture	resolved	medium	agent_semantic_review	决定电视节目项目方向、预算和关键人员，并监督制作、交付及发行。	occupation_meaning:决定电视节目项目方向、预算和关键人员，并监督制作、交付及发行。	rationale_batch_2	"[""Culture""]"	bhht_semantic_batch_2	0	Culture	resolved	author_substring	substring_cross_l1_conflict		"[[""Culture"",""Culture-core""],[""Culture"",""Culture-periphery""],[""Leadership"",""Corporate/Executive/Business (large)""]]"	Culture	proposed	deferred	not_reviewed	semantic_review_draft_not_frozen
1087	Fetish model	2	Culture	resolved	medium	agent_semantic_review	“Fetish model”所指工作核心是提供明确的艺术、媒体或文化产业创作与制作服务，属于文化生产、表演或传播职能，归入Culture。	occupation_meaning:Fetish model：文化创作、表演、媒体传播或文化产品制作/发行职责	bhht_semantic_batch_3	"[""Culture""]"	bhht_semantic_batch_3	0	Culture	resolved	author_substring	substring_unique_candidate	Culture	"[[""Culture"",""Culture-periphery""]]"	Culture	proposed	deferred	not_reviewed	semantic_review_draft_not_frozen
1088	Drag queen	2	Culture	resolved	medium	agent_semantic_review	以夸张性别化造型、服装和舞台表演呈现喜剧、歌舞或主持节目。	occupation_meaning:以夸张性别化造型、服装和舞台表演呈现喜剧、歌舞或主持节目。	rationale_batch_3	"[""Culture""]"	bhht_semantic_batch_1	0	Culture	resolved	author_substring	substring_unique_candidate	Leadership	"[[""Leadership"",""Nobility""]]"	Culture	proposed	deferred	not_reviewed	semantic_review_draft_not_frozen
1089	Acrobatics	2	Culture	resolved	high	agent_semantic_review	杂技表演者练习并呈现翻腾、平衡、抛接或空中技巧等动作，通常在马戏、舞台或娱乐节目中演出。	occupation_meaning:杂技表演者练习并呈现翻腾、平衡、抛接或空中技巧等动作，通常在马戏、舞台或娱乐节目中演出。	rationale_batch_1	"[""Culture""]"	bhht_semantic_batch_2	0	Culture	resolved	no_author_rule	no_author_rule		[]		out_of_scope	deferred	not_reviewed	semantic_review_draft_not_frozen
1091	American Football Official	2	Sports/Games	resolved	high	agent_semantic_review	“American Football Official”的工作直接围绕体育训练、竞技或比赛规则展开，具体职责是依据项目规则执裁并维护比赛秩序，归入Sports/Games。	occupation_meaning:American Football Official：体育/武术训练、竞技、执裁或队伍管理职责	bhht_semantic_batch_3	"[""Sports/Games""]"	bhht_semantic_batch_3	0	Sports/Games	resolved	author_substring	substring_unique_candidate	Sports/Games	"[[""Sports/Games"",""Sports/Games""]]"	Sports/Games	proposed	deferred	not_reviewed	semantic_review_draft_not_frozen
1092	Puppet Designer	2	Culture	resolved	medium	agent_semantic_review	设计木偶的造型、结构和活动方式，使其适合舞台操纵或镜头拍摄。	occupation_meaning:设计木偶的造型、结构和活动方式，使其适合舞台操纵或镜头拍摄。	rationale_batch_2	"[""Culture""]"	bhht_semantic_batch_1	0	Culture	resolved	author_substring	substring_unique_candidate	Culture	"[[""Culture"",""Culture-periphery""]]"	Culture	proposed	deferred	not_reviewed	semantic_review_draft_not_frozen
1093	English Professor	2	Discovery/Science	resolved	high	agent_semantic_review	在大学教授英语语言或文学课程，指导学生并可能从事相关学术研究。	occupation_meaning:在大学教授英语语言或文学课程，指导学生并可能从事相关学术研究。	rationale_batch_3	"[""Discovery/Science""]"	bhht_semantic_batch_2	0	Discovery/Science	resolved	author_substring	substring_unique_candidate	Discovery/Science	"[[""Discovery/Science"",""Academia""]]"	Discovery/Science	proposed	deferred	not_reviewed	semantic_review_draft_not_frozen
1095	Graphic Novelist	2	Culture	resolved	medium	agent_semantic_review	“Graphic Novelist”所指工作核心是提供明确的艺术、媒体或文化产业创作与制作服务，属于文化生产、表演或传播职能，归入Culture。	occupation_meaning:Graphic Novelist：文化创作、表演、媒体传播或文化产品制作/发行职责	bhht_semantic_batch_3	"[""Culture""]"	bhht_semantic_batch_3	0	Culture	resolved	author_substring	substring_unique_candidate	Culture	"[[""Culture"",""Culture-core""]]"	Culture	proposed	deferred	not_reviewed	semantic_review_draft_not_frozen
1096	Co-founder and Business Executive	2	Leadership	resolved	medium	agent_semantic_review	联合创办人兼企业高管共同创立公司，参与确定商业方向并监督日常经营、团队和资源配置。	occupation_meaning:联合创办人兼企业高管共同创立公司，参与确定商业方向并监督日常经营、团队和资源配置。	rationale_batch_1	"[""Leadership""]"	bhht_semantic_batch_1	0	Leadership	resolved	author_substring	substring_unique_candidate	Leadership	"[[""Leadership"",""Corporate/Executive/Business (large)""]]"	Leadership	proposed	deferred	not_reviewed	semantic_review_draft_not_frozen
1098	Dental hygienist	2	Discovery/Science	resolved	high	agent_semantic_review	清洁牙齿、检查口腔状况并指导患者预防牙周病和龋齿。	occupation_meaning:清洁牙齿、检查口腔状况并指导患者预防牙周病和龋齿。	rationale_batch_2	"[""Discovery/Science""]"	bhht_semantic_batch_2	0	Discovery/Science	resolved	no_author_rule	no_author_rule		[]	Discovery/Science	proposed	deferred	not_reviewed	semantic_review_draft_not_frozen
1099	Paranormal Investigator	2		needs_context	low	agent_semantic_review	The label may describe empirical investigation, entertainment content, or a paranormal-claim activity; duties and evidentiary setting are unspecified.	occupation_meaning:Paranormal Investigator：仅凭词项无法确定稳定职业职责	bhht_semantic_batch_3	"[""Discovery/Science"",""Culture"",""Other""]"	bhht_semantic_batch_3	0		needs_context	author_substring	substring_unique_candidate	Other	"[[""Other"",""Worker/Business (small)""]]"		needs_review	deferred	not_reviewed	semantic_review_draft_not_frozen
1100	Civil Rights Leader	2	Leadership	resolved	medium	agent_semantic_review	领导争取公民平等权利的组织或行动，协调倡议、公众动员和政策诉求。	occupation_meaning:领导争取公民平等权利的组织或行动，协调倡议、公众动员和政策诉求。	rationale_batch_3	"[""Leadership""]"	bhht_semantic_batch_1	0	Leadership	resolved	author_substring	substring_unique_candidate	Leadership	"[[""Leadership"",""Politics""]]"	Leadership	proposed	deferred	not_reviewed	semantic_review_draft_not_frozen
1102	Theater Actress	2	Culture	resolved	high	agent_semantic_review	戏剧女演员排演并扮演舞台角色，通过台词、动作和情绪表达呈现剧本人物。	occupation_meaning:戏剧女演员排演并扮演舞台角色，通过台词、动作和情绪表达呈现剧本人物。	rationale_batch_1	"[""Culture""]"	bhht_semantic_batch_2	0	Culture	resolved	author_substring	substring_unique_candidate	Culture	"[[""Culture"",""Culture-core""]]"	Culture	proposed	deferred	not_reviewed	semantic_review_draft_not_frozen
1103	Charwoman	2	Other	resolved	medium	agent_semantic_review	“Charwoman”是提供标题所指的日常服务、运输、维修、照护、手工业或一般商业服务的职业称谓，不属于艺术文化、科学技术、公共权力或竞技体育领域，归入Other。	occupation_meaning:Charwoman：明确的日常服务、一般劳动或小规模商业经营职责	bhht_semantic_batch_3	"[""Other""]"	bhht_semantic_batch_3	0	Other	resolved	no_author_rule	no_author_rule		[]		out_of_scope	deferred	not_reviewed	semantic_review_draft_not_frozen
1104	Materials Scientist	2	Discovery/Science	resolved	high	agent_semantic_review	材料科学家研究材料的结构、性能与应用，属于自然科学和技术研发。	occupation_meaning:材料性质研究与开发	bhht_semantic_batch_1	"[""Discovery/Science""]"	bhht_semantic_batch_1	0	Discovery/Science	resolved	author_substring	substring_unique_candidate	Discovery/Science	"[[""Discovery/Science"",""Academia""]]"	Discovery/Science	proposed	deferred	not_reviewed	semantic_review_draft_not_frozen
1105	Enzymologist	2	Discovery/Science	resolved	high	agent_semantic_review	研究酶的结构、催化机制和反应条件，开展实验并分析生化数据。	occupation_meaning:研究酶的结构、催化机制和反应条件，开展实验并分析生化数据。	rationale_batch_2	"[""Discovery/Science""]"	bhht_semantic_batch_2	0	Discovery/Science	resolved	no_author_rule	no_author_rule		[]	Discovery/Science	proposed	deferred	not_reviewed	semantic_review_draft_not_frozen
1107	Network executive	2	Culture	resolved	high	agent_semantic_review	A network executive commissions and manages programming and production at a broadcast network; the modifier fixes the role to media.	occupation_meaning:Network executive：文化创作、表演、媒体传播或文化产品制作/发行职责	bhht_semantic_batch_3	"[""Culture""]"	bhht_semantic_batch_3	0	Culture	resolved	author_substring	substring_unique_candidate	Leadership	"[[""Leadership"",""Corporate/Executive/Business (large)""]]"	Leadership	proposed	deferred	not_reviewed	semantic_review_draft_not_frozen
1108	Shop assistant	2	Other	resolved	medium	agent_semantic_review	为顾客介绍商品、整理货架、补货并协助收银或门店日常运营。	occupation_meaning:为顾客介绍商品、整理货架、补货并协助收银或门店日常运营。	rationale_batch_3	"[""Other""]"	bhht_semantic_batch_1	0	Other	resolved	no_author_rule	no_author_rule		[]		out_of_scope	deferred	not_reviewed	semantic_review_draft_not_frozen
1109	Guest speaker	2		needs_context	low	agent_semantic_review	只说明临时受邀发言的身份，未给出演讲领域或主要职业，不能据此定 L1。	occupation_meaning:原值只给出泛称、资格、身份或无法确认的文本，需补充具体职责/语境。	bhht_semantic_batch_2	[]	bhht_semantic_batch_2	0		needs_context	no_author_rule	no_author_rule		[]		needs_review	deferred	not_reviewed	semantic_review_draft_not_frozen
1110	Child singer	2	Culture	resolved	medium	agent_semantic_review	“Child singer”所指工作核心是创作或呈现艺术作品/现场表演，职业产出面向文化受众，属于文化生产、表演或传播职能，归入Culture。	occupation_meaning:Child singer：文化创作、表演、媒体传播或文化产品制作/发行职责	bhht_semantic_batch_3	"[""Culture""]"	bhht_semantic_batch_3	0	Culture	resolved	author_substring	substring_cross_l1_conflict		"[[""Culture"",""Culture-core""],[""Other"",""Family""]]"	Culture	proposed	deferred	not_reviewed	semantic_review_draft_not_frozen
1112	Dialogue Editor	2	Culture	resolved	medium	agent_semantic_review	对白编辑从拍摄影像中整理、清理和同步对白录音，修复噪声并与画面剪辑匹配。	occupation_meaning:对白编辑从拍摄影像中整理、清理和同步对白录音，修复噪声并与画面剪辑匹配。	rationale_batch_1	"[""Culture""]"	bhht_semantic_batch_1	0	Culture	resolved	author_substring	substring_unique_candidate	Culture	"[[""Culture"",""Culture-periphery""]]"	Culture	proposed	deferred	not_reviewed	semantic_review_draft_not_frozen
1114	Government agent	2		needs_context	low	agent_semantic_review	未说明代理机构和工作职责；政府代理人可能承担执法、情报、行政或其他职能，无法仅由“agent”确定 L1。	occupation_meaning:原值只给出泛称、资格、身份或无法确认的文本，需补充具体职责/语境。	bhht_semantic_batch_2	"[""Leadership"",""Other""]"	bhht_semantic_batch_2	0		needs_context	author_substring	substring_unique_candidate	Leadership	"[[""Leadership"",""Politics""]]"		needs_review	deferred	not_reviewed	semantic_review_draft_not_frozen
1115	Civil law notary	2	Leadership	resolved	high	agent_semantic_review	“Civil law notary”的职责是提供法律意见、代理当事人或行使司法/公证职权，对应公共治理、法律/军事/宗教权威或企业金融领导，归入Leadership。	occupation_meaning:Civil law notary：治理、法律、军职、宗教权威、外交或企业金融管理职责	bhht_semantic_batch_3	"[""Leadership""]"	bhht_semantic_batch_3	0	Leadership	resolved	author_substring	substring_unique_candidate	Leadership	"[[""Leadership"",""Administration/Law""]]"	Leadership	proposed	deferred	not_reviewed	semantic_review_draft_not_frozen
1116	Script supervisor	2	Culture	resolved	medium	agent_semantic_review	在影视拍摄现场记录镜头、台词、道具和连续性细节，确保不同场次剪辑衔接。	occupation_meaning:在影视拍摄现场记录镜头、台词、道具和连续性细节，确保不同场次剪辑衔接。	rationale_batch_2	"[""Culture""]"	bhht_semantic_batch_1	0	Culture	resolved	author_substring	substring_unique_candidate	Culture	"[[""Culture"",""Culture-core""]]"	Culture	proposed	deferred	not_reviewed	semantic_review_draft_not_frozen
1118	TV Art Director	2	Culture	resolved	high	agent_semantic_review	为电视节目设计布景和视觉方案，指导美术团队将节目创意转化为画面环境。	occupation_meaning:为电视节目设计布景和视觉方案，指导美术团队将节目创意转化为画面环境。	rationale_batch_3	"[""Culture""]"	bhht_semantic_batch_2	0	Culture	resolved	author_substring	substring_unique_candidate	Culture	"[[""Culture"",""Culture-core""]]"	Culture	proposed	deferred	not_reviewed	semantic_review_draft_not_frozen
1119	Agricultural Scientist	2	Discovery/Science	resolved	medium	agent_semantic_review	“Agricultural Scientist”从事的核心职责是开展该学科的研究、证据分析与知识产出，其工作属于知识发现、学术/医疗或技术开发，归入Discovery/Science。	occupation_meaning:Agricultural Scientist：科学研究、专业教育、医疗服务或工程技术开发职责	bhht_semantic_batch_3	"[""Discovery/Science""]"	bhht_semantic_batch_3	0	Discovery/Science	resolved	author_substring	substring_unique_candidate	Discovery/Science	"[[""Discovery/Science"",""Academia""]]"	Discovery/Science	proposed	deferred	not_reviewed	semantic_review_draft_not_frozen
1120	Big-game hunter	2	Other	resolved	medium	agent_semantic_review	大型猎物猎手从事狩猎活动；该称谓本身不指竞技体育赛事。	occupation_meaning:狩猎活动而非竞赛运动	bhht_semantic_batch_1	"[""Other""]"	bhht_semantic_batch_1	0	Other	resolved	author_substring	substring_unique_candidate	Other	"[[""Other"",""Worker/Business (small)""]]"		out_of_scope	deferred	not_reviewed	semantic_review_draft_not_frozen
1123	Character Designer	2	Culture	resolved	high	agent_semantic_review	角色设计师为动画、游戏或影视项目设计人物外形、服装、表情和造型设定。	occupation_meaning:角色设计师为动画、游戏或影视项目设计人物外形、服装、表情和造型设定。	rationale_batch_1	"[""Culture""]"	bhht_semantic_batch_2	0	Culture	resolved	author_substring	substring_unique_candidate	Culture	"[[""Culture"",""Culture-periphery""]]"	Culture	proposed	deferred	not_reviewed	semantic_review_draft_not_frozen
1124	Filibuster	2	Leadership	resolved	high	agent_semantic_review	“Filibuster”的职责是承担机构治理、金融资本配置、商业经营管理或政治公共事务职责，对应公共治理、法律/军事/宗教权威或企业金融领导，归入Leadership。	occupation_meaning:Filibuster：治理、法律、军职、宗教权威、外交或企业金融管理职责	bhht_semantic_batch_3	"[""Leadership""]"	bhht_semantic_batch_3	0	Leadership	resolved	no_author_rule	no_author_rule		[]		needs_review	deferred	not_reviewed	semantic_review_draft_not_frozen
1125	Parapsychologist	2		needs_context	low	agent_semantic_review	该词指超心理学研究者，但该领域职业含义和其科学/非科学边界不统一，需进一步职业与分类语境。	occupation_meaning:超心理学研究，学科边界存在争议	bhht_semantic_batch_1	"[""Discovery/Science"",""Other""]"	bhht_semantic_batch_1	0		needs_context	author_substring	substring_unique_candidate	Discovery/Science	"[[""Discovery/Science"",""Academia""]]"	Discovery/Science	proposed	deferred	not_reviewed	semantic_review_draft_not_frozen
1126	noblewoman	2	Leadership	resolved	high	agent_semantic_review	以贵族家族成员或贵族头衔持有者身份参与宫廷、家族和礼仪事务；该词描述身份。	occupation_meaning:以贵族家族成员或贵族头衔持有者身份参与宫廷、家族和礼仪事务；该词描述身份。	rationale_batch_2	"[""Leadership""]"	bhht_semantic_batch_2	0	Leadership	resolved	author_substring	substring_unique_candidate	Leadership	"[[""Leadership"",""Nobility""]]"	Leadership	proposed	deferred	not_reviewed	semantic_review_draft_not_frozen
1127	Digital Marketing Consultant (Profession) #1	2	Other	resolved	high	agent_semantic_review	Advises clients on search, content, and online campaign performance; this is an individual marketing service occupation. 词项中的编号及/或“(Profession)”是数据库区分标记，不改变该职业的职责含义。	occupation_meaning:Digital Marketing Consultant (Profession) #1：明确的日常服务、一般劳动或小规模商业经营职责	bhht_semantic_batch_3	"[""Other""]"	bhht_semantic_batch_3	0	Other	resolved	author_substring	substring_unique_candidate	Other	"[[""Other"",""Worker/Business (small)""]]"		needs_review	deferred	not_reviewed	semantic_review_draft_not_frozen
1128	Soubrette	2	Culture	resolved	high	agent_semantic_review	Soubrette指歌剧/轻歌剧中的轻型女高音声部或由其饰演的女仆型角色，属于歌唱表演。	https://www.treccani.it/vocabolario/soubrette/	bhht_semantic_batch_1	"[""Culture""]"	bhht_semantic_batch_1	0	Culture	resolved	no_author_rule	no_author_rule		[]	Culture	proposed	deferred	not_reviewed	semantic_review_draft_not_frozen
1129	Theatre teacher	2	Culture	resolved	high	agent_semantic_review	教授戏剧表演、剧本、舞台实践或戏剧史，并组织课堂排演和学习评估。	occupation_meaning:教授戏剧表演、剧本、舞台实践或戏剧史，并组织课堂排演和学习评估。	rationale_batch_3	"[""Culture""]"	bhht_semantic_batch_2	0	Culture	resolved	author_substring	substring_cross_l1_conflict		"[[""Culture"",""Culture-core""],[""Discovery/Science"",""Academia""]]"		needs_review	deferred	not_reviewed	semantic_review_draft_not_frozen
1130	Systems Programmer	2	Discovery/Science	resolved	medium	agent_semantic_review	“Systems Programmer”从事的核心职责是从事专业教学、技术设计开发、测试或学术研究，其工作属于知识发现、学术/医疗或技术开发，归入Discovery/Science。	occupation_meaning:Systems Programmer：科学研究、专业教育、医疗服务或工程技术开发职责	bhht_semantic_batch_3	"[""Discovery/Science""]"	bhht_semantic_batch_3	0	Discovery/Science	resolved	author_substring	substring_unique_candidate	Discovery/Science	"[[""Discovery/Science"",""Explorer/Inventor/Developer""]]"	Discovery/Science	proposed	deferred	not_reviewed	semantic_review_draft_not_frozen
1131	Social Psychologist	2	Discovery/Science	resolved	high	agent_semantic_review	社会心理学家研究社会环境对认知、态度和行为的影响，属于学术/科学研究。	occupation_meaning:社会心理学研究	bhht_semantic_batch_1	"[""Discovery/Science""]"	bhht_semantic_batch_1	0	Discovery/Science	resolved	author_substring	substring_unique_candidate	Discovery/Science	"[[""Discovery/Science"",""Academia""]]"	Discovery/Science	proposed	deferred	not_reviewed	semantic_review_draft_not_frozen
1132	Ship-owner	2	Leadership	resolved	high	agent_semantic_review	船舶所有者拥有并经营船舶资产，属于商业经营者身份。	occupation_meaning:船舶所有者拥有并经营船舶资产，属于商业经营者身份。; author_role_analogy:author L1 Leadership	bhht_semantic_batch_2	"[""Leadership""]"	bhht_semantic_batch_2	0	Leadership	resolved	no_author_rule	no_author_rule		[]		out_of_scope	deferred	not_reviewed	semantic_review_draft_not_frozen
1134	Geochemist	2	Discovery/Science	resolved	medium	agent_semantic_review	“Geochemist”从事的核心职责是以专门科学知识、学术研究、医疗服务或工程技术为主要职责，其工作属于知识发现、学术/医疗或技术开发，归入Discovery/Science。	occupation_meaning:Geochemist：科学研究、专业教育、医疗服务或工程技术开发职责	bhht_semantic_batch_3	"[""Discovery/Science""]"	bhht_semantic_batch_3	0	Discovery/Science	resolved	author_substring	substring_unique_candidate	Discovery/Science	"[[""Discovery/Science"",""Academia""]]"	Discovery/Science	proposed	deferred	not_reviewed	semantic_review_draft_not_frozen
1135	m/05hmb8k	2		needs_context	low	agent_semantic_review	Freebase式ID字符串而非可解释职业名称；需回查实体映射。	occupation_meaning:数据库ID	bhht_semantic_batch_1	[]	bhht_semantic_batch_1	0		needs_context	no_author_rule	no_author_rule		[]		needs_review	deferred	not_reviewed	semantic_review_draft_not_frozen
1137	Folk Artist	2	Culture	resolved	high	agent_semantic_review	民间艺术家创作或表演源自地方传统的音乐、舞蹈、手工艺或视觉作品。	occupation_meaning:民间艺术家创作或表演源自地方传统的音乐、舞蹈、手工艺或视觉作品。	rationale_batch_1	"[""Culture""]"	bhht_semantic_batch_2	0	Culture	resolved	author_substring	substring_unique_candidate	Culture	"[[""Culture"",""Culture-core""]]"	Culture	proposed	deferred	not_reviewed	semantic_review_draft_not_frozen
1138	Tax advisor	2	Other	resolved	medium	primary_semantic_adjudication	为客户提供税务筹划、申报和合规建议，属于财务专业服务；完整词项未说明税务官员或法律诉讼执业职责。	occupation_meaning:税务咨询服务; author_role_analogy:accountant,financial_adviser/Other	primary_semantic_review	"[""Other""]"	primary_semantic_review	1	Leadership	resolved	author_substring	substring_unique_candidate	Leadership	"[[""Leadership"",""Politics""]]"		needs_review	deferred	not_reviewed	semantic_review_draft_not_frozen
1139	Orthopaedist	2	Discovery/Science	resolved	medium	agent_semantic_review	诊断和治疗骨骼、关节、肌肉及韧带疾病，提供手术或非手术治疗方案。	occupation_meaning:诊断和治疗骨骼、关节、肌肉及韧带疾病，提供手术或非手术治疗方案。	rationale_batch_2	"[""Discovery/Science""]"	bhht_semantic_batch_1	0	Discovery/Science	resolved	no_author_rule	no_author_rule		[]	Discovery/Science	proposed	deferred	not_reviewed	semantic_review_draft_not_frozen
1140	Clerk (Profession) #147	2	Other	resolved	high	agent_semantic_review	去除职业编号标记后，该职务通常处理记录、文件、登记或其他办公室事务；具体部门未说明。	occupation_meaning:去除职业编号标记后，该职务通常处理记录、文件、登记或其他办公室事务；具体部门未说明。	rationale_batch_3	"[""Other""]"	bhht_semantic_batch_2	0	Other	resolved	author_substring	substring_unique_candidate	Other	"[[""Other"",""Worker/Business (small)""]]"		needs_review	deferred	not_reviewed	semantic_review_draft_not_frozen
1141	Tool and die maker	2	Other	resolved	medium	agent_semantic_review	“Tool and die maker”是承担明确的日常服务、普通职业劳动或小规模经营职责的职业称谓，不属于艺术文化、科学技术、公共权力或竞技体育领域，归入Other。	occupation_meaning:Tool and die maker：明确的日常服务、一般劳动或小规模商业经营职责	bhht_semantic_batch_3	"[""Other""]"	bhht_semantic_batch_3	0	Other	resolved	no_author_rule	no_author_rule		[]		out_of_scope	deferred	not_reviewed	semantic_review_draft_not_frozen
1142	Chartered Surveyor	2	Other	resolved	medium	agent_semantic_review	特许测量师提供土地、房产和建造项目的测量、估值或咨询专业服务；作者相近 surveyor 职业归 Other，特许资格不等于治理职位。	https://www.rics.org/surveyor-careers/surveying/what-is-a-chartered-surveyor; author_role_analogy:surveyor → Other	bhht_semantic_batch_1	"[""Other""]"	bhht_semantic_batch_1	0	Other	resolved	author_substring	substring_unique_candidate	Other	"[[""Other"",""Worker/Business (small)""]]"		needs_review	deferred	not_reviewed	semantic_review_draft_not_frozen
1143	Chief mate	2	Leadership	resolved	high	agent_semantic_review	Chief mate 是船长以下的高级甲板官员，负责航行值班并协助指挥船员，属组织/航海管理。	occupation_meaning:Chief mate 是船长以下的高级甲板官员，负责航行值班并协助指挥船员，属组织/航海管理。; author_role_analogy:author L1 Leadership	bhht_semantic_batch_2	"[""Leadership""]"	bhht_semantic_batch_2	0	Leadership	resolved	no_author_rule	no_author_rule		[]		needs_review	deferred	not_reviewed	semantic_review_draft_not_frozen
1144	Architectural historian (Profession) #1	2	Discovery/Science	resolved	high	primary_semantic_adjudication	研究建筑历史及相关史料，核心是历史学术研究；Profession与编号不改变岗位含义。	author_role_analogy:historian/Academia	primary_semantic_review	"[""Discovery/Science""]"	primary_semantic_review	1	Discovery/Science	resolved	author_substring	substring_cross_l1_conflict		"[[""Culture"",""Culture-periphery""],[""Discovery/Science"",""Academia""]]"	Discovery/Science	proposed	deferred	not_reviewed	semantic_review_draft_not_frozen
1145	Peking opera	2		needs_context	low	agent_semantic_review	京剧是表演艺术/剧种名称，不是具体岗位；需确认原数据是否指京剧演员或其他从业者。	occupation_meaning:表演艺术形式而非岗位	bhht_semantic_batch_1	"[""Culture""]"	bhht_semantic_batch_1	0		needs_context	author_substring	substring_unique_candidate	Culture	"[[""Culture"",""Culture-core""]]"	Culture	proposed	deferred	not_reviewed	semantic_review_draft_not_frozen
1146	Road manager	2	Culture	resolved	high	agent_semantic_review	巡演经理为演出团队安排路线、交通、住宿、场地进出和每日行程，确保巡演按时推进。	occupation_meaning:巡演经理为演出团队安排路线、交通、住宿、场地进出和每日行程，确保巡演按时推进。	rationale_batch_1	"[""Culture""]"	bhht_semantic_batch_2	0	Culture	resolved	author_substring	substring_unique_candidate	Leadership	"[[""Leadership"",""Corporate/Executive/Business (large)""]]"	Culture	proposed	deferred	not_reviewed	semantic_review_draft_not_frozen
1148	Hermit (Profession)	2	Leadership	resolved	medium	primary_semantic_adjudication	去除不改变词义的Profession标记后为Hermit；沿用作者hermit→Religious→Leadership口径，不另把一般隐居生活状态混入普通服务。	author_role_analogy:hermit/Religious; policy:作者同词优先	primary_semantic_review	"[""Leadership""]"	primary_semantic_review	1	Other	resolved	author_substring	substring_unique_candidate	Leadership	"[[""Leadership"",""Religious""]]"		out_of_scope	deferred	not_reviewed	semantic_review_draft_not_frozen
1150	Naval Architect	2	Discovery/Science	resolved	medium	agent_semantic_review	设计船体、甲板和船舶系统，计算浮力、稳定性与结构性能并监督建造规范。	occupation_meaning:设计船体、甲板和船舶系统，计算浮力、稳定性与结构性能并监督建造规范。	rationale_batch_2	"[""Discovery/Science""]"	bhht_semantic_batch_1	0	Discovery/Science	resolved	author_substring	substring_cross_l1_conflict		"[[""Culture"",""Culture-periphery""],[""Leadership"",""Military""]]"	Discovery/Science	proposed	deferred	not_reviewed	semantic_review_draft_not_frozen
1151	Art History Professor	2	Discovery/Science	resolved	high	agent_semantic_review	在高校讲授艺术史，研究艺术作品、流派和历史语境，并指导学生或发表学术成果。	occupation_meaning:在高校讲授艺术史，研究艺术作品、流派和历史语境，并指导学生或发表学术成果。	rationale_batch_3	"[""Discovery/Science""]"	bhht_semantic_batch_2	0	Discovery/Science	resolved	author_substring	substring_unique_candidate	Discovery/Science	"[[""Discovery/Science"",""Academia""]]"	Discovery/Science	proposed	deferred	not_reviewed	semantic_review_draft_not_frozen
1154	SEO Consultant	2	Other	resolved	high	agent_semantic_review	Recommends site structure, content, and search-ranking improvements to clients; the work is specialized digital marketing advice.	occupation_meaning:SEO Consultant：明确的日常服务、一般劳动或小规模商业经营职责	bhht_semantic_batch_3	"[""Other""]"	bhht_semantic_batch_3	0	Other	resolved	author_substring	substring_unique_candidate	Other	"[[""Other"",""Worker/Business (small)""]]"		needs_review	deferred	not_reviewed	semantic_review_draft_not_frozen
1155	Mental health counselor	2	Discovery/Science	resolved	medium	agent_semantic_review	心理健康咨询师与来访者讨论情绪、行为和生活困扰，制定咨询目标并提供支持或转介。	occupation_meaning:心理健康咨询师与来访者讨论情绪、行为和生活困扰，制定咨询目标并提供支持或转介。	rationale_batch_1	"[""Discovery/Science""]"	bhht_semantic_batch_1	0	Discovery/Science	resolved	author_substring	substring_unique_candidate	Other	"[[""Other"",""Worker/Business (small)""]]"	Discovery/Science	proposed	deferred	not_reviewed	semantic_review_draft_not_frozen
1157	Softball Player	2	Sports/Games	resolved	high	agent_semantic_review	参加垒球训练和比赛，通过击球、跑垒与守备协作争取胜利。	occupation_meaning:参加垒球训练和比赛，通过击球、跑垒与守备协作争取胜利。	rationale_batch_2	"[""Sports/Games""]"	bhht_semantic_batch_2	0	Sports/Games	resolved	author_substring	substring_unique_candidate	Sports/Games	"[[""Sports/Games"",""Sports/Games""]]"	Sports/Games	proposed	deferred	not_reviewed	semantic_review_draft_not_frozen
1161	Special Needs Counsellor	2	Other	resolved	medium	agent_semantic_review	“Special Needs Counsellor”是承担明确的日常服务、普通职业劳动或小规模经营职责的职业称谓，不属于艺术文化、科学技术、公共权力或竞技体育领域，归入Other。	occupation_meaning:Special Needs Counsellor：明确的日常服务、一般劳动或小规模商业经营职责	bhht_semantic_batch_3	"[""Other""]"	bhht_semantic_batch_3	0	Other	resolved	author_substring	substring_unique_candidate	Other	"[[""Other"",""Worker/Business (small)""]]"	Discovery/Science	proposed	deferred	not_reviewed	semantic_review_draft_not_frozen
1162	Business Owner	2		needs_context	low	agent_semantic_review	企业所有者可能经营小型个体店铺，也可能担任大公司控制者；短语未给规模与职能。	occupation_meaning:企业所有者，经营规模/职能未明	bhht_semantic_batch_1	"[""Leadership"",""Other""]"	bhht_semantic_batch_1	0		needs_context	author_substring	substring_unique_candidate	Leadership	"[[""Leadership"",""Corporate/Executive/Business (large)""]]"	Leadership	proposed	deferred	not_reviewed	semantic_review_draft_not_frozen
1163	Digital marketing	2	Other	resolved	high	agent_semantic_review	Digital marketing 从事线上推广和营销执行，是常规商业服务岗位，归 Other。	occupation_meaning:Digital marketing 从事线上推广和营销执行，是常规商业服务岗位，归 Other。; author_role_analogy:author L1 Other	bhht_semantic_batch_2	"[""Other""]"	bhht_semantic_batch_2	0	Other	resolved	author_substring	substring_unique_candidate	Other	"[[""Other"",""Worker/Business (small)""]]"		needs_review	deferred	not_reviewed	semantic_review_draft_not_frozen
1164	Search Engine Optimization (Industry) #1	2	Other	resolved	medium	primary_semantic_adjudication	完整短语指数字营销、搜索优化或获客业务，按作者marketing→Worker/Business(small)归Other；活动/领域名称仅作职业词表中的功能映射，不据此断言人物具体岗位。	author_role_analogy:marketing/Worker-Business-small	primary_semantic_review	"[""Other""]"	primary_semantic_review	1		needs_context	no_author_rule	no_author_rule		[]		out_of_scope	deferred	not_reviewed	semantic_review_draft_not_frozen
1165	Competitive Eater	2	Sports/Games	resolved	medium	agent_semantic_review	参加限时进食比赛，在规定时间内按赛事规则完成指定食物挑战。	occupation_meaning:参加限时进食比赛，在规定时间内按赛事规则完成指定食物挑战。	rationale_batch_3	"[""Sports/Games""]"	bhht_semantic_batch_1	0	Sports/Games	resolved	no_author_rule	no_author_rule		[]	Sports/Games	proposed	deferred	not_reviewed	semantic_review_draft_not_frozen
1166	Java Developer	2	Discovery/Science	resolved	high	agent_semantic_review	Java开发者用Java编写、测试和维护应用程序或服务，修复缺陷并实现软件功能。	occupation_meaning:Java开发者用Java编写、测试和维护应用程序或服务，修复缺陷并实现软件功能。	rationale_batch_1	"[""Discovery/Science""]"	bhht_semantic_batch_2	0	Discovery/Science	resolved	author_substring	substring_unique_candidate	Discovery/Science	"[[""Discovery/Science"",""Explorer/Inventor/Developer""]]"	Discovery/Science	proposed	deferred	not_reviewed	semantic_review_draft_not_frozen
1167	Theater Manager	2	Culture	resolved	medium	agent_semantic_review	“Theater Manager”所指工作核心是支持或统筹影视、广播、音乐及其他文化内容的制作、技术实现或发行，属于文化生产、表演或传播职能，归入Culture。	occupation_meaning:Theater Manager：文化创作、表演、媒体传播或文化产品制作/发行职责	bhht_semantic_batch_3	"[""Culture""]"	bhht_semantic_batch_3	0	Culture	resolved	author_substring	substring_cross_l1_conflict		"[[""Culture"",""Culture-core""],[""Leadership"",""Corporate/Executive/Business (large)""]]"		needs_review	deferred	not_reviewed	semantic_review_draft_not_frozen
1168	Emergency physician	2	Discovery/Science	resolved	high	agent_semantic_review	在急诊科快速评估危重或急性病患，安排检查并实施紧急治疗。	occupation_meaning:在急诊科快速评估危重或急性病患，安排检查并实施紧急治疗。	rationale_batch_2	"[""Discovery/Science""]"	bhht_semantic_batch_1	0	Discovery/Science	resolved	author_substring	substring_unique_candidate	Discovery/Science	"[[""Discovery/Science"",""Academia""]]"	Discovery/Science	proposed	deferred	not_reviewed	semantic_review_draft_not_frozen
1169	Lieutenant colonel	2	Leadership	resolved	high	agent_semantic_review	担任军队中校军衔，指挥营级或相关单位并执行上级军事任务。	occupation_meaning:担任军队中校军衔，指挥营级或相关单位并执行上级军事任务。	rationale_batch_3	"[""Leadership""]"	bhht_semantic_batch_2	0	Leadership	resolved	author_substring	substring_unique_candidate	Leadership	"[[""Leadership"",""Military""]]"	Leadership	proposed	deferred	not_reviewed	semantic_review_draft_not_frozen
1170	Publican	2	Other	resolved	medium	agent_semantic_review	“Publican”是提供标题所指的日常服务、运输、维修、照护、手工业或一般商业服务的职业称谓，不属于艺术文化、科学技术、公共权力或竞技体育领域，归入Other。	occupation_meaning:Publican：明确的日常服务、一般劳动或小规模商业经营职责	bhht_semantic_batch_3	"[""Other""]"	bhht_semantic_batch_3	0	Other	resolved	no_author_rule	no_author_rule		[]		needs_review	deferred	not_reviewed	semantic_review_draft_not_frozen
1172	Vietnam veteran	2	Leadership	resolved	high	primary_semantic_adjudication	表示越南战争服役经历；沿用作者veteran→Military→Leadership的历史军人分类口径。	author_role_analogy:veteran/Military	primary_semantic_review	"[""Leadership""]"	primary_semantic_review	1	Leadership	resolved	author_substring	substring_unique_candidate	Leadership	"[[""Leadership"",""Military""]]"		needs_review	deferred	not_reviewed	semantic_review_draft_not_frozen
1173	Aquanaut	2	Discovery/Science	resolved	high	agent_semantic_review	水下探险者在水下栖居地或深潜环境中开展探索、观测和科研/技术任务。	https://www.nasa.gov/wp-content/uploads/2016/04/analogs_paving_the_way.pdf	rationale_batch_1	"[""Discovery/Science""]"	bhht_semantic_batch_2	0	Discovery/Science	resolved	no_author_rule	no_author_rule		[]	Discovery/Science	proposed	deferred	not_reviewed	semantic_review_draft_not_frozen
1174	Used Car Dealer	2	Other	resolved	medium	agent_semantic_review	“Used Car Dealer”是承担明确的日常服务、普通职业劳动或小规模经营职责的职业称谓，不属于艺术文化、科学技术、公共权力或竞技体育领域，归入Other。	occupation_meaning:Used Car Dealer：明确的日常服务、一般劳动或小规模商业经营职责	bhht_semantic_batch_3	"[""Other""]"	bhht_semantic_batch_3	0	Other	resolved	no_author_rule	no_author_rule		[]		needs_review	deferred	not_reviewed	semantic_review_draft_not_frozen
1175	Clothing manufacturer	2		needs_context	low	agent_semantic_review	服装制造商可指制造企业或具体经营者，字段没有区分组织实体与个人职业。	occupation_meaning:组织与从业者两义	bhht_semantic_batch_1	"[""Leadership"",""Other""]"	bhht_semantic_batch_1	0		needs_context	author_substring	substring_unique_candidate	Leadership	"[[""Leadership"",""Corporate/Executive/Business (large)""]]"		needs_review	deferred	not_reviewed	semantic_review_draft_not_frozen
1176	Labour leader	2	Leadership	resolved	medium	agent_semantic_review	组织和代表工人进行集体谈判、劳动权益倡议及工会事务管理。	occupation_meaning:组织和代表工人进行集体谈判、劳动权益倡议及工会事务管理。	rationale_batch_2	"[""Leadership""]"	bhht_semantic_batch_2	0	Leadership	resolved	no_author_rule	no_author_rule		[]	Leadership	proposed	deferred	not_reviewed	semantic_review_draft_not_frozen
1178	Human Rights Lawyer	2	Leadership	resolved	high	agent_semantic_review	“Human Rights Lawyer”的职责是提供法律意见、代理当事人或行使司法/公证职权，对应公共治理、法律/军事/宗教权威或企业金融领导，归入Leadership。	occupation_meaning:Human Rights Lawyer：治理、法律、军职、宗教权威、外交或企业金融管理职责	bhht_semantic_batch_3	"[""Leadership""]"	bhht_semantic_batch_3	0	Leadership	resolved	author_substring	substring_unique_candidate	Leadership	"[[""Leadership"",""Administration/Law""]]"	Leadership	proposed	deferred	not_reviewed	semantic_review_draft_not_frozen
1179	Typeface designer	2	Culture	resolved	medium	agent_semantic_review	设计字体字形、字符比例和字族样式，制作可用于印刷或数字排版的字体。	occupation_meaning:设计字体字形、字符比例和字族样式，制作可用于印刷或数字排版的字体。	rationale_batch_3	"[""Culture""]"	bhht_semantic_batch_1	0	Culture	resolved	author_substring	substring_unique_candidate	Culture	"[[""Culture"",""Culture-periphery""]]"	Culture	proposed	deferred	not_reviewed	semantic_review_draft_not_frozen
1181	Historian of Philosophy and Religion	2	Discovery/Science	resolved	high	agent_semantic_review	哲学与宗教史学家研究思想文本、宗教传统及其历史语境，比较文献并撰写学术研究。	occupation_meaning:哲学与宗教史学家研究思想文本、宗教传统及其历史语境，比较文献并撰写学术研究。	rationale_batch_1	"[""Discovery/Science""]"	bhht_semantic_batch_2	0	Discovery/Science	resolved	author_substring	substring_unique_candidate	Discovery/Science	"[[""Discovery/Science"",""Academia""]]"	Discovery/Science	proposed	deferred	not_reviewed	semantic_review_draft_not_frozen
1182	Petroleum geologist	2	Discovery/Science	resolved	medium	agent_semantic_review	“Petroleum geologist”从事的核心职责是开展该学科的研究、证据分析与知识产出，其工作属于知识发现、学术/医疗或技术开发，归入Discovery/Science。	occupation_meaning:Petroleum geologist：科学研究、专业教育、医疗服务或工程技术开发职责	bhht_semantic_batch_3	"[""Discovery/Science""]"	bhht_semantic_batch_3	0	Discovery/Science	resolved	author_substring	substring_unique_candidate	Discovery/Science	"[[""Discovery/Science"",""Academia""]]"	Discovery/Science	proposed	deferred	not_reviewed	semantic_review_draft_not_frozen
1183	Voice Director	2	Culture	resolved	medium	agent_semantic_review	指导演员或配音员录制台词，控制语气、节奏和角色表达并协调录音环节。	occupation_meaning:指导演员或配音员录制台词，控制语气、节奏和角色表达并协调录音环节。	rationale_batch_2	"[""Culture""]"	bhht_semantic_batch_1	0	Culture	resolved	no_author_rule	no_author_rule		[]	Culture	proposed	deferred	not_reviewed	semantic_review_draft_not_frozen
1185	Line producer	2	Culture	resolved	high	agent_semantic_review	负责影视项目每日生产执行，控制预算、拍摄进度、用工和制作资源。	occupation_meaning:负责影视项目每日生产执行，控制预算、拍摄进度、用工和制作资源。	rationale_batch_3	"[""Culture""]"	bhht_semantic_batch_2	0	Culture	resolved	author_substring	substring_unique_candidate	Culture	"[[""Culture"",""Culture-core""]]"	Culture	proposed	deferred	not_reviewed	semantic_review_draft_not_frozen
1186	Stage management	2	Culture	resolved	medium	agent_semantic_review	“Stage management”所指工作核心是提供明确的艺术、媒体或文化产业创作与制作服务，属于文化生产、表演或传播职能，归入Culture。	occupation_meaning:Stage management：文化创作、表演、媒体传播或文化产品制作/发行职责	bhht_semantic_batch_3	"[""Culture""]"	bhht_semantic_batch_3	0	Culture	resolved	author_substring	substring_cross_l1_conflict		"[[""Culture"",""Culture-core""],[""Leadership"",""Corporate/Executive/Business (large)""]]"		needs_review	deferred	not_reviewed	semantic_review_draft_not_frozen
1187	Typesetting	2	Culture	resolved	medium	agent_semantic_review	排版/照排将文字和图像编排成出版页面，是出版制作环节的文化生产工种。	occupation_meaning:出版物文字与页面编排	bhht_semantic_batch_1	"[""Culture""]"	bhht_semantic_batch_1	0	Culture	resolved	no_author_rule	no_author_rule		[]		needs_review	deferred	not_reviewed	semantic_review_draft_not_frozen
1188	Expert	2		needs_context	low	agent_semantic_review	“Expert”只表示具备专长，没有指出专业领域或工作职责。	occupation_meaning:原值只给出泛称、资格、身份或无法确认的文本，需补充具体职责/语境。	bhht_semantic_batch_2	[]	bhht_semantic_batch_2	0		needs_context	no_author_rule	no_author_rule		[]		needs_review	deferred	not_reviewed	semantic_review_draft_not_frozen
1189	Online Marketing Strategist	2	Other	resolved	high	agent_semantic_review	Plans web-based advertising and audience-acquisition campaigns; the role specializes in marketing execution and advice.	occupation_meaning:Online Marketing Strategist：明确的日常服务、一般劳动或小规模商业经营职责	bhht_semantic_batch_3	"[""Other""]"	bhht_semantic_batch_3	0	Other	resolved	author_substring	substring_unique_candidate	Other	"[[""Other"",""Worker/Business (small)""]]"		needs_review	deferred	not_reviewed	semantic_review_draft_not_frozen
1190	Broadway Producer	2	Culture	resolved	medium	agent_semantic_review	百老汇制作人筹集资金、选择剧本并组建创作团队，监督排练、宣传和剧目商业演出。	occupation_meaning:百老汇制作人筹集资金、选择剧本并组建创作团队，监督排练、宣传和剧目商业演出。	rationale_batch_1	"[""Culture""]"	bhht_semantic_batch_1	0	Culture	resolved	author_substring	substring_unique_candidate	Culture	"[[""Culture"",""Culture-core""]]"	Culture	proposed	deferred	not_reviewed	semantic_review_draft_not_frozen
1191	Caterer	2	Other	resolved	high	agent_semantic_review	为活动或客户准备、运输和供应餐食，并安排服务人员与现场餐饮流程。	occupation_meaning:为活动或客户准备、运输和供应餐食，并安排服务人员与现场餐饮流程。	rationale_batch_2	"[""Other""]"	bhht_semantic_batch_2	0	Other	resolved	no_author_rule	no_author_rule		[]		out_of_scope	deferred	not_reviewed	semantic_review_draft_not_frozen
1192	Title Designer	2	Culture	resolved	medium	agent_semantic_review	“Title Designer”所指工作核心是创作或呈现艺术作品/现场表演，职业产出面向文化受众，属于文化生产、表演或传播职能，归入Culture。	occupation_meaning:Title Designer：文化创作、表演、媒体传播或文化产品制作/发行职责	bhht_semantic_batch_3	"[""Culture""]"	bhht_semantic_batch_3	0	Culture	resolved	author_substring	substring_unique_candidate	Culture	"[[""Culture"",""Culture-periphery""]]"	Culture	proposed	deferred	not_reviewed	semantic_review_draft_not_frozen
1193	Cultural Anthropologist	2	Discovery/Science	resolved	medium	agent_semantic_review	通过田野调查、访谈和民族志研究人群的文化实践、社会关系和生活方式。	occupation_meaning:通过田野调查、访谈和民族志研究人群的文化实践、社会关系和生活方式。	rationale_batch_3	"[""Discovery/Science""]"	bhht_semantic_batch_1	0	Discovery/Science	resolved	author_substring	substring_unique_candidate	Discovery/Science	"[[""Discovery/Science"",""Academia""]]"	Discovery/Science	proposed	deferred	not_reviewed	semantic_review_draft_not_frozen
1194	Pilgrim Fathers	2		needs_context	low	agent_semantic_review	这是历史群体/身份称谓，而非明确职业名称；文本没有提供可归类的工作职责。	occupation_meaning:原值只给出泛称、资格、身份或无法确认的文本，需补充具体职责/语境。	bhht_semantic_batch_2	[]	bhht_semantic_batch_2	0		needs_context	no_author_rule	no_author_rule		[]		out_of_scope	deferred	not_reviewed	semantic_review_draft_not_frozen
1195	Tour promoter	2	Culture	resolved	medium	agent_semantic_review	“Tour promoter”所指工作核心是支持或统筹影视、广播、音乐及其他文化内容的制作、技术实现或发行，属于文化生产、表演或传播职能，归入Culture。	occupation_meaning:Tour promoter：文化创作、表演、媒体传播或文化产品制作/发行职责	bhht_semantic_batch_3	"[""Culture""]"	bhht_semantic_batch_3	0	Culture	resolved	no_author_rule	no_author_rule		[]		needs_review	deferred	not_reviewed	semantic_review_draft_not_frozen
1197	Ecommerce Consultant	2		needs_context	low	agent_semantic_review	可提供电商经营或电商技术咨询，短语无法辨明主要职责。	occupation_meaning:电子商务咨询	bhht_semantic_batch_1	"[""Leadership"",""Discovery/Science""]"	bhht_semantic_batch_1	0		needs_context	author_substring	substring_unique_candidate	Other	"[[""Other"",""Worker/Business (small)""]]"		needs_review	deferred	not_reviewed	semantic_review_draft_not_frozen
1198	Theater Arts Educator	2	Culture	resolved	high	agent_semantic_review	戏剧艺术教育者教授表演、导演、舞台设计等戏剧课程，并指导学生制作或演出作品。	occupation_meaning:戏剧艺术教育者教授表演、导演、舞台设计等戏剧课程，并指导学生制作或演出作品。	rationale_batch_1	"[""Culture""]"	bhht_semantic_batch_2	0	Culture	resolved	author_substring	substring_cross_l1_conflict		"[[""Culture"",""Culture-core""],[""Discovery/Science"",""Academia""]]"		needs_review	deferred	not_reviewed	semantic_review_draft_not_frozen
1199	Senior lieutenant	2	Leadership	resolved	high	agent_semantic_review	“Senior lieutenant”的职责是在军队或公共安全体系履行指挥、军职或执法责任，对应公共治理、法律/军事/宗教权威或企业金融领导，归入Leadership。	occupation_meaning:Senior lieutenant：治理、法律、军职、宗教权威、外交或企业金融管理职责	bhht_semantic_batch_3	"[""Leadership""]"	bhht_semantic_batch_3	0	Leadership	resolved	author_substring	substring_unique_candidate	Leadership	"[[""Leadership"",""Military""]]"	Leadership	proposed	deferred	not_reviewed	semantic_review_draft_not_frozen
1200	United States Naval Aviator	2	Leadership	resolved	medium	agent_semantic_review	驾驶海军飞机执行军事飞行任务、训练或舰载航空行动。	occupation_meaning:驾驶海军飞机执行军事飞行任务、训练或舰载航空行动。	rationale_batch_2	"[""Leadership""]"	bhht_semantic_batch_1	0	Leadership	resolved	author_substring	substring_unique_candidate	Leadership	"[[""Leadership"",""Military""]]"	Leadership	proposed	deferred	not_reviewed	semantic_review_draft_not_frozen
1201	Independent contractor	2		needs_context	low	agent_semantic_review	这是雇佣/合同关系形式，不表明承包工作的职业领域。	occupation_meaning:原值只给出泛称、资格、身份或无法确认的文本，需补充具体职责/语境。	bhht_semantic_batch_2	"[""Culture"",""Discovery/Science"",""Leadership"",""Sports/Games"",""Other""]"	bhht_semantic_batch_2	0		needs_context	no_author_rule	no_author_rule		[]		out_of_scope	deferred	not_reviewed	semantic_review_draft_not_frozen
1202	Pilot trainer	2	Discovery/Science	resolved	medium	agent_semantic_review	“Pilot trainer”从事的核心职责是以专门科学知识、学术研究、医疗服务或工程技术为主要职责，其工作属于知识发现、学术/医疗或技术开发，归入Discovery/Science。	occupation_meaning:Pilot trainer：科学研究、专业教育、医疗服务或工程技术开发职责	bhht_semantic_batch_3	"[""Discovery/Science""]"	bhht_semantic_batch_3	0	Discovery/Science	resolved	author_substring	substring_unique_candidate	Sports/Games	"[[""Sports/Games"",""Sports/Games""]]"	Discovery/Science	proposed	deferred	not_reviewed	semantic_review_draft_not_frozen
1203	Speech-language pathologist	2	Discovery/Science	resolved	medium	agent_semantic_review	诊断并治疗语言、发音、声音、流畅性或吞咽障碍，制定个体化康复方案。	occupation_meaning:诊断并治疗语言、发音、声音、流畅性或吞咽障碍，制定个体化康复方案。	rationale_batch_3	"[""Discovery/Science""]"	bhht_semantic_batch_1	0	Discovery/Science	resolved	author_substring	substring_unique_candidate	Discovery/Science	"[[""Discovery/Science"",""Academia""]]"	Discovery/Science	proposed	deferred	not_reviewed	semantic_review_draft_not_frozen
1204	Human Resources Officer	2	Other	resolved	medium	primary_semantic_adjudication	处理招聘、员工档案和人事行政事务，标签未给公司决策权或公共治理职责；与Recruitment Officer采用一致口径。	occupation_meaning:人事行政与员工事务服务	primary_semantic_review	"[""Other""]"	primary_semantic_review	1	Leadership	resolved	author_substring	substring_unique_candidate	Leadership	"[[""Leadership"",""Military""]]"		needs_review	deferred	not_reviewed	semantic_review_draft_not_frozen
1207	Lyric poet	2	Culture	resolved	medium	agent_semantic_review	“Lyric poet”所指工作核心是提供明确的艺术、媒体或文化产业创作与制作服务，属于文化生产、表演或传播职能，归入Culture。	occupation_meaning:Lyric poet：文化创作、表演、媒体传播或文化产品制作/发行职责	bhht_semantic_batch_3	"[""Culture""]"	bhht_semantic_batch_3	0	Culture	resolved	author_substring	substring_unique_candidate	Culture	"[[""Culture"",""Culture-core""]]"	Culture	proposed	deferred	not_reviewed	semantic_review_draft_not_frozen
1208	Notary public	2	Leadership	resolved	medium	agent_semantic_review	核验签署人身份、见证文件签署并办理公证或宣誓等法定程序。	occupation_meaning:核验签署人身份、见证文件签署并办理公证或宣誓等法定程序。	rationale_batch_2	"[""Leadership""]"	bhht_semantic_batch_1	0	Leadership	resolved	author_substring	substring_unique_candidate	Leadership	"[[""Leadership"",""Administration/Law""]]"	Leadership	proposed	deferred	not_reviewed	semantic_review_draft_not_frozen
1211	Software development	2	Discovery/Science	resolved	high	agent_semantic_review	Software development 编写、维护和交付软件程序，属于技术开发。	occupation_meaning:Software development 编写、维护和交付软件程序，属于技术开发。; author_role_analogy:author L1 Discovery/Science	bhht_semantic_batch_2	"[""Discovery/Science""]"	bhht_semantic_batch_2	0	Discovery/Science	resolved	no_author_rule	no_author_rule		[]		needs_review	deferred	not_reviewed	semantic_review_draft_not_frozen
1212	Financial planner	2	Other	resolved	medium	primary_semantic_adjudication	评估客户财务状况并制定储蓄、退休和投资规划，属于专业财务咨询服务，与Investment advisor采用一致口径。	occupation_meaning:客户个人财务规划服务; author_role_analogy:financial_adviser/Worker-Business-small	primary_semantic_review	"[""Other""]"	primary_semantic_review	1	Leadership	resolved	no_author_rule	no_author_rule		[]		needs_review	deferred	not_reviewed	semantic_review_draft_not_frozen
1215	Oil Executive	2	Leadership	resolved	medium	agent_semantic_review	管理石油企业的业务、投资、生产或市场运营，并作出组织层面的经营决策。	occupation_meaning:管理石油企业的业务、投资、生产或市场运营，并作出组织层面的经营决策。	rationale_batch_3	"[""Leadership""]"	bhht_semantic_batch_1	0	Leadership	resolved	author_substring	substring_unique_candidate	Leadership	"[[""Leadership"",""Corporate/Executive/Business (large)""]]"	Leadership	proposed	deferred	not_reviewed	semantic_review_draft_not_frozen
1217	Roboticist	2	Discovery/Science	resolved	high	agent_semantic_review	机器人学家设计、制造或编程机器人系统，测试传感器、控制和机械部件的协同工作。	occupation_meaning:机器人学家设计、制造或编程机器人系统，测试传感器、控制和机械部件的协同工作。	rationale_batch_1	"[""Discovery/Science""]"	bhht_semantic_batch_2	0	Discovery/Science	resolved	no_author_rule	no_author_rule		[]	Discovery/Science	proposed	deferred	not_reviewed	semantic_review_draft_not_frozen
1218	Canadian football player	2	Sports/Games	resolved	high	agent_semantic_review	“Canadian football player”的工作直接围绕体育训练、竞技或比赛规则展开，具体职责是作为选手参加有规则的体育项目训练和竞技，归入Sports/Games。	occupation_meaning:Canadian football player：体育/武术训练、竞技、执裁或队伍管理职责	bhht_semantic_batch_3	"[""Sports/Games""]"	bhht_semantic_batch_3	0	Sports/Games	resolved	author_substring	substring_unique_candidate	Sports/Games	"[[""Sports/Games"",""Sports/Games""]]"	Sports/Games	proposed	deferred	not_reviewed	semantic_review_draft_not_frozen
1219	Didgeridooist	2	Culture	resolved	medium	agent_semantic_review	演奏迪吉里杜管，通过持续气流和节奏变化参与音乐表演。	https://en.wiktionary.org/wiki/didgeridooist	rationale_batch_2	"[""Culture""]"	bhht_semantic_batch_1	0	Culture	resolved	no_author_rule	no_author_rule		[]	Culture	proposed	deferred	not_reviewed	semantic_review_draft_not_frozen
1220	Professional Wrestling Promoter	2	Sports/Games	resolved	medium	primary_semantic_adjudication	组织和推广职业摔角赛事，按体育赛事经营职能归类，与Wrestling Promoter同义。	occupation_meaning:职业摔角赛事组织推广	primary_semantic_review	"[""Sports/Games""]"	primary_semantic_review	1	Sports/Games	resolved	author_substring	substring_unique_candidate	Sports/Games	"[[""Sports/Games"",""Sports/Games""]]"	Sports/Games	proposed	deferred	not_reviewed	semantic_review_draft_not_frozen
1224	Appraiser	2	Other	resolved	medium	agent_semantic_review	“Appraiser”是承担明确的日常服务、普通职业劳动或小规模经营职责的职业称谓，不属于艺术文化、科学技术、公共权力或竞技体育领域，归入Other。	occupation_meaning:Appraiser：明确的日常服务、一般劳动或小规模商业经营职责	bhht_semantic_batch_3	"[""Other""]"	bhht_semantic_batch_3	0	Other	resolved	no_author_rule	no_author_rule		[]		out_of_scope	deferred	not_reviewed	semantic_review_draft_not_frozen
1225	Window dresser	2	Culture	resolved	medium	agent_semantic_review	设计并布置商店橱窗和陈列空间，以展示商品并吸引顾客。	occupation_meaning:设计并布置商店橱窗和陈列空间，以展示商品并吸引顾客。	rationale_batch_3	"[""Culture""]"	bhht_semantic_batch_1	0	Culture	resolved	no_author_rule	no_author_rule		[]	Culture	proposed	deferred	not_reviewed	semantic_review_draft_not_frozen
1226	Editorial Writer	2	Culture	resolved	high	agent_semantic_review	社论作者围绕公共议题撰写机构立场文章或评论，向报刊读者阐释观点和论据。	occupation_meaning:社论作者围绕公共议题撰写机构立场文章或评论，向报刊读者阐释观点和论据。	rationale_batch_1	"[""Culture""]"	bhht_semantic_batch_2	0	Culture	resolved	author_substring	substring_same_l1_multiple_l2	Culture	"[[""Culture"",""Culture-core""],[""Culture"",""Culture-periphery""]]"	Culture	proposed	deferred	not_reviewed	semantic_review_draft_not_frozen
1228	Liaison officer	2	Leadership	resolved	high	agent_semantic_review	“Liaison officer”的职责是在军队或公共安全体系履行指挥、军职或执法责任，对应公共治理、法律/军事/宗教权威或企业金融领导，归入Leadership。	occupation_meaning:Liaison officer：治理、法律、军职、宗教权威、外交或企业金融管理职责	bhht_semantic_batch_3	"[""Leadership""]"	bhht_semantic_batch_3	0	Leadership	resolved	author_substring	substring_unique_candidate	Leadership	"[[""Leadership"",""Military""]]"		needs_review	deferred	not_reviewed	semantic_review_draft_not_frozen
1229	Adjunct Professor	2	Discovery/Science	resolved	medium	agent_semantic_review	按课程合同教授大学课程、准备讲义并评估学生作业和考试。	occupation_meaning:按课程合同教授大学课程、准备讲义并评估学生作业和考试。	rationale_batch_2	"[""Discovery/Science""]"	bhht_semantic_batch_1	0	Discovery/Science	resolved	author_substring	substring_unique_candidate	Discovery/Science	"[[""Discovery/Science"",""Academia""]]"	Discovery/Science	proposed	deferred	not_reviewed	semantic_review_draft_not_frozen
1230	Driller	2	Other	resolved	high	agent_semantic_review	操作钻机和相关工具，在勘探、采矿、建筑或能源作业中钻出规定孔洞。	occupation_meaning:操作钻机和相关工具，在勘探、采矿、建筑或能源作业中钻出规定孔洞。	rationale_batch_3	"[""Other""]"	bhht_semantic_batch_2	0	Other	resolved	no_author_rule	no_author_rule		[]		out_of_scope	deferred	not_reviewed	semantic_review_draft_not_frozen
1231	Turntablist	1	Culture	resolved	medium	agent_semantic_review	“Turntablist”所指工作核心是创作或呈现艺术作品/现场表演，职业产出面向文化受众，属于文化生产、表演或传播职能，归入Culture。	occupation_meaning:Turntablist：文化创作、表演、媒体传播或文化产品制作/发行职责	bhht_semantic_batch_3	"[""Culture""]"	bhht_semantic_batch_3	0	Culture	resolved	no_author_rule	no_author_rule		[]	Culture	proposed	deferred	not_reviewed	semantic_review_draft_not_frozen
1232	Commissioner of Baseball	1	Sports/Games	resolved	high	agent_semantic_review	棒球专员负责职业棒球联盟的赛事规则与联赛管理，属于体育竞赛治理职务。	occupation_meaning:棒球联盟治理	bhht_semantic_batch_1	"[""Sports/Games""]"	bhht_semantic_batch_1	0	Sports/Games	resolved	author_substring	substring_cross_l1_conflict		"[[""Leadership"",""Administration/Law""],[""Sports/Games"",""Sports/Games""]]"	Sports/Games	proposed	deferred	not_reviewed	semantic_review_draft_not_frozen
1233	Payroll (Profession)	1	Other	resolved	high	agent_semantic_review	薪资核算人员计算员工工资、扣款与税费，维护工资记录并安排薪款发放。	occupation_meaning:薪资核算人员计算员工工资、扣款与税费，维护工资记录并安排薪款发放。	rationale_batch_1	"[""Other""]"	bhht_semantic_batch_2	0	Other	resolved	no_author_rule	no_author_rule		[]		out_of_scope	deferred	not_reviewed	semantic_review_draft_not_frozen
1235	primary school headmaster	1	Discovery/Science	resolved	high	agent_semantic_review	Leads a primary school’s educational program, staff, and student instruction; the core institution is academic education.	occupation_meaning:primary school headmaster：科学研究、专业教育、医疗服务或工程技术开发职责	bhht_semantic_batch_3	"[""Discovery/Science""]"	bhht_semantic_batch_3	0	Discovery/Science	resolved	author_substring	substring_unique_candidate	Leadership	"[[""Leadership"",""Corporate/Executive/Business (large)""]]"		needs_review	deferred	not_reviewed	semantic_review_draft_not_frozen
1236	glass artist	1	Culture	resolved	medium	agent_semantic_review	用吹制、熔融、切割或塑形等工艺创作玻璃艺术作品。	occupation_meaning:用吹制、熔融、切割或塑形等工艺创作玻璃艺术作品。	rationale_batch_2	"[""Culture""]"	bhht_semantic_batch_1	0	Culture	resolved	author_substring	substring_unique_candidate	Culture	"[[""Culture"",""Culture-core""]]"	Culture	proposed	deferred	not_reviewed	semantic_review_draft_not_frozen
1237	Open source/Internet technologist	1	Discovery/Science	resolved	high	agent_semantic_review	开发、部署或维护互联网及开放源代码软件技术，并处理相关系统和工具。	occupation_meaning:开发、部署或维护互联网及开放源代码软件技术，并处理相关系统和工具。	rationale_batch_3	"[""Discovery/Science""]"	bhht_semantic_batch_2	0	Discovery/Science	resolved	no_author_rule	no_author_rule		[]	Discovery/Science	proposed	deferred	not_reviewed	semantic_review_draft_not_frozen
1238	Master Quarrier	1	Other	resolved	medium	agent_semantic_review	“Master Quarrier”是承担明确的日常服务、普通职业劳动或小规模经营职责的职业称谓，不属于艺术文化、科学技术、公共权力或竞技体育领域，归入Other。	occupation_meaning:Master Quarrier：明确的日常服务、一般劳动或小规模商业经营职责	bhht_semantic_batch_3	"[""Other""]"	bhht_semantic_batch_3	0	Other	resolved	no_author_rule	no_author_rule		[]		out_of_scope	deferred	not_reviewed	semantic_review_draft_not_frozen
1240	Film Photographer	1	Culture	resolved	medium	agent_semantic_review	电影摄影师使用胶片摄影机拍摄电影画面，控制镜头、曝光和底片处理以形成影像。	occupation_meaning:电影摄影师使用胶片摄影机拍摄电影画面，控制镜头、曝光和底片处理以形成影像。	rationale_batch_1	"[""Culture""]"	bhht_semantic_batch_1	0	Culture	resolved	author_substring	substring_unique_candidate	Culture	"[[""Culture"",""Culture-core""]]"	Culture	proposed	deferred	not_reviewed	semantic_review_draft_not_frozen
1241	Bellhop	1	Other	resolved	high	agent_semantic_review	在酒店迎接客人、搬运行李并引导其前往客房或酒店设施。	occupation_meaning:在酒店迎接客人、搬运行李并引导其前往客房或酒店设施。	rationale_batch_2	"[""Other""]"	bhht_semantic_batch_2	0	Other	resolved	no_author_rule	no_author_rule		[]		out_of_scope	deferred	not_reviewed	semantic_review_draft_not_frozen
1242	Classical Indian Music Performer	1	Culture	resolved	medium	agent_semantic_review	“Classical Indian Music Performer”所指工作核心是创作或呈现艺术作品/现场表演，职业产出面向文化受众，属于文化生产、表演或传播职能，归入Culture。	occupation_meaning:Classical Indian Music Performer：文化创作、表演、媒体传播或文化产品制作/发行职责	bhht_semantic_batch_3	"[""Culture""]"	bhht_semantic_batch_3	0	Culture	resolved	author_substring	substring_unique_candidate	Culture	"[[""Culture"",""Culture-core""]]"	Culture	proposed	deferred	not_reviewed	semantic_review_draft_not_frozen
1244	Cosmetics	1		needs_context	low	agent_semantic_review	可指化妆品行业、商品或相关业务，并非明确岗位。	occupation_meaning:商品/行业名	bhht_semantic_batch_1	[]	bhht_semantic_batch_1	0		needs_context	no_author_rule	no_author_rule		[]		needs_review	deferred	not_reviewed	semantic_review_draft_not_frozen
1245	Handmade soap	1		needs_context	low	agent_semantic_review	这是手工皂产品/制作领域的短语，没有明确说明它表示制作者这一职业。	occupation_meaning:原值只给出泛称、资格、身份或无法确认的文本，需补充具体职责/语境。	bhht_semantic_batch_2	[]	bhht_semantic_batch_2	0		needs_context	no_author_rule	no_author_rule		[]		out_of_scope	deferred	not_reviewed	semantic_review_draft_not_frozen
1246	Soap Maker	1	Other	resolved	medium	agent_semantic_review	“Soap Maker”是承担明确的日常服务、普通职业劳动或小规模经营职责的职业称谓，不属于艺术文化、科学技术、公共权力或竞技体育领域，归入Other。	occupation_meaning:Soap Maker：明确的日常服务、一般劳动或小规模商业经营职责	bhht_semantic_batch_3	"[""Other""]"	bhht_semantic_batch_3	0	Other	resolved	no_author_rule	no_author_rule		[]		out_of_scope	deferred	not_reviewed	semantic_review_draft_not_frozen
1247	Audiologist	1	Discovery/Science	resolved	medium	agent_semantic_review	检查听力和平衡功能，诊断听觉障碍并提供听力康复、助听器评估或治疗服务。	occupation_meaning:检查听力和平衡功能，诊断听觉障碍并提供听力康复、助听器评估或治疗服务。	rationale_batch_3	"[""Discovery/Science""]"	bhht_semantic_batch_1	0	Discovery/Science	resolved	author_substring	substring_unique_candidate	Culture	"[[""Culture"",""Culture-periphery""]]"	Discovery/Science	proposed	deferred	not_reviewed	semantic_review_draft_not_frozen
1248	Computer Graphics Animator	1	Culture	resolved	high	agent_semantic_review	计算机图形动画师制作数字角色、场景和运动，通过建模、绑定与动画帧形成动态图像。	occupation_meaning:计算机图形动画师制作数字角色、场景和运动，通过建模、绑定与动画帧形成动态图像。	rationale_batch_1	"[""Culture""]"	bhht_semantic_batch_2	0	Culture	resolved	author_substring	substring_unique_candidate	Culture	"[[""Culture"",""Culture-core""]]"	Culture	proposed	deferred	not_reviewed	semantic_review_draft_not_frozen
1249	Digital Marketing Consultant	1	Other	resolved	high	agent_semantic_review	Advises a business on planning and improving online advertising and customer acquisition campaigns; this is marketing consulting work.	occupation_meaning:Digital Marketing Consultant：明确的日常服务、一般劳动或小规模商业经营职责	bhht_semantic_batch_3	"[""Other""]"	bhht_semantic_batch_3	0	Other	resolved	author_substring	substring_unique_candidate	Other	"[[""Other"",""Worker/Business (small)""]]"		needs_review	deferred	not_reviewed	semantic_review_draft_not_frozen
1250	Fashion Illustrator	1	Culture	resolved	medium	agent_semantic_review	绘制服装款式、造型和时尚概念图，供设计、编辑或宣传使用。	occupation_meaning:绘制服装款式、造型和时尚概念图，供设计、编辑或宣传使用。	rationale_batch_2	"[""Culture""]"	bhht_semantic_batch_1	0	Culture	resolved	author_substring	substring_unique_candidate	Culture	"[[""Culture"",""Culture-periphery""]]"	Culture	proposed	deferred	not_reviewed	semantic_review_draft_not_frozen
1251	Genetics Counselor	1	Discovery/Science	resolved	high	agent_semantic_review	收集家族史并解释遗传检测风险，帮助个人或家庭理解遗传疾病与生育选择。	occupation_meaning:收集家族史并解释遗传检测风险，帮助个人或家庭理解遗传疾病与生育选择。	rationale_batch_3	"[""Discovery/Science""]"	bhht_semantic_batch_2	0	Discovery/Science	resolved	author_substring	substring_cross_l1_conflict		"[[""Discovery/Science"",""Academia""],[""Other"",""Worker/Business (small)""]]"	Discovery/Science	proposed	deferred	not_reviewed	semantic_review_draft_not_frozen
1252	Boom Operator	1	Culture	resolved	medium	agent_semantic_review	“Boom Operator”所指工作核心是支持或统筹影视、广播、音乐及其他文化内容的制作、技术实现或发行，属于文化生产、表演或传播职能，归入Culture。	occupation_meaning:Boom Operator：文化创作、表演、媒体传播或文化产品制作/发行职责	bhht_semantic_batch_3	"[""Culture""]"	bhht_semantic_batch_3	0	Culture	resolved	author_substring	substring_unique_candidate	Other	"[[""Other"",""Worker/Business (small)""]]"	Culture	proposed	deferred	not_reviewed	semantic_review_draft_not_frozen
1253	Make-Up Designer	1	Culture	resolved	medium	agent_semantic_review	化妆设计师为舞台或影视角色设计妆容方案，选择材料并协调化妆实施以符合人物和镜头需求。	occupation_meaning:化妆设计师为舞台或影视角色设计妆容方案，选择材料并协调化妆实施以符合人物和镜头需求。	rationale_batch_1	"[""Culture""]"	bhht_semantic_batch_1	0	Culture	resolved	author_substring	substring_unique_candidate	Culture	"[[""Culture"",""Culture-periphery""]]"	Culture	proposed	deferred	not_reviewed	semantic_review_draft_not_frozen
1254	Nuclear Physicist	1	Discovery/Science	resolved	high	agent_semantic_review	研究原子核结构、核反应和放射性现象，通过实验或理论模型解释数据。	occupation_meaning:研究原子核结构、核反应和放射性现象，通过实验或理论模型解释数据。	rationale_batch_2	"[""Discovery/Science""]"	bhht_semantic_batch_2	0	Discovery/Science	resolved	author_substring	substring_unique_candidate	Discovery/Science	"[[""Discovery/Science"",""Academia""]]"	Discovery/Science	proposed	deferred	not_reviewed	semantic_review_draft_not_frozen
1256	Visual Effects Technician	1	Culture	resolved	medium	agent_semantic_review	“Visual Effects Technician”所指工作核心是支持或统筹影视、广播、音乐及其他文化内容的制作、技术实现或发行，属于文化生产、表演或传播职能，归入Culture。	occupation_meaning:Visual Effects Technician：文化创作、表演、媒体传播或文化产品制作/发行职责	bhht_semantic_batch_3	"[""Culture""]"	bhht_semantic_batch_3	0	Culture	resolved	author_substring	substring_cross_l1_conflict		"[[""Culture"",""Culture-core""],[""Other"",""Worker/Business (small)""]]"	Culture	proposed	deferred	not_reviewed	semantic_review_draft_not_frozen
1257	Real Tennis Professional	1	Sports/Games	resolved	medium	agent_semantic_review	教授真实网球规则和技术，或以职业选手身份训练并参加真实网球赛事。	occupation_meaning:教授真实网球规则和技术，或以职业选手身份训练并参加真实网球赛事。	rationale_batch_3	"[""Sports/Games""]"	bhht_semantic_batch_1	0	Sports/Games	resolved	author_substring	substring_unique_candidate	Sports/Games	"[[""Sports/Games"",""Sports/Games""]]"	Sports/Games	proposed	deferred	not_reviewed	semantic_review_draft_not_frozen
1258	Intellectual Historian	1	Discovery/Science	resolved	high	agent_semantic_review	思想史学家研究哲学、政治和社会观念在不同时代的形成与传播，利用文本和档案撰写研究。	occupation_meaning:思想史学家研究哲学、政治和社会观念在不同时代的形成与传播，利用文本和档案撰写研究。	rationale_batch_1	"[""Discovery/Science""]"	bhht_semantic_batch_2	0	Discovery/Science	resolved	author_substring	substring_unique_candidate	Discovery/Science	"[[""Discovery/Science"",""Academia""]]"	Discovery/Science	proposed	deferred	not_reviewed	semantic_review_draft_not_frozen
1259	Corrector	1	Culture	resolved	medium	agent_semantic_review	“Corrector”所指工作核心是提供明确的艺术、媒体或文化产业创作与制作服务，属于文化生产、表演或传播职能，归入Culture。	occupation_meaning:Corrector：文化创作、表演、媒体传播或文化产品制作/发行职责	bhht_semantic_batch_3	"[""Culture""]"	bhht_semantic_batch_3	0	Culture	resolved	no_author_rule	no_author_rule		[]		needs_review	deferred	not_reviewed	semantic_review_draft_not_frozen
1260	Plantation owner	1	Leadership	resolved	medium	agent_semantic_review	拥有并经营大型种植园或农业地产，安排土地、劳动力和作物生产经营。	occupation_meaning:拥有并经营大型种植园或农业地产，安排土地、劳动力和作物生产经营。	rationale_batch_2	"[""Leadership""]"	bhht_semantic_batch_1	0	Leadership	resolved	no_author_rule	no_author_rule		[]	Leadership	proposed	deferred	not_reviewed	semantic_review_draft_not_frozen
1261	Milkmaid	1	Other	resolved	high	agent_semantic_review	挤奶并照料奶牛等产奶牲畜，处理牛奶收集和挤奶设备清洁。	occupation_meaning:挤奶并照料奶牛等产奶牲畜，处理牛奶收集和挤奶设备清洁。	rationale_batch_3	"[""Other""]"	bhht_semantic_batch_2	0	Other	resolved	no_author_rule	no_author_rule		[]		out_of_scope	deferred	not_reviewed	semantic_review_draft_not_frozen
1263	Babysitter	1	Other	resolved	medium	agent_semantic_review	“Babysitter”是提供标题所指的日常服务、运输、维修、照护、手工业或一般商业服务的职业称谓，不属于艺术文化、科学技术、公共权力或竞技体育领域，归入Other。	occupation_meaning:Babysitter：明确的日常服务、一般劳动或小规模商业经营职责	bhht_semantic_batch_3	"[""Other""]"	bhht_semantic_batch_3	0	Other	resolved	no_author_rule	no_author_rule		[]		out_of_scope	deferred	not_reviewed	semantic_review_draft_not_frozen
1264	Nurse practitioner	1	Discovery/Science	resolved	medium	agent_semantic_review	执业护士评估患者症状、诊断或处理常见健康问题，制定治疗方案并协调后续护理。	occupation_meaning:执业护士评估患者症状、诊断或处理常见健康问题，制定治疗方案并协调后续护理。	rationale_batch_1	"[""Discovery/Science""]"	bhht_semantic_batch_1	0	Discovery/Science	resolved	author_substring	substring_unique_candidate	Discovery/Science	"[[""Discovery/Science"",""Academia""]]"	Discovery/Science	proposed	deferred	not_reviewed	semantic_review_draft_not_frozen
1265	Diagnostic radiographer	1	Discovery/Science	resolved	high	agent_semantic_review	操作X光、CT等影像设备获取医学图像，并协助患者完成检查定位。	occupation_meaning:操作X光、CT等影像设备获取医学图像，并协助患者完成检查定位。	rationale_batch_2	"[""Discovery/Science""]"	bhht_semantic_batch_2	0	Discovery/Science	resolved	no_author_rule	no_author_rule		[]	Discovery/Science	proposed	deferred	not_reviewed	semantic_review_draft_not_frozen
1266	Hospital corpsman	1	Discovery/Science	resolved	medium	agent_semantic_review	“Hospital corpsman”从事的核心职责是以专门科学知识、学术研究、医疗服务或工程技术为主要职责，其工作属于知识发现、学术/医疗或技术开发，归入Discovery/Science。	occupation_meaning:Hospital corpsman：科学研究、专业教育、医疗服务或工程技术开发职责	bhht_semantic_batch_3	"[""Discovery/Science""]"	bhht_semantic_batch_3	0	Discovery/Science	resolved	no_author_rule	no_author_rule		[]		out_of_scope	deferred	not_reviewed	semantic_review_draft_not_frozen
1267	Children's writer	1	Culture	resolved	medium	agent_semantic_review	为儿童创作故事、诗歌或知识读物，并按年龄读者调整语言和叙事。	occupation_meaning:为儿童创作故事、诗歌或知识读物，并按年龄读者调整语言和叙事。	rationale_batch_3	"[""Culture""]"	bhht_semantic_batch_1	0	Culture	resolved	author_substring	substring_unique_candidate	Culture	"[[""Culture"",""Culture-core""]]"	Culture	proposed	deferred	not_reviewed	semantic_review_draft_not_frozen
1268	VFX creative director	1	Culture	resolved	high	agent_semantic_review	视觉特效创意总监确定项目的特效风格和视觉概念，指导艺术家团队并审核关键镜头效果。	occupation_meaning:视觉特效创意总监确定项目的特效风格和视觉概念，指导艺术家团队并审核关键镜头效果。	rationale_batch_1	"[""Culture""]"	bhht_semantic_batch_2	0	Culture	resolved	author_substring	substring_unique_candidate	Culture	"[[""Culture"",""Culture-core""]]"	Culture	proposed	deferred	not_reviewed	semantic_review_draft_not_frozen
1269	Construction Foreman	1	Other	resolved	medium	agent_semantic_review	“Construction Foreman”是承担明确的日常服务、普通职业劳动或小规模经营职责的职业称谓，不属于艺术文化、科学技术、公共权力或竞技体育领域，归入Other。	occupation_meaning:Construction Foreman：明确的日常服务、一般劳动或小规模商业经营职责	bhht_semantic_batch_3	"[""Other""]"	bhht_semantic_batch_3	0	Other	resolved	author_substring	substring_cross_l1_conflict		"[[""Leadership"",""Corporate/Executive/Business (large)""],[""Other"",""Worker/Business (small)""]]"		needs_review	deferred	not_reviewed	semantic_review_draft_not_frozen
1272	Graphic Artist (Film job) #1	1	Culture	resolved	medium	agent_semantic_review	为电影制作标题卡、片头图形或画面内平面视觉元素。	occupation_meaning:为电影制作标题卡、片头图形或画面内平面视觉元素。	rationale_batch_2	"[""Culture""]"	bhht_semantic_batch_1	0	Culture	resolved	author_substring	substring_unique_candidate	Culture	"[[""Culture"",""Culture-core""]]"	Culture	proposed	deferred	not_reviewed	semantic_review_draft_not_frozen
1274	Costume Supervisor	1	Culture	resolved	high	agent_semantic_review	管理影视或舞台服装部门，采购、制作、试装并维护演出所需服装。	occupation_meaning:管理影视或舞台服装部门，采购、制作、试装并维护演出所需服装。	rationale_batch_3	"[""Culture""]"	bhht_semantic_batch_2	0	Culture	resolved	no_author_rule	no_author_rule		[]	Culture	proposed	deferred	not_reviewed	semantic_review_draft_not_frozen
1275	Software Engineering	1	Discovery/Science	resolved	medium	agent_semantic_review	“Software Engineering”从事的核心职责是从事专业教学、技术设计开发、测试或学术研究，其工作属于知识发现、学术/医疗或技术开发，归入Discovery/Science。	occupation_meaning:Software Engineering：科学研究、专业教育、医疗服务或工程技术开发职责	bhht_semantic_batch_3	"[""Discovery/Science""]"	bhht_semantic_batch_3	0	Discovery/Science	resolved	author_substring	substring_unique_candidate	Discovery/Science	"[[""Discovery/Science"",""Explorer/Inventor/Developer""]]"		needs_review	deferred	not_reviewed	semantic_review_draft_not_frozen
1276	Certified Sex Therapist	1	Discovery/Science	resolved	medium	agent_semantic_review	认证性治疗师评估来访者的性健康困扰，通过专业咨询和治疗方法协助改善关系、功能或心理压力。	occupation_meaning:认证性治疗师评估来访者的性健康困扰，通过专业咨询和治疗方法协助改善关系、功能或心理压力。	rationale_batch_1	"[""Discovery/Science""]"	bhht_semantic_batch_1	0	Discovery/Science	resolved	author_substring	substring_unique_candidate	Discovery/Science	"[[""Discovery/Science"",""Academia""]]"	Discovery/Science	proposed	deferred	not_reviewed	semantic_review_draft_not_frozen
1278	Silent Film Actress	1	Culture	resolved	high	agent_semantic_review	在无声电影中通过面部表情和肢体动作塑造角色并完成镜头表演。	occupation_meaning:在无声电影中通过面部表情和肢体动作塑造角色并完成镜头表演。	rationale_batch_2	"[""Culture""]"	bhht_semantic_batch_2	0	Culture	resolved	author_substring	substring_unique_candidate	Culture	"[[""Culture"",""Culture-core""]]"	Culture	proposed	deferred	not_reviewed	semantic_review_draft_not_frozen
1279	Majordomo	1	Other	resolved	medium	agent_semantic_review	“Majordomo”是承担明确的日常服务、普通职业劳动或小规模经营职责的职业称谓，不属于艺术文化、科学技术、公共权力或竞技体育领域，归入Other。	occupation_meaning:Majordomo：明确的日常服务、一般劳动或小规模商业经营职责	bhht_semantic_batch_3	"[""Other""]"	bhht_semantic_batch_3	0	Other	resolved	no_author_rule	no_author_rule		[]		out_of_scope	deferred	not_reviewed	semantic_review_draft_not_frozen
1280	Makeup Effects Artist	1	Culture	resolved	medium	agent_semantic_review	为影视或舞台演员制作并施用伤痕、怪物、老化等特殊化妆和假体效果。	occupation_meaning:为影视或舞台演员制作并施用伤痕、怪物、老化等特殊化妆和假体效果。	rationale_batch_3	"[""Culture""]"	bhht_semantic_batch_1	0	Culture	resolved	author_substring	substring_unique_candidate	Culture	"[[""Culture"",""Culture-core""]]"	Culture	proposed	deferred	not_reviewed	semantic_review_draft_not_frozen
1281	Special Makeup Effects Artist	1	Culture	resolved	high	agent_semantic_review	特效化妆艺术家制作并应用假体、伤口、怪物或老化妆效，配合影视/舞台角色造型拍摄。	occupation_meaning:特效化妆艺术家制作并应用假体、伤口、怪物或老化妆效，配合影视/舞台角色造型拍摄。	rationale_batch_1	"[""Culture""]"	bhht_semantic_batch_2	0	Culture	resolved	author_substring	substring_unique_candidate	Culture	"[[""Culture"",""Culture-core""]]"	Culture	proposed	deferred	not_reviewed	semantic_review_draft_not_frozen
1282	supermarket executive	1	Leadership	resolved	high	agent_semantic_review	“supermarket executive”的职责是承担机构治理、金融资本配置、商业经营管理或政治公共事务职责，对应公共治理、法律/军事/宗教权威或企业金融领导，归入Leadership。	occupation_meaning:supermarket executive：治理、法律、军职、宗教权威、外交或企业金融管理职责	bhht_semantic_batch_3	"[""Leadership""]"	bhht_semantic_batch_3	0	Leadership	resolved	author_substring	substring_unique_candidate	Leadership	"[[""Leadership"",""Corporate/Executive/Business (large)""]]"	Leadership	proposed	deferred	not_reviewed	semantic_review_draft_not_frozen
1283	United States Post Office Department	1		needs_context	low	agent_semantic_review	这是美国联邦邮政部门机构名称，而非个人职业。	occupation_meaning:政府机构名	bhht_semantic_batch_1	"[""Leadership"",""Other""]"	bhht_semantic_batch_1	0		needs_context	no_author_rule	no_author_rule		[]		needs_review	deferred	not_reviewed	semantic_review_draft_not_frozen
1284	FLMI	1		needs_context	low	agent_semantic_review	FLMI 是保险业教育/专业资格称号，而非足以判定具体岗位的职业名称；持证者可能从事不同职责。	https://www.loma.org/en/professional-development/talent-mobility-suite/flmi/	bhht_semantic_batch_2	"[""Leadership"",""Other""]"	bhht_semantic_batch_2	0		needs_context	no_author_rule	no_author_rule		[]		out_of_scope	deferred	not_reviewed	semantic_review_draft_not_frozen
1285	Rock Climber	1	Sports/Games	resolved	high	agent_semantic_review	“Rock Climber”的工作直接围绕体育训练、竞技或比赛规则展开，具体职责是作为选手参加有规则的体育项目训练和竞技，归入Sports/Games。	occupation_meaning:Rock Climber：体育/武术训练、竞技、执裁或队伍管理职责	bhht_semantic_batch_3	"[""Sports/Games""]"	bhht_semantic_batch_3	0	Sports/Games	resolved	author_substring	substring_cross_l1_conflict		"[[""Culture"",""Culture-core""],[""Sports/Games"",""Sports/Games""]]"	Sports/Games	proposed	deferred	not_reviewed	semantic_review_draft_not_frozen
1286	Fashion Director	1	Culture	resolved	medium	agent_semantic_review	确定时尚品牌或出版物的视觉风格，指导造型、拍摄和服饰内容呈现。	occupation_meaning:确定时尚品牌或出版物的视觉风格，指导造型、拍摄和服饰内容呈现。	rationale_batch_2	"[""Culture""]"	bhht_semantic_batch_1	0	Culture	resolved	no_author_rule	no_author_rule		[]	Culture	proposed	deferred	not_reviewed	semantic_review_draft_not_frozen
1287	Muezzin	1	Leadership	resolved	high	agent_semantic_review	Muezzin 在清真寺宣诵每日礼拜的宣礼词，承担宗教礼仪职务，归入 Leadership。	https://en.wikisource.org/wiki/The_New_International_Encyclop%C3%A6dia/Muezzin	bhht_semantic_batch_2	"[""Leadership""]"	bhht_semantic_batch_2	0	Leadership	resolved	no_author_rule	no_author_rule		[]	Leadership	proposed	deferred	not_reviewed	semantic_review_draft_not_frozen
1289	Rural Mail Carrier	1	Other	resolved	medium	agent_semantic_review	“Rural Mail Carrier”是提供标题所指的日常服务、运输、维修、照护、手工业或一般商业服务的职业称谓，不属于艺术文化、科学技术、公共权力或竞技体育领域，归入Other。	occupation_meaning:Rural Mail Carrier：明确的日常服务、一般劳动或小规模商业经营职责	bhht_semantic_batch_3	"[""Other""]"	bhht_semantic_batch_3	0	Other	resolved	no_author_rule	no_author_rule		[]		out_of_scope	deferred	not_reviewed	semantic_review_draft_not_frozen
1290	Light Artist	1	Culture	resolved	medium	agent_semantic_review	以灯光、投影或发光装置创作艺术作品，并设计作品在展览空间中的呈现。	occupation_meaning:以灯光、投影或发光装置创作艺术作品，并设计作品在展览空间中的呈现。	rationale_batch_3	"[""Culture""]"	bhht_semantic_batch_1	0	Culture	resolved	author_substring	substring_unique_candidate	Culture	"[[""Culture"",""Culture-core""]]"	Culture	proposed	deferred	not_reviewed	semantic_review_draft_not_frozen
1291	Child Psychologist	1	Discovery/Science	resolved	high	agent_semantic_review	儿童心理学家评估儿童的认知、情绪和行为发展，为儿童及家庭提供心理干预或咨询。	occupation_meaning:儿童心理学家评估儿童的认知、情绪和行为发展，为儿童及家庭提供心理干预或咨询。	rationale_batch_1	"[""Discovery/Science""]"	bhht_semantic_batch_2	0	Discovery/Science	resolved	author_substring	substring_cross_l1_conflict		"[[""Discovery/Science"",""Academia""],[""Other"",""Family""]]"	Discovery/Science	proposed	deferred	not_reviewed	semantic_review_draft_not_frozen
1293	Online Marketing Consultant	1	Other	resolved	high	agent_semantic_review	Advises clients on web promotion, search reach, and online campaign choices; this is a consulting service.	occupation_meaning:Online Marketing Consultant：明确的日常服务、一般劳动或小规模商业经营职责	bhht_semantic_batch_3	"[""Other""]"	bhht_semantic_batch_3	0	Other	resolved	author_substring	substring_unique_candidate	Other	"[[""Other"",""Worker/Business (small)""]]"		needs_review	deferred	not_reviewed	semantic_review_draft_not_frozen
1294	Senior Consultant	1		needs_context	low	agent_semantic_review	咨询顾问的服务领域未说明，可能为企业管理或专业技术咨询。	occupation_meaning:顾问职称，领域未明	bhht_semantic_batch_1	"[""Leadership"",""Discovery/Science""]"	bhht_semantic_batch_1	0		needs_context	author_substring	substring_unique_candidate	Other	"[[""Other"",""Worker/Business (small)""]]"		needs_review	deferred	not_reviewed	semantic_review_draft_not_frozen
1295	Grip	1	Culture	resolved	high	agent_semantic_review	影视片场 Grip 搭建和操作摄影机支撑、轨道及照明设备，属于影视制作技术工种。	occupation_meaning:影视片场 Grip 搭建和操作摄影机支撑、轨道及照明设备，属于影视制作技术工种。; author_role_analogy:author L1 Culture	bhht_semantic_batch_2	"[""Culture""]"	bhht_semantic_batch_2	0	Culture	resolved	no_author_rule	no_author_rule		[]	Culture	proposed	deferred	not_reviewed	semantic_review_draft_not_frozen
1296	Wool classing	1	Other	resolved	medium	agent_semantic_review	“Wool classing”是承担明确的日常服务、普通职业劳动或小规模经营职责的职业称谓，不属于艺术文化、科学技术、公共权力或竞技体育领域，归入Other。	occupation_meaning:Wool classing：明确的日常服务、一般劳动或小规模商业经营职责	bhht_semantic_batch_3	"[""Other""]"	bhht_semantic_batch_3	0	Other	resolved	no_author_rule	no_author_rule		[]		out_of_scope	deferred	not_reviewed	semantic_review_draft_not_frozen
1297	Lightworker	1		needs_context	low	agent_semantic_review	新纪元灵性自称语义开放，可指治疗、教学、倡议或创作，无法由该词确定实际职责。	https://en.wiktionary.org/wiki/lightworker	bhht_semantic_batch_1	"[""Culture"",""Discovery/Science"",""Leadership"",""Other""]"	bhht_semantic_batch_1	0		needs_context	author_substring	substring_unique_candidate	Other	"[[""Other"",""Worker/Business (small)""]]"		needs_review	deferred	not_reviewed	semantic_review_draft_not_frozen
1298	Plantsman	1	Other	resolved	high	agent_semantic_review	Plantsman 指熟悉园艺植物与栽培的园艺专家；按园艺栽培这一普通职业职能归 Other。	https://www.oxfordlearnersdictionaries.com/us/definition/english/plantsman	bhht_semantic_batch_2	"[""Other""]"	bhht_semantic_batch_2	0	Other	resolved	no_author_rule	no_author_rule		[]		needs_review	deferred	not_reviewed	semantic_review_draft_not_frozen
1299	Dermatology	1	Discovery/Science	resolved	medium	agent_semantic_review	“Dermatology”从事的核心职责是运用医学专业知识提供诊断、治疗、护理或健康服务，其工作属于知识发现、学术/医疗或技术开发，归入Discovery/Science。	occupation_meaning:Dermatology：科学研究、专业教育、医疗服务或工程技术开发职责	bhht_semantic_batch_3	"[""Discovery/Science""]"	bhht_semantic_batch_3	0	Discovery/Science	resolved	no_author_rule	no_author_rule		[]		needs_review	deferred	not_reviewed	semantic_review_draft_not_frozen
1300	Taxidermist	1	Other	resolved	medium	agent_semantic_review	处理和保存动物皮毛、羽毛或标本，并制作展示用的仿生动物模型。	occupation_meaning:处理和保存动物皮毛、羽毛或标本，并制作展示用的仿生动物模型。	rationale_batch_2	"[""Other""]"	bhht_semantic_batch_1	0	Other	resolved	no_author_rule	no_author_rule		[]		out_of_scope	deferred	not_reviewed	semantic_review_draft_not_frozen
1301	Astrobiologist	1	Discovery/Science	resolved	high	agent_semantic_review	研究地球以外生命存在的可能性及生命在宇宙中的起源、演化和环境条件。	occupation_meaning:研究地球以外生命存在的可能性及生命在宇宙中的起源、演化和环境条件。	rationale_batch_3	"[""Discovery/Science""]"	bhht_semantic_batch_2	0	Discovery/Science	resolved	author_substring	substring_unique_candidate	Discovery/Science	"[[""Discovery/Science"",""Academia""]]"	Discovery/Science	proposed	deferred	not_reviewed	semantic_review_draft_not_frozen
1302	Planetary scientist	1	Discovery/Science	resolved	medium	agent_semantic_review	“Planetary scientist”从事的核心职责是开展该学科的研究、证据分析与知识产出，其工作属于知识发现、学术/医疗或技术开发，归入Discovery/Science。	occupation_meaning:Planetary scientist：科学研究、专业教育、医疗服务或工程技术开发职责	bhht_semantic_batch_3	"[""Discovery/Science""]"	bhht_semantic_batch_3	0	Discovery/Science	resolved	author_substring	substring_unique_candidate	Discovery/Science	"[[""Discovery/Science"",""Academia""]]"	Discovery/Science	proposed	deferred	not_reviewed	semantic_review_draft_not_frozen
1305	Massage therapist	1	Discovery/Science	resolved	medium	agent_semantic_review	按摩治疗师通过按压、揉捏等手法处理软组织，帮助缓解肌肉紧张、疼痛或活动受限。	occupation_meaning:按摩治疗师通过按压、揉捏等手法处理软组织，帮助缓解肌肉紧张、疼痛或活动受限。	rationale_batch_1	"[""Discovery/Science""]"	bhht_semantic_batch_1	0	Discovery/Science	resolved	author_substring	substring_unique_candidate	Discovery/Science	"[[""Discovery/Science"",""Academia""]]"		needs_review	deferred	not_reviewed	semantic_review_draft_not_frozen
1306	Canine Professional	1		needs_context	low	agent_semantic_review	该泛称可能指犬类训练、护理、饲养或其他犬业工作，不能由此确定具体职责类别。	occupation_meaning:原值只给出泛称、资格、身份或无法确认的文本，需补充具体职责/语境。	bhht_semantic_batch_2	"[""Sports/Games"",""Other""]"	bhht_semantic_batch_2	0		needs_context	no_author_rule	no_author_rule		[]		needs_review	deferred	not_reviewed	semantic_review_draft_not_frozen
1307	Tenor Saxophonist	1	Culture	resolved	medium	agent_semantic_review	“Tenor Saxophonist”所指工作核心是提供明确的艺术、媒体或文化产业创作与制作服务，属于文化生产、表演或传播职能，归入Culture。	occupation_meaning:Tenor Saxophonist：文化创作、表演、媒体传播或文化产品制作/发行职责	bhht_semantic_batch_3	"[""Culture""]"	bhht_semantic_batch_3	0	Culture	resolved	author_substring	substring_unique_candidate	Culture	"[[""Culture"",""Culture-core""]]"	Culture	proposed	deferred	not_reviewed	semantic_review_draft_not_frozen
1309	Speculative writer	1	Culture	resolved	medium	agent_semantic_review	创作科幻、奇幻或其他假想世界题材的小说、故事或剧本。	occupation_meaning:创作科幻、奇幻或其他假想世界题材的小说、故事或剧本。	rationale_batch_2	"[""Culture""]"	bhht_semantic_batch_1	0	Culture	resolved	author_substring	substring_unique_candidate	Culture	"[[""Culture"",""Culture-core""]]"	Culture	proposed	deferred	not_reviewed	semantic_review_draft_not_frozen
1310	Tokoyama	1	Other	resolved	medium	primary_semantic_adjudication	为相扑运动员梳理和制作传统发髻的专门理发师；工作核心是发型护理而非参加或执裁竞赛。	occupation_meaning:相扑运动员专门理发服务; author_role_analogy:hairdresser/Other	primary_semantic_review	"[""Other""]"	primary_semantic_review	1	Other	resolved	no_author_rule	no_author_rule		[]		needs_review	deferred	not_reviewed	semantic_review_draft_not_frozen
1311	Web design	1	Culture	resolved	medium	agent_semantic_review	“Web design”所指工作核心是提供明确的艺术、媒体或文化产业创作与制作服务，属于文化生产、表演或传播职能，归入Culture。	occupation_meaning:Web design：文化创作、表演、媒体传播或文化产品制作/发行职责	bhht_semantic_batch_3	"[""Culture""]"	bhht_semantic_batch_3	0	Culture	resolved	no_author_rule	no_author_rule		[]		needs_review	deferred	not_reviewed	semantic_review_draft_not_frozen
1312	Art therapist	1	Discovery/Science	resolved	medium	agent_semantic_review	运用绘画、雕塑等艺术活动帮助来访者表达情绪，并配合治疗目标评估身心状态。	occupation_meaning:运用绘画、雕塑等艺术活动帮助来访者表达情绪，并配合治疗目标评估身心状态。	rationale_batch_3	"[""Discovery/Science""]"	bhht_semantic_batch_1	0	Discovery/Science	resolved	author_substring	substring_unique_candidate	Discovery/Science	"[[""Discovery/Science"",""Academia""]]"		needs_review	deferred	not_reviewed	semantic_review_draft_not_frozen
1314	Poltician	1	Leadership	resolved	high	agent_semantic_review	原值“Poltician”是 politician 的明显拼写误差；按政治人物的公共治理职责归 Leadership。	occupation_meaning:原值“Poltician”是 politician 的明显拼写误差；按政治人物的公共治理职责归 Leadership。; author_role_analogy:author L1 Leadership	bhht_semantic_batch_2	"[""Leadership""]"	bhht_semantic_batch_2	0	Leadership	resolved	no_author_rule	no_author_rule		[]		needs_review	deferred	not_reviewed	semantic_review_draft_not_frozen
1315	Information scientist	1	Discovery/Science	resolved	medium	agent_semantic_review	“Information scientist”从事的核心职责是开展该学科的研究、证据分析与知识产出，其工作属于知识发现、学术/医疗或技术开发，归入Discovery/Science。	occupation_meaning:Information scientist：科学研究、专业教育、医疗服务或工程技术开发职责	bhht_semantic_batch_3	"[""Discovery/Science""]"	bhht_semantic_batch_3	0	Discovery/Science	resolved	author_substring	substring_unique_candidate	Discovery/Science	"[[""Discovery/Science"",""Academia""]]"	Discovery/Science	proposed	deferred	not_reviewed	semantic_review_draft_not_frozen
1316	Prison officer	1	Leadership	resolved	medium	agent_semantic_review	监狱看守监督在押人员、检查牢房并维护秩序，执行押送和安全管理规定。	occupation_meaning:监狱看守监督在押人员、检查牢房并维护秩序，执行押送和安全管理规定。	rationale_batch_1	"[""Leadership""]"	bhht_semantic_batch_1	0	Leadership	resolved	author_substring	substring_unique_candidate	Leadership	"[[""Leadership"",""Military""]]"	Leadership	proposed	deferred	not_reviewed	semantic_review_draft_not_frozen
1317	Sketch Artist	1	Culture	resolved	high	agent_semantic_review	绘制人物、场景或概念草图，用于创作、设计、新闻或调查记录。	occupation_meaning:绘制人物、场景或概念草图，用于创作、设计、新闻或调查记录。	rationale_batch_2	"[""Culture""]"	bhht_semantic_batch_2	0	Culture	resolved	author_substring	substring_unique_candidate	Culture	"[[""Culture"",""Culture-core""]]"	Culture	proposed	deferred	not_reviewed	semantic_review_draft_not_frozen
1318	Production coordinator	1	Culture	resolved	medium	agent_semantic_review	“Production coordinator”所指工作核心是支持或统筹影视、广播、音乐及其他文化内容的制作、技术实现或发行，属于文化生产、表演或传播职能，归入Culture。	occupation_meaning:Production coordinator：文化创作、表演、媒体传播或文化产品制作/发行职责	bhht_semantic_batch_3	"[""Culture""]"	bhht_semantic_batch_3	0	Culture	resolved	no_author_rule	no_author_rule		[]		needs_review	deferred	not_reviewed	semantic_review_draft_not_frozen
1320	Non-commissioned officer	1	Leadership	resolved	medium	agent_semantic_review	担任军士等士官军衔，带领基层士兵、执行训练并落实部队日常纪律和任务。	occupation_meaning:担任军士等士官军衔，带领基层士兵、执行训练并落实部队日常纪律和任务。	rationale_batch_3	"[""Leadership""]"	bhht_semantic_batch_1	0	Leadership	resolved	author_substring	substring_unique_candidate	Leadership	"[[""Leadership"",""Military""]]"	Leadership	proposed	deferred	not_reviewed	semantic_review_draft_not_frozen
1321	Artistic Director (Job title)	1	Culture	resolved	high	agent_semantic_review	艺术总监制定机构或制作项目的艺术方向，选择作品和创作者并统筹节目或展览计划。	occupation_meaning:艺术总监制定机构或制作项目的艺术方向，选择作品和创作者并统筹节目或展览计划。	rationale_batch_1	"[""Culture""]"	bhht_semantic_batch_2	0	Culture	resolved	author_substring	substring_unique_candidate	Culture	"[[""Culture"",""Culture-core""]]"	Culture	proposed	deferred	not_reviewed	semantic_review_draft_not_frozen
1322	College Student	1		needs_context	low	agent_semantic_review	Student is an education status, not a completed occupational role.	occupation_meaning:College Student：仅凭词项无法确定稳定职业职责	bhht_semantic_batch_3	"[""Discovery/Science""]"	bhht_semantic_batch_3	0		needs_context	no_author_rule	no_author_rule		[]		out_of_scope	deferred	not_reviewed	semantic_review_draft_not_frozen
1323	Music Programmer	1	Culture	resolved	medium	agent_semantic_review	在广播或流媒体岗位中策划歌单、选择并安排播放曲目；在录音制作岗位中则用合成器和音序软件编排数字声部，两种工作都直接塑造音乐内容。	https://www.berklee.edu/careers/roles/music-director-radio; https://mescindia.org/images/nos/approved-nos/MES_Q1503_v2.0_Eng.pdf	rationale_batch_2	"[""Culture""]"	bhht_semantic_batch_1	0	Culture	resolved	author_substring	substring_cross_l1_conflict		"[[""Culture"",""Culture-core""],[""Discovery/Science"",""Explorer/Inventor/Developer""]]"	Culture	proposed	deferred	not_reviewed	semantic_review_draft_not_frozen
1324	Cavalryman	1	Leadership	resolved	high	agent_semantic_review	作为骑兵或骑兵部队成员执行侦察、机动作战及军事任务。	occupation_meaning:作为骑兵或骑兵部队成员执行侦察、机动作战及军事任务。	rationale_batch_3	"[""Leadership""]"	bhht_semantic_batch_2	0	Leadership	resolved	no_author_rule	no_author_rule		[]	Leadership	proposed	deferred	not_reviewed	semantic_review_draft_not_frozen
1325	Commanding General, Multi-National Force - Iraq	1	Leadership	resolved	high	agent_semantic_review	“Commanding General, Multi-National Force - Iraq”的职责是在军队或公共安全体系履行指挥、军职或执法责任，对应公共治理、法律/军事/宗教权威或企业金融领导，归入Leadership。	occupation_meaning:Commanding General, Multi-National Force - Iraq：治理、法律、军职、宗教权威、外交或企业金融管理职责	bhht_semantic_batch_3	"[""Leadership""]"	bhht_semantic_batch_3	0	Leadership	resolved	author_substring	substring_unique_candidate	Leadership	"[[""Leadership"",""Military""]]"	Leadership	proposed	deferred	not_reviewed	semantic_review_draft_not_frozen
1326	Psychedelic art	1		needs_context	low	agent_semantic_review	指一种艺术风格/运动而非岗位；如该字段要求职业类别，需进一步确认其映射含义。	occupation_meaning:艺术形式/流派	bhht_semantic_batch_1	"[""Culture""]"	bhht_semantic_batch_1	0		needs_context	no_author_rule	no_author_rule		[]		needs_review	deferred	not_reviewed	semantic_review_draft_not_frozen
1327	Industrial Supplies Merchant Wholesalers	1		needs_context	low	primary_semantic_adjudication	此值像工业用品批发的行业分类而非明确个人岗位，无法区分一般销售服务与公司经营管理。	occupation_meaning:工业用品批发行业分类	primary_semantic_review	"[""Other"", ""Leadership""]"	primary_semantic_review	1	Other	resolved	author_substring	substring_cross_l1_conflict		"[[""Leadership"",""Corporate/Executive/Business (large)""],[""Other"",""Worker/Business (small)""]]"		out_of_scope	deferred	not_reviewed	semantic_review_draft_not_frozen
1328	Car Worker	1	Other	resolved	medium	agent_semantic_review	“Car Worker”是提供标题所指的日常服务、运输、维修、照护、手工业或一般商业服务的职业称谓，不属于艺术文化、科学技术、公共权力或竞技体育领域，归入Other。	occupation_meaning:Car Worker：明确的日常服务、一般劳动或小规模商业经营职责	bhht_semantic_batch_3	"[""Other""]"	bhht_semantic_batch_3	0	Other	resolved	author_substring	substring_unique_candidate	Other	"[[""Other"",""Worker/Business (small)""]]"		out_of_scope	deferred	not_reviewed	semantic_review_draft_not_frozen
1329	Deli Manager	1	Other	resolved	medium	agent_semantic_review	熟食店经理负责小型零售餐饮店的排班、库存与日常服务，不是大型企业治理职位。	occupation_meaning:小型餐饮零售店日常管理	bhht_semantic_batch_1	"[""Other""]"	bhht_semantic_batch_1	0	Other	resolved	author_substring	substring_unique_candidate	Leadership	"[[""Leadership"",""Corporate/Executive/Business (large)""]]"		out_of_scope	deferred	not_reviewed	semantic_review_draft_not_frozen
1330	Historian of Photography	1	Discovery/Science	resolved	high	agent_semantic_review	摄影史研究者研究摄影媒介、作品和历史脉络，属于学术研究而非摄影创作岗位。	occupation_meaning:摄影史研究者研究摄影媒介、作品和历史脉络，属于学术研究而非摄影创作岗位。; author_role_analogy:author L1 Discovery/Science	bhht_semantic_batch_2	"[""Discovery/Science""]"	bhht_semantic_batch_2	0	Discovery/Science	resolved	author_substring	substring_cross_l1_conflict		"[[""Culture"",""Culture-core""],[""Discovery/Science"",""Academia""]]"	Discovery/Science	proposed	deferred	not_reviewed	semantic_review_draft_not_frozen
1331	Horse trader	1	Other	resolved	medium	agent_semantic_review	“Horse trader”是提供标题所指的日常服务、运输、维修、照护、手工业或一般商业服务的职业称谓，不属于艺术文化、科学技术、公共权力或竞技体育领域，归入Other。	occupation_meaning:Horse trader：明确的日常服务、一般劳动或小规模商业经营职责	bhht_semantic_batch_3	"[""Other""]"	bhht_semantic_batch_3	0	Other	resolved	author_substring	substring_unique_candidate	Leadership	"[[""Leadership"",""Corporate/Executive/Business (large)""]]"		needs_review	deferred	not_reviewed	semantic_review_draft_not_frozen
1332	Swimming coach	1	Sports/Games	resolved	medium	agent_semantic_review	安排游泳训练计划，纠正泳姿、转身和配速，并带队准备比赛。	occupation_meaning:安排游泳训练计划，纠正泳姿、转身和配速，并带队准备比赛。	rationale_batch_2	"[""Sports/Games""]"	bhht_semantic_batch_1	0	Sports/Games	resolved	author_substring	substring_unique_candidate	Sports/Games	"[[""Sports/Games"",""Sports/Games""]]"	Sports/Games	proposed	deferred	not_reviewed	semantic_review_draft_not_frozen
1333	Merchant navy	1		needs_context	low	primary_semantic_adjudication	商船队/商船海员群体的泛称，未指明船上技术、运输服务或企业经营职责，暂不强定单类。	occupation_meaning:商业航运群体而非具体船上岗位	primary_semantic_review	"[""Other"", ""Leadership"", ""Discovery/Science""]"	primary_semantic_review	1	Other	resolved	author_substring	substring_same_l1_multiple_l2	Leadership	"[[""Leadership"",""Corporate/Executive/Business (large)""],[""Leadership"",""Military""]]"		needs_review	deferred	not_reviewed	semantic_review_draft_not_frozen
1334	Script coordinator	1	Culture	resolved	medium	agent_semantic_review	“Script coordinator”所指工作核心是支持或统筹影视、广播、音乐及其他文化内容的制作、技术实现或发行，属于文化生产、表演或传播职能，归入Culture。	occupation_meaning:Script coordinator：文化创作、表演、媒体传播或文化产品制作/发行职责	bhht_semantic_batch_3	"[""Culture""]"	bhht_semantic_batch_3	0	Culture	resolved	author_substring	substring_unique_candidate	Culture	"[[""Culture"",""Culture-core""]]"	Culture	proposed	deferred	not_reviewed	semantic_review_draft_not_frozen
1335	musician, mastering engineer	1	Culture	resolved	medium	agent_semantic_review	音乐人兼母带工程师演奏或创作音乐，并对最终混音进行母带处理、响度平衡和音质校正。	occupation_meaning:音乐人兼母带工程师演奏或创作音乐，并对最终混音进行母带处理、响度平衡和音质校正。	rationale_batch_1	"[""Culture""]"	bhht_semantic_batch_1	0	Culture	resolved	author_substring	substring_cross_l1_conflict		"[[""Culture"",""Culture-core""],[""Discovery/Science"",""Explorer/Inventor/Developer""]]"	Culture	proposed	deferred	not_reviewed	semantic_review_draft_not_frozen
1336	Special Effects Creator	1	Culture	resolved	high	agent_semantic_review	为影视或舞台制作设计并实现机械、化学或视觉特效效果。	occupation_meaning:为影视或舞台制作设计并实现机械、化学或视觉特效效果。	rationale_batch_2	"[""Culture""]"	bhht_semantic_batch_2	0	Culture	resolved	author_substring	substring_unique_candidate	Culture	"[[""Culture"",""Culture-core""]]"	Culture	proposed	deferred	not_reviewed	semantic_review_draft_not_frozen
1338	Environmental Writer	1	Culture	resolved	medium	agent_semantic_review	“Environmental Writer”所指工作核心是采访、撰写、编辑、评论或向公众传播文化/媒体内容，属于文化生产、表演或传播职能，归入Culture。	occupation_meaning:Environmental Writer：文化创作、表演、媒体传播或文化产品制作/发行职责	bhht_semantic_batch_3	"[""Culture""]"	bhht_semantic_batch_3	0	Culture	resolved	author_substring	substring_unique_candidate	Culture	"[[""Culture"",""Culture-core""]]"	Culture	proposed	deferred	not_reviewed	semantic_review_draft_not_frozen
1339	Karate Instructor	1	Sports/Games	resolved	medium	agent_semantic_review	教授空手道基本动作、套路和对练，安排训练并指导学员参加考试或比赛。	occupation_meaning:教授空手道基本动作、套路和对练，安排训练并指导学员参加考试或比赛。	rationale_batch_3	"[""Sports/Games""]"	bhht_semantic_batch_1	0	Sports/Games	resolved	author_substring	substring_cross_l1_conflict		"[[""Discovery/Science"",""Academia""],[""Sports/Games"",""Sports/Games""]]"	Sports/Games	proposed	deferred	not_reviewed	semantic_review_draft_not_frozen
1340	Dormitory Matron	1	Other	resolved	high	agent_semantic_review	宿舍舍监安排住宿规则和日常管理，巡查宿舍、处理住户问题并协调清洁或值班人员。	occupation_meaning:宿舍舍监安排住宿规则和日常管理，巡查宿舍、处理住户问题并协调清洁或值班人员。	rationale_batch_1	"[""Other""]"	bhht_semantic_batch_2	0	Other	resolved	no_author_rule	no_author_rule		[]		needs_review	deferred	not_reviewed	semantic_review_draft_not_frozen
1341	Fashion Consultant	1	Culture	resolved	medium	agent_semantic_review	“Fashion Consultant”所指工作核心是提供明确的艺术、媒体或文化产业创作与制作服务，属于文化生产、表演或传播职能，归入Culture。	occupation_meaning:Fashion Consultant：文化创作、表演、媒体传播或文化产品制作/发行职责	bhht_semantic_batch_3	"[""Culture""]"	bhht_semantic_batch_3	0	Culture	resolved	author_substring	substring_unique_candidate	Other	"[[""Other"",""Worker/Business (small)""]]"	Culture	proposed	deferred	not_reviewed	semantic_review_draft_not_frozen
1342	Product Designer	1	Culture	resolved	medium	primary_semantic_adjudication	构思产品的形态、功能和使用体验；本轮按设计职业归Culture，区别于明确从事研发的Design Engineer。	https://www.bls.gov/ooh/arts-and-design/industrial-designers.htm; author_role_analogy:designer/Culture	primary_semantic_review	"[""Culture""]"	primary_semantic_review	1	Culture	resolved	author_substring	substring_unique_candidate	Culture	"[[""Culture"",""Culture-periphery""]]"		needs_review	deferred	not_reviewed	semantic_review_draft_not_frozen
1343	Seashore Hotel	1		needs_context	low	agent_semantic_review	该值看似酒店名称或住宿业务实体，而非个人职业名称，不能据此归入 L1。	occupation_meaning:原值只给出泛称、资格、身份或无法确认的文本，需补充具体职责/语境。	bhht_semantic_batch_2	[]	bhht_semantic_batch_2	0		needs_context	no_author_rule	no_author_rule		[]		needs_review	deferred	not_reviewed	semantic_review_draft_not_frozen
1344	Deputy mayor	1	Leadership	resolved	high	agent_semantic_review	“Deputy mayor”的职责是参与公共政策、政治组织、外交或社会倡议的决策和协调，对应公共治理、法律/军事/宗教权威或企业金融领导，归入Leadership。	occupation_meaning:Deputy mayor：治理、法律、军职、宗教权威、外交或企业金融管理职责	bhht_semantic_batch_3	"[""Leadership""]"	bhht_semantic_batch_3	0	Leadership	resolved	author_substring	substring_unique_candidate	Leadership	"[[""Leadership"",""Politics""]]"	Leadership	proposed	deferred	not_reviewed	semantic_review_draft_not_frozen
1345	System Administrator	1	Discovery/Science	resolved	medium	agent_semantic_review	配置服务器和账户权限，监控系统运行并维护组织计算机网络和数据服务。	occupation_meaning:配置服务器和账户权限，监控系统运行并维护组织计算机网络和数据服务。	rationale_batch_2	"[""Discovery/Science""]"	bhht_semantic_batch_1	0	Discovery/Science	resolved	author_substring	substring_unique_candidate	Leadership	"[[""Leadership"",""Administration/Law""]]"		needs_review	deferred	not_reviewed	semantic_review_draft_not_frozen
1346	Agricultural Agent	1		needs_context	low	agent_semantic_review	可能指农业推广顾问、商业代理或政府农业职员，职责语境不足以在学术、治理或普通服务之间判定。	occupation_meaning:原值只给出泛称、资格、身份或无法确认的文本，需补充具体职责/语境。	bhht_semantic_batch_2	"[""Discovery/Science"",""Leadership"",""Other""]"	bhht_semantic_batch_2	0		needs_context	no_author_rule	no_author_rule		[]		needs_review	deferred	not_reviewed	semantic_review_draft_not_frozen
1347	Metalsmith	1	Other	resolved	medium	agent_semantic_review	“Metalsmith”是承担明确的日常服务、普通职业劳动或小规模经营职责的职业称谓，不属于艺术文化、科学技术、公共权力或竞技体育领域，归入Other。	occupation_meaning:Metalsmith：明确的日常服务、一般劳动或小规模商业经营职责	bhht_semantic_batch_3	"[""Other""]"	bhht_semantic_batch_3	0	Other	resolved	no_author_rule	no_author_rule		[]		out_of_scope	deferred	not_reviewed	semantic_review_draft_not_frozen
1348	machineworker	1	Other	resolved	medium	agent_semantic_review	在工厂操作或维护机器设备，按工艺要求加工材料或生产零部件。	occupation_meaning:在工厂操作或维护机器设备，按工艺要求加工材料或生产零部件。	rationale_batch_3	"[""Other""]"	bhht_semantic_batch_1	0	Other	resolved	author_substring	substring_unique_candidate	Other	"[[""Other"",""Worker/Business (small)""]]"		out_of_scope	deferred	not_reviewed	semantic_review_draft_not_frozen
1349	Director of Special Effects	1	Culture	resolved	high	agent_semantic_review	特效总监负责规划并监督影视作品中的视觉/物理特效制作，属于影视制作职能。	occupation_meaning:特效总监负责规划并监督影视作品中的视觉/物理特效制作，属于影视制作职能。; author_role_analogy:author L1 Culture	bhht_semantic_batch_2	"[""Culture""]"	bhht_semantic_batch_2	0	Culture	resolved	author_substring	substring_unique_candidate	Culture	"[[""Culture"",""Culture-core""]]"	Culture	proposed	deferred	not_reviewed	semantic_review_draft_not_frozen
1350	Film cinematographer	1	Culture	resolved	medium	agent_semantic_review	“Film cinematographer”所指工作核心是创作或呈现艺术作品/现场表演，职业产出面向文化受众，属于文化生产、表演或传播职能，归入Culture。	occupation_meaning:Film cinematographer：文化创作、表演、媒体传播或文化产品制作/发行职责	bhht_semantic_batch_3	"[""Culture""]"	bhht_semantic_batch_3	0	Culture	resolved	author_substring	substring_unique_candidate	Culture	"[[""Culture"",""Culture-core""]]"	Culture	proposed	deferred	not_reviewed	semantic_review_draft_not_frozen
1351	Distillery Worker	1	Other	resolved	medium	agent_semantic_review	酿酒厂工人操作发酵、蒸馏、过滤或装瓶设备，清洁生产线并协助制作酒类产品。	occupation_meaning:酿酒厂工人操作发酵、蒸馏、过滤或装瓶设备，清洁生产线并协助制作酒类产品。	rationale_batch_1	"[""Other""]"	bhht_semantic_batch_1	0	Other	resolved	author_substring	substring_unique_candidate	Other	"[[""Other"",""Worker/Business (small)""]]"		out_of_scope	deferred	not_reviewed	semantic_review_draft_not_frozen
1352	Logger	1	Other	resolved	high	agent_semantic_review	砍伐树木并将木材切割、装载和运出林区。	occupation_meaning:砍伐树木并将木材切割、装载和运出林区。	rationale_batch_2	"[""Other""]"	bhht_semantic_batch_2	0	Other	resolved	no_author_rule	no_author_rule		[]		out_of_scope	deferred	not_reviewed	semantic_review_draft_not_frozen
1353	Company Secretary	1	Leadership	resolved	high	agent_semantic_review	“Company Secretary”的职责是承担机构治理、金融资本配置、商业经营管理或政治公共事务职责，对应公共治理、法律/军事/宗教权威或企业金融领导，归入Leadership。	occupation_meaning:Company Secretary：治理、法律、军职、宗教权威、外交或企业金融管理职责	bhht_semantic_batch_3	"[""Leadership""]"	bhht_semantic_batch_3	0	Leadership	resolved	author_substring	substring_unique_candidate	Leadership	"[[""Leadership"",""Politics""]]"	Leadership	proposed	deferred	not_reviewed	semantic_review_draft_not_frozen
1354	Cognitive Psychologist	1	Discovery/Science	resolved	high	agent_semantic_review	认知心理学家研究记忆、注意、学习等心理过程，属于科学/学术研究。	occupation_meaning:认知心理研究	bhht_semantic_batch_1	"[""Discovery/Science""]"	bhht_semantic_batch_1	0	Discovery/Science	resolved	author_substring	substring_unique_candidate	Discovery/Science	"[[""Discovery/Science"",""Academia""]]"	Discovery/Science	proposed	deferred	not_reviewed	semantic_review_draft_not_frozen
1355	Gymnastics Teacher	1	Sports/Games	resolved	high	agent_semantic_review	教授体操课程和器械动作，安排学生练习并监督动作安全与技能进度。	occupation_meaning:教授体操课程和器械动作，安排学生练习并监督动作安全与技能进度。	rationale_batch_3	"[""Sports/Games""]"	bhht_semantic_batch_2	0	Sports/Games	resolved	author_substring	substring_cross_l1_conflict		"[[""Discovery/Science"",""Academia""],[""Sports/Games"",""Sports/Games""]]"	Sports/Games	proposed	deferred	not_reviewed	semantic_review_draft_not_frozen
1357	Clinical Systems Analyst	1	Discovery/Science	resolved	medium	agent_semantic_review	“Clinical Systems Analyst”从事的核心职责是从事专业教学、技术设计开发、测试或学术研究，其工作属于知识发现、学术/医疗或技术开发，归入Discovery/Science。	occupation_meaning:Clinical Systems Analyst：科学研究、专业教育、医疗服务或工程技术开发职责	bhht_semantic_batch_3	"[""Discovery/Science""]"	bhht_semantic_batch_3	0	Discovery/Science	resolved	author_substring	substring_unique_candidate	Other	"[[""Other"",""Worker/Business (small)""]]"	Discovery/Science	proposed	deferred	not_reviewed	semantic_review_draft_not_frozen
1358	Occupational Therapy Educator	1	Discovery/Science	resolved	medium	agent_semantic_review	职业治疗教育者讲授职业治疗理论和临床方法，设计课程并指导学生进行实习训练。	occupation_meaning:职业治疗教育者讲授职业治疗理论和临床方法，设计课程并指导学生进行实习训练。	rationale_batch_1	"[""Discovery/Science""]"	bhht_semantic_batch_1	0	Discovery/Science	resolved	author_substring	substring_unique_candidate	Discovery/Science	"[[""Discovery/Science"",""Academia""]]"	Discovery/Science	proposed	deferred	not_reviewed	semantic_review_draft_not_frozen
1359	Surgical Nurse	1	Discovery/Science	resolved	high	agent_semantic_review	在手术前后照护患者，准备器械并协助手术团队维持无菌和安全流程。	occupation_meaning:在手术前后照护患者，准备器械并协助手术团队维持无菌和安全流程。	rationale_batch_2	"[""Discovery/Science""]"	bhht_semantic_batch_2	0	Discovery/Science	resolved	author_substring	substring_unique_candidate	Discovery/Science	"[[""Discovery/Science"",""Academia""]]"	Discovery/Science	proposed	deferred	not_reviewed	semantic_review_draft_not_frozen
1360	Child Psychiatrist	1	Discovery/Science	resolved	medium	agent_semantic_review	“Child Psychiatrist”从事的核心职责是运用医学专业知识提供诊断、治疗、护理或健康服务，其工作属于知识发现、学术/医疗或技术开发，归入Discovery/Science。	occupation_meaning:Child Psychiatrist：科学研究、专业教育、医疗服务或工程技术开发职责	bhht_semantic_batch_3	"[""Discovery/Science""]"	bhht_semantic_batch_3	0	Discovery/Science	resolved	author_substring	substring_cross_l1_conflict		"[[""Discovery/Science"",""Academia""],[""Other"",""Family""]]"	Discovery/Science	proposed	deferred	not_reviewed	semantic_review_draft_not_frozen
1361	Drama Critic	1	Culture	resolved	medium	agent_semantic_review	观看戏剧演出并撰写评论，分析剧本、表演、导演和舞台制作效果。	occupation_meaning:观看戏剧演出并撰写评论，分析剧本、表演、导演和舞台制作效果。	rationale_batch_3	"[""Culture""]"	bhht_semantic_batch_1	0	Culture	resolved	author_substring	substring_same_l1_multiple_l2	Culture	"[[""Culture"",""Culture-core""],[""Culture"",""Culture-periphery""]]"	Culture	proposed	deferred	not_reviewed	semantic_review_draft_not_frozen
1362	Automotive design	1	Culture	resolved	medium	primary_semantic_adjudication	汽车外形、产品形态与使用体验的设计领域，按作者designer与本轮Industrial designer口径归Culture；未明确研发工程师职务。	https://www.bls.gov/ooh/arts-and-design/industrial-designers.htm; author_role_analogy:designer/Culture	primary_semantic_review	"[""Culture""]"	primary_semantic_review	1	Discovery/Science	resolved	no_author_rule	no_author_rule		[]		needs_review	deferred	not_reviewed	semantic_review_draft_not_frozen
1363	Electrical contractor	1	Other	resolved	medium	agent_semantic_review	“Electrical contractor”是提供标题所指的日常服务、运输、维修、照护、手工业或一般商业服务的职业称谓，不属于艺术文化、科学技术、公共权力或竞技体育领域，归入Other。	occupation_meaning:Electrical contractor：明确的日常服务、一般劳动或小规模商业经营职责	bhht_semantic_batch_3	"[""Other""]"	bhht_semantic_batch_3	0	Other	resolved	no_author_rule	no_author_rule		[]		out_of_scope	deferred	not_reviewed	semantic_review_draft_not_frozen
1364	Transient laborer	1	Other	resolved	medium	agent_semantic_review	临时劳工在短期或流动工作中承担搬运、施工、农务等体力任务，随项目更换雇主或地点。	occupation_meaning:临时劳工在短期或流动工作中承担搬运、施工、农务等体力任务，随项目更换雇主或地点。	rationale_batch_1	"[""Other""]"	bhht_semantic_batch_1	0	Other	resolved	author_substring	substring_unique_candidate	Other	"[[""Other"",""Worker/Business (small)""]]"		out_of_scope	deferred	not_reviewed	semantic_review_draft_not_frozen
1365	First Assistant Director	1	Culture	resolved	high	agent_semantic_review	协助导演制定拍摄计划、管理片场秩序并协调演员与各部门按通告执行。	occupation_meaning:协助导演制定拍摄计划、管理片场秩序并协调演员与各部门按通告执行。	rationale_batch_2	"[""Culture""]"	bhht_semantic_batch_2	0	Culture	resolved	no_author_rule	no_author_rule		[]	Culture	proposed	deferred	not_reviewed	semantic_review_draft_not_frozen
1366	Assistant Director	1	Culture	resolved	medium	agent_semantic_review	“Assistant Director”所指工作核心是支持或统筹影视、广播、音乐及其他文化内容的制作、技术实现或发行，属于文化生产、表演或传播职能，归入Culture。	occupation_meaning:Assistant Director：文化创作、表演、媒体传播或文化产品制作/发行职责	bhht_semantic_batch_3	"[""Culture""]"	bhht_semantic_batch_3	0	Culture	resolved	no_author_rule	no_author_rule		[]	Culture	proposed	deferred	not_reviewed	semantic_review_draft_not_frozen
1367	port worker	1	Other	resolved	medium	agent_semantic_review	在港口装卸、搬运、仓储或维护货物和码头设备，支持船舶靠泊作业。	occupation_meaning:在港口装卸、搬运、仓储或维护货物和码头设备，支持船舶靠泊作业。	rationale_batch_3	"[""Other""]"	bhht_semantic_batch_1	0	Other	resolved	author_substring	substring_unique_candidate	Other	"[[""Other"",""Worker/Business (small)""]]"		out_of_scope	deferred	not_reviewed	semantic_review_draft_not_frozen
1368	Stage combat	1	Culture	resolved	high	agent_semantic_review	Stage combat 是舞台/影视表演中的编排式打斗设计和排演，属于表演制作。	occupation_meaning:Stage combat 是舞台/影视表演中的编排式打斗设计和排演，属于表演制作。; author_role_analogy:author L1 Culture	bhht_semantic_batch_2	"[""Culture""]"	bhht_semantic_batch_2	0	Culture	resolved	author_substring	substring_unique_candidate	Culture	"[[""Culture"",""Culture-core""]]"		needs_review	deferred	not_reviewed	semantic_review_draft_not_frozen
1369	Woodcutter	1	Other	resolved	medium	agent_semantic_review	“Woodcutter”是提供标题所指的日常服务、运输、维修、照护、手工业或一般商业服务的职业称谓，不属于艺术文化、科学技术、公共权力或竞技体育领域，归入Other。	occupation_meaning:Woodcutter：明确的日常服务、一般劳动或小规模商业经营职责	bhht_semantic_batch_3	"[""Other""]"	bhht_semantic_batch_3	0	Other	resolved	no_author_rule	no_author_rule		[]		out_of_scope	deferred	not_reviewed	semantic_review_draft_not_frozen
1370	Aeronautics instructor	1	Discovery/Science	resolved	medium	agent_semantic_review	航空学教师讲授飞行、航空工程或空气动力学知识，准备课程、实验和学生训练。	occupation_meaning:航空学教师讲授飞行、航空工程或空气动力学知识，准备课程、实验和学生训练。	rationale_batch_1	"[""Discovery/Science""]"	bhht_semantic_batch_1	0	Discovery/Science	resolved	author_substring	substring_unique_candidate	Discovery/Science	"[[""Discovery/Science"",""Academia""]]"	Discovery/Science	proposed	deferred	not_reviewed	semantic_review_draft_not_frozen
1371	Pool Player	1	Sports/Games	resolved	high	agent_semantic_review	参加台球比赛，运用球杆击球、控制母球位置并按规则完成局面。	occupation_meaning:参加台球比赛，运用球杆击球、控制母球位置并按规则完成局面。	rationale_batch_2	"[""Sports/Games""]"	bhht_semantic_batch_2	0	Sports/Games	resolved	author_substring	substring_unique_candidate	Sports/Games	"[[""Sports/Games"",""Sports/Games""]]"	Sports/Games	proposed	deferred	not_reviewed	semantic_review_draft_not_frozen
1372	Bioengineer	1	Discovery/Science	resolved	medium	agent_semantic_review	“Bioengineer”从事的核心职责是从事专业教学、技术设计开发、测试或学术研究，其工作属于知识发现、学术/医疗或技术开发，归入Discovery/Science。	occupation_meaning:Bioengineer：科学研究、专业教育、医疗服务或工程技术开发职责	bhht_semantic_batch_3	"[""Discovery/Science""]"	bhht_semantic_batch_3	0	Discovery/Science	resolved	author_substring	substring_unique_candidate	Discovery/Science	"[[""Discovery/Science"",""Explorer/Inventor/Developer""]]"	Discovery/Science	proposed	deferred	not_reviewed	semantic_review_draft_not_frozen
1373	Cornerman	1	Sports/Games	resolved	medium	agent_semantic_review	在拳击或格斗比赛间歇为选手递水、处理伤情、提供战术建议并协助教练团队。	occupation_meaning:在拳击或格斗比赛间歇为选手递水、处理伤情、提供战术建议并协助教练团队。	rationale_batch_3	"[""Sports/Games""]"	bhht_semantic_batch_1	0	Sports/Games	resolved	no_author_rule	no_author_rule		[]		needs_review	deferred	not_reviewed	semantic_review_draft_not_frozen
1374	Carmelite Friar	1	Leadership	resolved	high	agent_semantic_review	加尔默罗会修士遵守修会生活和祈祷规范，参与宗教礼仪、共同体服务或牧灵工作。	occupation_meaning:加尔默罗会修士遵守修会生活和祈祷规范，参与宗教礼仪、共同体服务或牧灵工作。	rationale_batch_1	"[""Leadership""]"	bhht_semantic_batch_2	0	Leadership	resolved	author_substring	substring_unique_candidate	Leadership	"[[""Leadership"",""Religious""]]"	Leadership	proposed	deferred	not_reviewed	semantic_review_draft_not_frozen
1375	Federal Government of Canada	1		needs_context	low	agent_semantic_review	This is the name of a government institution, not an individual occupational role.	occupation_meaning:Federal Government of Canada：仅凭词项无法确定稳定职业职责	bhht_semantic_batch_3	[]	bhht_semantic_batch_3	0		needs_context	author_substring	substring_unique_candidate	Leadership	"[[""Leadership"",""Politics""]]"		out_of_scope	deferred	not_reviewed	semantic_review_draft_not_frozen
1376	Buccaneer	1	Other	resolved	medium	agent_semantic_review	历史上从事海上掠夺或受私掠许可袭击敌对船只，属于海盗/犯罪身份。	occupation_meaning:历史上从事海上掠夺或受私掠许可袭击敌对船只，属于海盗/犯罪身份。	rationale_batch_2	"[""Other""]"	bhht_semantic_batch_1	0	Other	resolved	no_author_rule	no_author_rule		[]		out_of_scope	deferred	not_reviewed	semantic_review_draft_not_frozen
1377	Assayer	1	Discovery/Science	resolved	high	agent_semantic_review	取样并检测矿石、金属或贵金属的成分与纯度，出具化验或品位结果。	occupation_meaning:取样并检测矿石、金属或贵金属的成分与纯度，出具化验或品位结果。	rationale_batch_3	"[""Discovery/Science""]"	bhht_semantic_batch_2	0	Discovery/Science	resolved	no_author_rule	no_author_rule		[]	Discovery/Science	proposed	deferred	not_reviewed	semantic_review_draft_not_frozen
1378	Frame Gilder	1	Culture	resolved	medium	agent_semantic_review	“Frame Gilder”所指工作核心是提供明确的艺术、媒体或文化产业创作与制作服务，属于文化生产、表演或传播职能，归入Culture。	occupation_meaning:Frame Gilder：文化创作、表演、媒体传播或文化产品制作/发行职责	bhht_semantic_batch_3	"[""Culture""]"	bhht_semantic_batch_3	0	Culture	resolved	no_author_rule	no_author_rule		[]		out_of_scope	deferred	not_reviewed	semantic_review_draft_not_frozen
1379	Maritime Archaeologist	1	Discovery/Science	resolved	medium	agent_semantic_review	海事考古学家调查、测绘和发掘沉船及水下遗址，记录并保护文物以研究航海历史。	occupation_meaning:海事考古学家调查、测绘和发掘沉船及水下遗址，记录并保护文物以研究航海历史。	rationale_batch_1	"[""Discovery/Science""]"	bhht_semantic_batch_1	0	Discovery/Science	resolved	author_substring	substring_unique_candidate	Discovery/Science	"[[""Discovery/Science"",""Academia""]]"	Discovery/Science	proposed	deferred	not_reviewed	semantic_review_draft_not_frozen
1380	Clasics Violin Teacher	1	Culture	resolved	high	agent_semantic_review	教授古典小提琴演奏、读谱和乐曲诠释，通过练习纠正技巧并培养表演能力。	occupation_meaning:教授古典小提琴演奏、读谱和乐曲诠释，通过练习纠正技巧并培养表演能力。	rationale_batch_2	"[""Culture""]"	bhht_semantic_batch_2	0	Culture	resolved	author_substring	substring_cross_l1_conflict		"[[""Culture"",""Culture-core""],[""Discovery/Science"",""Academia""]]"		needs_review	deferred	not_reviewed	semantic_review_draft_not_frozen
1381	Fencing master	1	Sports/Games	resolved	high	agent_semantic_review	“Fencing master”的工作直接围绕体育训练、竞技或比赛规则展开，具体职责是参与体育项目的训练、竞技或赛事组织，归入Sports/Games。	occupation_meaning:Fencing master：体育/武术训练、竞技、执裁或队伍管理职责	bhht_semantic_batch_3	"[""Sports/Games""]"	bhht_semantic_batch_3	0	Sports/Games	resolved	author_substring	substring_unique_candidate	Sports/Games	"[[""Sports/Games"",""Sports/Games""]]"	Sports/Games	proposed	deferred	not_reviewed	semantic_review_draft_not_frozen
1384	Cavalry Officer	1	Leadership	resolved	medium	agent_semantic_review	指挥或管理骑兵部队，组织训练、部署机动单位并执行军事命令。	occupation_meaning:指挥或管理骑兵部队，组织训练、部署机动单位并执行军事命令。	rationale_batch_3	"[""Leadership""]"	bhht_semantic_batch_1	0	Leadership	resolved	author_substring	substring_unique_candidate	Leadership	"[[""Leadership"",""Military""]]"	Leadership	proposed	deferred	not_reviewed	semantic_review_draft_not_frozen
1386	PR Expert	1	Culture	resolved	high	agent_semantic_review	公关专家为客户制定传播与声誉策略，撰写对外信息、回应媒体并处理公共沟通问题。	occupation_meaning:公关专家为客户制定传播与声誉策略，撰写对外信息、回应媒体并处理公共沟通问题。	rationale_batch_1	"[""Culture""]"	bhht_semantic_batch_2	0	Culture	resolved	no_author_rule	no_author_rule		[]		needs_review	deferred	not_reviewed	semantic_review_draft_not_frozen
1387	Mastering engineer	1	Culture	resolved	medium	agent_semantic_review	“Mastering engineer”所指工作核心是支持或统筹影视、广播、音乐及其他文化内容的制作、技术实现或发行，属于文化生产、表演或传播职能，归入Culture。	occupation_meaning:Mastering engineer：文化创作、表演、媒体传播或文化产品制作/发行职责	bhht_semantic_batch_3	"[""Culture""]"	bhht_semantic_batch_3	0	Culture	resolved	author_substring	substring_unique_candidate	Discovery/Science	"[[""Discovery/Science"",""Explorer/Inventor/Developer""]]"	Culture	proposed	deferred	not_reviewed	semantic_review_draft_not_frozen
1390	Herald	1		needs_context	low	agent_semantic_review	可指历史上的纹章官/使者，也可能是报刊名称或现代媒体岗位，需语境。	occupation_meaning:历史官职或媒体多义词	bhht_semantic_batch_1	"[""Leadership"",""Culture""]"	bhht_semantic_batch_1	0		needs_context	no_author_rule	no_author_rule		[]		needs_review	deferred	not_reviewed	semantic_review_draft_not_frozen
1391	Rum-running	1	Other	resolved	high	agent_semantic_review	在禁酒或管制时期秘密运输、销售酒类以逃避法律检查。	occupation_meaning:在禁酒或管制时期秘密运输、销售酒类以逃避法律检查。	rationale_batch_2	"[""Other""]"	bhht_semantic_batch_2	0	Other	resolved	author_substring	substring_unique_candidate	Sports/Games	"[[""Sports/Games"",""Sports/Games""]]"		out_of_scope	deferred	not_reviewed	semantic_review_draft_not_frozen
1393	Upholsterer	1	Other	resolved	medium	agent_semantic_review	“Upholsterer”是承担明确的日常服务、普通职业劳动或小规模经营职责的职业称谓，不属于艺术文化、科学技术、公共权力或竞技体育领域，归入Other。	occupation_meaning:Upholsterer：明确的日常服务、一般劳动或小规模商业经营职责	bhht_semantic_batch_3	"[""Other""]"	bhht_semantic_batch_3	0	Other	resolved	no_author_rule	no_author_rule		[]		out_of_scope	deferred	not_reviewed	semantic_review_draft_not_frozen
1394	Neurobiologist	1	Discovery/Science	resolved	high	agent_semantic_review	神经生物学家研究神经系统的结构与功能，属于生命科学研究。	occupation_meaning:神经系统研究	bhht_semantic_batch_1	"[""Discovery/Science""]"	bhht_semantic_batch_1	0	Discovery/Science	resolved	author_substring	substring_unique_candidate	Discovery/Science	"[[""Discovery/Science"",""Academia""]]"	Discovery/Science	proposed	deferred	not_reviewed	semantic_review_draft_not_frozen
1395	Shoemaking	1	Other	resolved	high	agent_semantic_review	裁切鞋面和鞋底材料并进行缝合、粘合或修整，制作或修理鞋履。	occupation_meaning:裁切鞋面和鞋底材料并进行缝合、粘合或修整，制作或修理鞋履。	rationale_batch_3	"[""Other""]"	bhht_semantic_batch_2	0	Other	resolved	no_author_rule	no_author_rule		[]		out_of_scope	deferred	not_reviewed	semantic_review_draft_not_frozen
1399	Church of Aphrodite	1		needs_context	low	agent_semantic_review	This is an organization/religious affiliation label rather than a defined occupation.	occupation_meaning:Church of Aphrodite：仅凭词项无法确定稳定职业职责	bhht_semantic_batch_3	[]	bhht_semantic_batch_3	0		needs_context	author_substring	substring_unique_candidate	Leadership	"[[""Leadership"",""Religious""]]"		out_of_scope	deferred	not_reviewed	semantic_review_draft_not_frozen
1400	Clinical Psychiatrist	1	Discovery/Science	resolved	high	agent_semantic_review	临床精神科医师诊断和治疗精神障碍，属于医疗专业服务。	occupation_meaning:精神疾病临床诊治	bhht_semantic_batch_1	"[""Discovery/Science""]"	bhht_semantic_batch_1	0	Discovery/Science	resolved	author_substring	substring_unique_candidate	Discovery/Science	"[[""Discovery/Science"",""Academia""]]"	Discovery/Science	proposed	deferred	not_reviewed	semantic_review_draft_not_frozen
1402	Multi Media Artist	1	Culture	resolved	high	agent_semantic_review	多媒体艺术家综合影像、声音、数字技术和装置材料创作跨媒介艺术作品。	occupation_meaning:多媒体艺术家综合影像、声音、数字技术和装置材料创作跨媒介艺术作品。	rationale_batch_1	"[""Culture""]"	bhht_semantic_batch_2	0	Culture	resolved	author_substring	substring_same_l1_multiple_l2	Culture	"[[""Culture"",""Culture-core""],[""Culture"",""Culture-periphery""]]"	Culture	proposed	deferred	not_reviewed	semantic_review_draft_not_frozen
1403	Business Manager	1	Leadership	resolved	high	agent_semantic_review	“Business Manager”的职责是承担机构治理、金融资本配置、商业经营管理或政治公共事务职责，对应公共治理、法律/军事/宗教权威或企业金融领导，归入Leadership。	occupation_meaning:Business Manager：治理、法律、军职、宗教权威、外交或企业金融管理职责	bhht_semantic_batch_3	"[""Leadership""]"	bhht_semantic_batch_3	0	Leadership	resolved	author_substring	substring_unique_candidate	Leadership	"[[""Leadership"",""Corporate/Executive/Business (large)""]]"	Leadership	proposed	deferred	not_reviewed	semantic_review_draft_not_frozen
1404	Proofreader	1	Culture	resolved	medium	agent_semantic_review	逐字检查稿件中的拼写、标点、格式和排版错误，确保出版文件准确一致。	occupation_meaning:逐字检查稿件中的拼写、标点、格式和排版错误，确保出版文件准确一致。	rationale_batch_2	"[""Culture""]"	bhht_semantic_batch_1	0	Culture	resolved	no_author_rule	no_author_rule		[]	Culture	proposed	deferred	not_reviewed	semantic_review_draft_not_frozen
1405	Security Firm Chief	1	Leadership	resolved	medium	agent_semantic_review	经营私人安保公司，管理安保人员、客户合同、现场服务和公司运营。	occupation_meaning:经营私人安保公司，管理安保人员、客户合同、现场服务和公司运营。	rationale_batch_3	"[""Leadership""]"	bhht_semantic_batch_2	0	Leadership	resolved	no_author_rule	no_author_rule		[]	Leadership	proposed	deferred	not_reviewed	semantic_review_draft_not_frozen
1406	Backing vocalist	1	Culture	resolved	medium	agent_semantic_review	“Backing vocalist”所指工作核心是创作或呈现艺术作品/现场表演，职业产出面向文化受众，属于文化生产、表演或传播职能，归入Culture。	occupation_meaning:Backing vocalist：文化创作、表演、媒体传播或文化产品制作/发行职责	bhht_semantic_batch_3	"[""Culture""]"	bhht_semantic_batch_3	0	Culture	resolved	author_substring	substring_unique_candidate	Culture	"[[""Culture"",""Culture-core""]]"	Culture	proposed	deferred	not_reviewed	semantic_review_draft_not_frozen
1407	Joomla developer	1	Discovery/Science	resolved	medium	agent_semantic_review	Joomla开发者使用Joomla内容管理系统搭建网站、开发扩展并维护网站功能和安全。	occupation_meaning:Joomla开发者使用Joomla内容管理系统搭建网站、开发扩展并维护网站功能和安全。	rationale_batch_1	"[""Discovery/Science""]"	bhht_semantic_batch_1	0	Discovery/Science	resolved	author_substring	substring_unique_candidate	Discovery/Science	"[[""Discovery/Science"",""Explorer/Inventor/Developer""]]"	Discovery/Science	proposed	deferred	not_reviewed	semantic_review_draft_not_frozen
1408	Trampoline Gymnast	1	Sports/Games	resolved	high	agent_semantic_review	在蹦床上完成翻腾、转体和空中动作并参加体操比赛评分。	occupation_meaning:在蹦床上完成翻腾、转体和空中动作并参加体操比赛评分。	rationale_batch_2	"[""Sports/Games""]"	bhht_semantic_batch_2	0	Sports/Games	resolved	author_substring	substring_unique_candidate	Sports/Games	"[[""Sports/Games"",""Sports/Games""]]"	Sports/Games	proposed	deferred	not_reviewed	semantic_review_draft_not_frozen
1410	UI Designer	1	Culture	resolved	medium	agent_semantic_review	“UI Designer”所指工作核心是创作或呈现艺术作品/现场表演，职业产出面向文化受众，属于文化生产、表演或传播职能，归入Culture。	occupation_meaning:UI Designer：文化创作、表演、媒体传播或文化产品制作/发行职责	bhht_semantic_batch_3	"[""Culture""]"	bhht_semantic_batch_3	0	Culture	resolved	author_substring	substring_unique_candidate	Culture	"[[""Culture"",""Culture-periphery""]]"	Culture	proposed	deferred	not_reviewed	semantic_review_draft_not_frozen
1411	Events Organiser	1	Other	resolved	medium	agent_semantic_review	规划活动流程、场地、预算、供应商和人员安排，确保会议、庆典或公众活动按时进行。	occupation_meaning:规划活动流程、场地、预算、供应商和人员安排，确保会议、庆典或公众活动按时进行。	rationale_batch_3	"[""Other""]"	bhht_semantic_batch_1	0	Other	resolved	no_author_rule	no_author_rule		[]		needs_review	deferred	not_reviewed	semantic_review_draft_not_frozen
1412	Professor (Profession) #40	1	Discovery/Science	resolved	high	agent_semantic_review	教授讲授大学课程、开展学科研究并指导学生；此泛称没有说明具体学科。	occupation_meaning:教授讲授大学课程、开展学科研究并指导学生；此泛称没有说明具体学科。	rationale_batch_1	"[""Discovery/Science""]"	bhht_semantic_batch_2	0	Discovery/Science	resolved	author_substring	substring_unique_candidate	Discovery/Science	"[[""Discovery/Science"",""Academia""]]"	Discovery/Science	proposed	deferred	not_reviewed	semantic_review_draft_not_frozen
1413	Conversion rate optimization specialist	1	Other	resolved	high	agent_semantic_review	Tests website pages and purchase or sign-up flows to improve the share of visitors who complete a target action; this is a digital marketing service.	occupation_meaning:Conversion rate optimization specialist：明确的日常服务、一般劳动或小规模商业经营职责	bhht_semantic_batch_3	"[""Other""]"	bhht_semantic_batch_3	0	Other	resolved	no_author_rule	no_author_rule		[]		needs_review	deferred	not_reviewed	semantic_review_draft_not_frozen
1414	Recording Director	1	Culture	resolved	medium	agent_semantic_review	指导录音项目的演奏表现、录制流程和选取版本，确保录音符合艺术目标。	occupation_meaning:指导录音项目的演奏表现、录制流程和选取版本，确保录音符合艺术目标。	rationale_batch_2	"[""Culture""]"	bhht_semantic_batch_1	0	Culture	resolved	no_author_rule	no_author_rule		[]	Culture	proposed	deferred	not_reviewed	semantic_review_draft_not_frozen
1415	Escapology	1	Culture	resolved	high	agent_semantic_review	Escapology 指表演者从束缚或机关中脱身的魔术/杂技表演形式，属于娱乐表演。	https://www.dictionary.com/browse/escapology	bhht_semantic_batch_2	"[""Culture""]"	bhht_semantic_batch_2	0	Culture	resolved	no_author_rule	no_author_rule		[]		needs_review	deferred	not_reviewed	semantic_review_draft_not_frozen
1416	Jazz guitarist	1	Culture	resolved	medium	agent_semantic_review	“Jazz guitarist”所指工作核心是创作或呈现艺术作品/现场表演，职业产出面向文化受众，属于文化生产、表演或传播职能，归入Culture。	occupation_meaning:Jazz guitarist：文化创作、表演、媒体传播或文化产品制作/发行职责	bhht_semantic_batch_3	"[""Culture""]"	bhht_semantic_batch_3	0	Culture	resolved	author_substring	substring_unique_candidate	Culture	"[[""Culture"",""Culture-core""]]"	Culture	proposed	deferred	not_reviewed	semantic_review_draft_not_frozen
1417	Neurosurgery	1		needs_context	low	agent_semantic_review	神经外科可指医学专科或临床服务领域，未明确是外科医师职位。	occupation_meaning:医学专科名称	bhht_semantic_batch_1	"[""Discovery/Science""]"	bhht_semantic_batch_1	0		needs_context	no_author_rule	no_author_rule		[]		out_of_scope	deferred	not_reviewed	semantic_review_draft_not_frozen
1418	Recruitment Officer	1	Other	resolved	high	agent_semantic_review	Recruitment Officer 负责筛选候选人、协调面试与招聘流程，是普通人事服务岗位，不承担治理职务。	occupation_meaning:Recruitment Officer 负责筛选候选人、协调面试与招聘流程，是普通人事服务岗位，不承担治理职务。; author_role_analogy:author L1 Other	bhht_semantic_batch_2	"[""Other""]"	bhht_semantic_batch_2	0	Other	resolved	author_substring	substring_unique_candidate	Leadership	"[[""Leadership"",""Military""]]"	Leadership	proposed	deferred	not_reviewed	semantic_review_draft_not_frozen
1419	Houseware designer	1	Culture	resolved	medium	agent_semantic_review	“Houseware designer”所指工作核心是创作或呈现艺术作品/现场表演，职业产出面向文化受众，属于文化生产、表演或传播职能，归入Culture。	occupation_meaning:Houseware designer：文化创作、表演、媒体传播或文化产品制作/发行职责	bhht_semantic_batch_3	"[""Culture""]"	bhht_semantic_batch_3	0	Culture	resolved	author_substring	substring_unique_candidate	Culture	"[[""Culture"",""Culture-periphery""]]"	Culture	proposed	deferred	not_reviewed	semantic_review_draft_not_frozen
1420	Prima donna	1	Culture	resolved	medium	agent_semantic_review	作为歌剧或歌唱演出中的首席女高音/主要女歌手排演并演唱核心角色。	occupation_meaning:作为歌剧或歌唱演出中的首席女高音/主要女歌手排演并演唱核心角色。	rationale_batch_3	"[""Culture""]"	bhht_semantic_batch_1	0	Culture	resolved	no_author_rule	no_author_rule		[]	Culture	proposed	deferred	not_reviewed	semantic_review_draft_not_frozen
1421	Benshi	1	Culture	resolved	high	agent_semantic_review	Benshi 是日本无声电影现场讲述/解释影片的表演者，属于电影文化传播。	https://aboutjapan.japansociety.org/content.cfm/a_brief_history_of_benshi	bhht_semantic_batch_2	"[""Culture""]"	bhht_semantic_batch_2	0	Culture	resolved	no_author_rule	no_author_rule		[]	Culture	proposed	deferred	not_reviewed	semantic_review_draft_not_frozen
1422	internet business consultant	1	Other	resolved	high	agent_semantic_review	Advises clients on operating or improving an internet business; the title does not establish ownership or executive authority.	occupation_meaning:internet business consultant：明确的日常服务、一般劳动或小规模商业经营职责	bhht_semantic_batch_3	"[""Other""]"	bhht_semantic_batch_3	0	Other	resolved	author_substring	substring_cross_l1_conflict		"[[""Leadership"",""Corporate/Executive/Business (large)""],[""Other"",""Worker/Business (small)""]]"		needs_review	deferred	not_reviewed	semantic_review_draft_not_frozen
1423	Military Strategist	1	Leadership	resolved	medium	agent_semantic_review	军事战略家评估作战目标、资源与对手能力，制定军事行动方案并向指挥层提出建议。	occupation_meaning:军事战略家评估作战目标、资源与对手能力，制定军事行动方案并向指挥层提出建议。	rationale_batch_1	"[""Leadership""]"	bhht_semantic_batch_1	0	Leadership	resolved	author_substring	substring_unique_candidate	Leadership	"[[""Leadership"",""Military""]]"	Leadership	proposed	deferred	not_reviewed	semantic_review_draft_not_frozen
1424	Reverand	1	Leadership	resolved	high	agent_semantic_review	主持宗教礼拜、讲道并为信众提供宗教指导或牧灵服务。	occupation_meaning:主持宗教礼拜、讲道并为信众提供宗教指导或牧灵服务。	rationale_batch_2	"[""Leadership""]"	bhht_semantic_batch_2	0	Leadership	resolved	no_author_rule	no_author_rule		[]		needs_review	deferred	not_reviewed	semantic_review_draft_not_frozen
1425	High Court Judge	1	Leadership	resolved	high	agent_semantic_review	“High Court Judge”的职责是提供法律意见、代理当事人或行使司法/公证职权，对应公共治理、法律/军事/宗教权威或企业金融领导，归入Leadership。	occupation_meaning:High Court Judge：治理、法律、军职、宗教权威、外交或企业金融管理职责	bhht_semantic_batch_3	"[""Leadership""]"	bhht_semantic_batch_3	0	Leadership	resolved	author_substring	substring_unique_candidate	Leadership	"[[""Leadership"",""Administration/Law""]]"	Leadership	proposed	deferred	not_reviewed	semantic_review_draft_not_frozen
1426	Reconnaissance	1		needs_context	low	agent_semantic_review	侦察是军事/情报任务领域，未说明执行者职位或具体岗位。	occupation_meaning:军事任务名而非明确职业	bhht_semantic_batch_1	"[""Leadership"",""Other""]"	bhht_semantic_batch_1	0		needs_context	no_author_rule	no_author_rule		[]		out_of_scope	deferred	not_reviewed	semantic_review_draft_not_frozen
1427	Machine Tool operator	1	Other	resolved	high	agent_semantic_review	设置并操作车床、铣床或其他机床，切削、钻孔或成形工件至规定尺寸。	occupation_meaning:设置并操作车床、铣床或其他机床，切削、钻孔或成形工件至规定尺寸。	rationale_batch_3	"[""Other""]"	bhht_semantic_batch_2	0	Other	resolved	author_substring	substring_unique_candidate	Other	"[[""Other"",""Worker/Business (small)""]]"		out_of_scope	deferred	not_reviewed	semantic_review_draft_not_frozen
1428	Pharmaceutical Entrepreneur	1	Leadership	resolved	high	agent_semantic_review	“Pharmaceutical Entrepreneur”的职责是承担机构治理、金融资本配置、商业经营管理或政治公共事务职责，对应公共治理、法律/军事/宗教权威或企业金融领导，归入Leadership。	occupation_meaning:Pharmaceutical Entrepreneur：治理、法律、军职、宗教权威、外交或企业金融管理职责	bhht_semantic_batch_3	"[""Leadership""]"	bhht_semantic_batch_3	0	Leadership	resolved	author_substring	substring_unique_candidate	Leadership	"[[""Leadership"",""Corporate/Executive/Business (large)""]]"	Leadership	proposed	deferred	not_reviewed	semantic_review_draft_not_frozen
1429	First Lady of Chile	1	Other	resolved	medium	agent_semantic_review	该词通常指智利国家领导人配偶的礼仪/家庭身份；未表示本人担任政府官职或政策职务。	occupation_meaning:国家领导人配偶身份	bhht_semantic_batch_1	"[""Other""]"	bhht_semantic_batch_1	0	Other	resolved	author_substring	substring_unique_candidate	Leadership	"[[""Leadership"",""Politics""]]"		out_of_scope	deferred	not_reviewed	semantic_review_draft_not_frozen
1430	Shock jock	1	Culture	resolved	high	agent_semantic_review	争议型电台主持人主持广播节目，刻意发表可能冒犯听众的意见或言论以制造话题。	https://www.oxfordlearnersdictionaries.com/us/definition/english/shock-jock	rationale_batch_1	"[""Culture""]"	bhht_semantic_batch_2	0	Culture	resolved	no_author_rule	no_author_rule		[]	Culture	proposed	deferred	not_reviewed	semantic_review_draft_not_frozen
1431	Road agent	1		needs_context	low	agent_semantic_review	The historical term can refer to a highway robber or an itinerant commercial representative; the sense is unresolved.	https://www.collinsdictionary.com/us/dictionary/english/road-agent	bhht_semantic_batch_3	"[""Other"",""Leadership""]"	bhht_semantic_batch_3	0		needs_context	no_author_rule	no_author_rule		[]		out_of_scope	deferred	not_reviewed	semantic_review_draft_not_frozen
1432	Theatre consultant	1	Culture	resolved	medium	agent_semantic_review	为剧院或演出项目提供剧目、制作、场地或运营方面的专业建议。	occupation_meaning:为剧院或演出项目提供剧目、制作、场地或运营方面的专业建议。	rationale_batch_2	"[""Culture""]"	bhht_semantic_batch_1	0	Culture	resolved	author_substring	substring_cross_l1_conflict		"[[""Culture"",""Culture-core""],[""Other"",""Worker/Business (small)""]]"		needs_review	deferred	not_reviewed	semantic_review_draft_not_frozen
1433	Faqīh	1	Leadership	resolved	high	agent_semantic_review	Faqīh 是伊斯兰法学专家/法学家，履行宗教法律解释职能。	https://www.sloughislamictrust.org.uk/dictionary/meaning/jurist-expert/	bhht_semantic_batch_2	"[""Leadership""]"	bhht_semantic_batch_2	0	Leadership	resolved	no_author_rule	no_author_rule		[]	Discovery/Science	proposed	deferred	not_reviewed	semantic_review_draft_not_frozen
1434	Employment counsellor	1	Other	resolved	medium	agent_semantic_review	“Employment counsellor”是承担明确的日常服务、普通职业劳动或小规模经营职责的职业称谓，不属于艺术文化、科学技术、公共权力或竞技体育领域，归入Other。	occupation_meaning:Employment counsellor：明确的日常服务、一般劳动或小规模商业经营职责	bhht_semantic_batch_3	"[""Other""]"	bhht_semantic_batch_3	0	Other	resolved	author_substring	substring_unique_candidate	Other	"[[""Other"",""Worker/Business (small)""]]"		needs_review	deferred	not_reviewed	semantic_review_draft_not_frozen
1435	Medical assistant	1	Discovery/Science	resolved	medium	agent_semantic_review	在医疗人员指导下记录病史和生命体征、准备诊室，并协助基础临床和行政工作。	occupation_meaning:在医疗人员指导下记录病史和生命体征、准备诊室，并协助基础临床和行政工作。	rationale_batch_3	"[""Discovery/Science""]"	bhht_semantic_batch_1	0	Discovery/Science	resolved	author_substring	substring_unique_candidate	Discovery/Science	"[[""Discovery/Science"",""Academia""]]"		needs_review	deferred	not_reviewed	semantic_review_draft_not_frozen
1437	Lord Chamberlain	1	Leadership	resolved	high	agent_semantic_review	宫廷大臣统筹王室/宫廷仪式和礼宾安排，管理相关事务并协助君主履行官方活动。	occupation_meaning:宫廷大臣统筹王室/宫廷仪式和礼宾安排，管理相关事务并协助君主履行官方活动。	rationale_batch_1	"[""Leadership""]"	bhht_semantic_batch_2	0	Leadership	resolved	author_substring	substring_unique_candidate	Leadership	"[[""Leadership"",""Nobility""]]"	Leadership	proposed	deferred	not_reviewed	semantic_review_draft_not_frozen
1439	Medicine man	1		needs_context	low	agent_semantic_review	Medicine man can mean a traditional healer, ritual specialist, or spiritual authority; no community or duties are specified.	occupation_meaning:Medicine man：仅凭词项无法确定稳定职业职责	bhht_semantic_batch_3	"[""Discovery/Science"",""Leadership"",""Other""]"	bhht_semantic_batch_3	0		needs_context	author_substring	substring_unique_candidate	Discovery/Science	"[[""Discovery/Science"",""Academia""]]"		needs_review	deferred	not_reviewed	semantic_review_draft_not_frozen
1440	Head Master	1	Discovery/Science	resolved	medium	agent_semantic_review	担任学校校长，领导教师和行政团队、制定校务安排并负责学生教育管理。	occupation_meaning:担任学校校长，领导教师和行政团队、制定校务安排并负责学生教育管理。	rationale_batch_2	"[""Discovery/Science""]"	bhht_semantic_batch_1	0	Discovery/Science	resolved	no_author_rule	no_author_rule		[]		needs_review	deferred	not_reviewed	semantic_review_draft_not_frozen
1441	Crewman	1	Other	resolved	high	agent_semantic_review	作为船舶或其他交通工具的普通船员执行值班、设备维护、货物或乘客服务等分工任务。	occupation_meaning:作为船舶或其他交通工具的普通船员执行值班、设备维护、货物或乘客服务等分工任务。	rationale_batch_3	"[""Other""]"	bhht_semantic_batch_2	0	Other	resolved	no_author_rule	no_author_rule		[]		out_of_scope	deferred	not_reviewed	semantic_review_draft_not_frozen
1442	Lackey (Profession)	1	Other	resolved	medium	agent_semantic_review	“Lackey (Profession)”是提供标题所指的日常服务、运输、维修、照护、手工业或一般商业服务的职业称谓，不属于艺术文化、科学技术、公共权力或竞技体育领域，归入Other。 词项中的编号及/或“(Profession)”是数据库区分标记，不改变该职业的职责含义。	occupation_meaning:Lackey (Profession)：明确的日常服务、一般劳动或小规模商业经营职责	bhht_semantic_batch_3	"[""Other""]"	bhht_semantic_batch_3	0	Other	resolved	no_author_rule	no_author_rule		[]		out_of_scope	deferred	not_reviewed	semantic_review_draft_not_frozen
1443	Social media strategist	1		needs_context	low	agent_semantic_review	社交媒体策略师可能负责文化内容传播，也可能负责企业营销或个人账号运营；缺少雇主与职责语境。	occupation_meaning:社媒内容与营销复合职能	bhht_semantic_batch_1	"[""Culture"",""Leadership"",""Other""]"	bhht_semantic_batch_1	0		needs_context	author_substring	substring_unique_candidate	Culture	"[[""Culture"",""Culture-periphery""]]"		needs_review	deferred	not_reviewed	semantic_review_draft_not_frozen
1444	Vice admiral	1	Leadership	resolved	high	agent_semantic_review	海军中将指挥舰队或高级海军机构，制定行动部署并监督海军人员与任务执行。	occupation_meaning:海军中将指挥舰队或高级海军机构，制定行动部署并监督海军人员与任务执行。	rationale_batch_1	"[""Leadership""]"	bhht_semantic_batch_2	0	Leadership	resolved	author_substring	substring_unique_candidate	Leadership	"[[""Leadership"",""Military""]]"	Leadership	proposed	deferred	not_reviewed	semantic_review_draft_not_frozen
1445	Key grip	1	Culture	resolved	medium	agent_semantic_review	“Key grip”所指工作核心是支持或统筹影视、广播、音乐及其他文化内容的制作、技术实现或发行，属于文化生产、表演或传播职能，归入Culture。	occupation_meaning:Key grip：文化创作、表演、媒体传播或文化产品制作/发行职责	bhht_semantic_batch_3	"[""Culture""]"	bhht_semantic_batch_3	0	Culture	resolved	no_author_rule	no_author_rule		[]	Culture	proposed	deferred	not_reviewed	semantic_review_draft_not_frozen
1446	B-boy	1	Culture	resolved	medium	agent_semantic_review	表演或竞赛霹雳舞/Breaking，以地板动作、步法和即兴动作展现街舞技巧。	https://dictionary.cambridge.org/us/dictionary/english/b-boy	rationale_batch_2	"[""Culture""]"	bhht_semantic_batch_1	0	Culture	resolved	no_author_rule	no_author_rule		[]	Culture	proposed	deferred	not_reviewed	semantic_review_draft_not_frozen
1448	Basketball Official	1	Sports/Games	resolved	high	agent_semantic_review	担任篮球比赛裁判，判定犯规、违例和得分并确保比赛按规则进行。	occupation_meaning:担任篮球比赛裁判，判定犯规、违例和得分并确保比赛按规则进行。	rationale_batch_3	"[""Sports/Games""]"	bhht_semantic_batch_2	0	Sports/Games	resolved	author_substring	substring_unique_candidate	Sports/Games	"[[""Sports/Games"",""Sports/Games""]]"	Sports/Games	proposed	deferred	not_reviewed	semantic_review_draft_not_frozen
1450	Fur Trader	1	Other	resolved	medium	agent_semantic_review	“Fur Trader”是提供标题所指的日常服务、运输、维修、照护、手工业或一般商业服务的职业称谓，不属于艺术文化、科学技术、公共权力或竞技体育领域，归入Other。	occupation_meaning:Fur Trader：明确的日常服务、一般劳动或小规模商业经营职责	bhht_semantic_batch_3	"[""Other""]"	bhht_semantic_batch_3	0	Other	resolved	author_substring	substring_unique_candidate	Leadership	"[[""Leadership"",""Corporate/Executive/Business (large)""]]"		needs_review	deferred	not_reviewed	semantic_review_draft_not_frozen
1451	Aircraft maintenance technician	1	Other	resolved	high	primary_semantic_adjudication	安装、检查和维修飞机设备的航空维修技工，按作者mechanic/technician普通工种归Other；不等同飞机研发工程师。	https://www.bls.gov/OOH/installation-maintenance-and-repair/aircraft-and-avionics-equipment-mechanics-and-technicians.htm; author_role_analogy:mechanic/Other	primary_semantic_review	"[""Other""]"	primary_semantic_review	1	Discovery/Science	resolved	author_substring	substring_unique_candidate	Other	"[[""Other"",""Worker/Business (small)""]]"		out_of_scope	deferred	not_reviewed	semantic_review_draft_not_frozen
1452	Physical Training Instructor	1	Sports/Games	resolved	high	agent_semantic_review	体能训练教练教授力量、耐力和身体素质训练，示范动作并评估学员训练进度。	occupation_meaning:体能训练教练教授力量、耐力和身体素质训练，示范动作并评估学员训练进度。	rationale_batch_1	"[""Sports/Games""]"	bhht_semantic_batch_2	0	Sports/Games	resolved	author_substring	substring_unique_candidate	Discovery/Science	"[[""Discovery/Science"",""Academia""]]"	Sports/Games	proposed	deferred	not_reviewed	semantic_review_draft_not_frozen
1453	Sexton	1	Other	resolved	medium	agent_semantic_review	“Sexton”是提供标题所指的日常服务、运输、维修、照护、手工业或一般商业服务的职业称谓，不属于艺术文化、科学技术、公共权力或竞技体育领域，归入Other。	occupation_meaning:Sexton：明确的日常服务、一般劳动或小规模商业经营职责	bhht_semantic_batch_3	"[""Other""]"	bhht_semantic_batch_3	0	Other	resolved	no_author_rule	no_author_rule		[]	Leadership	proposed	deferred	not_reviewed	semantic_review_draft_not_frozen
1455	Dance Educator	1	Culture	resolved	medium	agent_semantic_review	教授舞蹈动作、节奏和编舞知识，并指导学生排练与舞台呈现。	occupation_meaning:教授舞蹈动作、节奏和编舞知识，并指导学生排练与舞台呈现。	rationale_batch_2	"[""Culture""]"	bhht_semantic_batch_1	0	Culture	resolved	author_substring	substring_cross_l1_conflict		"[[""Culture"",""Culture-core""],[""Discovery/Science"",""Academia""]]"		needs_review	deferred	not_reviewed	semantic_review_draft_not_frozen
1456	Stunt Assistant	1	Culture	resolved	high	agent_semantic_review	协助特技团队准备动作场景、检查防护设备、布置现场并配合演员和特技人员安全完成拍摄。	occupation_meaning:协助特技团队准备动作场景、检查防护设备、布置现场并配合演员和特技人员安全完成拍摄。	rationale_batch_3	"[""Culture""]"	bhht_semantic_batch_2	0	Culture	resolved	author_substring	substring_unique_candidate	Culture	"[[""Culture"",""Culture-core""]]"		needs_review	deferred	not_reviewed	semantic_review_draft_not_frozen
1457	Pharmacy technician	1	Other	resolved	medium	agent_semantic_review	“Pharmacy technician”是提供标题所指的日常服务、运输、维修、照护、手工业或一般商业服务的职业称谓，不属于艺术文化、科学技术、公共权力或竞技体育领域，归入Other。	occupation_meaning:Pharmacy technician：明确的日常服务、一般劳动或小规模商业经营职责	bhht_semantic_batch_3	"[""Other""]"	bhht_semantic_batch_3	0	Other	resolved	author_substring	substring_unique_candidate	Other	"[[""Other"",""Worker/Business (small)""]]"		needs_review	deferred	not_reviewed	semantic_review_draft_not_frozen
1458	Laity	1	Other	resolved	high	agent_semantic_review	Laity指宗教团体中的普通信众/非神职成员，是宗教身份类别，不表示神职或宗教权威职位。	occupation_meaning:非神职普通信众	bhht_semantic_batch_1	"[""Other""]"	bhht_semantic_batch_1	0	Other	resolved	no_author_rule	no_author_rule		[]		out_of_scope	deferred	not_reviewed	semantic_review_draft_not_frozen
1459	Barista	1	Other	resolved	high	agent_semantic_review	咖啡师研磨咖啡豆、制作浓缩咖啡和饮品，接单服务顾客并维护吧台设备。	occupation_meaning:咖啡师研磨咖啡豆、制作浓缩咖啡和饮品，接单服务顾客并维护吧台设备。	rationale_batch_1	"[""Other""]"	bhht_semantic_batch_2	0	Other	resolved	no_author_rule	no_author_rule		[]		out_of_scope	deferred	not_reviewed	semantic_review_draft_not_frozen
1460	Commodore (Military rank) #12	1	Leadership	resolved	high	agent_semantic_review	“Commodore (Military rank) #12”的职责是在军队或公共安全体系履行指挥、军职或执法责任，对应公共治理、法律/军事/宗教权威或企业金融领导，归入Leadership。 词项中的编号及/或“(Profession)”是数据库区分标记，不改变该职业的职责含义。	occupation_meaning:Commodore (Military rank) #12：治理、法律、军职、宗教权威、外交或企业金融管理职责	bhht_semantic_batch_3	"[""Leadership""]"	bhht_semantic_batch_3	0	Leadership	resolved	author_substring	substring_unique_candidate	Leadership	"[[""Leadership"",""Military""]]"	Leadership	proposed	deferred	not_reviewed	semantic_review_draft_not_frozen
1461	Gymterneter	1		needs_context	low	agent_semantic_review	无法找到稳定可核实的职业词义，疑似拼写或数据污染，保留待核。	occupation_meaning:未找到可靠职业定义	bhht_semantic_batch_1	[]	bhht_semantic_batch_1	0		needs_context	no_author_rule	no_author_rule		[]		needs_review	deferred	not_reviewed	semantic_review_draft_not_frozen
1462	Most Eligible	1		needs_context	low	agent_semantic_review	这是含义不明的描述性短语，无法确认是身份、荣誉称号还是职业。	occupation_meaning:原值只给出泛称、资格、身份或无法确认的文本，需补充具体职责/语境。	bhht_semantic_batch_2	[]	bhht_semantic_batch_2	0		needs_context	no_author_rule	no_author_rule		[]		out_of_scope	deferred	not_reviewed	semantic_review_draft_not_frozen
1463	Post Office Worker	1	Other	resolved	medium	agent_semantic_review	“Post Office Worker”是提供标题所指的日常服务、运输、维修、照护、手工业或一般商业服务的职业称谓，不属于艺术文化、科学技术、公共权力或竞技体育领域，归入Other。	occupation_meaning:Post Office Worker：明确的日常服务、一般劳动或小规模商业经营职责	bhht_semantic_batch_3	"[""Other""]"	bhht_semantic_batch_3	0	Other	resolved	author_substring	substring_unique_candidate	Other	"[[""Other"",""Worker/Business (small)""]]"		out_of_scope	deferred	not_reviewed	semantic_review_draft_not_frozen
1464	Light Sculptor	1	Culture	resolved	medium	agent_semantic_review	利用灯光、投影或发光材料塑造空间装置和视觉艺术作品。	occupation_meaning:利用灯光、投影或发光材料塑造空间装置和视觉艺术作品。	rationale_batch_2	"[""Culture""]"	bhht_semantic_batch_1	0	Culture	resolved	author_substring	substring_unique_candidate	Culture	"[[""Culture"",""Culture-core""]]"	Culture	proposed	deferred	not_reviewed	semantic_review_draft_not_frozen
1465	Attaché	1	Leadership	resolved	high	agent_semantic_review	作为外交使团的专门事务官员处理所属领域的信息联络、报告和政府间协调。	occupation_meaning:作为外交使团的专门事务官员处理所属领域的信息联络、报告和政府间协调。	rationale_batch_3	"[""Leadership""]"	bhht_semantic_batch_2	0	Leadership	resolved	no_author_rule	no_author_rule		[]	Leadership	proposed	deferred	not_reviewed	semantic_review_draft_not_frozen
1466	Courier	1	Other	resolved	medium	agent_semantic_review	“Courier”是提供标题所指的日常服务、运输、维修、照护、手工业或一般商业服务的职业称谓，不属于艺术文化、科学技术、公共权力或竞技体育领域，归入Other。	occupation_meaning:Courier：明确的日常服务、一般劳动或小规模商业经营职责	bhht_semantic_batch_3	"[""Other""]"	bhht_semantic_batch_3	0	Other	resolved	no_author_rule	no_author_rule		[]		out_of_scope	deferred	not_reviewed	semantic_review_draft_not_frozen
1467	Chairty Worker	1	Other	resolved	medium	agent_semantic_review	“Chairty”明显是“Charity”的拼写错误；慈善机构工作人员提供公益项目与社区服务，词项没有组织领导职务信息。	occupation_meaning:慈善服务工作人员；raw_value疑为Charity Worker拼写错误	bhht_semantic_batch_1	"[""Other""]"	bhht_semantic_batch_1	0	Other	resolved	author_substring	substring_unique_candidate	Other	"[[""Other"",""Worker/Business (small)""]]"		out_of_scope	deferred	not_reviewed	semantic_review_draft_not_frozen
1468	School counselor	1	Discovery/Science	resolved	high	agent_semantic_review	学校辅导员帮助学生处理学业规划、升学就业和个人适应问题，并联系家庭或专业支持资源。	occupation_meaning:学校辅导员帮助学生处理学业规划、升学就业和个人适应问题，并联系家庭或专业支持资源。	rationale_batch_1	"[""Discovery/Science""]"	bhht_semantic_batch_2	0	Discovery/Science	resolved	author_substring	substring_unique_candidate	Other	"[[""Other"",""Worker/Business (small)""]]"	Discovery/Science	proposed	deferred	not_reviewed	semantic_review_draft_not_frozen
1469	Lead vocalist	1	Culture	resolved	medium	agent_semantic_review	“Lead vocalist”所指工作核心是创作或呈现艺术作品/现场表演，职业产出面向文化受众，属于文化生产、表演或传播职能，归入Culture。	occupation_meaning:Lead vocalist：文化创作、表演、媒体传播或文化产品制作/发行职责	bhht_semantic_batch_3	"[""Culture""]"	bhht_semantic_batch_3	0	Culture	resolved	author_substring	substring_unique_candidate	Culture	"[[""Culture"",""Culture-core""]]"	Culture	proposed	deferred	not_reviewed	semantic_review_draft_not_frozen
1470	Vibraphonist	1	Culture	resolved	medium	agent_semantic_review	演奏颤音琴，通过敲击金属音板演绎旋律、和声或打击乐声部。	occupation_meaning:演奏颤音琴，通过敲击金属音板演绎旋律、和声或打击乐声部。	rationale_batch_2	"[""Culture""]"	bhht_semantic_batch_1	0	Culture	resolved	no_author_rule	no_author_rule		[]	Culture	proposed	deferred	not_reviewed	semantic_review_draft_not_frozen
1471	Underwriting	1		needs_context	low	agent_semantic_review	这是保险/金融职能或业务名称，没有说明具体岗位职责或是否指从业者。	occupation_meaning:原值只给出泛称、资格、身份或无法确认的文本，需补充具体职责/语境。	bhht_semantic_batch_2	"[""Leadership"",""Other""]"	bhht_semantic_batch_2	0		needs_context	no_author_rule	no_author_rule		[]		out_of_scope	deferred	not_reviewed	semantic_review_draft_not_frozen
1472	Fashion Commentator	1	Culture	resolved	medium	agent_semantic_review	“Fashion Commentator”所指工作核心是提供明确的艺术、媒体或文化产业创作与制作服务，属于文化生产、表演或传播职能，归入Culture。	occupation_meaning:Fashion Commentator：文化创作、表演、媒体传播或文化产品制作/发行职责	bhht_semantic_batch_3	"[""Culture""]"	bhht_semantic_batch_3	0	Culture	resolved	author_substring	substring_unique_candidate	Culture	"[[""Culture"",""Culture-periphery""]]"	Culture	proposed	deferred	not_reviewed	semantic_review_draft_not_frozen
1474	Clinical Social Worker	1	Discovery/Science	resolved	medium	agent_semantic_review	评估并为有心理、家庭或社会困难的个案提供临床辅导、治疗转介和持续支持。	occupation_meaning:评估并为有心理、家庭或社会困难的个案提供临床辅导、治疗转介和持续支持。	rationale_batch_3	"[""Discovery/Science""]"	bhht_semantic_batch_1	0	Discovery/Science	resolved	author_substring	substring_unique_candidate	Other	"[[""Other"",""Worker/Business (small)""]]"	Discovery/Science	proposed	deferred	not_reviewed	semantic_review_draft_not_frozen
1475	Hospital Attendant	1	Other	resolved	high	agent_semantic_review	医院护理助理协助患者移动、进食和日常舒适照护，并向护理团队报告观察到的变化。	occupation_meaning:医院护理助理协助患者移动、进食和日常舒适照护，并向护理团队报告观察到的变化。	rationale_batch_1	"[""Other""]"	bhht_semantic_batch_2	0	Other	resolved	no_author_rule	no_author_rule		[]		out_of_scope	deferred	not_reviewed	semantic_review_draft_not_frozen
1476	Trapper	1	Other	resolved	medium	agent_semantic_review	“Trapper”是提供标题所指的日常服务、运输、维修、照护、手工业或一般商业服务的职业称谓，不属于艺术文化、科学技术、公共权力或竞技体育领域，归入Other。	occupation_meaning:Trapper：明确的日常服务、一般劳动或小规模商业经营职责	bhht_semantic_batch_3	"[""Other""]"	bhht_semantic_batch_3	0	Other	resolved	author_substring	substring_unique_candidate	Culture	"[[""Culture"",""Culture-core""]]"		out_of_scope	deferred	not_reviewed	semantic_review_draft_not_frozen
1478	Drama Theorist	1	Discovery/Science	resolved	high	agent_semantic_review	戏剧理论研究者分析戏剧文本、形式与历史，是学术研究而非舞台表演岗位。	occupation_meaning:戏剧理论研究	bhht_semantic_batch_1	"[""Discovery/Science""]"	bhht_semantic_batch_1	0	Discovery/Science	resolved	author_substring	substring_cross_l1_conflict		"[[""Culture"",""Culture-core""],[""Discovery/Science"",""Academia""]]"	Discovery/Science	proposed	deferred	not_reviewed	semantic_review_draft_not_frozen
1479	Rock Musician	1	Culture	resolved	high	agent_semantic_review	创作或演奏摇滚音乐，参与乐队排练、录音和现场演出。	occupation_meaning:创作或演奏摇滚音乐，参与乐队排练、录音和现场演出。	rationale_batch_2	"[""Culture""]"	bhht_semantic_batch_2	0	Culture	resolved	author_substring	substring_unique_candidate	Culture	"[[""Culture"",""Culture-core""]]"	Culture	proposed	deferred	not_reviewed	semantic_review_draft_not_frozen
1480	Engineering Drafter	1	Culture	resolved	medium	primary_semantic_adjudication	根据设计要求绘制技术图纸，核心是绘图表达而非独立工程研发；采用作者draftsman/draughtsman所属Culture口径。	author_role_analogy:draftsman,draughtsman/Culture	primary_semantic_review	"[""Culture""]"	primary_semantic_review	1	Discovery/Science	resolved	author_substring	substring_unique_candidate	Discovery/Science	"[[""Discovery/Science"",""Explorer/Inventor/Developer""]]"		needs_review	deferred	not_reviewed	semantic_review_draft_not_frozen
1481	Agrarian	1		needs_context	low	agent_semantic_review	Agrarian可指农业生产者，也可指土地/社会制度立场，并非无歧义的职业名称。	occupation_meaning:农业/社会身份多义词	bhht_semantic_batch_1	"[""Discovery/Science"",""Other""]"	bhht_semantic_batch_1	0		needs_context	no_author_rule	no_author_rule		[]		needs_review	deferred	not_reviewed	semantic_review_draft_not_frozen
1482	Custodian	1	Other	resolved	high	agent_semantic_review	清扫、保养并检查建筑设施，处理日常维护和场地安全问题。	occupation_meaning:清扫、保养并检查建筑设施，处理日常维护和场地安全问题。	rationale_batch_3	"[""Other""]"	bhht_semantic_batch_2	0	Other	resolved	no_author_rule	no_author_rule		[]		out_of_scope	deferred	not_reviewed	semantic_review_draft_not_frozen
1484	Counsellor in Norwich	1		needs_context	low	agent_semantic_review	The place qualifier does not clarify whether “counsellor” means an elected local representative, therapist, or adviser.	occupation_meaning:Counsellor in Norwich：仅凭词项无法确定稳定职业职责	bhht_semantic_batch_3	"[""Leadership"",""Other"",""Discovery/Science""]"	bhht_semantic_batch_3	0		needs_context	author_substring	substring_unique_candidate	Other	"[[""Other"",""Worker/Business (small)""]]"		needs_review	deferred	not_reviewed	semantic_review_draft_not_frozen
1485	Dramatic colouratura	1	Culture	resolved	high	agent_semantic_review	戏剧花腔女高音是歌剧演唱声部，结合花腔技巧与戏剧表现，属于表演艺术。	https://www.uc.edu/content/dam/refresh/cont-ed-62/olli/olli_docs/6-dramatic-soprano.pdf	bhht_semantic_batch_1	"[""Culture""]"	bhht_semantic_batch_1	0	Culture	resolved	author_substring	substring_unique_candidate	Culture	"[[""Culture"",""Culture-core""]]"	Culture	proposed	deferred	not_reviewed	semantic_review_draft_not_frozen
1486	Wardrobe Assistant	1	Culture	resolved	high	agent_semantic_review	服装助理整理、保管和准备演出服装，协助演员试装并在拍摄/演出期间维护服饰连续性。	occupation_meaning:服装助理整理、保管和准备演出服装，协助演员试装并在拍摄/演出期间维护服饰连续性。	rationale_batch_1	"[""Culture""]"	bhht_semantic_batch_2	0	Culture	resolved	no_author_rule	no_author_rule		[]		needs_review	deferred	not_reviewed	semantic_review_draft_not_frozen
1487	Forklift operator	1	Other	resolved	medium	agent_semantic_review	“Forklift operator”是提供标题所指的日常服务、运输、维修、照护、手工业或一般商业服务的职业称谓，不属于艺术文化、科学技术、公共权力或竞技体育领域，归入Other。	occupation_meaning:Forklift operator：明确的日常服务、一般劳动或小规模商业经营职责	bhht_semantic_batch_3	"[""Other""]"	bhht_semantic_batch_3	0	Other	resolved	author_substring	substring_unique_candidate	Other	"[[""Other"",""Worker/Business (small)""]]"		out_of_scope	deferred	not_reviewed	semantic_review_draft_not_frozen
1489	Business Coach	1	Other	resolved	medium	agent_semantic_review	商业教练为企业主或团队提供经营辅导服务，不等同于公司高管或决策职位。	occupation_meaning:商业辅导服务	bhht_semantic_batch_1	"[""Other""]"	bhht_semantic_batch_1	0	Other	resolved	author_substring	substring_cross_l1_conflict		"[[""Leadership"",""Corporate/Executive/Business (large)""],[""Sports/Games"",""Sports/Games""]]"		needs_review	deferred	not_reviewed	semantic_review_draft_not_frozen
1490	Business consultant	1	Other	resolved	medium	agent_semantic_review	Business consultant 向客户提供业务流程或管理建议，属于专业咨询服务；作者 consultant 相近职业归 Other。	occupation_meaning:Business consultant 向客户提供业务流程或管理建议，属于专业咨询服务；作者 consultant 相近职业归 Other。; author_role_analogy:author L1 Other	bhht_semantic_batch_2	"[""Other""]"	bhht_semantic_batch_2	0	Other	resolved	author_substring	substring_cross_l1_conflict		"[[""Leadership"",""Corporate/Executive/Business (large)""],[""Other"",""Worker/Business (small)""]]"		needs_review	deferred	not_reviewed	semantic_review_draft_not_frozen
1491	Entrepreneurship	1		needs_context	low	agent_semantic_review	This names a business activity/discipline rather than an occupational role.	occupation_meaning:Entrepreneurship：仅凭词项无法确定稳定职业职责	bhht_semantic_batch_3	[]	bhht_semantic_batch_3	0		needs_context	author_substring	substring_unique_candidate	Leadership	"[[""Leadership"",""Corporate/Executive/Business (large)""]]"		out_of_scope	deferred	not_reviewed	semantic_review_draft_not_frozen
1492	School superintendent	1	Discovery/Science	resolved	medium	agent_semantic_review	学区/学校体系主管负责教育系统运营和教学管理，属于教育行政职能。	author_role_analogy:Academia/教育管理	bhht_semantic_batch_1	"[""Discovery/Science""]"	bhht_semantic_batch_1	0	Discovery/Science	resolved	author_substring	substring_unique_candidate	Leadership	"[[""Leadership"",""Administration/Law""]]"		needs_review	deferred	not_reviewed	semantic_review_draft_not_frozen
1493	Set Painter	1	Culture	resolved	high	agent_semantic_review	按舞台或影视美术设计在布景表面绘制纹理、颜色和装饰效果。	occupation_meaning:按舞台或影视美术设计在布景表面绘制纹理、颜色和装饰效果。	rationale_batch_2	"[""Culture""]"	bhht_semantic_batch_2	0	Culture	resolved	author_substring	substring_unique_candidate	Culture	"[[""Culture"",""Culture-core""]]"	Culture	proposed	deferred	not_reviewed	semantic_review_draft_not_frozen
1494	Laryngologist	1	Discovery/Science	resolved	medium	agent_semantic_review	“Laryngologist”从事的核心职责是运用医学专业知识提供诊断、治疗、护理或健康服务，其工作属于知识发现、学术/医疗或技术开发，归入Discovery/Science。	occupation_meaning:Laryngologist：科学研究、专业教育、医疗服务或工程技术开发职责	bhht_semantic_batch_3	"[""Discovery/Science""]"	bhht_semantic_batch_3	0	Discovery/Science	resolved	no_author_rule	no_author_rule		[]	Discovery/Science	proposed	deferred	not_reviewed	semantic_review_draft_not_frozen
1495	Media scholar	1	Discovery/Science	resolved	high	primary_semantic_adjudication	开展媒体与传播领域的学术研究；scholar表明学者而非媒体制作人员。	author_role_analogy:scholar/Academia	primary_semantic_review	"[""Discovery/Science""]"	primary_semantic_review	1	Discovery/Science	resolved	author_substring	substring_cross_l1_conflict		"[[""Culture"",""Culture-periphery""],[""Discovery/Science"",""Academia""]]"	Discovery/Science	proposed	deferred	not_reviewed	semantic_review_draft_not_frozen
1496	Australian rules football coach	1	Sports/Games	resolved	high	agent_semantic_review	训练澳式足球队员、安排战术和阵容，并指导球队准备比赛和赛季。	occupation_meaning:训练澳式足球队员、安排战术和阵容，并指导球队准备比赛和赛季。	rationale_batch_3	"[""Sports/Games""]"	bhht_semantic_batch_2	0	Sports/Games	resolved	author_substring	substring_unique_candidate	Sports/Games	"[[""Sports/Games"",""Sports/Games""]]"	Sports/Games	proposed	deferred	not_reviewed	semantic_review_draft_not_frozen
1499	Bankruptcy Lawyer	1	Leadership	resolved	high	agent_semantic_review	“Bankruptcy Lawyer”的职责是提供法律意见、代理当事人或行使司法/公证职权，对应公共治理、法律/军事/宗教权威或企业金融领导，归入Leadership。	occupation_meaning:Bankruptcy Lawyer：治理、法律、军职、宗教权威、外交或企业金融管理职责	bhht_semantic_batch_3	"[""Leadership""]"	bhht_semantic_batch_3	0	Leadership	resolved	author_substring	substring_same_l1_multiple_l2	Leadership	"[[""Leadership"",""Administration/Law""],[""Leadership"",""Corporate/Executive/Business (large)""]]"	Leadership	proposed	deferred	not_reviewed	semantic_review_draft_not_frozen
1500	divorce lawyer	1	Leadership	resolved	medium	agent_semantic_review	离婚律师为客户解释婚姻与财产法律，协商离婚、抚养和财产安排，并在法院代理案件。	occupation_meaning:离婚律师为客户解释婚姻与财产法律，协商离婚、抚养和财产安排，并在法院代理案件。	rationale_batch_1	"[""Leadership""]"	bhht_semantic_batch_1	0	Leadership	resolved	author_substring	substring_unique_candidate	Leadership	"[[""Leadership"",""Administration/Law""]]"	Leadership	proposed	deferred	not_reviewed	semantic_review_draft_not_frozen
1501	Federal judge	1	Leadership	resolved	high	agent_semantic_review	主持联邦法院案件审理、解释和适用法律并作出司法裁决。	occupation_meaning:主持联邦法院案件审理、解释和适用法律并作出司法裁决。	rationale_batch_2	"[""Leadership""]"	bhht_semantic_batch_2	0	Leadership	resolved	author_substring	substring_unique_candidate	Leadership	"[[""Leadership"",""Administration/Law""]]"	Leadership	proposed	deferred	not_reviewed	semantic_review_draft_not_frozen
1502	Carpet cleaning	1	Other	resolved	medium	agent_semantic_review	“Carpet cleaning”是提供标题所指的日常服务、运输、维修、照护、手工业或一般商业服务的职业称谓，不属于艺术文化、科学技术、公共权力或竞技体育领域，归入Other。	occupation_meaning:Carpet cleaning：明确的日常服务、一般劳动或小规模商业经营职责	bhht_semantic_batch_3	"[""Other""]"	bhht_semantic_batch_3	0	Other	resolved	no_author_rule	no_author_rule		[]		out_of_scope	deferred	not_reviewed	semantic_review_draft_not_frozen
1503	UX & Semantic Search Consultant	1		needs_context	low	agent_semantic_review	同时指用户体验与语义搜索咨询，属于技术产品/商业咨询交叉职能。	occupation_meaning:UX与搜索咨询复合职责	bhht_semantic_batch_1	"[""Discovery/Science"",""Leadership""]"	bhht_semantic_batch_1	0		needs_context	author_substring	substring_unique_candidate	Other	"[[""Other"",""Worker/Business (small)""]]"		needs_review	deferred	not_reviewed	semantic_review_draft_not_frozen
1504	Professor of Elocution	1	Culture	resolved	high	agent_semantic_review	教授发声、发音、朗诵和演讲表达技巧，指导学生进行口语或舞台呈现。	occupation_meaning:教授发声、发音、朗诵和演讲表达技巧，指导学生进行口语或舞台呈现。	rationale_batch_3	"[""Culture""]"	bhht_semantic_batch_2	0	Culture	resolved	author_substring	substring_unique_candidate	Discovery/Science	"[[""Discovery/Science"",""Academia""]]"	Discovery/Science	proposed	deferred	not_reviewed	semantic_review_draft_not_frozen
1506	Online producer	1	Culture	resolved	medium	agent_semantic_review	“Online producer”所指工作核心是支持或统筹影视、广播、音乐及其他文化内容的制作、技术实现或发行，属于文化生产、表演或传播职能，归入Culture。	occupation_meaning:Online producer：文化创作、表演、媒体传播或文化产品制作/发行职责	bhht_semantic_batch_3	"[""Culture""]"	bhht_semantic_batch_3	0	Culture	resolved	author_substring	substring_unique_candidate	Culture	"[[""Culture"",""Culture-core""]]"		needs_review	deferred	not_reviewed	semantic_review_draft_not_frozen
1507	Medical researcher	1	Discovery/Science	resolved	high	agent_semantic_review	医学研究者开展疾病机制、诊断或治疗相关研究，核心是科研工作。	occupation_meaning:医学研究	bhht_semantic_batch_1	"[""Discovery/Science""]"	bhht_semantic_batch_1	0	Discovery/Science	resolved	author_substring	substring_unique_candidate	Discovery/Science	"[[""Discovery/Science"",""Academia""]]"	Discovery/Science	proposed	deferred	not_reviewed	semantic_review_draft_not_frozen
1508	Epistemologist	1	Discovery/Science	resolved	high	agent_semantic_review	认识论学者研究知识、信念、证据与正当化等问题，提出概念分析并发表哲学研究。	occupation_meaning:认识论学者研究知识、信念、证据与正当化等问题，提出概念分析并发表哲学研究。	rationale_batch_1	"[""Discovery/Science""]"	bhht_semantic_batch_2	0	Discovery/Science	resolved	no_author_rule	no_author_rule		[]	Discovery/Science	proposed	deferred	not_reviewed	semantic_review_draft_not_frozen
1509	Paymaster	1	Other	resolved	medium	agent_semantic_review	“Paymaster”是承担明确的日常服务、普通职业劳动或小规模经营职责的职业称谓，不属于艺术文化、科学技术、公共权力或竞技体育领域，归入Other。	occupation_meaning:Paymaster：明确的日常服务、一般劳动或小规模商业经营职责	bhht_semantic_batch_3	"[""Other""]"	bhht_semantic_batch_3	0	Other	resolved	no_author_rule	no_author_rule		[]		out_of_scope	deferred	not_reviewed	semantic_review_draft_not_frozen
1510	Computer game designer	1	Culture	resolved	medium	primary_semantic_adjudication	设计电子游戏的玩法、规则与体验，按游戏内容设计归Culture；未表示Game programmer的编码研发职责。	author_role_analogy:designer/Culture; occupation_meaning:游戏玩法内容设计	primary_semantic_review	"[""Culture""]"	primary_semantic_review	1	Discovery/Science	resolved	author_substring	substring_cross_l1_conflict		"[[""Culture"",""Culture-periphery""],[""Sports/Games"",""Sports/Games""]]"		needs_review	deferred	not_reviewed	semantic_review_draft_not_frozen
1511	Gambist	1	Culture	resolved	high	agent_semantic_review	Gambist 演奏 viola da gamba（维奥尔琴），是音乐表演者。	https://vitrinelinguistique.oqlf.gouv.qc.ca/fiche-gdt/fiche/8382969/gambiste	bhht_semantic_batch_2	"[""Culture""]"	bhht_semantic_batch_2	0	Culture	resolved	no_author_rule	no_author_rule		[]	Culture	proposed	deferred	not_reviewed	semantic_review_draft_not_frozen
1513	Serial entrepreneur	1	Leadership	resolved	high	agent_semantic_review	“Serial entrepreneur”的职责是承担机构治理、金融资本配置、商业经营管理或政治公共事务职责，对应公共治理、法律/军事/宗教权威或企业金融领导，归入Leadership。	occupation_meaning:Serial entrepreneur：治理、法律、军职、宗教权威、外交或企业金融管理职责	bhht_semantic_batch_3	"[""Leadership""]"	bhht_semantic_batch_3	0	Leadership	resolved	author_substring	substring_unique_candidate	Leadership	"[[""Leadership"",""Corporate/Executive/Business (large)""]]"	Leadership	proposed	deferred	not_reviewed	semantic_review_draft_not_frozen
1515	Hospital Driver	1	Other	resolved	high	primary_semantic_adjudication	承担医院相关车辆驾驶与运输，核心是司机服务，而不是医学诊疗。	occupation_meaning:医院车辆驾驶运输; author_role_analogy:driver/Other	primary_semantic_review	"[""Other""]"	primary_semantic_review	1	Other	resolved	author_substring	substring_unique_candidate	Sports/Games	"[[""Sports/Games"",""Sports/Games""]]"		out_of_scope	deferred	not_reviewed	semantic_review_draft_not_frozen
1516	Information security	1		needs_context	low	primary_semantic_adjudication	信息安全是专业领域，可涉及安全研发、系统运行维护、普通技术支持或管理，未给出个体岗位。	occupation_meaning:信息安全领域职能不明	primary_semantic_review	"[""Discovery/Science"", ""Other"", ""Leadership""]"	primary_semantic_review	1	Discovery/Science	resolved	no_author_rule	no_author_rule		[]		out_of_scope	deferred	not_reviewed	semantic_review_draft_not_frozen
1517	Online Editor	1	Culture	resolved	medium	agent_semantic_review	“Online Editor”所指工作核心是采访、撰写、编辑、评论或向公众传播文化/媒体内容，属于文化生产、表演或传播职能，归入Culture。	occupation_meaning:Online Editor：文化创作、表演、媒体传播或文化产品制作/发行职责	bhht_semantic_batch_3	"[""Culture""]"	bhht_semantic_batch_3	0	Culture	resolved	author_substring	substring_unique_candidate	Culture	"[[""Culture"",""Culture-periphery""]]"	Culture	proposed	deferred	not_reviewed	semantic_review_draft_not_frozen
1518	Legal writer	1	Culture	resolved	medium	agent_semantic_review	撰写法律文章、判例摘要、法律教材或面向专业读者的法律说明材料。	occupation_meaning:撰写法律文章、判例摘要、法律教材或面向专业读者的法律说明材料。	rationale_batch_3	"[""Culture""]"	bhht_semantic_batch_1	0	Culture	resolved	author_substring	substring_unique_candidate	Culture	"[[""Culture"",""Culture-core""]]"	Culture	proposed	deferred	not_reviewed	semantic_review_draft_not_frozen
1519	Mayor of Montazels	1	Leadership	resolved	medium	agent_semantic_review	市长领导市政议会和地方行政，决定公共服务与预算优先级并监督市镇事务。	occupation_meaning:市长领导市政议会和地方行政，决定公共服务与预算优先级并监督市镇事务。	rationale_batch_1	"[""Leadership""]"	bhht_semantic_batch_2	0	Leadership	resolved	author_substring	substring_unique_candidate	Leadership	"[[""Leadership"",""Politics""]]"	Leadership	proposed	deferred	not_reviewed	semantic_review_draft_not_frozen
1520	Software Developer (Profession)	1	Discovery/Science	resolved	medium	agent_semantic_review	“Software Developer (Profession)”从事的核心职责是从事专业教学、技术设计开发、测试或学术研究，其工作属于知识发现、学术/医疗或技术开发，归入Discovery/Science。 词项中的编号及/或“(Profession)”是数据库区分标记，不改变该职业的职责含义。	occupation_meaning:Software Developer (Profession)：科学研究、专业教育、医疗服务或工程技术开发职责	bhht_semantic_batch_3	"[""Discovery/Science""]"	bhht_semantic_batch_3	0	Discovery/Science	resolved	author_substring	substring_unique_candidate	Discovery/Science	"[[""Discovery/Science"",""Explorer/Inventor/Developer""]]"	Discovery/Science	proposed	deferred	not_reviewed	semantic_review_draft_not_frozen
1521	Video journalist	1	Culture	resolved	medium	agent_semantic_review	独立采访、拍摄并剪辑新闻视频，向媒体平台提交报道内容。	occupation_meaning:独立采访、拍摄并剪辑新闻视频，向媒体平台提交报道内容。	rationale_batch_2	"[""Culture""]"	bhht_semantic_batch_1	0	Culture	resolved	author_substring	substring_unique_candidate	Culture	"[[""Culture"",""Culture-periphery""]]"	Culture	proposed	deferred	not_reviewed	semantic_review_draft_not_frozen
1523	Neuroscience	1		needs_context	low	primary_semantic_adjudication	神经科学是学科名，未说明该值指研究人员、教师或实验技术员等岗位；按字段非职业描述暂留待查。	occupation_meaning:神经科学学科名称	primary_semantic_review	"[""Discovery/Science"", ""Other""]"	primary_semantic_review	1	Discovery/Science	resolved	author_substring	substring_unique_candidate	Discovery/Science	"[[""Discovery/Science"",""Academia""]]"		needs_review	deferred	not_reviewed	semantic_review_draft_not_frozen
1524	Sound Artist	1	Culture	resolved	medium	agent_semantic_review	“Sound Artist”所指工作核心是创作或呈现艺术作品/现场表演，职业产出面向文化受众，属于文化生产、表演或传播职能，归入Culture。	occupation_meaning:Sound Artist：文化创作、表演、媒体传播或文化产品制作/发行职责	bhht_semantic_batch_3	"[""Culture""]"	bhht_semantic_batch_3	0	Culture	resolved	author_substring	substring_unique_candidate	Culture	"[[""Culture"",""Culture-core""]]"	Culture	proposed	deferred	not_reviewed	semantic_review_draft_not_frozen
1526	Social entrepreneur	1		needs_context	low	agent_semantic_review	社会企业家可经营小型公益企业或大型社会组织，经营规模与职责未明确。	occupation_meaning:社会企业经营者，规模未明	bhht_semantic_batch_1	"[""Leadership"",""Other""]"	bhht_semantic_batch_1	0		needs_context	author_substring	substring_unique_candidate	Leadership	"[[""Leadership"",""Corporate/Executive/Business (large)""]]"		needs_review	deferred	not_reviewed	semantic_review_draft_not_frozen
1527	Economic historian	1	Discovery/Science	resolved	high	agent_semantic_review	经济史学家研究过去的贸易、劳动、金融与经济制度，分析历史数据和档案并发表研究。	occupation_meaning:经济史学家研究过去的贸易、劳动、金融与经济制度，分析历史数据和档案并发表研究。	rationale_batch_1	"[""Discovery/Science""]"	bhht_semantic_batch_2	0	Discovery/Science	resolved	author_substring	substring_unique_candidate	Discovery/Science	"[[""Discovery/Science"",""Academia""]]"	Discovery/Science	proposed	deferred	not_reviewed	semantic_review_draft_not_frozen
1528	Colonel general	1	Leadership	resolved	high	agent_semantic_review	“Colonel general”的职责是在军队或公共安全体系履行指挥、军职或执法责任，对应公共治理、法律/军事/宗教权威或企业金融领导，归入Leadership。	occupation_meaning:Colonel general：治理、法律、军职、宗教权威、外交或企业金融管理职责	bhht_semantic_batch_3	"[""Leadership""]"	bhht_semantic_batch_3	0	Leadership	resolved	author_substring	substring_unique_candidate	Leadership	"[[""Leadership"",""Military""]]"	Leadership	proposed	deferred	not_reviewed	semantic_review_draft_not_frozen
1529	Printmaker (Music Artist)	1	Culture	resolved	medium	agent_semantic_review	通过木刻、蚀刻、丝网或其他版画工艺创作并印制视觉艺术作品。	occupation_meaning:通过木刻、蚀刻、丝网或其他版画工艺创作并印制视觉艺术作品。	rationale_batch_2	"[""Culture""]"	bhht_semantic_batch_1	0	Culture	resolved	author_substring	substring_unique_candidate	Culture	"[[""Culture"",""Culture-core""]]"	Culture	proposed	deferred	not_reviewed	semantic_review_draft_not_frozen
1530	Vocal Arranger	1	Culture	resolved	high	agent_semantic_review	为歌曲安排合唱声部、和声走向与人声编制，并准备排练或录音所用谱面。	occupation_meaning:为歌曲安排合唱声部、和声走向与人声编制，并准备排练或录音所用谱面。	rationale_batch_3	"[""Culture""]"	bhht_semantic_batch_2	0	Culture	resolved	no_author_rule	no_author_rule		[]	Culture	proposed	deferred	not_reviewed	semantic_review_draft_not_frozen
1531	Tax Preparer	1	Other	resolved	medium	agent_semantic_review	“Tax Preparer”是提供标题所指的日常服务、运输、维修、照护、手工业或一般商业服务的职业称谓，不属于艺术文化、科学技术、公共权力或竞技体育领域，归入Other。	occupation_meaning:Tax Preparer：明确的日常服务、一般劳动或小规模商业经营职责	bhht_semantic_batch_3	"[""Other""]"	bhht_semantic_batch_3	0	Other	resolved	no_author_rule	no_author_rule		[]		out_of_scope	deferred	not_reviewed	semantic_review_draft_not_frozen
1534	Gyōji	1	Sports/Games	resolved	high	agent_semantic_review	日本相扑比赛裁判在比赛中宣告并判定胜负，属于竞赛裁判岗位。	https://sumo.or.jp/EnSumoDataKyokaiMember/gyoji/	bhht_semantic_batch_1	"[""Sports/Games""]"	bhht_semantic_batch_1	0	Sports/Games	resolved	no_author_rule	no_author_rule		[]	Sports/Games	proposed	deferred	not_reviewed	semantic_review_draft_not_frozen
1535	Air Force Officer	1	Leadership	resolved	high	agent_semantic_review	空军军官指挥或管理空军人员、训练和航空任务，按军阶承担部队准备与行动职责。	occupation_meaning:空军军官指挥或管理空军人员、训练和航空任务，按军阶承担部队准备与行动职责。	rationale_batch_1	"[""Leadership""]"	bhht_semantic_batch_2	0	Leadership	resolved	author_substring	substring_unique_candidate	Leadership	"[[""Leadership"",""Military""]]"	Leadership	proposed	deferred	not_reviewed	semantic_review_draft_not_frozen
1536	Doshu	1	Sports/Games	resolved	high	agent_semantic_review	Doshu is the hereditary/head authority of an aikido tradition; this is a martial-arts leadership title, not a generic occupation.	https://www.cs.brandeis.edu/~afeinman/aikido/vocab.html	bhht_semantic_batch_3	"[""Sports/Games""]"	bhht_semantic_batch_3	0	Sports/Games	resolved	no_author_rule	no_author_rule		[]		needs_review	deferred	not_reviewed	semantic_review_draft_not_frozen
1537	Animation Engineer	1		needs_context	low	primary_semantic_adjudication	可能研发动画软件/技术系统，也可能承担影视动画制作管线工作；未能由完整词确定主要职能。	occupation_meaning:动画技术研发与影视制作职责可能交叉	primary_semantic_review	"[""Culture"", ""Discovery/Science""]"	primary_semantic_review	1	Discovery/Science	resolved	author_substring	substring_cross_l1_conflict		"[[""Culture"",""Culture-core""],[""Discovery/Science"",""Explorer/Inventor/Developer""]]"	Discovery/Science	proposed	deferred	not_reviewed	semantic_review_draft_not_frozen
1538	Bonesetter	1	Discovery/Science	resolved	high	agent_semantic_review	以手法复位或固定骨折、脱位等骨骼损伤；属于传统或替代性医疗照护。	occupation_meaning:以手法复位或固定骨折、脱位等骨骼损伤；属于传统或替代性医疗照护。	rationale_batch_2	"[""Discovery/Science""]"	bhht_semantic_batch_2	0	Discovery/Science	resolved	no_author_rule	no_author_rule		[]		needs_review	deferred	not_reviewed	semantic_review_draft_not_frozen
1539	Secretary-General of the United Nations	1	Leadership	resolved	high	agent_semantic_review	“Secretary-General of the United Nations”的职责是在军队或公共安全体系履行指挥、军职或执法责任，对应公共治理、法律/军事/宗教权威或企业金融领导，归入Leadership。	occupation_meaning:Secretary-General of the United Nations：治理、法律、军职、宗教权威、外交或企业金融管理职责	bhht_semantic_batch_3	"[""Leadership""]"	bhht_semantic_batch_3	0	Leadership	resolved	author_substring	substring_unique_candidate	Leadership	"[[""Leadership"",""Politics""]]"	Leadership	proposed	deferred	not_reviewed	semantic_review_draft_not_frozen
1540	Design Engineer	1	Discovery/Science	resolved	medium	agent_semantic_review	依据性能、材料和制造约束设计工程产品或部件，制作方案并验证其技术可行性。	occupation_meaning:依据性能、材料和制造约束设计工程产品或部件，制作方案并验证其技术可行性。	rationale_batch_3	"[""Discovery/Science""]"	bhht_semantic_batch_1	0	Discovery/Science	resolved	author_substring	substring_unique_candidate	Discovery/Science	"[[""Discovery/Science"",""Explorer/Inventor/Developer""]]"	Discovery/Science	proposed	deferred	not_reviewed	semantic_review_draft_not_frozen
1541	Artillery Officer	1	Leadership	resolved	high	agent_semantic_review	炮兵军官指挥炮兵分队及火力装备，训练炮组并规划火力支援和武器安全。	occupation_meaning:炮兵军官指挥炮兵分队及火力装备，训练炮组并规划火力支援和武器安全。	rationale_batch_1	"[""Leadership""]"	bhht_semantic_batch_2	0	Leadership	resolved	author_substring	substring_unique_candidate	Leadership	"[[""Leadership"",""Military""]]"	Leadership	proposed	deferred	not_reviewed	semantic_review_draft_not_frozen
1542	Jazz Violinist	1	Culture	resolved	medium	agent_semantic_review	“Jazz Violinist”所指工作核心是创作或呈现艺术作品/现场表演，职业产出面向文化受众，属于文化生产、表演或传播职能，归入Culture。	occupation_meaning:Jazz Violinist：文化创作、表演、媒体传播或文化产品制作/发行职责	bhht_semantic_batch_3	"[""Culture""]"	bhht_semantic_batch_3	0	Culture	resolved	author_substring	substring_unique_candidate	Culture	"[[""Culture"",""Culture-core""]]"	Culture	proposed	deferred	not_reviewed	semantic_review_draft_not_frozen
1543	Martial Artist Teacher	1	Sports/Games	resolved	medium	agent_semantic_review	教授武术动作、套路和格斗训练，并纠正学员姿势、技术与安全规范。	occupation_meaning:教授武术动作、套路和格斗训练，并纠正学员姿势、技术与安全规范。	rationale_batch_2	"[""Sports/Games""]"	bhht_semantic_batch_1	0	Sports/Games	resolved	author_substring	substring_cross_l1_conflict		"[[""Culture"",""Culture-core""],[""Discovery/Science"",""Academia""],[""Sports/Games"",""Sports/Games""]]"	Sports/Games	proposed	deferred	not_reviewed	semantic_review_draft_not_frozen
1544	CNR (Composition)	1		needs_context	low	agent_semantic_review	“CNR”缩写和括号中的 Composition 未能可靠解释为具体岗位，不能推定为作曲或其他类别。	occupation_meaning:原值只给出泛称、资格、身份或无法确认的文本，需补充具体职责/语境。	bhht_semantic_batch_2	[]	bhht_semantic_batch_2	0		needs_context	no_author_rule	no_author_rule		[]		needs_review	deferred	not_reviewed	semantic_review_draft_not_frozen
1545	Manicurist	1	Other	resolved	medium	agent_semantic_review	“Manicurist”是提供标题所指的日常服务、运输、维修、照护、手工业或一般商业服务的职业称谓，不属于艺术文化、科学技术、公共权力或竞技体育领域，归入Other。	occupation_meaning:Manicurist：明确的日常服务、一般劳动或小规模商业经营职责	bhht_semantic_batch_3	"[""Other""]"	bhht_semantic_batch_3	0	Other	resolved	no_author_rule	no_author_rule		[]		out_of_scope	deferred	not_reviewed	semantic_review_draft_not_frozen
1546	Woman	1		needs_context	low	agent_semantic_review	性别身份词，不是职业名称，需确认源字段含义。	occupation_meaning:性别身份，不表职业	bhht_semantic_batch_1	[]	bhht_semantic_batch_1	0		needs_context	no_author_rule	no_author_rule		[]		out_of_scope	deferred	not_reviewed	semantic_review_draft_not_frozen
1547	Music Collector	1	Culture	resolved	high	agent_semantic_review	搜集、整理并保存唱片、乐谱或音乐相关资料；称谓本身未说明是否为职业性工作。	occupation_meaning:搜集、整理并保存唱片、乐谱或音乐相关资料；称谓本身未说明是否为职业性工作。	rationale_batch_3	"[""Culture""]"	bhht_semantic_batch_2	0	Culture	resolved	author_substring	substring_unique_candidate	Culture	"[[""Culture"",""Culture-core""]]"		needs_review	deferred	not_reviewed	semantic_review_draft_not_frozen
1548	Conceptual Artist	1	Culture	resolved	medium	agent_semantic_review	“Conceptual Artist”所指工作核心是创作或呈现艺术作品/现场表演，职业产出面向文化受众，属于文化生产、表演或传播职能，归入Culture。	occupation_meaning:Conceptual Artist：文化创作、表演、媒体传播或文化产品制作/发行职责	bhht_semantic_batch_3	"[""Culture""]"	bhht_semantic_batch_3	0	Culture	resolved	author_substring	substring_unique_candidate	Culture	"[[""Culture"",""Culture-core""]]"	Culture	proposed	deferred	not_reviewed	semantic_review_draft_not_frozen
1549	Infantry Weapons Officer	1	Leadership	resolved	medium	agent_semantic_review	步兵武器军官管理步兵武器装备、训练使用人员，并为部队战术行动提供武器配置和支援。	occupation_meaning:步兵武器军官管理步兵武器装备、训练使用人员，并为部队战术行动提供武器配置和支援。	rationale_batch_1	"[""Leadership""]"	bhht_semantic_batch_1	0	Leadership	resolved	author_substring	substring_unique_candidate	Leadership	"[[""Leadership"",""Military""]]"	Leadership	proposed	deferred	not_reviewed	semantic_review_draft_not_frozen
1551	Secret police	1	Leadership	resolved	high	agent_semantic_review	以秘密方式调查和压制被政府视为威胁的政治活动，执行国家安全监控或逮捕任务。	occupation_meaning:以秘密方式调查和压制被政府视为威胁的政治活动，执行国家安全监控或逮捕任务。	rationale_batch_2	"[""Leadership""]"	bhht_semantic_batch_2	0	Leadership	resolved	author_substring	substring_unique_candidate	Leadership	"[[""Leadership"",""Administration/Law""]]"	Leadership	proposed	deferred	not_reviewed	semantic_review_draft_not_frozen
1552	SEO Analyst	1	Other	resolved	high	agent_semantic_review	Reviews search visibility, traffic, and keyword performance and recommends changes to a website; this is a marketing analytics service.	occupation_meaning:SEO Analyst：明确的日常服务、一般劳动或小规模商业经营职责	bhht_semantic_batch_3	"[""Other""]"	bhht_semantic_batch_3	0	Other	resolved	author_substring	substring_unique_candidate	Other	"[[""Other"",""Worker/Business (small)""]]"		needs_review	deferred	not_reviewed	semantic_review_draft_not_frozen
1553	Geological engineer	1	Discovery/Science	resolved	medium	agent_semantic_review	运用地质和工程知识评估岩土、矿产或地下条件，并为工程建设、开采或资源开发设计方案。	occupation_meaning:运用地质和工程知识评估岩土、矿产或地下条件，并为工程建设、开采或资源开发设计方案。	rationale_batch_3	"[""Discovery/Science""]"	bhht_semantic_batch_1	0	Discovery/Science	resolved	author_substring	substring_unique_candidate	Discovery/Science	"[[""Discovery/Science"",""Explorer/Inventor/Developer""]]"	Discovery/Science	proposed	deferred	not_reviewed	semantic_review_draft_not_frozen
1554	Quantum chemist	1	Discovery/Science	resolved	high	agent_semantic_review	量子化学家运用量子力学计算与实验研究分子结构、电子状态和化学反应。	occupation_meaning:量子化学家运用量子力学计算与实验研究分子结构、电子状态和化学反应。	rationale_batch_1	"[""Discovery/Science""]"	bhht_semantic_batch_2	0	Discovery/Science	resolved	author_substring	substring_unique_candidate	Discovery/Science	"[[""Discovery/Science"",""Academia""]]"	Discovery/Science	proposed	deferred	not_reviewed	semantic_review_draft_not_frozen
1555	Legal analyst	1	Leadership	resolved	high	agent_semantic_review	“Legal analyst”的职责是承担机构治理、金融资本配置、商业经营管理或政治公共事务职责，对应公共治理、法律/军事/宗教权威或企业金融领导，归入Leadership。	occupation_meaning:Legal analyst：治理、法律、军职、宗教权威、外交或企业金融管理职责	bhht_semantic_batch_3	"[""Leadership""]"	bhht_semantic_batch_3	0	Leadership	resolved	author_substring	substring_unique_candidate	Other	"[[""Other"",""Worker/Business (small)""]]"	Leadership	proposed	deferred	not_reviewed	semantic_review_draft_not_frozen
1556	Hair and Makeup Artist	1	Culture	resolved	medium	agent_semantic_review	为演员、模特或客户设计并实施发型、妆容和角色化外观。	occupation_meaning:为演员、模特或客户设计并实施发型、妆容和角色化外观。	rationale_batch_2	"[""Culture""]"	bhht_semantic_batch_1	0	Culture	resolved	author_substring	substring_same_l1_multiple_l2	Culture	"[[""Culture"",""Culture-core""],[""Culture"",""Culture-periphery""]]"	Culture	proposed	deferred	not_reviewed	semantic_review_draft_not_frozen
1557	Military police	1	Leadership	resolved	high	agent_semantic_review	在军队内执行纪律与安全任务，巡逻、调查违纪事件并保障军事设施或人员安全。	occupation_meaning:在军队内执行纪律与安全任务，巡逻、调查违纪事件并保障军事设施或人员安全。	rationale_batch_3	"[""Leadership""]"	bhht_semantic_batch_2	0	Leadership	resolved	author_substring	substring_same_l1_multiple_l2	Leadership	"[[""Leadership"",""Administration/Law""],[""Leadership"",""Military""]]"	Leadership	proposed	deferred	not_reviewed	semantic_review_draft_not_frozen
1558	Ontologist	1	Discovery/Science	resolved	medium	agent_semantic_review	“Ontologist”从事的核心职责是开展该学科的研究、证据分析与知识产出，其工作属于知识发现、学术/医疗或技术开发，归入Discovery/Science。	occupation_meaning:Ontologist：科学研究、专业教育、医疗服务或工程技术开发职责	bhht_semantic_batch_3	"[""Discovery/Science""]"	bhht_semantic_batch_3	0	Discovery/Science	resolved	no_author_rule	no_author_rule		[]	Discovery/Science	proposed	deferred	not_reviewed	semantic_review_draft_not_frozen
1559	ADR Script Writer	1	Culture	resolved	medium	agent_semantic_review	ADR编剧为影视后期替换对白编写或改写台词，使配音内容符合角色、镜头时长和口型节奏。	occupation_meaning:ADR编剧为影视后期替换对白编写或改写台词，使配音内容符合角色、镜头时长和口型节奏。	rationale_batch_1	"[""Culture""]"	bhht_semantic_batch_1	0	Culture	resolved	author_substring	substring_unique_candidate	Culture	"[[""Culture"",""Culture-core""]]"	Culture	proposed	deferred	not_reviewed	semantic_review_draft_not_frozen
1561	Assistant Teacher	1	Discovery/Science	resolved	high	agent_semantic_review	协助主课教师备课、带小组活动、辅导学生并维持课堂秩序。	occupation_meaning:协助主课教师备课、带小组活动、辅导学生并维持课堂秩序。	rationale_batch_2	"[""Discovery/Science""]"	bhht_semantic_batch_2	0	Discovery/Science	resolved	author_substring	substring_unique_candidate	Discovery/Science	"[[""Discovery/Science"",""Academia""]]"	Discovery/Science	proposed	deferred	not_reviewed	semantic_review_draft_not_frozen
1563	Exile	1		needs_context	low	agent_semantic_review	Exile is a political or personal status, not an occupation.	occupation_meaning:Exile：仅凭词项无法确定稳定职业职责	bhht_semantic_batch_3	[]	bhht_semantic_batch_3	0		needs_context	no_author_rule	no_author_rule		[]		out_of_scope	deferred	not_reviewed	semantic_review_draft_not_frozen
1564	Credit control	1	Other	resolved	medium	primary_semantic_adjudication	核查客户信用、信用额度并追收逾期应收账款，是日常财务信用控制服务；未表明企业高管或金融机构控制职责。	occupation_meaning:信用审核与应收账款管理服务	primary_semantic_review	"[""Other""]"	primary_semantic_review	1	Leadership	resolved	no_author_rule	no_author_rule		[]		out_of_scope	deferred	not_reviewed	semantic_review_draft_not_frozen
1565	Dispatcher	1	Other	resolved	high	agent_semantic_review	调度员接收运输、维修或紧急服务请求，安排车辆和人员路线、时序并传递现场信息。	occupation_meaning:调度员接收运输、维修或紧急服务请求，安排车辆和人员路线、时序并传递现场信息。	rationale_batch_1	"[""Other""]"	bhht_semantic_batch_2	0	Other	resolved	no_author_rule	no_author_rule		[]		out_of_scope	deferred	not_reviewed	semantic_review_draft_not_frozen
1566	Kaymakam	1	Leadership	resolved	high	agent_semantic_review	A kaymakam is a district-level governor/administrator, exercising public authority on behalf of government.	https://dergipark.org.tr/tr/download/article-file/211317	bhht_semantic_batch_3	"[""Leadership""]"	bhht_semantic_batch_3	0	Leadership	resolved	no_author_rule	no_author_rule		[]	Leadership	proposed	deferred	not_reviewed	semantic_review_draft_not_frozen
1567	Impressionist (Profession) #3	1	Culture	resolved	medium	agent_semantic_review	模仿名人或公众人物的声音、表情和动作进行喜剧或舞台表演。	occupation_meaning:模仿名人或公众人物的声音、表情和动作进行喜剧或舞台表演。	rationale_batch_2	"[""Culture""]"	bhht_semantic_batch_1	0	Culture	resolved	author_substring	substring_unique_candidate	Culture	"[[""Culture"",""Culture-core""]]"	Culture	proposed	deferred	not_reviewed	semantic_review_draft_not_frozen
1569	Politician & Trade Unionist	1	Leadership	resolved	medium	agent_semantic_review	参与公共政治活动并同时组织或代表工会成员，推动政策主张和劳工权益谈判。	occupation_meaning:参与公共政治活动并同时组织或代表工会成员，推动政策主张和劳工权益谈判。	rationale_batch_3	"[""Leadership""]"	bhht_semantic_batch_2	0	Leadership	resolved	author_substring	substring_unique_candidate	Leadership	"[[""Leadership"",""Politics""]]"	Leadership	proposed	deferred	not_reviewed	semantic_review_draft_not_frozen
1570	Country Doctor	1	Discovery/Science	resolved	medium	agent_semantic_review	“Country Doctor”从事的核心职责是运用医学专业知识提供诊断、治疗、护理或健康服务，其工作属于知识发现、学术/医疗或技术开发，归入Discovery/Science。	occupation_meaning:Country Doctor：科学研究、专业教育、医疗服务或工程技术开发职责	bhht_semantic_batch_3	"[""Discovery/Science""]"	bhht_semantic_batch_3	0	Discovery/Science	resolved	author_substring	substring_unique_candidate	Discovery/Science	"[[""Discovery/Science"",""Academia""]]"	Discovery/Science	proposed	deferred	not_reviewed	semantic_review_draft_not_frozen
1571	Performer-Songwriter-Musical Director	1	Culture	resolved	medium	agent_semantic_review	表演者兼词曲作者创作歌曲并登台演出，同时担任音乐剧或乐团排练与演奏的音乐指导。	occupation_meaning:表演者兼词曲作者创作歌曲并登台演出，同时担任音乐剧或乐团排练与演奏的音乐指导。	rationale_batch_1	"[""Culture""]"	bhht_semantic_batch_1	0	Culture	resolved	author_substring	substring_unique_candidate	Culture	"[[""Culture"",""Culture-core""]]"	Culture	proposed	deferred	not_reviewed	semantic_review_draft_not_frozen
1572	Web builder	1	Discovery/Science	resolved	high	agent_semantic_review	Web builder 构建和维护网站页面/功能，属于网站技术开发。	occupation_meaning:Web builder 构建和维护网站页面/功能，属于网站技术开发。; author_role_analogy:author L1 Discovery/Science	bhht_semantic_batch_2	"[""Discovery/Science""]"	bhht_semantic_batch_2	0	Discovery/Science	resolved	no_author_rule	no_author_rule		[]		needs_review	deferred	not_reviewed	semantic_review_draft_not_frozen
1573	Food writer	1	Culture	resolved	medium	agent_semantic_review	“Food writer”所指工作核心是采访、撰写、编辑、评论或向公众传播文化/媒体内容，属于文化生产、表演或传播职能，归入Culture。	occupation_meaning:Food writer：文化创作、表演、媒体传播或文化产品制作/发行职责	bhht_semantic_batch_3	"[""Culture""]"	bhht_semantic_batch_3	0	Culture	resolved	author_substring	substring_unique_candidate	Culture	"[[""Culture"",""Culture-core""]]"	Culture	proposed	deferred	not_reviewed	semantic_review_draft_not_frozen
1574	Police commissioner	1	Leadership	resolved	medium	agent_semantic_review	领导警察机构，制定执法管理安排并监督警务部门和公共安全行动。	occupation_meaning:领导警察机构，制定执法管理安排并监督警务部门和公共安全行动。	rationale_batch_2	"[""Leadership""]"	bhht_semantic_batch_1	0	Leadership	resolved	author_substring	substring_unique_candidate	Leadership	"[[""Leadership"",""Administration/Law""]]"	Leadership	proposed	deferred	not_reviewed	semantic_review_draft_not_frozen
1575	Garden designer	1	Culture	resolved	high	agent_semantic_review	Garden designer 规划庭园空间、植物配置和景观视觉，是设计创作工作。	occupation_meaning:Garden designer 规划庭园空间、植物配置和景观视觉，是设计创作工作。; author_role_analogy:author L1 Culture	bhht_semantic_batch_2	"[""Culture""]"	bhht_semantic_batch_2	0	Culture	resolved	author_substring	substring_unique_candidate	Culture	"[[""Culture"",""Culture-periphery""]]"	Culture	proposed	deferred	not_reviewed	semantic_review_draft_not_frozen
1576	American Historian	1	Discovery/Science	resolved	medium	agent_semantic_review	“American Historian”从事的核心职责是开展该学科的研究、证据分析与知识产出，其工作属于知识发现、学术/医疗或技术开发，归入Discovery/Science。	occupation_meaning:American Historian：科学研究、专业教育、医疗服务或工程技术开发职责	bhht_semantic_batch_3	"[""Discovery/Science""]"	bhht_semantic_batch_3	0	Discovery/Science	resolved	author_substring	substring_unique_candidate	Discovery/Science	"[[""Discovery/Science"",""Academia""]]"	Discovery/Science	proposed	deferred	not_reviewed	semantic_review_draft_not_frozen
1577	Paint Artist	1	Culture	resolved	high	agent_semantic_review	Paint Artist指使用颜料进行视觉艺术创作，工作产物是绘画作品，属于视觉艺术。	occupation_meaning:颜料绘画创作	bhht_semantic_batch_1	"[""Culture""]"	bhht_semantic_batch_1	0	Culture	resolved	author_substring	substring_unique_candidate	Culture	"[[""Culture"",""Culture-core""]]"	Culture	proposed	deferred	not_reviewed	semantic_review_draft_not_frozen
1578	Molecular Geneticist	1	Discovery/Science	resolved	high	agent_semantic_review	研究基因、DNA和遗传机制，通过实验分析遗传变异及其对生物性状或疾病的影响。	occupation_meaning:研究基因、DNA和遗传机制，通过实验分析遗传变异及其对生物性状或疾病的影响。	rationale_batch_3	"[""Discovery/Science""]"	bhht_semantic_batch_2	0	Discovery/Science	resolved	author_substring	substring_unique_candidate	Discovery/Science	"[[""Discovery/Science"",""Academia""]]"	Discovery/Science	proposed	deferred	not_reviewed	semantic_review_draft_not_frozen
1579	Political Assistant	1	Leadership	resolved	high	agent_semantic_review	“Political Assistant”的职责是参与公共政策、政治组织、外交或社会倡议的决策和协调，对应公共治理、法律/军事/宗教权威或企业金融领导，归入Leadership。	occupation_meaning:Political Assistant：治理、法律、军职、宗教权威、外交或企业金融管理职责	bhht_semantic_batch_3	"[""Leadership""]"	bhht_semantic_batch_3	0	Leadership	resolved	author_substring	substring_unique_candidate	Leadership	"[[""Leadership"",""Politics""]]"	Leadership	proposed	deferred	not_reviewed	semantic_review_draft_not_frozen
1580	Internet Executive	1	Leadership	resolved	medium	agent_semantic_review	互联网企业高管制定网络业务方向、监督产品和商业运营，并管理团队及公司资源。	occupation_meaning:互联网企业高管制定网络业务方向、监督产品和商业运营，并管理团队及公司资源。	rationale_batch_1	"[""Leadership""]"	bhht_semantic_batch_1	0	Leadership	resolved	author_substring	substring_unique_candidate	Leadership	"[[""Leadership"",""Corporate/Executive/Business (large)""]]"	Leadership	proposed	deferred	not_reviewed	semantic_review_draft_not_frozen
1581	Information technology management	1	Leadership	resolved	medium	agent_semantic_review	规划组织的IT预算、系统和人员配置，监督技术服务及信息基础设施运行。	occupation_meaning:规划组织的IT预算、系统和人员配置，监督技术服务及信息基础设施运行。	rationale_batch_2	"[""Leadership""]"	bhht_semantic_batch_2	0	Leadership	resolved	author_substring	substring_unique_candidate	Leadership	"[[""Leadership"",""Corporate/Executive/Business (large)""]]"		needs_review	deferred	not_reviewed	semantic_review_draft_not_frozen
1582	Stonecutter	1	Other	resolved	medium	agent_semantic_review	“Stonecutter”是提供标题所指的日常服务、运输、维修、照护、手工业或一般商业服务的职业称谓，不属于艺术文化、科学技术、公共权力或竞技体育领域，归入Other。	occupation_meaning:Stonecutter：明确的日常服务、一般劳动或小规模商业经营职责	bhht_semantic_batch_3	"[""Other""]"	bhht_semantic_batch_3	0	Other	resolved	no_author_rule	no_author_rule		[]		out_of_scope	deferred	not_reviewed	semantic_review_draft_not_frozen
1583	Secret Intelligence Service officer	1	Leadership	resolved	medium	agent_semantic_review	为国家情报机构搜集、分析或协调海外情报，以支持国家安全和政府决策。	occupation_meaning:为国家情报机构搜集、分析或协调海外情报，以支持国家安全和政府决策。	rationale_batch_3	"[""Leadership""]"	bhht_semantic_batch_1	0	Leadership	resolved	author_substring	substring_cross_l1_conflict		"[[""Discovery/Science"",""Academia""],[""Leadership"",""Military""]]"	Leadership	proposed	deferred	not_reviewed	semantic_review_draft_not_frozen
1584	Ghost singer	1	Culture	resolved	high	agent_semantic_review	代唱歌手预先录制影片歌曲，由画面中的演员对口型呈现；歌手本人通常不出现在镜头中。	https://en.wikipedia.org/wiki/Playback_singer	rationale_batch_1	"[""Culture""]"	bhht_semantic_batch_2	0	Culture	resolved	author_substring	substring_unique_candidate	Culture	"[[""Culture"",""Culture-core""]]"	Culture	proposed	deferred	not_reviewed	semantic_review_draft_not_frozen
1585	Camera Assistant	1	Culture	resolved	medium	agent_semantic_review	“Camera Assistant”所指工作核心是提供明确的艺术、媒体或文化产业创作与制作服务，属于文化生产、表演或传播职能，归入Culture。	occupation_meaning:Camera Assistant：文化创作、表演、媒体传播或文化产品制作/发行职责	bhht_semantic_batch_3	"[""Culture""]"	bhht_semantic_batch_3	0	Culture	resolved	no_author_rule	no_author_rule		[]	Culture	proposed	deferred	not_reviewed	semantic_review_draft_not_frozen
1586	Health Authority Wages Clerk	1	Other	resolved	medium	agent_semantic_review	核对医疗机构雇员工时、工资数据和薪酬记录，并处理工资发放行政事务。	occupation_meaning:核对医疗机构雇员工时、工资数据和薪酬记录，并处理工资发放行政事务。	rationale_batch_2	"[""Other""]"	bhht_semantic_batch_1	0	Other	resolved	author_substring	substring_cross_l1_conflict		"[[""Culture"",""Culture-core""],[""Other"",""Worker/Business (small)""]]"		needs_review	deferred	not_reviewed	semantic_review_draft_not_frozen
1587	Electronics technician	1	Other	resolved	medium	primary_semantic_adjudication	从事电子设备测试、装配、维护及故障处理的技术工种；完整词为technician，未表示电子研发工程师。	occupation_meaning:电子设备测试维修技术工种; author_role_analogy:technician/Other	primary_semantic_review	"[""Other""]"	primary_semantic_review	1	Discovery/Science	resolved	author_substring	substring_unique_candidate	Other	"[[""Other"",""Worker/Business (small)""]]"		out_of_scope	deferred	not_reviewed	semantic_review_draft_not_frozen
1588	Digital Marketing Analyst	1	Other	resolved	high	agent_semantic_review	Measures digital campaign traffic and conversion results and reports what should be adjusted; this is marketing analysis rather than executive management.	occupation_meaning:Digital Marketing Analyst：明确的日常服务、一般劳动或小规模商业经营职责	bhht_semantic_batch_3	"[""Other""]"	bhht_semantic_batch_3	0	Other	resolved	author_substring	substring_unique_candidate	Other	"[[""Other"",""Worker/Business (small)""]]"		needs_review	deferred	not_reviewed	semantic_review_draft_not_frozen
1589	Page-boy	1	Other	resolved	medium	agent_semantic_review	在酒店、住宅或仪式场合递送物品、引导来宾或协助完成基础服务事务。	occupation_meaning:在酒店、住宅或仪式场合递送物品、引导来宾或协助完成基础服务事务。	rationale_batch_3	"[""Other""]"	bhht_semantic_batch_1	0	Other	resolved	no_author_rule	no_author_rule		[]		out_of_scope	deferred	not_reviewed	semantic_review_draft_not_frozen
1590	Special Education Teacher	1	Discovery/Science	resolved	high	agent_semantic_review	特殊教育教师依据学生个别教育需求调整课程、教学材料和课堂支持，评估学习并协助学生发展。	occupation_meaning:特殊教育教师依据学生个别教育需求调整课程、教学材料和课堂支持，评估学习并协助学生发展。	rationale_batch_1	"[""Discovery/Science""]"	bhht_semantic_batch_2	0	Discovery/Science	resolved	author_substring	substring_unique_candidate	Discovery/Science	"[[""Discovery/Science"",""Academia""]]"	Discovery/Science	proposed	deferred	not_reviewed	semantic_review_draft_not_frozen
1591	Midwife (Film subject)	1	Discovery/Science	resolved	medium	agent_semantic_review	“Midwife (Film subject)”从事的核心职责是运用医学专业知识提供诊断、治疗、护理或健康服务，其工作属于知识发现、学术/医疗或技术开发，归入Discovery/Science。 括号中的“Film subject”是人物条目语境标记，职业语义仍由midwife确定。	occupation_meaning:Midwife (Film subject)：科学研究、专业教育、医疗服务或工程技术开发职责	bhht_semantic_batch_3	"[""Discovery/Science""]"	bhht_semantic_batch_3	0	Discovery/Science	resolved	author_substring	substring_unique_candidate	Other	"[[""Other"",""Worker/Business (small)""]]"		needs_review	deferred	not_reviewed	semantic_review_draft_not_frozen
1592	Management Theorist	1	Discovery/Science	resolved	high	primary_semantic_adjudication	研究管理理论和组织规律，核心是学术理论研究，不等于公司经营管理职务。	author_role_analogy:theorist/Academia	primary_semantic_review	"[""Discovery/Science""]"	primary_semantic_review	1	Discovery/Science	resolved	author_substring	substring_cross_l1_conflict		"[[""Discovery/Science"",""Academia""],[""Leadership"",""Corporate/Executive/Business (large)""]]"	Discovery/Science	proposed	deferred	not_reviewed	semantic_review_draft_not_frozen
1593	media & culture scientist	1	Discovery/Science	resolved	high	agent_semantic_review	以社会科学方法研究媒体传播、文化生产及其对社会的影响。	occupation_meaning:以社会科学方法研究媒体传播、文化生产及其对社会的影响。	rationale_batch_2	"[""Discovery/Science""]"	bhht_semantic_batch_2	0	Discovery/Science	resolved	author_substring	substring_cross_l1_conflict		"[[""Culture"",""Culture-periphery""],[""Discovery/Science"",""Academia""]]"	Discovery/Science	proposed	deferred	not_reviewed	semantic_review_draft_not_frozen
1594	Keirin Racer	1	Sports/Games	resolved	high	agent_semantic_review	“Keirin Racer”的工作直接围绕体育训练、竞技或比赛规则展开，具体职责是作为选手参加有规则的体育项目训练和竞技，归入Sports/Games。	occupation_meaning:Keirin Racer：体育/武术训练、竞技、执裁或队伍管理职责	bhht_semantic_batch_3	"[""Sports/Games""]"	bhht_semantic_batch_3	0	Sports/Games	resolved	author_substring	substring_unique_candidate	Sports/Games	"[[""Sports/Games"",""Sports/Games""]]"	Sports/Games	proposed	deferred	not_reviewed	semantic_review_draft_not_frozen
1595	Wheelwright	1	Other	resolved	medium	agent_semantic_review	制作或修理木制车轮及其轮辐、轮毂和轮圈等部件。	occupation_meaning:制作或修理木制车轮及其轮辐、轮毂和轮圈等部件。	rationale_batch_3	"[""Other""]"	bhht_semantic_batch_1	0	Other	resolved	no_author_rule	no_author_rule		[]		out_of_scope	deferred	not_reviewed	semantic_review_draft_not_frozen
1597	Arms Control Analyst	1	Leadership	resolved	medium	agent_semantic_review	Arms control analyst 研究武器管制政策与国际安全议题，属于公共政策分析。	occupation_meaning:Arms control analyst 研究武器管制政策与国际安全议题，属于公共政策分析。; author_role_analogy:author L1 Leadership	bhht_semantic_batch_2	"[""Leadership""]"	bhht_semantic_batch_2	0	Leadership	resolved	author_substring	substring_unique_candidate	Other	"[[""Other"",""Worker/Business (small)""]]"	Leadership	proposed	deferred	not_reviewed	semantic_review_draft_not_frozen
1598	Internet Marketing	1	Other	resolved	medium	primary_semantic_adjudication	完整短语指数字营销、搜索优化或获客业务，按作者marketing→Worker/Business(small)归Other；活动/领域名称仅作职业词表中的功能映射，不据此断言人物具体岗位。	author_role_analogy:marketing/Worker-Business-small	primary_semantic_review	"[""Other""]"	primary_semantic_review	1		needs_context	author_substring	substring_unique_candidate	Other	"[[""Other"",""Worker/Business (small)""]]"		needs_review	deferred	not_reviewed	semantic_review_draft_not_frozen
1599	Chimney sweep	1	Other	resolved	medium	agent_semantic_review	烟囱清扫工清除烟囱和排烟管道中的积灰与堵塞，并检查通风和火灾风险。	occupation_meaning:烟囱清扫工清除烟囱和排烟管道中的积灰与堵塞，并检查通风和火灾风险。	rationale_batch_1	"[""Other""]"	bhht_semantic_batch_1	0	Other	resolved	no_author_rule	no_author_rule		[]		out_of_scope	deferred	not_reviewed	semantic_review_draft_not_frozen
1600	Waste collector	1	Other	resolved	high	agent_semantic_review	按路线收集生活或商业垃圾，并运送至处理或回收设施。	occupation_meaning:按路线收集生活或商业垃圾，并运送至处理或回收设施。	rationale_batch_2	"[""Other""]"	bhht_semantic_batch_2	0	Other	resolved	author_substring	substring_unique_candidate	Culture	"[[""Culture"",""Culture-core""]]"		out_of_scope	deferred	not_reviewed	semantic_review_draft_not_frozen
1601	Reno (Profession)	1		needs_context	low	agent_semantic_review	“Reno” is not sufficiently interpretable as a profession from this label alone.	occupation_meaning:Reno (Profession)：仅凭词项无法确定稳定职业职责	bhht_semantic_batch_3	[]	bhht_semantic_batch_3	0		needs_context	no_author_rule	no_author_rule		[]		needs_review	deferred	not_reviewed	semantic_review_draft_not_frozen
1602	Social Historian	1	Discovery/Science	resolved	medium	agent_semantic_review	研究普通人群、家庭、劳动和日常生活的历史变化，利用档案与其他史料撰写分析。	occupation_meaning:研究普通人群、家庭、劳动和日常生活的历史变化，利用档案与其他史料撰写分析。	rationale_batch_3	"[""Discovery/Science""]"	bhht_semantic_batch_1	0	Discovery/Science	resolved	author_substring	substring_unique_candidate	Discovery/Science	"[[""Discovery/Science"",""Academia""]]"	Discovery/Science	proposed	deferred	not_reviewed	semantic_review_draft_not_frozen
1603	Professor of Ancient Greek History and Classical Studies	1	Discovery/Science	resolved	high	agent_semantic_review	古希腊史与古典学教授研究并讲授古希腊语言、历史、文学和文明，指导学生开展相关学术研究。	occupation_meaning:古希腊史与古典学教授研究并讲授古希腊语言、历史、文学和文明，指导学生开展相关学术研究。	rationale_batch_1	"[""Discovery/Science""]"	bhht_semantic_batch_2	0	Discovery/Science	resolved	author_substring	substring_unique_candidate	Discovery/Science	"[[""Discovery/Science"",""Academia""]]"	Discovery/Science	proposed	deferred	not_reviewed	semantic_review_draft_not_frozen
1604	Psycholinguist	1	Discovery/Science	resolved	medium	agent_semantic_review	“Psycholinguist”从事的核心职责是开展该学科的研究、证据分析与知识产出，其工作属于知识发现、学术/医疗或技术开发，归入Discovery/Science。	occupation_meaning:Psycholinguist：科学研究、专业教育、医疗服务或工程技术开发职责	bhht_semantic_batch_3	"[""Discovery/Science""]"	bhht_semantic_batch_3	0	Discovery/Science	resolved	author_substring	substring_unique_candidate	Discovery/Science	"[[""Discovery/Science"",""Academia""]]"	Discovery/Science	proposed	deferred	not_reviewed	semantic_review_draft_not_frozen
1605	Investment advisor	1	Other	resolved	medium	primary_semantic_adjudication	为客户提供投资建议及个人财务方案，属于专业咨询服务；未表明控制金融机构或承担企业高管职责。	occupation_meaning:个人投资咨询服务; author_role_analogy:咨询服务/Worker-Business-small; author_role_analogy:financial_adviser/Worker-Business-small	primary_semantic_review	"[""Other""]"	primary_semantic_review	1	Leadership	resolved	author_substring	substring_same_l1_multiple_l2	Leadership	"[[""Leadership"",""Corporate/Executive/Business (large)""],[""Leadership"",""Politics""]]"		needs_review	deferred	not_reviewed	semantic_review_draft_not_frozen
1606	Video editor	1	Culture	resolved	high	agent_semantic_review	筛选并剪接影像和声音素材，调整节奏、顺序和转场以完成视频或影视成片。	occupation_meaning:筛选并剪接影像和声音素材，调整节奏、顺序和转场以完成视频或影视成片。	rationale_batch_3	"[""Culture""]"	bhht_semantic_batch_2	0	Culture	resolved	author_substring	substring_unique_candidate	Culture	"[[""Culture"",""Culture-periphery""]]"	Culture	proposed	deferred	not_reviewed	semantic_review_draft_not_frozen
1607	Black belt	1		needs_context	low	agent_semantic_review	A black belt may denote a martial-arts rank or a person’s credential; the label alone does not establish active athletic/professional duties.	occupation_meaning:Black belt：仅凭词项无法确定稳定职业职责	bhht_semantic_batch_3	"[""Sports/Games"",""Other""]"	bhht_semantic_batch_3	0		needs_context	no_author_rule	no_author_rule		[]		needs_review	deferred	not_reviewed	semantic_review_draft_not_frozen
1608	Usurper	1	Other	resolved	medium	agent_semantic_review	篡位者通过非法手段夺取统治权或公职，描述的是夺权行为/政治身份而非正规职业。	occupation_meaning:篡位者通过非法手段夺取统治权或公职，描述的是夺权行为/政治身份而非正规职业。	rationale_batch_1	"[""Other""]"	bhht_semantic_batch_1	0	Other	resolved	no_author_rule	no_author_rule		[]		out_of_scope	deferred	not_reviewed	semantic_review_draft_not_frozen
1609	Character Modeler	1	Culture	resolved	high	agent_semantic_review	为动画、游戏或影视特效制作三维人物模型，并调整结构、材质和表情。	occupation_meaning:为动画、游戏或影视特效制作三维人物模型，并调整结构、材质和表情。	rationale_batch_2	"[""Culture""]"	bhht_semantic_batch_2	0	Culture	resolved	no_author_rule	no_author_rule		[]	Culture	proposed	deferred	not_reviewed	semantic_review_draft_not_frozen
1610	Modeler	1		needs_context	low	agent_semantic_review	Modeler can refer to artistic, scientific, industrial, or mathematical modeling; no domain is given.	occupation_meaning:Modeler：仅凭词项无法确定稳定职业职责	bhht_semantic_batch_3	"[""Culture"",""Discovery/Science"",""Other""]"	bhht_semantic_batch_3	0		needs_context	no_author_rule	no_author_rule		[]		needs_review	deferred	not_reviewed	semantic_review_draft_not_frozen
1611	Restaurant Mgt.	1	Leadership	resolved	medium	agent_semantic_review	管理餐厅日常运营，包括排班、服务质量、库存、预算和员工协调。	occupation_meaning:管理餐厅日常运营，包括排班、服务质量、库存、预算和员工协调。	rationale_batch_3	"[""Leadership""]"	bhht_semantic_batch_1	0	Leadership	resolved	no_author_rule	no_author_rule		[]		needs_review	deferred	not_reviewed	semantic_review_draft_not_frozen
1612	County court bailiff	1	Leadership	resolved	high	agent_semantic_review	县法院执达员送达法院文件、执行法院命令，并依法协助财产扣押或驱逐等程序。	occupation_meaning:县法院执达员送达法院文件、执行法院命令，并依法协助财产扣押或驱逐等程序。	rationale_batch_1	"[""Leadership""]"	bhht_semantic_batch_2	0	Leadership	resolved	author_substring	substring_unique_candidate	Leadership	"[[""Leadership"",""Administration/Law""]]"	Leadership	proposed	deferred	not_reviewed	semantic_review_draft_not_frozen
1613	Street sweeper	1	Other	resolved	medium	agent_semantic_review	“Street sweeper”是承担明确的日常服务、普通职业劳动或小规模经营职责的职业称谓，不属于艺术文化、科学技术、公共权力或竞技体育领域，归入Other。	occupation_meaning:Street sweeper：明确的日常服务、一般劳动或小规模商业经营职责	bhht_semantic_batch_3	"[""Other""]"	bhht_semantic_batch_3	0	Other	resolved	author_substring	substring_unique_candidate	Other	"[[""Other"",""Worker/Business (small)""]]"		out_of_scope	deferred	not_reviewed	semantic_review_draft_not_frozen
1614	Private Secretary	1	Other	resolved	medium	agent_semantic_review	私人秘书主要提供日程、通信和文书等个人行政支持，未显示公共治理或企业决策权限。	occupation_meaning:个人行政助理服务	bhht_semantic_batch_1	"[""Other""]"	bhht_semantic_batch_1	0	Other	resolved	author_substring	substring_unique_candidate	Leadership	"[[""Leadership"",""Politics""]]"		needs_review	deferred	not_reviewed	semantic_review_draft_not_frozen
1615	Dramaturgist	1	Culture	resolved	high	agent_semantic_review	研究剧本和相关史料，为剧院提供文本分析、背景资料及戏剧结构建议。	occupation_meaning:研究剧本和相关史料，为剧院提供文本分析、背景资料及戏剧结构建议。	rationale_batch_2	"[""Culture""]"	bhht_semantic_batch_2	0	Culture	resolved	author_substring	substring_unique_candidate	Culture	"[[""Culture"",""Culture-core""]]"	Culture	proposed	deferred	not_reviewed	semantic_review_draft_not_frozen
1616	Informant	1		needs_context	low	agent_semantic_review	Informant may mean a confidential source, intelligence asset, or information provider; the occupational setting is missing.	occupation_meaning:Informant：仅凭词项无法确定稳定职业职责	bhht_semantic_batch_3	"[""Leadership"",""Other""]"	bhht_semantic_batch_3	0		needs_context	no_author_rule	no_author_rule		[]		needs_review	deferred	not_reviewed	semantic_review_draft_not_frozen
1617	Miscellaneous Crew	1		needs_context	low	agent_semantic_review	影视制作片尾的杂项剧组职务集合，未给出具体工种。	occupation_meaning:多个未指定剧组岗位	bhht_semantic_batch_1	"[""Culture"",""Other""]"	bhht_semantic_batch_1	0		needs_context	no_author_rule	no_author_rule		[]		out_of_scope	deferred	not_reviewed	semantic_review_draft_not_frozen
1618	Production Stage Manager	1	Culture	resolved	high	agent_semantic_review	Production stage manager 协调演出排练、演出流程和舞台部门执行，属于现场文化制作。	occupation_meaning:Production stage manager 协调演出排练、演出流程和舞台部门执行，属于现场文化制作。; author_role_analogy:author L1 Culture	bhht_semantic_batch_2	"[""Culture""]"	bhht_semantic_batch_2	0	Culture	resolved	author_substring	substring_cross_l1_conflict		"[[""Culture"",""Culture-core""],[""Leadership"",""Corporate/Executive/Business (large)""]]"		needs_review	deferred	not_reviewed	semantic_review_draft_not_frozen
1619	Naval Systems Analyst	1	Leadership	resolved	high	agent_semantic_review	“Naval Systems Analyst”的职责是在军队或公共安全体系履行指挥、军职或执法责任，对应公共治理、法律/军事/宗教权威或企业金融领导，归入Leadership。	occupation_meaning:Naval Systems Analyst：治理、法律、军职、宗教权威、外交或企业金融管理职责	bhht_semantic_batch_3	"[""Leadership""]"	bhht_semantic_batch_3	0	Leadership	resolved	author_substring	substring_cross_l1_conflict		"[[""Leadership"",""Military""],[""Other"",""Worker/Business (small)""]]"		needs_review	deferred	not_reviewed	semantic_review_draft_not_frozen
1621	Scout Leader	1	Other	resolved	medium	agent_semantic_review	组织童军或青少年团体的活动、户外训练和技能课程，并负责成员指导与安全。	occupation_meaning:组织童军或青少年团体的活动、户外训练和技能课程，并负责成员指导与安全。	rationale_batch_3	"[""Other""]"	bhht_semantic_batch_1	0	Other	resolved	author_substring	substring_unique_candidate	Other	"[[""Other"",""Other""]]"		needs_review	deferred	not_reviewed	semantic_review_draft_not_frozen
1622	Philosopher of Science	1	Discovery/Science	resolved	high	agent_semantic_review	科学哲学家分析科学方法、解释、证据与理论的基础问题，撰写研究并从事学术教学。	occupation_meaning:科学哲学家分析科学方法、解释、证据与理论的基础问题，撰写研究并从事学术教学。	rationale_batch_1	"[""Discovery/Science""]"	bhht_semantic_batch_2	0	Discovery/Science	resolved	author_substring	substring_unique_candidate	Discovery/Science	"[[""Discovery/Science"",""Academia""]]"	Discovery/Science	proposed	deferred	not_reviewed	semantic_review_draft_not_frozen
1623	Suit actor	1	Culture	resolved	medium	agent_semantic_review	“Suit actor”所指工作核心是创作或呈现艺术作品/现场表演，职业产出面向文化受众，属于文化生产、表演或传播职能，归入Culture。	occupation_meaning:Suit actor：文化创作、表演、媒体传播或文化产品制作/发行职责	bhht_semantic_batch_3	"[""Culture""]"	bhht_semantic_batch_3	0	Culture	resolved	author_substring	substring_unique_candidate	Culture	"[[""Culture"",""Culture-core""]]"		needs_review	deferred	not_reviewed	semantic_review_draft_not_frozen
1624	Pyrotechnics Supervisor	1	Culture	resolved	medium	agent_semantic_review	规划并监督演出或影视中的烟火、爆破和火焰效果，控制设备布置与现场安全。	occupation_meaning:规划并监督演出或影视中的烟火、爆破和火焰效果，控制设备布置与现场安全。	rationale_batch_2	"[""Culture""]"	bhht_semantic_batch_1	0	Culture	resolved	no_author_rule	no_author_rule		[]		needs_review	deferred	not_reviewed	semantic_review_draft_not_frozen
1625	Professor of Malayalam	1	Discovery/Science	resolved	high	agent_semantic_review	在高校教授马拉雅拉姆语或相关文学课程，指导学生并开展语言文学研究。	occupation_meaning:在高校教授马拉雅拉姆语或相关文学课程，指导学生并开展语言文学研究。	rationale_batch_3	"[""Discovery/Science""]"	bhht_semantic_batch_2	0	Discovery/Science	resolved	author_substring	substring_unique_candidate	Discovery/Science	"[[""Discovery/Science"",""Academia""]]"	Discovery/Science	proposed	deferred	not_reviewed	semantic_review_draft_not_frozen
1626	Stonemasonry	1	Other	resolved	medium	agent_semantic_review	“Stonemasonry”是提供标题所指的日常服务、运输、维修、照护、手工业或一般商业服务的职业称谓，不属于艺术文化、科学技术、公共权力或竞技体育领域，归入Other。	occupation_meaning:Stonemasonry：明确的日常服务、一般劳动或小规模商业经营职责	bhht_semantic_batch_3	"[""Other""]"	bhht_semantic_batch_3	0	Other	resolved	author_substring	substring_unique_candidate	Other	"[[""Other"",""Worker/Business (small)""]]"		out_of_scope	deferred	not_reviewed	semantic_review_draft_not_frozen
1627	Wine Expert	1		needs_context	low	agent_semantic_review	葡萄酒专家可能是侍酒师、酿酒科学人员或酒类评论者，短语未说明具体职业。	occupation_meaning:葡萄酒专业角色多义	bhht_semantic_batch_1	"[""Other"",""Discovery/Science"",""Culture""]"	bhht_semantic_batch_1	0		needs_context	no_author_rule	no_author_rule		[]		needs_review	deferred	not_reviewed	semantic_review_draft_not_frozen
1628	Diving instructor	1	Sports/Games	resolved	high	agent_semantic_review	潜水教练讲授水肺或自由潜水技术与安全流程，带领学员进行水下训练和认证练习。	occupation_meaning:潜水教练讲授水肺或自由潜水技术与安全流程，带领学员进行水下训练和认证练习。	rationale_batch_1	"[""Sports/Games""]"	bhht_semantic_batch_2	0	Sports/Games	resolved	author_substring	substring_cross_l1_conflict		"[[""Discovery/Science"",""Academia""],[""Sports/Games"",""Sports/Games""]]"		needs_review	deferred	not_reviewed	semantic_review_draft_not_frozen
1629	Qualified Flying Instructor	1	Discovery/Science	resolved	medium	agent_semantic_review	“Qualified Flying Instructor”从事的核心职责是从事专业教学、技术设计开发、测试或学术研究，其工作属于知识发现、学术/医疗或技术开发，归入Discovery/Science。	occupation_meaning:Qualified Flying Instructor：科学研究、专业教育、医疗服务或工程技术开发职责	bhht_semantic_batch_3	"[""Discovery/Science""]"	bhht_semantic_batch_3	0	Discovery/Science	resolved	author_substring	substring_unique_candidate	Discovery/Science	"[[""Discovery/Science"",""Academia""]]"	Discovery/Science	proposed	deferred	not_reviewed	semantic_review_draft_not_frozen
1630	Mother (Profession)	1	Other	resolved	medium	agent_semantic_review	承担母亲身份相关的育儿、照护和家庭日常管理；该词描述家庭角色而非特定行业岗位。	occupation_meaning:承担母亲身份相关的育儿、照护和家庭日常管理；该词描述家庭角色而非特定行业岗位。	rationale_batch_2	"[""Other""]"	bhht_semantic_batch_1	0	Other	resolved	no_author_rule	no_author_rule		[]		out_of_scope	deferred	not_reviewed	semantic_review_draft_not_frozen
1631	ADR Editor	1	Culture	resolved	high	agent_semantic_review	剪辑和同步影视作品的自动对白替换录音，整理对白轨并使其与画面和原声匹配。	occupation_meaning:剪辑和同步影视作品的自动对白替换录音，整理对白轨并使其与画面和原声匹配。	rationale_batch_3	"[""Culture""]"	bhht_semantic_batch_2	0	Culture	resolved	author_substring	substring_unique_candidate	Culture	"[[""Culture"",""Culture-periphery""]]"	Culture	proposed	deferred	not_reviewed	semantic_review_draft_not_frozen
1632	Plantation Overseer	1	Other	resolved	medium	agent_semantic_review	“Plantation Overseer”是承担明确的日常服务、普通职业劳动或小规模经营职责的职业称谓，不属于艺术文化、科学技术、公共权力或竞技体育领域，归入Other。	occupation_meaning:Plantation Overseer：明确的日常服务、一般劳动或小规模商业经营职责	bhht_semantic_batch_3	"[""Other""]"	bhht_semantic_batch_3	0	Other	resolved	no_author_rule	no_author_rule		[]		out_of_scope	deferred	not_reviewed	semantic_review_draft_not_frozen
1633	Figurative Sculptor	1	Culture	resolved	medium	agent_semantic_review	具象雕塑家以泥、石、金属等材料塑造可辨认的人物或物体形象，并完成塑像制作。	occupation_meaning:具象雕塑家以泥、石、金属等材料塑造可辨认的人物或物体形象，并完成塑像制作。	rationale_batch_1	"[""Culture""]"	bhht_semantic_batch_1	0	Culture	resolved	author_substring	substring_unique_candidate	Culture	"[[""Culture"",""Culture-core""]]"	Culture	proposed	deferred	not_reviewed	semantic_review_draft_not_frozen
1634	Make-up artist	1	Culture	resolved	high	agent_semantic_review	为演员、模特或客户设计和施作妆容，必要时制作角色妆、老化妆或特效妆。	occupation_meaning:为演员、模特或客户设计和施作妆容，必要时制作角色妆、老化妆或特效妆。	rationale_batch_2	"[""Culture""]"	bhht_semantic_batch_2	0	Culture	resolved	author_substring	substring_unique_candidate	Culture	"[[""Culture"",""Culture-core""]]"	Culture	proposed	deferred	not_reviewed	semantic_review_draft_not_frozen
1635	Internet Visionary	1		needs_context	low	agent_semantic_review	This is an evaluative epithet rather than a standardized occupation with defined duties.	occupation_meaning:Internet Visionary：仅凭词项无法确定稳定职业职责	bhht_semantic_batch_3	[]	bhht_semantic_batch_3	0		needs_context	no_author_rule	no_author_rule		[]		needs_review	deferred	not_reviewed	semantic_review_draft_not_frozen
1636	Child-Care Solicitor	1	Leadership	resolved	medium	agent_semantic_review	为儿童照护、监护或福利案件提供法律咨询、准备诉讼材料并代表当事人出庭。	occupation_meaning:为儿童照护、监护或福利案件提供法律咨询、准备诉讼材料并代表当事人出庭。	rationale_batch_3	"[""Leadership""]"	bhht_semantic_batch_1	0	Leadership	resolved	author_substring	substring_unique_candidate	Leadership	"[[""Leadership"",""Administration/Law""]]"	Leadership	proposed	deferred	not_reviewed	semantic_review_draft_not_frozen
1638	Kidnapping	1		needs_context	low	agent_semantic_review	这是犯罪行为名称，不是明确职业名称；无法确认其作为职业字段的真实语义。	occupation_meaning:原值只给出泛称、资格、身份或无法确认的文本，需补充具体职责/语境。	bhht_semantic_batch_2	[]	bhht_semantic_batch_2	0		needs_context	no_author_rule	no_author_rule		[]		out_of_scope	deferred	not_reviewed	semantic_review_draft_not_frozen
1639	Dayan (Religious Leadership Title)	1	Leadership	resolved	high	agent_semantic_review	“Dayan (Religious Leadership Title)”的职责是担任宗教组织的教职、权威或带领信众，对应公共治理、法律/军事/宗教权威或企业金融领导，归入Leadership。	occupation_meaning:Dayan (Religious Leadership Title)：治理、法律、军职、宗教权威、外交或企业金融管理职责	bhht_semantic_batch_3	"[""Leadership""]"	bhht_semantic_batch_3	0	Leadership	resolved	author_substring	substring_unique_candidate	Leadership	"[[""Leadership"",""Religious""]]"	Leadership	proposed	deferred	not_reviewed	semantic_review_draft_not_frozen
1640	Religious Judge	1	Leadership	resolved	medium	agent_semantic_review	宗教法官依据宗教法律和教义审理争议、作出裁决或发布宗教法意见。	occupation_meaning:宗教法官依据宗教法律和教义审理争议、作出裁决或发布宗教法意见。	rationale_batch_1	"[""Leadership""]"	bhht_semantic_batch_1	0	Leadership	resolved	author_substring	substring_same_l1_multiple_l2	Leadership	"[[""Leadership"",""Administration/Law""],[""Leadership"",""Religious""]]"	Leadership	proposed	deferred	not_reviewed	semantic_review_draft_not_frozen
1643	Bank manager	1	Leadership	resolved	medium	agent_semantic_review	管理银行分支机构的员工、客户服务、信贷业务和日常金融运营。	occupation_meaning:管理银行分支机构的员工、客户服务、信贷业务和日常金融运营。	rationale_batch_2	"[""Leadership""]"	bhht_semantic_batch_2	0	Leadership	resolved	author_substring	substring_unique_candidate	Leadership	"[[""Leadership"",""Corporate/Executive/Business (large)""]]"	Leadership	proposed	deferred	not_reviewed	semantic_review_draft_not_frozen
1644	Assistant Sound Editor	1	Culture	resolved	medium	agent_semantic_review	“Assistant Sound Editor”所指工作核心是采访、撰写、编辑、评论或向公众传播文化/媒体内容，属于文化生产、表演或传播职能，归入Culture。	occupation_meaning:Assistant Sound Editor：文化创作、表演、媒体传播或文化产品制作/发行职责	bhht_semantic_batch_3	"[""Culture""]"	bhht_semantic_batch_3	0	Culture	resolved	author_substring	substring_unique_candidate	Culture	"[[""Culture"",""Culture-periphery""]]"	Culture	proposed	deferred	not_reviewed	semantic_review_draft_not_frozen
1645	Medical Anthropologist	1	Discovery/Science	resolved	high	agent_semantic_review	医学人类学家研究健康、疾病与医疗实践的社会文化因素，属于学术研究。	occupation_meaning:健康医疗的人类学研究	bhht_semantic_batch_1	"[""Discovery/Science""]"	bhht_semantic_batch_1	0	Discovery/Science	resolved	author_substring	substring_unique_candidate	Discovery/Science	"[[""Discovery/Science"",""Academia""]]"	Discovery/Science	proposed	deferred	not_reviewed	semantic_review_draft_not_frozen
1646	Population Biologist	1	Discovery/Science	resolved	high	agent_semantic_review	研究种群数量、分布、遗传和生态变化，利用野外调查或模型解释其动态。	occupation_meaning:研究种群数量、分布、遗传和生态变化，利用野外调查或模型解释其动态。	rationale_batch_3	"[""Discovery/Science""]"	bhht_semantic_batch_2	0	Discovery/Science	resolved	author_substring	substring_unique_candidate	Discovery/Science	"[[""Discovery/Science"",""Academia""]]"	Discovery/Science	proposed	deferred	not_reviewed	semantic_review_draft_not_frozen
1647	Standart officer	1	Leadership	resolved	high	agent_semantic_review	“Standart officer”的职责是在军队或公共安全体系履行指挥、军职或执法责任，对应公共治理、法律/军事/宗教权威或企业金融领导，归入Leadership。	occupation_meaning:Standart officer：治理、法律、军职、宗教权威、外交或企业金融管理职责	bhht_semantic_batch_3	"[""Leadership""]"	bhht_semantic_batch_3	0	Leadership	resolved	author_substring	substring_unique_candidate	Leadership	"[[""Leadership"",""Military""]]"		out_of_scope	deferred	not_reviewed	semantic_review_draft_not_frozen
1648	Entrepreneur (Profession) #6	1	Leadership	resolved	medium	primary_semantic_adjudication	去除Profession和编号后为Entrepreneur，与保留的精确同词条一致，采用作者创业经营者的企业领导类别。	author_role_analogy:entrepreneur/Corporate-Executive-Business-large	primary_semantic_review	"[""Leadership""]"	primary_semantic_review	1		needs_context	author_substring	substring_unique_candidate	Leadership	"[[""Leadership"",""Corporate/Executive/Business (large)""]]"	Leadership	proposed	deferred	not_reviewed	semantic_review_draft_not_frozen
1649	Water Conservation Specialist	1	Discovery/Science	resolved	high	agent_semantic_review	水资源节约专家评估用水需求和损耗，设计节水方案并监测水资源管理成效。	occupation_meaning:水资源节约专家评估用水需求和损耗，设计节水方案并监测水资源管理成效。	rationale_batch_1	"[""Discovery/Science""]"	bhht_semantic_batch_2	0	Discovery/Science	resolved	no_author_rule	no_author_rule		[]	Discovery/Science	proposed	deferred	not_reviewed	semantic_review_draft_not_frozen
1650	Electronic Engineer	1	Discovery/Science	resolved	medium	agent_semantic_review	“Electronic Engineer”从事的核心职责是从事专业教学、技术设计开发、测试或学术研究，其工作属于知识发现、学术/医疗或技术开发，归入Discovery/Science。	occupation_meaning:Electronic Engineer：科学研究、专业教育、医疗服务或工程技术开发职责	bhht_semantic_batch_3	"[""Discovery/Science""]"	bhht_semantic_batch_3	0	Discovery/Science	resolved	author_substring	substring_unique_candidate	Discovery/Science	"[[""Discovery/Science"",""Explorer/Inventor/Developer""]]"	Discovery/Science	proposed	deferred	not_reviewed	semantic_review_draft_not_frozen
1651	User experience design	1		needs_context	low	agent_semantic_review	可指软件产品设计，也可泛指视觉/交互设计；缺少产品语境。	occupation_meaning:用户体验设计，产品场景未明	bhht_semantic_batch_1	"[""Discovery/Science"",""Culture""]"	bhht_semantic_batch_1	0		needs_context	no_author_rule	no_author_rule		[]		needs_review	deferred	not_reviewed	semantic_review_draft_not_frozen
1652	Pub Owner	1	Other	resolved	high	agent_semantic_review	经营酒吧或酒馆，管理场地、饮品库存、员工和顾客服务。	occupation_meaning:经营酒吧或酒馆，管理场地、饮品库存、员工和顾客服务。	rationale_batch_2	"[""Other""]"	bhht_semantic_batch_2	0	Other	resolved	no_author_rule	no_author_rule		[]		needs_review	deferred	not_reviewed	semantic_review_draft_not_frozen
1653	Hymnology	1	Culture	resolved	medium	agent_semantic_review	“Hymnology”所指工作核心是提供明确的艺术、媒体或文化产业创作与制作服务，属于文化生产、表演或传播职能，归入Culture。	occupation_meaning:Hymnology：文化创作、表演、媒体传播或文化产品制作/发行职责	bhht_semantic_batch_3	"[""Culture""]"	bhht_semantic_batch_3	0	Culture	resolved	no_author_rule	no_author_rule		[]		needs_review	deferred	not_reviewed	semantic_review_draft_not_frozen
1654	Wardrobe supervisor	1	Culture	resolved	medium	agent_semantic_review	统筹剧组或剧团服装的准备、试穿、维护和现场连续性，协调服装工作人员。	occupation_meaning:统筹剧组或剧团服装的准备、试穿、维护和现场连续性，协调服装工作人员。	rationale_batch_3	"[""Culture""]"	bhht_semantic_batch_1	0	Culture	resolved	no_author_rule	no_author_rule		[]		needs_review	deferred	not_reviewed	semantic_review_draft_not_frozen
1655	Receiver general	1	Leadership	resolved	high	agent_semantic_review	财政总监/总收款官管理政府税款和公共收入的接收、入账与支付，确保财政账目准确。	occupation_meaning:财政总监/总收款官管理政府税款和公共收入的接收、入账与支付，确保财政账目准确。	rationale_batch_1	"[""Leadership""]"	bhht_semantic_batch_2	0	Leadership	resolved	no_author_rule	no_author_rule		[]	Leadership	proposed	deferred	not_reviewed	semantic_review_draft_not_frozen
1656	Arms Dealer	1	Other	resolved	medium	agent_semantic_review	“Arms Dealer”是承担明确的日常服务、普通职业劳动或小规模经营职责的职业称谓，不属于艺术文化、科学技术、公共权力或竞技体育领域，归入Other。	occupation_meaning:Arms Dealer：明确的日常服务、一般劳动或小规模商业经营职责	bhht_semantic_batch_3	"[""Other""]"	bhht_semantic_batch_3	0	Other	resolved	no_author_rule	no_author_rule		[]		out_of_scope	deferred	not_reviewed	semantic_review_draft_not_frozen
1657	Adjudicator	1		needs_context	low	agent_semantic_review	可指法定裁决者或一般争议评审，未注明司法/行政权限。	occupation_meaning:裁决角色，制度语境未明	bhht_semantic_batch_1	"[""Leadership"",""Other""]"	bhht_semantic_batch_1	0		needs_context	no_author_rule	no_author_rule		[]		needs_review	deferred	not_reviewed	semantic_review_draft_not_frozen
1659	Park ranger	1	Other	resolved	high	agent_semantic_review	巡护公园或保护区，维护访客安全、解释自然资源规定并协助生态保护。	occupation_meaning:巡护公园或保护区，维护访客安全、解释自然资源规定并协助生态保护。	rationale_batch_2	"[""Other""]"	bhht_semantic_batch_2	0	Other	resolved	no_author_rule	no_author_rule		[]		needs_review	deferred	not_reviewed	semantic_review_draft_not_frozen
1660	Prince of Hesse and by Rhine	1	Leadership	resolved	high	agent_semantic_review	“Prince of Hesse and by Rhine”的职责是承载王室/贵族身份或宫廷职务所赋予的治理、礼仪权责，对应公共治理、法律/军事/宗教权威或企业金融领导，归入Leadership。	occupation_meaning:Prince of Hesse and by Rhine：治理、法律、军职、宗教权威、外交或企业金融管理职责	bhht_semantic_batch_3	"[""Leadership""]"	bhht_semantic_batch_3	0	Leadership	resolved	author_substring	substring_unique_candidate	Leadership	"[[""Leadership"",""Nobility""]]"	Leadership	proposed	deferred	not_reviewed	semantic_review_draft_not_frozen
1661	Fleet admiral	1	Leadership	resolved	medium	agent_semantic_review	担任海军最高级将领之一，指挥舰队或制定高级军事部署与作战决策。	occupation_meaning:担任海军最高级将领之一，指挥舰队或制定高级军事部署与作战决策。	rationale_batch_3	"[""Leadership""]"	bhht_semantic_batch_1	0	Leadership	resolved	author_substring	substring_unique_candidate	Leadership	"[[""Leadership"",""Military""]]"	Leadership	proposed	deferred	not_reviewed	semantic_review_draft_not_frozen
1662	Plastic arts	1	Culture	resolved	high	agent_semantic_review	造型艺术指绘画、雕塑、版画等视觉造型创作领域；该词描述艺术门类，不指定某一岗位。	occupation_meaning:造型艺术指绘画、雕塑、版画等视觉造型创作领域；该词描述艺术门类，不指定某一岗位。	rationale_batch_1	"[""Culture""]"	bhht_semantic_batch_2	0	Culture	resolved	author_substring	substring_unique_candidate	Culture	"[[""Culture"",""Culture-core""]]"		needs_review	deferred	not_reviewed	semantic_review_draft_not_frozen
1663	Herder	1	Other	resolved	medium	agent_semantic_review	“Herder”是提供标题所指的日常服务、运输、维修、照护、手工业或一般商业服务的职业称谓，不属于艺术文化、科学技术、公共权力或竞技体育领域，归入Other。	occupation_meaning:Herder：明确的日常服务、一般劳动或小规模商业经营职责	bhht_semantic_batch_3	"[""Other""]"	bhht_semantic_batch_3	0	Other	resolved	no_author_rule	no_author_rule		[]		out_of_scope	deferred	not_reviewed	semantic_review_draft_not_frozen
1664	Football Analyst	1	Culture	resolved	medium	agent_semantic_review	足球分析师在媒体语境中解读比赛并向观众传播评论；这是体育新闻/评论工作，不等于参赛运动员或教练。	occupation_meaning:比赛分析与媒体传播	bhht_semantic_batch_1	"[""Culture""]"	bhht_semantic_batch_1	0	Culture	resolved	author_substring	substring_cross_l1_conflict		"[[""Other"",""Worker/Business (small)""],[""Sports/Games"",""Sports/Games""]]"		needs_review	deferred	not_reviewed	semantic_review_draft_not_frozen
1665	Kathak Dancer	1	Culture	resolved	high	agent_semantic_review	表演印度卡塔克古典舞，以复杂步伐、旋转、手势和节奏讲述故事。	occupation_meaning:表演印度卡塔克古典舞，以复杂步伐、旋转、手势和节奏讲述故事。	rationale_batch_2	"[""Culture""]"	bhht_semantic_batch_2	0	Culture	resolved	author_substring	substring_unique_candidate	Culture	"[[""Culture"",""Culture-core""]]"	Culture	proposed	deferred	not_reviewed	semantic_review_draft_not_frozen
1666	Showrunner	1	Culture	resolved	medium	agent_semantic_review	“Showrunner”所指工作核心是支持或统筹影视、广播、音乐及其他文化内容的制作、技术实现或发行，属于文化生产、表演或传播职能，归入Culture。	occupation_meaning:Showrunner：文化创作、表演、媒体传播或文化产品制作/发行职责	bhht_semantic_batch_3	"[""Culture""]"	bhht_semantic_batch_3	0	Culture	resolved	author_substring	substring_unique_candidate	Sports/Games	"[[""Sports/Games"",""Sports/Games""]]"	Culture	proposed	deferred	not_reviewed	semantic_review_draft_not_frozen
1667	IT service management	1		needs_context	low	agent_semantic_review	IT服务管理可指技术运营领域或管理职能，未给出具体职位职责。	occupation_meaning:技术与管理复合领域	bhht_semantic_batch_1	"[""Discovery/Science"",""Leadership""]"	bhht_semantic_batch_1	0		needs_context	author_substring	substring_unique_candidate	Leadership	"[[""Leadership"",""Corporate/Executive/Business (large)""]]"		needs_review	deferred	not_reviewed	semantic_review_draft_not_frozen
1668	Legal nurse consultant	1	Discovery/Science	resolved	high	agent_semantic_review	运用护理专业知识审阅医疗记录、解释临床标准，并协助律师理解医疗事实和伤害问题。	occupation_meaning:运用护理专业知识审阅医疗记录、解释临床标准，并协助律师理解医疗事实和伤害问题。	rationale_batch_3	"[""Discovery/Science""]"	bhht_semantic_batch_2	0	Discovery/Science	resolved	author_substring	substring_cross_l1_conflict		"[[""Discovery/Science"",""Academia""],[""Other"",""Worker/Business (small)""]]"	Discovery/Science	proposed	deferred	not_reviewed	semantic_review_draft_not_frozen
1669	Direct marketing	1	Other	resolved	high	agent_semantic_review	Plans direct promotional contact such as mail, phone, or targeted messages to prospective customers; it names a marketing practice rather than company leadership.	occupation_meaning:Direct marketing：明确的日常服务、一般劳动或小规模商业经营职责	bhht_semantic_batch_3	"[""Other""]"	bhht_semantic_batch_3	0	Other	resolved	author_substring	substring_unique_candidate	Other	"[[""Other"",""Worker/Business (small)""]]"		out_of_scope	deferred	not_reviewed	semantic_review_draft_not_frozen
1670	Inbound Marketing	1	Other	resolved	medium	primary_semantic_adjudication	完整短语指数字营销、搜索优化或获客业务，按作者marketing→Worker/Business(small)归Other；活动/领域名称仅作职业词表中的功能映射，不据此断言人物具体岗位。	author_role_analogy:marketing/Worker-Business-small	primary_semantic_review	"[""Other""]"	primary_semantic_review	1	Other	resolved	author_substring	substring_unique_candidate	Other	"[[""Other"",""Worker/Business (small)""]]"		needs_review	deferred	not_reviewed	semantic_review_draft_not_frozen
1671	Atmospheric scientist	1	Discovery/Science	resolved	high	agent_semantic_review	大气科学家分析天气和气候观测数据，研究大气过程并建立预测或环境模型。	occupation_meaning:大气科学家分析天气和气候观测数据，研究大气过程并建立预测或环境模型。	rationale_batch_1	"[""Discovery/Science""]"	bhht_semantic_batch_2	0	Discovery/Science	resolved	author_substring	substring_unique_candidate	Discovery/Science	"[[""Discovery/Science"",""Academia""]]"	Discovery/Science	proposed	deferred	not_reviewed	semantic_review_draft_not_frozen
1672	United States Ambassador to Seychelles	1	Leadership	resolved	high	agent_semantic_review	“United States Ambassador to Seychelles”的职责是参与公共政策、政治组织、外交或社会倡议的决策和协调，对应公共治理、法律/军事/宗教权威或企业金融领导，归入Leadership。	occupation_meaning:United States Ambassador to Seychelles：治理、法律、军职、宗教权威、外交或企业金融管理职责	bhht_semantic_batch_3	"[""Leadership""]"	bhht_semantic_batch_3	0	Leadership	resolved	author_substring	substring_unique_candidate	Leadership	"[[""Leadership"",""Administration/Law""]]"	Leadership	proposed	deferred	not_reviewed	semantic_review_draft_not_frozen
1674	Nailist	1	Other	resolved	high	agent_semantic_review	美甲师为顾客清洁、修整和美容指甲，属于个人护理服务工作。	https://www.bls.gov/ooh/personal-care-and-service/manicurists-and-pedicurists.htm	bhht_semantic_batch_1	"[""Other""]"	bhht_semantic_batch_1	0	Other	resolved	no_author_rule	no_author_rule		[]		out_of_scope	deferred	not_reviewed	semantic_review_draft_not_frozen
1675	Curriculum Director	1	Discovery/Science	resolved	medium	agent_semantic_review	制定课程框架和教学标准，协调学科团队并评估学校课程实施效果。	occupation_meaning:制定课程框架和教学标准，协调学科团队并评估学校课程实施效果。	rationale_batch_2	"[""Discovery/Science""]"	bhht_semantic_batch_2	0	Discovery/Science	resolved	no_author_rule	no_author_rule		[]		needs_review	deferred	not_reviewed	semantic_review_draft_not_frozen
1676	Image consultant	1	Other	resolved	medium	agent_semantic_review	“Image consultant”是提供标题所指的日常服务、运输、维修、照护、手工业或一般商业服务的职业称谓，不属于艺术文化、科学技术、公共权力或竞技体育领域，归入Other。	occupation_meaning:Image consultant：明确的日常服务、一般劳动或小规模商业经营职责	bhht_semantic_batch_3	"[""Other""]"	bhht_semantic_batch_3	0	Other	resolved	author_substring	substring_unique_candidate	Other	"[[""Other"",""Worker/Business (small)""]]"		needs_review	deferred	not_reviewed	semantic_review_draft_not_frozen
1677	Boat builder	1	Other	resolved	medium	primary_semantic_adjudication	制造、装配或修造船只的船匠/工匠；完整词没有表示造船工程研发或建筑设计职责。	occupation_meaning:船只制造修造工种	primary_semantic_review	"[""Other""]"	primary_semantic_review	1	Other	resolved	no_author_rule	no_author_rule		[]		out_of_scope	deferred	not_reviewed	semantic_review_draft_not_frozen
1678	Master mariner	1	Leadership	resolved	high	agent_semantic_review	Master mariner 是具备商船驾驶资格的高级船舶指挥人员，承担航行与船员管理职责。	occupation_meaning:Master mariner 是具备商船驾驶资格的高级船舶指挥人员，承担航行与船员管理职责。; author_role_analogy:author L1 Leadership	bhht_semantic_batch_2	"[""Leadership""]"	bhht_semantic_batch_2	0	Leadership	resolved	author_substring	substring_unique_candidate	Leadership	"[[""Leadership"",""Military""]]"		needs_review	deferred	not_reviewed	semantic_review_draft_not_frozen
1679	European Historian	1	Discovery/Science	resolved	medium	agent_semantic_review	“European Historian”从事的核心职责是开展该学科的研究、证据分析与知识产出，其工作属于知识发现、学术/医疗或技术开发，归入Discovery/Science。	occupation_meaning:European Historian：科学研究、专业教育、医疗服务或工程技术开发职责	bhht_semantic_batch_3	"[""Discovery/Science""]"	bhht_semantic_batch_3	0	Discovery/Science	resolved	author_substring	substring_unique_candidate	Discovery/Science	"[[""Discovery/Science"",""Academia""]]"	Discovery/Science	proposed	deferred	not_reviewed	semantic_review_draft_not_frozen
1681	Entrepreneur (Small Business) Nightclub and Auto Paint and Body Shops	1	Other	resolved	medium	agent_semantic_review	该称谓明确指小企业经营者，管理夜店和汽车修理/喷漆店等本地小型生意。	occupation_meaning:小企业经营者；输入中的小企业限定	bhht_semantic_batch_1	"[""Other""]"	bhht_semantic_batch_1	0	Other	resolved	author_substring	substring_cross_l1_conflict		"[[""Culture"",""Culture-core""],[""Leadership"",""Corporate/Executive/Business (large)""]]"		needs_review	deferred	not_reviewed	semantic_review_draft_not_frozen
1682	Sociologist of Science	1	Discovery/Science	resolved	high	agent_semantic_review	研究科学组织、研究者群体和知识生产如何受到社会制度与文化影响。	occupation_meaning:研究科学组织、研究者群体和知识生产如何受到社会制度与文化影响。	rationale_batch_3	"[""Discovery/Science""]"	bhht_semantic_batch_2	0	Discovery/Science	resolved	author_substring	substring_unique_candidate	Discovery/Science	"[[""Discovery/Science"",""Academia""]]"	Discovery/Science	proposed	deferred	not_reviewed	semantic_review_draft_not_frozen
1683	Test engineer	1	Discovery/Science	resolved	medium	agent_semantic_review	“Test engineer”从事的核心职责是从事专业教学、技术设计开发、测试或学术研究，其工作属于知识发现、学术/医疗或技术开发，归入Discovery/Science。	occupation_meaning:Test engineer：科学研究、专业教育、医疗服务或工程技术开发职责	bhht_semantic_batch_3	"[""Discovery/Science""]"	bhht_semantic_batch_3	0	Discovery/Science	resolved	author_substring	substring_unique_candidate	Discovery/Science	"[[""Discovery/Science"",""Explorer/Inventor/Developer""]]"	Discovery/Science	proposed	deferred	not_reviewed	semantic_review_draft_not_frozen
1684	Botanical Explorer	1	Discovery/Science	resolved	medium	agent_semantic_review	植物探险家进行野外考察，寻找、记录和采集植物样本以补充物种与生态知识。	occupation_meaning:植物探险家进行野外考察，寻找、记录和采集植物样本以补充物种与生态知识。	rationale_batch_1	"[""Discovery/Science""]"	bhht_semantic_batch_1	0	Discovery/Science	resolved	author_substring	substring_unique_candidate	Discovery/Science	"[[""Discovery/Science"",""Explorer/Inventor/Developer""]]"	Discovery/Science	proposed	deferred	not_reviewed	semantic_review_draft_not_frozen
1685	Media Entrepreneur	1	Culture	resolved	medium	agent_semantic_review	Media entrepreneur 创办或经营媒体业务，职责直接围绕媒体内容制作/传播。	occupation_meaning:Media entrepreneur 创办或经营媒体业务，职责直接围绕媒体内容制作/传播。; author_role_analogy:author L1 Culture	bhht_semantic_batch_2	"[""Culture""]"	bhht_semantic_batch_2	0	Culture	resolved	author_substring	substring_cross_l1_conflict		"[[""Culture"",""Culture-periphery""],[""Leadership"",""Corporate/Executive/Business (large)""]]"	Leadership	proposed	deferred	not_reviewed	semantic_review_draft_not_frozen
1686	Neuroendocrinologist	1	Discovery/Science	resolved	medium	agent_semantic_review	“Neuroendocrinologist”从事的核心职责是以专门科学知识、学术研究、医疗服务或工程技术为主要职责，其工作属于知识发现、学术/医疗或技术开发，归入Discovery/Science。	occupation_meaning:Neuroendocrinologist：科学研究、专业教育、医疗服务或工程技术开发职责	bhht_semantic_batch_3	"[""Discovery/Science""]"	bhht_semantic_batch_3	0	Discovery/Science	resolved	author_substring	substring_unique_candidate	Discovery/Science	"[[""Discovery/Science"",""Academia""]]"	Discovery/Science	proposed	deferred	not_reviewed	semantic_review_draft_not_frozen
1688	Botonist	1	Discovery/Science	resolved	high	agent_semantic_review	Botonist应为Botanist的拼写变体，指研究植物分类、结构或生理的植物学者。	occupation_meaning:Botanist植物学研究者；输入疑似拼写错误	bhht_semantic_batch_1	"[""Discovery/Science""]"	bhht_semantic_batch_1	0	Discovery/Science	resolved	no_author_rule	no_author_rule		[]		needs_review	deferred	not_reviewed	semantic_review_draft_not_frozen
1689	Manager For a Catering Contractor	1	Leadership	resolved	medium	agent_semantic_review	Manager for a catering contractor 管理承接餐饮业务的承包商运营，核心职责是组织/商业管理。	occupation_meaning:Manager for a catering contractor 管理承接餐饮业务的承包商运营，核心职责是组织/商业管理。; author_role_analogy:author L1 Leadership	bhht_semantic_batch_2	"[""Leadership""]"	bhht_semantic_batch_2	0	Leadership	resolved	author_substring	substring_unique_candidate	Leadership	"[[""Leadership"",""Corporate/Executive/Business (large)""]]"		needs_review	deferred	not_reviewed	semantic_review_draft_not_frozen
1690	Arts Educator	1	Culture	resolved	medium	agent_semantic_review	“Arts Educator”所指工作核心是提供明确的艺术、媒体或文化产业创作与制作服务，属于文化生产、表演或传播职能，归入Culture。	occupation_meaning:Arts Educator：文化创作、表演、媒体传播或文化产品制作/发行职责	bhht_semantic_batch_3	"[""Culture""]"	bhht_semantic_batch_3	0	Culture	resolved	author_substring	substring_cross_l1_conflict		"[[""Culture"",""Culture-core""],[""Discovery/Science"",""Academia""]]"		needs_review	deferred	not_reviewed	semantic_review_draft_not_frozen
1691	Structural biologist	1	Discovery/Science	resolved	high	agent_semantic_review	结构生物学家研究生物分子与细胞结构，属于生命科学研究。	occupation_meaning:生物结构研究	bhht_semantic_batch_1	"[""Discovery/Science""]"	bhht_semantic_batch_1	0	Discovery/Science	resolved	author_substring	substring_unique_candidate	Discovery/Science	"[[""Discovery/Science"",""Academia""]]"	Discovery/Science	proposed	deferred	not_reviewed	semantic_review_draft_not_frozen
1692	Information professional	1		needs_context	low	agent_semantic_review	该泛称可覆盖图书馆、档案、信息技术和信息管理等不同岗位，未提供具体职责。	occupation_meaning:原值只给出泛称、资格、身份或无法确认的文本，需补充具体职责/语境。	bhht_semantic_batch_2	"[""Culture"",""Discovery/Science"",""Other""]"	bhht_semantic_batch_2	0		needs_context	no_author_rule	no_author_rule		[]		needs_review	deferred	not_reviewed	semantic_review_draft_not_frozen
1693	Soundtrack Composer	1	Culture	resolved	medium	agent_semantic_review	“Soundtrack Composer”所指工作核心是支持或统筹影视、广播、音乐及其他文化内容的制作、技术实现或发行，属于文化生产、表演或传播职能，归入Culture。	occupation_meaning:Soundtrack Composer：文化创作、表演、媒体传播或文化产品制作/发行职责	bhht_semantic_batch_3	"[""Culture""]"	bhht_semantic_batch_3	0	Culture	resolved	author_substring	substring_unique_candidate	Culture	"[[""Culture"",""Culture-core""]]"	Culture	proposed	deferred	not_reviewed	semantic_review_draft_not_frozen
1695	Nursing Graduate	1		needs_context	low	agent_semantic_review	Nursing Graduate表示护理专业毕业生或学历状态，不能确认其已从事护士职业。	occupation_meaning:教育经历/资格状态，非明确岗位	bhht_semantic_batch_1	"[""Discovery/Science"",""Other""]"	bhht_semantic_batch_1	0		needs_context	no_author_rule	no_author_rule		[]		out_of_scope	deferred	not_reviewed	semantic_review_draft_not_frozen
1696	Stage mother	1	Other	resolved	high	agent_semantic_review	Stage mother 指陪伴并支持子女从事舞台/娱乐活动的家庭身份，不表示本人从事表演或制作工作，归 Other。	occupation_meaning:Stage mother 指陪伴并支持子女从事舞台/娱乐活动的家庭身份，不表示本人从事表演或制作工作，归 Other。; author_role_analogy:author L1 Other	bhht_semantic_batch_2	"[""Other""]"	bhht_semantic_batch_2	0	Other	resolved	author_substring	substring_unique_candidate	Culture	"[[""Culture"",""Culture-core""]]"		needs_review	deferred	not_reviewed	semantic_review_draft_not_frozen
1697	Personal injury lawyer	1	Leadership	resolved	high	agent_semantic_review	“Personal injury lawyer”的职责是提供法律意见、代理当事人或行使司法/公证职权，对应公共治理、法律/军事/宗教权威或企业金融领导，归入Leadership。	occupation_meaning:Personal injury lawyer：治理、法律、军职、宗教权威、外交或企业金融管理职责	bhht_semantic_batch_3	"[""Leadership""]"	bhht_semantic_batch_3	0	Leadership	resolved	author_substring	substring_unique_candidate	Leadership	"[[""Leadership"",""Administration/Law""]]"	Leadership	proposed	deferred	not_reviewed	semantic_review_draft_not_frozen
1698	Information retrieval	1		needs_context	low	agent_semantic_review	信息检索是研究/技术领域，可对应多种岗位，未明示具体职业。	occupation_meaning:研究与技术领域名	bhht_semantic_batch_1	"[""Discovery/Science""]"	bhht_semantic_batch_1	0		needs_context	no_author_rule	no_author_rule		[]		needs_review	deferred	not_reviewed	semantic_review_draft_not_frozen
1699	Salonnieres	1	Culture	resolved	high	agent_semantic_review	Salonnières 主持文学/艺术沙龙并组织文化交流，属于文化传播活动。	https://www.encyclopedia.com/women/encyclopedias-almanacs-transcripts-and-maps/salonnieres-fl-17th-and-18th-c	bhht_semantic_batch_2	"[""Culture""]"	bhht_semantic_batch_2	0	Culture	resolved	no_author_rule	no_author_rule		[]		needs_review	deferred	not_reviewed	semantic_review_draft_not_frozen
1700	m/0qcntlr	1		needs_context	low	agent_semantic_review	This is an opaque Freebase identifier without a human-readable occupation label.	occupation_meaning:m/0qcntlr：仅凭词项无法确定稳定职业职责	bhht_semantic_batch_3	[]	bhht_semantic_batch_3	0		needs_context	no_author_rule	no_author_rule		[]		needs_review	deferred	not_reviewed	semantic_review_draft_not_frozen
1701	Political analyst	1		needs_context	low	agent_semantic_review	政治分析师可能从事新闻评论、学术研究或政府政策咨询，无法单凭头衔定类。	occupation_meaning:政治分析多种岗位语境	bhht_semantic_batch_1	"[""Culture"",""Discovery/Science"",""Leadership""]"	bhht_semantic_batch_1	0		needs_context	author_substring	substring_cross_l1_conflict		"[[""Leadership"",""Politics""],[""Other"",""Worker/Business (small)""]]"	Leadership	proposed	deferred	not_reviewed	semantic_review_draft_not_frozen
1702	Illegal drug dealer	1	Other	resolved	high	agent_semantic_review	Illegal drug dealer 指非法交易毒品者，是犯罪身份，按 Other 处理。	occupation_meaning:Illegal drug dealer 指非法交易毒品者，是犯罪身份，按 Other 处理。; author_role_analogy:author L1 Other	bhht_semantic_batch_2	"[""Other""]"	bhht_semantic_batch_2	0	Other	resolved	no_author_rule	no_author_rule		[]		out_of_scope	deferred	not_reviewed	semantic_review_draft_not_frozen
1703	Party leader	1	Leadership	resolved	high	agent_semantic_review	“Party leader”的职责是参与公共政策、政治组织、外交或社会倡议的决策和协调，对应公共治理、法律/军事/宗教权威或企业金融领导，归入Leadership。	occupation_meaning:Party leader：治理、法律、军职、宗教权威、外交或企业金融管理职责	bhht_semantic_batch_3	"[""Leadership""]"	bhht_semantic_batch_3	0	Leadership	resolved	no_author_rule	no_author_rule		[]	Leadership	proposed	deferred	not_reviewed	semantic_review_draft_not_frozen
1704	Android software development	1	Discovery/Science	resolved	medium	agent_semantic_review	为Android设备编写、测试和维护移动应用程序及相关软件功能。	occupation_meaning:为Android设备编写、测试和维护移动应用程序及相关软件功能。	rationale_batch_2	"[""Discovery/Science""]"	bhht_semantic_batch_1	0	Discovery/Science	resolved	no_author_rule	no_author_rule		[]		needs_review	deferred	not_reviewed	semantic_review_draft_not_frozen
1705	Help Desk Coordinator	1	Other	resolved	medium	primary_semantic_adjudication	提供电脑设备安装、故障排查和用户支持，核心为技术服务/支持；与软件研发、科学研究职责区分。	https://www.onetonline.org/link/summary/15-1232.00; author_role_analogy:technician/Other	primary_semantic_review	"[""Other""]"	primary_semantic_review	1	Discovery/Science	resolved	no_author_rule	no_author_rule		[]		out_of_scope	deferred	not_reviewed	semantic_review_draft_not_frozen
1706	Personal chef	1	Other	resolved	medium	agent_semantic_review	“Personal chef”是提供标题所指的日常服务、运输、维修、照护、手工业或一般商业服务的职业称谓，不属于艺术文化、科学技术、公共权力或竞技体育领域，归入Other。	occupation_meaning:Personal chef：明确的日常服务、一般劳动或小规模商业经营职责	bhht_semantic_batch_3	"[""Other""]"	bhht_semantic_batch_3	0	Other	resolved	author_substring	substring_unique_candidate	Other	"[[""Other"",""Worker/Business (small)""]]"		out_of_scope	deferred	not_reviewed	semantic_review_draft_not_frozen
1707	Policy Consultant	1		needs_context	low	agent_semantic_review	政策顾问可能服务政府决策，也可能从事智库/学术研究，短语未说明机构与职责。	occupation_meaning:公共政策咨询	bhht_semantic_batch_1	"[""Leadership"",""Discovery/Science""]"	bhht_semantic_batch_1	0		needs_context	author_substring	substring_unique_candidate	Other	"[[""Other"",""Worker/Business (small)""]]"	Leadership	proposed	deferred	not_reviewed	semantic_review_draft_not_frozen
1708	Medical technologist	1	Discovery/Science	resolved	high	agent_semantic_review	在临床实验室操作仪器并检测血液、组织或其他样本，为疾病诊断和治疗提供检验结果。	occupation_meaning:在临床实验室操作仪器并检测血液、组织或其他样本，为疾病诊断和治疗提供检验结果。	rationale_batch_3	"[""Discovery/Science""]"	bhht_semantic_batch_2	0	Discovery/Science	resolved	author_substring	substring_unique_candidate	Discovery/Science	"[[""Discovery/Science"",""Academia""]]"	Discovery/Science	proposed	deferred	not_reviewed	semantic_review_draft_not_frozen
1710	Yoga Consultant	1	Other	resolved	medium	agent_semantic_review	“Yoga Consultant”是提供标题所指的日常服务、运输、维修、照护、手工业或一般商业服务的职业称谓，不属于艺术文化、科学技术、公共权力或竞技体育领域，归入Other。	occupation_meaning:Yoga Consultant：明确的日常服务、一般劳动或小规模商业经营职责	bhht_semantic_batch_3	"[""Other""]"	bhht_semantic_batch_3	0	Other	resolved	author_substring	substring_unique_candidate	Other	"[[""Other"",""Worker/Business (small)""]]"		needs_review	deferred	not_reviewed	semantic_review_draft_not_frozen
1711	Rob Gibsun	1		needs_context	low	agent_semantic_review	看似人名而非职业名称，无法按身份字符串裁定。	occupation_meaning:疑似人名/字段污染	bhht_semantic_batch_1	[]	bhht_semantic_batch_1	0		needs_context	no_author_rule	no_author_rule		[]		needs_review	deferred	not_reviewed	semantic_review_draft_not_frozen
1712	On-set Dresser	1	Culture	resolved	high	agent_semantic_review	片场布景师按设计摆放和维护家具、道具及现场陈设，保持拍摄空间的视觉连续性。	occupation_meaning:片场布景师按设计摆放和维护家具、道具及现场陈设，保持拍摄空间的视觉连续性。	rationale_batch_1	"[""Culture""]"	bhht_semantic_batch_2	0	Culture	resolved	no_author_rule	no_author_rule		[]	Culture	proposed	deferred	not_reviewed	semantic_review_draft_not_frozen
1713	Computer repair technician	1	Other	resolved	medium	agent_semantic_review	“Computer repair technician”是提供标题所指的日常服务、运输、维修、照护、手工业或一般商业服务的职业称谓，不属于艺术文化、科学技术、公共权力或竞技体育领域，归入Other。	occupation_meaning:Computer repair technician：明确的日常服务、一般劳动或小规模商业经营职责	bhht_semantic_batch_3	"[""Other""]"	bhht_semantic_batch_3	0	Other	resolved	author_substring	substring_unique_candidate	Other	"[[""Other"",""Worker/Business (small)""]]"		needs_review	deferred	not_reviewed	semantic_review_draft_not_frozen
1714	Roller Skater	1	Sports/Games	resolved	medium	agent_semantic_review	穿轮滑鞋进行速度、花样或其他轮滑项目训练与比赛。	occupation_meaning:穿轮滑鞋进行速度、花样或其他轮滑项目训练与比赛。	rationale_batch_2	"[""Sports/Games""]"	bhht_semantic_batch_1	0	Sports/Games	resolved	author_substring	substring_unique_candidate	Sports/Games	"[[""Sports/Games"",""Sports/Games""]]"	Sports/Games	proposed	deferred	not_reviewed	semantic_review_draft_not_frozen
1715	Computer Tech	1	Other	resolved	medium	primary_semantic_adjudication	提供电脑设备安装、故障排查和用户支持，核心为技术服务/支持；与软件研发、科学研究职责区分。	https://www.onetonline.org/link/summary/15-1232.00; author_role_analogy:technician/Other	primary_semantic_review	"[""Other""]"	primary_semantic_review	1	Discovery/Science	resolved	no_author_rule	no_author_rule		[]		needs_review	deferred	not_reviewed	semantic_review_draft_not_frozen
1716	Biomedical Engineer	1	Discovery/Science	resolved	medium	agent_semantic_review	“Biomedical Engineer”从事的核心职责是运用医学专业知识提供诊断、治疗、护理或健康服务，其工作属于知识发现、学术/医疗或技术开发，归入Discovery/Science。	occupation_meaning:Biomedical Engineer：科学研究、专业教育、医疗服务或工程技术开发职责	bhht_semantic_batch_3	"[""Discovery/Science""]"	bhht_semantic_batch_3	0	Discovery/Science	resolved	author_substring	substring_same_l1_multiple_l2	Discovery/Science	"[[""Discovery/Science"",""Academia""],[""Discovery/Science"",""Explorer/Inventor/Developer""]]"	Discovery/Science	proposed	deferred	not_reviewed	semantic_review_draft_not_frozen
1717	Computer professional	1		needs_context	low	agent_semantic_review	计算机专业人员泛称可覆盖开发、运维、管理等不同职责。	occupation_meaning:计算机工作泛称	bhht_semantic_batch_1	"[""Discovery/Science"",""Leadership""]"	bhht_semantic_batch_1	0		needs_context	no_author_rule	no_author_rule		[]		needs_review	deferred	not_reviewed	semantic_review_draft_not_frozen
1718	Arms Policy Analyst	1	Leadership	resolved	high	agent_semantic_review	Arms policy analyst 研究武器相关公共政策及其影响，属于政策分析而非科学研究。	occupation_meaning:Arms policy analyst 研究武器相关公共政策及其影响，属于政策分析而非科学研究。; author_role_analogy:author L1 Leadership	bhht_semantic_batch_2	"[""Leadership""]"	bhht_semantic_batch_2	0	Leadership	resolved	author_substring	substring_unique_candidate	Other	"[[""Other"",""Worker/Business (small)""]]"		needs_review	deferred	not_reviewed	semantic_review_draft_not_frozen
1719	Navy pilot	1	Leadership	resolved	high	agent_semantic_review	“Navy pilot”的职责是在军队或公共安全体系履行指挥、军职或执法责任，对应公共治理、法律/军事/宗教权威或企业金融领导，归入Leadership。	occupation_meaning:Navy pilot：治理、法律、军职、宗教权威、外交或企业金融管理职责	bhht_semantic_batch_3	"[""Leadership""]"	bhht_semantic_batch_3	0	Leadership	resolved	author_substring	substring_unique_candidate	Leadership	"[[""Leadership"",""Military""]]"	Leadership	proposed	deferred	not_reviewed	semantic_review_draft_not_frozen
1720	Pipefitter	1	Other	resolved	medium	agent_semantic_review	根据图纸切割、弯曲和连接管道，安装或维修工业、建筑中的输送系统。	occupation_meaning:根据图纸切割、弯曲和连接管道，安装或维修工业、建筑中的输送系统。	rationale_batch_3	"[""Other""]"	bhht_semantic_batch_1	0	Other	resolved	no_author_rule	no_author_rule		[]		out_of_scope	deferred	not_reviewed	semantic_review_draft_not_frozen
1721	Nude model	1	Culture	resolved	medium	agent_semantic_review	裸体模特为绘画、雕塑或摄影创作者摆姿，供其研究人体比例、姿态和光影。	occupation_meaning:裸体模特为绘画、雕塑或摄影创作者摆姿，供其研究人体比例、姿态和光影。	rationale_batch_1	"[""Culture""]"	bhht_semantic_batch_2	0	Culture	resolved	author_substring	substring_unique_candidate	Culture	"[[""Culture"",""Culture-periphery""]]"	Culture	proposed	deferred	not_reviewed	semantic_review_draft_not_frozen
1722	Rodeo clown	1	Culture	resolved	high	agent_semantic_review	The rodeo title denotes a clown who entertains spectators during rodeo breaks; the PRCA distinguishes this from the bullfighter, whose job is rider protection, so the full phrase is a performance role.	https://prorodeo.cld.bz/2019-PRCA-Media-Guide-Barrelmen-and-Bullfighters/4	bhht_semantic_batch_3	"[""Culture""]"	bhht_semantic_batch_3	0	Culture	resolved	author_substring	substring_cross_l1_conflict		"[[""Culture"",""Culture-core""],[""Sports/Games"",""Sports/Games""]]"		needs_review	deferred	not_reviewed	semantic_review_draft_not_frozen
1723	Business process outsourcing	1		needs_context	low	agent_semantic_review	业务流程外包是行业活动/服务模式，可涉及销售、运营或技术支持，未给具体职位。	occupation_meaning:行业/服务模式而非岗位	bhht_semantic_batch_1	"[""Leadership"",""Other"",""Discovery/Science""]"	bhht_semantic_batch_1	0		needs_context	author_substring	substring_unique_candidate	Leadership	"[[""Leadership"",""Corporate/Executive/Business (large)""]]"		out_of_scope	deferred	not_reviewed	semantic_review_draft_not_frozen
1724	Financial Services	1		needs_context	low	agent_semantic_review	这是金融服务行业/领域名称，没有指出具体金融职业或职责。	occupation_meaning:原值只给出泛称、资格、身份或无法确认的文本，需补充具体职责/语境。	bhht_semantic_batch_2	"[""Leadership"",""Other""]"	bhht_semantic_batch_2	0		needs_context	no_author_rule	no_author_rule		[]		needs_review	deferred	not_reviewed	semantic_review_draft_not_frozen
1725	Information technology	1		needs_context	low	agent_semantic_review	This names a broad technical field rather than a specific job or duty.	occupation_meaning:Information technology：仅凭词项无法确定稳定职业职责	bhht_semantic_batch_3	[]	bhht_semantic_batch_3	0		needs_context	no_author_rule	no_author_rule		[]		needs_review	deferred	not_reviewed	semantic_review_draft_not_frozen
1726	Investment banking	1		needs_context	low	primary_semantic_adjudication	此词指投行业务领域，可能覆盖投资银行家、分析员、经纪服务或管理职务，未标出个体实际岗位。	occupation_meaning:投行业务领域而非明确岗位	primary_semantic_review	"[""Leadership"", ""Other""]"	primary_semantic_review	1	Leadership	resolved	author_substring	substring_unique_candidate	Leadership	"[[""Leadership"",""Corporate/Executive/Business (large)""]]"		out_of_scope	deferred	not_reviewed	semantic_review_draft_not_frozen
1727	Wrestling Booker	1	Sports/Games	resolved	high	agent_semantic_review	Wrestling booker 负责安排职业摔角比赛对阵和赛事内容，属于摔角竞赛组织。	occupation_meaning:Wrestling booker 负责安排职业摔角比赛对阵和赛事内容，属于摔角竞赛组织。; author_role_analogy:author L1 Sports/Games	bhht_semantic_batch_2	"[""Sports/Games""]"	bhht_semantic_batch_2	0	Sports/Games	resolved	author_substring	substring_unique_candidate	Sports/Games	"[[""Sports/Games"",""Sports/Games""]]"	Sports/Games	proposed	deferred	not_reviewed	semantic_review_draft_not_frozen
1728	Taluk Office	1		needs_context	low	agent_semantic_review	This is an administrative office/unit label, not a person’s occupation.	https://raichur.nic.in/en/taluk-office/	bhht_semantic_batch_3	[]	bhht_semantic_batch_3	0		needs_context	no_author_rule	no_author_rule		[]		needs_review	deferred	not_reviewed	semantic_review_draft_not_frozen
1729	Promotional model	1	Culture	resolved	medium	primary_semantic_adjudication	以产品展示和公开形象呈现承担宣传模特工作；沿用作者model所覆盖的展示/文化呈现口径，两种大小写同义。	author_role_analogy:model/Culture	primary_semantic_review	"[""Culture""]"	primary_semantic_review	1		needs_context	author_substring	substring_unique_candidate	Culture	"[[""Culture"",""Culture-periphery""]]"	Culture	proposed	deferred	not_reviewed	semantic_review_draft_not_frozen
1730	Oficer-Major of King Zog  I	1	Leadership	resolved	high	agent_semantic_review	为君主服务的高级军官，负责军职指挥或王室军事事务；原拼写不规范但角色指向军队任职。	occupation_meaning:为君主服务的高级军官，负责军职指挥或王室军事事务；原拼写不规范但角色指向军队任职。	rationale_batch_3	"[""Leadership""]"	bhht_semantic_batch_2	0	Leadership	resolved	author_substring	substring_unique_candidate	Leadership	"[[""Leadership"",""Nobility""]]"	Leadership	proposed	deferred	not_reviewed	semantic_review_draft_not_frozen
1731	ADR Recordist	1	Culture	resolved	medium	agent_semantic_review	“ADR Recordist”所指工作核心是支持或统筹影视、广播、音乐及其他文化内容的制作、技术实现或发行，属于文化生产、表演或传播职能，归入Culture。	occupation_meaning:ADR Recordist：文化创作、表演、媒体传播或文化产品制作/发行职责	bhht_semantic_batch_3	"[""Culture""]"	bhht_semantic_batch_3	0	Culture	resolved	no_author_rule	no_author_rule		[]	Culture	proposed	deferred	not_reviewed	semantic_review_draft_not_frozen
1732	Aerial Coordinator	1	Culture	resolved	medium	agent_semantic_review	航空协调员规划影视中的航空镜头，协调飞行员、剧组和地面安全人员，并组织拍摄前安全简报。	https://www.ontario.ca/document/safety-guidelines-film-and-television-industry/guideline-no-27-helicopters	rationale_batch_1	"[""Culture""]"	bhht_semantic_batch_1	0	Culture	resolved	no_author_rule	no_author_rule		[]		needs_review	deferred	not_reviewed	semantic_review_draft_not_frozen
1733	Solicitor advocate	1	Leadership	resolved	high	agent_semantic_review	代表客户提供法律意见、准备案件材料，并在获准法院出庭辩护。	occupation_meaning:代表客户提供法律意见、准备案件材料，并在获准法院出庭辩护。	rationale_batch_2	"[""Leadership""]"	bhht_semantic_batch_2	0	Leadership	resolved	author_substring	substring_unique_candidate	Leadership	"[[""Leadership"",""Administration/Law""]]"	Leadership	proposed	deferred	not_reviewed	semantic_review_draft_not_frozen
1734	Porcelain painter	1	Culture	resolved	medium	agent_semantic_review	“Porcelain painter”所指工作核心是创作或呈现艺术作品/现场表演，职业产出面向文化受众，属于文化生产、表演或传播职能，归入Culture。	occupation_meaning:Porcelain painter：文化创作、表演、媒体传播或文化产品制作/发行职责	bhht_semantic_batch_3	"[""Culture""]"	bhht_semantic_batch_3	0	Culture	resolved	author_substring	substring_unique_candidate	Culture	"[[""Culture"",""Culture-core""]]"	Culture	proposed	deferred	not_reviewed	semantic_review_draft_not_frozen
1735	Watercolor paint	1		needs_context	low	agent_semantic_review	这是颜料媒材词组而非清晰职业名称。	occupation_meaning:绘画颜料/媒材	bhht_semantic_batch_1	[]	bhht_semantic_batch_1	0		needs_context	author_substring	substring_unique_candidate	Culture	"[[""Culture"",""Culture-core""]]"		out_of_scope	deferred	not_reviewed	semantic_review_draft_not_frozen
1736	CG Artist	1	Culture	resolved	high	agent_semantic_review	使用三维建模、渲染或数字绘画制作电影、游戏或广告所需的电脑图像。	occupation_meaning:使用三维建模、渲染或数字绘画制作电影、游戏或广告所需的电脑图像。	rationale_batch_3	"[""Culture""]"	bhht_semantic_batch_2	0	Culture	resolved	author_substring	substring_unique_candidate	Culture	"[[""Culture"",""Culture-core""]]"	Culture	proposed	deferred	not_reviewed	semantic_review_draft_not_frozen
1737	Business journalist	1	Culture	resolved	high	agent_semantic_review	A business journalist reports and edits news about commerce; reporting is a media occupation, not business management.	occupation_meaning:Business journalist：文化创作、表演、媒体传播或文化产品制作/发行职责	bhht_semantic_batch_3	"[""Culture""]"	bhht_semantic_batch_3	0	Culture	resolved	author_substring	substring_cross_l1_conflict		"[[""Culture"",""Culture-periphery""],[""Leadership"",""Corporate/Executive/Business (large)""]]"	Culture	proposed	deferred	not_reviewed	semantic_review_draft_not_frozen
1738	Free speech activist	1		needs_context	low	agent_semantic_review	言论自由倡议者从事公共倡议，但头衔未表示其为政治领导者或公职人员。	occupation_meaning:公共倡议角色，组织职责未明	bhht_semantic_batch_1	"[""Leadership"",""Other""]"	bhht_semantic_batch_1	0		needs_context	author_substring	substring_unique_candidate	Leadership	"[[""Leadership"",""Politics""]]"	Leadership	proposed	deferred	not_reviewed	semantic_review_draft_not_frozen
1739	Salsa Dancer	1	Culture	resolved	high	agent_semantic_review	萨尔萨舞者练习并表演萨尔萨舞步和编舞，在舞台、社交舞会或比赛中与舞伴共舞。	occupation_meaning:萨尔萨舞者练习并表演萨尔萨舞步和编舞，在舞台、社交舞会或比赛中与舞伴共舞。	rationale_batch_1	"[""Culture""]"	bhht_semantic_batch_2	0	Culture	resolved	author_substring	substring_unique_candidate	Culture	"[[""Culture"",""Culture-core""]]"	Culture	proposed	deferred	not_reviewed	semantic_review_draft_not_frozen
1740	First Gentleman	1	Other	resolved	medium	agent_semantic_review	“First Gentleman”是承担明确的日常服务、普通职业劳动或小规模经营职责的职业称谓，不属于艺术文化、科学技术、公共权力或竞技体育领域，归入Other。	occupation_meaning:First Gentleman：明确的日常服务、一般劳动或小规模商业经营职责	bhht_semantic_batch_3	"[""Other""]"	bhht_semantic_batch_3	0	Other	resolved	author_substring	substring_unique_candidate	Other	"[[""Other"",""Other""]]"		out_of_scope	deferred	not_reviewed	semantic_review_draft_not_frozen
1742	Ethnobotanist	1	Discovery/Science	resolved	medium	agent_semantic_review	研究不同社群如何识别、使用和管理植物，并结合植物学与人类学开展调查。	occupation_meaning:研究不同社群如何识别、使用和管理植物，并结合植物学与人类学开展调查。	rationale_batch_2	"[""Discovery/Science""]"	bhht_semantic_batch_1	0	Discovery/Science	resolved	author_substring	substring_unique_candidate	Discovery/Science	"[[""Discovery/Science"",""Academia""]]"	Discovery/Science	proposed	deferred	not_reviewed	semantic_review_draft_not_frozen
1743	Singer/Songwriter/Producer/Filmmaker	1	Culture	resolved	high	agent_semantic_review	创作并演唱歌曲、制作录音，同时编导或制作影视内容，职责横跨多种文化作品生产。	occupation_meaning:创作并演唱歌曲、制作录音，同时编导或制作影视内容，职责横跨多种文化作品生产。	rationale_batch_3	"[""Culture""]"	bhht_semantic_batch_2	0	Culture	resolved	author_substring	substring_unique_candidate	Culture	"[[""Culture"",""Culture-core""]]"	Culture	proposed	deferred	not_reviewed	semantic_review_draft_not_frozen
1745	Chapmen	1	Other	resolved	high	agent_semantic_review	Chapmen are itinerant traders/peddlers who travel to sell goods; this is small-scale commerce.	https://www.collinsdictionary.com/us/dictionary/english/chapmen	bhht_semantic_batch_3	"[""Other""]"	bhht_semantic_batch_3	0	Other	resolved	no_author_rule	no_author_rule		[]		needs_review	deferred	not_reviewed	semantic_review_draft_not_frozen
1746	Plant Biologist	1	Discovery/Science	resolved	high	agent_semantic_review	植物生物学家研究植物的生理、遗传、生态或分类，属于生命科学研究。	occupation_meaning:植物生命科学研究	bhht_semantic_batch_1	"[""Discovery/Science""]"	bhht_semantic_batch_1	0	Discovery/Science	resolved	author_substring	substring_unique_candidate	Discovery/Science	"[[""Discovery/Science"",""Academia""]]"	Discovery/Science	proposed	deferred	not_reviewed	semantic_review_draft_not_frozen
1747	Founder/President T. Mellon & Sons Bank	1	Leadership	resolved	medium	agent_semantic_review	银行创办人兼总裁创立并领导银行，制定经营和贷款方向，监督金融业务、员工及客户关系。	occupation_meaning:银行创办人兼总裁创立并领导银行，制定经营和贷款方向，监督金融业务、员工及客户关系。	rationale_batch_1	"[""Leadership""]"	bhht_semantic_batch_2	0	Leadership	resolved	author_substring	substring_cross_l1_conflict		"[[""Leadership"",""Corporate/Executive/Business (large)""],[""Other"",""Family""]]"	Leadership	proposed	deferred	not_reviewed	semantic_review_draft_not_frozen
1749	Pyrotechnician	1	Other	resolved	medium	agent_semantic_review	“Pyrotechnician”是提供标题所指的日常服务、运输、维修、照护、手工业或一般商业服务的职业称谓，不属于艺术文化、科学技术、公共权力或竞技体育领域，归入Other。	occupation_meaning:Pyrotechnician：明确的日常服务、一般劳动或小规模商业经营职责	bhht_semantic_batch_3	"[""Other""]"	bhht_semantic_batch_3	0	Other	resolved	author_substring	substring_unique_candidate	Other	"[[""Other"",""Worker/Business (small)""]]"		needs_review	deferred	not_reviewed	semantic_review_draft_not_frozen
1750	Rails Developer	1	Discovery/Science	resolved	medium	agent_semantic_review	使用Ruby on Rails框架设计、编写和维护网站或网络应用程序。	occupation_meaning:使用Ruby on Rails框架设计、编写和维护网站或网络应用程序。	rationale_batch_2	"[""Discovery/Science""]"	bhht_semantic_batch_1	0	Discovery/Science	resolved	author_substring	substring_unique_candidate	Discovery/Science	"[[""Discovery/Science"",""Explorer/Inventor/Developer""]]"	Discovery/Science	proposed	deferred	not_reviewed	semantic_review_draft_not_frozen
1751	Ruby Developer	1	Discovery/Science	resolved	high	agent_semantic_review	Ruby developer 使用 Ruby 编写和维护软件，属于软件技术开发。	occupation_meaning:Ruby developer 使用 Ruby 编写和维护软件，属于软件技术开发。; author_role_analogy:author L1 Discovery/Science	bhht_semantic_batch_2	"[""Discovery/Science""]"	bhht_semantic_batch_2	0	Discovery/Science	resolved	author_substring	substring_unique_candidate	Discovery/Science	"[[""Discovery/Science"",""Explorer/Inventor/Developer""]]"	Discovery/Science	proposed	deferred	not_reviewed	semantic_review_draft_not_frozen
1752	Sound Re-Recordist	1	Culture	resolved	high	primary_semantic_adjudication	从事录音、混音或声音后期，为音乐和影视作品实现音频效果；此处engineer指声音制作岗位。	occupation_meaning:音乐影视录音与声音后期	primary_semantic_review	"[""Culture""]"	primary_semantic_review	1	Culture	resolved	no_author_rule	no_author_rule		[]	Culture	proposed	deferred	not_reviewed	semantic_review_draft_not_frozen
1754	Party organizer	1		needs_context	low	primary_semantic_adjudication	Party可指政党，也可指社交派对；两种完整词义分别涉及政治组织或活动服务，缺少消歧限定。	occupation_meaning:政党组织者与派对筹办者歧义	primary_semantic_review	"[""Leadership"", ""Other""]"	primary_semantic_review	1	Leadership	resolved	no_author_rule	no_author_rule		[]	Leadership	proposed	deferred	not_reviewed	semantic_review_draft_not_frozen
1755	Outreach worker	1	Other	resolved	medium	agent_semantic_review	外展服务人员主动联系社区居民，介绍社会或健康服务、评估需求并协助申请和转介。	occupation_meaning:外展服务人员主动联系社区居民，介绍社会或健康服务、评估需求并协助申请和转介。	rationale_batch_1	"[""Other""]"	bhht_semantic_batch_2	0	Other	resolved	author_substring	substring_unique_candidate	Other	"[[""Other"",""Worker/Business (small)""]]"		out_of_scope	deferred	not_reviewed	semantic_review_draft_not_frozen
1756	Youth worker	1	Other	resolved	medium	agent_semantic_review	“Youth worker”是提供标题所指的日常服务、运输、维修、照护、手工业或一般商业服务的职业称谓，不属于艺术文化、科学技术、公共权力或竞技体育领域，归入Other。	occupation_meaning:Youth worker：明确的日常服务、一般劳动或小规模商业经营职责	bhht_semantic_batch_3	"[""Other""]"	bhht_semantic_batch_3	0	Other	resolved	author_substring	substring_unique_candidate	Other	"[[""Other"",""Worker/Business (small)""]]"		out_of_scope	deferred	not_reviewed	semantic_review_draft_not_frozen
1757	Veterinary Technician	1	Discovery/Science	resolved	medium	agent_semantic_review	协助兽医进行动物检查、采样、治疗和手术准备，并照护住院动物。	occupation_meaning:协助兽医进行动物检查、采样、治疗和手术准备，并照护住院动物。	rationale_batch_2	"[""Discovery/Science""]"	bhht_semantic_batch_1	0	Discovery/Science	resolved	author_substring	substring_unique_candidate	Other	"[[""Other"",""Worker/Business (small)""]]"		needs_review	deferred	not_reviewed	semantic_review_draft_not_frozen
1758	Divemaster	1	Sports/Games	resolved	medium	agent_semantic_review	带领休闲潜水者进行水下潜水，进行安全简报、检查装备并在潜水过程中引导队伍。	occupation_meaning:带领休闲潜水者进行水下潜水，进行安全简报、检查装备并在潜水过程中引导队伍。	rationale_batch_3	"[""Sports/Games""]"	bhht_semantic_batch_2	0	Sports/Games	resolved	no_author_rule	no_author_rule		[]		out_of_scope	deferred	not_reviewed	semantic_review_draft_not_frozen
1759	Hacker (TV subject)	1		needs_context	low	agent_semantic_review	This is a TV-subject descriptor; it does not establish whether the person is a computer-security professional, criminal intruder, or merely depicted subject.	occupation_meaning:Hacker (TV subject)：仅凭词项无法确定稳定职业职责	bhht_semantic_batch_3	[]	bhht_semantic_batch_3	0		needs_context	author_substring	substring_unique_candidate	Other	"[[""Other"",""Other""]]"		needs_review	deferred	not_reviewed	semantic_review_draft_not_frozen
1760	Advocate General	1	Leadership	resolved	medium	agent_semantic_review	总检察长/政府首席法律顾问代表国家或政府处理法律事务，向行政机构提供意见并在法院陈述立场。	occupation_meaning:总检察长/政府首席法律顾问代表国家或政府处理法律事务，向行政机构提供意见并在法院陈述立场。	rationale_batch_1	"[""Leadership""]"	bhht_semantic_batch_1	0	Leadership	resolved	author_substring	substring_unique_candidate	Leadership	"[[""Leadership"",""Administration/Law""]]"	Leadership	proposed	deferred	not_reviewed	semantic_review_draft_not_frozen
1761	Central Intelligence Agency Officer	1	Leadership	resolved	high	agent_semantic_review	为国家情报机构收集、分析或管理海外情报，并执行授权的国家安全任务。	occupation_meaning:为国家情报机构收集、分析或管理海外情报，并执行授权的国家安全任务。	rationale_batch_2	"[""Leadership""]"	bhht_semantic_batch_2	0	Leadership	resolved	author_substring	substring_cross_l1_conflict		"[[""Discovery/Science"",""Academia""],[""Leadership"",""Military""]]"	Leadership	proposed	deferred	not_reviewed	semantic_review_draft_not_frozen
1762	Staff	1		needs_context	low	agent_semantic_review	“Staff” is a generic employment descriptor without a specific role or duties.	occupation_meaning:Staff：仅凭词项无法确定稳定职业职责	bhht_semantic_batch_3	[]	bhht_semantic_batch_3	0		needs_context	no_author_rule	no_author_rule		[]		out_of_scope	deferred	not_reviewed	semantic_review_draft_not_frozen
1763	Singer (Profession) #212	1	Culture	resolved	high	agent_semantic_review	忽略Profession和编号标记后，该职业以演唱歌曲、排练曲目并进行录音或现场演出为核心。	occupation_meaning:忽略Profession和编号标记后，该职业以演唱歌曲、排练曲目并进行录音或现场演出为核心。	rationale_batch_3	"[""Culture""]"	bhht_semantic_batch_1	0	Culture	resolved	author_substring	substring_unique_candidate	Culture	"[[""Culture"",""Culture-core""]]"	Culture	proposed	deferred	not_reviewed	semantic_review_draft_not_frozen
1764	Nature Historian	1	Discovery/Science	resolved	high	agent_semantic_review	自然史研究者观察和记录自然环境、生物与地质变化，利用标本、档案或野外资料撰写研究。	occupation_meaning:自然史研究者观察和记录自然环境、生物与地质变化，利用标本、档案或野外资料撰写研究。	rationale_batch_1	"[""Discovery/Science""]"	bhht_semantic_batch_2	0	Discovery/Science	resolved	author_substring	substring_unique_candidate	Discovery/Science	"[[""Discovery/Science"",""Academia""]]"	Discovery/Science	proposed	deferred	not_reviewed	semantic_review_draft_not_frozen
1765	Prince of Novgorod	1	Leadership	resolved	high	agent_semantic_review	“Prince of Novgorod”的职责是承载王室/贵族身份或宫廷职务所赋予的治理、礼仪权责，对应公共治理、法律/军事/宗教权威或企业金融领导，归入Leadership。	occupation_meaning:Prince of Novgorod：治理、法律、军职、宗教权威、外交或企业金融管理职责	bhht_semantic_batch_3	"[""Leadership""]"	bhht_semantic_batch_3	0	Leadership	resolved	author_substring	substring_unique_candidate	Leadership	"[[""Leadership"",""Nobility""]]"	Leadership	proposed	deferred	not_reviewed	semantic_review_draft_not_frozen
1766	Call Center Agent	1	Other	resolved	medium	agent_semantic_review	接听或拨打客户电话，回答咨询、处理订单或记录服务请求。	occupation_meaning:接听或拨打客户电话，回答咨询、处理订单或记录服务请求。	rationale_batch_2	"[""Other""]"	bhht_semantic_batch_1	0	Other	resolved	no_author_rule	no_author_rule		[]		out_of_scope	deferred	not_reviewed	semantic_review_draft_not_frozen
1767	Communications Consultant	1	Culture	resolved	medium	primary_semantic_adjudication	为组织提供信息表达、媒体关系和公众传播建议，按传播咨询职能归文化传播。	https://www.onetonline.org/link/summary/27-3031.00; occupation_meaning:组织传播咨询	primary_semantic_review	"[""Culture""]"	primary_semantic_review	1	Culture	resolved	author_substring	substring_unique_candidate	Other	"[[""Other"",""Worker/Business (small)""]]"		needs_review	deferred	not_reviewed	semantic_review_draft_not_frozen
1768	Architectural Critic	1	Culture	resolved	medium	agent_semantic_review	“Architectural Critic”所指工作核心是采访、撰写、编辑、评论或向公众传播文化/媒体内容，属于文化生产、表演或传播职能，归入Culture。	occupation_meaning:Architectural Critic：文化创作、表演、媒体传播或文化产品制作/发行职责	bhht_semantic_batch_3	"[""Culture""]"	bhht_semantic_batch_3	0	Culture	resolved	author_substring	substring_unique_candidate	Culture	"[[""Culture"",""Culture-periphery""]]"	Culture	proposed	deferred	not_reviewed	semantic_review_draft_not_frozen
1769	Sheriff officer	1	Leadership	resolved	medium	agent_semantic_review	执行地方治安与法院相关职责，例如巡逻、调查案件、送达法律文件或协助执行法令。	occupation_meaning:执行地方治安与法院相关职责，例如巡逻、调查案件、送达法律文件或协助执行法令。	rationale_batch_3	"[""Leadership""]"	bhht_semantic_batch_1	0	Leadership	resolved	author_substring	substring_same_l1_multiple_l2	Leadership	"[[""Leadership"",""Administration/Law""],[""Leadership"",""Military""]]"	Leadership	proposed	deferred	not_reviewed	semantic_review_draft_not_frozen
1770	Nurse anesthetist	1	Discovery/Science	resolved	high	agent_semantic_review	麻醉护理师在手术前后评估患者，实施或协助麻醉并监测生命体征和苏醒恢复。	occupation_meaning:麻醉护理师在手术前后评估患者，实施或协助麻醉并监测生命体征和苏醒恢复。	rationale_batch_1	"[""Discovery/Science""]"	bhht_semantic_batch_2	0	Discovery/Science	resolved	author_substring	substring_unique_candidate	Discovery/Science	"[[""Discovery/Science"",""Academia""]]"	Discovery/Science	proposed	deferred	not_reviewed	semantic_review_draft_not_frozen
1771	pedagogue assistant	1	Discovery/Science	resolved	medium	agent_semantic_review	“pedagogue assistant”从事的核心职责是以专门科学知识、学术研究、医疗服务或工程技术为主要职责，其工作属于知识发现、学术/医疗或技术开发，归入Discovery/Science。	occupation_meaning:pedagogue assistant：科学研究、专业教育、医疗服务或工程技术开发职责	bhht_semantic_batch_3	"[""Discovery/Science""]"	bhht_semantic_batch_3	0	Discovery/Science	resolved	author_substring	substring_unique_candidate	Discovery/Science	"[[""Discovery/Science"",""Academia""]]"	Discovery/Science	proposed	deferred	not_reviewed	semantic_review_draft_not_frozen
1772	Physician assistant	1	Discovery/Science	resolved	medium	agent_semantic_review	在医生监督或协作下询问病史、检查患者、协助诊断并提供治疗和随访。	occupation_meaning:在医生监督或协作下询问病史、检查患者、协助诊断并提供治疗和随访。	rationale_batch_2	"[""Discovery/Science""]"	bhht_semantic_batch_1	0	Discovery/Science	resolved	author_substring	substring_unique_candidate	Discovery/Science	"[[""Discovery/Science"",""Academia""]]"	Discovery/Science	proposed	deferred	not_reviewed	semantic_review_draft_not_frozen
1774	Hydrogeologist	1	Discovery/Science	resolved	high	agent_semantic_review	研究地下水的分布、流动和水质，利用地质调查与水文数据评估水资源和地下环境。	occupation_meaning:研究地下水的分布、流动和水质，利用地质调查与水文数据评估水资源和地下环境。	rationale_batch_3	"[""Discovery/Science""]"	bhht_semantic_batch_2	0	Discovery/Science	resolved	author_substring	substring_unique_candidate	Discovery/Science	"[[""Discovery/Science"",""Academia""]]"	Discovery/Science	proposed	deferred	not_reviewed	semantic_review_draft_not_frozen
1775	Methodist Preacher (Profession)	1	Leadership	resolved	high	agent_semantic_review	“Methodist Preacher (Profession)”的职责是担任宗教组织的教职、权威或带领信众，对应公共治理、法律/军事/宗教权威或企业金融领导，归入Leadership。 词项中的编号及/或“(Profession)”是数据库区分标记，不改变该职业的职责含义。	occupation_meaning:Methodist Preacher (Profession)：治理、法律、军职、宗教权威、外交或企业金融管理职责	bhht_semantic_batch_3	"[""Leadership""]"	bhht_semantic_batch_3	0	Leadership	resolved	author_substring	substring_unique_candidate	Leadership	"[[""Leadership"",""Religious""]]"	Leadership	proposed	deferred	not_reviewed	semantic_review_draft_not_frozen
1776	Bootseller	1	Other	resolved	medium	agent_semantic_review	靴鞋销售员向顾客介绍和销售靴子，整理货品、补充库存并处理付款。	occupation_meaning:靴鞋销售员向顾客介绍和销售靴子，整理货品、补充库存并处理付款。	rationale_batch_1	"[""Other""]"	bhht_semantic_batch_1	0	Other	resolved	no_author_rule	no_author_rule		[]		out_of_scope	deferred	not_reviewed	semantic_review_draft_not_frozen
1777	Rocket scientist	1	Discovery/Science	resolved	high	agent_semantic_review	设计或分析火箭推进、飞行结构、导航和控制系统，并验证发射与飞行性能。	occupation_meaning:设计或分析火箭推进、飞行结构、导航和控制系统，并验证发射与飞行性能。	rationale_batch_2	"[""Discovery/Science""]"	bhht_semantic_batch_2	0	Discovery/Science	resolved	author_substring	substring_unique_candidate	Discovery/Science	"[[""Discovery/Science"",""Academia""]]"	Discovery/Science	proposed	deferred	not_reviewed	semantic_review_draft_not_frozen
1778	Wrangler	1		needs_context	low	agent_semantic_review	Wrangler may handle livestock or serve as a film/production wrangler; the domain is unspecified.	occupation_meaning:Wrangler：仅凭词项无法确定稳定职业职责	bhht_semantic_batch_3	"[""Other"",""Culture""]"	bhht_semantic_batch_3	0		needs_context	no_author_rule	no_author_rule		[]		needs_review	deferred	not_reviewed	semantic_review_draft_not_frozen
1779	Figure skating coach	1	Sports/Games	resolved	high	agent_semantic_review	教授花样滑冰技术、跳跃和旋转，安排冰上训练并为运动员设计比赛节目。	occupation_meaning:教授花样滑冰技术、跳跃和旋转，安排冰上训练并为运动员设计比赛节目。	rationale_batch_3	"[""Sports/Games""]"	bhht_semantic_batch_1	0	Sports/Games	resolved	author_substring	substring_unique_candidate	Sports/Games	"[[""Sports/Games"",""Sports/Games""]]"	Sports/Games	proposed	deferred	not_reviewed	semantic_review_draft_not_frozen
1780	Puzzle designer	1	Culture	resolved	medium	primary_semantic_adjudication	创作谜题规则、题面及解题体验，是创意内容设计；与Computer game designer同一设计口径，区别于竞技参与者。	occupation_meaning:谜题玩法与内容设计; author_role_analogy:designer/Culture	primary_semantic_review	"[""Culture""]"	primary_semantic_review	1	Sports/Games	resolved	author_substring	substring_unique_candidate	Culture	"[[""Culture"",""Culture-periphery""]]"		needs_review	deferred	not_reviewed	semantic_review_draft_not_frozen
1781	Refrigeration Engineer	1	Discovery/Science	resolved	medium	agent_semantic_review	“Refrigeration Engineer”从事的核心职责是从事专业教学、技术设计开发、测试或学术研究，其工作属于知识发现、学术/医疗或技术开发，归入Discovery/Science。	occupation_meaning:Refrigeration Engineer：科学研究、专业教育、医疗服务或工程技术开发职责	bhht_semantic_batch_3	"[""Discovery/Science""]"	bhht_semantic_batch_3	0	Discovery/Science	resolved	author_substring	substring_unique_candidate	Discovery/Science	"[[""Discovery/Science"",""Explorer/Inventor/Developer""]]"	Discovery/Science	proposed	deferred	not_reviewed	semantic_review_draft_not_frozen
1782	Architectural Sculptor	1	Culture	resolved	medium	agent_semantic_review	为建筑或公共空间设计并制作雕塑、浮雕等装饰性艺术构件。	occupation_meaning:为建筑或公共空间设计并制作雕塑、浮雕等装饰性艺术构件。	rationale_batch_2	"[""Culture""]"	bhht_semantic_batch_1	0	Culture	resolved	author_substring	substring_same_l1_multiple_l2	Culture	"[[""Culture"",""Culture-core""],[""Culture"",""Culture-periphery""]]"	Culture	proposed	deferred	not_reviewed	semantic_review_draft_not_frozen
1784	Palaeontologist (Profession) #1	1	Discovery/Science	resolved	high	agent_semantic_review	忽略Profession和编号标记后，该研究者通过化石采集、鉴定和比较重建古生物及其演化历史。	occupation_meaning:忽略Profession和编号标记后，该研究者通过化石采集、鉴定和比较重建古生物及其演化历史。	rationale_batch_3	"[""Discovery/Science""]"	bhht_semantic_batch_2	0	Discovery/Science	resolved	author_substring	substring_unique_candidate	Discovery/Science	"[[""Discovery/Science"",""Academia""]]"	Discovery/Science	proposed	deferred	not_reviewed	semantic_review_draft_not_frozen
1785	Book Designer	1	Culture	resolved	medium	agent_semantic_review	“Book Designer”所指工作核心是创作或呈现艺术作品/现场表演，职业产出面向文化受众，属于文化生产、表演或传播职能，归入Culture。	occupation_meaning:Book Designer：文化创作、表演、媒体传播或文化产品制作/发行职责	bhht_semantic_batch_3	"[""Culture""]"	bhht_semantic_batch_3	0	Culture	resolved	author_substring	substring_unique_candidate	Culture	"[[""Culture"",""Culture-periphery""]]"	Culture	proposed	deferred	not_reviewed	semantic_review_draft_not_frozen
1787	Moneylender	1	Leadership	resolved	medium	agent_semantic_review	放贷人向个人或商户提供贷款，评估偿还能力、约定利息与期限并收取还款。	occupation_meaning:放贷人向个人或商户提供贷款，评估偿还能力、约定利息与期限并收取还款。	rationale_batch_1	"[""Leadership""]"	bhht_semantic_batch_1	0	Leadership	resolved	no_author_rule	no_author_rule		[]		needs_review	deferred	not_reviewed	semantic_review_draft_not_frozen
1788	Peddler	1	Other	resolved	high	agent_semantic_review	走街串巷或在临时摊位向顾客推销并出售小商品。	occupation_meaning:走街串巷或在临时摊位向顾客推销并出售小商品。	rationale_batch_2	"[""Other""]"	bhht_semantic_batch_2	0	Other	resolved	no_author_rule	no_author_rule		[]		out_of_scope	deferred	not_reviewed	semantic_review_draft_not_frozen
1790	Train Conductor	1	Other	resolved	medium	agent_semantic_review	“Train Conductor”是提供标题所指的日常服务、运输、维修、照护、手工业或一般商业服务的职业称谓，不属于艺术文化、科学技术、公共权力或竞技体育领域，归入Other。	occupation_meaning:Train Conductor：明确的日常服务、一般劳动或小规模商业经营职责	bhht_semantic_batch_3	"[""Other""]"	bhht_semantic_batch_3	0	Other	resolved	author_substring	substring_unique_candidate	Culture	"[[""Culture"",""Culture-core""]]"		needs_review	deferred	not_reviewed	semantic_review_draft_not_frozen
1791	Diocesan bishop	1	Leadership	resolved	high	agent_semantic_review	负责一个教区的牧灵、神职人员监督、教务行政和宗教仪式领导。	occupation_meaning:负责一个教区的牧灵、神职人员监督、教务行政和宗教仪式领导。	rationale_batch_3	"[""Leadership""]"	bhht_semantic_batch_1	0	Leadership	resolved	author_substring	substring_unique_candidate	Leadership	"[[""Leadership"",""Religious""]]"	Leadership	proposed	deferred	not_reviewed	semantic_review_draft_not_frozen
1792	Gunslinger	1	Other	resolved	medium	agent_semantic_review	枪手/持枪打手以枪械参与决斗、护卫或暴力冲突；该称呼多指历史/负面身份而非正规职业。	occupation_meaning:枪手/持枪打手以枪械参与决斗、护卫或暴力冲突；该称呼多指历史/负面身份而非正规职业。	rationale_batch_1	"[""Other""]"	bhht_semantic_batch_2	0	Other	resolved	no_author_rule	no_author_rule		[]		out_of_scope	deferred	not_reviewed	semantic_review_draft_not_frozen
1793	Marksman	1		needs_context	low	agent_semantic_review	Marksman can denote competitive precision shooting or a military sharpshooter; the setting is not stated.	occupation_meaning:Marksman：仅凭词项无法确定稳定职业职责	bhht_semantic_batch_3	"[""Sports/Games"",""Leadership""]"	bhht_semantic_batch_3	0		needs_context	no_author_rule	no_author_rule		[]		needs_review	deferred	not_reviewed	semantic_review_draft_not_frozen
1794	Animal control service	1	Other	resolved	medium	agent_semantic_review	处理流浪或危险动物报告，捕捉并转运动物，并执行动物管理法规。	occupation_meaning:处理流浪或危险动物报告，捕捉并转运动物，并执行动物管理法规。	rationale_batch_2	"[""Other""]"	bhht_semantic_batch_1	0	Other	resolved	no_author_rule	no_author_rule		[]		out_of_scope	deferred	not_reviewed	semantic_review_draft_not_frozen
1795	Goatherd	1	Other	resolved	high	agent_semantic_review	放牧山羊并照料其饮水、饲料、健康和群体移动。	occupation_meaning:放牧山羊并照料其饮水、饲料、健康和群体移动。	rationale_batch_3	"[""Other""]"	bhht_semantic_batch_2	0	Other	resolved	no_author_rule	no_author_rule		[]		out_of_scope	deferred	not_reviewed	semantic_review_draft_not_frozen
1796	Actor (Profession) #80	1	Culture	resolved	medium	agent_semantic_review	“Actor (Profession) #80”所指工作核心是创作或呈现艺术作品/现场表演，职业产出面向文化受众，属于文化生产、表演或传播职能，归入Culture。 词项中的编号及/或“(Profession)”是数据库区分标记，不改变该职业的职责含义。	occupation_meaning:Actor (Profession) #80：文化创作、表演、媒体传播或文化产品制作/发行职责	bhht_semantic_batch_3	"[""Culture""]"	bhht_semantic_batch_3	0	Culture	resolved	author_substring	substring_unique_candidate	Culture	"[[""Culture"",""Culture-core""]]"	Culture	proposed	deferred	not_reviewed	semantic_review_draft_not_frozen
1797	Ringmaster	1	Culture	resolved	medium	agent_semantic_review	马戏主持人介绍并串联各项演出，提示演员登场和节目转换，维持观众注意与演出流程。	occupation_meaning:马戏主持人介绍并串联各项演出，提示演员登场和节目转换，维持观众注意与演出流程。	rationale_batch_1	"[""Culture""]"	bhht_semantic_batch_1	0	Culture	resolved	no_author_rule	no_author_rule		[]	Culture	proposed	deferred	not_reviewed	semantic_review_draft_not_frozen
1798	Audio Dramatist	1	Culture	resolved	high	agent_semantic_review	创作广播或音频剧本，通过对白、音效和音乐构建戏剧情节。	occupation_meaning:创作广播或音频剧本，通过对白、音效和音乐构建戏剧情节。	rationale_batch_2	"[""Culture""]"	bhht_semantic_batch_2	0	Culture	resolved	author_substring	substring_same_l1_multiple_l2	Culture	"[[""Culture"",""Culture-core""],[""Culture"",""Culture-periphery""]]"	Culture	proposed	deferred	not_reviewed	semantic_review_draft_not_frozen
1799	Rector (Profession)	1	Discovery/Science	resolved	medium	primary_semantic_adjudication	去除不改变词义的Profession标记后为Rector；本轮按作者精确rector的Academia口径统一同词映射。该词另有宗教含义，但没有新增宗教限定。	author_role_analogy:rector/Academia; policy:作者同词映射优先	primary_semantic_review	"[""Discovery/Science""]"	primary_semantic_review	1		needs_context	author_substring	substring_unique_candidate	Discovery/Science	"[[""Discovery/Science"",""Academia""]]"		needs_review	deferred	not_reviewed	semantic_review_draft_not_frozen
1800	elder	1		needs_context	low	agent_semantic_review	elder可指宗教/社群长者、资深身份或具体职位，短语没有职责语境。	occupation_meaning:长者/职位多义词	bhht_semantic_batch_1	"[""Leadership"",""Other""]"	bhht_semantic_batch_1	0		needs_context	no_author_rule	no_author_rule		[]		needs_review	deferred	not_reviewed	semantic_review_draft_not_frozen
1801	Slave Trader	1	Other	resolved	high	agent_semantic_review	买卖或转运被奴役的人以牟利；这是历史上以人口贩卖为核心的犯罪性身份。	occupation_meaning:买卖或转运被奴役的人以牟利；这是历史上以人口贩卖为核心的犯罪性身份。	rationale_batch_3	"[""Other""]"	bhht_semantic_batch_2	0	Other	resolved	author_substring	substring_cross_l1_conflict		"[[""Leadership"",""Corporate/Executive/Business (large)""],[""Other"",""Other""]]"		out_of_scope	deferred	not_reviewed	semantic_review_draft_not_frozen
1802	Stamp designer	1	Culture	resolved	medium	agent_semantic_review	“Stamp designer”所指工作核心是创作或呈现艺术作品/现场表演，职业产出面向文化受众，属于文化生产、表演或传播职能，归入Culture。	occupation_meaning:Stamp designer：文化创作、表演、媒体传播或文化产品制作/发行职责	bhht_semantic_batch_3	"[""Culture""]"	bhht_semantic_batch_3	0	Culture	resolved	author_substring	substring_unique_candidate	Culture	"[[""Culture"",""Culture-periphery""]]"	Culture	proposed	deferred	not_reviewed	semantic_review_draft_not_frozen
1803	Antropology	1		needs_context	low	agent_semantic_review	疑为Anthropology拼写错误；该词是学科名称而非明确职业岗位。	occupation_meaning:学科名称/拼写变体	bhht_semantic_batch_1	"[""Discovery/Science""]"	bhht_semantic_batch_1	0		needs_context	no_author_rule	no_author_rule		[]		needs_review	deferred	not_reviewed	semantic_review_draft_not_frozen
1804	Professional Artist	1	Culture	resolved	medium	agent_semantic_review	职业艺术家以艺术创作为职业，持续制作、展示或销售作品；具体媒介和创作职责未在该称谓中说明。	occupation_meaning:职业艺术家以艺术创作为职业，持续制作、展示或销售作品；具体媒介和创作职责未在该称谓中说明。	rationale_batch_1	"[""Culture""]"	bhht_semantic_batch_2	0	Culture	resolved	author_substring	substring_unique_candidate	Culture	"[[""Culture"",""Culture-core""]]"	Culture	proposed	deferred	not_reviewed	semantic_review_draft_not_frozen
1805	Conversion Rate Optimisation	1	Other	resolved	medium	primary_semantic_adjudication	完整短语指数字营销、搜索优化或获客业务，按作者marketing→Worker/Business(small)归Other；活动/领域名称仅作职业词表中的功能映射，不据此断言人物具体岗位。	author_role_analogy:marketing/Worker-Business-small	primary_semantic_review	"[""Other""]"	primary_semantic_review	1		needs_context	no_author_rule	no_author_rule		[]		needs_review	deferred	not_reviewed	semantic_review_draft_not_frozen
1808	IT/Software Developer	1	Discovery/Science	resolved	medium	agent_semantic_review	分析软件需求、编写程序并测试和维护信息技术应用或系统。	occupation_meaning:分析软件需求、编写程序并测试和维护信息技术应用或系统。	rationale_batch_2	"[""Discovery/Science""]"	bhht_semantic_batch_1	0	Discovery/Science	resolved	author_substring	substring_unique_candidate	Discovery/Science	"[[""Discovery/Science"",""Explorer/Inventor/Developer""]]"	Discovery/Science	proposed	deferred	not_reviewed	semantic_review_draft_not_frozen
1809	Web Application Developer	1	Discovery/Science	resolved	high	agent_semantic_review	编写、测试和维护运行于浏览器或网络服务器上的应用程序及其数据接口。	occupation_meaning:编写、测试和维护运行于浏览器或网络服务器上的应用程序及其数据接口。	rationale_batch_3	"[""Discovery/Science""]"	bhht_semantic_batch_2	0	Discovery/Science	resolved	author_substring	substring_unique_candidate	Discovery/Science	"[[""Discovery/Science"",""Explorer/Inventor/Developer""]]"	Discovery/Science	proposed	deferred	not_reviewed	semantic_review_draft_not_frozen
1810	Inbound marketing	1	Other	resolved	medium	primary_semantic_adjudication	完整短语指数字营销、搜索优化或获客业务，按作者marketing→Worker/Business(small)归Other；活动/领域名称仅作职业词表中的功能映射，不据此断言人物具体岗位。	author_role_analogy:marketing/Worker-Business-small	primary_semantic_review	"[""Other""]"	primary_semantic_review	1		needs_context	author_substring	substring_unique_candidate	Other	"[[""Other"",""Worker/Business (small)""]]"		needs_review	deferred	not_reviewed	semantic_review_draft_not_frozen
1811	Industriemechaniker	1	Other	resolved	high	primary_semantic_adjudication	德国工业机械技工制造装配机械零件，调试并维修生产设备，按作者mechanic/technician普通工种归Other；不是研发工程师。	https://www.anerkennung-in-deutschland.de/en/interest/finder/profession/182/profile; author_role_analogy:mechanic/technician/Other	primary_semantic_review	"[""Other""]"	primary_semantic_review	1	Discovery/Science	resolved	no_author_rule	no_author_rule		[]		out_of_scope	deferred	not_reviewed	semantic_review_draft_not_frozen
1812	Online marketing consultant specializing in SEO	1	Other	resolved	medium	agent_semantic_review	该职位专门为网站提供 SEO 与线上推广咨询，属于常规营销服务岗位，归 Other。	occupation_meaning:该职位专门为网站提供 SEO 与线上推广咨询，属于常规营销服务岗位，归 Other。; author_role_analogy:author L1 Other	bhht_semantic_batch_2	"[""Other""]"	bhht_semantic_batch_2	0	Other	resolved	author_substring	substring_unique_candidate	Other	"[[""Other"",""Worker/Business (small)""]]"		needs_review	deferred	not_reviewed	semantic_review_draft_not_frozen
1813	m/012zw2f7	1		needs_context	low	agent_semantic_review	This is an opaque Freebase identifier without a human-readable occupation label.	occupation_meaning:m/012zw2f7：仅凭词项无法确定稳定职业职责	bhht_semantic_batch_3	[]	bhht_semantic_batch_3	0		needs_context	no_author_rule	no_author_rule		[]		needs_review	deferred	not_reviewed	semantic_review_draft_not_frozen
1814	Marketing Specialist	1	Other	resolved	high	agent_semantic_review	市场专员开展市场调研、推广与营销执行，属商业服务职能；作者对 marketing 的正式归类是 Worker/Business (small)，对应 Other。	author_role_analogy:marketing → Other/Worker/Business (small), author rules line 64	bhht_semantic_batch_1	"[""Other""]"	bhht_semantic_batch_1	0	Other	resolved	author_substring	substring_unique_candidate	Other	"[[""Other"",""Worker/Business (small)""]]"		needs_review	deferred	not_reviewed	semantic_review_draft_not_frozen
1815	Affiliate	1		needs_context	low	agent_semantic_review	该词可表示商业关联者、营销推广者或其他从属关系，缺少实际岗位语境。	occupation_meaning:原值只给出泛称、资格、身份或无法确认的文本，需补充具体职责/语境。	bhht_semantic_batch_2	"[""Culture"",""Leadership"",""Other""]"	bhht_semantic_batch_2	0		needs_context	no_author_rule	no_author_rule		[]		out_of_scope	deferred	not_reviewed	semantic_review_draft_not_frozen
1816	Business Analyst	1		needs_context	low	agent_semantic_review	Business analyst can mean organizational strategy, financial analysis, or technical systems analysis; the specialization is absent.	occupation_meaning:Business Analyst：仅凭词项无法确定稳定职业职责	bhht_semantic_batch_3	"[""Leadership"",""Other"",""Discovery/Science""]"	bhht_semantic_batch_3	0		needs_context	author_substring	substring_cross_l1_conflict		"[[""Leadership"",""Corporate/Executive/Business (large)""],[""Other"",""Worker/Business (small)""]]"		needs_review	deferred	not_reviewed	semantic_review_draft_not_frozen
1817	Digital Marketing Strategist (Job title)	1	Other	resolved	medium	primary_semantic_adjudication	完整短语指数字营销、搜索优化或获客业务，按作者marketing→Worker/Business(small)归Other；活动/领域名称仅作职业词表中的功能映射，不据此断言人物具体岗位。	author_role_analogy:marketing/Worker-Business-small	primary_semantic_review	"[""Other""]"	primary_semantic_review	1	Other	resolved	author_substring	substring_unique_candidate	Other	"[[""Other"",""Worker/Business (small)""]]"		needs_review	deferred	not_reviewed	semantic_review_draft_not_frozen
