rank	raw_value	graph_people	normalized_label	lookup_method	match_status	candidate_level1	candidate_level2	candidate_parent_pairs_json	candidate_level1_count	candidate_level2_count	candidate_keywords_json	selected_rule_priorities_json	all_substring_parent_pairs_json	all_substring_rule_priorities_json	author_first_match_level1	author_first_match_level2	author_first_match_keyword	exact_overrides_first_match_l1	exact_overrides_first_match_parent	observed_main_reference_json	observed_reference_disagrees	observed_reference_l1_disagrees	lookup_flags_json	previous_llm_level1	previous_llm_status	previous_llm_confidence	previous_llm_comparison	review_flags_json	auxiliary_reference_only_without_author_rule	mapping_version	label_status	sample_people_json
3	Artist	19413	artist	author_exact	exact_unique	Culture	Culture-core	"[[""Culture"",""Culture-core""]]"	1	1	"[""_artist""]"	[304]	"[[""Culture"",""Culture-core""]]"	[304]	Culture	Culture-core	_artist	0	0	"[{""level1"":""Culture"",""level2"":""Culture-core"",""level3"":""artist"",""person_count"":23533,""example_wikidata_codes"":""Q100028|Q1001025|Q1001110""},{""level1"":""Sports/Games"",""level2"":""Sports/Games"",""level3"":""artist"",""person_count"":2,""example_wikidata_codes"":""Q16734944|Q7638832""}]"	1	1	"[""person_main_reference_disagrees_not_used_to_override""]"	Culture	proposed	high	agrees_with_previous_llm	"[""person_main_reference_disagrees_not_used_to_override""]"	0	freebase_bhht_author_lookup_v1	lookup_candidate_not_frozen	"[""\""Weird Al\"" Yankovic"", ""/m/02k2kw"", ""100 Kila""]"
19	Television producer	3307	television_producer	author_substring	substring_same_l1_multiple_l2	Culture		"[[""Culture"",""Culture-core""],[""Culture"",""Culture-periphery""]]"	1	2	"[""producer"",""television""]"	[506,655]	"[[""Culture"",""Culture-core""],[""Culture"",""Culture-periphery""]]"	[506,655]	Culture	Culture-core	producer	0	0	[]	0	0	"[""substring_requires_transfer_review"",""multiple_author_l2_candidates""]"	Culture	proposed	high	agrees_with_previous_llm	"[""substring_requires_transfer_review"",""multiple_author_l2_candidates""]"	0	freebase_bhht_author_lookup_v1	lookup_candidate_not_frozen	"[""\""Weird Al\"" Yankovic"", ""A. C. Lyles"", ""A. Edward Sutherland""]"
29	Criminal defense lawyer	2304	criminal_defense_lawyer	author_substring	substring_cross_l1_conflict			"[[""Leadership"",""Administration/Law""],[""Other"",""Other""]]"	2	2	"[""_lawyer"",""criminal""]"	[1053,1792]	"[[""Leadership"",""Administration/Law""],[""Other"",""Other""]]"	[1053,1792]	Leadership	Administration/Law	_lawyer	0	0	[]	0	0	"[""substring_requires_transfer_review"",""multiple_author_l1_candidates""]"	Leadership	proposed	high	no_unique_author_l1_candidate	"[""substring_requires_transfer_review"",""multiple_author_l1_candidates""]"	0	freebase_bhht_author_lookup_v1	lookup_candidate_not_frozen	"[""A. Linwood Holton Jr."", ""A. N. R. Robinson"", ""A. P. Herbert""]"
33	Editor	2061	editor	author_exact	exact_unique	Culture	Culture-periphery	"[[""Culture"",""Culture-periphery""]]"	1	1	"[""editor""]"	[612]	"[[""Culture"",""Culture-periphery""]]"	[612]	Culture	Culture-periphery	editor	0	0	"[{""level1"":""Culture"",""level2"":""Culture-periphery"",""level3"":""editor"",""person_count"":2686,""example_wikidata_codes"":""Q1000896|Q100116|Q100327""},{""level1"":""Other"",""level2"":""Worker/Business (small)"",""level3"":""editor"",""person_count"":10,""example_wikidata_codes"":""Q10284549|Q10289065|Q10310228""}]"	1	1	"[""person_main_reference_disagrees_not_used_to_override""]"	Culture	proposed	medium	agrees_with_previous_llm	"[""person_main_reference_disagrees_not_used_to_override""]"	0	freebase_bhht_author_lookup_v1	lookup_candidate_not_frozen	"[""A. Bhimsingh"", ""Aaron Howland"", ""Aaron Woodley""]"
47	Film editor	1401	film_editor	author_substring	substring_same_l1_multiple_l2	Culture		"[[""Culture"",""Culture-core""],[""Culture"",""Culture-periphery""]]"	1	2	"[""_film_"",""editor""]"	[320,612]	"[[""Culture"",""Culture-core""],[""Culture"",""Culture-periphery""]]"	[320,612]	Culture	Culture-core	_film_	0	0	[]	0	0	"[""substring_requires_transfer_review"",""multiple_author_l2_candidates""]"	Culture	proposed	high	agrees_with_previous_llm	"[""substring_requires_transfer_review"",""multiple_author_l2_candidates""]"	0	freebase_bhht_author_lookup_v1	lookup_candidate_not_frozen	"[""A. Bhimsingh"", ""Aaron Howland"", ""Aaron Woodley""]"
49	Visual Artist	1323	visual_artist	author_exact	exact_unique	Culture	Culture-periphery	"[[""Culture"",""Culture-periphery""]]"	1	1	"[""visual_artist""]"	[659]	"[[""Culture"",""Culture-core""],[""Culture"",""Culture-periphery""]]"	[304,659]	Culture	Culture-core	_artist	0	1	"[{""level1"":""Culture"",""level2"":""Culture-periphery"",""level3"":""visual_artist"",""person_count"":21,""example_wikidata_codes"":""Q16104380|Q16151811|Q18387820""}]"	0	0	"[""exact_lookup_differs_from_full_author_first_match""]"	Culture	proposed	high	agrees_with_previous_llm	"[""exact_lookup_differs_from_full_author_first_match""]"	0	freebase_bhht_author_lookup_v1	lookup_candidate_not_frozen	"[""Aaron Douglas"", ""Abidin Dino"", ""Ad Reinhardt""]"
50	Music executive	1298	music_executive	author_substring	substring_cross_l1_conflict			"[[""Culture"",""Culture-core""],[""Leadership"",""Corporate/Executive/Business (large)""]]"	2	2	"[""_music"",""executive""]"	[325,1223]	"[[""Culture"",""Culture-core""],[""Leadership"",""Corporate/Executive/Business (large)""]]"	[325,1223]	Culture	Culture-core	_music	0	0	[]	0	0	"[""substring_requires_transfer_review"",""multiple_author_l1_candidates""]"	Leadership	proposed	high	no_unique_author_l1_candidate	"[""substring_requires_transfer_review"",""multiple_author_l1_candidates""]"	0	freebase_bhht_author_lookup_v1	lookup_candidate_not_frozen	"[""\""Weird Al\"" Yankovic"", ""A-Trak"", ""A. R. Rahman""]"
51	Record producer	1284	record_producer	author_exact	exact_unique	Culture	Culture-periphery	"[[""Culture"",""Culture-periphery""]]"	1	1	"[""record_producer""]"	[647]	"[[""Culture"",""Culture-core""],[""Culture"",""Culture-periphery""]]"	[506,647]	Culture	Culture-core	producer	0	1	"[{""level1"":""Culture"",""level2"":""Culture-periphery"",""level3"":""record_producer"",""person_count"":9,""example_wikidata_codes"":""Q16202297|Q16255643|Q1710967""}]"	0	0	"[""exact_lookup_differs_from_full_author_first_match""]"	Culture	proposed	high	agrees_with_previous_llm	"[""exact_lookup_differs_from_full_author_first_match""]"	0	freebase_bhht_author_lookup_v1	lookup_candidate_not_frozen	"[""\""Weird Al\"" Yankovic"", ""A-Trak"", ""A. R. Rahman""]"
52	Dancer	1257	dancer	author_exact	exact_unique	Culture	Culture-core	"[[""Culture"",""Culture-core""]]"	1	1	"[""dancer""]"	[410]	"[[""Culture"",""Culture-core""]]"	[410]	Culture	Culture-core	dancer	0	0	"[{""level1"":""Culture"",""level2"":""Culture-core"",""level3"":""dancer"",""person_count"":1996,""example_wikidata_codes"":""Q1000318|Q1024044|Q1028986""},{""level1"":""Culture"",""level2"":""Sports/Games"",""level3"":""dancer"",""person_count"":448,""example_wikidata_codes"":""Q111163|Q11286573|Q11301035""}]"	1	0	"[""person_main_reference_disagrees_not_used_to_override""]"	Culture	proposed	high	agrees_with_previous_llm	"[""person_main_reference_disagrees_not_used_to_override""]"	0	freebase_bhht_author_lookup_v1	lookup_candidate_not_frozen	"[""A. J. Cook"", ""Aaliyah"", ""Aaron Carter""]"
65	Conductor	723	conductor	author_exact	exact_unique	Culture	Culture-core	"[[""Culture"",""Culture-core""]]"	1	1	"[""conductor""]"	[401]	"[[""Culture"",""Culture-core""]]"	[401]	Culture	Culture-core	conductor	0	0	"[{""level1"":""Culture"",""level2"":""Culture-core"",""level3"":""conductor"",""person_count"":5875,""example_wikidata_codes"":""Q100243|Q100309|Q100360""},{""level1"":""Other"",""level2"":""Worker/Business (small)"",""level3"":""conductor"",""person_count"":2,""example_wikidata_codes"":""Q20651270|Q5715965""}]"	1	1	"[""person_main_reference_disagrees_not_used_to_override""]"	Culture	proposed	high	agrees_with_previous_llm	"[""person_main_reference_disagrees_not_used_to_override""]"	0	freebase_bhht_author_lookup_v1	lookup_candidate_not_frozen	"[""A. M. Rajah"", ""A. R. Rahman"", ""Aadesh Shrivastava""]"
67	Coach	696	coach	author_exact	exact_unique	Sports/Games	Sports/Games	"[[""Sports/Games"",""Sports/Games""]]"	1	1	"[""coach""]"	[75]	"[[""Sports/Games"",""Sports/Games""]]"	[75]	Sports/Games	Sports/Games	coach	0	0	"[{""level1"":""Sports/Games"",""level2"":""Culture-periphery"",""level3"":""coach"",""person_count"":11,""example_wikidata_codes"":""Q16194257|Q21062603|Q22958620""},{""level1"":""Sports/Games"",""level2"":""Sports/Games"",""level3"":""coach"",""person_count"":4751,""example_wikidata_codes"":""Q101586|Q10269030|Q1027161""}]"	1	0	"[""person_main_reference_disagrees_not_used_to_override""]"		needs_review	low	author_candidate_previous_needs_review	"[""person_main_reference_disagrees_not_used_to_override""]"	0	freebase_bhht_author_lookup_v1	lookup_candidate_not_frozen	"[""Abel Braga"", ""Al Dacascos"", ""Al Golden""]"
110	Disc jockey	269	disc_jockey	author_substring	substring_unique_candidate	Sports/Games	Sports/Games	"[[""Sports/Games"",""Sports/Games""]]"	1	1	"[""jockey""]"	[144]	"[[""Sports/Games"",""Sports/Games""]]"	[144]	Sports/Games	Sports/Games	jockey	0	0	[]	0	0	"[""substring_requires_transfer_review""]"	Culture	proposed	high	differs_from_previous_llm	"[""substring_requires_transfer_review"",""previous_llm_l1_disagreement""]"	0	freebase_bhht_author_lookup_v1	lookup_candidate_not_frozen	"[""100 Kila"", ""A-Trak"", ""Adam F""]"
130	Child Actor	206	child_actor	author_substring	substring_cross_l1_conflict			"[[""Culture"",""Culture-core""],[""Other"",""Family""]]"	2	2	"[""_actor"",""child_""]"	[303,1727]	"[[""Culture"",""Culture-core""],[""Other"",""Family""]]"	[303,1727]	Culture	Culture-core	_actor	0	0	[]	0	0	"[""substring_requires_transfer_review"",""multiple_author_l1_candidates""]"	Culture	proposed	high	no_unique_author_l1_candidate	"[""substring_requires_transfer_review"",""multiple_author_l1_candidates""]"	0	freebase_bhht_author_lookup_v1	lookup_candidate_not_frozen	"[""Aaron Henry (Actor)"", ""Adi Bing Slamet"", ""Albert Cavens""]"
139	Martial artist	182	martial_artist	author_substring	substring_cross_l1_conflict			"[[""Culture"",""Culture-core""],[""Sports/Games"",""Sports/Games""]]"	2	2	"[""martial_art"",""_artist""]"	[160,304]	"[[""Culture"",""Culture-core""],[""Sports/Games"",""Sports/Games""]]"	[160,304]	Sports/Games	Sports/Games	martial_art	0	0	[]	0	0	"[""substring_requires_transfer_review"",""multiple_author_l1_candidates""]"	Sports/Games	proposed	high	no_unique_author_l1_candidate	"[""substring_requires_transfer_review"",""multiple_author_l1_candidates""]"	0	freebase_bhht_author_lookup_v1	lookup_candidate_not_frozen	"[""Aaron Norris"", ""Akshay Kumar"", ""Alberto Del Rio""]"
143	Keyboard player	169	keyboard_player	author_substring	substring_unique_candidate	Sports/Games	Sports/Games	"[[""Sports/Games"",""Sports/Games""]]"	1	1	"[""player""]"	[189]	"[[""Sports/Games"",""Sports/Games""]]"	[189]	Sports/Games	Sports/Games	player	0	0	[]	0	0	"[""substring_requires_transfer_review""]"	Culture	proposed	high	differs_from_previous_llm	"[""substring_requires_transfer_review"",""previous_llm_l1_disagreement""]"	0	freebase_bhht_author_lookup_v1	lookup_candidate_not_frozen	"[""Abhijit Pohankar"", ""Adam Wakeman"", ""Al De Lory""]"
146	Law enforcement officer	165	law_enforcement_officer	author_substring	substring_same_l1_multiple_l2	Leadership		"[[""Leadership"",""Administration/Law""],[""Leadership"",""Military""]]"	1	2	"[""_law_"",""officer_""]"	[1052,1412]	"[[""Leadership"",""Administration/Law""],[""Leadership"",""Military""]]"	[1052,1412]	Leadership	Administration/Law	_law_	0	0	[]	0	0	"[""substring_requires_transfer_review"",""multiple_author_l2_candidates""]"	Leadership	proposed	medium	agrees_with_previous_llm	"[""substring_requires_transfer_review"",""multiple_author_l2_candidates""]"	0	freebase_bhht_author_lookup_v1	lookup_candidate_not_frozen	"[""Abel Kirui"", ""Adolph Murie"", ""Aldo Leopold""]"
158	Chef	134	chef	author_exact	exact_unique	Other	Worker/Business (small)	"[[""Other"",""Worker/Business (small)""]]"	1	1	"[""_chef_""]"	[1444]	"[[""Other"",""Worker/Business (small)""]]"	[1444]	Other	Worker/Business (small)	_chef_	0	0	"[{""level1"":""Leadership"",""level2"":""Corporate/Executive/Business (large)"",""level3"":""chef"",""person_count"":84,""example_wikidata_codes"":""Q10556474|Q16633077|Q16633574""},{""level1"":""Other"",""level2"":""Worker/Business (small)"",""level3"":""chef"",""person_count"":1156,""example_wikidata_codes"":""Q10270577|Q10294133|Q10308931""}]"	1	1	"[""person_main_reference_disagrees_not_used_to_override""]"		out_of_scope	high	formal_author_other_previously_out_of_scope	"[""person_main_reference_disagrees_not_used_to_override""]"	0	freebase_bhht_author_lookup_v1	lookup_candidate_not_frozen	"[""Adam Price (Actor)"", ""Aiden Byrne"", ""Aileen Paul""]"
159	Multi-instrumentalist	131	multi-instrumentalist	author_substring	substring_cross_l1_conflict			"[[""Culture"",""Culture-core""],[""Other"",""Other""]]"	2	2	"[""instrumentalist"",""mentalist""]"	[449,1839]	"[[""Culture"",""Culture-core""],[""Other"",""Other""]]"	[449,1839]	Culture	Culture-core	instrumentalist	0	0	[]	0	0	"[""substring_requires_transfer_review"",""multiple_author_l1_candidates""]"	Culture	proposed	high	no_unique_author_l1_candidate	"[""substring_requires_transfer_review"",""multiple_author_l1_candidates""]"	0	freebase_bhht_author_lookup_v1	lookup_candidate_not_frozen	"[""A. R. Rahman"", ""Aaron Dessner"", ""Adele""]"
161	Sailor	130	sailor	author_exact	exact_unique	Discovery/Science	Explorer/Inventor/Developer	"[[""Discovery/Science"",""Explorer/Inventor/Developer""]]"	1	1	"[""sailor""]"	[1204]	"[[""Discovery/Science"",""Explorer/Inventor/Developer""]]"	[1204]	Discovery/Science	Explorer/Inventor/Developer	sailor	0	0	"[{""level1"":""Discovery/Science"",""level2"":""Explorer/Inventor/Developer"",""level3"":""sailor"",""person_count"":704,""example_wikidata_codes"":""Q10285260|Q10292977|Q10293108""},{""level1"":""Discovery/Science"",""level2"":""Sports/Games"",""level3"":""sailor"",""person_count"":1117,""example_wikidata_codes"":""Q100235|Q104191|Q10510832""}]"	1	0	"[""person_main_reference_disagrees_not_used_to_override""]"		needs_review	low	author_candidate_previous_needs_review	"[""person_main_reference_disagrees_not_used_to_override""]"	0	freebase_bhht_author_lookup_v1	lookup_candidate_not_frozen	"[""Abby Sunderland"", ""Adolf Erik Nordenskiöld"", ""Aksel Sandemose""]"
164	Makeup Artist	124	makeup_artist	author_exact	exact_unique	Culture	Culture-periphery	"[[""Culture"",""Culture-periphery""]]"	1	1	"[""makeup_artist""]"	[631]	"[[""Culture"",""Culture-core""],[""Culture"",""Culture-periphery""]]"	[304,631]	Culture	Culture-core	_artist	0	1	"[{""level1"":""Culture"",""level2"":""Culture-periphery"",""level3"":""makeup_artist"",""person_count"":9,""example_wikidata_codes"":""Q1610909|Q16207438|Q16210281""}]"	0	0	"[""exact_lookup_differs_from_full_author_first_match""]"	Culture	proposed	high	agrees_with_previous_llm	"[""exact_lookup_differs_from_full_author_first_match""]"	0	freebase_bhht_author_lookup_v1	lookup_candidate_not_frozen	"[""Aase Tarp"", ""Adam Brandy"", ""Afsar Asadi""]"
165	Sports commentator	121	sports_commentator	author_substring	substring_cross_l1_conflict			"[[""Culture"",""Culture-periphery""],[""Sports/Games"",""Sports/Games""]]"	2	2	"[""_sport"",""commentator""]"	[24,599]	"[[""Culture"",""Culture-periphery""],[""Sports/Games"",""Sports/Games""]]"	[24,599]	Sports/Games	Sports/Games	_sport	0	0	[]	0	0	"[""substring_requires_transfer_review"",""multiple_author_l1_candidates""]"	Culture	proposed	high	no_unique_author_l1_candidate	"[""substring_requires_transfer_review"",""multiple_author_l1_candidates""]"	0	freebase_bhht_author_lookup_v1	lookup_candidate_not_frozen	"[""Adam Probosz"", ""Ahmad Rashād"", ""Ann Meyers""]"
171	Literary critic	114	literary_critic	author_substring	substring_same_l1_multiple_l2	Culture		"[[""Culture"",""Culture-core""],[""Culture"",""Culture-periphery""]]"	1	2	"[""_literary_"",""critic""]"	[323,604]	"[[""Culture"",""Culture-core""],[""Culture"",""Culture-periphery""]]"	[323,604]	Culture	Culture-core	_literary_	0	0	[]	0	0	"[""substring_requires_transfer_review"",""multiple_author_l2_candidates""]"	Culture	proposed	high	agrees_with_previous_llm	"[""substring_requires_transfer_review"",""multiple_author_l2_candidates""]"	0	freebase_bhht_author_lookup_v1	lookup_candidate_not_frozen	"[""Adam Kirsch"", ""Alan Pauls"", ""Alcide Paolini""]"
178	Real Estate Broker	105	real_estate_broker	author_substring	substring_cross_l1_conflict			"[[""Leadership"",""Corporate/Executive/Business (large)""],[""Other"",""Worker/Business (small)""]]"	2	2	"[""real_estate"",""broker""]"	[1238,1543]	"[[""Leadership"",""Corporate/Executive/Business (large)""],[""Other"",""Worker/Business (small)""]]"	[1238,1543]	Leadership	Corporate/Executive/Business (large)	real_estate	0	0	[]	0	0	"[""substring_requires_transfer_review"",""multiple_author_l1_candidates""]"		needs_review	low	no_unique_author_l1_candidate	"[""substring_requires_transfer_review"",""multiple_author_l1_candidates""]"	0	freebase_bhht_author_lookup_v1	lookup_candidate_not_frozen	"[""Al Romano"", ""Alastair Duncan"", ""Albert Vern Tipton""]"
190	Film critic	93	film_critic	author_substring	substring_same_l1_multiple_l2	Culture		"[[""Culture"",""Culture-core""],[""Culture"",""Culture-periphery""]]"	1	2	"[""_film_"",""critic""]"	[320,604]	"[[""Culture"",""Culture-core""],[""Culture"",""Culture-periphery""]]"	[320,604]	Culture	Culture-core	_film_	0	0	[]	0	0	"[""substring_requires_transfer_review"",""multiple_author_l2_candidates""]"	Culture	proposed	medium	agrees_with_previous_llm	"[""substring_requires_transfer_review"",""multiple_author_l2_candidates""]"	0	freebase_bhht_author_lookup_v1	lookup_candidate_not_frozen	"[""A. O. Scott"", ""Adriano Aprà"", ""Alberto Moravia""]"
201	Police officer	88	police_officer	author_substring	substring_same_l1_multiple_l2	Leadership		"[[""Leadership"",""Administration/Law""],[""Leadership"",""Military""]]"	1	2	"[""_police_"",""officer_""]"	[1056,1412]	"[[""Leadership"",""Administration/Law""],[""Leadership"",""Military""]]"	[1056,1412]	Leadership	Administration/Law	_police_	0	0	[]	0	0	"[""substring_requires_transfer_review"",""multiple_author_l2_candidates""]"	Leadership	proposed	high	agrees_with_previous_llm	"[""substring_requires_transfer_review"",""multiple_author_l2_candidates""]"	0	freebase_bhht_author_lookup_v1	lookup_candidate_not_frozen	"[""Abel Kirui"", ""Aldo Ray"", ""Allen Mueller""]"
202	Science writer	88	science_writer	author_substring	substring_cross_l1_conflict			"[[""Culture"",""Culture-core""],[""Discovery/Science"",""Academia""]]"	2	2	"[""_writer"",""science""]"	[343,892]	"[[""Culture"",""Culture-core""],[""Discovery/Science"",""Academia""]]"	[343,892]	Culture	Culture-core	_writer	0	0	[]	0	0	"[""substring_requires_transfer_review"",""multiple_author_l1_candidates""]"	Culture	proposed	medium	no_unique_author_l1_candidate	"[""substring_requires_transfer_review"",""multiple_author_l1_candidates""]"	0	freebase_bhht_author_lookup_v1	lookup_candidate_not_frozen	"[""Addison Emery Verrill"", ""Adolf Meyer"", ""Alexander Dewdney""]"
208	Audio Engineer	86	audio_engineer	author_substring	substring_cross_l1_conflict			"[[""Culture"",""Culture-periphery""],[""Discovery/Science"",""Explorer/Inventor/Developer""]]"	2	2	"[""_audio"",""engineer""]"	[574,1187]	"[[""Culture"",""Culture-periphery""],[""Discovery/Science"",""Explorer/Inventor/Developer""]]"	[574,1187]	Culture	Culture-periphery	_audio	0	0	[]	0	0	"[""substring_requires_transfer_review"",""multiple_author_l1_candidates""]"	Culture	proposed	medium	no_unique_author_l1_candidate	"[""substring_requires_transfer_review"",""multiple_author_l1_candidates""]"	0	freebase_bhht_author_lookup_v1	lookup_candidate_not_frozen	"[""Adrienne Alexander"", ""Alain Johannes"", ""Alan Splet""]"
257	Baseball Manager	50	baseball_manager	author_substring	substring_cross_l1_conflict			"[[""Leadership"",""Corporate/Executive/Business (large)""],[""Sports/Games"",""Sports/Games""]]"	2	2	"[""baseball"",""manager""]"	[40,1234]	"[[""Leadership"",""Corporate/Executive/Business (large)""],[""Sports/Games"",""Sports/Games""]]"	[40,1234]	Sports/Games	Sports/Games	baseball	0	0	[]	0	0	"[""substring_requires_transfer_review"",""multiple_author_l1_candidates""]"	Sports/Games	proposed	medium	no_unique_author_l1_candidate	"[""substring_requires_transfer_review"",""multiple_author_l1_candidates""]"	0	freebase_bhht_author_lookup_v1	lookup_candidate_not_frozen	"[""Bob Melvin"", ""Bobby Magallanes"", ""Brian Harper""]"
274	Mixed Martial Artist	44	mixed_martial_artist	author_substring	substring_cross_l1_conflict			"[[""Culture"",""Culture-core""],[""Sports/Games"",""Sports/Games""]]"	2	2	"[""martial_art"",""_artist""]"	[160,304]	"[[""Culture"",""Culture-core""],[""Sports/Games"",""Sports/Games""]]"	[160,304]	Sports/Games	Sports/Games	martial_art	0	0	[]	0	0	"[""substring_requires_transfer_review"",""multiple_author_l1_candidates""]"	Sports/Games	proposed	medium	no_unique_author_l1_candidate	"[""substring_requires_transfer_review"",""multiple_author_l1_candidates""]"	0	freebase_bhht_author_lookup_v1	lookup_candidate_not_frozen	"[""Alberto Del Rio"", ""Alex Caceres"", ""Alex Reid""]"
281	Acting Coach	42	acting_coach	author_substring	substring_unique_candidate	Sports/Games	Sports/Games	"[[""Sports/Games"",""Sports/Games""]]"	1	1	"[""coach""]"	[75]	"[[""Sports/Games"",""Sports/Games""]]"	[75]	Sports/Games	Sports/Games	coach	0	0	[]	0	0	"[""substring_requires_transfer_review""]"	Culture	proposed	high	differs_from_previous_llm	"[""substring_requires_transfer_review"",""previous_llm_l1_disagreement""]"	0	freebase_bhht_author_lookup_v1	lookup_candidate_not_frozen	"[""Anne Jackson"", ""Arlene Martel"", ""Biff Elliot""]"
282	Conservationist	42	conservationist	author_exact	exact_cross_l1_conflict			"[[""Discovery/Science"",""Academia""],[""Leadership"",""Politics""]]"	2	2	"[""conservationist""]"	[721,955]	"[[""Discovery/Science"",""Academia""],[""Leadership"",""Politics""]]"	[721,955]	Discovery/Science	Academia	conservationist	0	0	"[{""level1"":""Discovery/Science"",""level2"":""Academia"",""level3"":""conservationist"",""person_count"":67,""example_wikidata_codes"":""Q11056893|Q1260107|Q1282702""},{""level1"":""Leadership"",""level2"":""Politics"",""level3"":""conservationist"",""person_count"":79,""example_wikidata_codes"":""Q1348276|Q15485581|Q15920645""}]"	0	0	"[""multiple_author_l1_candidates""]"		needs_review	low	no_unique_author_l1_candidate	"[""multiple_author_l1_candidates""]"	0	freebase_bhht_author_lookup_v1	lookup_candidate_not_frozen	"[""Ansel Adams"", ""Anton Rupert"", ""Bill Oddie""]"
284	Jockey	42	jockey	author_exact	exact_unique	Sports/Games	Sports/Games	"[[""Sports/Games"",""Sports/Games""]]"	1	1	"[""jockey""]"	[144]	"[[""Sports/Games"",""Sports/Games""]]"	[144]	Sports/Games	Sports/Games	jockey	0	0	"[{""level1"":""Culture"",""level2"":""Culture-core"",""level3"":""jockey"",""person_count"":107,""example_wikidata_codes"":""Q1152010|Q1154056|Q1154125""},{""level1"":""Culture"",""level2"":""Culture-periphery"",""level3"":""jockey"",""person_count"":586,""example_wikidata_codes"":""Q101762|Q1022307|Q10263599""},{""level1"":""Sports/Games"",""level2"":""Sports/Games"",""level3"":""jockey"",""person_count"":1093,""example_wikidata_codes"":""Q1081174|Q1086533|Q1088130""}]"	1	1	"[""person_main_reference_disagrees_not_used_to_override""]"	Sports/Games	proposed	medium	agrees_with_previous_llm	"[""person_main_reference_disagrees_not_used_to_override""]"	0	freebase_bhht_author_lookup_v1	lookup_candidate_not_frozen	"[""Bobby Crawford (Jockey)"", ""Canada Lee"", ""Cash Asmussen""]"
285	Mechanical Engineer	41	mechanical_engineer	author_substring	substring_cross_l1_conflict			"[[""Discovery/Science"",""Explorer/Inventor/Developer""],[""Other"",""Worker/Business (small)""]]"	2	2	"[""engineer"",""mechanic""]"	[1187,1652]	"[[""Discovery/Science"",""Explorer/Inventor/Developer""],[""Other"",""Worker/Business (small)""]]"	[1187,1652]	Discovery/Science	Explorer/Inventor/Developer	engineer	0	0	[]	0	0	"[""substring_requires_transfer_review"",""multiple_author_l1_candidates""]"	Discovery/Science	proposed	high	no_unique_author_l1_candidate	"[""substring_requires_transfer_review"",""multiple_author_l1_candidates""]"	0	freebase_bhht_author_lookup_v1	lookup_candidate_not_frozen	"[""Abrar Ahmad Safi"", ""Akshay Pujari"", ""Antonio Simoes""]"
289	Sports instructor	41	sports_instructor	author_substring	substring_cross_l1_conflict			"[[""Discovery/Science"",""Academia""],[""Sports/Games"",""Sports/Games""]]"	2	2	"[""_sport"",""instructor""]"	[24,794]	"[[""Discovery/Science"",""Academia""],[""Sports/Games"",""Sports/Games""]]"	[24,794]	Sports/Games	Sports/Games	_sport	0	0	[]	0	0	"[""substring_requires_transfer_review"",""multiple_author_l1_candidates""]"	Sports/Games	proposed	medium	no_unique_author_l1_candidate	"[""substring_requires_transfer_review"",""multiple_author_l1_candidates""]"	0	freebase_bhht_author_lookup_v1	lookup_candidate_not_frozen	"[""Amy Stiller"", ""Andrew Dasz"", ""Ashley Brooke Holm""]"
297	Player	38	player	author_exact	exact_unique	Sports/Games	Sports/Games	"[[""Sports/Games"",""Sports/Games""]]"	1	1	"[""player""]"	[189]	"[[""Sports/Games"",""Sports/Games""]]"	[189]	Sports/Games	Sports/Games	player	0	0	"[{""level1"":""Sports/Games"",""level2"":""Culture-core"",""level3"":""player"",""person_count"":59,""example_wikidata_codes"":""Q10361166|Q1037501|Q107814""},{""level1"":""Sports/Games"",""level2"":""Sports/Games"",""level3"":""player"",""person_count"":44623,""example_wikidata_codes"":""Q100317|Q100321|Q100449""}]"	1	0	"[""person_main_reference_disagrees_not_used_to_override""]"		needs_review	low	author_candidate_previous_needs_review	"[""person_main_reference_disagrees_not_used_to_override""]"	0	freebase_bhht_author_lookup_v1	lookup_candidate_not_frozen	"[""Barny Boatman"", ""Ben Affleck"", ""Bobby Fischer""]"
300	Music critic	36	music_critic	author_substring	substring_same_l1_multiple_l2	Culture		"[[""Culture"",""Culture-core""],[""Culture"",""Culture-periphery""]]"	1	2	"[""_music"",""critic""]"	[325,604]	"[[""Culture"",""Culture-core""],[""Culture"",""Culture-periphery""]]"	[325,604]	Culture	Culture-core	_music	0	0	[]	0	0	"[""substring_requires_transfer_review"",""multiple_author_l2_candidates""]"	Culture	proposed	high	agrees_with_previous_llm	"[""substring_requires_transfer_review"",""multiple_author_l2_candidates""]"	0	freebase_bhht_author_lookup_v1	lookup_candidate_not_frozen	"[""Adolphe-Charles Adam"", ""Alan Ranta"", ""Alexander Serov""]"
301	Magician	36	magician	author_substring	substring_unique_candidate	Other	Other	"[[""Other"",""Other""]]"	1	1	"[""magic""]"	[1833]	"[[""Other"",""Other""]]"	[1833]	Other	Other	magic	0	0	[]	0	0	"[""substring_requires_transfer_review""]"	Culture	proposed	medium	differs_from_previous_llm	"[""substring_requires_transfer_review"",""previous_llm_l1_disagreement""]"	0	freebase_bhht_author_lookup_v1	lookup_candidate_not_frozen	"[""Alan Moore"", ""Carl Ballantine"", ""Christian Fechner""]"
307	Musicologist	35	musicologist	author_exact	exact_unique	Discovery/Science	Academia	"[[""Discovery/Science"",""Academia""]]"	1	1	"[""musicologist""]"	[664]	"[[""Culture"",""Culture-core""],[""Discovery/Science"",""Academia""]]"	[325,664]	Culture	Culture-core	_music	1	1	"[{""level1"":""Discovery/Science"",""level2"":""Academia"",""level3"":""musicologist"",""person_count"":113,""example_wikidata_codes"":""Q1084612|Q114261|Q1173665""}]"	0	0	"[""exact_lookup_differs_from_full_author_first_match""]"	Discovery/Science	proposed	medium	agrees_with_previous_llm	"[""exact_lookup_differs_from_full_author_first_match""]"	0	freebase_bhht_author_lookup_v1	lookup_candidate_not_frozen	"[""Alain Daniélou"", ""Alessandro Longo"", ""Andrey Rimsky-Korsakov""]"
314	Aerospace Engineer	34	aerospace_engineer	author_substring	substring_same_l1_multiple_l2	Discovery/Science		"[[""Discovery/Science"",""Academia""],[""Discovery/Science"",""Explorer/Inventor/Developer""]]"	1	2	"[""aerospace"",""engineer""]"	[675,1187]	"[[""Discovery/Science"",""Academia""],[""Discovery/Science"",""Explorer/Inventor/Developer""]]"	[675,1187]	Discovery/Science	Academia	aerospace	0	0	[]	0	0	"[""substring_requires_transfer_review"",""multiple_author_l2_candidates""]"	Discovery/Science	proposed	high	agrees_with_previous_llm	"[""substring_requires_transfer_review"",""multiple_author_l2_candidates""]"	0	freebase_bhht_author_lookup_v1	lookup_candidate_not_frozen	"[""Albert Tissandier"", ""Alexei Tupolev"", ""Allen Paulson""]"
319	Comics artist	33	comics_artist	author_exact	exact_unique	Culture	Culture-periphery	"[[""Culture"",""Culture-periphery""]]"	1	1	"[""comics_artist""]"	[598]	"[[""Culture"",""Culture-core""],[""Culture"",""Culture-periphery""]]"	[304,312,598]	Culture	Culture-core	_artist	0	1	[]	0	0	"[""exact_lookup_differs_from_full_author_first_match""]"	Culture	proposed	medium	agrees_with_previous_llm	"[""exact_lookup_differs_from_full_author_first_match""]"	0	freebase_bhht_author_lookup_v1	lookup_candidate_not_frozen	"[""Adam Kubert"", ""Aline Kominsky-Crumb"", ""Andrice Arp""]"
323	Game Show Host	32	game_show_host	author_substring	substring_cross_l1_conflict			"[[""Culture"",""Culture-core""],[""Sports/Games"",""Sports/Games""]]"	2	2	"[""_game"",""game_show"",""_host_"",""_show_""]"	[12,112,321,334]	"[[""Culture"",""Culture-core""],[""Sports/Games"",""Sports/Games""]]"	[12,112,321,334]	Sports/Games	Sports/Games	_game	0	0	[]	0	0	"[""substring_requires_transfer_review"",""multiple_author_l1_candidates""]"	Culture	proposed	medium	no_unique_author_l1_candidate	"[""substring_requires_transfer_review"",""multiple_author_l1_candidates""]"	0	freebase_bhht_author_lookup_v1	lookup_candidate_not_frozen	"[""Allen Ludden"", ""Ben Stein"", ""Bert Convy""]"
324	Radio producer	32	radio_producer	author_substring	substring_same_l1_multiple_l2	Culture		"[[""Culture"",""Culture-core""],[""Culture"",""Culture-periphery""]]"	1	2	"[""producer"",""_radio_""]"	[506,579]	"[[""Culture"",""Culture-core""],[""Culture"",""Culture-periphery""]]"	[506,579]	Culture	Culture-core	producer	0	0	[]	0	0	"[""substring_requires_transfer_review"",""multiple_author_l2_candidates""]"	Culture	proposed	high	agrees_with_previous_llm	"[""substring_requires_transfer_review"",""multiple_author_l2_candidates""]"	0	freebase_bhht_author_lookup_v1	lookup_candidate_not_frozen	"[""Andrew Allan (Screenwriter)"", ""Armando Iannucci"", ""Barry Johnston (Radio personality)""]"
333	Television Show Host	30	television_show_host	author_substring	substring_same_l1_multiple_l2	Culture		"[[""Culture"",""Culture-core""],[""Culture"",""Culture-periphery""]]"	1	2	"[""_host_"",""_show_"",""television""]"	[321,334,655]	"[[""Culture"",""Culture-core""],[""Culture"",""Culture-periphery""]]"	[321,334,655]	Culture	Culture-core	_host_	0	0	[]	0	0	"[""substring_requires_transfer_review"",""multiple_author_l2_candidates""]"	Culture	proposed	high	agrees_with_previous_llm	"[""substring_requires_transfer_review"",""multiple_author_l2_candidates""]"	0	freebase_bhht_author_lookup_v1	lookup_candidate_not_frozen	"[""Alyssa Chia"", ""Annie Sprinkle"", ""Armida Siguion-Reyna""]"
338	Game designer	29	game_designer	author_substring	substring_cross_l1_conflict			"[[""Culture"",""Culture-periphery""],[""Sports/Games"",""Sports/Games""]]"	2	2	"[""_game"",""designer""]"	[12,606]	"[[""Culture"",""Culture-periphery""],[""Sports/Games"",""Sports/Games""]]"	[12,606]	Sports/Games	Sports/Games	_game	0	0	[]	0	0	"[""substring_requires_transfer_review"",""multiple_author_l1_candidates""]"		needs_review	low	no_unique_author_l1_candidate	"[""substring_requires_transfer_review"",""multiple_author_l1_candidates""]"	0	freebase_bhht_author_lookup_v1	lookup_candidate_not_frozen	"[""Albert Lamorisse"", ""Brenda Romero"", ""Cliff Bleszinski""]"
350	Fighter pilot	28	fighter_pilot	author_exact	exact_unique	Leadership	Military	"[[""Leadership"",""Military""]]"	1	1	"[""fighter_pilot""]"	[1391]	"[[""Leadership"",""Military""],[""Sports/Games"",""Sports/Games""]]"	[96,1390,1391]	Sports/Games	Sports/Games	fighter	1	1	"[{""level1"":""Leadership"",""level2"":""Military"",""level3"":""fighter_pilot"",""person_count"":154,""example_wikidata_codes"":""Q1010676|Q101928|Q104989""}]"	0	0	"[""exact_lookup_differs_from_full_author_first_match""]"	Leadership	proposed	high	agrees_with_previous_llm	"[""exact_lookup_differs_from_full_author_first_match""]"	0	freebase_bhht_author_lookup_v1	lookup_candidate_not_frozen	"[""Anthony Bartley"", ""Asghar Khan"", ""Atef El Sadat (Fighter pilot)""]"
357	Music Teacher	27	music_teacher	author_substring	substring_cross_l1_conflict			"[[""Culture"",""Culture-core""],[""Discovery/Science"",""Academia""]]"	2	2	"[""_music"",""teacher_""]"	[325,910]	"[[""Culture"",""Culture-core""],[""Discovery/Science"",""Academia""]]"	[325,910]	Culture	Culture-core	_music	0	0	[]	0	0	"[""substring_requires_transfer_review"",""multiple_author_l1_candidates""]"		needs_review	low	no_unique_author_l1_candidate	"[""substring_requires_transfer_review"",""multiple_author_l1_candidates""]"	0	freebase_bhht_author_lookup_v1	lookup_candidate_not_frozen	"[""Alexina Louie"", ""Allauddin Khan"", ""Ana Medeiros""]"
371	Music pedagogue	23	music_pedagogue	author_substring	substring_cross_l1_conflict			"[[""Culture"",""Culture-core""],[""Discovery/Science"",""Academia""]]"	2	2	"[""_music"",""pedagogue""]"	[325,851]	"[[""Culture"",""Culture-core""],[""Discovery/Science"",""Academia""]]"	[325,851]	Culture	Culture-core	_music	0	0	[]	0	0	"[""substring_requires_transfer_review"",""multiple_author_l1_candidates""]"		needs_review	low	no_unique_author_l1_candidate	"[""substring_requires_transfer_review"",""multiple_author_l1_candidates""]"	0	freebase_bhht_author_lookup_v1	lookup_candidate_not_frozen	"[""Alberto Williams"", ""Alexander Glazunov"", ""Arnold Schoenberg""]"
383	Firefighter	22	firefighter	author_substring	substring_cross_l1_conflict			"[[""Leadership"",""Military""],[""Sports/Games"",""Sports/Games""]]"	2	2	"[""fighter""]"	[96,1390]	"[[""Leadership"",""Military""],[""Sports/Games"",""Sports/Games""]]"	[96,1390]	Sports/Games	Sports/Games	fighter	0	0	[]	0	0	"[""substring_requires_transfer_review"",""multiple_author_l1_candidates""]"		out_of_scope	high	no_unique_author_l1_candidate	"[""substring_requires_transfer_review"",""multiple_author_l1_candidates""]"	0	freebase_bhht_author_lookup_v1	lookup_candidate_not_frozen	"[""Anthony Martin Sinatra"", ""António Silva"", ""Brian Williams""]"
388	Stripper	21	stripper	author_exact	exact_unique	Other	Other	"[[""Other"",""Other""]]"	1	1	"[""stripper""]"	[1878]	"[[""Other"",""Other""]]"	[1878]	Other	Other	stripper	0	0	"[{""level1"":""Other"",""level2"":""Other"",""level3"":""stripper"",""person_count"":4,""example_wikidata_codes"":""Q1592564|Q17489818|Q2939826""}]"	0	0	[]	Culture	proposed	medium	differs_from_previous_llm	"[""previous_llm_l1_disagreement""]"	0	freebase_bhht_author_lookup_v1	lookup_candidate_not_frozen	"[""Anna Nicole Smith"", ""Annie Sprinkle"", ""Anniqua Forss""]"
400	Industrial designer	19	industrial_designer	author_substring	substring_cross_l1_conflict			"[[""Culture"",""Culture-periphery""],[""Leadership"",""Corporate/Executive/Business (large)""]]"	2	2	"[""designer"",""industrial""]"	[606,1227]	"[[""Culture"",""Culture-periphery""],[""Leadership"",""Corporate/Executive/Business (large)""]]"	[606,1227]	Culture	Culture-periphery	designer	0	0	[]	0	0	"[""substring_requires_transfer_review"",""multiple_author_l1_candidates""]"	Culture	proposed	medium	no_unique_author_l1_candidate	"[""substring_requires_transfer_review"",""multiple_author_l1_candidates""]"	0	freebase_bhht_author_lookup_v1	lookup_candidate_not_frozen	"[""Adam Savage"", ""Antonio Alves"", ""Buckminster Fuller""]"
401	Law professor	19	law_professor	author_substring	substring_cross_l1_conflict			"[[""Discovery/Science"",""Academia""],[""Leadership"",""Administration/Law""]]"	2	2	"[""professor"",""_law_""]"	[878,1052]	"[[""Discovery/Science"",""Academia""],[""Leadership"",""Administration/Law""]]"	[878,1052]	Discovery/Science	Academia	professor	0	0	[]	0	0	"[""substring_requires_transfer_review"",""multiple_author_l1_candidates""]"	Discovery/Science	proposed	high	no_unique_author_l1_candidate	"[""substring_requires_transfer_review"",""multiple_author_l1_candidates""]"	0	freebase_bhht_author_lookup_v1	lookup_candidate_not_frozen	"[""Adam Winkler"", ""Akhil Reed Amar"", ""Albrecht Mendelssohn-Bartholdy""]"
403	Crime writer	19	crime_writer	author_substring	substring_cross_l1_conflict			"[[""Culture"",""Culture-core""],[""Other"",""Other""]]"	2	2	"[""_writer"",""crime""]"	[343,1791]	"[[""Culture"",""Culture-core""],[""Other"",""Other""]]"	[343,1791]	Culture	Culture-core	_writer	0	0	[]	0	0	"[""substring_requires_transfer_review"",""multiple_author_l1_candidates""]"	Culture	proposed	medium	no_unique_author_l1_candidate	"[""substring_requires_transfer_review"",""multiple_author_l1_candidates""]"	0	freebase_bhht_author_lookup_v1	lookup_candidate_not_frozen	"[""Alex Brinchmann"", ""Ann Rule"", ""Edgar Wallace""]"
405	Ice dancer	19	ice_dancer	author_substring	substring_unique_candidate	Culture	Culture-core	"[[""Culture"",""Culture-core""]]"	1	1	"[""dancer""]"	[410]	"[[""Culture"",""Culture-core""]]"	[410]	Culture	Culture-core	dancer	0	0	[]	0	0	"[""substring_requires_transfer_review""]"	Sports/Games	proposed	high	differs_from_previous_llm	"[""substring_requires_transfer_review"",""previous_llm_l1_disagreement""]"	0	freebase_bhht_author_lookup_v1	lookup_candidate_not_frozen	"[""Alexander Zhulin"", ""Alexandra Zaretsky"", ""Carolina Hermann""]"
413	Martial Arts Instructor	18	martial_arts_instructor	author_substring	substring_cross_l1_conflict			"[[""Culture"",""Culture-core""],[""Discovery/Science"",""Academia""],[""Sports/Games"",""Sports/Games""]]"	3	3	"[""martial_art"",""_arts_"",""instructor""]"	[160,305,794]	"[[""Culture"",""Culture-core""],[""Discovery/Science"",""Academia""],[""Sports/Games"",""Sports/Games""]]"	[160,305,794]	Sports/Games	Sports/Games	martial_art	0	0	[]	0	0	"[""substring_requires_transfer_review"",""multiple_author_l1_candidates""]"	Sports/Games	proposed	medium	no_unique_author_l1_candidate	"[""substring_requires_transfer_review"",""multiple_author_l1_candidates""]"	0	freebase_bhht_author_lookup_v1	lookup_candidate_not_frozen	"[""Al Dacascos"", ""Andrew Dasz"", ""Bruce Lee""]"
418	Hair Stylist	18	hair_stylist	author_exact	exact_unique	Other	Worker/Business (small)	"[[""Other"",""Worker/Business (small)""]]"	1	1	"[""hair_stylist""]"	[1606]	"[[""Culture"",""Culture-periphery""],[""Other"",""Worker/Business (small)""]]"	[580,1606]	Culture	Culture-periphery	_stylist_	1	1	"[{""level1"":""Other"",""level2"":""Worker/Business (small)"",""level3"":""hair_stylist"",""person_count"":5,""example_wikidata_codes"":""Q16731989|Q16734435|Q5395570""}]"	0	0	"[""exact_lookup_differs_from_full_author_first_match""]"		needs_review	low	author_candidate_previous_needs_review	"[""exact_lookup_differs_from_full_author_first_match""]"	0	freebase_bhht_author_lookup_v1	lookup_candidate_not_frozen	"[""Anne Wheaton"", ""Barbara Barnard"", ""Didier Malige""]"
421	Theatre Manager	17	theatre_manager	author_substring	substring_cross_l1_conflict			"[[""Culture"",""Culture-core""],[""Leadership"",""Corporate/Executive/Business (large)""]]"	2	2	"[""theatre"",""manager""]"	[550,1234]	"[[""Culture"",""Culture-core""],[""Leadership"",""Corporate/Executive/Business (large)""]]"	[550,1234]	Culture	Culture-core	theatre	0	0	[]	0	0	"[""substring_requires_transfer_review"",""multiple_author_l1_candidates""]"		needs_review	low	no_unique_author_l1_candidate	"[""substring_requires_transfer_review"",""multiple_author_l1_candidates""]"	0	freebase_bhht_author_lookup_v1	lookup_candidate_not_frozen	"[""Alfred Maurstad"", ""Edward Harrigan"", ""George Howells Broadhurst""]"
425	Vocal coach	16	vocal_coach	author_substring	substring_unique_candidate	Sports/Games	Sports/Games	"[[""Sports/Games"",""Sports/Games""]]"	1	1	"[""coach""]"	[75]	"[[""Sports/Games"",""Sports/Games""]]"	[75]	Sports/Games	Sports/Games	coach	0	0	[]	0	0	"[""substring_requires_transfer_review""]"	Culture	proposed	high	differs_from_previous_llm	"[""substring_requires_transfer_review"",""previous_llm_l1_disagreement""]"	0	freebase_bhht_author_lookup_v1	lookup_candidate_not_frozen	"[""Adam Levine"", ""Adriana McPhee"", ""Bob Corff""]"
439	Advertising Executive	16	advertising_executive	author_substring	substring_cross_l1_conflict			"[[""Culture"",""Culture-periphery""],[""Leadership"",""Corporate/Executive/Business (large)""]]"	2	2	"[""advertising"",""executive""]"	[582,1223]	"[[""Culture"",""Culture-periphery""],[""Leadership"",""Corporate/Executive/Business (large)""]]"	[582,1223]	Culture	Culture-periphery	advertising	0	0	[]	0	0	"[""substring_requires_transfer_review"",""multiple_author_l1_candidates""]"		needs_review	low	no_unique_author_l1_candidate	"[""substring_requires_transfer_review"",""multiple_author_l1_candidates""]"	0	freebase_bhht_author_lookup_v1	lookup_candidate_not_frozen	"[""Christopher Ford"", ""Dan Duryea"", ""David Deutsch (Artist)""]"
465	Film Historian	14	film_historian	author_substring	substring_cross_l1_conflict			"[[""Culture"",""Culture-core""],[""Discovery/Science"",""Academia""]]"	2	2	"[""_film_"",""historian""]"	[320,783]	"[[""Culture"",""Culture-core""],[""Discovery/Science"",""Academia""]]"	[320,783]	Culture	Culture-core	_film_	0	0	[]	0	0	"[""substring_requires_transfer_review"",""multiple_author_l1_candidates""]"	Discovery/Science	proposed	medium	no_unique_author_l1_candidate	"[""substring_requires_transfer_review"",""multiple_author_l1_candidates""]"	0	freebase_bhht_author_lookup_v1	lookup_candidate_not_frozen	"[""Chidananda Dasgupta"", ""François Chalais"", ""Fred Steiner""]"
468	TV chef	13	tv_chef	author_substring	substring_unique_candidate	Other	Worker/Business (small)	"[[""Other"",""Worker/Business (small)""]]"	1	1	"[""_chef_""]"	[1444]	"[[""Other"",""Worker/Business (small)""]]"	[1444]	Other	Worker/Business (small)	_chef_	0	0	[]	0	0	"[""substring_requires_transfer_review""]"	Culture	proposed	high	differs_from_previous_llm	"[""substring_requires_transfer_review"",""previous_llm_l1_disagreement""]"	0	freebase_bhht_author_lookup_v1	lookup_candidate_not_frozen	"[""Aileen Paul"", ""Alessandro Borghese"", ""Cat Cora""]"
479	Recording Engineer (Film job)	13	recording_engineer_(film_job)	author_substring	substring_unique_candidate	Discovery/Science	Explorer/Inventor/Developer	"[[""Discovery/Science"",""Explorer/Inventor/Developer""]]"	1	1	"[""engineer""]"	[1187]	"[[""Discovery/Science"",""Explorer/Inventor/Developer""]]"	[1187]	Discovery/Science	Explorer/Inventor/Developer	engineer	0	0	[]	0	0	"[""substring_requires_transfer_review""]"	Culture	proposed	high	differs_from_previous_llm	"[""substring_requires_transfer_review"",""previous_llm_l1_disagreement""]"	0	freebase_bhht_author_lookup_v1	lookup_candidate_not_frozen	"[""Cruz Martínez"", ""Ethan Johns"", ""Eugene Chaplin""]"
488	Dance Teacher	12	dance_teacher	author_substring	substring_cross_l1_conflict			"[[""Culture"",""Culture-core""],[""Discovery/Science"",""Academia""]]"	2	2	"[""_dance_"",""teacher_""]"	[314,910]	"[[""Culture"",""Culture-core""],[""Discovery/Science"",""Academia""]]"	[314,910]	Culture	Culture-core	_dance_	0	0	[]	0	0	"[""substring_requires_transfer_review"",""multiple_author_l1_candidates""]"		needs_review	low	no_unique_author_l1_candidate	"[""substring_requires_transfer_review"",""multiple_author_l1_candidates""]"	0	freebase_bhht_author_lookup_v1	lookup_candidate_not_frozen	"[""Alexander Godunov"", ""Corky Ballas"", ""Divya Unni""]"
491	Construction worker	12	construction_worker	author_substring	substring_cross_l1_conflict			"[[""Leadership"",""Corporate/Executive/Business (large)""],[""Other"",""Worker/Business (small)""]]"	2	2	"[""_construction"",""worker""]"	[1210,1716]	"[[""Leadership"",""Corporate/Executive/Business (large)""],[""Other"",""Worker/Business (small)""]]"	[1210,1716]	Leadership	Corporate/Executive/Business (large)	_construction	0	0	[]	0	0	"[""substring_requires_transfer_review"",""multiple_author_l1_candidates""]"		out_of_scope	high	no_unique_author_l1_candidate	"[""substring_requires_transfer_review"",""multiple_author_l1_candidates""]"	0	freebase_bhht_author_lookup_v1	lookup_candidate_not_frozen	"[""Andrej Warhola"", ""Andrew Guy Jones"", ""Charles Patrick Roberts""]"
492	Guide	12	guide	author_exact	exact_unique	Other	Worker/Business (small)	"[[""Other"",""Worker/Business (small)""]]"	1	1	"[""_guide_""]"	[1461]	"[[""Other"",""Worker/Business (small)""]]"	[1461]	Other	Worker/Business (small)	_guide_	0	0	"[{""level1"":""Other"",""level2"":""Other"",""level3"":""guide"",""person_count"":3,""example_wikidata_codes"":""Q42393519|Q55898740|Q5959236""},{""level1"":""Other"",""level2"":""Worker/Business (small)"",""level3"":""guide"",""person_count"":43,""example_wikidata_codes"":""Q11227153|Q17177112|Q17466426""}]"	1	0	"[""person_main_reference_disagrees_not_used_to_override""]"		out_of_scope	high	formal_author_other_previously_out_of_scope	"[""person_main_reference_disagrees_not_used_to_override""]"	0	freebase_bhht_author_lookup_v1	lookup_candidate_not_frozen	"[""Andrew Divoff"", ""Barry Bishop"", ""Bill Engvall""]"
505	Bank cashier	11	bank_cashier	author_substring	substring_cross_l1_conflict			"[[""Leadership"",""Corporate/Executive/Business (large)""],[""Other"",""Worker/Business (small)""]]"	2	2	"[""bank"",""_cashier""]"	[1215,1441]	"[[""Leadership"",""Corporate/Executive/Business (large)""],[""Other"",""Worker/Business (small)""]]"	[1215,1441]	Leadership	Corporate/Executive/Business (large)	bank	0	0	[]	0	0	"[""substring_requires_transfer_review"",""multiple_author_l1_candidates""]"		out_of_scope	medium	no_unique_author_l1_candidate	"[""substring_requires_transfer_review"",""multiple_author_l1_candidates""]"	0	freebase_bhht_author_lookup_v1	lookup_candidate_not_frozen	"[""Alfred Mueller-Stahl"", ""Alma Wahlberg"", ""Bill Fraser""]"
506	Impersonator	11	impersonator	author_exact	exact_unique	Other	Other	"[[""Other"",""Other""]]"	1	1	"[""impersonator""]"	[1822]	"[[""Other"",""Other""]]"	[1822]	Other	Other	impersonator	0	0	"[{""level1"":""Other"",""level2"":""Other"",""level3"":""impersonator"",""person_count"":24,""example_wikidata_codes"":""Q1495549|Q16015478|Q17436023""}]"	0	0	[]	Culture	proposed	high	differs_from_previous_llm	"[""previous_llm_l1_disagreement""]"	0	freebase_bhht_author_lookup_v1	lookup_candidate_not_frozen	"[""Alighiero Noschese"", ""Arthur Lupino"", ""Breno Moroni""]"
514	Dance Instructor	11	dance_instructor	author_substring	substring_cross_l1_conflict			"[[""Culture"",""Culture-core""],[""Discovery/Science"",""Academia""]]"	2	2	"[""_dance_"",""instructor""]"	[314,794]	"[[""Culture"",""Culture-core""],[""Discovery/Science"",""Academia""]]"	[314,794]	Culture	Culture-core	_dance_	0	0	[]	0	0	"[""substring_requires_transfer_review"",""multiple_author_l1_candidates""]"		needs_review	low	no_unique_author_l1_candidate	"[""substring_requires_transfer_review"",""multiple_author_l1_candidates""]"	0	freebase_bhht_author_lookup_v1	lookup_candidate_not_frozen	"[""Asta Riis Poulsen"", ""Ben Blue"", ""Carolyn George""]"
520	Music Theorist	11	music_theorist	author_substring	substring_cross_l1_conflict			"[[""Culture"",""Culture-core""],[""Discovery/Science"",""Academia""]]"	2	2	"[""_music"",""theorist""]"	[325,914]	"[[""Culture"",""Culture-core""],[""Discovery/Science"",""Academia""]]"	[325,914]	Culture	Culture-core	_music	0	0	[]	0	0	"[""substring_requires_transfer_review"",""multiple_author_l1_candidates""]"	Discovery/Science	proposed	medium	no_unique_author_l1_candidate	"[""substring_requires_transfer_review"",""multiple_author_l1_candidates""]"	0	freebase_bhht_author_lookup_v1	lookup_candidate_not_frozen	"[""Charles Rosen"", ""Emil Votoček"", ""Henry Cowell""]"
522	Video Game Producer	11	video_game_producer	author_substring	substring_cross_l1_conflict			"[[""Culture"",""Culture-core""],[""Sports/Games"",""Sports/Games""]]"	2	2	"[""_game"",""video_game"",""producer""]"	[12,284,506]	"[[""Culture"",""Culture-core""],[""Sports/Games"",""Sports/Games""]]"	[12,284,506]	Sports/Games	Sports/Games	_game	0	0	[]	0	0	"[""substring_requires_transfer_review"",""multiple_author_l1_candidates""]"	Culture	proposed	high	no_unique_author_l1_candidate	"[""substring_requires_transfer_review"",""multiple_author_l1_candidates""]"	0	freebase_bhht_author_lookup_v1	lookup_candidate_not_frozen	"[""Cliff Bleszinski"", ""Dan Houser"", ""Danny Bilson""]"
533	Science-fiction writer	10	science-fiction_writer	author_substring	substring_cross_l1_conflict			"[[""Culture"",""Culture-core""],[""Discovery/Science"",""Academia""]]"	2	2	"[""_writer"",""science""]"	[343,892]	"[[""Culture"",""Culture-core""],[""Discovery/Science"",""Academia""]]"	[343,892]	Culture	Culture-core	_writer	0	0	[]	0	0	"[""substring_requires_transfer_review"",""multiple_author_l1_candidates""]"	Culture	proposed	high	no_unique_author_l1_candidate	"[""substring_requires_transfer_review"",""multiple_author_l1_candidates""]"	0	freebase_bhht_author_lookup_v1	lookup_candidate_not_frozen	"[""Alastair Reynolds"", ""Anthony Ha"", ""Cheryl Gray (Science-fiction writer)""]"
538	Sound Technician	10	sound_technician	author_substring	substring_unique_candidate	Other	Worker/Business (small)	"[[""Other"",""Worker/Business (small)""]]"	1	1	"[""technician""]"	[1698]	"[[""Other"",""Worker/Business (small)""]]"	[1698]	Other	Worker/Business (small)	technician	0	0	[]	0	0	"[""substring_requires_transfer_review""]"	Culture	proposed	medium	differs_from_previous_llm	"[""substring_requires_transfer_review"",""previous_llm_l1_disagreement""]"	0	freebase_bhht_author_lookup_v1	lookup_candidate_not_frozen	"[""Antonis Samaras (Actor)"", ""Claudine Nougaret"", ""Denise Batcheff""]"
540	Cowboy	10	cowboy	author_exact	exact_unique	Other	Other	"[[""Other"",""Other""]]"	1	1	"[""cowboy""]"	[1790]	"[[""Other"",""Other""]]"	[1790]	Other	Other	cowboy	0	0	"[{""level1"":""Other"",""level2"":""Other"",""level3"":""cowboy"",""person_count"":94,""example_wikidata_codes"":""Q1099181|Q1257239|Q15040613""},{""level1"":""Sports/Games"",""level2"":""Sports/Games"",""level3"":""cowboy"",""person_count"":5,""example_wikidata_codes"":""Q16196525|Q5183240|Q5248079""}]"	1	1	"[""person_main_reference_disagrees_not_used_to_override""]"		out_of_scope	high	formal_author_other_previously_out_of_scope	"[""person_main_reference_disagrees_not_used_to_override""]"	0	freebase_bhht_author_lookup_v1	lookup_candidate_not_frozen	"[""Art Acord"", ""Chuck Roberson"", ""Henry Bentinck (Politician)""]"
547	Mixing engineer	10	mixing_engineer	author_substring	substring_unique_candidate	Discovery/Science	Explorer/Inventor/Developer	"[[""Discovery/Science"",""Explorer/Inventor/Developer""]]"	1	1	"[""engineer""]"	[1187]	"[[""Discovery/Science"",""Explorer/Inventor/Developer""]]"	[1187]	Discovery/Science	Explorer/Inventor/Developer	engineer	0	0	[]	0	0	"[""substring_requires_transfer_review""]"	Culture	proposed	medium	differs_from_previous_llm	"[""substring_requires_transfer_review"",""previous_llm_l1_disagreement""]"	0	freebase_bhht_author_lookup_v1	lookup_candidate_not_frozen	"[""Charles de Montebello"", ""Ethan Johns"", ""Gene Paul""]"
558	Dialect coach	9	dialect_coach	author_substring	substring_unique_candidate	Sports/Games	Sports/Games	"[[""Sports/Games"",""Sports/Games""]]"	1	1	"[""coach""]"	[75]	"[[""Sports/Games"",""Sports/Games""]]"	[75]	Sports/Games	Sports/Games	coach	0	0	[]	0	0	"[""substring_requires_transfer_review""]"	Culture	proposed	high	differs_from_previous_llm	"[""substring_requires_transfer_review"",""previous_llm_l1_disagreement""]"	0	freebase_bhht_author_lookup_v1	lookup_candidate_not_frozen	"[""Andrew Jack (Actor)"", ""Bob Corff"", ""Chip Fields""]"
567	Music editor	9	music_editor	author_substring	substring_same_l1_multiple_l2	Culture		"[[""Culture"",""Culture-core""],[""Culture"",""Culture-periphery""]]"	1	2	"[""_music"",""editor""]"	[325,612]	"[[""Culture"",""Culture-core""],[""Culture"",""Culture-periphery""]]"	[325,612]	Culture	Culture-core	_music	0	0	[]	0	0	"[""substring_requires_transfer_review"",""multiple_author_l2_candidates""]"	Culture	proposed	high	agrees_with_previous_llm	"[""substring_requires_transfer_review"",""multiple_author_l2_candidates""]"	0	freebase_bhht_author_lookup_v1	lookup_candidate_not_frozen	"[""Bettie Biery"", ""Bill Richards"", ""Dan Carlin Sr.""]"
569	Child model	9	child_model	author_substring	substring_cross_l1_conflict			"[[""Culture"",""Culture-periphery""],[""Other"",""Family""]]"	2	2	"[""_model_"",""child_""]"	[577,1727]	"[[""Culture"",""Culture-periphery""],[""Other"",""Family""]]"	[577,1727]	Culture	Culture-periphery	_model_	0	0	[]	0	0	"[""substring_requires_transfer_review"",""multiple_author_l1_candidates""]"	Culture	proposed	medium	no_unique_author_l1_candidate	"[""substring_requires_transfer_review"",""multiple_author_l1_candidates""]"	0	freebase_bhht_author_lookup_v1	lookup_candidate_not_frozen	"[""Brian Murray (Man) #4"", ""Hilary Gordon (Actor)"", ""Koby Rouviere""]"
574	Pirate	9	pirate	author_exact	exact_unique	Leadership	Military	"[[""Leadership"",""Military""]]"	1	1	"[""pirate""]"	[1416]	"[[""Leadership"",""Military""]]"	[1416]	Leadership	Military	pirate	0	0	"[{""level1"":""Leadership"",""level2"":""Military"",""level3"":""pirate"",""person_count"":268,""example_wikidata_codes"":""Q10348456|Q1060222|Q106420""},{""level1"":""Sports/Games"",""level2"":""Sports/Games"",""level3"":""pirate"",""person_count"":2,""example_wikidata_codes"":""Q6490214|Q8006747""}]"	1	1	"[""person_main_reference_disagrees_not_used_to_override""]"		needs_review	low	author_candidate_previous_needs_review	"[""person_main_reference_disagrees_not_used_to_override""]"	0	freebase_bhht_author_lookup_v1	lookup_candidate_not_frozen	"[""Cheng I"", ""Ching Shih"", ""Dominique You""]"
578	Celebrity chef	9	celebrity_chef	author_substring	substring_cross_l1_conflict			"[[""Culture"",""Culture-core""],[""Other"",""Worker/Business (small)""]]"	2	2	"[""celebrity"",""_chef_""]"	[374,1444]	"[[""Culture"",""Culture-core""],[""Other"",""Worker/Business (small)""]]"	[374,1444]	Culture	Culture-core	celebrity	0	0	[]	0	0	"[""substring_requires_transfer_review"",""multiple_author_l1_candidates""]"		needs_review	medium	no_unique_author_l1_candidate	"[""substring_requires_transfer_review"",""multiple_author_l1_candidates""]"	0	freebase_bhht_author_lookup_v1	lookup_candidate_not_frozen	"[""Cornelia Poletto"", ""Gabriel Bologna"", ""Jay Rayner""]"
581	House painter and decorator	9	house_painter_and_decorator	author_substring	substring_same_l1_multiple_l2	Culture		"[[""Culture"",""Culture-core""],[""Culture"",""Culture-periphery""]]"	1	2	"[""painter"",""decorator""]"	[483,605]	"[[""Culture"",""Culture-core""],[""Culture"",""Culture-periphery""]]"	[483,605]	Culture	Culture-core	painter	0	0	[]	0	0	"[""substring_requires_transfer_review"",""multiple_author_l2_candidates""]"		out_of_scope	high	author_candidate_previous_out_of_scope	"[""substring_requires_transfer_review"",""multiple_author_l2_candidates""]"	0	freebase_bhht_author_lookup_v1	lookup_candidate_not_frozen	"[""Donal Gibson"", ""Eugène Morand"", ""Francisco José de Assis""]"
594	Music Manager	8	music_manager	author_substring	substring_cross_l1_conflict			"[[""Culture"",""Culture-core""],[""Leadership"",""Corporate/Executive/Business (large)""]]"	2	2	"[""_music"",""manager""]"	[325,1234]	"[[""Culture"",""Culture-core""],[""Leadership"",""Corporate/Executive/Business (large)""]]"	[325,1234]	Culture	Culture-core	_music	0	0	[]	0	0	"[""substring_requires_transfer_review"",""multiple_author_l1_candidates""]"		needs_review	low	no_unique_author_l1_candidate	"[""substring_requires_transfer_review"",""multiple_author_l1_candidates""]"	0	freebase_bhht_author_lookup_v1	lookup_candidate_not_frozen	"[""Alexander Young"", ""Andrzej Pietras"", ""Brandon Davis""]"
604	Political Consultant	8	political_consultant	author_substring	substring_cross_l1_conflict			"[[""Leadership"",""Politics""],[""Other"",""Worker/Business (small)""]]"	2	2	"[""political"",""consultant""]"	[1013,1566]	"[[""Leadership"",""Politics""],[""Other"",""Worker/Business (small)""]]"	[1013,1566]	Leadership	Politics	political	0	0	[]	0	0	"[""substring_requires_transfer_review"",""multiple_author_l1_candidates""]"	Leadership	proposed	medium	no_unique_author_l1_candidate	"[""substring_requires_transfer_review"",""multiple_author_l1_candidates""]"	0	freebase_bhht_author_lookup_v1	lookup_candidate_not_frozen	"[""Aquilino Morelle"", ""James Carville"", ""Karl Rove""]"
617	Video game designer	8	video_game_designer	author_substring	substring_cross_l1_conflict			"[[""Culture"",""Culture-periphery""],[""Sports/Games"",""Sports/Games""]]"	2	2	"[""_game"",""video_game"",""designer""]"	[12,284,606]	"[[""Culture"",""Culture-periphery""],[""Sports/Games"",""Sports/Games""]]"	[12,284,606]	Sports/Games	Sports/Games	_game	0	0	[]	0	0	"[""substring_requires_transfer_review"",""multiple_author_l1_candidates""]"		needs_review	low	no_unique_author_l1_candidate	"[""substring_requires_transfer_review"",""multiple_author_l1_candidates""]"	0	freebase_bhht_author_lookup_v1	lookup_candidate_not_frozen	"[""Cliff Bleszinski"", ""Clive Barker"", ""Corwin VanHook""]"
618	Military engineer	8	military_engineer	author_substring	substring_cross_l1_conflict			"[[""Discovery/Science"",""Explorer/Inventor/Developer""],[""Leadership"",""Military""]]"	2	2	"[""engineer"",""militar""]"	[1187,1407]	"[[""Discovery/Science"",""Explorer/Inventor/Developer""],[""Leadership"",""Military""]]"	[1187,1407]	Discovery/Science	Explorer/Inventor/Developer	engineer	0	0	[]	0	0	"[""substring_requires_transfer_review"",""multiple_author_l1_candidates""]"	Discovery/Science	proposed	high	no_unique_author_l1_candidate	"[""substring_requires_transfer_review"",""multiple_author_l1_candidates""]"	0	freebase_bhht_author_lookup_v1	lookup_candidate_not_frozen	"[""David Gilroy"", ""Evgeny Menshikov"", ""Francisco de Arruda""]"
625	Aircraft designer	7	aircraft_designer	author_substring	substring_unique_candidate	Culture	Culture-periphery	"[[""Culture"",""Culture-periphery""]]"	1	1	"[""designer""]"	[606]	"[[""Culture"",""Culture-periphery""]]"	[606]	Culture	Culture-periphery	designer	0	0	[]	0	0	"[""substring_requires_transfer_review""]"	Discovery/Science	proposed	medium	differs_from_previous_llm	"[""substring_requires_transfer_review"",""previous_llm_l1_disagreement""]"	0	freebase_bhht_author_lookup_v1	lookup_candidate_not_frozen	"[""Alan Lee Klapmeier"", ""Dale Edward Klapmeier"", ""Eduardo Aldasoro""]"
659	Railroad engineer	6	railroad_engineer	author_substring	substring_cross_l1_conflict			"[[""Discovery/Science"",""Explorer/Inventor/Developer""],[""Other"",""Worker/Business (small)""]]"	2	2	"[""engineer"",""railroad""]"	[1187,1677]	"[[""Discovery/Science"",""Explorer/Inventor/Developer""],[""Other"",""Worker/Business (small)""]]"	[1187,1677]	Discovery/Science	Explorer/Inventor/Developer	engineer	0	0	[]	0	0	"[""substring_requires_transfer_review"",""multiple_author_l1_candidates""]"		needs_review	low	no_unique_author_l1_candidate	"[""substring_requires_transfer_review"",""multiple_author_l1_candidates""]"	0	freebase_bhht_author_lookup_v1	lookup_candidate_not_frozen	"[""Alfred Lamert Dickens"", ""Axel Taube"", ""Fred Evans (Deceased Person) #1""]"
676	Music publisher (Profession) #1	6	music_publisher_(profession)_#1	author_substring	substring_same_l1_multiple_l2	Culture		"[[""Culture"",""Culture-core""],[""Culture"",""Culture-periphery""]]"	1	2	"[""_music"",""publisher""]"	[325,643]	"[[""Culture"",""Culture-core""],[""Culture"",""Culture-periphery""]]"	[325,643]	Culture	Culture-core	_music	0	0	[]	0	0	"[""substring_requires_transfer_review"",""multiple_author_l2_candidates""]"	Culture	proposed	medium	agrees_with_previous_llm	"[""substring_requires_transfer_review"",""multiple_author_l2_candidates""]"	0	freebase_bhht_author_lookup_v1	lookup_candidate_not_frozen	"[""Bobby Crawford (Jockey)"", ""Carson Parks"", ""Giulio Ricordi""]"
697	Rodeo performer	6	rodeo_performer	author_substring	substring_cross_l1_conflict			"[[""Culture"",""Culture-core""],[""Sports/Games"",""Sports/Games""]]"	2	2	"[""rodeo"",""performer""]"	[217,488]	"[[""Culture"",""Culture-core""],[""Sports/Games"",""Sports/Games""]]"	[217,488]	Sports/Games	Sports/Games	rodeo	0	0	[]	0	0	"[""substring_requires_transfer_review"",""multiple_author_l1_candidates""]"	Sports/Games	proposed	medium	no_unique_author_l1_candidate	"[""substring_requires_transfer_review"",""multiple_author_l1_candidates""]"	0	freebase_bhht_author_lookup_v1	lookup_candidate_not_frozen	"[""Helen Gibson"", ""Kitty Canutt"", ""Montie Montana Jr.""]"
703	Warrior	5	warrior	author_exact	exact_unique	Leadership	Military	"[[""Leadership"",""Military""]]"	1	1	"[""warrior""]"	[1430]	"[[""Leadership"",""Military""]]"	[1430]	Leadership	Military	warrior	0	0	"[{""level1"":""Leadership"",""level2"":""Military"",""level3"":""warrior"",""person_count"":199,""example_wikidata_codes"":""Q11025877|Q11201468|Q11212388""},{""level1"":""Sports/Games"",""level2"":""Sports/Games"",""level3"":""warrior"",""person_count"":4,""example_wikidata_codes"":""Q20712897|Q20877125|Q20877250""}]"	1	1	"[""person_main_reference_disagrees_not_used_to_override""]"		needs_review	low	author_candidate_previous_needs_review	"[""person_main_reference_disagrees_not_used_to_override""]"	0	freebase_bhht_author_lookup_v1	lookup_candidate_not_frozen	"[""Abbas ibn Ali"", ""Ali"", ""David""]"
715	Patent attorney	5	patent_attorney	author_substring	substring_cross_l1_conflict			"[[""Discovery/Science"",""Explorer/Inventor/Developer""],[""Leadership"",""Administration/Law""]]"	2	2	"[""attorney"",""patent""]"	[1060,1201]	"[[""Discovery/Science"",""Explorer/Inventor/Developer""],[""Leadership"",""Administration/Law""]]"	[1060,1201]	Leadership	Administration/Law	attorney	0	0	[]	0	0	"[""substring_requires_transfer_review"",""multiple_author_l1_candidates""]"	Leadership	proposed	medium	no_unique_author_l1_candidate	"[""substring_requires_transfer_review"",""multiple_author_l1_candidates""]"	0	freebase_bhht_author_lookup_v1	lookup_candidate_not_frozen	"[""Alfred Ely Beach"", ""George Griswold Frelinghuysen"", ""George Ticknor Curtis""]"
721	Magician (Profession) #81	5	magician_(profession)_#81	author_substring	substring_unique_candidate	Other	Other	"[[""Other"",""Other""]]"	1	1	"[""magic""]"	[1833]	"[[""Other"",""Other""]]"	[1833]	Other	Other	magic	0	0	[]	0	0	"[""substring_requires_transfer_review""]"	Culture	proposed	medium	differs_from_previous_llm	"[""substring_requires_transfer_review"",""previous_llm_l1_disagreement""]"	0	freebase_bhht_author_lookup_v1	lookup_candidate_not_frozen	"[""Andy Gross (Actor)"", ""David Wood (Dramatist)"", ""Jeff Altman""]"
722	Music Historian	5	music_historian	author_substring	substring_cross_l1_conflict			"[[""Culture"",""Culture-core""],[""Discovery/Science"",""Academia""]]"	2	2	"[""_music"",""historian""]"	[325,783]	"[[""Culture"",""Culture-core""],[""Discovery/Science"",""Academia""]]"	[325,783]	Culture	Culture-core	_music	0	0	[]	0	0	"[""substring_requires_transfer_review"",""multiple_author_l1_candidates""]"	Discovery/Science	proposed	high	no_unique_author_l1_candidate	"[""substring_requires_transfer_review"",""multiple_author_l1_candidates""]"	0	freebase_bhht_author_lookup_v1	lookup_candidate_not_frozen	"[""Andy Zax"", ""Bernice Johnson Reagon"", ""Billy Vera""]"
731	Radio writer	5	radio_writer	author_substring	substring_same_l1_multiple_l2	Culture		"[[""Culture"",""Culture-core""],[""Culture"",""Culture-periphery""]]"	1	2	"[""_writer"",""_radio_""]"	[343,579]	"[[""Culture"",""Culture-core""],[""Culture"",""Culture-periphery""]]"	[343,579]	Culture	Culture-core	_writer	0	0	[]	0	0	"[""substring_requires_transfer_review"",""multiple_author_l2_candidates""]"	Culture	proposed	high	agrees_with_previous_llm	"[""substring_requires_transfer_review"",""multiple_author_l2_candidates""]"	0	freebase_bhht_author_lookup_v1	lookup_candidate_not_frozen	"[""Arch Hall, Sr."", ""Edward Sloman"", ""John Houseman""]"
736	Saxophone player	5	saxophone_player	author_substring	substring_cross_l1_conflict			"[[""Culture"",""Culture-core""],[""Sports/Games"",""Sports/Games""]]"	2	2	"[""player"",""saxophone""]"	[189,517]	"[[""Culture"",""Culture-core""],[""Sports/Games"",""Sports/Games""]]"	[189,517]	Sports/Games	Sports/Games	player	0	0	[]	0	0	"[""substring_requires_transfer_review"",""multiple_author_l1_candidates""]"	Culture	proposed	medium	no_unique_author_l1_candidate	"[""substring_requires_transfer_review"",""multiple_author_l1_candidates""]"	0	freebase_bhht_author_lookup_v1	lookup_candidate_not_frozen	"[""Ayaka Hirahara"", ""Benjamin Koppel"", ""David Murray (Post-bop Artist)""]"
738	Ecologist	5	ecologist	author_exact	exact_cross_l1_conflict			"[[""Discovery/Science"",""Academia""],[""Leadership"",""Politics""]]"	2	2	"[""ecologist""]"	[735,968]	"[[""Discovery/Science"",""Academia""],[""Leadership"",""Politics""]]"	[735,968]	Discovery/Science	Academia	ecologist	0	0	"[{""level1"":""Discovery/Science"",""level2"":""Academia"",""level3"":""ecologist"",""person_count"":973,""example_wikidata_codes"":""Q101003|Q102601|Q10281670""},{""level1"":""Leadership"",""level2"":""Politics"",""level3"":""ecologist"",""person_count"":49,""example_wikidata_codes"":""Q111803|Q1175569|Q15440496""}]"	0	0	"[""multiple_author_l1_candidates""]"		needs_review	low	no_unique_author_l1_candidate	"[""multiple_author_l1_candidates""]"	0	freebase_bhht_author_lookup_v1	lookup_candidate_not_frozen	"[""Barry Bishop"", ""Inés Mendoza"", ""Michael Schnitzler""]"
743	Voice coach	5	voice_coach	author_substring	substring_unique_candidate	Sports/Games	Sports/Games	"[[""Sports/Games"",""Sports/Games""]]"	1	1	"[""coach""]"	[75]	"[[""Sports/Games"",""Sports/Games""]]"	[75]	Sports/Games	Sports/Games	coach	0	0	[]	0	0	"[""substring_requires_transfer_review""]"	Culture	proposed	high	differs_from_previous_llm	"[""substring_requires_transfer_review"",""previous_llm_l1_disagreement""]"	0	freebase_bhht_author_lookup_v1	lookup_candidate_not_frozen	"[""Blake Shelton"", ""John W. Bullock"", ""Loredana Groza""]"
744	Production Manager (Band)	5	production_manager_(band)	author_substring	substring_cross_l1_conflict			"[[""Culture"",""Culture-core""],[""Leadership"",""Corporate/Executive/Business (large)""]]"	2	2	"[""production_manager"",""manager""]"	[508,1234]	"[[""Culture"",""Culture-core""],[""Leadership"",""Corporate/Executive/Business (large)""]]"	[508,1234]	Culture	Culture-core	production_manager	0	0	[]	0	0	"[""substring_requires_transfer_review"",""multiple_author_l1_candidates""]"	Culture	proposed	high	no_unique_author_l1_candidate	"[""substring_requires_transfer_review"",""multiple_author_l1_candidates""]"	0	freebase_bhht_author_lookup_v1	lookup_candidate_not_frozen	"[""Bluey Hill"", ""Florian Zapatka"", ""Hans Terofal""]"
749	Executive officer	5	executive_officer	author_substring	substring_same_l1_multiple_l2	Leadership		"[[""Leadership"",""Corporate/Executive/Business (large)""],[""Leadership"",""Military""]]"	1	2	"[""executive"",""officer_""]"	[1223,1412]	"[[""Leadership"",""Corporate/Executive/Business (large)""],[""Leadership"",""Military""]]"	[1223,1412]	Leadership	Corporate/Executive/Business (large)	executive	0	0	[]	0	0	"[""substring_requires_transfer_review"",""multiple_author_l2_candidates""]"	Leadership	proposed	high	agrees_with_previous_llm	"[""substring_requires_transfer_review"",""multiple_author_l2_candidates""]"	0	freebase_bhht_author_lookup_v1	lookup_candidate_not_frozen	"[""Carly Fiorina"", ""Cecil Muellerleile"", ""Freeda Foreman""]"
772	Music publisher	5	music_publisher	author_substring	substring_same_l1_multiple_l2	Culture		"[[""Culture"",""Culture-core""],[""Culture"",""Culture-periphery""]]"	1	2	"[""_music"",""publisher""]"	[325,643]	"[[""Culture"",""Culture-core""],[""Culture"",""Culture-periphery""]]"	[325,643]	Culture	Culture-core	_music	0	0	[]	0	0	"[""substring_requires_transfer_review"",""multiple_author_l2_candidates""]"	Culture	proposed	medium	agrees_with_previous_llm	"[""substring_requires_transfer_review"",""multiple_author_l2_candidates""]"	0	freebase_bhht_author_lookup_v1	lookup_candidate_not_frozen	"[""Fred Rose"", ""Henri Casadesus"", ""Jimmy Campbell (Actor) #3""]"
774	Literary Scholar	5	literary_scholar	author_substring	substring_cross_l1_conflict			"[[""Culture"",""Culture-core""],[""Discovery/Science"",""Academia""]]"	2	2	"[""_literary_"",""scholar""]"	[323,890]	"[[""Culture"",""Culture-core""],[""Discovery/Science"",""Academia""]]"	[323,890]	Culture	Culture-core	_literary_	0	0	[]	0	0	"[""substring_requires_transfer_review"",""multiple_author_l1_candidates""]"	Discovery/Science	proposed	high	no_unique_author_l1_candidate	"[""substring_requires_transfer_review"",""multiple_author_l1_candidates""]"	0	freebase_bhht_author_lookup_v1	lookup_candidate_not_frozen	"[""George Whalley"", ""Marguerite Kuczynski"", ""Pavel Macedonski""]"
783	Sports analyst	5	sports_analyst	author_substring	substring_cross_l1_conflict			"[[""Other"",""Worker/Business (small)""],[""Sports/Games"",""Sports/Games""]]"	2	2	"[""_sport"",""analyst""]"	[24,1514]	"[[""Other"",""Worker/Business (small)""],[""Sports/Games"",""Sports/Games""]]"	[24,1514]	Sports/Games	Sports/Games	_sport	0	0	[]	0	0	"[""substring_requires_transfer_review"",""multiple_author_l1_candidates""]"		needs_review	low	no_unique_author_l1_candidate	"[""substring_requires_transfer_review"",""multiple_author_l1_candidates""]"	0	freebase_bhht_author_lookup_v1	lookup_candidate_not_frozen	"[""Johnny Miller"", ""Kristi Yamaguchi"", ""Marcus Allen""]"
788	Media consultant	4	media_consultant	author_substring	substring_cross_l1_conflict			"[[""Culture"",""Culture-periphery""],[""Other"",""Worker/Business (small)""]]"	2	2	"[""_media"",""consultant""]"	[576,1566]	"[[""Culture"",""Culture-periphery""],[""Other"",""Worker/Business (small)""]]"	[576,1566]	Culture	Culture-periphery	_media	0	0	[]	0	0	"[""substring_requires_transfer_review"",""multiple_author_l1_candidates""]"		needs_review	low	no_unique_author_l1_candidate	"[""substring_requires_transfer_review"",""multiple_author_l1_candidates""]"	0	freebase_bhht_author_lookup_v1	lookup_candidate_not_frozen	"[""Adam Klugman"", ""Jeri Kehn Thompson"", ""John Prescott Ellis""]"
794	Court clerk	4	court_clerk	author_substring	substring_unique_candidate	Other	Worker/Business (small)	"[[""Other"",""Worker/Business (small)""]]"	1	1	"[""_clerk""]"	[1446]	"[[""Other"",""Worker/Business (small)""]]"	[1446]	Other	Worker/Business (small)	_clerk	0	0	[]	0	0	"[""substring_requires_transfer_review""]"	Leadership	proposed	high	differs_from_previous_llm	"[""substring_requires_transfer_review"",""previous_llm_l1_disagreement""]"	0	freebase_bhht_author_lookup_v1	lookup_candidate_not_frozen	"[""Amal Clooney"", ""John Baker White (Army officer)"", ""Nehemiah R. Knight""]"
809	Civil Rights Advocate	4	civil_rights_advocate	author_substring	substring_same_l1_multiple_l2	Leadership		"[[""Leadership"",""Administration/Law""],[""Leadership"",""Politics""]]"	1	2	"[""civil_rights"",""advocate""]"	[952,1058]	"[[""Leadership"",""Administration/Law""],[""Leadership"",""Politics""]]"	[952,1058]	Leadership	Politics	civil_rights	0	0	[]	0	0	"[""substring_requires_transfer_review"",""multiple_author_l2_candidates""]"		needs_review	low	author_candidate_previous_needs_review	"[""substring_requires_transfer_review"",""multiple_author_l2_candidates""]"	0	freebase_bhht_author_lookup_v1	lookup_candidate_not_frozen	"[""Betty Shabazz"", ""Clarence M. Mitchell, Jr."", ""Pauley Perrette""]"
810	Music Journalist	4	music_journalist	author_substring	substring_same_l1_multiple_l2	Culture		"[[""Culture"",""Culture-core""],[""Culture"",""Culture-periphery""]]"	1	2	"[""_music"",""journalist""]"	[325,629]	"[[""Culture"",""Culture-core""],[""Culture"",""Culture-periphery""]]"	[325,629]	Culture	Culture-core	_music	0	0	[]	0	0	"[""substring_requires_transfer_review"",""multiple_author_l2_candidates""]"	Culture	proposed	high	agrees_with_previous_llm	"[""substring_requires_transfer_review"",""multiple_author_l2_candidates""]"	0	freebase_bhht_author_lookup_v1	lookup_candidate_not_frozen	"[""Bill Adler"", ""Marcia Davenport"", ""Marilyn Manson""]"
811	Software Architect	4	software_architect	author_substring	substring_unique_candidate	Culture	Culture-periphery	"[[""Culture"",""Culture-periphery""]]"	1	1	"[""architect""]"	[586]	"[[""Culture"",""Culture-periphery""]]"	[586]	Culture	Culture-periphery	architect	0	0	[]	0	0	"[""substring_requires_transfer_review""]"	Discovery/Science	proposed	medium	differs_from_previous_llm	"[""substring_requires_transfer_review"",""previous_llm_l1_disagreement""]"	0	freebase_bhht_author_lookup_v1	lookup_candidate_not_frozen	"[""Bill Gates"", ""Brad Templeton"", ""Thomas Knoll""]"
820	Military Historian	4	military_historian	author_substring	substring_cross_l1_conflict			"[[""Discovery/Science"",""Academia""],[""Leadership"",""Military""]]"	2	2	"[""historian"",""militar""]"	[783,1407]	"[[""Discovery/Science"",""Academia""],[""Leadership"",""Military""]]"	[783,1407]	Discovery/Science	Academia	historian	0	0	[]	0	0	"[""substring_requires_transfer_review"",""multiple_author_l1_candidates""]"	Discovery/Science	proposed	medium	no_unique_author_l1_candidate	"[""substring_requires_transfer_review"",""multiple_author_l1_candidates""]"	0	freebase_bhht_author_lookup_v1	lookup_candidate_not_frozen	"[""Carl von Clausewitz"", ""Jonathan Riley"", ""Rupert Allason""]"
823	Visual Effects Designer	4	visual_effects_designer	author_substring	substring_same_l1_multiple_l2	Culture		"[[""Culture"",""Culture-core""],[""Culture"",""Culture-periphery""]]"	1	2	"[""visual_effects"",""designer""]"	[566,606]	"[[""Culture"",""Culture-core""],[""Culture"",""Culture-periphery""]]"	[566,606]	Culture	Culture-core	visual_effects	0	0	[]	0	0	"[""substring_requires_transfer_review"",""multiple_author_l2_candidates""]"	Culture	proposed	medium	agrees_with_previous_llm	"[""substring_requires_transfer_review"",""multiple_author_l2_candidates""]"	0	freebase_bhht_author_lookup_v1	lookup_candidate_not_frozen	"[""Colin Strause"", ""Greg Strause"", ""Iginio Lardani""]"
825	Unit production manager	4	unit_production_manager	author_substring	substring_cross_l1_conflict			"[[""Culture"",""Culture-core""],[""Leadership"",""Corporate/Executive/Business (large)""]]"	2	2	"[""production_manager"",""manager""]"	[508,1234]	"[[""Culture"",""Culture-core""],[""Leadership"",""Corporate/Executive/Business (large)""]]"	[508,1234]	Culture	Culture-core	production_manager	0	0	[]	0	0	"[""substring_requires_transfer_review"",""multiple_author_l1_candidates""]"		needs_review	low	no_unique_author_l1_candidate	"[""substring_requires_transfer_review"",""multiple_author_l1_candidates""]"	0	freebase_bhht_author_lookup_v1	lookup_candidate_not_frozen	"[""Conrad Hool"", ""Eva Kučerová"", ""Gary Downie""]"
832	Ballet Teacher	4	ballet_teacher	author_substring	substring_cross_l1_conflict			"[[""Culture"",""Culture-core""],[""Discovery/Science"",""Academia""]]"	2	2	"[""ballet"",""teacher_""]"	[355,910]	"[[""Culture"",""Culture-core""],[""Discovery/Science"",""Academia""]]"	[355,910]	Culture	Culture-core	ballet	0	0	[]	0	0	"[""substring_requires_transfer_review"",""multiple_author_l1_candidates""]"		needs_review	low	no_unique_author_l1_candidate	"[""substring_requires_transfer_review"",""multiple_author_l1_candidates""]"	0	freebase_bhht_author_lookup_v1	lookup_candidate_not_frozen	"[""Dawn Andrews"", ""Hope Shaw"", ""Mia Slavenska""]"
834	Arts Administrator	4	arts_administrator	author_substring	substring_cross_l1_conflict			"[[""Culture"",""Culture-core""],[""Leadership"",""Administration/Law""]]"	2	2	"[""_arts_"",""administrator""]"	[305,1047]	"[[""Culture"",""Culture-core""],[""Leadership"",""Administration/Law""]]"	[305,1047]	Culture	Culture-core	_arts_	0	0	[]	0	0	"[""substring_requires_transfer_review"",""multiple_author_l1_candidates""]"		needs_review	low	no_unique_author_l1_candidate	"[""substring_requires_transfer_review"",""multiple_author_l1_candidates""]"	0	freebase_bhht_author_lookup_v1	lookup_candidate_not_frozen	"[""Dick Campbell (Dancer)"", ""Jörn Weisbrodt"", ""Omus Hirschbein""]"
839	Script editor	4	script_editor	author_substring	substring_same_l1_multiple_l2	Culture		"[[""Culture"",""Culture-core""],[""Culture"",""Culture-periphery""]]"	1	2	"[""_script_"",""editor""]"	[332,612]	"[[""Culture"",""Culture-core""],[""Culture"",""Culture-periphery""]]"	[332,612]	Culture	Culture-core	_script_	0	0	[]	0	0	"[""substring_requires_transfer_review"",""multiple_author_l2_candidates""]"	Culture	proposed	high	agrees_with_previous_llm	"[""substring_requires_transfer_review"",""multiple_author_l2_candidates""]"	0	freebase_bhht_author_lookup_v1	lookup_candidate_not_frozen	"[""Emma Freud"", ""Jan Gogola Sr."", ""Michael Wearing""]"
848	Tax collector	4	tax_collector	author_substring	substring_unique_candidate	Culture	Culture-core	"[[""Culture"",""Culture-core""]]"	1	1	"[""collector""]"	[391]	"[[""Culture"",""Culture-core""]]"	[391]	Culture	Culture-core	collector	0	0	[]	0	0	"[""substring_requires_transfer_review""]"	Leadership	proposed	high	differs_from_previous_llm	"[""substring_requires_transfer_review"",""previous_llm_l1_disagreement""]"	0	freebase_bhht_author_lookup_v1	lookup_candidate_not_frozen	"[""Geórgios Theotokópoulos"", ""Joseph-Aristide Bataille"", ""Leo Raubal""]"
856	Political Economist	4	political_economist	author_substring	substring_cross_l1_conflict			"[[""Discovery/Science"",""Academia""],[""Leadership"",""Politics""]]"	2	2	"[""economist"",""political""]"	[736,1013]	"[[""Discovery/Science"",""Academia""],[""Leadership"",""Politics""]]"	[736,1013]	Discovery/Science	Academia	economist	0	0	[]	0	0	"[""substring_requires_transfer_review"",""multiple_author_l1_candidates""]"	Discovery/Science	proposed	medium	no_unique_author_l1_candidate	"[""substring_requires_transfer_review"",""multiple_author_l1_candidates""]"	0	freebase_bhht_author_lookup_v1	lookup_candidate_not_frozen	"[""Immanuel Wallerstein"", ""Moeletsi Mbeki"", ""Parakala Prabhakar""]"
858	Game creator	4	game_creator	author_substring	substring_cross_l1_conflict			"[[""Culture"",""Culture-core""],[""Sports/Games"",""Sports/Games""]]"	2	2	"[""_game"",""_creator_""]"	[12,313]	"[[""Culture"",""Culture-core""],[""Sports/Games"",""Sports/Games""]]"	[12,313]	Sports/Games	Sports/Games	_game	0	0	[]	0	0	"[""substring_requires_transfer_review"",""multiple_author_l1_candidates""]"		needs_review	low	no_unique_author_l1_candidate	"[""substring_requires_transfer_review"",""multiple_author_l1_candidates""]"	0	freebase_bhht_author_lookup_v1	lookup_candidate_not_frozen	"[""Jim Howard (Actor)"", ""Mamoru Oshii"", ""Richard Garriott""]"
866	Drama Coach	3	drama_coach	author_substring	substring_cross_l1_conflict			"[[""Culture"",""Culture-core""],[""Sports/Games"",""Sports/Games""]]"	2	2	"[""coach"",""_drama""]"	[75,318]	"[[""Culture"",""Culture-core""],[""Sports/Games"",""Sports/Games""]]"	[75,318]	Sports/Games	Sports/Games	coach	0	0	[]	0	0	"[""substring_requires_transfer_review"",""multiple_author_l1_candidates""]"	Culture	proposed	high	no_unique_author_l1_candidate	"[""substring_requires_transfer_review"",""multiple_author_l1_candidates""]"	0	freebase_bhht_author_lookup_v1	lookup_candidate_not_frozen	"[""Abner Biberman"", ""Helen Reaume"", ""Sessue Hayakawa""]"
876	Actor-manager	3	actor-manager	author_substring	substring_cross_l1_conflict			"[[""Culture"",""Culture-core""],[""Leadership"",""Corporate/Executive/Business (large)""]]"	2	2	"[""_actor"",""manager""]"	[303,1234]	"[[""Culture"",""Culture-core""],[""Leadership"",""Corporate/Executive/Business (large)""]]"	[303,1234]	Culture	Culture-core	_actor	0	0	[]	0	0	"[""substring_requires_transfer_review"",""multiple_author_l1_candidates""]"	Culture	proposed	high	no_unique_author_l1_candidate	"[""substring_requires_transfer_review"",""multiple_author_l1_candidates""]"	0	freebase_bhht_author_lookup_v1	lookup_candidate_not_frozen	"[""Alfred Dampier"", ""Arthur Bourchier"", ""Geoffrey Kendal""]"
879	Creative consultant	3	creative_consultant	author_substring	substring_cross_l1_conflict			"[[""Culture"",""Culture-core""],[""Other"",""Worker/Business (small)""]]"	2	2	"[""creative"",""consultant""]"	[408,1566]	"[[""Culture"",""Culture-core""],[""Other"",""Worker/Business (small)""]]"	[408,1566]	Culture	Culture-core	creative	0	0	[]	0	0	"[""substring_requires_transfer_review"",""multiple_author_l1_candidates""]"	Culture	proposed	high	no_unique_author_l1_candidate	"[""substring_requires_transfer_review"",""multiple_author_l1_candidates""]"	0	freebase_bhht_author_lookup_v1	lookup_candidate_not_frozen	"[""Amanda Harlech"", ""Jocelyn Jones"", ""Raymond Gutierrez""]"
885	Nurse midwife	3	nurse_midwife	author_substring	substring_cross_l1_conflict			"[[""Discovery/Science"",""Academia""],[""Other"",""Worker/Business (small)""]]"	2	2	"[""nurse"",""midwife""]"	[828,1655]	"[[""Discovery/Science"",""Academia""],[""Other"",""Worker/Business (small)""]]"	[828,1655]	Discovery/Science	Academia	nurse	0	0	[]	0	0	"[""substring_requires_transfer_review"",""multiple_author_l1_candidates""]"	Discovery/Science	proposed	high	no_unique_author_l1_candidate	"[""substring_requires_transfer_review"",""multiple_author_l1_candidates""]"	0	freebase_bhht_author_lookup_v1	lookup_candidate_not_frozen	"[""Anne Murphy Roffey"", ""Ina May Gaskin"", ""Olga Vilchinskaya""]"
896	Architectural photographer	3	architectural_photographer	author_substring	substring_same_l1_multiple_l2	Culture		"[[""Culture"",""Culture-core""],[""Culture"",""Culture-periphery""]]"	1	2	"[""photographer"",""architect""]"	[491,586]	"[[""Culture"",""Culture-core""],[""Culture"",""Culture-periphery""]]"	[491,586]	Culture	Culture-core	photographer	0	0	[]	0	0	"[""substring_requires_transfer_review"",""multiple_author_l2_candidates""]"	Culture	proposed	medium	agrees_with_previous_llm	"[""substring_requires_transfer_review"",""multiple_author_l2_candidates""]"	0	freebase_bhht_author_lookup_v1	lookup_candidate_not_frozen	"[""Bedford Lemere (Organisation founder)"", ""Henry Bedford Lemere"", ""Roger Wulstan Park""]"
897	Radio jockey	3	radio_jockey	author_substring	substring_cross_l1_conflict			"[[""Culture"",""Culture-periphery""],[""Sports/Games"",""Sports/Games""]]"	2	2	"[""jockey"",""_radio_""]"	[144,579]	"[[""Culture"",""Culture-periphery""],[""Sports/Games"",""Sports/Games""]]"	[144,579]	Sports/Games	Sports/Games	jockey	0	0	[]	0	0	"[""substring_requires_transfer_review"",""multiple_author_l1_candidates""]"	Culture	proposed	high	no_unique_author_l1_candidate	"[""substring_requires_transfer_review"",""multiple_author_l1_candidates""]"	0	freebase_bhht_author_lookup_v1	lookup_candidate_not_frozen	"[""Behroze Sabzwari"", ""Senthil Kumar (Actor) #4"", ""Suchitra""]"
906	Script doctor	3	script_doctor	author_substring	substring_cross_l1_conflict			"[[""Culture"",""Culture-core""],[""Discovery/Science"",""Academia""]]"	2	2	"[""_script_"",""doctor""]"	[332,733]	"[[""Culture"",""Culture-core""],[""Discovery/Science"",""Academia""]]"	[332,733]	Culture	Culture-core	_script_	0	0	[]	0	0	"[""substring_requires_transfer_review"",""multiple_author_l1_candidates""]"	Culture	proposed	high	no_unique_author_l1_candidate	"[""substring_requires_transfer_review"",""multiple_author_l1_candidates""]"	0	freebase_bhht_author_lookup_v1	lookup_candidate_not_frozen	"[""Carrie Fisher"", ""Thomas Lennon"", ""William Goldman""]"
913	Special Effects Technician	3	special_effects_technician	author_substring	substring_cross_l1_conflict			"[[""Culture"",""Culture-core""],[""Other"",""Worker/Business (small)""]]"	2	2	"[""special_effects"",""technician""]"	[537,1698]	"[[""Culture"",""Culture-core""],[""Other"",""Worker/Business (small)""]]"	[537,1698]	Culture	Culture-core	special_effects	0	0	[]	0	0	"[""substring_requires_transfer_review"",""multiple_author_l1_candidates""]"	Culture	proposed	medium	no_unique_author_l1_candidate	"[""substring_requires_transfer_review"",""multiple_author_l1_candidates""]"	0	freebase_bhht_author_lookup_v1	lookup_candidate_not_frozen	"[""Chris Corbould"", ""Morgan Guynes"", ""Rumen Stoychev""]"
916	Sports Reporter	3	sports_reporter	author_substring	substring_cross_l1_conflict			"[[""Culture"",""Culture-periphery""],[""Sports/Games"",""Sports/Games""]]"	2	2	"[""_sport"",""reporter""]"	[24,648]	"[[""Culture"",""Culture-periphery""],[""Sports/Games"",""Sports/Games""]]"	[24,648]	Sports/Games	Sports/Games	_sport	0	0	[]	0	0	"[""substring_requires_transfer_review"",""multiple_author_l1_candidates""]"	Culture	proposed	medium	no_unique_author_l1_candidate	"[""substring_requires_transfer_review"",""multiple_author_l1_candidates""]"	0	freebase_bhht_author_lookup_v1	lookup_candidate_not_frozen	"[""Chuck Heaton"", ""Erin Hawksworth"", ""Knut Nesbø""]"
925	News analyst	3	news_analyst	author_substring	substring_unique_candidate	Other	Worker/Business (small)	"[[""Other"",""Worker/Business (small)""]]"	1	1	"[""analyst""]"	[1514]	"[[""Other"",""Worker/Business (small)""]]"	[1514]	Other	Worker/Business (small)	analyst	0	0	[]	0	0	"[""substring_requires_transfer_review""]"	Culture	proposed	medium	differs_from_previous_llm	"[""substring_requires_transfer_review"",""previous_llm_l1_disagreement""]"	0	freebase_bhht_author_lookup_v1	lookup_candidate_not_frozen	"[""Dee Dee Myers"", ""Haynes Johnson"", ""Marvin Kalb""]"
927	Midwife	3	midwife	author_exact	exact_unique	Other	Worker/Business (small)	"[[""Other"",""Worker/Business (small)""]]"	1	1	"[""midwife""]"	[1655]	"[[""Other"",""Worker/Business (small)""]]"	[1655]	Other	Worker/Business (small)	midwife	0	0	"[{""level1"":""Other"",""level2"":""Worker/Business (small)"",""level3"":""midwife"",""person_count"":113,""example_wikidata_codes"":""Q108907|Q121994|Q14240059""}]"	0	0	[]	Discovery/Science	proposed	high	differs_from_previous_llm	"[""previous_llm_l1_disagreement""]"	0	freebase_bhht_author_lookup_v1	lookup_candidate_not_frozen	"[""Dorothy Ella"", ""Joanne Ridley"", ""Sharon Robinson (Educator)""]"
930	Investment broker	3	investment_broker	author_substring	substring_cross_l1_conflict			"[[""Leadership"",""Corporate/Executive/Business (large)""],[""Other"",""Worker/Business (small)""]]"	2	2	"[""investment"",""broker""]"	[1229,1543]	"[[""Leadership"",""Corporate/Executive/Business (large)""],[""Other"",""Worker/Business (small)""]]"	[1229,1543]	Leadership	Corporate/Executive/Business (large)	investment	0	0	[]	0	0	"[""substring_requires_transfer_review"",""multiple_author_l1_candidates""]"		needs_review	low	no_unique_author_l1_candidate	"[""substring_requires_transfer_review"",""multiple_author_l1_candidates""]"	0	freebase_bhht_author_lookup_v1	lookup_candidate_not_frozen	"[""Edgar Bethune Ward"", ""Jim Moran"", ""Nigel Doughty""]"
937	Sports Anchor	3	sports_anchor	author_substring	substring_cross_l1_conflict			"[[""Culture"",""Culture-periphery""],[""Sports/Games"",""Sports/Games""]]"	2	2	"[""_sport"",""_anchor_""]"	[24,573]	"[[""Culture"",""Culture-periphery""],[""Sports/Games"",""Sports/Games""]]"	[24,573]	Sports/Games	Sports/Games	_sport	0	0	[]	0	0	"[""substring_requires_transfer_review"",""multiple_author_l1_candidates""]"	Culture	proposed	medium	no_unique_author_l1_candidate	"[""substring_requires_transfer_review"",""multiple_author_l1_candidates""]"	0	freebase_bhht_author_lookup_v1	lookup_candidate_not_frozen	"[""Erin Hawksworth"", ""Lindsay Czarniak"", ""Rafer Weigel""]"
942	Detective	3	detective	author_exact	exact_unique	Other	Worker/Business (small)	"[[""Other"",""Worker/Business (small)""]]"	1	1	"[""_detective""]"	[1451]	"[[""Other"",""Worker/Business (small)""]]"	[1451]	Other	Worker/Business (small)	_detective	0	0	"[{""level1"":""Other"",""level2"":""Worker/Business (small)"",""level3"":""detective"",""person_count"":41,""example_wikidata_codes"":""Q122818|Q15991575|Q16018908""}]"	0	0	[]	Leadership	proposed	high	differs_from_previous_llm	"[""previous_llm_l1_disagreement""]"	0	freebase_bhht_author_lookup_v1	lookup_candidate_not_frozen	"[""Frank Serpico"", ""Richard Romano"", ""Rudy Diaz (Actor)""]"
947	telecommunications expert	3	telecommunications_expert	author_substring	substring_unique_candidate	Other	Worker/Business (small)	"[[""Other"",""Worker/Business (small)""]]"	1	1	"[""communication""]"	[1564]	"[[""Other"",""Worker/Business (small)""]]"	[1564]	Other	Worker/Business (small)	communication	0	0	[]	0	0	"[""substring_requires_transfer_review""]"	Discovery/Science	proposed	high	differs_from_previous_llm	"[""substring_requires_transfer_review"",""previous_llm_l1_disagreement""]"	0	freebase_bhht_author_lookup_v1	lookup_candidate_not_frozen	"[""Gene Autry"", ""Lyudmila Garmash"", ""Pierre Clémenti""]"
954	Marine engineer	3	marine_engineer	author_substring	substring_cross_l1_conflict			"[[""Discovery/Science"",""Explorer/Inventor/Developer""],[""Leadership"",""Military""]]"	2	2	"[""engineer"",""_marine""]"	[1187,1403]	"[[""Discovery/Science"",""Explorer/Inventor/Developer""],[""Leadership"",""Military""]]"	[1187,1403]	Discovery/Science	Explorer/Inventor/Developer	engineer	0	0	[]	0	0	"[""substring_requires_transfer_review"",""multiple_author_l1_candidates""]"	Discovery/Science	proposed	high	no_unique_author_l1_candidate	"[""substring_requires_transfer_review"",""multiple_author_l1_candidates""]"	0	freebase_bhht_author_lookup_v1	lookup_candidate_not_frozen	"[""Graham Hawkes"", ""Samuel Hartt Pook"", ""Samuel M. Pook""]"
959	Scholar-official	3	scholar-official	author_substring	substring_unique_candidate	Discovery/Science	Academia	"[[""Discovery/Science"",""Academia""]]"	1	1	"[""scholar""]"	[890]	"[[""Discovery/Science"",""Academia""]]"	[890]	Discovery/Science	Academia	scholar	0	0	[]	0	0	"[""substring_requires_transfer_review""]"	Leadership	proposed	high	differs_from_previous_llm	"[""substring_requires_transfer_review"",""previous_llm_l1_disagreement""]"	0	freebase_bhht_author_lookup_v1	lookup_candidate_not_frozen	"[""He Yan"", ""Moshe Greenberg"", ""Paul Pimsleur""]"
960	Theatrical Set Designer	3	theatrical_set_designer	author_substring	substring_same_l1_multiple_l2	Culture		"[[""Culture"",""Culture-core""],[""Culture"",""Culture-periphery""]]"	1	2	"[""theatrical"",""designer""]"	[551,606]	"[[""Culture"",""Culture-core""],[""Culture"",""Culture-periphery""]]"	[551,606]	Culture	Culture-core	theatrical	0	0	[]	0	0	"[""substring_requires_transfer_review"",""multiple_author_l2_candidates""]"	Culture	proposed	high	agrees_with_previous_llm	"[""substring_requires_transfer_review"",""multiple_author_l2_candidates""]"	0	freebase_bhht_author_lookup_v1	lookup_candidate_not_frozen	"[""Heidi Ettinger"", ""Peer Boysen"", ""Romualdas Lukšas""]"
961	Architectural historian	3	architectural_historian	author_substring	substring_cross_l1_conflict			"[[""Culture"",""Culture-periphery""],[""Discovery/Science"",""Academia""]]"	2	2	"[""architect"",""historian""]"	[586,783]	"[[""Culture"",""Culture-periphery""],[""Discovery/Science"",""Academia""]]"	[586,783]	Culture	Culture-periphery	architect	0	0	[]	0	0	"[""substring_requires_transfer_review"",""multiple_author_l1_candidates""]"	Discovery/Science	proposed	medium	no_unique_author_l1_candidate	"[""substring_requires_transfer_review"",""multiple_author_l1_candidates""]"	0	freebase_bhht_author_lookup_v1	lookup_candidate_not_frozen	"[""Heinrich von Geymüller"", ""Paul Laspeyres"", ""Sarah McPhee""]"
975	Game programmer	3	game_programmer	author_substring	substring_cross_l1_conflict			"[[""Discovery/Science"",""Explorer/Inventor/Developer""],[""Sports/Games"",""Sports/Games""]]"	2	2	"[""_game"",""programmer""]"	[12,1202]	"[[""Discovery/Science"",""Explorer/Inventor/Developer""],[""Sports/Games"",""Sports/Games""]]"	[12,1202]	Sports/Games	Sports/Games	_game	0	0	[]	0	0	"[""substring_requires_transfer_review"",""multiple_author_l1_candidates""]"	Discovery/Science	proposed	high	no_unique_author_l1_candidate	"[""substring_requires_transfer_review"",""multiple_author_l1_candidates""]"	0	freebase_bhht_author_lookup_v1	lookup_candidate_not_frozen	"[""John Romero"", ""Ken Williams"", ""Sid Meier""]"
983	Political writer	3	political_writer	author_substring	substring_cross_l1_conflict			"[[""Culture"",""Culture-core""],[""Leadership"",""Politics""]]"	2	2	"[""_writer"",""political""]"	[343,1013]	"[[""Culture"",""Culture-core""],[""Leadership"",""Politics""]]"	[343,1013]	Culture	Culture-core	_writer	0	0	[]	0	0	"[""substring_requires_transfer_review"",""multiple_author_l1_candidates""]"	Culture	proposed	high	no_unique_author_l1_candidate	"[""substring_requires_transfer_review"",""multiple_author_l1_candidates""]"	0	freebase_bhht_author_lookup_v1	lookup_candidate_not_frozen	"[""Karl Rove"", ""Matt Taibbi"", ""Naomi Klein""]"
985	Basketball Analyst	3	basketball_analyst	author_substring	substring_cross_l1_conflict			"[[""Other"",""Worker/Business (small)""],[""Sports/Games"",""Sports/Games""]]"	2	2	"[""basket"",""analyst""]"	[42,1514]	"[[""Other"",""Worker/Business (small)""],[""Sports/Games"",""Sports/Games""]]"	[42,1514]	Sports/Games	Sports/Games	basket	0	0	[]	0	0	"[""substring_requires_transfer_review"",""multiple_author_l1_candidates""]"	Culture	proposed	medium	no_unique_author_l1_candidate	"[""substring_requires_transfer_review"",""multiple_author_l1_candidates""]"	0	freebase_bhht_author_lookup_v1	lookup_candidate_not_frozen	"[""Kris Johnson"", ""Marques Johnson"", ""Rebecca Lobo""]"
989	Burlesque stripper	3	burlesque_stripper	author_substring	substring_unique_candidate	Other	Other	"[[""Other"",""Other""]]"	1	1	"[""stripper""]"	[1878]	"[[""Other"",""Other""]]"	[1878]	Other	Other	stripper	0	0	[]	0	0	"[""substring_requires_transfer_review""]"	Culture	proposed	high	differs_from_previous_llm	"[""substring_requires_transfer_review"",""previous_llm_l1_disagreement""]"	0	freebase_bhht_author_lookup_v1	lookup_candidate_not_frozen	"[""Lili St. Cyr"", ""Zen (Actor)"", ""Zero (Actor)""]"
994	Test pilot	3	test_pilot	author_exact	exact_unique	Leadership	Military	"[[""Leadership"",""Military""]]"	1	1	"[""test_pilot""]"	[1426]	"[[""Leadership"",""Military""]]"	[1426]	Leadership	Military	test_pilot	0	0	"[{""level1"":""Leadership"",""level2"":""Military"",""level3"":""test_pilot"",""person_count"":189,""example_wikidata_codes"":""Q1082284|Q11288719|Q1256348""}]"	0	0	[]	Discovery/Science	proposed	medium	differs_from_previous_llm	"[""previous_llm_l1_disagreement""]"	0	freebase_bhht_author_lookup_v1	lookup_candidate_not_frozen	"[""Michael Collins"", ""Neil Armstrong"", ""W. Paul Thayer""]"
996	Marine biologist	3	marine_biologist	author_substring	substring_cross_l1_conflict			"[[""Discovery/Science"",""Academia""],[""Leadership"",""Military""]]"	2	2	"[""biologist"",""_marine""]"	[705,1403]	"[[""Discovery/Science"",""Academia""],[""Leadership"",""Military""]]"	[705,1403]	Discovery/Science	Academia	biologist	0	0	[]	0	0	"[""substring_requires_transfer_review"",""multiple_author_l1_candidates""]"	Discovery/Science	proposed	high	no_unique_author_l1_candidate	"[""substring_requires_transfer_review"",""multiple_author_l1_candidates""]"	0	freebase_bhht_author_lookup_v1	lookup_candidate_not_frozen	"[""Nicholas Hughes"", ""Rachel Carson"", ""William Beebe""]"
997	Construction Engineer	3	construction_engineer	author_substring	substring_cross_l1_conflict			"[[""Discovery/Science"",""Explorer/Inventor/Developer""],[""Leadership"",""Corporate/Executive/Business (large)""]]"	2	2	"[""engineer"",""_construction""]"	[1187,1210]	"[[""Discovery/Science"",""Explorer/Inventor/Developer""],[""Leadership"",""Corporate/Executive/Business (large)""]]"	[1187,1210]	Discovery/Science	Explorer/Inventor/Developer	engineer	0	0	[]	0	0	"[""substring_requires_transfer_review"",""multiple_author_l1_candidates""]"	Discovery/Science	proposed	medium	no_unique_author_l1_candidate	"[""substring_requires_transfer_review"",""multiple_author_l1_candidates""]"	0	freebase_bhht_author_lookup_v1	lookup_candidate_not_frozen	"[""Riccardo Scicolone"", ""Robert Carnahan"", ""Robert Olson (Soldier)""]"
1000	Special Effects Designer	2	special_effects_designer	author_substring	substring_same_l1_multiple_l2	Culture		"[[""Culture"",""Culture-core""],[""Culture"",""Culture-periphery""]]"	1	2	"[""special_effects"",""designer""]"	[537,606]	"[[""Culture"",""Culture-core""],[""Culture"",""Culture-periphery""]]"	[537,606]	Culture	Culture-core	special_effects	0	0	[]	0	0	"[""substring_requires_transfer_review"",""multiple_author_l2_candidates""]"	Culture	proposed	medium	agrees_with_previous_llm	"[""substring_requires_transfer_review"",""multiple_author_l2_candidates""]"	0	freebase_bhht_author_lookup_v1	lookup_candidate_not_frozen	"[""Adam Savage"", ""Jesse J. Clarkson""]"
1009	Political philosopher	2	political_philosopher	author_substring	substring_cross_l1_conflict			"[[""Discovery/Science"",""Academia""],[""Leadership"",""Politics""]]"	2	2	"[""philosopher"",""political""]"	[861,1013]	"[[""Discovery/Science"",""Academia""],[""Leadership"",""Politics""]]"	[861,1013]	Discovery/Science	Academia	philosopher	0	0	[]	0	0	"[""substring_requires_transfer_review"",""multiple_author_l1_candidates""]"	Discovery/Science	proposed	medium	no_unique_author_l1_candidate	"[""substring_requires_transfer_review"",""multiple_author_l1_candidates""]"	0	freebase_bhht_author_lookup_v1	lookup_candidate_not_frozen	"[""Alex Callinicos"", ""William Godwin""]"
1011	Aeronautical Engineer	2	aeronautical_engineer	author_substring	substring_same_l1_multiple_l2	Discovery/Science		"[[""Discovery/Science"",""Academia""],[""Discovery/Science"",""Explorer/Inventor/Developer""]]"	1	2	"[""aeronautical"",""engineer""]"	[674,1187]	"[[""Discovery/Science"",""Academia""],[""Discovery/Science"",""Explorer/Inventor/Developer""]]"	[674,1187]	Discovery/Science	Academia	aeronautical	0	0	[]	0	0	"[""substring_requires_transfer_review"",""multiple_author_l2_candidates""]"	Discovery/Science	proposed	high	agrees_with_previous_llm	"[""substring_requires_transfer_review"",""multiple_author_l2_candidates""]"	0	freebase_bhht_author_lookup_v1	lookup_candidate_not_frozen	"[""Alfred Roy Carey"", ""Katsuji Miyazaki""]"
1019	Music criticism	2	music_criticism	author_substring	substring_same_l1_multiple_l2	Culture		"[[""Culture"",""Culture-core""],[""Culture"",""Culture-periphery""]]"	1	2	"[""_music"",""critic""]"	[325,604]	"[[""Culture"",""Culture-core""],[""Culture"",""Culture-periphery""]]"	[325,604]	Culture	Culture-core	_music	0	0	[]	0	0	"[""substring_requires_transfer_review"",""multiple_author_l2_candidates""]"		needs_review	low	author_candidate_previous_needs_review	"[""substring_requires_transfer_review"",""multiple_author_l2_candidates""]"	0	freebase_bhht_author_lookup_v1	lookup_candidate_not_frozen	"[""Andrew Porter"", ""Peter Barakan""]"
1034	Film Journalist	2	film_journalist	author_substring	substring_same_l1_multiple_l2	Culture		"[[""Culture"",""Culture-core""],[""Culture"",""Culture-periphery""]]"	1	2	"[""_film_"",""journalist""]"	[320,629]	"[[""Culture"",""Culture-core""],[""Culture"",""Culture-periphery""]]"	[320,629]	Culture	Culture-core	_film_	0	0	[]	0	0	"[""substring_requires_transfer_review"",""multiple_author_l2_candidates""]"	Culture	proposed	medium	agrees_with_previous_llm	"[""substring_requires_transfer_review"",""multiple_author_l2_candidates""]"	0	freebase_bhht_author_lookup_v1	lookup_candidate_not_frozen	"[""Baldev Raj Chopra"", ""Edmond T. Gréville""]"
1045	Quantitative analyst	2	quantitative_analyst	author_substring	substring_unique_candidate	Other	Worker/Business (small)	"[[""Other"",""Worker/Business (small)""]]"	1	1	"[""analyst""]"	[1514]	"[[""Other"",""Worker/Business (small)""]]"	[1514]	Other	Worker/Business (small)	analyst	0	0	[]	0	0	"[""substring_requires_transfer_review""]"	Discovery/Science	proposed	medium	differs_from_previous_llm	"[""substring_requires_transfer_review"",""previous_llm_l1_disagreement""]"	0	freebase_bhht_author_lookup_v1	lookup_candidate_not_frozen	"[""Benjamin Azose"", ""Jesse Robert Stone""]"
1050	Sports Columnist	2	sports_columnist	author_substring	substring_cross_l1_conflict			"[[""Culture"",""Culture-periphery""],[""Sports/Games"",""Sports/Games""]]"	2	2	"[""_sport"",""columnist""]"	[24,597]	"[[""Culture"",""Culture-periphery""],[""Sports/Games"",""Sports/Games""]]"	[24,597]	Sports/Games	Sports/Games	_sport	0	0	[]	0	0	"[""substring_requires_transfer_review"",""multiple_author_l1_candidates""]"	Culture	proposed	high	no_unique_author_l1_candidate	"[""substring_requires_transfer_review"",""multiple_author_l1_candidates""]"	0	freebase_bhht_author_lookup_v1	lookup_candidate_not_frozen	"[""Bill Simmons"", ""George Vecsey""]"
1056	Biblical Scholar	2	biblical_scholar	author_substring	substring_cross_l1_conflict			"[[""Discovery/Science"",""Academia""],[""Leadership"",""Religious""]]"	2	2	"[""scholar"",""biblical""]"	[890,1279]	"[[""Discovery/Science"",""Academia""],[""Leadership"",""Religious""]]"	[890,1279]	Discovery/Science	Academia	scholar	0	0	[]	0	0	"[""substring_requires_transfer_review"",""multiple_author_l1_candidates""]"	Discovery/Science	proposed	high	no_unique_author_l1_candidate	"[""substring_requires_transfer_review"",""multiple_author_l1_candidates""]"	0	freebase_bhht_author_lookup_v1	lookup_candidate_not_frozen	"[""Calvin Ellis Stowe"", ""George Grove (Musicologist)""]"
1072	Defense policy analyst	2	defense_policy_analyst	author_substring	substring_unique_candidate	Other	Worker/Business (small)	"[[""Other"",""Worker/Business (small)""]]"	1	1	"[""analyst""]"	[1514]	"[[""Other"",""Worker/Business (small)""]]"	[1514]	Other	Worker/Business (small)	analyst	0	0	[]	0	0	"[""substring_requires_transfer_review""]"	Leadership	proposed	medium	differs_from_previous_llm	"[""substring_requires_transfer_review"",""previous_llm_l1_disagreement""]"	0	freebase_bhht_author_lookup_v1	lookup_candidate_not_frozen	"[""Chris Morris (Novelist)"", ""Janet Morris""]"
1082	Emergency medical technician	2	emergency_medical_technician	author_substring	substring_cross_l1_conflict			"[[""Discovery/Science"",""Academia""],[""Other"",""Worker/Business (small)""]]"	2	2	"[""medical"",""technician""]"	[812,1698]	"[[""Discovery/Science"",""Academia""],[""Other"",""Worker/Business (small)""]]"	[812,1698]	Discovery/Science	Academia	medical	0	0	[]	0	0	"[""substring_requires_transfer_review"",""multiple_author_l1_candidates""]"	Discovery/Science	proposed	high	no_unique_author_l1_candidate	"[""substring_requires_transfer_review"",""multiple_author_l1_candidates""]"	0	freebase_bhht_author_lookup_v1	lookup_candidate_not_frozen	"[""Danuta Siedzikówna"", ""Patricia Seagal""]"
1085	Environmental health officer	2	environmental_health_officer	author_substring	substring_unique_candidate	Leadership	Military	"[[""Leadership"",""Military""]]"	1	1	"[""officer_""]"	[1412]	"[[""Leadership"",""Military""]]"	[1412]	Leadership	Military	officer_	0	0	[]	0	0	"[""substring_requires_transfer_review""]"	Discovery/Science	proposed	high	differs_from_previous_llm	"[""substring_requires_transfer_review"",""previous_llm_l1_disagreement""]"	0	freebase_bhht_author_lookup_v1	lookup_candidate_not_frozen	"[""Denise Williams (Person)"", ""Paul Williams (Person) #16""]"
1086	Television executive producer	2	television_executive_producer	author_substring	substring_cross_l1_conflict			"[[""Culture"",""Culture-core""],[""Culture"",""Culture-periphery""],[""Leadership"",""Corporate/Executive/Business (large)""]]"	2	3	"[""producer"",""television"",""executive""]"	[506,655,1223]	"[[""Culture"",""Culture-core""],[""Culture"",""Culture-periphery""],[""Leadership"",""Corporate/Executive/Business (large)""]]"	[506,655,1223]	Culture	Culture-core	producer	0	0	[]	0	0	"[""substring_requires_transfer_review"",""multiple_author_l1_candidates""]"	Culture	proposed	high	no_unique_author_l1_candidate	"[""substring_requires_transfer_review"",""multiple_author_l1_candidates""]"	0	freebase_bhht_author_lookup_v1	lookup_candidate_not_frozen	"[""Dick Ebersol"", ""Jimmy Osmond""]"
1088	Drag queen	2	drag_queen	author_substring	substring_unique_candidate	Leadership	Nobility	"[[""Leadership"",""Nobility""]]"	1	1	"[""_queen_""]"	[1122]	"[[""Leadership"",""Nobility""]]"	[1122]	Leadership	Nobility	_queen_	0	0	[]	0	0	"[""substring_requires_transfer_review""]"	Culture	proposed	high	differs_from_previous_llm	"[""substring_requires_transfer_review"",""previous_llm_l1_disagreement""]"	0	freebase_bhht_author_lookup_v1	lookup_candidate_not_frozen	"[""Divine"", ""James St. James""]"
1110	Child singer	2	child_singer	author_substring	substring_cross_l1_conflict			"[[""Culture"",""Culture-core""],[""Other"",""Family""]]"	2	2	"[""singer"",""child_""]"	[529,1727]	"[[""Culture"",""Culture-core""],[""Other"",""Family""]]"	[529,1727]	Culture	Culture-core	singer	0	0	[]	0	0	"[""substring_requires_transfer_review"",""multiple_author_l1_candidates""]"	Culture	proposed	high	no_unique_author_l1_candidate	"[""substring_requires_transfer_review"",""multiple_author_l1_candidates""]"	0	freebase_bhht_author_lookup_v1	lookup_candidate_not_frozen	"[""Famie Kaufman"", ""Sarthak Kalyani""]"
1129	Theatre teacher	2	theatre_teacher	author_substring	substring_cross_l1_conflict			"[[""Culture"",""Culture-core""],[""Discovery/Science"",""Academia""]]"	2	2	"[""theatre"",""teacher_""]"	[550,910]	"[[""Culture"",""Culture-core""],[""Discovery/Science"",""Academia""]]"	[550,910]	Culture	Culture-core	theatre	0	0	[]	0	0	"[""substring_requires_transfer_review"",""multiple_author_l1_candidates""]"		needs_review	low	no_unique_author_l1_candidate	"[""substring_requires_transfer_review"",""multiple_author_l1_candidates""]"	0	freebase_bhht_author_lookup_v1	lookup_candidate_not_frozen	"[""Grant Dodwell"", ""Michael Emerson""]"
1144	Architectural historian (Profession) #1	2	architectural_historian_(profession)_#1	author_substring	substring_cross_l1_conflict			"[[""Culture"",""Culture-periphery""],[""Discovery/Science"",""Academia""]]"	2	2	"[""architect"",""historian""]"	[586,783]	"[[""Culture"",""Culture-periphery""],[""Discovery/Science"",""Academia""]]"	[586,783]	Culture	Culture-periphery	architect	0	0	[]	0	0	"[""substring_requires_transfer_review"",""multiple_author_l1_candidates""]"	Discovery/Science	proposed	medium	no_unique_author_l1_candidate	"[""substring_requires_transfer_review"",""multiple_author_l1_candidates""]"	0	freebase_bhht_author_lookup_v1	lookup_candidate_not_frozen	"[""Henry-Russell Hitchcock"", ""Sir Banister Fletcher""]"
1146	Road manager	2	road_manager	author_substring	substring_unique_candidate	Leadership	Corporate/Executive/Business (large)	"[[""Leadership"",""Corporate/Executive/Business (large)""]]"	1	1	"[""manager""]"	[1234]	"[[""Leadership"",""Corporate/Executive/Business (large)""]]"	[1234]	Leadership	Corporate/Executive/Business (large)	manager	0	0	[]	0	0	"[""substring_requires_transfer_review""]"	Culture	proposed	high	differs_from_previous_llm	"[""substring_requires_transfer_review"",""previous_llm_l1_disagreement""]"	0	freebase_bhht_author_lookup_v1	lookup_candidate_not_frozen	"[""Howard Bellamy"", ""Peter Watts (Audio engineer)""]"
1150	Naval Architect	2	naval_architect	author_substring	substring_cross_l1_conflict			"[[""Culture"",""Culture-periphery""],[""Leadership"",""Military""]]"	2	2	"[""architect"",""naval_""]"	[586,1409]	"[[""Culture"",""Culture-periphery""],[""Leadership"",""Military""]]"	[586,1409]	Culture	Culture-periphery	architect	0	0	[]	0	0	"[""substring_requires_transfer_review"",""multiple_author_l1_candidates""]"	Discovery/Science	proposed	medium	no_unique_author_l1_candidate	"[""substring_requires_transfer_review"",""multiple_author_l1_candidates""]"	0	freebase_bhht_author_lookup_v1	lookup_candidate_not_frozen	"[""Irina Konstantinova-Bontemps"", ""Joel White""]"
1155	Mental health counselor	2	mental_health_counselor	author_substring	substring_unique_candidate	Other	Worker/Business (small)	"[[""Other"",""Worker/Business (small)""]]"	1	1	"[""counselor""]"	[1571]	"[[""Other"",""Worker/Business (small)""]]"	[1571]	Other	Worker/Business (small)	counselor	0	0	[]	0	0	"[""substring_requires_transfer_review""]"	Discovery/Science	proposed	high	differs_from_previous_llm	"[""substring_requires_transfer_review"",""previous_llm_l1_disagreement""]"	0	freebase_bhht_author_lookup_v1	lookup_candidate_not_frozen	"[""Je'Niece Childress"", ""Kent S. Slayton""]"
1161	Special Needs Counsellor	2	special_needs_counsellor	author_substring	substring_unique_candidate	Other	Worker/Business (small)	"[[""Other"",""Worker/Business (small)""]]"	1	1	"[""counsellor""]"	[1570]	"[[""Other"",""Worker/Business (small)""]]"	[1570]	Other	Worker/Business (small)	counsellor	0	0	[]	0	0	"[""substring_requires_transfer_review""]"	Discovery/Science	proposed	high	differs_from_previous_llm	"[""substring_requires_transfer_review"",""previous_llm_l1_disagreement""]"	0	freebase_bhht_author_lookup_v1	lookup_candidate_not_frozen	"[""Jocelyn Hammer"", ""Lucinda Gail Finlayson""]"
1167	Theater Manager	2	theater_manager	author_substring	substring_cross_l1_conflict			"[[""Culture"",""Culture-core""],[""Leadership"",""Corporate/Executive/Business (large)""]]"	2	2	"[""theater"",""manager""]"	[549,1234]	"[[""Culture"",""Culture-core""],[""Leadership"",""Corporate/Executive/Business (large)""]]"	[549,1234]	Culture	Culture-core	theater	0	0	[]	0	0	"[""substring_requires_transfer_review"",""multiple_author_l1_candidates""]"		needs_review	low	no_unique_author_l1_candidate	"[""substring_requires_transfer_review"",""multiple_author_l1_candidates""]"	0	freebase_bhht_author_lookup_v1	lookup_candidate_not_frozen	"[""John Houseman"", ""Maximilian Steiner""]"
1186	Stage management	2	stage_management	author_substring	substring_cross_l1_conflict			"[[""Culture"",""Culture-core""],[""Leadership"",""Corporate/Executive/Business (large)""]]"	2	2	"[""_stage_"",""management""]"	[338,1233]	"[[""Culture"",""Culture-core""],[""Leadership"",""Corporate/Executive/Business (large)""]]"	[338,1233]	Culture	Culture-core	_stage_	0	0	[]	0	0	"[""substring_requires_transfer_review"",""multiple_author_l1_candidates""]"		needs_review	low	no_unique_author_l1_candidate	"[""substring_requires_transfer_review"",""multiple_author_l1_candidates""]"	0	freebase_bhht_author_lookup_v1	lookup_candidate_not_frozen	"[""Lawrence Kasha"", ""Trevor Bentham""]"
1198	Theater Arts Educator	2	theater_arts_educator	author_substring	substring_cross_l1_conflict			"[[""Culture"",""Culture-core""],[""Discovery/Science"",""Academia""]]"	2	2	"[""_arts_"",""theater"",""educator""]"	[305,549,738]	"[[""Culture"",""Culture-core""],[""Discovery/Science"",""Academia""]]"	[305,549,738]	Culture	Culture-core	_arts_	0	0	[]	0	0	"[""substring_requires_transfer_review"",""multiple_author_l1_candidates""]"		needs_review	low	no_unique_author_l1_candidate	"[""substring_requires_transfer_review"",""multiple_author_l1_candidates""]"	0	freebase_bhht_author_lookup_v1	lookup_candidate_not_frozen	"[""Naum Kleiman"", ""Stanislav Rostotsky""]"
1202	Pilot trainer	2	pilot_trainer	author_substring	substring_unique_candidate	Sports/Games	Sports/Games	"[[""Sports/Games"",""Sports/Games""]]"	1	1	"[""trainer""]"	[277]	"[[""Sports/Games"",""Sports/Games""]]"	[277]	Sports/Games	Sports/Games	trainer	0	0	[]	0	0	"[""substring_requires_transfer_review""]"	Discovery/Science	proposed	high	differs_from_previous_llm	"[""substring_requires_transfer_review"",""previous_llm_l1_disagreement""]"	0	freebase_bhht_author_lookup_v1	lookup_candidate_not_frozen	"[""Orville Wright"", ""Wilbur Wright""]"
1226	Editorial Writer	2	editorial_writer	author_substring	substring_same_l1_multiple_l2	Culture		"[[""Culture"",""Culture-core""],[""Culture"",""Culture-periphery""]]"	1	2	"[""_writer"",""editor""]"	[343,612]	"[[""Culture"",""Culture-core""],[""Culture"",""Culture-periphery""]]"	[343,612]	Culture	Culture-core	_writer	0	0	[]	0	0	"[""substring_requires_transfer_review"",""multiple_author_l2_candidates""]"	Culture	proposed	medium	agrees_with_previous_llm	"[""substring_requires_transfer_review"",""multiple_author_l2_candidates""]"	0	freebase_bhht_author_lookup_v1	lookup_candidate_not_frozen	"[""Temple Poteat"", ""Wellington Charles Wales""]"
1232	Commissioner of Baseball	1	commissioner_of_baseball	author_substring	substring_cross_l1_conflict			"[[""Leadership"",""Administration/Law""],[""Sports/Games"",""Sports/Games""]]"	2	2	"[""baseball"",""commissioner""]"	[40,1067]	"[[""Leadership"",""Administration/Law""],[""Sports/Games"",""Sports/Games""]]"	[40,1067]	Sports/Games	Sports/Games	baseball	0	0	[]	0	0	"[""substring_requires_transfer_review"",""multiple_author_l1_candidates""]"	Sports/Games	proposed	medium	no_unique_author_l1_candidate	"[""substring_requires_transfer_review"",""multiple_author_l1_candidates""]"	0	freebase_bhht_author_lookup_v1	lookup_candidate_not_frozen	"[""A. Bartlett Giamatti""]"
1247	Audiologist	1	audiologist	author_substring	substring_unique_candidate	Culture	Culture-periphery	"[[""Culture"",""Culture-periphery""]]"	1	1	"[""_audio""]"	[574]	"[[""Culture"",""Culture-periphery""]]"	[574]	Culture	Culture-periphery	_audio	0	0	[]	0	0	"[""substring_requires_transfer_review""]"	Discovery/Science	proposed	high	differs_from_previous_llm	"[""substring_requires_transfer_review"",""previous_llm_l1_disagreement""]"	0	freebase_bhht_author_lookup_v1	lookup_candidate_not_frozen	"[""Alma Powell""]"
1251	Genetics Counselor	1	genetics_counselor	author_substring	substring_cross_l1_conflict			"[[""Discovery/Science"",""Academia""],[""Other"",""Worker/Business (small)""]]"	2	2	"[""genetics"",""counselor""]"	[761,1571]	"[[""Discovery/Science"",""Academia""],[""Other"",""Worker/Business (small)""]]"	[761,1571]	Discovery/Science	Academia	genetics	0	0	[]	0	0	"[""substring_requires_transfer_review"",""multiple_author_l1_candidates""]"	Discovery/Science	proposed	high	no_unique_author_l1_candidate	"[""substring_requires_transfer_review"",""multiple_author_l1_candidates""]"	0	freebase_bhht_author_lookup_v1	lookup_candidate_not_frozen	"[""Anabel Stenzel""]"
1252	Boom Operator	1	boom_operator	author_substring	substring_unique_candidate	Other	Worker/Business (small)	"[[""Other"",""Worker/Business (small)""]]"	1	1	"[""operator""]"	[1661]	"[[""Other"",""Worker/Business (small)""]]"	[1661]	Other	Worker/Business (small)	operator	0	0	[]	0	0	"[""substring_requires_transfer_review""]"	Culture	proposed	medium	differs_from_previous_llm	"[""substring_requires_transfer_review"",""previous_llm_l1_disagreement""]"	0	freebase_bhht_author_lookup_v1	lookup_candidate_not_frozen	"[""Andi Arsenie""]"
1255	Orthodontist	1	orthodontist	author_exact	exact_unique	Other	Worker/Business (small)	"[[""Other"",""Worker/Business (small)""]]"	1	1	"[""orthodontist""]"	[1665]	"[[""Other"",""Worker/Business (small)""]]"	[1665]	Other	Worker/Business (small)	orthodontist	0	0	"[{""level1"":""Other"",""level2"":""Worker/Business (small)"",""level3"":""orthodontist"",""person_count"":71,""example_wikidata_codes"":""Q18739122|Q21069967|Q21078143""}]"	0	0	[]	Discovery/Science	proposed	medium	differs_from_previous_llm	"[""previous_llm_l1_disagreement""]"	0	freebase_bhht_author_lookup_v1	lookup_candidate_not_frozen	"[""Andrew Arthur Allen Sr.""]"
1256	Visual Effects Technician	1	visual_effects_technician	author_substring	substring_cross_l1_conflict			"[[""Culture"",""Culture-core""],[""Other"",""Worker/Business (small)""]]"	2	2	"[""visual_effects"",""technician""]"	[566,1698]	"[[""Culture"",""Culture-core""],[""Other"",""Worker/Business (small)""]]"	[566,1698]	Culture	Culture-core	visual_effects	0	0	[]	0	0	"[""substring_requires_transfer_review"",""multiple_author_l1_candidates""]"	Culture	proposed	high	no_unique_author_l1_candidate	"[""substring_requires_transfer_review"",""multiple_author_l1_candidates""]"	0	freebase_bhht_author_lookup_v1	lookup_candidate_not_frozen	"[""Andrew Cymek""]"
1269	Construction Foreman	1	construction_foreman	author_substring	substring_cross_l1_conflict			"[[""Leadership"",""Corporate/Executive/Business (large)""],[""Other"",""Worker/Business (small)""]]"	2	2	"[""_construction"",""_foreman""]"	[1210,1459]	"[[""Leadership"",""Corporate/Executive/Business (large)""],[""Other"",""Worker/Business (small)""]]"	[1210,1459]	Leadership	Corporate/Executive/Business (large)	_construction	0	0	[]	0	0	"[""substring_requires_transfer_review"",""multiple_author_l1_candidates""]"		needs_review	low	no_unique_author_l1_candidate	"[""substring_requires_transfer_review"",""multiple_author_l1_candidates""]"	0	freebase_bhht_author_lookup_v1	lookup_candidate_not_frozen	"[""Anthony Orville Brokaw""]"
1285	Rock Climber	1	rock_climber	author_substring	substring_cross_l1_conflict			"[[""Culture"",""Culture-core""],[""Sports/Games"",""Sports/Games""]]"	2	2	"[""climb"",""_rock_""]"	[74,331]	"[[""Culture"",""Culture-core""],[""Sports/Games"",""Sports/Games""]]"	[74,331]	Sports/Games	Sports/Games	climb	0	0	[]	0	0	"[""substring_requires_transfer_review"",""multiple_author_l1_candidates""]"	Sports/Games	proposed	medium	no_unique_author_l1_candidate	"[""substring_requires_transfer_review"",""multiple_author_l1_candidates""]"	0	freebase_bhht_author_lookup_v1	lookup_candidate_not_frozen	"[""Beverly Johnson (Woman) #4""]"
1291	Child Psychologist	1	child_psychologist	author_substring	substring_cross_l1_conflict			"[[""Discovery/Science"",""Academia""],[""Other"",""Family""]]"	2	2	"[""psychologist"",""child_""]"	[883,1727]	"[[""Discovery/Science"",""Academia""],[""Other"",""Family""]]"	[883,1727]	Discovery/Science	Academia	psychologist	0	0	[]	0	0	"[""substring_requires_transfer_review"",""multiple_author_l1_candidates""]"	Discovery/Science	proposed	medium	no_unique_author_l1_candidate	"[""substring_requires_transfer_review"",""multiple_author_l1_candidates""]"	0	freebase_bhht_author_lookup_v1	lookup_candidate_not_frozen	"[""Bloeme Evers-Emden""]"
1313	Horologist	1	horologist	author_exact	exact_unique	Culture	Culture-core	"[[""Culture"",""Culture-core""]]"	1	1	"[""horologist""]"	[439]	"[[""Culture"",""Culture-core""]]"	[439]	Culture	Culture-core	horologist	0	0	"[{""level1"":""Culture"",""level2"":""Culture-core"",""level3"":""horologist"",""person_count"":4,""example_wikidata_codes"":""Q17436594|Q21070328|Q42887496""}]"	0	0	[]	Discovery/Science	proposed	high	differs_from_previous_llm	"[""previous_llm_l1_disagreement""]"	0	freebase_bhht_author_lookup_v1	lookup_candidate_not_frozen	"[""Christiaan Huygens""]"
1323	Music Programmer	1	music_programmer	author_substring	substring_cross_l1_conflict			"[[""Culture"",""Culture-core""],[""Discovery/Science"",""Explorer/Inventor/Developer""]]"	2	2	"[""_music"",""programmer""]"	[325,1202]	"[[""Culture"",""Culture-core""],[""Discovery/Science"",""Explorer/Inventor/Developer""]]"	[325,1202]	Culture	Culture-core	_music	0	0	[]	0	0	"[""substring_requires_transfer_review"",""multiple_author_l1_candidates""]"	Culture	proposed	high	no_unique_author_l1_candidate	"[""substring_requires_transfer_review"",""multiple_author_l1_candidates""]"	0	freebase_bhht_author_lookup_v1	lookup_candidate_not_frozen	"[""David Gilmour""]"
1327	Industrial Supplies Merchant Wholesalers	1	industrial_supplies_merchant_wholesalers	author_substring	substring_cross_l1_conflict			"[[""Leadership"",""Corporate/Executive/Business (large)""],[""Other"",""Worker/Business (small)""]]"	2	2	"[""industrial"",""merchant"",""wholesale""]"	[1227,1236,1714]	"[[""Leadership"",""Corporate/Executive/Business (large)""],[""Other"",""Worker/Business (small)""]]"	[1227,1236,1714]	Leadership	Corporate/Executive/Business (large)	industrial	0	0	[]	0	0	"[""substring_requires_transfer_review"",""multiple_author_l1_candidates""]"		out_of_scope	medium	no_unique_author_l1_candidate	"[""substring_requires_transfer_review"",""multiple_author_l1_candidates""]"	0	freebase_bhht_author_lookup_v1	lookup_candidate_not_frozen	"[""David Yates (Deceased Person)""]"
1330	Historian of Photography	1	historian_of_photography	author_substring	substring_cross_l1_conflict			"[[""Culture"",""Culture-core""],[""Discovery/Science"",""Academia""]]"	2	2	"[""photography"",""historian""]"	[493,783]	"[[""Culture"",""Culture-core""],[""Discovery/Science"",""Academia""]]"	[493,783]	Culture	Culture-core	photography	0	0	[]	0	0	"[""substring_requires_transfer_review"",""multiple_author_l1_candidates""]"	Discovery/Science	proposed	medium	no_unique_author_l1_candidate	"[""substring_requires_transfer_review"",""multiple_author_l1_candidates""]"	0	freebase_bhht_author_lookup_v1	lookup_candidate_not_frozen	"[""Deborah Willis""]"
1333	Merchant navy	1	merchant_navy	author_substring	substring_same_l1_multiple_l2	Leadership		"[[""Leadership"",""Corporate/Executive/Business (large)""],[""Leadership"",""Military""]]"	1	2	"[""merchant"",""navy""]"	[1236,1410]	"[[""Leadership"",""Corporate/Executive/Business (large)""],[""Leadership"",""Military""]]"	[1236,1410]	Leadership	Corporate/Executive/Business (large)	merchant	0	0	[]	0	0	"[""substring_requires_transfer_review"",""multiple_author_l2_candidates""]"		needs_review	low	author_candidate_previous_needs_review	"[""substring_requires_transfer_review"",""multiple_author_l2_candidates""]"	0	freebase_bhht_author_lookup_v1	lookup_candidate_not_frozen	"[""Donald Edwin King""]"
1335	musician, mastering engineer	1	musician,_mastering_engineer	author_substring	substring_cross_l1_conflict			"[[""Culture"",""Culture-core""],[""Discovery/Science"",""Explorer/Inventor/Developer""]]"	2	2	"[""_music"",""musician"",""engineer""]"	[325,473,1187]	"[[""Culture"",""Culture-core""],[""Discovery/Science"",""Explorer/Inventor/Developer""]]"	[325,473,1187]	Culture	Culture-core	_music	0	0	[]	0	0	"[""substring_requires_transfer_review"",""multiple_author_l1_candidates""]"	Culture	proposed	high	no_unique_author_l1_candidate	"[""substring_requires_transfer_review"",""multiple_author_l1_candidates""]"	0	freebase_bhht_author_lookup_v1	lookup_candidate_not_frozen	"[""Donald Tardy""]"
1339	Karate Instructor	1	karate_instructor	author_substring	substring_cross_l1_conflict			"[[""Discovery/Science"",""Academia""],[""Sports/Games"",""Sports/Games""]]"	2	2	"[""karate"",""instructor""]"	[147,794]	"[[""Discovery/Science"",""Academia""],[""Sports/Games"",""Sports/Games""]]"	[147,794]	Sports/Games	Sports/Games	karate	0	0	[]	0	0	"[""substring_requires_transfer_review"",""multiple_author_l1_candidates""]"	Sports/Games	proposed	medium	no_unique_author_l1_candidate	"[""substring_requires_transfer_review"",""multiple_author_l1_candidates""]"	0	freebase_bhht_author_lookup_v1	lookup_candidate_not_frozen	"[""Dorothea Hurley""]"
1341	Fashion Consultant	1	fashion_consultant	author_substring	substring_unique_candidate	Other	Worker/Business (small)	"[[""Other"",""Worker/Business (small)""]]"	1	1	"[""consultant""]"	[1566]	"[[""Other"",""Worker/Business (small)""]]"	[1566]	Other	Worker/Business (small)	consultant	0	0	[]	0	0	"[""substring_requires_transfer_review""]"	Culture	proposed	high	differs_from_previous_llm	"[""substring_requires_transfer_review"",""previous_llm_l1_disagreement""]"	0	freebase_bhht_author_lookup_v1	lookup_candidate_not_frozen	"[""Drena De Niro""]"
1355	Gymnastics Teacher	1	gymnastics_teacher	author_substring	substring_cross_l1_conflict			"[[""Discovery/Science"",""Academia""],[""Sports/Games"",""Sports/Games""]]"	2	2	"[""gymnast"",""teacher_""]"	[123,910]	"[[""Discovery/Science"",""Academia""],[""Sports/Games"",""Sports/Games""]]"	[123,910]	Sports/Games	Sports/Games	gymnast	0	0	[]	0	0	"[""substring_requires_transfer_review"",""multiple_author_l1_candidates""]"	Sports/Games	proposed	medium	no_unique_author_l1_candidate	"[""substring_requires_transfer_review"",""multiple_author_l1_candidates""]"	0	freebase_bhht_author_lookup_v1	lookup_candidate_not_frozen	"[""Eleonora Vallone""]"
1357	Clinical Systems Analyst	1	clinical_systems_analyst	author_substring	substring_unique_candidate	Other	Worker/Business (small)	"[[""Other"",""Worker/Business (small)""]]"	1	1	"[""analyst""]"	[1514]	"[[""Other"",""Worker/Business (small)""]]"	[1514]	Other	Worker/Business (small)	analyst	0	0	[]	0	0	"[""substring_requires_transfer_review""]"	Discovery/Science	proposed	medium	differs_from_previous_llm	"[""substring_requires_transfer_review"",""previous_llm_l1_disagreement""]"	0	freebase_bhht_author_lookup_v1	lookup_candidate_not_frozen	"[""Elizabeth Marks (Actor)""]"
1360	Child Psychiatrist	1	child_psychiatrist	author_substring	substring_cross_l1_conflict			"[[""Discovery/Science"",""Academia""],[""Other"",""Family""]]"	2	2	"[""psychiatrist"",""child_""]"	[880,1727]	"[[""Discovery/Science"",""Academia""],[""Other"",""Family""]]"	[880,1727]	Discovery/Science	Academia	psychiatrist	0	0	[]	0	0	"[""substring_requires_transfer_review"",""multiple_author_l1_candidates""]"	Discovery/Science	proposed	medium	no_unique_author_l1_candidate	"[""substring_requires_transfer_review"",""multiple_author_l1_candidates""]"	0	freebase_bhht_author_lookup_v1	lookup_candidate_not_frozen	"[""Emanuel Miller""]"
1361	Drama Critic	1	drama_critic	author_substring	substring_same_l1_multiple_l2	Culture		"[[""Culture"",""Culture-core""],[""Culture"",""Culture-periphery""]]"	1	2	"[""_drama"",""critic""]"	[318,604]	"[[""Culture"",""Culture-core""],[""Culture"",""Culture-periphery""]]"	[318,604]	Culture	Culture-core	_drama	0	0	[]	0	0	"[""substring_requires_transfer_review"",""multiple_author_l2_candidates""]"	Culture	proposed	medium	agrees_with_previous_llm	"[""substring_requires_transfer_review"",""multiple_author_l2_candidates""]"	0	freebase_bhht_author_lookup_v1	lookup_candidate_not_frozen	"[""Ennio Flaiano""]"
1380	Clasics Violin Teacher	1	clasics_violin_teacher	author_substring	substring_cross_l1_conflict			"[[""Culture"",""Culture-core""],[""Discovery/Science"",""Academia""]]"	2	2	"[""violin"",""teacher_""]"	[563,910]	"[[""Culture"",""Culture-core""],[""Discovery/Science"",""Academia""]]"	[563,910]	Culture	Culture-core	violin	0	0	[]	0	0	"[""substring_requires_transfer_review"",""multiple_author_l1_candidates""]"		needs_review	low	no_unique_author_l1_candidate	"[""substring_requires_transfer_review"",""multiple_author_l1_candidates""]"	0	freebase_bhht_author_lookup_v1	lookup_candidate_not_frozen	"[""Franz von Lampe""]"
1387	Mastering engineer	1	mastering_engineer	author_substring	substring_unique_candidate	Discovery/Science	Explorer/Inventor/Developer	"[[""Discovery/Science"",""Explorer/Inventor/Developer""]]"	1	1	"[""engineer""]"	[1187]	"[[""Discovery/Science"",""Explorer/Inventor/Developer""]]"	[1187]	Discovery/Science	Explorer/Inventor/Developer	engineer	0	0	[]	0	0	"[""substring_requires_transfer_review""]"	Culture	proposed	medium	differs_from_previous_llm	"[""substring_requires_transfer_review"",""previous_llm_l1_disagreement""]"	0	freebase_bhht_author_lookup_v1	lookup_candidate_not_frozen	"[""Gene Paul""]"
1402	Multi Media Artist	1	multi_media_artist	author_substring	substring_same_l1_multiple_l2	Culture		"[[""Culture"",""Culture-core""],[""Culture"",""Culture-periphery""]]"	1	2	"[""_artist"",""_media""]"	[304,576]	"[[""Culture"",""Culture-core""],[""Culture"",""Culture-periphery""]]"	[304,576]	Culture	Culture-core	_artist	0	0	[]	0	0	"[""substring_requires_transfer_review"",""multiple_author_l2_candidates""]"	Culture	proposed	medium	agrees_with_previous_llm	"[""substring_requires_transfer_review"",""multiple_author_l2_candidates""]"	0	freebase_bhht_author_lookup_v1	lookup_candidate_not_frozen	"[""Gottfried Helnwein""]"
1422	internet business consultant	1	internet_business_consultant	author_substring	substring_cross_l1_conflict			"[[""Leadership"",""Corporate/Executive/Business (large)""],[""Other"",""Worker/Business (small)""]]"	2	2	"[""business"",""consultant""]"	[1218,1566]	"[[""Leadership"",""Corporate/Executive/Business (large)""],[""Other"",""Worker/Business (small)""]]"	[1218,1566]	Leadership	Corporate/Executive/Business (large)	business	0	0	[]	0	0	"[""substring_requires_transfer_review"",""multiple_author_l1_candidates""]"		needs_review	low	no_unique_author_l1_candidate	"[""substring_requires_transfer_review"",""multiple_author_l1_candidates""]"	0	freebase_bhht_author_lookup_v1	lookup_candidate_not_frozen	"[""Helga Haas""]"
1432	Theatre consultant	1	theatre_consultant	author_substring	substring_cross_l1_conflict			"[[""Culture"",""Culture-core""],[""Other"",""Worker/Business (small)""]]"	2	2	"[""theatre"",""consultant""]"	[550,1566]	"[[""Culture"",""Culture-core""],[""Other"",""Worker/Business (small)""]]"	[550,1566]	Culture	Culture-core	theatre	0	0	[]	0	0	"[""substring_requires_transfer_review"",""multiple_author_l1_candidates""]"		needs_review	low	no_unique_author_l1_candidate	"[""substring_requires_transfer_review"",""multiple_author_l1_candidates""]"	0	freebase_bhht_author_lookup_v1	lookup_candidate_not_frozen	"[""Ian Albery""]"
1438	Freedom fighter	1	freedom_fighter	author_exact	exact_unique	Leadership	Politics	"[[""Leadership"",""Politics""]]"	1	1	"[""freedom_fighter""]"	[978]	"[[""Leadership"",""Military""],[""Leadership"",""Politics""],[""Sports/Games"",""Sports/Games""]]"	[96,978,1390]	Sports/Games	Sports/Games	fighter	1	1	"[{""level1"":""Leadership"",""level2"":""Politics"",""level3"":""freedom_fighter"",""person_count"":130,""example_wikidata_codes"":""Q12517001|Q12606437|Q12810870""}]"	0	0	"[""exact_lookup_differs_from_full_author_first_match""]"	Leadership	proposed	medium	agrees_with_previous_llm	"[""exact_lookup_differs_from_full_author_first_match""]"	0	freebase_bhht_author_lookup_v1	lookup_candidate_not_frozen	"[""Indrani Devi""]"
1452	Physical Training Instructor	1	physical_training_instructor	author_substring	substring_unique_candidate	Discovery/Science	Academia	"[[""Discovery/Science"",""Academia""]]"	1	1	"[""instructor""]"	[794]	"[[""Discovery/Science"",""Academia""]]"	[794]	Discovery/Science	Academia	instructor	0	0	[]	0	0	"[""substring_requires_transfer_review""]"	Sports/Games	proposed	high	differs_from_previous_llm	"[""substring_requires_transfer_review"",""previous_llm_l1_disagreement""]"	0	freebase_bhht_author_lookup_v1	lookup_candidate_not_frozen	"[""Jack Watson""]"
1455	Dance Educator	1	dance_educator	author_substring	substring_cross_l1_conflict			"[[""Culture"",""Culture-core""],[""Discovery/Science"",""Academia""]]"	2	2	"[""_dance_"",""educator""]"	[314,738]	"[[""Culture"",""Culture-core""],[""Discovery/Science"",""Academia""]]"	[314,738]	Culture	Culture-core	_dance_	0	0	[]	0	0	"[""substring_requires_transfer_review"",""multiple_author_l1_candidates""]"		needs_review	low	no_unique_author_l1_candidate	"[""substring_requires_transfer_review"",""multiple_author_l1_candidates""]"	0	freebase_bhht_author_lookup_v1	lookup_candidate_not_frozen	"[""Jacques d'Amboise""]"
1468	School counselor	1	school_counselor	author_substring	substring_unique_candidate	Other	Worker/Business (small)	"[[""Other"",""Worker/Business (small)""]]"	1	1	"[""counselor""]"	[1571]	"[[""Other"",""Worker/Business (small)""]]"	[1571]	Other	Worker/Business (small)	counselor	0	0	[]	0	0	"[""substring_requires_transfer_review""]"	Discovery/Science	proposed	medium	differs_from_previous_llm	"[""substring_requires_transfer_review"",""previous_llm_l1_disagreement""]"	0	freebase_bhht_author_lookup_v1	lookup_candidate_not_frozen	"[""Jane Etta Pitt""]"
1474	Clinical Social Worker	1	clinical_social_worker	author_substring	substring_unique_candidate	Other	Worker/Business (small)	"[[""Other"",""Worker/Business (small)""]]"	1	1	"[""worker""]"	[1716]	"[[""Other"",""Worker/Business (small)""]]"	[1716]	Other	Worker/Business (small)	worker	0	0	[]	0	0	"[""substring_requires_transfer_review""]"	Discovery/Science	proposed	medium	differs_from_previous_llm	"[""substring_requires_transfer_review"",""previous_llm_l1_disagreement""]"	0	freebase_bhht_author_lookup_v1	lookup_candidate_not_frozen	"[""Jerome G. Miller""]"
1478	Drama Theorist	1	drama_theorist	author_substring	substring_cross_l1_conflict			"[[""Culture"",""Culture-core""],[""Discovery/Science"",""Academia""]]"	2	2	"[""_drama"",""theorist""]"	[318,914]	"[[""Culture"",""Culture-core""],[""Discovery/Science"",""Academia""]]"	[318,914]	Culture	Culture-core	_drama	0	0	[]	0	0	"[""substring_requires_transfer_review"",""multiple_author_l1_candidates""]"	Discovery/Science	proposed	high	no_unique_author_l1_candidate	"[""substring_requires_transfer_review"",""multiple_author_l1_candidates""]"	0	freebase_bhht_author_lookup_v1	lookup_candidate_not_frozen	"[""Jerzy Grotowski""]"
1489	Business Coach	1	business_coach	author_substring	substring_cross_l1_conflict			"[[""Leadership"",""Corporate/Executive/Business (large)""],[""Sports/Games"",""Sports/Games""]]"	2	2	"[""coach"",""business""]"	[75,1218]	"[[""Leadership"",""Corporate/Executive/Business (large)""],[""Sports/Games"",""Sports/Games""]]"	[75,1218]	Sports/Games	Sports/Games	coach	0	0	[]	0	0	"[""substring_requires_transfer_review"",""multiple_author_l1_candidates""]"		needs_review	low	no_unique_author_l1_candidate	"[""substring_requires_transfer_review"",""multiple_author_l1_candidates""]"	0	freebase_bhht_author_lookup_v1	lookup_candidate_not_frozen	"[""Joel Glenn Wright (Organisation leader) #1""]"
1490	Business consultant	1	business_consultant	author_substring	substring_cross_l1_conflict			"[[""Leadership"",""Corporate/Executive/Business (large)""],[""Other"",""Worker/Business (small)""]]"	2	2	"[""business"",""consultant""]"	[1218,1566]	"[[""Leadership"",""Corporate/Executive/Business (large)""],[""Other"",""Worker/Business (small)""]]"	[1218,1566]	Leadership	Corporate/Executive/Business (large)	business	0	0	[]	0	0	"[""substring_requires_transfer_review"",""multiple_author_l1_candidates""]"		needs_review	low	no_unique_author_l1_candidate	"[""substring_requires_transfer_review"",""multiple_author_l1_candidates""]"	0	freebase_bhht_author_lookup_v1	lookup_candidate_not_frozen	"[""Joel Glenn Wright (Organisation leader) #1""]"
1495	Media scholar	1	media_scholar	author_substring	substring_cross_l1_conflict			"[[""Culture"",""Culture-periphery""],[""Discovery/Science"",""Academia""]]"	2	2	"[""_media"",""scholar""]"	[576,890]	"[[""Culture"",""Culture-periphery""],[""Discovery/Science"",""Academia""]]"	[576,890]	Culture	Culture-periphery	_media	0	0	[]	0	0	"[""substring_requires_transfer_review"",""multiple_author_l1_candidates""]"	Discovery/Science	proposed	medium	no_unique_author_l1_candidate	"[""substring_requires_transfer_review"",""multiple_author_l1_candidates""]"	0	freebase_bhht_author_lookup_v1	lookup_candidate_not_frozen	"[""Johannes Wahlstrom""]"
1499	Bankruptcy Lawyer	1	bankruptcy_lawyer	author_substring	substring_same_l1_multiple_l2	Leadership		"[[""Leadership"",""Administration/Law""],[""Leadership"",""Corporate/Executive/Business (large)""]]"	1	2	"[""_lawyer"",""bank""]"	[1053,1215]	"[[""Leadership"",""Administration/Law""],[""Leadership"",""Corporate/Executive/Business (large)""]]"	[1053,1215]	Leadership	Administration/Law	_lawyer	0	0	[]	0	0	"[""substring_requires_transfer_review"",""multiple_author_l2_candidates""]"	Leadership	proposed	high	agrees_with_previous_llm	"[""substring_requires_transfer_review"",""multiple_author_l2_candidates""]"	0	freebase_bhht_author_lookup_v1	lookup_candidate_not_frozen	"[""John Keenan (Lawyer)""]"
1510	Computer game designer	1	computer_game_designer	author_substring	substring_cross_l1_conflict			"[[""Culture"",""Culture-periphery""],[""Sports/Games"",""Sports/Games""]]"	2	2	"[""_game"",""designer""]"	[12,606]	"[[""Culture"",""Culture-periphery""],[""Sports/Games"",""Sports/Games""]]"	[12,606]	Sports/Games	Sports/Games	_game	0	0	[]	0	0	"[""substring_requires_transfer_review"",""multiple_author_l1_candidates""]"		needs_review	low	no_unique_author_l1_candidate	"[""substring_requires_transfer_review"",""multiple_author_l1_candidates""]"	0	freebase_bhht_author_lookup_v1	lookup_candidate_not_frozen	"[""Jordan Mechner""]"
1532	Dietitian	1	dietitian	author_exact	exact_unique	Other	Worker/Business (small)	"[[""Other"",""Worker/Business (small)""]]"	1	1	"[""dietitian""]"	[1579]	"[[""Other"",""Worker/Business (small)""]]"	[1579]	Other	Worker/Business (small)	dietitian	0	0	"[{""level1"":""Other"",""level2"":""Worker/Business (small)"",""level3"":""dietitian"",""person_count"":17,""example_wikidata_codes"":""Q14954469|Q14954470|Q16197142""}]"	0	0	[]	Discovery/Science	proposed	medium	differs_from_previous_llm	"[""previous_llm_l1_disagreement""]"	0	freebase_bhht_author_lookup_v1	lookup_candidate_not_frozen	"[""Keren Gilbert""]"
1537	Animation Engineer	1	animation_engineer	author_substring	substring_cross_l1_conflict			"[[""Culture"",""Culture-core""],[""Discovery/Science"",""Explorer/Inventor/Developer""]]"	2	2	"[""animation"",""engineer""]"	[347,1187]	"[[""Culture"",""Culture-core""],[""Discovery/Science"",""Explorer/Inventor/Developer""]]"	[347,1187]	Culture	Culture-core	animation	0	0	[]	0	0	"[""substring_requires_transfer_review"",""multiple_author_l1_candidates""]"	Discovery/Science	proposed	medium	no_unique_author_l1_candidate	"[""substring_requires_transfer_review"",""multiple_author_l1_candidates""]"	0	freebase_bhht_author_lookup_v1	lookup_candidate_not_frozen	"[""Kitt Hirasaki""]"
1543	Martial Artist Teacher	1	martial_artist_teacher	author_substring	substring_cross_l1_conflict			"[[""Culture"",""Culture-core""],[""Discovery/Science"",""Academia""],[""Sports/Games"",""Sports/Games""]]"	3	3	"[""martial_art"",""_artist"",""teacher_""]"	[160,304,910]	"[[""Culture"",""Culture-core""],[""Discovery/Science"",""Academia""],[""Sports/Games"",""Sports/Games""]]"	[160,304,910]	Sports/Games	Sports/Games	martial_art	0	0	[]	0	0	"[""substring_requires_transfer_review"",""multiple_author_l1_candidates""]"	Sports/Games	proposed	medium	no_unique_author_l1_candidate	"[""substring_requires_transfer_review"",""multiple_author_l1_candidates""]"	0	freebase_bhht_author_lookup_v1	lookup_candidate_not_frozen	"[""Kwoklyn Wan""]"
1555	Legal analyst	1	legal_analyst	author_substring	substring_unique_candidate	Other	Worker/Business (small)	"[[""Other"",""Worker/Business (small)""]]"	1	1	"[""analyst""]"	[1514]	"[[""Other"",""Worker/Business (small)""]]"	[1514]	Other	Worker/Business (small)	analyst	0	0	[]	0	0	"[""substring_requires_transfer_review""]"	Leadership	proposed	medium	differs_from_previous_llm	"[""substring_requires_transfer_review"",""previous_llm_l1_disagreement""]"	0	freebase_bhht_author_lookup_v1	lookup_candidate_not_frozen	"[""Lis Wiehl""]"
1556	Hair and Makeup Artist	1	hair_and_makeup_artist	author_substring	substring_same_l1_multiple_l2	Culture		"[[""Culture"",""Culture-core""],[""Culture"",""Culture-periphery""]]"	1	2	"[""_artist"",""makeup_artist""]"	[304,631]	"[[""Culture"",""Culture-core""],[""Culture"",""Culture-periphery""]]"	[304,631]	Culture	Culture-core	_artist	0	0	[]	0	0	"[""substring_requires_transfer_review"",""multiple_author_l2_candidates""]"	Culture	proposed	high	agrees_with_previous_llm	"[""substring_requires_transfer_review"",""multiple_author_l2_candidates""]"	0	freebase_bhht_author_lookup_v1	lookup_candidate_not_frozen	"[""Lorraine Altamura""]"
1557	Military police	1	military_police	author_substring	substring_same_l1_multiple_l2	Leadership		"[[""Leadership"",""Administration/Law""],[""Leadership"",""Military""]]"	1	2	"[""_police_"",""militar""]"	[1056,1407]	"[[""Leadership"",""Administration/Law""],[""Leadership"",""Military""]]"	[1056,1407]	Leadership	Administration/Law	_police_	0	0	[]	0	0	"[""substring_requires_transfer_review"",""multiple_author_l2_candidates""]"	Leadership	proposed	high	agrees_with_previous_llm	"[""substring_requires_transfer_review"",""multiple_author_l2_candidates""]"	0	freebase_bhht_author_lookup_v1	lookup_candidate_not_frozen	"[""Louis Erich Otto Dietrich""]"
1560	Couturier	1	couturier	author_exact	exact_unique	Other	Worker/Business (small)	"[[""Other"",""Worker/Business (small)""]]"	1	1	"[""_couturier_""]"	[1450]	"[[""Other"",""Worker/Business (small)""]]"	[1450]	Other	Worker/Business (small)	_couturier_	0	0	"[{""level1"":""Other"",""level2"":""Worker/Business (small)"",""level3"":""couturier"",""person_count"":20,""example_wikidata_codes"":""Q16224815|Q2060487|Q21130177""}]"	0	0	[]	Culture	proposed	high	differs_from_previous_llm	"[""previous_llm_l1_disagreement""]"	0	freebase_bhht_author_lookup_v1	lookup_candidate_not_frozen	"[""Lucien Lelong""]"
1583	Secret Intelligence Service officer	1	secret_intelligence_service_officer	author_substring	substring_cross_l1_conflict			"[[""Discovery/Science"",""Academia""],[""Leadership"",""Military""]]"	2	2	"[""intelligence"",""intelligence_service"",""officer_""]"	[796,1400,1412]	"[[""Discovery/Science"",""Academia""],[""Leadership"",""Military""]]"	[796,1400,1412]	Discovery/Science	Academia	intelligence	0	0	[]	0	0	"[""substring_requires_transfer_review"",""multiple_author_l1_candidates""]"	Leadership	proposed	high	no_unique_author_l1_candidate	"[""substring_requires_transfer_review"",""multiple_author_l1_candidates""]"	0	freebase_bhht_author_lookup_v1	lookup_candidate_not_frozen	"[""Markus Wolf""]"
1586	Health Authority Wages Clerk	1	health_authority_wages_clerk	author_substring	substring_cross_l1_conflict			"[[""Culture"",""Culture-core""],[""Other"",""Worker/Business (small)""]]"	2	2	"[""author"",""_clerk""]"	[352,1446]	"[[""Culture"",""Culture-core""],[""Other"",""Worker/Business (small)""]]"	[352,1446]	Culture	Culture-core	author	0	0	[]	0	0	"[""substring_requires_transfer_review"",""multiple_author_l1_candidates""]"		needs_review	low	no_unique_author_l1_candidate	"[""substring_requires_transfer_review"",""multiple_author_l1_candidates""]"	0	freebase_bhht_author_lookup_v1	lookup_candidate_not_frozen	"[""Martin Joseph Evans""]"
1592	Management Theorist	1	management_theorist	author_substring	substring_cross_l1_conflict			"[[""Discovery/Science"",""Academia""],[""Leadership"",""Corporate/Executive/Business (large)""]]"	2	2	"[""theorist"",""management""]"	[914,1233]	"[[""Discovery/Science"",""Academia""],[""Leadership"",""Corporate/Executive/Business (large)""]]"	[914,1233]	Discovery/Science	Academia	theorist	0	0	[]	0	0	"[""substring_requires_transfer_review"",""multiple_author_l1_candidates""]"	Discovery/Science	proposed	high	no_unique_author_l1_candidate	"[""substring_requires_transfer_review"",""multiple_author_l1_candidates""]"	0	freebase_bhht_author_lookup_v1	lookup_candidate_not_frozen	"[""Mary Parker Follett""]"
1593	media & culture scientist	1	media_&_culture_scientist	author_substring	substring_cross_l1_conflict			"[[""Culture"",""Culture-periphery""],[""Discovery/Science"",""Academia""]]"	2	2	"[""_media"",""scientist""]"	[576,894]	"[[""Culture"",""Culture-periphery""],[""Discovery/Science"",""Academia""]]"	[576,894]	Culture	Culture-periphery	_media	0	0	[]	0	0	"[""substring_requires_transfer_review"",""multiple_author_l1_candidates""]"	Discovery/Science	proposed	high	no_unique_author_l1_candidate	"[""substring_requires_transfer_review"",""multiple_author_l1_candidates""]"	0	freebase_bhht_author_lookup_v1	lookup_candidate_not_frozen	"[""Mashya Deirdre Boon""]"
1597	Arms Control Analyst	1	arms_control_analyst	author_substring	substring_unique_candidate	Other	Worker/Business (small)	"[[""Other"",""Worker/Business (small)""]]"	1	1	"[""analyst""]"	[1514]	"[[""Other"",""Worker/Business (small)""]]"	[1514]	Other	Worker/Business (small)	analyst	0	0	[]	0	0	"[""substring_requires_transfer_review""]"	Leadership	proposed	medium	differs_from_previous_llm	"[""substring_requires_transfer_review"",""previous_llm_l1_disagreement""]"	0	freebase_bhht_author_lookup_v1	lookup_candidate_not_frozen	"[""Matthew Meselson""]"
1605	Investment advisor	1	investment_advisor	author_substring	substring_same_l1_multiple_l2	Leadership		"[[""Leadership"",""Corporate/Executive/Business (large)""],[""Leadership"",""Politics""]]"	1	2	"[""advisor"",""investment""]"	[940,1229]	"[[""Leadership"",""Corporate/Executive/Business (large)""],[""Leadership"",""Politics""]]"	[940,1229]	Leadership	Politics	advisor	0	0	[]	0	0	"[""substring_requires_transfer_review"",""multiple_author_l2_candidates""]"		needs_review	low	author_candidate_previous_needs_review	"[""substring_requires_transfer_review"",""multiple_author_l2_candidates""]"	0	freebase_bhht_author_lookup_v1	lookup_candidate_not_frozen	"[""Michael Wittenberg""]"
1618	Production Stage Manager	1	production_stage_manager	author_substring	substring_cross_l1_conflict			"[[""Culture"",""Culture-core""],[""Leadership"",""Corporate/Executive/Business (large)""]]"	2	2	"[""_stage_"",""stage_manager"",""manager""]"	[338,541,1234]	"[[""Culture"",""Culture-core""],[""Leadership"",""Corporate/Executive/Business (large)""]]"	[338,541,1234]	Culture	Culture-core	_stage_	0	0	[]	0	0	"[""substring_requires_transfer_review"",""multiple_author_l1_candidates""]"		needs_review	low	no_unique_author_l1_candidate	"[""substring_requires_transfer_review"",""multiple_author_l1_candidates""]"	0	freebase_bhht_author_lookup_v1	lookup_candidate_not_frozen	"[""Mortimer Halpern""]"
1619	Naval Systems Analyst	1	naval_systems_analyst	author_substring	substring_cross_l1_conflict			"[[""Leadership"",""Military""],[""Other"",""Worker/Business (small)""]]"	2	2	"[""naval_"",""analyst""]"	[1409,1514]	"[[""Leadership"",""Military""],[""Other"",""Worker/Business (small)""]]"	[1409,1514]	Leadership	Military	naval_	0	0	[]	0	0	"[""substring_requires_transfer_review"",""multiple_author_l1_candidates""]"		needs_review	low	no_unique_author_l1_candidate	"[""substring_requires_transfer_review"",""multiple_author_l1_candidates""]"	0	freebase_bhht_author_lookup_v1	lookup_candidate_not_frozen	"[""Morty Drescher""]"
1628	Diving instructor	1	diving_instructor	author_substring	substring_cross_l1_conflict			"[[""Discovery/Science"",""Academia""],[""Sports/Games"",""Sports/Games""]]"	2	2	"[""diving"",""instructor""]"	[90,794]	"[[""Discovery/Science"",""Academia""],[""Sports/Games"",""Sports/Games""]]"	[90,794]	Sports/Games	Sports/Games	diving	0	0	[]	0	0	"[""substring_requires_transfer_review"",""multiple_author_l1_candidates""]"		needs_review	low	no_unique_author_l1_candidate	"[""substring_requires_transfer_review"",""multiple_author_l1_candidates""]"	0	freebase_bhht_author_lookup_v1	lookup_candidate_not_frozen	"[""Nicolas Coster""]"
1640	Religious Judge	1	religious_judge	author_substring	substring_same_l1_multiple_l2	Leadership		"[[""Leadership"",""Administration/Law""],[""Leadership"",""Religious""]]"	1	2	"[""judge"",""religious""]"	[1076,1351]	"[[""Leadership"",""Administration/Law""],[""Leadership"",""Religious""]]"	[1076,1351]	Leadership	Administration/Law	judge	0	0	[]	0	0	"[""substring_requires_transfer_review"",""multiple_author_l2_candidates""]"	Leadership	proposed	high	agrees_with_previous_llm	"[""substring_requires_transfer_review"",""multiple_author_l2_candidates""]"	0	freebase_bhht_author_lookup_v1	lookup_candidate_not_frozen	"[""Oser Loewe""]"
1664	Football Analyst	1	football_analyst	author_substring	substring_cross_l1_conflict			"[[""Other"",""Worker/Business (small)""],[""Sports/Games"",""Sports/Games""]]"	2	2	"[""football"",""analyst""]"	[101,1514]	"[[""Other"",""Worker/Business (small)""],[""Sports/Games"",""Sports/Games""]]"	[101,1514]	Sports/Games	Sports/Games	football	0	0	[]	0	0	"[""substring_requires_transfer_review"",""multiple_author_l1_candidates""]"		needs_review	low	no_unique_author_l1_candidate	"[""substring_requires_transfer_review"",""multiple_author_l1_candidates""]"	0	freebase_bhht_author_lookup_v1	lookup_candidate_not_frozen	"[""Randy Cross""]"
1666	Showrunner	1	showrunner	author_substring	substring_unique_candidate	Sports/Games	Sports/Games	"[[""Sports/Games"",""Sports/Games""]]"	1	1	"[""runner""]"	[221]	"[[""Sports/Games"",""Sports/Games""]]"	[221]	Sports/Games	Sports/Games	runner	0	0	[]	0	0	"[""substring_requires_transfer_review""]"	Culture	proposed	medium	differs_from_previous_llm	"[""substring_requires_transfer_review"",""previous_llm_l1_disagreement""]"	0	freebase_bhht_author_lookup_v1	lookup_candidate_not_frozen	"[""Rebecca Rand Kirshner""]"
1668	Legal nurse consultant	1	legal_nurse_consultant	author_substring	substring_cross_l1_conflict			"[[""Discovery/Science"",""Academia""],[""Other"",""Worker/Business (small)""]]"	2	2	"[""nurse"",""consultant""]"	[828,1566]	"[[""Discovery/Science"",""Academia""],[""Other"",""Worker/Business (small)""]]"	[828,1566]	Discovery/Science	Academia	nurse	0	0	[]	0	0	"[""substring_requires_transfer_review"",""multiple_author_l1_candidates""]"	Discovery/Science	proposed	high	no_unique_author_l1_candidate	"[""substring_requires_transfer_review"",""multiple_author_l1_candidates""]"	0	freebase_bhht_author_lookup_v1	lookup_candidate_not_frozen	"[""Renea Burns""]"
1681	Entrepreneur (Small Business) Nightclub and Auto Paint and Body Shops	1	entrepreneur_(small_business)_nightclub_and_auto_paint_and_body_shops	author_substring	substring_cross_l1_conflict			"[[""Culture"",""Culture-core""],[""Leadership"",""Corporate/Executive/Business (large)""]]"	2	2	"[""_paint_"",""business"",""entrepreneur""]"	[328,1218,1222]	"[[""Culture"",""Culture-core""],[""Leadership"",""Corporate/Executive/Business (large)""]]"	[328,1218,1222]	Culture	Culture-core	_paint_	0	0	[]	0	0	"[""substring_requires_transfer_review"",""multiple_author_l1_candidates""]"		needs_review	low	no_unique_author_l1_candidate	"[""substring_requires_transfer_review"",""multiple_author_l1_candidates""]"	0	freebase_bhht_author_lookup_v1	lookup_candidate_not_frozen	"[""Robert J. Quinn (Person)""]"
1685	Media Entrepreneur	1	media_entrepreneur	author_substring	substring_cross_l1_conflict			"[[""Culture"",""Culture-periphery""],[""Leadership"",""Corporate/Executive/Business (large)""]]"	2	2	"[""_media"",""entrepreneur""]"	[576,1222]	"[[""Culture"",""Culture-periphery""],[""Leadership"",""Corporate/Executive/Business (large)""]]"	[576,1222]	Culture	Culture-periphery	_media	0	0	[]	0	0	"[""substring_requires_transfer_review"",""multiple_author_l1_candidates""]"	Leadership	proposed	high	no_unique_author_l1_candidate	"[""substring_requires_transfer_review"",""multiple_author_l1_candidates""]"	0	freebase_bhht_author_lookup_v1	lookup_candidate_not_frozen	"[""Robert N. Fried""]"
1690	Arts Educator	1	arts_educator	author_substring	substring_cross_l1_conflict			"[[""Culture"",""Culture-core""],[""Discovery/Science"",""Academia""]]"	2	2	"[""_arts_"",""educator""]"	[305,738]	"[[""Culture"",""Culture-core""],[""Discovery/Science"",""Academia""]]"	[305,738]	Culture	Culture-core	_arts_	0	0	[]	0	0	"[""substring_requires_transfer_review"",""multiple_author_l1_candidates""]"		needs_review	low	no_unique_author_l1_candidate	"[""substring_requires_transfer_review"",""multiple_author_l1_candidates""]"	0	freebase_bhht_author_lookup_v1	lookup_candidate_not_frozen	"[""Roelof Paul Citroen""]"
1701	Political analyst	1	political_analyst	author_substring	substring_cross_l1_conflict			"[[""Leadership"",""Politics""],[""Other"",""Worker/Business (small)""]]"	2	2	"[""political"",""analyst""]"	[1013,1514]	"[[""Leadership"",""Politics""],[""Other"",""Worker/Business (small)""]]"	[1013,1514]	Leadership	Politics	political	0	0	[]	0	0	"[""substring_requires_transfer_review"",""multiple_author_l1_candidates""]"	Leadership	proposed	high	no_unique_author_l1_candidate	"[""substring_requires_transfer_review"",""multiple_author_l1_candidates""]"	0	freebase_bhht_author_lookup_v1	lookup_candidate_not_frozen	"[""S. Balasubramanian""]"
1707	Policy Consultant	1	policy_consultant	author_substring	substring_unique_candidate	Other	Worker/Business (small)	"[[""Other"",""Worker/Business (small)""]]"	1	1	"[""consultant""]"	[1566]	"[[""Other"",""Worker/Business (small)""]]"	[1566]	Other	Worker/Business (small)	consultant	0	0	[]	0	0	"[""substring_requires_transfer_review""]"	Leadership	proposed	high	differs_from_previous_llm	"[""substring_requires_transfer_review"",""previous_llm_l1_disagreement""]"	0	freebase_bhht_author_lookup_v1	lookup_candidate_not_frozen	"[""Samantha Fenty""]"
1716	Biomedical Engineer	1	biomedical_engineer	author_substring	substring_same_l1_multiple_l2	Discovery/Science		"[[""Discovery/Science"",""Academia""],[""Discovery/Science"",""Explorer/Inventor/Developer""]]"	1	2	"[""biomedical"",""medical"",""engineer""]"	[706,812,1187]	"[[""Discovery/Science"",""Academia""],[""Discovery/Science"",""Explorer/Inventor/Developer""]]"	[706,812,1187]	Discovery/Science	Academia	biomedical	0	0	[]	0	0	"[""substring_requires_transfer_review"",""multiple_author_l2_candidates""]"	Discovery/Science	proposed	high	agrees_with_previous_llm	"[""substring_requires_transfer_review"",""multiple_author_l2_candidates""]"	0	freebase_bhht_author_lookup_v1	lookup_candidate_not_frozen	"[""Sheldon Weinbaum""]"
1722	Rodeo clown	1	rodeo_clown	author_substring	substring_cross_l1_conflict			"[[""Culture"",""Culture-core""],[""Sports/Games"",""Sports/Games""]]"	2	2	"[""rodeo"",""_clown_""]"	[217,310]	"[[""Culture"",""Culture-core""],[""Sports/Games"",""Sports/Games""]]"	[217,310]	Sports/Games	Sports/Games	rodeo	0	0	[]	0	0	"[""substring_requires_transfer_review"",""multiple_author_l1_candidates""]"		needs_review	low	no_unique_author_l1_candidate	"[""substring_requires_transfer_review"",""multiple_author_l1_candidates""]"	0	freebase_bhht_author_lookup_v1	lookup_candidate_not_frozen	"[""Slim Pickens""]"
1737	Business journalist	1	business_journalist	author_substring	substring_cross_l1_conflict			"[[""Culture"",""Culture-periphery""],[""Leadership"",""Corporate/Executive/Business (large)""]]"	2	2	"[""journalist"",""business""]"	[629,1218]	"[[""Culture"",""Culture-periphery""],[""Leadership"",""Corporate/Executive/Business (large)""]]"	[629,1218]	Culture	Culture-periphery	journalist	0	0	[]	0	0	"[""substring_requires_transfer_review"",""multiple_author_l1_candidates""]"	Culture	proposed	high	no_unique_author_l1_candidate	"[""substring_requires_transfer_review"",""multiple_author_l1_candidates""]"	0	freebase_bhht_author_lookup_v1	lookup_candidate_not_frozen	"[""Suzy Welch""]"
1747	Founder/President T. Mellon & Sons Bank	1	founder/president_t._mellon_&_sons_bank	author_substring	substring_cross_l1_conflict			"[[""Leadership"",""Corporate/Executive/Business (large)""],[""Other"",""Family""]]"	2	2	"[""bank"",""_sons_""]"	[1215,1725]	"[[""Leadership"",""Corporate/Executive/Business (large)""],[""Other"",""Family""]]"	[1215,1725]	Leadership	Corporate/Executive/Business (large)	bank	0	0	[]	0	0	"[""substring_requires_transfer_review"",""multiple_author_l1_candidates""]"	Leadership	proposed	medium	no_unique_author_l1_candidate	"[""substring_requires_transfer_review"",""multiple_author_l1_candidates""]"	0	freebase_bhht_author_lookup_v1	lookup_candidate_not_frozen	"[""Thomas Mellon""]"
1761	Central Intelligence Agency Officer	1	central_intelligence_agency_officer	author_substring	substring_cross_l1_conflict			"[[""Discovery/Science"",""Academia""],[""Leadership"",""Military""]]"	2	2	"[""intelligence"",""officer_""]"	[796,1412]	"[[""Discovery/Science"",""Academia""],[""Leadership"",""Military""]]"	[796,1412]	Discovery/Science	Academia	intelligence	0	0	[]	0	0	"[""substring_requires_transfer_review"",""multiple_author_l1_candidates""]"	Leadership	proposed	high	no_unique_author_l1_candidate	"[""substring_requires_transfer_review"",""multiple_author_l1_candidates""]"	0	freebase_bhht_author_lookup_v1	lookup_candidate_not_frozen	"[""Valerie Plame""]"
1769	Sheriff officer	1	sheriff_officer	author_substring	substring_same_l1_multiple_l2	Leadership		"[[""Leadership"",""Administration/Law""],[""Leadership"",""Military""]]"	1	2	"[""sheriff"",""officer_""]"	[1099,1412]	"[[""Leadership"",""Administration/Law""],[""Leadership"",""Military""]]"	[1099,1412]	Leadership	Administration/Law	sheriff	0	0	[]	0	0	"[""substring_requires_transfer_review"",""multiple_author_l2_candidates""]"	Leadership	proposed	high	agrees_with_previous_llm	"[""substring_requires_transfer_review"",""multiple_author_l2_candidates""]"	0	freebase_bhht_author_lookup_v1	lookup_candidate_not_frozen	"[""Virgie Mae Hogan""]"
1782	Architectural Sculptor	1	architectural_sculptor	author_substring	substring_same_l1_multiple_l2	Culture		"[[""Culture"",""Culture-core""],[""Culture"",""Culture-periphery""]]"	1	2	"[""sculptor"",""architect""]"	[525,586]	"[[""Culture"",""Culture-core""],[""Culture"",""Culture-periphery""]]"	[525,586]	Culture	Culture-core	sculptor	0	0	[]	0	0	"[""substring_requires_transfer_review"",""multiple_author_l2_candidates""]"	Culture	proposed	high	agrees_with_previous_llm	"[""substring_requires_transfer_review"",""multiple_author_l2_candidates""]"	0	freebase_bhht_author_lookup_v1	lookup_candidate_not_frozen	"[""William Aumonier (Deceased Person)""]"
1798	Audio Dramatist	1	audio_dramatist	author_substring	substring_same_l1_multiple_l2	Culture		"[[""Culture"",""Culture-core""],[""Culture"",""Culture-periphery""]]"	1	2	"[""_drama"",""dramatist"",""_audio""]"	[318,412,574]	"[[""Culture"",""Culture-core""],[""Culture"",""Culture-periphery""]]"	[318,412,574]	Culture	Culture-core	_drama	0	0	[]	0	0	"[""substring_requires_transfer_review"",""multiple_author_l2_candidates""]"	Culture	proposed	medium	agrees_with_previous_llm	"[""substring_requires_transfer_review"",""multiple_author_l2_candidates""]"	0	freebase_bhht_author_lookup_v1	lookup_candidate_not_frozen	"[""Yuri Rasovsky""]"
1801	Slave Trader	1	slave_trader	author_substring	substring_cross_l1_conflict			"[[""Leadership"",""Corporate/Executive/Business (large)""],[""Other"",""Other""]]"	2	2	"[""trader"",""_slave_""]"	[1247,1767]	"[[""Leadership"",""Corporate/Executive/Business (large)""],[""Other"",""Other""]]"	[1247,1767]	Leadership	Corporate/Executive/Business (large)	trader	0	0	[]	0	0	"[""substring_requires_transfer_review"",""multiple_author_l1_candidates""]"		out_of_scope	medium	no_unique_author_l1_candidate	"[""substring_requires_transfer_review"",""multiple_author_l1_candidates""]"	0	freebase_bhht_author_lookup_v1	lookup_candidate_not_frozen	"[""Zephaniah Kingsley""]"
1816	Business Analyst	1	business_analyst	author_substring	substring_cross_l1_conflict			"[[""Leadership"",""Corporate/Executive/Business (large)""],[""Other"",""Worker/Business (small)""]]"	2	2	"[""business"",""analyst""]"	[1218,1514]	"[[""Leadership"",""Corporate/Executive/Business (large)""],[""Other"",""Worker/Business (small)""]]"	[1218,1514]	Leadership	Corporate/Executive/Business (large)	business	0	0	[]	0	0	"[""substring_requires_transfer_review"",""multiple_author_l1_candidates""]"		needs_review	low	no_unique_author_l1_candidate	"[""substring_requires_transfer_review"",""multiple_author_l1_candidates""]"	0	freebase_bhht_author_lookup_v1	lookup_candidate_not_frozen	"[""sunny ujjawal""]"
