rank	raw_value	graph_people	normalized_label	lookup_method	match_status	candidate_level1	candidate_level2	candidate_parent_pairs_json	candidate_level1_count	candidate_level2_count	candidate_keywords_json	selected_rule_priorities_json	all_substring_parent_pairs_json	all_substring_rule_priorities_json	author_first_match_level1	author_first_match_level2	author_first_match_keyword	exact_overrides_first_match_l1	exact_overrides_first_match_parent	observed_main_reference_json	observed_reference_disagrees	observed_reference_l1_disagrees	lookup_flags_json	previous_llm_level1	previous_llm_status	previous_llm_confidence	previous_llm_comparison	review_flags_json	auxiliary_reference_only_without_author_rule	mapping_version	label_status	sample_people_json
1	Actor	46585	actor	author_exact	exact_unique	Culture	Culture-core	"[[""Culture"",""Culture-core""]]"	1	1	"[""_actor""]"	[303]	"[[""Culture"",""Culture-core""]]"	[303]	Culture	Culture-core	_actor	0	0	"[{""level1"":""Culture"",""level2"":""Culture-core"",""level3"":""actor"",""person_count"":121790,""example_wikidata_codes"":""Q1000015|Q1000089|Q1000204""}]"	0	0	[]	Culture	proposed	high	agrees_with_previous_llm	[]	0	freebase_bhht_author_lookup_v1	lookup_candidate_not_frozen	"[""\""Weird Al\"" Yankovic"", ""'Baby' Carmen De Rue"", ""/m/017vbn""]"
2	Writer	21980	writer	author_exact	exact_unique	Culture	Culture-core	"[[""Culture"",""Culture-core""]]"	1	1	"[""_writer""]"	[343]	"[[""Culture"",""Culture-core""]]"	[343]	Culture	Culture-core	_writer	0	0	"[{""level1"":""Culture"",""level2"":""Culture-core"",""level3"":""writer"",""person_count"":74716,""example_wikidata_codes"":""Q1000005|Q100005|Q100031""}]"	0	0	[]	Culture	proposed	high	agrees_with_previous_llm	[]	0	freebase_bhht_author_lookup_v1	lookup_candidate_not_frozen	"[""\""Weird Al\"" Yankovic"", ""/m/017vbn"", ""14th Dalai Lama""]"
3	Artist	19413	artist	author_exact	exact_unique	Culture	Culture-core	"[[""Culture"",""Culture-core""]]"	1	1	"[""_artist""]"	[304]	"[[""Culture"",""Culture-core""]]"	[304]	Culture	Culture-core	_artist	0	0	"[{""level1"":""Culture"",""level2"":""Culture-core"",""level3"":""artist"",""person_count"":23533,""example_wikidata_codes"":""Q100028|Q1001025|Q1001110""},{""level1"":""Sports/Games"",""level2"":""Sports/Games"",""level3"":""artist"",""person_count"":2,""example_wikidata_codes"":""Q16734944|Q7638832""}]"	1	1	"[""person_main_reference_disagrees_not_used_to_override""]"	Culture	proposed	high	agrees_with_previous_llm	"[""person_main_reference_disagrees_not_used_to_override""]"	0	freebase_bhht_author_lookup_v1	lookup_candidate_not_frozen	"[""\""Weird Al\"" Yankovic"", ""/m/02k2kw"", ""100 Kila""]"
5	Musician	13465	musician	author_exact	exact_unique	Culture	Culture-core	"[[""Culture"",""Culture-core""]]"	1	1	"[""musician""]"	[473]	"[[""Culture"",""Culture-core""]]"	[325,473]	Culture	Culture-core	_music	0	0	"[{""level1"":""Culture"",""level2"":""Culture-core"",""level3"":""musician"",""person_count"":7,""example_wikidata_codes"":""Q24055602|Q5537169|Q5550283""}]"	0	0	[]	Culture	proposed	high	agrees_with_previous_llm	[]	0	freebase_bhht_author_lookup_v1	lookup_candidate_not_frozen	"[""\""Weird Al\"" Yankovic"", ""/m/02k2kw"", ""100 Kila""]"
6	Screenwriter	10552	screenwriter	author_exact	exact_unique	Culture	Culture-core	"[[""Culture"",""Culture-core""]]"	1	1	"[""screenwriter""]"	[524]	"[[""Culture"",""Culture-core""]]"	[524]	Culture	Culture-core	screenwriter	0	0	"[{""level1"":""Culture"",""level2"":""Culture-core"",""level3"":""screenwriter"",""person_count"":9966,""example_wikidata_codes"":""Q100207|Q1002882|Q100314""}]"	0	0	[]	Culture	proposed	high	agrees_with_previous_llm	[]	0	freebase_bhht_author_lookup_v1	lookup_candidate_not_frozen	"[""\""Weird Al\"" Yankovic"", ""23668Rajendra Singh Babu"", ""50 Cent""]"
9	Singer	8056	singer	author_exact	exact_unique	Culture	Culture-core	"[[""Culture"",""Culture-core""]]"	1	1	"[""singer""]"	[529]	"[[""Culture"",""Culture-core""]]"	[529]	Culture	Culture-core	singer	0	0	"[{""level1"":""Culture"",""level2"":""Culture-core"",""level3"":""singer"",""person_count"":47583,""example_wikidata_codes"":""Q1000588|Q1000682|Q1001145""}]"	0	0	[]	Culture	proposed	high	agrees_with_previous_llm	[]	0	freebase_bhht_author_lookup_v1	lookup_candidate_not_frozen	"[""\""Weird Al\"" Yankovic"", ""/m/02k2kw"", ""A Martinez""]"
10	Athlete	7946	athlete	author_exact	exact_unique	Sports/Games	Sports/Games	"[[""Sports/Games"",""Sports/Games""]]"	1	1	"[""athlete""]"	[32]	"[[""Sports/Games"",""Sports/Games""]]"	[32]	Sports/Games	Sports/Games	athlete	0	0	"[{""level1"":""Sports/Games"",""level2"":""Sports/Games"",""level3"":""athlete"",""person_count"":6561,""example_wikidata_codes"":""Q1000164|Q100627|Q101422""}]"	0	0	[]	Sports/Games	proposed	high	agrees_with_previous_llm	[]	0	freebase_bhht_author_lookup_v1	lookup_candidate_not_frozen	"[""A'ala Hubail"", ""A. J. Allmendinger"", ""A. J. Feeley""]"
11	Politician	5549	politician	author_exact	exact_unique	Leadership	Politics	"[[""Leadership"",""Politics""]]"	1	1	"[""politician""]"	[1014]	"[[""Leadership"",""Politics""]]"	[1014]	Leadership	Politics	politician	0	0	"[{""level1"":""Leadership"",""level2"":""Politics"",""level3"":""politician"",""person_count"":270513,""example_wikidata_codes"":""Q1000051|Q1000061|Q1000070""}]"	0	0	[]	Leadership	proposed	high	agrees_with_previous_llm	[]	0	freebase_bhht_author_lookup_v1	lookup_candidate_not_frozen	"[""A. A. MacLeod"", ""A. K. Faezul Huq"", ""A. K. Fazlul Huq""]"
13	Manager	4155	manager	author_exact	exact_unique	Leadership	Corporate/Executive/Business (large)	"[[""Leadership"",""Corporate/Executive/Business (large)""]]"	1	1	"[""manager""]"	[1234]	"[[""Leadership"",""Corporate/Executive/Business (large)""]]"	[1234]	Leadership	Corporate/Executive/Business (large)	manager	0	0	"[{""level1"":""Leadership"",""level2"":""Corporate/Executive/Business (large)"",""level3"":""manager"",""person_count"":2083,""example_wikidata_codes"":""Q100419|Q100493|Q101501""}]"	0	0	[]		needs_review	low	author_candidate_previous_needs_review	[]	0	freebase_bhht_author_lookup_v1	lookup_candidate_not_frozen	"[""\""Weird Al\"" Yankovic"", ""/m/017vbn"", ""A-Trak""]"
15	Author	3887	author	author_exact	exact_unique	Culture	Culture-core	"[[""Culture"",""Culture-core""]]"	1	1	"[""author""]"	[352]	"[[""Culture"",""Culture-core""]]"	[352]	Culture	Culture-core	author	0	0	"[{""level1"":""Culture"",""level2"":""Culture-core"",""level3"":""author"",""person_count"":19743,""example_wikidata_codes"":""Q1006103|Q100844|Q101316""}]"	0	0	[]	Culture	proposed	high	agrees_with_previous_llm	[]	0	freebase_bhht_author_lookup_v1	lookup_candidate_not_frozen	"[""A. A. Gill"", ""A. B. Yehoshua"", ""A. Bartlett Giamatti""]"
17	Scientist	3582	scientist	author_exact	exact_unique	Discovery/Science	Academia	"[[""Discovery/Science"",""Academia""]]"	1	1	"[""scientist""]"	[894]	"[[""Discovery/Science"",""Academia""]]"	[894]	Discovery/Science	Academia	scientist	0	0	"[{""level1"":""Discovery/Science"",""level2"":""Academia"",""level3"":""scientist"",""person_count"":4273,""example_wikidata_codes"":""Q100275|Q102075|Q10263139""}]"	0	0	[]	Discovery/Science	proposed	high	agrees_with_previous_llm	[]	0	freebase_bhht_author_lookup_v1	lookup_candidate_not_frozen	"[""A. P. Balachandran"", ""A. Richard Newton"", ""Aafia Siddiqui""]"
20	Educator	3229	educator	author_exact	exact_unique	Discovery/Science	Academia	"[[""Discovery/Science"",""Academia""]]"	1	1	"[""educator""]"	[738]	"[[""Discovery/Science"",""Academia""]]"	[738]	Discovery/Science	Academia	educator	0	0	"[{""level1"":""Discovery/Science"",""level2"":""Academia"",""level3"":""educator"",""person_count"":1819,""example_wikidata_codes"":""Q10276397|Q10281212|Q10281346""}]"	0	0	[]	Discovery/Science	proposed	high	agrees_with_previous_llm	[]	0	freebase_bhht_author_lookup_v1	lookup_candidate_not_frozen	"[""A. Bartlett Giamatti"", ""A. Michael Baldwin"", ""A. Richard Newton""]"
22	Journalist	2991	journalist	author_exact	exact_unique	Culture	Culture-periphery	"[[""Culture"",""Culture-periphery""]]"	1	1	"[""journalist""]"	[629]	"[[""Culture"",""Culture-periphery""]]"	[629]	Culture	Culture-periphery	journalist	0	0	"[{""level1"":""Culture"",""level2"":""Culture-periphery"",""level3"":""journalist"",""person_count"":36072,""example_wikidata_codes"":""Q1000045|Q1000180|Q1000605""}]"	0	0	[]	Culture	proposed	high	agrees_with_previous_llm	[]	0	freebase_bhht_author_lookup_v1	lookup_candidate_not_frozen	"[""A. A. Gill"", ""A. Bhimsingh"", ""A. J. Benza""]"
24	Model	2817	model	author_exact	exact_unique	Culture	Culture-periphery	"[[""Culture"",""Culture-periphery""]]"	1	1	"[""_model_""]"	[577]	"[[""Culture"",""Culture-periphery""]]"	[577]	Culture	Culture-periphery	_model_	0	0	"[{""level1"":""Culture"",""level2"":""Culture-periphery"",""level3"":""model"",""person_count"":5919,""example_wikidata_codes"":""Q100418|Q1007244|Q100728""}]"	0	0	[]	Culture	proposed	high	agrees_with_previous_llm	[]	0	freebase_bhht_author_lookup_v1	lookup_candidate_not_frozen	"[""AJ Dee"", ""AJ Michalka"", ""AYAMI (Model)""]"
25	Presenter	2632	presenter	author_exact	exact_unique	Culture	Culture-periphery	"[[""Culture"",""Culture-periphery""]]"	1	1	"[""presenter""]"	[638]	"[[""Culture"",""Culture-periphery""]]"	[638]	Culture	Culture-periphery	presenter	0	0	"[{""level1"":""Culture"",""level2"":""Culture-periphery"",""level3"":""presenter"",""person_count"":5218,""example_wikidata_codes"":""Q100217|Q100237|Q100247""}]"	0	0	[]	Culture	proposed	high	agrees_with_previous_llm	[]	0	freebase_bhht_author_lookup_v1	lookup_candidate_not_frozen	"[""A. J. Benza"", ""Aarre Elo"", ""Abby Huntsman""]"
26	Novelist	2512	novelist	author_exact	exact_unique	Culture	Culture-core	"[[""Culture"",""Culture-core""]]"	1	1	"[""novelist""]"	[474]	"[[""Culture"",""Culture-core""]]"	[474]	Culture	Culture-core	novelist	0	0	"[{""level1"":""Culture"",""level2"":""Culture-core"",""level3"":""novelist"",""person_count"":9076,""example_wikidata_codes"":""Q10019781|Q1005559|Q10065349""}]"	0	0	[]	Culture	proposed	high	agrees_with_previous_llm	[]	0	freebase_bhht_author_lookup_v1	lookup_candidate_not_frozen	"[""A. A. Milne"", ""A. B. Yehoshua"", ""A. E. Hotchner""]"
28	Entertainer	2358	entertainer	author_exact	exact_unique	Culture	Culture-core	"[[""Culture"",""Culture-core""]]"	1	1	"[""entertainer""]"	[416]	"[[""Culture"",""Culture-core""]]"	[416]	Culture	Culture-core	entertainer	0	0	"[{""level1"":""Culture"",""level2"":""Culture-core"",""level3"":""entertainer"",""person_count"":200,""example_wikidata_codes"":""Q100802|Q111177|Q1138657""}]"	0	0	[]	Culture	proposed	high	agrees_with_previous_llm	[]	0	freebase_bhht_author_lookup_v1	lookup_candidate_not_frozen	"[""\""Weird Al\"" Yankovic"", ""100 Kila"", ""A-Trak""]"
30	Lawyer	2304	lawyer	author_exact	exact_unique	Leadership	Administration/Law	"[[""Leadership"",""Administration/Law""]]"	1	1	"[""_lawyer""]"	[1053]	"[[""Leadership"",""Administration/Law""]]"	[1053]	Leadership	Administration/Law	_lawyer	0	0	"[{""level1"":""Leadership"",""level2"":""Administration/Law"",""level3"":""lawyer"",""person_count"":39809,""example_wikidata_codes"":""Q1000228|Q1000324|Q1000439""}]"	0	0	[]	Leadership	proposed	high	agrees_with_previous_llm	[]	0	freebase_bhht_author_lookup_v1	lookup_candidate_not_frozen	"[""A. Linwood Holton Jr."", ""A. N. R. Robinson"", ""A. P. Herbert""]"
31	Designer	2186	designer	author_exact	exact_unique	Culture	Culture-periphery	"[[""Culture"",""Culture-periphery""]]"	1	1	"[""designer""]"	[606]	"[[""Culture"",""Culture-periphery""]]"	[606]	Culture	Culture-periphery	designer	0	0	"[{""level1"":""Culture"",""level2"":""Culture-periphery"",""level3"":""designer"",""person_count"":5456,""example_wikidata_codes"":""Q100236|Q100652|Q101536""}]"	0	0	[]	Culture	proposed	medium	agrees_with_previous_llm	[]	0	freebase_bhht_author_lookup_v1	lookup_candidate_not_frozen	"[""A. W. Lawrence"", ""Abbas Kiarostami"", ""Abel Facello""]"
32	Songwriter	2169	songwriter	author_exact	exact_unique	Culture	Culture-core	"[[""Culture"",""Culture-core""]]"	1	1	"[""songwriter""]"	[535]	"[[""Culture"",""Culture-core""]]"	[535]	Culture	Culture-core	songwriter	0	0	"[{""level1"":""Culture"",""level2"":""Culture-core"",""level3"":""songwriter"",""person_count"":4245,""example_wikidata_codes"":""Q10102972|Q1016417|Q102236""}]"	0	0	[]	Culture	proposed	high	agrees_with_previous_llm	[]	0	freebase_bhht_author_lookup_v1	lookup_candidate_not_frozen	"[""/m/02k2kw"", ""50 Cent"", ""A. P. Carter""]"
33	Editor	2061	editor	author_exact	exact_unique	Culture	Culture-periphery	"[[""Culture"",""Culture-periphery""]]"	1	1	"[""editor""]"	[612]	"[[""Culture"",""Culture-periphery""]]"	[612]	Culture	Culture-periphery	editor	0	0	"[{""level1"":""Culture"",""level2"":""Culture-periphery"",""level3"":""editor"",""person_count"":2686,""example_wikidata_codes"":""Q1000896|Q100116|Q100327""},{""level1"":""Other"",""level2"":""Worker/Business (small)"",""level3"":""editor"",""person_count"":10,""example_wikidata_codes"":""Q10284549|Q10289065|Q10310228""}]"	1	1	"[""person_main_reference_disagrees_not_used_to_override""]"	Culture	proposed	medium	agrees_with_previous_llm	"[""person_main_reference_disagrees_not_used_to_override""]"	0	freebase_bhht_author_lookup_v1	lookup_candidate_not_frozen	"[""A. Bhimsingh"", ""Aaron Howland"", ""Aaron Woodley""]"
35	Comedian	1871	comedian	author_exact	exact_unique	Culture	Culture-core	"[[""Culture"",""Culture-core""]]"	1	1	"[""comedian""]"	[393]	"[[""Culture"",""Culture-core""]]"	[393]	Culture	Culture-core	comedian	0	0	"[{""level1"":""Culture"",""level2"":""Culture-core"",""level3"":""comedian"",""person_count"":2863,""example_wikidata_codes"":""Q1001240|Q100333|Q101973""}]"	0	0	[]	Culture	proposed	high	agrees_with_previous_llm	[]	0	freebase_bhht_author_lookup_v1	lookup_candidate_not_frozen	"[""\""Weird Al\"" Yankovic"", ""A. Whitney Brown"", ""Aaron Morris (Comedian)""]"
37	Mathematician	1682	mathematician	author_exact	exact_unique	Discovery/Science	Academia	"[[""Discovery/Science"",""Academia""]]"	1	1	"[""mathematician""]"	[810]	"[[""Discovery/Science"",""Academia""]]"	[810]	Discovery/Science	Academia	mathematician	0	0	"[{""level1"":""Discovery/Science"",""level2"":""Academia"",""level3"":""mathematician"",""person_count"":11453,""example_wikidata_codes"":""Q1000034|Q1000581|Q1001295""}]"	0	0	[]	Discovery/Science	proposed	high	agrees_with_previous_llm	[]	0	freebase_bhht_author_lookup_v1	lookup_candidate_not_frozen	"[""A. Ross Eckler"", ""A. Ross Eckler, Jr."", ""Abdulalim A. Shabazz""]"
39	Teacher	1594	teacher	author_exact	exact_unique	Discovery/Science	Academia	"[[""Discovery/Science"",""Academia""]]"	1	1	"[""teacher_""]"	[910]	"[[""Discovery/Science"",""Academia""]]"	[910]	Discovery/Science	Academia	teacher_	0	0	"[{""level1"":""Discovery/Science"",""level2"":""Academia"",""level3"":""teacher"",""person_count"":5380,""example_wikidata_codes"":""Q1004158|Q100460|Q100681""}]"	0	0	[]	Discovery/Science	proposed	high	agrees_with_previous_llm	[]	0	freebase_bhht_author_lookup_v1	lookup_candidate_not_frozen	"[""A. Bartlett Giamatti"", ""A. Michael Baldwin"", ""A. W. Lawrence""]"
40	Poet	1556	poet	author_exact	exact_unique	Culture	Culture-core	"[[""Culture"",""Culture-core""]]"	1	1	"[""_poet""]"	[329]	"[[""Culture"",""Culture-core""]]"	[329]	Culture	Culture-core	_poet	0	0	"[{""level1"":""Culture"",""level2"":""Culture-core"",""level3"":""poet"",""person_count"":23795,""example_wikidata_codes"":""Q100035|Q100203|Q100334""}]"	0	0	[]	Culture	proposed	high	agrees_with_previous_llm	[]	0	freebase_bhht_author_lookup_v1	lookup_candidate_not_frozen	"[""A. E. Stallings"", ""A. S. Byatt"", ""Aarni Krohn""]"
42	Operator	1478	operator	author_exact	exact_unique	Other	Worker/Business (small)	"[[""Other"",""Worker/Business (small)""]]"	1	1	"[""operator""]"	[1661]	"[[""Other"",""Worker/Business (small)""]]"	[1661]	Other	Worker/Business (small)	operator	0	0	"[{""level1"":""Other"",""level2"":""Worker/Business (small)"",""level3"":""operator"",""person_count"":68,""example_wikidata_codes"":""Q10696426|Q1265214|Q12857340""}]"	0	0	[]		needs_review	low	author_candidate_previous_needs_review	[]	0	freebase_bhht_author_lookup_v1	lookup_candidate_not_frozen	"[""Abbas Kiarostami"", ""Abe Forman-Greenwald"", ""Adam Alleca""]"
44	Playwright	1464	playwright	author_exact	exact_unique	Culture	Culture-core	"[[""Culture"",""Culture-core""]]"	1	1	"[""playwright""]"	[498]	"[[""Culture"",""Culture-core""]]"	[498]	Culture	Culture-core	playwright	0	0	"[{""level1"":""Culture"",""level2"":""Culture-core"",""level3"":""playwright"",""person_count"":3540,""example_wikidata_codes"":""Q1000002|Q1000323|Q1005963""}]"	0	0	[]	Culture	proposed	high	agrees_with_previous_llm	[]	0	freebase_bhht_author_lookup_v1	lookup_candidate_not_frozen	"[""/m/017vbn"", ""A. A. Milne"", ""A. B. Yehoshua""]"
45	Cinematographer	1429	cinematographer	author_exact	exact_unique	Culture	Culture-core	"[[""Culture"",""Culture-core""]]"	1	1	"[""cinematographer""]"	[386]	"[[""Culture"",""Culture-core""]]"	[385,386]	Culture	Culture-core	cinema	0	0	"[{""level1"":""Culture"",""level2"":""Culture-core"",""level3"":""cinematographer"",""person_count"":94,""example_wikidata_codes"":""Q11459270|Q11614896|Q12326272""}]"	0	0	[]	Culture	proposed	high	agrees_with_previous_llm	[]	0	freebase_bhht_author_lookup_v1	lookup_candidate_not_frozen	"[""Abbas Kiarostami"", ""Abe Forman-Greenwald"", ""Adam Alleca""]"
46	Physician	1410	physician	author_exact	exact_unique	Discovery/Science	Academia	"[[""Discovery/Science"",""Academia""]]"	1	1	"[""physician""]"	[867]	"[[""Discovery/Science"",""Academia""]]"	[867]	Discovery/Science	Academia	physician	0	0	"[{""level1"":""Discovery/Science"",""level2"":""Academia"",""level3"":""physician"",""person_count"":15827,""example_wikidata_codes"":""Q1000079|Q100252|Q100292""}]"	0	0	[]	Discovery/Science	proposed	high	agrees_with_previous_llm	[]	0	freebase_bhht_author_lookup_v1	lookup_candidate_not_frozen	"[""A. J. Cronin"", ""A. Lakshmanaswami Mudaliar"", ""Aaron Ciechanover""]"
49	Visual Artist	1323	visual_artist	author_exact	exact_unique	Culture	Culture-periphery	"[[""Culture"",""Culture-periphery""]]"	1	1	"[""visual_artist""]"	[659]	"[[""Culture"",""Culture-core""],[""Culture"",""Culture-periphery""]]"	[304,659]	Culture	Culture-core	_artist	0	1	"[{""level1"":""Culture"",""level2"":""Culture-periphery"",""level3"":""visual_artist"",""person_count"":21,""example_wikidata_codes"":""Q16104380|Q16151811|Q18387820""}]"	0	0	"[""exact_lookup_differs_from_full_author_first_match""]"	Culture	proposed	high	agrees_with_previous_llm	"[""exact_lookup_differs_from_full_author_first_match""]"	0	freebase_bhht_author_lookup_v1	lookup_candidate_not_frozen	"[""Aaron Douglas"", ""Abidin Dino"", ""Ad Reinhardt""]"
51	Record producer	1284	record_producer	author_exact	exact_unique	Culture	Culture-periphery	"[[""Culture"",""Culture-periphery""]]"	1	1	"[""record_producer""]"	[647]	"[[""Culture"",""Culture-core""],[""Culture"",""Culture-periphery""]]"	[506,647]	Culture	Culture-core	producer	0	1	"[{""level1"":""Culture"",""level2"":""Culture-periphery"",""level3"":""record_producer"",""person_count"":9,""example_wikidata_codes"":""Q16202297|Q16255643|Q1710967""}]"	0	0	"[""exact_lookup_differs_from_full_author_first_match""]"	Culture	proposed	high	agrees_with_previous_llm	"[""exact_lookup_differs_from_full_author_first_match""]"	0	freebase_bhht_author_lookup_v1	lookup_candidate_not_frozen	"[""\""Weird Al\"" Yankovic"", ""A-Trak"", ""A. R. Rahman""]"
52	Dancer	1257	dancer	author_exact	exact_unique	Culture	Culture-core	"[[""Culture"",""Culture-core""]]"	1	1	"[""dancer""]"	[410]	"[[""Culture"",""Culture-core""]]"	[410]	Culture	Culture-core	dancer	0	0	"[{""level1"":""Culture"",""level2"":""Culture-core"",""level3"":""dancer"",""person_count"":1996,""example_wikidata_codes"":""Q1000318|Q1024044|Q1028986""},{""level1"":""Culture"",""level2"":""Sports/Games"",""level3"":""dancer"",""person_count"":448,""example_wikidata_codes"":""Q111163|Q11286573|Q11301035""}]"	1	0	"[""person_main_reference_disagrees_not_used_to_override""]"	Culture	proposed	high	agrees_with_previous_llm	"[""person_main_reference_disagrees_not_used_to_override""]"	0	freebase_bhht_author_lookup_v1	lookup_candidate_not_frozen	"[""A. J. Cook"", ""Aaliyah"", ""Aaron Carter""]"
53	Philosopher	1149	philosopher	author_exact	exact_unique	Discovery/Science	Academia	"[[""Discovery/Science"",""Academia""]]"	1	1	"[""philosopher""]"	[861]	"[[""Discovery/Science"",""Academia""]]"	[861]	Discovery/Science	Academia	philosopher	0	0	"[{""level1"":""Discovery/Science"",""level2"":""Academia"",""level3"":""philosopher"",""person_count"":8193,""example_wikidata_codes"":""Q100210|Q1006982|Q100741""}]"	0	0	[]	Discovery/Science	proposed	high	agrees_with_previous_llm	[]	0	freebase_bhht_author_lookup_v1	lookup_candidate_not_frozen	"[""14th Dalai Lama"", ""A. D. Gordon"", ""A.J. Ayer""]"
54	Entrepreneur	1105	entrepreneur	author_exact	exact_unique	Leadership	Corporate/Executive/Business (large)	"[[""Leadership"",""Corporate/Executive/Business (large)""]]"	1	1	"[""entrepreneur""]"	[1222]	"[[""Leadership"",""Corporate/Executive/Business (large)""]]"	[1222]	Leadership	Corporate/Executive/Business (large)	entrepreneur	0	0	"[{""level1"":""Leadership"",""level2"":""Corporate/Executive/Business (large)"",""level3"":""entrepreneur"",""person_count"":7785,""example_wikidata_codes"":""Q1000600|Q1000803|Q1001899""}]"	0	0	[]	Leadership	proposed	high	agrees_with_previous_llm	[]	0	freebase_bhht_author_lookup_v1	lookup_candidate_not_frozen	"[""50 Cent"", ""A-Trak"", ""A. Alfred Taubman""]"
56	Professor	1026	professor	author_exact	exact_unique	Discovery/Science	Academia	"[[""Discovery/Science"",""Academia""]]"	1	1	"[""professor""]"	[878]	"[[""Discovery/Science"",""Academia""]]"	[878]	Discovery/Science	Academia	professor	0	0	"[{""level1"":""Discovery/Science"",""level2"":""Academia"",""level3"":""professor"",""person_count"":6320,""example_wikidata_codes"":""Q1000044|Q10002689|Q100230""}]"	0	0	[]	Discovery/Science	proposed	high	agrees_with_previous_llm	[]	0	freebase_bhht_author_lookup_v1	lookup_candidate_not_frozen	"[""A. Richard Newton"", ""A. W. Lawrence"", ""Aaron Ciechanover""]"
57	Engineer	1006	engineer	author_exact	exact_unique	Discovery/Science	Explorer/Inventor/Developer	"[[""Discovery/Science"",""Explorer/Inventor/Developer""]]"	1	1	"[""engineer""]"	[1187]	"[[""Discovery/Science"",""Explorer/Inventor/Developer""]]"	[1187]	Discovery/Science	Explorer/Inventor/Developer	engineer	0	0	"[{""level1"":""Discovery/Science"",""level2"":""Explorer/Inventor/Developer"",""level3"":""engineer"",""person_count"":14349,""example_wikidata_codes"":""Q100209|Q1002765|Q100282""}]"	0	0	[]	Discovery/Science	proposed	high	agrees_with_previous_llm	[]	0	freebase_bhht_author_lookup_v1	lookup_candidate_not_frozen	"[""A. Richard Newton"", ""A.J. Marik"", ""Abdul Qadeer Khan""]"
59	Painter	943	painter	author_exact	exact_unique	Culture	Culture-core	"[[""Culture"",""Culture-core""]]"	1	1	"[""painter""]"	[483]	"[[""Culture"",""Culture-core""]]"	[483]	Culture	Culture-core	painter	0	0	"[{""level1"":""Culture"",""level2"":""Culture-core"",""level3"":""painter"",""person_count"":60189,""example_wikidata_codes"":""Q1000229|Q1000596|Q1000601""}]"	0	0	[]	Culture	proposed	high	agrees_with_previous_llm	[]	0	freebase_bhht_author_lookup_v1	lookup_candidate_not_frozen	"[""/m/02k2kw"", ""Aaron Douglas"", ""Abidin Dino""]"
60	Physicist	913	physicist	author_exact	exact_unique	Discovery/Science	Academia	"[[""Discovery/Science"",""Academia""]]"	1	1	"[""physicist""]"	[868]	"[[""Discovery/Science"",""Academia""]]"	[868]	Discovery/Science	Academia	physicist	0	0	"[{""level1"":""Discovery/Science"",""level2"":""Academia"",""level3"":""physicist"",""person_count"":9536,""example_wikidata_codes"":""Q1000934|Q100212|Q100216""}]"	0	0	[]	Discovery/Science	proposed	high	agrees_with_previous_llm	[]	0	freebase_bhht_author_lookup_v1	lookup_candidate_not_frozen	"[""A. P. Balachandran"", ""Aage Bohr"", ""Aaron Klug""]"
63	Photographer	823	photographer	author_exact	exact_unique	Culture	Culture-core	"[[""Culture"",""Culture-core""]]"	1	1	"[""photographer""]"	[491]	"[[""Culture"",""Culture-core""]]"	[491]	Culture	Culture-core	photographer	0	0	"[{""level1"":""Culture"",""level2"":""Culture-core"",""level3"":""photographer"",""person_count"":11055,""example_wikidata_codes"":""Q1004027|Q100515|Q100525""}]"	0	0	[]	Culture	proposed	high	agrees_with_previous_llm	[]	0	freebase_bhht_author_lookup_v1	lookup_candidate_not_frozen	"[""Abbas Kiarostami"", ""Abraham Stein"", ""Aditya Bhattacharya""]"
65	Conductor	723	conductor	author_exact	exact_unique	Culture	Culture-core	"[[""Culture"",""Culture-core""]]"	1	1	"[""conductor""]"	[401]	"[[""Culture"",""Culture-core""]]"	[401]	Culture	Culture-core	conductor	0	0	"[{""level1"":""Culture"",""level2"":""Culture-core"",""level3"":""conductor"",""person_count"":5875,""example_wikidata_codes"":""Q100243|Q100309|Q100360""},{""level1"":""Other"",""level2"":""Worker/Business (small)"",""level3"":""conductor"",""person_count"":2,""example_wikidata_codes"":""Q20651270|Q5715965""}]"	1	1	"[""person_main_reference_disagrees_not_used_to_override""]"	Culture	proposed	high	agrees_with_previous_llm	"[""person_main_reference_disagrees_not_used_to_override""]"	0	freebase_bhht_author_lookup_v1	lookup_candidate_not_frozen	"[""A. M. Rajah"", ""A. R. Rahman"", ""Aadesh Shrivastava""]"
66	Architect	717	architect	author_exact	exact_unique	Culture	Culture-periphery	"[[""Culture"",""Culture-periphery""]]"	1	1	"[""architect""]"	[586]	"[[""Culture"",""Culture-periphery""]]"	[586]	Culture	Culture-periphery	architect	0	0	"[{""level1"":""Culture"",""level2"":""Culture-periphery"",""level3"":""architect"",""person_count"":20332,""example_wikidata_codes"":""Q1000203|Q1000696|Q100073""}]"	0	0	[]	Culture	proposed	high	agrees_with_previous_llm	[]	0	freebase_bhht_author_lookup_v1	lookup_candidate_not_frozen	"[""A. W. Lawrence"", ""Abraham Levy"", ""Abram Garfield""]"
67	Coach	696	coach	author_exact	exact_unique	Sports/Games	Sports/Games	"[[""Sports/Games"",""Sports/Games""]]"	1	1	"[""coach""]"	[75]	"[[""Sports/Games"",""Sports/Games""]]"	[75]	Sports/Games	Sports/Games	coach	0	0	"[{""level1"":""Sports/Games"",""level2"":""Culture-periphery"",""level3"":""coach"",""person_count"":11,""example_wikidata_codes"":""Q16194257|Q21062603|Q22958620""},{""level1"":""Sports/Games"",""level2"":""Sports/Games"",""level3"":""coach"",""person_count"":4751,""example_wikidata_codes"":""Q101586|Q10269030|Q1027161""}]"	1	0	"[""person_main_reference_disagrees_not_used_to_override""]"		needs_review	low	author_candidate_previous_needs_review	"[""person_main_reference_disagrees_not_used_to_override""]"	0	freebase_bhht_author_lookup_v1	lookup_candidate_not_frozen	"[""Abel Braga"", ""Al Dacascos"", ""Al Golden""]"
69	Pianist	636	pianist	author_exact	exact_unique	Culture	Culture-core	"[[""Culture"",""Culture-core""]]"	1	1	"[""pianist""]"	[495]	"[[""Culture"",""Culture-core""]]"	[495]	Culture	Culture-core	pianist	0	0	"[{""level1"":""Culture"",""level2"":""Culture-core"",""level3"":""pianist"",""person_count"":6133,""example_wikidata_codes"":""Q1000788|Q1000975|Q1001135""}]"	0	0	[]	Culture	proposed	high	agrees_with_previous_llm	[]	0	freebase_bhht_author_lookup_v1	lookup_candidate_not_frozen	"[""Aaron Copland"", ""Abdullah Ibrahim"", ""Abram Chasins""]"
70	Historian	614	historian	author_exact	exact_unique	Discovery/Science	Academia	"[[""Discovery/Science"",""Academia""]]"	1	1	"[""historian""]"	[783]	"[[""Discovery/Science"",""Academia""]]"	[783]	Discovery/Science	Academia	historian	0	0	"[{""level1"":""Discovery/Science"",""level2"":""Academia"",""level3"":""historian"",""person_count"":24196,""example_wikidata_codes"":""Q1000405|Q1000920|Q100246""}]"	0	0	[]	Discovery/Science	proposed	high	agrees_with_previous_llm	[]	0	freebase_bhht_author_lookup_v1	lookup_candidate_not_frozen	"[""Abiel Holmes"", ""Abraham Pais"", ""Abram L. Sachar""]"
71	Soldier	613	soldier	author_exact	exact_unique	Leadership	Military	"[[""Leadership"",""Military""]]"	1	1	"[""soldier""]"	[1423]	"[[""Leadership"",""Military""]]"	[1423]	Leadership	Military	soldier	0	0	"[{""level1"":""Leadership"",""level2"":""Military"",""level3"":""soldier"",""person_count"":4086,""example_wikidata_codes"":""Q100305|Q100488|Q101594""}]"	0	0	[]	Leadership	proposed	high	agrees_with_previous_llm	[]	0	freebase_bhht_author_lookup_v1	lookup_candidate_not_frozen	"[""A. R. Rawlinson"", ""Aaron Elliston Jones"", ""Abbas Ali Khan (Soldier)""]"
73	Chemist	606	chemist	author_exact	exact_unique	Discovery/Science	Academia	"[[""Discovery/Science"",""Academia""]]"	1	1	"[""chemist""]"	[715]	"[[""Discovery/Science"",""Academia""]]"	[715]	Discovery/Science	Academia	chemist	0	0	"[{""level1"":""Discovery/Science"",""level2"":""Academia"",""level3"":""chemist"",""person_count"":7964,""example_wikidata_codes"":""Q100140|Q100277|Q100461""}]"	0	0	[]	Discovery/Science	proposed	high	agrees_with_previous_llm	[]	0	freebase_bhht_author_lookup_v1	lookup_candidate_not_frozen	"[""Aaron Klug"", ""Abū Rayḥān al-Bīrūnī"", ""Ad Bax""]"
74	Economist	546	economist	author_exact	exact_unique	Discovery/Science	Academia	"[[""Discovery/Science"",""Academia""]]"	1	1	"[""economist""]"	[736]	"[[""Discovery/Science"",""Academia""]]"	[736]	Discovery/Science	Academia	economist	0	0	"[{""level1"":""Discovery/Science"",""level2"":""Academia"",""level3"":""economist"",""person_count"":9510,""example_wikidata_codes"":""Q1001839|Q100308|Q100519""}]"	0	0	[]	Discovery/Science	proposed	high	agrees_with_previous_llm	[]	0	freebase_bhht_author_lookup_v1	lookup_candidate_not_frozen	"[""A. Ronald Gallant"", ""Aaron Director"", ""Abba P. Lerner""]"
75	Critic	527	critic	author_exact	exact_unique	Culture	Culture-periphery	"[[""Culture"",""Culture-periphery""]]"	1	1	"[""critic""]"	[604]	"[[""Culture"",""Culture-periphery""]]"	[604]	Culture	Culture-periphery	critic	0	0	"[{""level1"":""Culture"",""level2"":""Culture-periphery"",""level3"":""critic"",""person_count"":260,""example_wikidata_codes"":""Q10330009|Q1065647|Q1081122""}]"	0	0	[]	Culture	proposed	medium	agrees_with_previous_llm	[]	0	freebase_bhht_author_lookup_v1	lookup_candidate_not_frozen	"[""A. O. Scott"", ""Adam Baruch"", ""Adam Kirsch""]"
76	Activist	525	activist	author_exact	exact_unique	Leadership	Politics	"[[""Leadership"",""Politics""]]"	1	1	"[""activist""]"	[939]	"[[""Leadership"",""Politics""]]"	[939]	Leadership	Politics	activist	0	0	"[{""level1"":""Leadership"",""level2"":""Politics"",""level3"":""activist"",""person_count"":4954,""example_wikidata_codes"":""Q1006271|Q102394|Q10304974""}]"	0	0	[]	Leadership	proposed	medium	agrees_with_previous_llm	[]	0	freebase_bhht_author_lookup_v1	lookup_candidate_not_frozen	"[""Abbie Hoffman"", ""Abdoulaye Wade"", ""Abdul Rahman Yusuf""]"
77	Cartoonist	471	cartoonist	author_exact	exact_unique	Culture	Culture-core	"[[""Culture"",""Culture-core""]]"	1	1	"[""cartoonist""]"	[371]	"[[""Culture"",""Culture-core""]]"	[371]	Culture	Culture-core	cartoonist	0	0	"[{""level1"":""Culture"",""level2"":""Culture-core"",""level3"":""cartoonist"",""person_count"":1949,""example_wikidata_codes"":""Q1018347|Q10262868|Q1027405""}]"	0	0	[]	Culture	proposed	high	agrees_with_previous_llm	[]	0	freebase_bhht_author_lookup_v1	lookup_candidate_not_frozen	"[""Ahsan Habib"", ""Al Roth (Cartoonist)"", ""Alan Moore""]"
80	Costume designer	416	costume_designer	author_exact	exact_unique	Culture	Culture-core	"[[""Culture"",""Culture-core""]]"	1	1	"[""costume_designer""]"	[405]	"[[""Culture"",""Culture-core""],[""Culture"",""Culture-periphery""]]"	[405,606]	Culture	Culture-core	costume_designer	0	0	"[{""level1"":""Culture"",""level2"":""Culture-core"",""level3"":""costume_designer"",""person_count"":693,""example_wikidata_codes"":""Q100675|Q10391758|Q1067185""}]"	0	0	[]	Culture	proposed	high	agrees_with_previous_llm	[]	0	freebase_bhht_author_lookup_v1	lookup_candidate_not_frozen	"[""Adelaide Maria Trêpa"", ""Adele Palmer"", ""Adelle Lutz""]"
82	Linguist	407	linguist	author_exact	exact_unique	Discovery/Science	Academia	"[[""Discovery/Science"",""Academia""]]"	1	1	"[""linguist""]"	[805]	"[[""Discovery/Science"",""Academia""]]"	[805]	Discovery/Science	Academia	linguist	0	0	"[{""level1"":""Discovery/Science"",""level2"":""Academia"",""level3"":""linguist"",""person_count"":4788,""example_wikidata_codes"":""Q1000542|Q1001629|Q1011744""}]"	0	0	[]	Discovery/Science	proposed	high	agrees_with_previous_llm	[]	0	freebase_bhht_author_lookup_v1	lookup_candidate_not_frozen	"[""Abū Rayḥān al-Bīrūnī"", ""Adi Shamir"", ""Adolfo Bioy Casares""]"
83	Navigator	406	navigator	author_exact	exact_unique	Discovery/Science	Explorer/Inventor/Developer	"[[""Discovery/Science"",""Explorer/Inventor/Developer""]]"	1	1	"[""navigator""]"	[1200]	"[[""Discovery/Science"",""Explorer/Inventor/Developer""]]"	[1200]	Discovery/Science	Explorer/Inventor/Developer	navigator	0	0	"[{""level1"":""Discovery/Science"",""level2"":""Explorer/Inventor/Developer"",""level3"":""navigator"",""person_count"":131,""example_wikidata_codes"":""Q10287848|Q102962|Q10327356""}]"	0	0	[]		needs_review	low	author_candidate_previous_needs_review	[]	0	freebase_bhht_author_lookup_v1	lookup_candidate_not_frozen	"[""A. Viruly"", ""Abby Sunderland"", ""Adolf Erik Nordenskiöld""]"
84	Production Designer	405	production_designer	author_exact	exact_unique	Culture	Culture-core	"[[""Culture"",""Culture-core""]]"	1	1	"[""production_designer""]"	[507]	"[[""Culture"",""Culture-core""],[""Culture"",""Culture-periphery""]]"	[507,606]	Culture	Culture-core	production_designer	0	0	"[{""level1"":""Culture"",""level2"":""Culture-core"",""level3"":""production_designer"",""person_count"":374,""example_wikidata_codes"":""Q1028992|Q10299184|Q10349655""}]"	0	0	[]	Culture	proposed	high	agrees_with_previous_llm	[]	0	freebase_bhht_author_lookup_v1	lookup_candidate_not_frozen	"[""Abel Facello"", ""Adrianne Lobel"", ""Aksella Luts""]"
90	Art Director	379	art_director	author_exact	exact_unique	Culture	Culture-core	"[[""Culture"",""Culture-core""]]"	1	1	"[""art_director""]"	[351]	"[[""Culture"",""Culture-core""]]"	[351]	Culture	Culture-core	art_director	0	0	"[{""level1"":""Culture"",""level2"":""Culture-core"",""level3"":""art_director"",""person_count"":407,""example_wikidata_codes"":""Q1036742|Q1044653|Q105725""}]"	0	0	[]	Culture	proposed	high	agrees_with_previous_llm	[]	0	freebase_bhht_author_lookup_v1	lookup_candidate_not_frozen	"[""Abel Facello"", ""Adam Johnson (Actor)"", ""Adria Petty""]"
92	Clergy	376	clergy	author_exact	exact_unique	Leadership	Religious	"[[""Leadership"",""Religious""]]"	1	1	"[""clergy""]"	[1293]	"[[""Leadership"",""Religious""]]"	[1293]	Leadership	Religious	clergy	0	0	"[{""level1"":""Leadership"",""level2"":""Religious"",""level3"":""clergy"",""person_count"":874,""example_wikidata_codes"":""Q1010356|Q10294922|Q10308809""}]"	0	0	[]	Leadership	proposed	high	agrees_with_previous_llm	[]	0	freebase_bhht_author_lookup_v1	lookup_candidate_not_frozen	"[""Aaron Teitelbaum"", ""Abdul Aziz al-Hakim"", ""Abraham Geiger""]"
93	Diplomat	366	diplomat	author_exact	exact_unique	Leadership	Administration/Law	"[[""Leadership"",""Administration/Law""]]"	1	1	"[""diplomat""]"	[1070]	"[[""Leadership"",""Administration/Law""]]"	[1070]	Leadership	Administration/Law	diplomat	0	0	"[{""level1"":""Leadership"",""level2"":""Administration/Law"",""level3"":""diplomat"",""person_count"":13380,""example_wikidata_codes"":""Q1000053|Q100259|Q100656""}]"	0	0	[]	Leadership	proposed	high	agrees_with_previous_llm	[]	0	freebase_bhht_author_lookup_v1	lookup_candidate_not_frozen	"[""Abid Hussain"", ""Ahmed Saleh"", ""Ahn Changho""]"
95	Producer	355	producer	author_exact	exact_unique	Culture	Culture-core	"[[""Culture"",""Culture-core""]]"	1	1	"[""producer""]"	[506]	"[[""Culture"",""Culture-core""]]"	[506]	Culture	Culture-core	producer	0	0	"[{""level1"":""Culture"",""level2"":""Culture-core"",""level3"":""producer"",""person_count"":6570,""example_wikidata_codes"":""Q1001205|Q1009403|Q101602""}]"	0	0	[]		needs_review	low	author_candidate_previous_needs_review	[]	0	freebase_bhht_author_lookup_v1	lookup_candidate_not_frozen	"[""Adrianne Lobel"", ""Albert Lewis (TV Writer)"", ""Albert Marre""]"
96	Drummer	351	drummer	author_exact	exact_unique	Culture	Culture-core	"[[""Culture"",""Culture-core""]]"	1	1	"[""drummer""]"	[414]	"[[""Culture"",""Culture-core""]]"	[414]	Culture	Culture-core	drummer	0	0	"[{""level1"":""Culture"",""level2"":""Culture-core"",""level3"":""drummer"",""person_count"":2256,""example_wikidata_codes"":""Q1003742|Q1019363|Q10293961""}]"	0	0	[]	Culture	proposed	high	agrees_with_previous_llm	[]	0	freebase_bhht_author_lookup_v1	lookup_candidate_not_frozen	"[""Abraham Laboriel Jr."", ""Adam Goldstein"", ""Adam Wade""]"
98	Judge	334	judge	author_exact	exact_unique	Leadership	Administration/Law	"[[""Leadership"",""Administration/Law""]]"	1	1	"[""judge""]"	[1076]	"[[""Leadership"",""Administration/Law""]]"	[1076]	Leadership	Administration/Law	judge	0	0	"[{""level1"":""Leadership"",""level2"":""Administration/Law"",""level3"":""judge"",""person_count"":10827,""example_wikidata_codes"":""Q1000023|Q1001260|Q100297""}]"	0	0	[]	Leadership	proposed	high	agrees_with_previous_llm	[]	0	freebase_bhht_author_lookup_v1	lookup_candidate_not_frozen	"[""Aaron Isaac Maltin"", ""Abd al-Aziz ibn Baz"", ""Abraham Nott""]"
99	Essayist	329	essayist	author_exact	exact_unique	Culture	Culture-core	"[[""Culture"",""Culture-core""]]"	1	1	"[""essayist""]"	[419]	"[[""Culture"",""Culture-core""]]"	[419]	Culture	Culture-core	essayist	0	0	"[{""level1"":""Culture"",""level2"":""Culture-core"",""level3"":""essayist"",""person_count"":858,""example_wikidata_codes"":""Q10278165|Q10310366|Q10321386""}]"	0	0	[]	Culture	proposed	high	agrees_with_previous_llm	[]	0	freebase_bhht_author_lookup_v1	lookup_candidate_not_frozen	"[""A. B. Yehoshua"", ""Adrienne Rich"", ""Akiko Kumai""]"
101	Wrestler	322	wrestler	author_exact	exact_unique	Sports/Games	Sports/Games	"[[""Sports/Games"",""Sports/Games""]]"	1	1	"[""wrestler""]"	[298]	"[[""Sports/Games"",""Sports/Games""]]"	[298]	Sports/Games	Sports/Games	wrestler	0	0	"[{""level1"":""Sports/Games"",""level2"":""Sports/Games"",""level3"":""wrestler"",""person_count"":7368,""example_wikidata_codes"":""Q100030|Q1000807|Q1001305""}]"	0	0	[]	Sports/Games	proposed	high	agrees_with_previous_llm	[]	0	freebase_bhht_author_lookup_v1	lookup_candidate_not_frozen	"[""Afa Anoaʻi"", ""Afa Anoaʻi Jr."", ""Al Snow""]"
102	Rapper	316	rapper	author_exact	exact_unique	Culture	Culture-core	"[[""Culture"",""Culture-core""]]"	1	1	"[""rapper""]"	[512]	"[[""Culture"",""Culture-core""]]"	[512]	Culture	Culture-core	rapper	0	0	"[{""level1"":""Culture"",""level2"":""Culture-core"",""level3"":""rapper"",""person_count"":2508,""example_wikidata_codes"":""Q1004356|Q1008047|Q101788""}]"	0	0	[]	Culture	proposed	high	agrees_with_previous_llm	[]	0	freebase_bhht_author_lookup_v1	lookup_candidate_not_frozen	"[""100 Kila"", ""50 Cent"", ""A.B. Quintanilla""]"
106	Technician	287	technician	author_exact	exact_unique	Other	Worker/Business (small)	"[[""Other"",""Worker/Business (small)""]]"	1	1	"[""technician""]"	[1698]	"[[""Other"",""Worker/Business (small)""]]"	[1698]	Other	Worker/Business (small)	technician	0	0	"[{""level1"":""Other"",""level2"":""Worker/Business (small)"",""level3"":""technician"",""person_count"":69,""example_wikidata_codes"":""Q104502|Q1126634|Q12677264""}]"	0	0	[]		needs_review	low	author_candidate_previous_needs_review	[]	0	freebase_bhht_author_lookup_v1	lookup_candidate_not_frozen	"[""Alan David Moss"", ""Alan Hale, Sr."", ""Alejandro Luna""]"
107	Announcer	286	announcer	author_exact	exact_unique	Culture	Culture-periphery	"[[""Culture"",""Culture-periphery""]]"	1	1	"[""announcer""]"	[585]	"[[""Culture"",""Culture-periphery""]]"	[585]	Culture	Culture-periphery	announcer	0	0	"[{""level1"":""Culture"",""level2"":""Culture-periphery"",""level3"":""announcer"",""person_count"":458,""example_wikidata_codes"":""Q10281660|Q10305320|Q10347723""}]"	0	0	[]	Culture	proposed	high	agrees_with_previous_llm	[]	0	freebase_bhht_author_lookup_v1	lookup_candidate_not_frozen	"[""Adam Curry"", ""Adam Probosz"", ""Aditya Roy Kapur""]"
108	Psychologist	281	psychologist	author_exact	exact_unique	Discovery/Science	Academia	"[[""Discovery/Science"",""Academia""]]"	1	1	"[""psychologist""]"	[883]	"[[""Discovery/Science"",""Academia""]]"	[883]	Discovery/Science	Academia	psychologist	0	0	"[{""level1"":""Discovery/Science"",""level2"":""Academia"",""level3"":""psychologist"",""person_count"":4268,""example_wikidata_codes"":""Q1017265|Q1019423|Q102614""}]"	0	0	[]	Discovery/Science	proposed	high	agrees_with_previous_llm	[]	0	freebase_bhht_author_lookup_v1	lookup_candidate_not_frozen	"[""Abbie Hoffman"", ""Abraham Maslow"", ""Alan S. Kaufman""]"
109	Choreographer	278	choreographer	author_exact	exact_unique	Culture	Culture-core	"[[""Culture"",""Culture-core""]]"	1	1	"[""choreographer""]"	[382]	"[[""Culture"",""Culture-core""]]"	[382]	Culture	Culture-core	choreographer	0	0	"[{""level1"":""Culture"",""level2"":""Culture-core"",""level3"":""choreographer"",""person_count"":2021,""example_wikidata_codes"":""Q100239|Q1020229|Q10263761""}]"	0	0	[]	Culture	proposed	high	agrees_with_previous_llm	[]	0	freebase_bhht_author_lookup_v1	lookup_candidate_not_frozen	"[""Adam Cooper"", ""Agnes de Mille"", ""Albertina Rasch""]"
112	Fashion designer	265	fashion_designer	author_exact	exact_unique	Culture	Culture-periphery	"[[""Culture"",""Culture-periphery""]]"	1	1	"[""fashion_designer""]"	[614]	"[[""Culture"",""Culture-periphery""]]"	[606,614]	Culture	Culture-periphery	designer	0	0	"[{""level1"":""Culture"",""level2"":""Culture-periphery"",""level3"":""fashion_designer"",""person_count"":137,""example_wikidata_codes"":""Q1028975|Q1054225|Q1096995""}]"	0	0	[]	Culture	proposed	high	agrees_with_previous_llm	[]	0	freebase_bhht_author_lookup_v1	lookup_candidate_not_frozen	"[""Adolfo Domínguez"", ""Adriana Oreiro"", ""Agnès B.""]"
113	Computer scientist	258	computer_scientist	author_exact	exact_unique	Discovery/Science	Academia	"[[""Discovery/Science"",""Academia""]]"	1	1	"[""computer_scientist""]"	[719]	"[[""Discovery/Science"",""Academia""]]"	[719,894]	Discovery/Science	Academia	computer_scientist	0	0	"[{""level1"":""Discovery/Science"",""level2"":""Academia"",""level3"":""computer_scientist"",""person_count"":3205,""example_wikidata_codes"":""Q1016479|Q10264940|Q10270906""}]"	0	0	[]	Discovery/Science	proposed	high	agrees_with_previous_llm	[]	0	freebase_bhht_author_lookup_v1	lookup_candidate_not_frozen	"[""A. Richard Newton"", ""Ada Lovelace"", ""Adi Shamir""]"
116	Aviator	248	aviator	author_exact	exact_unique	Leadership	Military	"[[""Leadership"",""Military""]]"	1	1	"[""aviator""]"	[1373]	"[[""Leadership"",""Military""]]"	[1373]	Leadership	Military	aviator	0	0	"[{""level1"":""Leadership"",""level2"":""Military"",""level3"":""aviator"",""person_count"":505,""example_wikidata_codes"":""Q10340786|Q10380542|Q1057190""}]"	0	0	[]		needs_review	low	author_candidate_previous_needs_review	[]	0	freebase_bhht_author_lookup_v1	lookup_candidate_not_frozen	"[""A. Viruly"", ""Alan G. Poindexter"", ""Alan Lee Klapmeier""]"
118	Bassist	241	bassist	author_exact	exact_unique	Culture	Culture-core	"[[""Culture"",""Culture-core""]]"	1	1	"[""bassist""]"	[361]	"[[""Culture"",""Culture-core""]]"	[361]	Culture	Culture-core	bassist	0	0	"[{""level1"":""Culture"",""level2"":""Culture-core"",""level3"":""bassist"",""person_count"":837,""example_wikidata_codes"":""Q1019001|Q10321361|Q1036539""}]"	0	0	[]	Culture	proposed	high	agrees_with_previous_llm	[]	0	freebase_bhht_author_lookup_v1	lookup_candidate_not_frozen	"[""Abraham LaBoriel"", ""Aimee Mann"", ""Alain Johannes""]"
120	Fashion Model	232	fashion_model	author_exact	exact_unique	Culture	Culture-periphery	"[[""Culture"",""Culture-periphery""]]"	1	1	"[""fashion_model""]"	[615]	"[[""Culture"",""Culture-periphery""]]"	[577,615]	Culture	Culture-periphery	_model_	0	0	"[{""level1"":""Culture"",""level2"":""Culture-periphery"",""level3"":""fashion_model"",""person_count"":78,""example_wikidata_codes"":""Q11226026|Q11341012|Q1138320""}]"	0	0	[]	Culture	proposed	high	agrees_with_previous_llm	[]	0	freebase_bhht_author_lookup_v1	lookup_candidate_not_frozen	"[""Abbey Clancy"", ""Adriana Karembeu"", ""Adriana Lima""]"
121	Astronomer	232	astronomer	author_exact	exact_unique	Discovery/Science	Academia	"[[""Discovery/Science"",""Academia""]]"	1	1	"[""astronomer""]"	[698]	"[[""Discovery/Science"",""Academia""]]"	[698]	Discovery/Science	Academia	astronomer	0	0	"[{""level1"":""Discovery/Science"",""level2"":""Academia"",""level3"":""astronomer"",""person_count"":3951,""example_wikidata_codes"":""Q1000193|Q1004339|Q1004812""}]"	0	0	[]	Discovery/Science	proposed	high	agrees_with_previous_llm	[]	0	freebase_bhht_author_lookup_v1	lookup_candidate_not_frozen	"[""Abd al-Rahman al-Sufi"", ""Abraham bar Hiyya"", ""Abu Nasr Mansur""]"
122	Inventor	232	inventor	author_exact	exact_unique	Discovery/Science	Explorer/Inventor/Developer	"[[""Discovery/Science"",""Explorer/Inventor/Developer""]]"	1	1	"[""inventor""]"	[1198]	"[[""Discovery/Science"",""Explorer/Inventor/Developer""]]"	[1198]	Discovery/Science	Explorer/Inventor/Developer	inventor	0	0	"[{""level1"":""Discovery/Science"",""level2"":""Explorer/Inventor/Developer"",""level3"":""inventor"",""person_count"":2411,""example_wikidata_codes"":""Q102164|Q102751|Q10278441""}]"	0	0	[]	Discovery/Science	proposed	high	agrees_with_previous_llm	[]	0	freebase_bhht_author_lookup_v1	lookup_candidate_not_frozen	"[""Alan Hale, Sr."", ""Alex Manoogian"", ""Alexander Graham Bell""]"
126	Sculptor	213	sculptor	author_exact	exact_unique	Culture	Culture-core	"[[""Culture"",""Culture-core""]]"	1	1	"[""sculptor""]"	[525]	"[[""Culture"",""Culture-core""]]"	[525]	Culture	Culture-core	sculptor	0	0	"[{""level1"":""Culture"",""level2"":""Culture-core"",""level3"":""sculptor"",""person_count"":14965,""example_wikidata_codes"":""Q1000269|Q1001602|Q1003437""}]"	0	0	[]	Culture	proposed	high	agrees_with_previous_llm	[]	0	freebase_bhht_author_lookup_v1	lookup_candidate_not_frozen	"[""Adrian Allinson"", ""Alberto Giacometti"", ""Alejandro Obregón""]"
127	Tradesman	210	tradesman	author_exact	exact_unique	Leadership	Corporate/Executive/Business (large)	"[[""Leadership"",""Corporate/Executive/Business (large)""]]"	1	1	"[""tradesman""]"	[1248]	"[[""Leadership"",""Corporate/Executive/Business (large)""]]"	[1248]	Leadership	Corporate/Executive/Business (large)	tradesman	0	0	[]	0	0	[]		out_of_scope	high	author_candidate_previous_out_of_scope	[]	0	freebase_bhht_author_lookup_v1	lookup_candidate_not_frozen	"[""Adam Carolla"", ""Alessandro Mussolini"", ""Alexander Cross (Deceased Person)""]"
128	Animator	210	animator	author_exact	exact_unique	Culture	Culture-core	"[[""Culture"",""Culture-core""]]"	1	1	"[""animator""]"	[348]	"[[""Culture"",""Culture-core""]]"	[348]	Culture	Culture-core	animator	0	0	"[{""level1"":""Culture"",""level2"":""Culture-core"",""level3"":""animator"",""person_count"":691,""example_wikidata_codes"":""Q1022489|Q1063493|Q1086746""}]"	0	0	[]	Culture	proposed	high	agrees_with_previous_llm	[]	0	freebase_bhht_author_lookup_v1	lookup_candidate_not_frozen	"[""Aleksandr Petrov"", ""Alex Lovy"", ""Alexander Williams""]"
134	Scholar	195	scholar	author_exact	exact_unique	Discovery/Science	Academia	"[[""Discovery/Science"",""Academia""]]"	1	1	"[""scholar""]"	[890]	"[[""Discovery/Science"",""Academia""]]"	[890]	Discovery/Science	Academia	scholar	0	0	"[{""level1"":""Discovery/Science"",""level2"":""Academia"",""level3"":""scholar"",""person_count"":2515,""example_wikidata_codes"":""Q1002184|Q1016438|Q101872""}]"	0	0	[]	Discovery/Science	proposed	high	agrees_with_previous_llm	[]	0	freebase_bhht_author_lookup_v1	lookup_candidate_not_frozen	"[""ABU HAMIDAL. GHAZALI"", ""Abd al-Aziz ibn Baz"", ""Abdul-Aziz ibn Abdullah Al ash-Sheikh""]"
135	Violist	190	violist	author_exact	exact_unique	Culture	Culture-core	"[[""Culture"",""Culture-core""]]"	1	1	"[""violist""]"	[564]	"[[""Culture"",""Culture-core""]]"	[564]	Culture	Culture-core	violist	0	0	"[{""level1"":""Culture"",""level2"":""Culture-core"",""level3"":""violist"",""person_count"":137,""example_wikidata_codes"":""Q1001377|Q111141|Q11709101""}]"	0	0	[]	Culture	proposed	high	agrees_with_previous_llm	[]	0	freebase_bhht_author_lookup_v1	lookup_candidate_not_frozen	"[""Alan Brind"", ""Albert Cazabon"", ""Aleksey Igudesman""]"
137	Commentator	183	commentator	author_exact	exact_unique	Culture	Culture-periphery	"[[""Culture"",""Culture-periphery""]]"	1	1	"[""commentator""]"	[599]	"[[""Culture"",""Culture-periphery""]]"	[599]	Culture	Culture-periphery	commentator	0	0	"[{""level1"":""Culture"",""level2"":""Culture-periphery"",""level3"":""commentator"",""person_count"":84,""example_wikidata_codes"":""Q114333|Q1281204|Q12859078""}]"	0	0	[]	Culture	proposed	medium	agrees_with_previous_llm	[]	0	freebase_bhht_author_lookup_v1	lookup_candidate_not_frozen	"[""Abby Huntsman"", ""Al Franken"", ""Alan Dershowitz""]"
138	Minister	183	minister	author_exact	exact_unique	Leadership	Politics	"[[""Leadership"",""Politics""]]"	1	1	"[""minister""]"	[1000]	"[[""Leadership"",""Politics""]]"	[1000]	Leadership	Politics	minister	0	0	"[{""level1"":""Leadership"",""level2"":""Politics"",""level3"":""minister"",""person_count"":2720,""example_wikidata_codes"":""Q10061|Q1016550|Q10321322""}]"	0	0	[]	Leadership	proposed	high	agrees_with_previous_llm	[]	0	freebase_bhht_author_lookup_v1	lookup_candidate_not_frozen	"[""Adam Joseph Shea"", ""Al Sharpton"", ""Aleksey Lebedev (Priest)""]"
141	Casting Director	179	casting_director	author_exact	exact_unique	Culture	Culture-core	"[[""Culture"",""Culture-core""]]"	1	1	"[""casting_director""]"	[373]	"[[""Culture"",""Culture-core""]]"	[373]	Culture	Culture-core	casting_director	0	0	"[{""level1"":""Culture"",""level2"":""Culture-core"",""level3"":""casting_director"",""person_count"":85,""example_wikidata_codes"":""Q1349455|Q1418621|Q1467753""}]"	0	0	[]	Culture	proposed	high	agrees_with_previous_llm	[]	0	freebase_bhht_author_lookup_v1	lookup_candidate_not_frozen	"[""Adam Saltzberg"", ""Alan Shayne"", ""Amy Beth Reece""]"
142	Farmer	170	farmer	author_exact	exact_unique	Other	Worker/Business (small)	"[[""Other"",""Worker/Business (small)""]]"	1	1	"[""farmer""]"	[1589]	"[[""Other"",""Worker/Business (small)""]]"	[1589]	Other	Worker/Business (small)	farmer	0	0	"[{""level1"":""Other"",""level2"":""Worker/Business (small)"",""level3"":""farmer"",""person_count"":1965,""example_wikidata_codes"":""Q1000935|Q1017718|Q10262954""}]"	0	0	[]		out_of_scope	high	formal_author_other_previously_out_of_scope	[]	0	freebase_bhht_author_lookup_v1	lookup_candidate_not_frozen	"[""Adrian Bell"", ""Alessandro Bocelli"", ""Allen Gore""]"
144	Cook	166	cook	author_exact	exact_unique	Other	Worker/Business (small)	"[[""Other"",""Worker/Business (small)""]]"	1	1	"[""_cook_""]"	[1449]	"[[""Other"",""Worker/Business (small)""]]"	[1449]	Other	Worker/Business (small)	_cook_	0	0	"[{""level1"":""Other"",""level2"":""Worker/Business (small)"",""level3"":""cook"",""person_count"":506,""example_wikidata_codes"":""Q1028770|Q1059276|Q1063664""}]"	0	0	[]		out_of_scope	high	formal_author_other_previously_out_of_scope	[]	0	freebase_bhht_author_lookup_v1	lookup_candidate_not_frozen	"[""Adam Price (Actor)"", ""Aiden Byrne"", ""Aileen Paul""]"
147	Philanthropist	161	philanthropist	author_exact	exact_unique	Other	Other	"[[""Other"",""Other""]]"	1	1	"[""philanthropist""]"	[1853]	"[[""Other"",""Other""]]"	[1853]	Other	Other	philanthropist	0	0	"[{""level1"":""Other"",""level2"":""Other"",""level3"":""philanthropist"",""person_count"":1008,""example_wikidata_codes"":""Q102000|Q10285086|Q10311637""}]"	0	0	[]		out_of_scope	high	formal_author_other_previously_out_of_scope	[]	0	freebase_bhht_author_lookup_v1	lookup_candidate_not_frozen	"[""A. R. Rahman"", ""Abigail Disney"", ""Agnes Gund""]"
148	Anthropologist	156	anthropologist	author_exact	exact_unique	Discovery/Science	Academia	"[[""Discovery/Science"",""Academia""]]"	1	1	"[""anthropologist""]"	[685]	"[[""Discovery/Science"",""Academia""]]"	[685]	Discovery/Science	Academia	anthropologist	0	0	"[{""level1"":""Discovery/Science"",""level2"":""Academia"",""level3"":""anthropologist"",""person_count"":4577,""example_wikidata_codes"":""Q100393|Q100950|Q1009506""}]"	0	0	[]	Discovery/Science	proposed	high	agrees_with_previous_llm	[]	0	freebase_bhht_author_lookup_v1	lookup_candidate_not_frozen	"[""Abū Rayḥān al-Bīrūnī"", ""Adam Kuper"", ""Adolf Bastian""]"
153	Nurse	147	nurse	author_exact	exact_unique	Discovery/Science	Academia	"[[""Discovery/Science"",""Academia""]]"	1	1	"[""nurse""]"	[828]	"[[""Discovery/Science"",""Academia""]]"	[828]	Discovery/Science	Academia	nurse	0	0	"[{""level1"":""Discovery/Science"",""level2"":""Academia"",""level3"":""nurse"",""person_count"":891,""example_wikidata_codes"":""Q101478|Q1027328|Q10295546""}]"	0	0	[]	Discovery/Science	proposed	high	agrees_with_previous_llm	[]	0	freebase_bhht_author_lookup_v1	lookup_candidate_not_frozen	"[""Adelaide Tambo"", ""Agnes Karll"", ""Aleyamma Joseph (Nurse) #1""]"
154	Bandleader	145	bandleader	author_exact	exact_unique	Culture	Culture-core	"[[""Culture"",""Culture-core""]]"	1	1	"[""bandleader""]"	[356]	"[[""Culture"",""Culture-core""]]"	[356]	Culture	Culture-core	bandleader	0	0	"[{""level1"":""Culture"",""level2"":""Culture-core"",""level3"":""bandleader"",""person_count"":639,""example_wikidata_codes"":""Q1001119|Q1001285|Q1017782""}]"	0	0	[]	Culture	proposed	medium	agrees_with_previous_llm	[]	0	freebase_bhht_author_lookup_v1	lookup_candidate_not_frozen	"[""Abdullah Ibrahim"", ""Albert Ayler"", ""Alice Coltrane""]"
157	Botanist	136	botanist	author_exact	exact_unique	Discovery/Science	Academia	"[[""Discovery/Science"",""Academia""]]"	1	1	"[""botanist""]"	[708]	"[[""Discovery/Science"",""Academia""]]"	[708]	Discovery/Science	Academia	botanist	0	0	"[{""level1"":""Discovery/Science"",""level2"":""Academia"",""level3"":""botanist"",""person_count"":9257,""example_wikidata_codes"":""Q100222|Q1002345|Q100523""}]"	0	0	[]	Discovery/Science	proposed	medium	agrees_with_previous_llm	[]	0	freebase_bhht_author_lookup_v1	lookup_candidate_not_frozen	"[""Aaron Aaronsohn"", ""Abū Ḥanīfa Dīnawarī"", ""Adolphe-Théodore Brongniart""]"
158	Chef	134	chef	author_exact	exact_unique	Other	Worker/Business (small)	"[[""Other"",""Worker/Business (small)""]]"	1	1	"[""_chef_""]"	[1444]	"[[""Other"",""Worker/Business (small)""]]"	[1444]	Other	Worker/Business (small)	_chef_	0	0	"[{""level1"":""Leadership"",""level2"":""Corporate/Executive/Business (large)"",""level3"":""chef"",""person_count"":84,""example_wikidata_codes"":""Q10556474|Q16633077|Q16633574""},{""level1"":""Other"",""level2"":""Worker/Business (small)"",""level3"":""chef"",""person_count"":1156,""example_wikidata_codes"":""Q10270577|Q10294133|Q10308931""}]"	1	1	"[""person_main_reference_disagrees_not_used_to_override""]"		out_of_scope	high	formal_author_other_previously_out_of_scope	"[""person_main_reference_disagrees_not_used_to_override""]"	0	freebase_bhht_author_lookup_v1	lookup_candidate_not_frozen	"[""Adam Price (Actor)"", ""Aiden Byrne"", ""Aileen Paul""]"
161	Sailor	130	sailor	author_exact	exact_unique	Discovery/Science	Explorer/Inventor/Developer	"[[""Discovery/Science"",""Explorer/Inventor/Developer""]]"	1	1	"[""sailor""]"	[1204]	"[[""Discovery/Science"",""Explorer/Inventor/Developer""]]"	[1204]	Discovery/Science	Explorer/Inventor/Developer	sailor	0	0	"[{""level1"":""Discovery/Science"",""level2"":""Explorer/Inventor/Developer"",""level3"":""sailor"",""person_count"":704,""example_wikidata_codes"":""Q10285260|Q10292977|Q10293108""},{""level1"":""Discovery/Science"",""level2"":""Sports/Games"",""level3"":""sailor"",""person_count"":1117,""example_wikidata_codes"":""Q100235|Q104191|Q10510832""}]"	1	0	"[""person_main_reference_disagrees_not_used_to_override""]"		needs_review	low	author_candidate_previous_needs_review	"[""person_main_reference_disagrees_not_used_to_override""]"	0	freebase_bhht_author_lookup_v1	lookup_candidate_not_frozen	"[""Abby Sunderland"", ""Adolf Erik Nordenskiöld"", ""Aksel Sandemose""]"
162	Swimmer	125	swimmer	author_exact	exact_unique	Sports/Games	Sports/Games	"[[""Sports/Games"",""Sports/Games""]]"	1	1	"[""swimmer""]"	[264]	"[[""Sports/Games"",""Sports/Games""]]"	[264]	Sports/Games	Sports/Games	swimmer	0	0	"[{""level1"":""Sports/Games"",""level2"":""Sports/Games"",""level3"":""swimmer"",""person_count"":11101,""example_wikidata_codes"":""Q1000275|Q1001447|Q100226""}]"	0	0	[]	Sports/Games	proposed	high	agrees_with_previous_llm	[]	0	freebase_bhht_author_lookup_v1	lookup_candidate_not_frozen	"[""Aaron Peirsol"", ""Aleksandra Gerasimenya"", ""Alessio Boggiatto""]"
163	Barrister	124	barrister	author_exact	exact_unique	Leadership	Administration/Law	"[[""Leadership"",""Administration/Law""]]"	1	1	"[""barrister""]"	[1062]	"[[""Leadership"",""Administration/Law""]]"	[1062]	Leadership	Administration/Law	barrister	0	0	"[{""level1"":""Leadership"",""level2"":""Administration/Law"",""level3"":""barrister"",""person_count"":629,""example_wikidata_codes"":""Q1063895|Q1065078|Q10966454""}]"	0	0	[]	Leadership	proposed	high	agrees_with_previous_llm	[]	0	freebase_bhht_author_lookup_v1	lookup_candidate_not_frozen	"[""A. P. Herbert"", ""Adrian Davies"", ""Albert Profumo""]"
164	Makeup Artist	124	makeup_artist	author_exact	exact_unique	Culture	Culture-periphery	"[[""Culture"",""Culture-periphery""]]"	1	1	"[""makeup_artist""]"	[631]	"[[""Culture"",""Culture-core""],[""Culture"",""Culture-periphery""]]"	[304,631]	Culture	Culture-core	_artist	0	1	"[{""level1"":""Culture"",""level2"":""Culture-periphery"",""level3"":""makeup_artist"",""person_count"":9,""example_wikidata_codes"":""Q1610909|Q16207438|Q16210281""}]"	0	0	"[""exact_lookup_differs_from_full_author_first_match""]"	Culture	proposed	high	agrees_with_previous_llm	"[""exact_lookup_differs_from_full_author_first_match""]"	0	freebase_bhht_author_lookup_v1	lookup_candidate_not_frozen	"[""Aase Tarp"", ""Adam Brandy"", ""Afsar Asadi""]"
166	Statistician	119	statistician	author_exact	exact_unique	Discovery/Science	Academia	"[[""Discovery/Science"",""Academia""]]"	1	1	"[""statistician""]"	[906]	"[[""Discovery/Science"",""Academia""]]"	[906]	Discovery/Science	Academia	statistician	0	0	"[{""level1"":""Discovery/Science"",""level2"":""Academia"",""level3"":""statistician"",""person_count"":795,""example_wikidata_codes"":""Q1004779|Q10334371|Q10375446""}]"	0	0	[]	Discovery/Science	proposed	medium	agrees_with_previous_llm	[]	0	freebase_bhht_author_lookup_v1	lookup_candidate_not_frozen	"[""A. Ross Eckler"", ""A. Ross Eckler, Jr."", ""Adolphe Quetelet""]"
167	Consultant	119	consultant	author_exact	exact_unique	Other	Worker/Business (small)	"[[""Other"",""Worker/Business (small)""]]"	1	1	"[""consultant""]"	[1566]	"[[""Other"",""Worker/Business (small)""]]"	[1566]	Other	Worker/Business (small)	consultant	0	0	"[{""level1"":""Other"",""level2"":""Worker/Business (small)"",""level3"":""consultant"",""person_count"":211,""example_wikidata_codes"":""Q107496|Q107950|Q108264""}]"	0	0	[]		needs_review	low	author_candidate_previous_needs_review	[]	0	freebase_bhht_author_lookup_v1	lookup_candidate_not_frozen	"[""Adam Klugman"", ""Ai Weiwei"", ""Alan Greenspan""]"
168	Geologist	119	geologist	author_exact	exact_unique	Discovery/Science	Academia	"[[""Discovery/Science"",""Academia""]]"	1	1	"[""geologist""]"	[765]	"[[""Discovery/Science"",""Academia""]]"	[765]	Discovery/Science	Academia	geologist	0	0	"[{""level1"":""Discovery/Science"",""level2"":""Academia"",""level3"":""geologist"",""person_count"":2681,""example_wikidata_codes"":""Q1001161|Q101324|Q101889""}]"	0	0	[]	Discovery/Science	proposed	high	agrees_with_previous_llm	[]	0	freebase_bhht_author_lookup_v1	lookup_candidate_not_frozen	"[""Adam Sedgwick"", ""Adolf Erik Nordenskiöld"", ""Albany Hancock""]"
170	Surgeon	115	surgeon	author_exact	exact_unique	Discovery/Science	Academia	"[[""Discovery/Science"",""Academia""]]"	1	1	"[""surgeon""]"	[908]	"[[""Discovery/Science"",""Academia""]]"	[908]	Discovery/Science	Academia	surgeon	0	0	"[{""level1"":""Discovery/Science"",""level2"":""Academia"",""level3"":""surgeon"",""person_count"":2995,""example_wikidata_codes"":""Q101558|Q1016562|Q102051""}]"	0	0	[]	Discovery/Science	proposed	high	agrees_with_previous_llm	[]	0	freebase_bhht_author_lookup_v1	lookup_candidate_not_frozen	"[""Achille-Cléophas Flaubert"", ""Alexander von Winiwarter"", ""Alexis Carrel""]"
172	Graphic Designer	112	graphic_designer	author_exact	exact_unique	Culture	Culture-periphery	"[[""Culture"",""Culture-periphery""]]"	1	1	"[""graphic_designer""]"	[622]	"[[""Culture"",""Culture-periphery""]]"	[606,622]	Culture	Culture-periphery	designer	0	0	"[{""level1"":""Culture"",""level2"":""Culture-periphery"",""level3"":""graphic_designer"",""person_count"":71,""example_wikidata_codes"":""Q12738722|Q15124286|Q16106580""}]"	0	0	[]	Culture	proposed	medium	agrees_with_previous_llm	[]	0	freebase_bhht_author_lookup_v1	lookup_candidate_not_frozen	"[""Abbas Kiarostami"", ""Alan Aldridge"", ""Alan Rickman""]"
175	Artisan	110	artisan	author_exact	exact_unique	Other	Worker/Business (small)	"[[""Other"",""Worker/Business (small)""]]"	1	1	"[""_artisan""]"	[1518]	"[[""Other"",""Worker/Business (small)""]]"	[1518]	Other	Worker/Business (small)	_artisan	0	0	"[{""level1"":""Other"",""level2"":""Worker/Business (small)"",""level3"":""artisan"",""person_count"":185,""example_wikidata_codes"":""Q10292771|Q10305151|Q10328297""}]"	0	0	[]		needs_review	low	author_candidate_previous_needs_review	[]	0	freebase_bhht_author_lookup_v1	lookup_candidate_not_frozen	"[""Adrian Allinson"", ""Allie M. Smith"", ""Andrea Amati""]"
177	Filmmaker	109	filmmaker	author_exact	exact_unique	Culture	Culture-core	"[[""Culture"",""Culture-core""]]"	1	1	"[""filmmaker""]"	[424]	"[[""Culture"",""Culture-core""]]"	[424]	Culture	Culture-core	filmmaker	0	0	"[{""level1"":""Culture"",""level2"":""Culture-core"",""level3"":""filmmaker"",""person_count"":680,""example_wikidata_codes"":""Q10316655|Q1078909|Q108497""}]"	0	0	[]	Culture	proposed	high	agrees_with_previous_llm	[]	0	freebase_bhht_author_lookup_v1	lookup_candidate_not_frozen	"[""Alain Soral"", ""Alan Lomax"", ""Alexandra Pelosi""]"
179	Environmentalist	104	environmentalist	author_exact	exact_unique	Leadership	Politics	"[[""Leadership"",""Politics""]]"	1	1	"[""environmentalist""]"	[970]	"[[""Leadership"",""Politics""],[""Other"",""Other""]]"	[970,1839]	Leadership	Politics	environmentalist	0	0	"[{""level1"":""Leadership"",""level2"":""Politics"",""level3"":""environmentalist"",""person_count"":368,""example_wikidata_codes"":""Q10791426|Q1085046|Q1131942""}]"	0	0	[]		needs_review	low	author_candidate_previous_needs_review	[]	0	freebase_bhht_author_lookup_v1	lookup_candidate_not_frozen	"[""Akhilesh Yadav"", ""Al Gore"", ""Aldo Leopold""]"
181	Rabbi	101	rabbi	author_exact	exact_unique	Leadership	Religious	"[[""Leadership"",""Religious""]]"	1	1	"[""rabbi""]"	[1349]	"[[""Leadership"",""Religious""]]"	[1349]	Leadership	Religious	rabbi	0	0	"[{""level1"":""Leadership"",""level2"":""Religious"",""level3"":""rabbi"",""person_count"":2563,""example_wikidata_codes"":""Q100709|Q101489|Q101746""}]"	0	0	[]	Leadership	proposed	high	agrees_with_previous_llm	[]	0	freebase_bhht_author_lookup_v1	lookup_candidate_not_frozen	"[""Aaron Teitelbaum"", ""Abraham Geiger"", ""Abraham Isaac Kook""]"
182	Newscaster	100	newscaster	author_exact	exact_unique	Culture	Culture-periphery	"[[""Culture"",""Culture-periphery""]]"	1	1	"[""newscaster""]"	[637]	"[[""Culture"",""Culture-periphery""]]"	[637]	Culture	Culture-periphery	newscaster	0	0	"[{""level1"":""Culture"",""level2"":""Culture-periphery"",""level3"":""newscaster"",""person_count"":12,""example_wikidata_codes"":""Q25190235|Q39237547|Q4832520""}]"	0	0	[]	Culture	proposed	medium	agrees_with_previous_llm	[]	0	freebase_bhht_author_lookup_v1	lookup_candidate_not_frozen	"[""Al Schottelkotte"", ""Alexander Politkovsky"", ""Ali Velshi""]"
188	Librettist	94	librettist	author_exact	exact_unique	Culture	Culture-core	"[[""Culture"",""Culture-core""]]"	1	1	"[""librettist""]"	[456]	"[[""Culture"",""Culture-core""]]"	[456]	Culture	Culture-core	librettist	0	0	"[{""level1"":""Culture"",""level2"":""Culture-core"",""level3"":""librettist"",""person_count"":356,""example_wikidata_codes"":""Q107834|Q1081576|Q1098547""}]"	0	0	[]	Culture	proposed	high	agrees_with_previous_llm	[]	0	freebase_bhht_author_lookup_v1	lookup_candidate_not_frozen	"[""Aarni Krohn"", ""Alan Jay Lerner"", ""Aleksandr Pushkin""]"
189	Priest	94	priest	author_exact	exact_unique	Leadership	Religious	"[[""Leadership"",""Religious""]]"	1	1	"[""priest""]"	[1346]	"[[""Leadership"",""Religious""]]"	[1346]	Leadership	Religious	priest	0	0	"[{""level1"":""Leadership"",""level2"":""Religious"",""level3"":""priest"",""person_count"":33635,""example_wikidata_codes"":""Q1000194|Q1000482|Q1000820""}]"	0	0	[]	Leadership	proposed	high	agrees_with_previous_llm	[]	0	freebase_bhht_author_lookup_v1	lookup_candidate_not_frozen	"[""Aleksey Lebedev (Priest)"", ""Antonio Vivaldi"", ""Baltasar Gracián""]"
194	Biologist	92	biologist	author_exact	exact_unique	Discovery/Science	Academia	"[[""Discovery/Science"",""Academia""]]"	1	1	"[""biologist""]"	[705]	"[[""Discovery/Science"",""Academia""]]"	[705]	Discovery/Science	Academia	biologist	0	0	"[{""level1"":""Discovery/Science"",""level2"":""Academia"",""level3"":""biologist"",""person_count"":4182,""example_wikidata_codes"":""Q100154|Q100355|Q1003857""}]"	0	0	[]	Discovery/Science	proposed	high	agrees_with_previous_llm	[]	0	freebase_bhht_author_lookup_v1	lookup_candidate_not_frozen	"[""Alexander Fleming"", ""Alexis Carrel"", ""Alfred Kinsey""]"
195	Political scientist	91	political_scientist	author_exact	exact_unique	Discovery/Science	Academia	"[[""Discovery/Science"",""Academia""]]"	1	1	"[""political_scientist""]"	[876]	"[[""Discovery/Science"",""Academia""],[""Leadership"",""Politics""]]"	[876,894,1013]	Discovery/Science	Academia	political_scientist	0	0	"[{""level1"":""Discovery/Science"",""level2"":""Academia"",""level3"":""political_scientist"",""person_count"":2355,""example_wikidata_codes"":""Q100214|Q100219|Q100564""}]"	0	0	[]	Discovery/Science	proposed	high	agrees_with_previous_llm	[]	0	freebase_bhht_author_lookup_v1	lookup_candidate_not_frozen	"[""A. V. Dicey"", ""Abigail Thernstrom"", ""Alan D. Taylor""]"
196	Tarento	91	tarento	author_exact	exact_unique	Culture	Culture-periphery	"[[""Culture"",""Culture-periphery""]]"	1	1	"[""tarento""]"	[653]	"[[""Culture"",""Culture-periphery""]]"	[653]	Culture	Culture-periphery	tarento	0	0	"[{""level1"":""Culture"",""level2"":""Culture-periphery"",""level3"":""tarento"",""person_count"":49,""example_wikidata_codes"":""Q11121896|Q11268670|Q11331712""}]"	0	0	[]		needs_review	low	author_candidate_previous_needs_review	[]	0	freebase_bhht_author_lookup_v1	lookup_candidate_not_frozen	"[""Akane Ohsawa"", ""Akiko Hinagata"", ""Akira Nakao""]"
197	Psychoanalyst	91	psychoanalyst	author_exact	exact_unique	Discovery/Science	Academia	"[[""Discovery/Science"",""Academia""]]"	1	1	"[""psychoanalyst""]"	[882]	"[[""Discovery/Science"",""Academia""],[""Other"",""Worker/Business (small)""]]"	[882,1514]	Discovery/Science	Academia	psychoanalyst	0	0	"[{""level1"":""Discovery/Science"",""level2"":""Academia"",""level3"":""psychoanalyst"",""person_count"":266,""example_wikidata_codes"":""Q10391749|Q106755|Q106767""}]"	0	0	[]	Discovery/Science	proposed	high	agrees_with_previous_llm	[]	0	freebase_bhht_author_lookup_v1	lookup_candidate_not_frozen	"[""Alfred Adler"", ""Andreas Embirikos"", ""André Bourguignon""]"
198	Restaurateur	90	restaurateur	author_exact	exact_unique	Other	Worker/Business (small)	"[[""Other"",""Worker/Business (small)""]]"	1	1	"[""restaurateur""]"	[1680]	"[[""Other"",""Worker/Business (small)""]]"	[1680]	Other	Worker/Business (small)	restaurateur	0	0	"[{""level1"":""Other"",""level2"":""Worker/Business (small)"",""level3"":""restaurateur"",""person_count"":432,""example_wikidata_codes"":""Q1029374|Q1039716|Q1039958""}]"	0	0	[]		needs_review	low	author_candidate_previous_needs_review	[]	0	freebase_bhht_author_lookup_v1	lookup_candidate_not_frozen	"[""Adam Belushi"", ""Alex Knight"", ""Alfredo Viazzi""]"
203	Investor	87	investor	author_exact	exact_unique	Leadership	Corporate/Executive/Business (large)	"[[""Leadership"",""Corporate/Executive/Business (large)""]]"	1	1	"[""investor""]"	[1230]	"[[""Leadership"",""Corporate/Executive/Business (large)""]]"	[1230]	Leadership	Corporate/Executive/Business (large)	investor	0	0	"[{""level1"":""Leadership"",""level2"":""Corporate/Executive/Business (large)"",""level3"":""investor"",""person_count"":193,""example_wikidata_codes"":""Q1100130|Q11614|Q117011""}]"	0	0	[]		needs_review	low	author_candidate_previous_needs_review	[]	0	freebase_bhht_author_lookup_v1	lookup_candidate_not_frozen	"[""50 Cent"", ""Al-Waleed bin Talal"", ""Arnold Schwarzenegger""]"
204	Statesman	87	statesman	author_exact	exact_unique	Leadership	Politics	"[[""Leadership"",""Politics""]]"	1	1	"[""statesman""]"	[1031]	"[[""Leadership"",""Politics""]]"	[1031]	Leadership	Politics	statesman	0	0	"[{""level1"":""Leadership"",""level2"":""Politics"",""level3"":""statesman"",""person_count"":407,""example_wikidata_codes"":""Q1045777|Q1054198|Q1079307""}]"	0	0	[]	Leadership	proposed	high	agrees_with_previous_llm	[]	0	freebase_bhht_author_lookup_v1	lookup_candidate_not_frozen	"[""Abraham Lincoln"", ""Adam Jerzy Czartoryski"", ""Akihito""]"
205	Sociologist	87	sociologist	author_exact	exact_unique	Discovery/Science	Academia	"[[""Discovery/Science"",""Academia""]]"	1	1	"[""sociologist""]"	[902]	"[[""Discovery/Science"",""Academia""]]"	[902]	Discovery/Science	Academia	sociologist	0	0	"[{""level1"":""Discovery/Science"",""level2"":""Academia"",""level3"":""sociologist"",""person_count"":3523,""example_wikidata_codes"":""Q1000622|Q1016356|Q102106""}]"	0	0	[]	Discovery/Science	proposed	medium	agrees_with_previous_llm	[]	0	freebase_bhht_author_lookup_v1	lookup_candidate_not_frozen	"[""Adam Swift"", ""Alana Lentin"", ""Albin Kania""]"
206	Merchant	87	merchant	author_exact	exact_unique	Leadership	Corporate/Executive/Business (large)	"[[""Leadership"",""Corporate/Executive/Business (large)""]]"	1	1	"[""merchant""]"	[1236]	"[[""Leadership"",""Corporate/Executive/Business (large)""]]"	[1236]	Leadership	Corporate/Executive/Business (large)	merchant	0	0	"[{""level1"":""Leadership"",""level2"":""Corporate/Executive/Business (large)"",""level3"":""merchant"",""person_count"":2002,""example_wikidata_codes"":""Q1001149|Q100497|Q1010337""}]"	0	0	[]	Leadership	proposed	high	agrees_with_previous_llm	[]	0	freebase_bhht_author_lookup_v1	lookup_candidate_not_frozen	"[""Alexander Grieg"", ""Allan Melville (Merchant)"", ""Amasa Goodyear""]"
210	Socialite	84	socialite	author_exact	exact_unique	Leadership	Nobility	"[[""Leadership"",""Nobility""]]"	1	1	"[""socialite""]"	[1165]	"[[""Leadership"",""Nobility""]]"	[1165]	Leadership	Nobility	socialite	0	0	"[{""level1"":""Leadership"",""level2"":""Nobility"",""level3"":""socialite"",""person_count"":404,""example_wikidata_codes"":""Q10305226|Q10318319|Q1044554""}]"	0	0	[]		out_of_scope	high	author_candidate_previous_out_of_scope	[]	0	freebase_bhht_author_lookup_v1	lookup_candidate_not_frozen	"[""Abigail Folger"", ""Alexia Umansky"", ""Alizée""]"
211	Pastor	83	pastor	author_exact	exact_unique	Leadership	Religious	"[[""Leadership"",""Religious""]]"	1	1	"[""pastor""]"	[1341]	"[[""Leadership"",""Religious""]]"	[1341]	Leadership	Religious	pastor	0	0	"[{""level1"":""Leadership"",""level2"":""Religious"",""level3"":""pastor"",""person_count"":1384,""example_wikidata_codes"":""Q1006735|Q10264411|Q10264420""}]"	0	0	[]	Leadership	proposed	high	agrees_with_previous_llm	[]	0	freebase_bhht_author_lookup_v1	lookup_candidate_not_frozen	"[""Adam Daniel Williams"", ""Andraé Crouch"", ""André Valadão""]"
212	Criminal	80	criminal	author_exact	exact_unique	Other	Other	"[[""Other"",""Other""]]"	1	1	"[""criminal""]"	[1792]	"[[""Other"",""Other""]]"	[1792]	Other	Other	criminal	0	0	"[{""level1"":""Other"",""level2"":""Other"",""level3"":""criminal"",""person_count"":896,""example_wikidata_codes"":""Q100253|Q102215|Q1025486""}]"	0	0	[]		out_of_scope	high	formal_author_other_previously_out_of_scope	[]	0	freebase_bhht_author_lookup_v1	lookup_candidate_not_frozen	"[""Abu Salem"", ""Al Capone"", ""Albert Gallo""]"
213	Programmer	79	programmer	author_exact	exact_unique	Discovery/Science	Explorer/Inventor/Developer	"[[""Discovery/Science"",""Explorer/Inventor/Developer""]]"	1	1	"[""programmer""]"	[1202]	"[[""Discovery/Science"",""Explorer/Inventor/Developer""]]"	[1202]	Discovery/Science	Explorer/Inventor/Developer	programmer	0	0	"[{""level1"":""Discovery/Science"",""level2"":""Explorer/Inventor/Developer"",""level3"":""programmer"",""person_count"":248,""example_wikidata_codes"":""Q10953|Q1135961|Q1154944""}]"	0	0	[]	Discovery/Science	proposed	high	agrees_with_previous_llm	[]	0	freebase_bhht_author_lookup_v1	lookup_candidate_not_frozen	"[""Ada Lovelace"", ""Adams Douglas"", ""Alan Kay""]"
215	Librarian	79	librarian	author_exact	exact_unique	Other	Worker/Business (small)	"[[""Other"",""Worker/Business (small)""]]"	1	1	"[""librarian""]"	[1640]	"[[""Other"",""Worker/Business (small)""]]"	[1640]	Other	Worker/Business (small)	librarian	0	0	"[{""level1"":""Other"",""level2"":""Worker/Business (small)"",""level3"":""librarian"",""person_count"":1676,""example_wikidata_codes"":""Q100879|Q1015009|Q10316549""}]"	0	0	[]		needs_review	low	author_candidate_previous_needs_review	[]	0	freebase_bhht_author_lookup_v1	lookup_candidate_not_frozen	"[""Alan Leeds"", ""Andre Norton"", ""Anne Doyle""]"
216	Jurist	75	jurist	author_exact	exact_unique	Leadership	Administration/Law	"[[""Leadership"",""Administration/Law""]]"	1	1	"[""jurist""]"	[1079]	"[[""Leadership"",""Administration/Law""]]"	[1079]	Leadership	Administration/Law	jurist	0	0	[]	0	0	[]	Leadership	proposed	high	agrees_with_previous_llm	[]	0	freebase_bhht_author_lookup_v1	lookup_candidate_not_frozen	"[""A. V. Dicey"", ""ABU HAMIDAL. GHAZALI"", ""Adolfo Suárez, 1st Duke of Suárez""]"
220	Theologian	72	theologian	author_exact	exact_unique	Discovery/Science	Academia	"[[""Discovery/Science"",""Academia""]]"	1	1	"[""theologian""]"	[913]	"[[""Discovery/Science"",""Academia""]]"	[913]	Discovery/Science	Academia	theologian	0	0	"[{""level1"":""Discovery/Science"",""level2"":""Academia"",""level3"":""theologian"",""person_count"":8316,""example_wikidata_codes"":""Q1000348|Q1000680|Q100257""}]"	0	0	[]	Discovery/Science	proposed	medium	agrees_with_previous_llm	[]	0	freebase_bhht_author_lookup_v1	lookup_candidate_not_frozen	"[""ABU HAMIDAL. GHAZALI"", ""Albert Bitzius"", ""Albert Schweitzer""]"
221	Talent agent	71	talent_agent	author_exact	exact_unique	Culture	Culture-periphery	"[[""Culture"",""Culture-periphery""]]"	1	1	"[""talent_agent""]"	[652]	"[[""Culture"",""Culture-periphery""]]"	[652]	Culture	Culture-periphery	talent_agent	0	0	"[{""level1"":""Culture"",""level2"":""Culture-periphery"",""level3"":""talent_agent"",""person_count"":58,""example_wikidata_codes"":""Q104981|Q16011649|Q16194269""}]"	0	0	[]		needs_review	medium	author_candidate_previous_needs_review	[]	0	freebase_bhht_author_lookup_v1	lookup_candidate_not_frozen	"[""A. D. Peters"", ""Ari Emanuel"", ""Beatriz Curtis""]"
222	Organist	70	organist	author_exact	exact_unique	Culture	Culture-core	"[[""Culture"",""Culture-core""]]"	1	1	"[""organist""]"	[480]	"[[""Culture"",""Culture-core""]]"	[480]	Culture	Culture-core	organist	0	0	"[{""level1"":""Culture"",""level2"":""Culture-core"",""level3"":""organist"",""person_count"":1661,""example_wikidata_codes"":""Q100316|Q100888|Q101281""}]"	0	0	[]	Culture	proposed	high	agrees_with_previous_llm	[]	0	freebase_bhht_author_lookup_v1	lookup_candidate_not_frozen	"[""Alan Hawkshaw"", ""Aleksander Szeligowski"", ""Alice Coltrane""]"
223	Secretary	70	secretary	author_exact	exact_unique	Leadership	Politics	"[[""Leadership"",""Politics""]]"	1	1	"[""secretary""]"	[1022]	"[[""Leadership"",""Politics""]]"	[1022]	Leadership	Politics	secretary	0	0	"[{""level1"":""Leadership"",""level2"":""Politics"",""level3"":""secretary"",""person_count"":1244,""example_wikidata_codes"":""Q1028578|Q10307857|Q1079744""}]"	0	0	[]		needs_review	low	author_candidate_previous_needs_review	[]	0	freebase_bhht_author_lookup_v1	lookup_candidate_not_frozen	"[""Alice White"", ""Anna Dostoyevskaya"", ""Anne Haddy""]"
224	Publicist	70	publicist	author_exact	exact_unique	Culture	Culture-periphery	"[[""Culture"",""Culture-periphery""]]"	1	1	"[""publicist""]"	[641]	"[[""Culture"",""Culture-periphery""]]"	[641]	Culture	Culture-periphery	publicist	0	0	"[{""level1"":""Culture"",""level2"":""Culture-periphery"",""level3"":""publicist"",""person_count"":71,""example_wikidata_codes"":""Q110938|Q115321|Q11724375""}]"	0	0	[]	Culture	proposed	high	agrees_with_previous_llm	[]	0	freebase_bhht_author_lookup_v1	lookup_candidate_not_frozen	"[""Amram Ducovny"", ""Beatrice Miller"", ""Borys Hrinchenko""]"
227	Psychiatrist	67	psychiatrist	author_exact	exact_unique	Discovery/Science	Academia	"[[""Discovery/Science"",""Academia""]]"	1	1	"[""psychiatrist""]"	[880]	"[[""Discovery/Science"",""Academia""]]"	[880]	Discovery/Science	Academia	psychiatrist	0	0	"[{""level1"":""Discovery/Science"",""level2"":""Academia"",""level3"":""psychiatrist"",""person_count"":2290,""example_wikidata_codes"":""Q100367|Q100582|Q101128""}]"	0	0	[]	Discovery/Science	proposed	high	agrees_with_previous_llm	[]	0	freebase_bhht_author_lookup_v1	lookup_candidate_not_frozen	"[""Adam Zweig"", ""Adolf Meyer"", ""Andrea Dotti""]"
229	Hairdresser	64	hairdresser	author_exact	exact_unique	Other	Worker/Business (small)	"[[""Other"",""Worker/Business (small)""]]"	1	1	"[""hairdresser""]"	[1607]	"[[""Other"",""Worker/Business (small)""]]"	[1607]	Other	Worker/Business (small)	hairdresser	0	0	"[{""level1"":""Other"",""level2"":""Worker/Business (small)"",""level3"":""hairdresser"",""person_count"":89,""example_wikidata_codes"":""Q119533|Q1352501|Q1362929""}]"	0	0	[]		out_of_scope	medium	formal_author_other_previously_out_of_scope	[]	0	freebase_bhht_author_lookup_v1	lookup_candidate_not_frozen	"[""Adhuna Bhabani Akhtar"", ""Agata Wietek"", ""Aguri Yoshiyuki""]"
230	Archaeologist	63	archaeologist	author_exact	exact_unique	Discovery/Science	Academia	"[[""Discovery/Science"",""Academia""]]"	1	1	"[""archaeologist""]"	[690]	"[[""Discovery/Science"",""Academia""]]"	[690]	Discovery/Science	Academia	archaeologist	0	0	"[{""level1"":""Discovery/Science"",""level2"":""Academia"",""level3"":""archaeologist"",""person_count"":3015,""example_wikidata_codes"":""Q1001774|Q100213|Q100320""}]"	0	0	[]	Discovery/Science	proposed	high	agrees_with_previous_llm	[]	0	freebase_bhht_author_lookup_v1	lookup_candidate_not_frozen	"[""Adolf Furtwängler"", ""Albert Jahn"", ""Alexander Cunningham""]"
232	Financier	62	financier	author_exact	exact_unique	Leadership	Corporate/Executive/Business (large)	"[[""Leadership"",""Corporate/Executive/Business (large)""]]"	1	1	"[""financier""]"	[1225]	"[[""Leadership"",""Corporate/Executive/Business (large)""]]"	[1225]	Leadership	Corporate/Executive/Business (large)	financier	0	0	"[{""level1"":""Leadership"",""level2"":""Corporate/Executive/Business (large)"",""level3"":""financier"",""person_count"":448,""example_wikidata_codes"":""Q1120123|Q1139602|Q1156395""}]"	0	0	[]		needs_review	low	author_candidate_previous_needs_review	[]	0	freebase_bhht_author_lookup_v1	lookup_candidate_not_frozen	"[""Adam R. Dell"", ""Alejandro Santo Domingo"", ""Alexander Hamilton""]"
233	Gymnast	62	gymnast	author_exact	exact_unique	Sports/Games	Sports/Games	"[[""Sports/Games"",""Sports/Games""]]"	1	1	"[""gymnast""]"	[123]	"[[""Sports/Games"",""Sports/Games""]]"	[123]	Sports/Games	Sports/Games	gymnast	0	0	"[{""level1"":""Sports/Games"",""level2"":""Sports/Games"",""level3"":""gymnast"",""person_count"":3926,""example_wikidata_codes"":""Q100677|Q101141|Q10264237""}]"	0	0	[]	Sports/Games	proposed	high	agrees_with_previous_llm	[]	0	freebase_bhht_author_lookup_v1	lookup_candidate_not_frozen	"[""Adria Biles"", ""Adriana Krnáčová"", ""Alex Waller (Professional Athlete) #1""]"
234	Biographer	61	biographer	author_exact	exact_unique	Culture	Culture-core	"[[""Culture"",""Culture-core""]]"	1	1	"[""biographer""]"	[367]	"[[""Culture"",""Culture-core""]]"	[367]	Culture	Culture-core	biographer	0	0	"[{""level1"":""Culture"",""level2"":""Culture-core"",""level3"":""biographer"",""person_count"":1217,""example_wikidata_codes"":""Q10265091|Q10357834|Q10910942""}]"	0	0	[]	Culture	proposed	high	agrees_with_previous_llm	[]	0	freebase_bhht_author_lookup_v1	lookup_candidate_not_frozen	"[""A. Scott Berg"", ""Alden R. Hatch"", ""Andre Dubus (Novelist) #1""]"
238	Art Historian	58	art_historian	author_exact	exact_unique	Discovery/Science	Academia	"[[""Discovery/Science"",""Academia""]]"	1	1	"[""art_historian""]"	[694]	"[[""Discovery/Science"",""Academia""]]"	[694,783]	Discovery/Science	Academia	art_historian	0	0	"[{""level1"":""Discovery/Science"",""level2"":""Academia"",""level3"":""art_historian"",""person_count"":4351,""example_wikidata_codes"":""Q100279|Q100328|Q100487""}]"	0	0	[]	Discovery/Science	proposed	medium	agrees_with_previous_llm	[]	0	freebase_bhht_author_lookup_v1	lookup_candidate_not_frozen	"[""Adelyn Dohme Breeskin"", ""Albert von Zahn"", ""Anne Pingeot""]"
239	Saxophonist	58	saxophonist	author_exact	exact_unique	Culture	Culture-core	"[[""Culture"",""Culture-core""]]"	1	1	"[""saxophonist""]"	[518]	"[[""Culture"",""Culture-core""]]"	[518]	Culture	Culture-core	saxophonist	0	0	"[{""level1"":""Culture"",""level2"":""Culture-core"",""level3"":""saxophonist"",""person_count"":1062,""example_wikidata_codes"":""Q101314|Q1037518|Q10388225""}]"	0	0	[]	Culture	proposed	high	agrees_with_previous_llm	[]	0	freebase_bhht_author_lookup_v1	lookup_candidate_not_frozen	"[""Aika (Pop Artist)"", ""Benny Green (Writer)"", ""Boney James""]"
240	Art critic	57	art_critic	author_exact	exact_unique	Culture	Culture-core	"[[""Culture"",""Culture-core""]]"	1	1	"[""art_critic""]"	[350]	"[[""Culture"",""Culture-core""],[""Culture"",""Culture-periphery""]]"	[350,604]	Culture	Culture-core	art_critic	0	0	"[{""level1"":""Culture"",""level2"":""Culture-core"",""level3"":""art_critic"",""person_count"":413,""example_wikidata_codes"":""Q10309841|Q10346515|Q1056780""}]"	0	0	[]	Culture	proposed	high	agrees_with_previous_llm	[]	0	freebase_bhht_author_lookup_v1	lookup_candidate_not_frozen	"[""Adam Baruch"", ""Alaíde Foppa"", ""André Roger Lannes de Montebello""]"
241	Civil servant	56	civil_servant	author_exact	exact_unique	Leadership	Administration/Law	"[[""Leadership"",""Administration/Law""]]"	1	1	"[""civil_servant""]"	[1065]	"[[""Leadership"",""Administration/Law""]]"	[1065]	Leadership	Administration/Law	civil_servant	0	0	"[{""level1"":""Leadership"",""level2"":""Administration/Law"",""level3"":""civil_servant"",""person_count"":526,""example_wikidata_codes"":""Q10813571|Q10843521|Q11856637""}]"	0	0	[]	Leadership	proposed	medium	agrees_with_previous_llm	[]	0	freebase_bhht_author_lookup_v1	lookup_candidate_not_frozen	"[""Abdel Nasser Hussein"", ""Abid Hussain"", ""Abraham Stoker""]"
242	Curator	56	curator	author_exact	exact_unique	Culture	Culture-core	"[[""Culture"",""Culture-core""]]"	1	1	"[""curator""]"	[409]	"[[""Culture"",""Culture-core""]]"	[409]	Culture	Culture-core	curator	0	0	"[{""level1"":""Culture"",""level2"":""Culture-core"",""level3"":""curator"",""person_count"":1003,""example_wikidata_codes"":""Q1000026|Q100496|Q102168""}]"	0	0	[]	Culture	proposed	high	agrees_with_previous_llm	[]	0	freebase_bhht_author_lookup_v1	lookup_candidate_not_frozen	"[""Adelyn Dohme Breeskin"", ""Ahmad Hasan Dani"", ""Alexander Agassiz""]"
246	Explorer	56	explorer	author_exact	exact_unique	Discovery/Science	Explorer/Inventor/Developer	"[[""Discovery/Science"",""Explorer/Inventor/Developer""]]"	1	1	"[""explorer""]"	[1189]	"[[""Discovery/Science"",""Explorer/Inventor/Developer""]]"	[1189]	Discovery/Science	Explorer/Inventor/Developer	explorer	0	0	"[{""level1"":""Discovery/Science"",""level2"":""Explorer/Inventor/Developer"",""level3"":""explorer"",""person_count"":3554,""example_wikidata_codes"":""Q100865|Q1009426|Q101611""}]"	0	0	[]	Discovery/Science	proposed	high	agrees_with_previous_llm	[]	0	freebase_bhht_author_lookup_v1	lookup_candidate_not_frozen	"[""Alexander Forrest"", ""Alexander von Humboldt"", ""Alfred Russel Wallace""]"
247	Percussionist	55	percussionist	author_exact	exact_unique	Culture	Culture-core	"[[""Culture"",""Culture-core""]]"	1	1	"[""percussionist""]"	[487]	"[[""Culture"",""Culture-core""]]"	[487]	Culture	Culture-core	percussionist	0	0	"[{""level1"":""Culture"",""level2"":""Culture-core"",""level3"":""percussionist"",""person_count"":397,""example_wikidata_codes"":""Q10267957|Q10267985|Q10270314""}]"	0	0	[]	Culture	proposed	medium	agrees_with_previous_llm	[]	0	freebase_bhht_author_lookup_v1	lookup_candidate_not_frozen	"[""Alana Haim"", ""Alex Van Halen"", ""Andy Creeggan""]"
249	Horse trainer	54	horse_trainer	author_exact	exact_unique	Sports/Games	Sports/Games	"[[""Sports/Games"",""Sports/Games""]]"	1	1	"[""horse_trainer""]"	[135]	"[[""Sports/Games"",""Sports/Games""]]"	[135,277]	Sports/Games	Sports/Games	horse_trainer	0	0	"[{""level1"":""Sports/Games"",""level2"":""Sports/Games"",""level3"":""horse_trainer"",""person_count"":605,""example_wikidata_codes"":""Q1061259|Q1066947|Q107658""}]"	0	0	[]		needs_review	low	author_candidate_previous_needs_review	[]	0	freebase_bhht_author_lookup_v1	lookup_candidate_not_frozen	"[""Anabel Balkenhol"", ""Anne Cowdrey, 14th Lady Herries of Terregles"", ""Anne Power (Horse trainer)""]"
253	Interior designer	53	interior_designer	author_exact	exact_unique	Culture	Culture-periphery	"[[""Culture"",""Culture-periphery""]]"	1	1	"[""interior_designer""]"	[627]	"[[""Culture"",""Culture-periphery""]]"	[606,627]	Culture	Culture-periphery	designer	0	0	"[{""level1"":""Culture"",""level2"":""Culture-periphery"",""level3"":""interior_designer"",""person_count"":20,""example_wikidata_codes"":""Q11540089|Q15485879|Q15999216""}]"	0	0	[]	Culture	proposed	medium	agrees_with_previous_llm	[]	0	freebase_bhht_author_lookup_v1	lookup_candidate_not_frozen	"[""Amу Rеimаnn"", ""Andrea Bernard"", ""Anouska Hempel""]"
254	Salesman	52	salesman	author_exact	exact_unique	Leadership	Corporate/Executive/Business (large)	"[[""Leadership"",""Corporate/Executive/Business (large)""]]"	1	1	"[""salesman""]"	[1240]	"[[""Leadership"",""Corporate/Executive/Business (large)""]]"	[1240]	Leadership	Corporate/Executive/Business (large)	salesman	0	0	"[{""level1"":""Leadership"",""level2"":""Corporate/Executive/Business (large)"",""level3"":""salesman"",""person_count"":10,""example_wikidata_codes"":""Q16066577|Q20656944|Q21197546""}]"	0	0	[]		needs_review	medium	author_candidate_previous_needs_review	[]	0	freebase_bhht_author_lookup_v1	lookup_candidate_not_frozen	"[""Alexander Scott McKee"", ""Amina Zlailouh"", ""Arthur Sabin Coward""]"
255	Accountant	52	accountant	author_exact	exact_unique	Other	Worker/Business (small)	"[[""Other"",""Worker/Business (small)""]]"	1	1	"[""accountant""]"	[1504]	"[[""Other"",""Worker/Business (small)""]]"	[1504]	Other	Worker/Business (small)	accountant	0	0	"[{""level1"":""Other"",""level2"":""Worker/Business (small)"",""level3"":""accountant"",""person_count"":239,""example_wikidata_codes"":""Q118244|Q15221986|Q15275783""}]"	0	0	[]		needs_review	low	author_candidate_previous_needs_review	[]	0	freebase_bhht_author_lookup_v1	lookup_candidate_not_frozen	"[""Anne Kennedy Waymouth"", ""Aroon Purie"", ""Benjamin Jack Hagman""]"
262	Financial adviser	48	financial_adviser	author_exact	exact_unique	Other	Worker/Business (small)	"[[""Other"",""Worker/Business (small)""]]"	1	1	"[""financial_adviser""]"	[1590]	"[[""Other"",""Worker/Business (small)""]]"	[1590]	Other	Worker/Business (small)	financial_adviser	0	0	"[{""level1"":""Other"",""level2"":""Worker/Business (small)"",""level3"":""financial_adviser"",""person_count"":15,""example_wikidata_codes"":""Q15493136|Q1630078|Q17149758""}]"	0	0	[]		needs_review	low	author_candidate_previous_needs_review	[]	0	freebase_bhht_author_lookup_v1	lookup_candidate_not_frozen	"[""Alfred D. Rosner"", ""Angelo Leno"", ""Ben Stein""]"
264	Humorist	47	humorist	author_exact	exact_unique	Culture	Culture-core	"[[""Culture"",""Culture-core""]]"	1	1	"[""humorist""]"	[440]	"[[""Culture"",""Culture-core""]]"	[440]	Culture	Culture-core	humorist	0	0	"[{""level1"":""Culture"",""level2"":""Culture-core"",""level3"":""humorist"",""person_count"":49,""example_wikidata_codes"":""Q1064562|Q15493931|Q16151827""}]"	0	0	[]	Culture	proposed	high	agrees_with_previous_llm	[]	0	freebase_bhht_author_lookup_v1	lookup_candidate_not_frozen	"[""Abe Burrows"", ""Aleksandr Kanevsky"", ""Ben Stein""]"
265	Missionary	47	missionary	author_exact	exact_unique	Leadership	Religious	"[[""Leadership"",""Religious""]]"	1	1	"[""_missionary""]"	[1259]	"[[""Leadership"",""Religious""]]"	[1259]	Leadership	Religious	_missionary	0	0	"[{""level1"":""Leadership"",""level2"":""Religious"",""level3"":""missionary"",""person_count"":2294,""example_wikidata_codes"":""Q100684|Q100780|Q100801""}]"	0	0	[]	Leadership	proposed	medium	agrees_with_previous_llm	[]	0	freebase_bhht_author_lookup_v1	lookup_candidate_not_frozen	"[""Adoniram Judson"", ""Ahmed Deedat"", ""Annie Lobert""]"
267	Columnist	47	columnist	author_exact	exact_unique	Culture	Culture-periphery	"[[""Culture"",""Culture-periphery""]]"	1	1	"[""columnist""]"	[597]	"[[""Culture"",""Culture-periphery""]]"	[597]	Culture	Culture-periphery	columnist	0	0	"[{""level1"":""Culture"",""level2"":""Culture-periphery"",""level3"":""columnist"",""person_count"":563,""example_wikidata_codes"":""Q10325479|Q1065216|Q110126""}]"	0	0	[]	Culture	proposed	high	agrees_with_previous_llm	[]	0	freebase_bhht_author_lookup_v1	lookup_candidate_not_frozen	"[""An Nelissen"", ""Ana Milena Muñoz Gómez"", ""Annamarie Russo""]"
268	Dentist	47	dentist	author_exact	exact_unique	Discovery/Science	Academia	"[[""Discovery/Science"",""Academia""]]"	1	1	"[""dentist""]"	[729]	"[[""Discovery/Science"",""Academia""]]"	[729]	Discovery/Science	Academia	dentist	0	0	"[{""level1"":""Discovery/Science"",""level2"":""Academia"",""level3"":""dentist"",""person_count"":546,""example_wikidata_codes"":""Q10285795|Q10290183|Q10317739""}]"	0	0	[]	Discovery/Science	proposed	medium	agrees_with_previous_llm	[]	0	freebase_bhht_author_lookup_v1	lookup_candidate_not_frozen	"[""Andrew Arthur Allen Sr."", ""Andrzej Szpilman"", ""Annie Elizabeth Delany""]"
271	Cellist	45	cellist	author_exact	exact_unique	Culture	Culture-core	"[[""Culture"",""Culture-core""]]"	1	1	"[""cellist""]"	[375]	"[[""Culture"",""Culture-core""]]"	[375]	Culture	Culture-core	cellist	0	0	"[{""level1"":""Culture"",""level2"":""Culture-core"",""level3"":""cellist"",""person_count"":578,""example_wikidata_codes"":""Q103294|Q1043159|Q1065302""}]"	0	0	[]	Culture	proposed	medium	agrees_with_previous_llm	[]	0	freebase_bhht_author_lookup_v1	lookup_candidate_not_frozen	"[""Akua Dixon (Music Composer)"", ""Alan Shulman"", ""Alisa Weilerstein""]"
273	Mountaineer	44	mountaineer	author_exact	exact_unique	Sports/Games	Sports/Games	"[[""Sports/Games"",""Sports/Games""]]"	1	1	"[""mountaineer""]"	[170]	"[[""Sports/Games"",""Sports/Games""]]"	[170]	Sports/Games	Sports/Games	mountaineer	0	0	"[{""level1"":""Sports/Games"",""level2"":""Sports/Games"",""level3"":""mountaineer"",""person_count"":1051,""example_wikidata_codes"":""Q100662|Q102242|Q10270591""}]"	0	0	[]	Sports/Games	proposed	high	agrees_with_previous_llm	[]	0	freebase_bhht_author_lookup_v1	lookup_candidate_not_frozen	"[""Alan Watts"", ""Aleister Crowley"", ""Alexander von Humboldt""]"
278	Prophet	42	prophet	author_exact	exact_unique	Leadership	Religious	"[[""Leadership"",""Religious""]]"	1	1	"[""prophet""]"	[1347]	"[[""Leadership"",""Religious""]]"	[1347]	Leadership	Religious	prophet	0	0	"[{""level1"":""Leadership"",""level2"":""Religious"",""level3"":""prophet"",""person_count"":154,""example_wikidata_codes"":""Q1108657|Q1108685|Q1110872""}]"	0	0	[]		needs_review	low	author_candidate_previous_needs_review	[]	0	freebase_bhht_author_lookup_v1	lookup_candidate_not_frozen	"[""Adelard of Bath"", ""Al-Battani"", ""Albertus Magnus""]"
280	Preacher	42	preacher	author_exact	exact_unique	Leadership	Religious	"[[""Leadership"",""Religious""]]"	1	1	"[""preacher""]"	[1343]	"[[""Leadership"",""Religious""]]"	[1343]	Leadership	Religious	preacher	0	0	"[{""level1"":""Leadership"",""level2"":""Religious"",""level3"":""preacher"",""person_count"":557,""example_wikidata_codes"":""Q1029610|Q10306630|Q105833""}]"	0	0	[]	Leadership	proposed	medium	agrees_with_previous_llm	[]	0	freebase_bhht_author_lookup_v1	lookup_candidate_not_frozen	"[""Aimee Semple McPherson"", ""Bahā ud-Dīn Walad"", ""Bharti Shriji""]"
282	Conservationist	42	conservationist	author_exact	exact_cross_l1_conflict			"[[""Discovery/Science"",""Academia""],[""Leadership"",""Politics""]]"	2	2	"[""conservationist""]"	[721,955]	"[[""Discovery/Science"",""Academia""],[""Leadership"",""Politics""]]"	[721,955]	Discovery/Science	Academia	conservationist	0	0	"[{""level1"":""Discovery/Science"",""level2"":""Academia"",""level3"":""conservationist"",""person_count"":67,""example_wikidata_codes"":""Q11056893|Q1260107|Q1282702""},{""level1"":""Leadership"",""level2"":""Politics"",""level3"":""conservationist"",""person_count"":79,""example_wikidata_codes"":""Q1348276|Q15485581|Q15920645""}]"	0	0	"[""multiple_author_l1_candidates""]"		needs_review	low	no_unique_author_l1_candidate	"[""multiple_author_l1_candidates""]"	0	freebase_bhht_author_lookup_v1	lookup_candidate_not_frozen	"[""Ansel Adams"", ""Anton Rupert"", ""Bill Oddie""]"
283	Puppeteer	42	puppeteer	author_exact	exact_unique	Culture	Culture-core	"[[""Culture"",""Culture-core""]]"	1	1	"[""puppeteer""]"	[510]	"[[""Culture"",""Culture-core""]]"	[510]	Culture	Culture-core	puppeteer	0	0	"[{""level1"":""Culture"",""level2"":""Culture-core"",""level3"":""puppeteer"",""person_count"":248,""example_wikidata_codes"":""Q101565|Q12019448|Q12058147""}]"	0	0	[]	Culture	proposed	medium	agrees_with_previous_llm	[]	0	freebase_bhht_author_lookup_v1	lookup_candidate_not_frozen	"[""Bil Baird"", ""Bill Barretta"", ""Bob Clampett""]"
284	Jockey	42	jockey	author_exact	exact_unique	Sports/Games	Sports/Games	"[[""Sports/Games"",""Sports/Games""]]"	1	1	"[""jockey""]"	[144]	"[[""Sports/Games"",""Sports/Games""]]"	[144]	Sports/Games	Sports/Games	jockey	0	0	"[{""level1"":""Culture"",""level2"":""Culture-core"",""level3"":""jockey"",""person_count"":107,""example_wikidata_codes"":""Q1152010|Q1154056|Q1154125""},{""level1"":""Culture"",""level2"":""Culture-periphery"",""level3"":""jockey"",""person_count"":586,""example_wikidata_codes"":""Q101762|Q1022307|Q10263599""},{""level1"":""Sports/Games"",""level2"":""Sports/Games"",""level3"":""jockey"",""person_count"":1093,""example_wikidata_codes"":""Q1081174|Q1086533|Q1088130""}]"	1	1	"[""person_main_reference_disagrees_not_used_to_override""]"	Sports/Games	proposed	medium	agrees_with_previous_llm	"[""person_main_reference_disagrees_not_used_to_override""]"	0	freebase_bhht_author_lookup_v1	lookup_candidate_not_frozen	"[""Bobby Crawford (Jockey)"", ""Canada Lee"", ""Cash Asmussen""]"
286	Memoirist	41	memoirist	author_exact	exact_unique	Culture	Culture-core	"[[""Culture"",""Culture-core""]]"	1	1	"[""memoirist""]"	[466]	"[[""Culture"",""Culture-core""]]"	[466]	Culture	Culture-core	memoirist	0	0	"[{""level1"":""Culture"",""level2"":""Culture-core"",""level3"":""memoirist"",""person_count"":66,""example_wikidata_codes"":""Q1330128|Q13562954|Q13562987""}]"	0	0	[]	Culture	proposed	medium	agrees_with_previous_llm	[]	0	freebase_bhht_author_lookup_v1	lookup_candidate_not_frozen	"[""Adele Morales"", ""Aleksander Fredro"", ""Alexander Chekhov""]"
287	Printmaker	41	printmaker	author_exact	exact_unique	Culture	Culture-core	"[[""Culture"",""Culture-core""]]"	1	1	"[""printmaker""]"	[504]	"[[""Culture"",""Culture-core""]]"	[504]	Culture	Culture-core	printmaker	0	0	"[{""level1"":""Culture"",""level2"":""Culture-core"",""level3"":""printmaker"",""person_count"":552,""example_wikidata_codes"":""Q10359436|Q1042679|Q1078080""}]"	0	0	[]	Culture	proposed	high	agrees_with_previous_llm	[]	0	freebase_bhht_author_lookup_v1	lookup_candidate_not_frozen	"[""Adrian Allinson"", ""Aldo Crommelynck"", ""Amy Mothersbaugh Roos""]"
294	Warlord	39	warlord	author_exact	exact_unique	Leadership	Military	"[[""Leadership"",""Military""]]"	1	1	"[""_warlord""]"	[1367]	"[[""Leadership"",""Military""]]"	[1367]	Leadership	Military	_warlord	0	0	"[{""level1"":""Leadership"",""level2"":""Military"",""level3"":""warlord"",""person_count"":203,""example_wikidata_codes"":""Q10323203|Q10323222|Q10323244""}]"	0	0	[]	Leadership	proposed	high	agrees_with_previous_llm	[]	0	freebase_bhht_author_lookup_v1	lookup_candidate_not_frozen	"[""Ahmad Shah Massoud"", ""Akbar Bugti"", ""Akhmad Kadyrov""]"
296	Stockbroker	38	stockbroker	author_exact	exact_unique	Leadership	Corporate/Executive/Business (large)	"[[""Leadership"",""Corporate/Executive/Business (large)""]]"	1	1	"[""stockbroker""]"	[1246]	"[[""Leadership"",""Corporate/Executive/Business (large)""],[""Other"",""Worker/Business (small)""]]"	[1246,1543]	Leadership	Corporate/Executive/Business (large)	stockbroker	0	0	"[{""level1"":""Leadership"",""level2"":""Corporate/Executive/Business (large)"",""level3"":""stockbroker"",""person_count"":129,""example_wikidata_codes"":""Q10384023|Q11291887|Q11309450""}]"	0	0	[]		needs_review	medium	author_candidate_previous_needs_review	[]	0	freebase_bhht_author_lookup_v1	lookup_candidate_not_frozen	"[""Anthony Havelock-Allan"", ""Brian Dennehy"", ""Brian J. White""]"
297	Player	38	player	author_exact	exact_unique	Sports/Games	Sports/Games	"[[""Sports/Games"",""Sports/Games""]]"	1	1	"[""player""]"	[189]	"[[""Sports/Games"",""Sports/Games""]]"	[189]	Sports/Games	Sports/Games	player	0	0	"[{""level1"":""Sports/Games"",""level2"":""Culture-core"",""level3"":""player"",""person_count"":59,""example_wikidata_codes"":""Q10361166|Q1037501|Q107814""},{""level1"":""Sports/Games"",""level2"":""Sports/Games"",""level3"":""player"",""person_count"":44623,""example_wikidata_codes"":""Q100317|Q100321|Q100449""}]"	1	0	"[""person_main_reference_disagrees_not_used_to_override""]"		needs_review	low	author_candidate_previous_needs_review	"[""person_main_reference_disagrees_not_used_to_override""]"	0	freebase_bhht_author_lookup_v1	lookup_candidate_not_frozen	"[""Barny Boatman"", ""Ben Affleck"", ""Bobby Fischer""]"
299	Astronaut	37	astronaut	author_exact	exact_unique	Discovery/Science	Academia	"[[""Discovery/Science"",""Academia""]]"	1	1	"[""astronaut""]"	[697]	"[[""Discovery/Science"",""Academia""]]"	[697]	Discovery/Science	Academia	astronaut	0	0	"[{""level1"":""Discovery/Science"",""level2"":""Academia"",""level3"":""astronaut"",""person_count"":489,""example_wikidata_codes"":""Q1018622|Q104859|Q104865""}]"	0	0	[]	Discovery/Science	proposed	high	agrees_with_previous_llm	[]	0	freebase_bhht_author_lookup_v1	lookup_candidate_not_frozen	"[""Alan G. Poindexter"", ""Aleksandr Aleksandrovich Volkov"", ""Andriyan Nikolayev""]"
303	Showgirl	36	showgirl	author_exact	exact_unique	Culture	Culture-core	"[[""Culture"",""Culture-core""]]"	1	1	"[""showgirl""]"	[527]	"[[""Culture"",""Culture-core""]]"	[527]	Culture	Culture-core	showgirl	0	0	"[{""level1"":""Culture"",""level2"":""Culture-core"",""level3"":""showgirl"",""person_count"":22,""example_wikidata_codes"":""Q12899323|Q19864756|Q23655842""}]"	0	0	[]	Culture	proposed	high	agrees_with_previous_llm	[]	0	freebase_bhht_author_lookup_v1	lookup_candidate_not_frozen	"[""Barbara Sinatra"", ""Beverly Lloyd"", ""Bice Valori""]"
305	Referee	35	referee	author_exact	exact_unique	Sports/Games	Sports/Games	"[[""Sports/Games"",""Sports/Games""]]"	1	1	"[""referee""]"	[211]	"[[""Sports/Games"",""Sports/Games""]]"	[211]	Sports/Games	Sports/Games	referee	0	0	"[{""level1"":""Sports/Games"",""level2"":""Sports/Games"",""level3"":""referee"",""person_count"":194,""example_wikidata_codes"":""Q10263991|Q10308201|Q10309829""}]"	0	0	[]		needs_review	low	author_candidate_previous_needs_review	[]	0	freebase_bhht_author_lookup_v1	lookup_candidate_not_frozen	"[""Aaron Pointer"", ""Adrian Porumboiu"", ""Bill Haller""]"
307	Musicologist	35	musicologist	author_exact	exact_unique	Discovery/Science	Academia	"[[""Discovery/Science"",""Academia""]]"	1	1	"[""musicologist""]"	[664]	"[[""Culture"",""Culture-core""],[""Discovery/Science"",""Academia""]]"	[325,664]	Culture	Culture-core	_music	1	1	"[{""level1"":""Discovery/Science"",""level2"":""Academia"",""level3"":""musicologist"",""person_count"":113,""example_wikidata_codes"":""Q1084612|Q114261|Q1173665""}]"	0	0	"[""exact_lookup_differs_from_full_author_first_match""]"	Discovery/Science	proposed	medium	agrees_with_previous_llm	"[""exact_lookup_differs_from_full_author_first_match""]"	0	freebase_bhht_author_lookup_v1	lookup_candidate_not_frozen	"[""Alain Daniélou"", ""Alessandro Longo"", ""Andrey Rimsky-Korsakov""]"
308	Industrialist	35	industrialist	author_exact	exact_unique	Leadership	Corporate/Executive/Business (large)	"[[""Leadership"",""Corporate/Executive/Business (large)""]]"	1	1	"[""industrialist""]"	[1228]	"[[""Leadership"",""Corporate/Executive/Business (large)""]]"	[1227,1228]	Leadership	Corporate/Executive/Business (large)	industrial	0	0	"[{""level1"":""Leadership"",""level2"":""Corporate/Executive/Business (large)"",""level3"":""industrialist"",""person_count"":259,""example_wikidata_codes"":""Q1032497|Q1037451|Q104829""}]"	0	0	[]	Leadership	proposed	high	agrees_with_previous_llm	[]	0	freebase_bhht_author_lookup_v1	lookup_candidate_not_frozen	"[""Alberto Bruni Tedeschi"", ""Andres Soriano"", ""August Thyssen""]"
309	Equestrian	35	equestrian	author_exact	exact_unique	Sports/Games	Sports/Games	"[[""Sports/Games"",""Sports/Games""]]"	1	1	"[""equestrian""]"	[94]	"[[""Sports/Games"",""Sports/Games""]]"	[94]	Sports/Games	Sports/Games	equestrian	0	0	"[{""level1"":""Sports/Games"",""level2"":""Sports/Games"",""level3"":""equestrian"",""person_count"":412,""example_wikidata_codes"":""Q1000292|Q10320723|Q10321824""}]"	0	0	[]	Sports/Games	proposed	high	agrees_with_previous_llm	[]	0	freebase_bhht_author_lookup_v1	lookup_candidate_not_frozen	"[""Anabel Balkenhol"", ""Anne, Princess Royal"", ""Ashley Holzer""]"
310	Rower	35	rower	author_exact	exact_unique	Sports/Games	Sports/Games	"[[""Sports/Games"",""Sports/Games""]]"	1	1	"[""_rower""]"	[21]	"[[""Sports/Games"",""Sports/Games""]]"	[21]	Sports/Games	Sports/Games	_rower	0	0	"[{""level1"":""Sports/Games"",""level2"":""Sports/Games"",""level3"":""rower"",""person_count"":8435,""example_wikidata_codes"":""Q100302|Q100362|Q100475""}]"	0	0	[]	Sports/Games	proposed	medium	agrees_with_previous_llm	[]	0	freebase_bhht_author_lookup_v1	lookup_candidate_not_frozen	"[""Apostolos Gkountoulas"", ""Bernard Biglin"", ""Catherine Greves""]"
311	Astrologer	34	astrologer	author_exact	exact_unique	Other	Other	"[[""Other"",""Other""]]"	1	1	"[""astrologer""]"	[1776]	"[[""Other"",""Other""]]"	[1776]	Other	Other	astrologer	0	0	"[{""level1"":""Other"",""level2"":""Other"",""level3"":""astrologer"",""person_count"":158,""example_wikidata_codes"":""Q11023362|Q11310266|Q1149004""}]"	0	0	[]		needs_review	medium	author_candidate_previous_needs_review	[]	0	freebase_bhht_author_lookup_v1	lookup_candidate_not_frozen	"[""Adelard of Bath"", ""Al-Battani"", ""Albertus Magnus""]"
313	Mafioso	34	mafioso	author_exact	exact_unique	Other	Other	"[[""Other"",""Other""]]"	1	1	"[""mafioso""]"	[1832]	"[[""Other"",""Other""]]"	[1832]	Other	Other	mafioso	0	0	"[{""level1"":""Other"",""level2"":""Other"",""level3"":""mafioso"",""person_count"":132,""example_wikidata_codes"":""Q1043826|Q1089131|Q1131317""}]"	0	0	[]		out_of_scope	medium	formal_author_other_previously_out_of_scope	[]	0	freebase_bhht_author_lookup_v1	lookup_candidate_not_frozen	"[""Al Capone"", ""Albert Gallo"", ""Alphonse Persico""]"
318	Surfer	34	surfer	author_exact	exact_unique	Sports/Games	Sports/Games	"[[""Sports/Games"",""Sports/Games""]]"	1	1	"[""surfer""]"	[262]	"[[""Sports/Games"",""Sports/Games""]]"	[262]	Sports/Games	Sports/Games	surfer	0	0	"[{""level1"":""Sports/Games"",""level2"":""Sports/Games"",""level3"":""surfer"",""person_count"":602,""example_wikidata_codes"":""Q10304865|Q10346176|Q1042890""}]"	0	0	[]	Sports/Games	proposed	high	agrees_with_previous_llm	[]	0	freebase_bhht_author_lookup_v1	lookup_candidate_not_frozen	"[""Andy Irons"", ""Beau Young"", ""Bethany Hamilton""]"
319	Comics artist	33	comics_artist	author_exact	exact_unique	Culture	Culture-periphery	"[[""Culture"",""Culture-periphery""]]"	1	1	"[""comics_artist""]"	[598]	"[[""Culture"",""Culture-core""],[""Culture"",""Culture-periphery""]]"	[304,312,598]	Culture	Culture-core	_artist	0	1	[]	0	0	"[""exact_lookup_differs_from_full_author_first_match""]"	Culture	proposed	medium	agrees_with_previous_llm	"[""exact_lookup_differs_from_full_author_first_match""]"	0	freebase_bhht_author_lookup_v1	lookup_candidate_not_frozen	"[""Adam Kubert"", ""Aline Kominsky-Crumb"", ""Andrice Arp""]"
321	Art dealer	32	art_dealer	author_exact	exact_unique	Culture	Culture-periphery	"[[""Culture"",""Culture-periphery""]]"	1	1	"[""art_dealer""]"	[587]	"[[""Culture"",""Culture-periphery""]]"	[587]	Culture	Culture-periphery	art_dealer	0	0	"[{""level1"":""Culture"",""level2"":""Culture-periphery"",""level3"":""art_dealer"",""person_count"":382,""example_wikidata_codes"":""Q104395|Q1078131|Q115015""}]"	0	0	[]		needs_review	low	author_candidate_previous_needs_review	[]	0	freebase_bhht_author_lookup_v1	lookup_candidate_not_frozen	"[""Alec N. Wildenstein"", ""Amy Mothersbaugh Roos"", ""André Emmerich""]"
326	Daimyo	32	daimyo	author_exact	exact_unique	Leadership	Nobility	"[[""Leadership"",""Nobility""]]"	1	1	"[""daimyo""]"	[1134]	"[[""Leadership"",""Nobility""]]"	[1134]	Leadership	Nobility	daimyo	0	0	"[{""level1"":""Leadership"",""level2"":""Nobility"",""level3"":""daimyo"",""person_count"":59,""example_wikidata_codes"":""Q1005245|Q1052927|Q1064909""}]"	0	0	[]	Leadership	proposed	high	agrees_with_previous_llm	[]	0	freebase_bhht_author_lookup_v1	lookup_candidate_not_frozen	"[""Hōjō Ujimasa"", ""Hōjō Ujiyasu"", ""Ikeda Tsuneoki""]"
328	Impresario	31	impresario	author_exact	exact_unique	Culture	Culture-core	"[[""Culture"",""Culture-core""]]"	1	1	"[""impresario""]"	[447]	"[[""Culture"",""Culture-core""]]"	[447]	Culture	Culture-core	impresario	0	0	"[{""level1"":""Culture"",""level2"":""Culture-core"",""level3"":""impresario"",""person_count"":171,""example_wikidata_codes"":""Q101561|Q1040285|Q1066519""}]"	0	0	[]	Culture	proposed	medium	agrees_with_previous_llm	[]	0	freebase_bhht_author_lookup_v1	lookup_candidate_not_frozen	"[""Alessandro Stradella"", ""Alex A. Quinn"", ""Andrew Lloyd Webber""]"
332	Photojournalist	30	photojournalist	author_exact	exact_unique	Culture	Culture-core	"[[""Culture"",""Culture-core""]]"	1	1	"[""photojournalist""]"	[494]	"[[""Culture"",""Culture-core""],[""Culture"",""Culture-periphery""]]"	[494,629]	Culture	Culture-core	photojournalist	0	0	"[{""level1"":""Culture"",""level2"":""Culture-core"",""level3"":""photojournalist"",""person_count"":224,""example_wikidata_codes"":""Q1016334|Q110453|Q11140841""}]"	0	0	[]	Culture	proposed	medium	agrees_with_previous_llm	[]	0	freebase_bhht_author_lookup_v1	lookup_candidate_not_frozen	"[""Aditya Bhattacharya"", ""Albert Fenn"", ""Amy Arbus""]"
334	Satirist	29	satirist	author_exact	exact_unique	Culture	Culture-core	"[[""Culture"",""Culture-core""]]"	1	1	"[""satirist""]"	[516]	"[[""Culture"",""Culture-core""]]"	[516]	Culture	Culture-core	satirist	0	0	"[{""level1"":""Culture"",""level2"":""Culture-core"",""level3"":""satirist"",""person_count"":25,""example_wikidata_codes"":""Q1054731|Q11979714|Q1361675""}]"	0	0	[]	Culture	proposed	medium	agrees_with_previous_llm	[]	0	freebase_bhht_author_lookup_v1	lookup_candidate_not_frozen	"[""\""Weird Al\"" Yankovic"", ""Aleksandr Kanevsky"", ""Ambrose Bierce""]"
335	Miner	29	miner	author_exact	exact_unique	Other	Worker/Business (small)	"[[""Other"",""Worker/Business (small)""]]"	1	1	"[""_miner_""]"	[1476]	"[[""Other"",""Worker/Business (small)""]]"	[1476]	Other	Worker/Business (small)	_miner_	0	0	"[{""level1"":""Other"",""level2"":""Worker/Business (small)"",""level3"":""miner"",""person_count"":89,""example_wikidata_codes"":""Q10284609|Q1079572|Q112139""}]"	0	0	[]		out_of_scope	high	formal_author_other_previously_out_of_scope	[]	0	freebase_bhht_author_lookup_v1	lookup_candidate_not_frozen	"[""Adam Gierek (Miner)"", ""Andrej Warhola"", ""Bolesław Cieślak""]"
342	Rescuer	29	rescuer	author_exact	exact_unique	Other	Other	"[[""Other"",""Other""]]"	1	1	"[""rescuer""]"	[1869]	"[[""Other"",""Other""]]"	[1869]	Other	Other	rescuer	0	0	"[{""level1"":""Other"",""level2"":""Other"",""level3"":""rescuer"",""person_count"":2,""example_wikidata_codes"":""Q16037921|Q8003829""}]"	0	0	[]		out_of_scope	high	formal_author_other_previously_out_of_scope	[]	0	freebase_bhht_author_lookup_v1	lookup_candidate_not_frozen	"[""Anthony Martin Sinatra"", ""António Silva"", ""Brian Williams""]"
343	Solicitor	28	solicitor	author_exact	exact_unique	Leadership	Administration/Law	"[[""Leadership"",""Administration/Law""]]"	1	1	"[""solicitor""]"	[1100]	"[[""Leadership"",""Administration/Law""]]"	[1100]	Leadership	Administration/Law	solicitor	0	0	"[{""level1"":""Leadership"",""level2"":""Administration/Law"",""level3"":""solicitor"",""person_count"":230,""example_wikidata_codes"":""Q112676|Q11725465|Q1174781""}]"	0	0	[]	Leadership	proposed	medium	agrees_with_previous_llm	[]	0	freebase_bhht_author_lookup_v1	lookup_candidate_not_frozen	"[""Adrian Davies"", ""Albert James Lewis"", ""Charles Elgee""]"
344	Samurai	28	samurai	author_exact	exact_unique	Leadership	Military	"[[""Leadership"",""Military""]]"	1	1	"[""samurai""]"	[1418]	"[[""Leadership"",""Military""]]"	[1418]	Leadership	Military	samurai	0	0	"[{""level1"":""Leadership"",""level2"":""Military"",""level3"":""samurai"",""person_count"":715,""example_wikidata_codes"":""Q1001861|Q1013888|Q1017056""}]"	0	0	[]	Leadership	proposed	high	agrees_with_previous_llm	[]	0	freebase_bhht_author_lookup_v1	lookup_candidate_not_frozen	"[""Akechi Mitsuhide"", ""Akechi Mitsuyoshi"", ""Chuichi Iomi""]"
345	Naturalist	28	naturalist	author_exact	exact_unique	Discovery/Science	Academia	"[[""Discovery/Science"",""Academia""]]"	1	1	"[""naturalist""]"	[823]	"[[""Discovery/Science"",""Academia""]]"	[823]	Discovery/Science	Academia	naturalist	0	0	"[{""level1"":""Discovery/Science"",""level2"":""Academia"",""level3"":""naturalist"",""person_count"":954,""example_wikidata_codes"":""Q102065|Q1026526|Q10285029""}]"	0	0	[]	Discovery/Science	proposed	high	agrees_with_previous_llm	[]	0	freebase_bhht_author_lookup_v1	lookup_candidate_not_frozen	"[""Albrecht von Haller"", ""Alexander von Humboldt"", ""Alfred Russel Wallace""]"
347	Biochemist	28	biochemist	author_exact	exact_unique	Discovery/Science	Academia	"[[""Discovery/Science"",""Academia""]]"	1	1	"[""biochemist""]"	[703]	"[[""Discovery/Science"",""Academia""]]"	[703,715]	Discovery/Science	Academia	biochemist	0	0	"[{""level1"":""Discovery/Science"",""level2"":""Academia"",""level3"":""biochemist"",""person_count"":1379,""example_wikidata_codes"":""Q1001271|Q100392|Q101220""}]"	0	0	[]	Discovery/Science	proposed	high	agrees_with_previous_llm	[]	0	freebase_bhht_author_lookup_v1	lookup_candidate_not_frozen	"[""Allan Wilson"", ""Antony Kidman"", ""Augustyn Wróblewski""]"
348	Luger	28	luger	author_exact	exact_unique	Sports/Games	Sports/Games	"[[""Sports/Games"",""Sports/Games""]]"	1	1	"[""luger""]"	[159]	"[[""Sports/Games"",""Sports/Games""]]"	[159]	Sports/Games	Sports/Games	luger	0	0	"[{""level1"":""Sports/Games"",""level2"":""Sports/Games"",""level3"":""luger"",""person_count"":789,""example_wikidata_codes"":""Q1026743|Q1026747|Q1029507""}]"	0	0	[]	Sports/Games	proposed	high	agrees_with_previous_llm	[]	0	freebase_bhht_author_lookup_v1	lookup_candidate_not_frozen	"[""Andreas Linger"", ""Andris Šics"", ""André Florschütz""]"
350	Fighter pilot	28	fighter_pilot	author_exact	exact_unique	Leadership	Military	"[[""Leadership"",""Military""]]"	1	1	"[""fighter_pilot""]"	[1391]	"[[""Leadership"",""Military""],[""Sports/Games"",""Sports/Games""]]"	[96,1390,1391]	Sports/Games	Sports/Games	fighter	1	1	"[{""level1"":""Leadership"",""level2"":""Military"",""level3"":""fighter_pilot"",""person_count"":154,""example_wikidata_codes"":""Q1010676|Q101928|Q104989""}]"	0	0	"[""exact_lookup_differs_from_full_author_first_match""]"	Leadership	proposed	high	agrees_with_previous_llm	"[""exact_lookup_differs_from_full_author_first_match""]"	0	freebase_bhht_author_lookup_v1	lookup_candidate_not_frozen	"[""Anthony Bartley"", ""Asghar Khan"", ""Atef El Sadat (Fighter pilot)""]"
355	Clerk	27	clerk	author_exact	exact_unique	Other	Worker/Business (small)	"[[""Other"",""Worker/Business (small)""]]"	1	1	"[""_clerk""]"	[1446]	"[[""Other"",""Worker/Business (small)""]]"	[1446]	Other	Worker/Business (small)	_clerk	0	0	"[{""level1"":""Other"",""level2"":""Worker/Business (small)"",""level3"":""clerk"",""person_count"":100,""example_wikidata_codes"":""Q14554887|Q15821482|Q16013052""}]"	0	0	[]		out_of_scope	medium	formal_author_other_previously_out_of_scope	[]	0	freebase_bhht_author_lookup_v1	lookup_candidate_not_frozen	"[""Alastair Sim"", ""Brett Harrelson"", ""Carl Friedrich Wagner""]"
359	Orator	26	orator	author_exact	exact_unique	Other	Other	"[[""Other"",""Other""]]"	1	1	"[""_orator""]"	[1848]	"[[""Other"",""Other""]]"	[1848]	Other	Other	_orator	0	0	"[{""level1"":""Other"",""level2"":""Other"",""level3"":""orator"",""person_count"":42,""example_wikidata_codes"":""Q1263178|Q12902326|Q1345118""}]"	0	0	[]		needs_review	low	author_candidate_previous_needs_review	[]	0	freebase_bhht_author_lookup_v1	lookup_candidate_not_frozen	"[""Ahmed Deedat"", ""Ben Manski"", ""Bipin Chandra Pal""]"
360	Trombonist	26	trombonist	author_exact	exact_unique	Culture	Culture-core	"[[""Culture"",""Culture-core""]]"	1	1	"[""trombonist""]"	[556]	"[[""Culture"",""Culture-core""]]"	[556]	Culture	Culture-core	trombonist	0	0	"[{""level1"":""Culture"",""level2"":""Culture-core"",""level3"":""trombonist"",""person_count"":192,""example_wikidata_codes"":""Q1052645|Q1080546|Q1080584""}]"	0	0	[]	Culture	proposed	high	agrees_with_previous_llm	[]	0	freebase_bhht_author_lookup_v1	lookup_candidate_not_frozen	"[""Al Jorden"", ""Arthur Pryor"", ""Benjamin de Roubaix""]"
361	Clarinetist	26	clarinetist	author_exact	exact_unique	Culture	Culture-core	"[[""Culture"",""Culture-core""]]"	1	1	"[""clarinetist""]"	[389]	"[[""Culture"",""Culture-core""]]"	[388,389]	Culture	Culture-core	clarinet	0	0	"[{""level1"":""Culture"",""level2"":""Culture-core"",""level3"":""clarinetist"",""person_count"":4,""example_wikidata_codes"":""Q22959327|Q3494156|Q6272790""}]"	0	0	[]	Culture	proposed	medium	agrees_with_previous_llm	[]	0	freebase_bhht_author_lookup_v1	lookup_candidate_not_frozen	"[""Alfonso Lizárraga"", ""Alvils Altmanis"", ""Arlene Alda""]"
362	Flautist	26	flautist	author_exact	exact_unique	Culture	Culture-core	"[[""Culture"",""Culture-core""]]"	1	1	"[""flautist""]"	[425]	"[[""Culture"",""Culture-core""]]"	[425]	Culture	Culture-core	flautist	0	0	"[{""level1"":""Culture"",""level2"":""Culture-core"",""level3"":""flautist"",""person_count"":221,""example_wikidata_codes"":""Q10305112|Q1030700|Q1036955""}]"	0	0	[]	Culture	proposed	high	agrees_with_previous_llm	[]	0	freebase_bhht_author_lookup_v1	lookup_candidate_not_frozen	"[""Alice Nellis"", ""Ann Wilson"", ""Carmine Coppola""]"
363	Legislator	25	legislator	author_exact	exact_unique	Leadership	Politics	"[[""Leadership"",""Politics""]]"	1	1	"[""legislator""]"	[929]	"[[""Leadership"",""Politics""]]"	[929]	Leadership	Politics	legislator	0	0	"[{""level1"":""Leadership"",""level2"":""Politics"",""level3"":""legislator"",""person_count"":77,""example_wikidata_codes"":""Q10972553|Q12061037|Q12061164""}]"	0	0	[]	Leadership	proposed	high	agrees_with_previous_llm	[]	0	freebase_bhht_author_lookup_v1	lookup_candidate_not_frozen	"[""Adam Ravenstahl"", ""Alfonso X of Castile"", ""Arunachalam Mahadeva""]"
365	Copywriter	25	copywriter	author_exact	exact_unique	Culture	Culture-periphery	"[[""Culture"",""Culture-periphery""]]"	1	1	"[""copywriter""]"	[601]	"[[""Culture"",""Culture-periphery""]]"	[601]	Culture	Culture-periphery	copywriter	0	0	"[{""level1"":""Culture"",""level2"":""Culture-periphery"",""level3"":""copywriter"",""person_count"":5,""example_wikidata_codes"":""Q28405423|Q44506703|Q5524937""}]"	0	0	[]	Culture	proposed	high	agrees_with_previous_llm	[]	0	freebase_bhht_author_lookup_v1	lookup_candidate_not_frozen	"[""Bob Newhart"", ""Charlie Grandy"", ""Christine Langan""]"
368	Nun	24	nun	author_exact	exact_unique	Leadership	Religious	"[[""Leadership"",""Religious""]]"	1	1	"[""_nun_""]"	[1260]	"[[""Leadership"",""Religious""]]"	[1260]	Leadership	Religious	_nun_	0	0	"[{""level1"":""Leadership"",""level2"":""Religious"",""level3"":""nun"",""person_count"":1010,""example_wikidata_codes"":""Q100206|Q102548|Q10322964""}]"	0	0	[]	Leadership	proposed	high	agrees_with_previous_llm	[]	0	freebase_bhht_author_lookup_v1	lookup_candidate_not_frozen	"[""Alexandrina MacKillop"", ""Anna Vyrubova"", ""Aurora Veronika Zrinski""]"
369	Zoologist	23	zoologist	author_exact	exact_unique	Discovery/Science	Academia	"[[""Discovery/Science"",""Academia""]]"	1	1	"[""zoologist""]"	[927]	"[[""Discovery/Science"",""Academia""]]"	[927]	Discovery/Science	Academia	zoologist	0	0	"[{""level1"":""Discovery/Science"",""level2"":""Academia"",""level3"":""zoologist"",""person_count"":2171,""example_wikidata_codes"":""Q1001277|Q100876|Q101326""}]"	0	0	[]	Discovery/Science	proposed	high	agrees_with_previous_llm	[]	0	freebase_bhht_author_lookup_v1	lookup_candidate_not_frozen	"[""Addison Emery Verrill"", ""Alexandre Brongniart"", ""Cyril Diver""]"
370	Philologist	23	philologist	author_exact	exact_unique	Discovery/Science	Academia	"[[""Discovery/Science"",""Academia""]]"	1	1	"[""philologist""]"	[858]	"[[""Discovery/Science"",""Academia""]]"	[858]	Discovery/Science	Academia	philologist	0	0	"[{""level1"":""Discovery/Science"",""level2"":""Academia"",""level3"":""philologist"",""person_count"":2996,""example_wikidata_codes"":""Q1000048|Q1000254|Q1003153""}]"	0	0	[]	Discovery/Science	proposed	medium	agrees_with_previous_llm	[]	0	freebase_bhht_author_lookup_v1	lookup_candidate_not_frozen	"[""Alan Nussbaum"", ""Aleksandr Strakhov"", ""Antun Mažuranić""]"
373	Clown	23	clown	author_exact	exact_unique	Culture	Culture-core	"[[""Culture"",""Culture-core""]]"	1	1	"[""_clown_""]"	[310]	"[[""Culture"",""Culture-core""]]"	[310]	Culture	Culture-core	_clown_	0	0	"[{""level1"":""Culture"",""level2"":""Culture-core"",""level3"":""clown"",""person_count"":94,""example_wikidata_codes"":""Q101480|Q10263929|Q10281163""}]"	0	0	[]	Culture	proposed	medium	agrees_with_previous_llm	[]	0	freebase_bhht_author_lookup_v1	lookup_candidate_not_frozen	"[""Alfonso Aragón"", ""Annie Fratellini"", ""Charlie Cairoli""]"
374	Geographer	23	geographer	author_exact	exact_unique	Discovery/Science	Academia	"[[""Discovery/Science"",""Academia""]]"	1	1	"[""geographer""]"	[763]	"[[""Discovery/Science"",""Academia""]]"	[763]	Discovery/Science	Academia	geographer	0	0	"[{""level1"":""Discovery/Science"",""level2"":""Academia"",""level3"":""geographer"",""person_count"":1439,""example_wikidata_codes"":""Q100352|Q100534|Q100611""}]"	0	0	[]	Discovery/Science	proposed	high	agrees_with_previous_llm	[]	0	freebase_bhht_author_lookup_v1	lookup_candidate_not_frozen	"[""Alfred Russel Wallace"", ""Barry Bishop"", ""César-François Cassini de Thury""]"
375	Mechanic	23	mechanic	author_exact	exact_unique	Other	Worker/Business (small)	"[[""Other"",""Worker/Business (small)""]]"	1	1	"[""mechanic""]"	[1652]	"[[""Other"",""Worker/Business (small)""]]"	[1652]	Other	Worker/Business (small)	mechanic	0	0	"[{""level1"":""Other"",""level2"":""Worker/Business (small)"",""level3"":""mechanic"",""person_count"":185,""example_wikidata_codes"":""Q10288989|Q10320459|Q10329964""}]"	0	0	[]		out_of_scope	high	formal_author_other_previously_out_of_scope	[]	0	freebase_bhht_author_lookup_v1	lookup_candidate_not_frozen	"[""Andrey Scheglyaev"", ""Brendan Lynch (Mechanic)"", ""Charles Patrick Roberts""]"
377	Pharmacist	23	pharmacist	author_exact	exact_unique	Discovery/Science	Academia	"[[""Discovery/Science"",""Academia""]]"	1	1	"[""pharmacist""]"	[855]	"[[""Discovery/Science"",""Academia""]]"	[855]	Discovery/Science	Academia	pharmacist	0	0	"[{""level1"":""Discovery/Science"",""level2"":""Academia"",""level3"":""pharmacist"",""person_count"":803,""example_wikidata_codes"":""Q102596|Q10262969|Q102830""}]"	0	0	[]	Discovery/Science	proposed	high	agrees_with_previous_llm	[]	0	freebase_bhht_author_lookup_v1	lookup_candidate_not_frozen	"[""Bushra al-Assad"", ""Charles Stross"", ""Chew-Fan Lee""]"
378	Cleric	22	cleric	author_exact	exact_unique	Leadership	Religious	"[[""Leadership"",""Religious""]]"	1	1	"[""_cleric_""]"	[1254]	"[[""Leadership"",""Religious""]]"	[1254]	Leadership	Religious	_cleric_	0	0	"[{""level1"":""Leadership"",""level2"":""Religious"",""level3"":""cleric"",""person_count"":829,""example_wikidata_codes"":""Q10296220|Q103314|Q103328""}]"	0	0	[]	Leadership	proposed	high	agrees_with_previous_llm	[]	0	freebase_bhht_author_lookup_v1	lookup_candidate_not_frozen	"[""Abdul Aziz al-Hakim"", ""Akhmad Kadyrov"", ""Arnould Herbert Hurt""]"
379	Gangster	22	gangster	author_exact	exact_unique	Other	Other	"[[""Other"",""Other""]]"	1	1	"[""gangster""]"	[1806]	"[[""Other"",""Other""]]"	[1806]	Other	Other	gangster	0	0	"[{""level1"":""Other"",""level2"":""Other"",""level3"":""gangster"",""person_count"":212,""example_wikidata_codes"":""Q10757068|Q1093080|Q11523406""}]"	0	0	[]		out_of_scope	medium	formal_author_other_previously_out_of_scope	[]	0	freebase_bhht_author_lookup_v1	lookup_candidate_not_frozen	"[""Al Capone"", ""Carlo Gambino"", ""Donato Angiulo""]"
380	Torero	22	torero	author_exact	exact_unique	Sports/Games	Sports/Games	"[[""Sports/Games"",""Sports/Games""]]"	1	1	"[""torero""]"	[275]	"[[""Sports/Games"",""Sports/Games""]]"	[275]	Sports/Games	Sports/Games	torero	0	0	"[{""level1"":""Sports/Games"",""level2"":""Sports/Games"",""level3"":""torero"",""person_count"":185,""example_wikidata_codes"":""Q10271207|Q10388876|Q11073461""}]"	0	0	[]	Sports/Games	proposed	high	agrees_with_previous_llm	[]	0	freebase_bhht_author_lookup_v1	lookup_candidate_not_frozen	"[""Alejandro Amaya"", ""Antonio Bienvenida"", ""Bette Ford""]"
381	Geneticist	22	geneticist	author_exact	exact_unique	Discovery/Science	Academia	"[[""Discovery/Science"",""Academia""]]"	1	1	"[""geneticist""]"	[760]	"[[""Discovery/Science"",""Academia""]]"	[760]	Discovery/Science	Academia	geneticist	0	0	"[{""level1"":""Discovery/Science"",""level2"":""Academia"",""level3"":""geneticist"",""person_count"":662,""example_wikidata_codes"":""Q1000929|Q1022437|Q1027641""}]"	0	0	[]	Discovery/Science	proposed	high	agrees_with_previous_llm	[]	0	freebase_bhht_author_lookup_v1	lookup_candidate_not_frozen	"[""Alfred Sturtevant"", ""Anne McLaren"", ""Craig Venter""]"
382	Motivational speaker	22	motivational_speaker	author_exact	exact_unique	Other	Other	"[[""Other"",""Other""]]"	1	1	"[""motivational_speaker""]"	[1746]	"[[""Other"",""Other""]]"	[1746]	Other	Other	motivational_speaker	0	0	"[{""level1"":""Other"",""level2"":""Other"",""level3"":""motivational_speaker"",""person_count"":108,""example_wikidata_codes"":""Q12035941|Q12697956|Q13522483""}]"	0	0	[]		needs_review	low	author_candidate_previous_needs_review	[]	0	freebase_bhht_author_lookup_v1	lookup_candidate_not_frozen	"[""Annie Lobert"", ""Aria Brüss"", ""Bear Grylls""]"
384	Advocate	21	advocate	author_exact	exact_unique	Leadership	Administration/Law	"[[""Leadership"",""Administration/Law""]]"	1	1	"[""advocate""]"	[1058]	"[[""Leadership"",""Administration/Law""]]"	[1058]	Leadership	Administration/Law	advocate	0	0	"[{""level1"":""Leadership"",""level2"":""Administration/Law"",""level3"":""advocate"",""person_count"":315,""example_wikidata_codes"":""Q1091442|Q1096536|Q11117964""}]"	0	0	[]	Leadership	proposed	high	agrees_with_previous_llm	[]	0	freebase_bhht_author_lookup_v1	lookup_candidate_not_frozen	"[""Al Gore"", ""Ayaz Latif Palijo"", ""Betty Furness""]"
388	Stripper	21	stripper	author_exact	exact_unique	Other	Other	"[[""Other"",""Other""]]"	1	1	"[""stripper""]"	[1878]	"[[""Other"",""Other""]]"	[1878]	Other	Other	stripper	0	0	"[{""level1"":""Other"",""level2"":""Other"",""level3"":""stripper"",""person_count"":4,""example_wikidata_codes"":""Q1592564|Q17489818|Q2939826""}]"	0	0	[]	Culture	proposed	medium	differs_from_previous_llm	"[""previous_llm_l1_disagreement""]"	0	freebase_bhht_author_lookup_v1	lookup_candidate_not_frozen	"[""Anna Nicole Smith"", ""Annie Sprinkle"", ""Anniqua Forss""]"
389	Electrician	21	electrician	author_exact	exact_unique	Other	Worker/Business (small)	"[[""Other"",""Worker/Business (small)""]]"	1	1	"[""electrician""]"	[1584]	"[[""Other"",""Worker/Business (small)""]]"	[1584]	Other	Worker/Business (small)	electrician	0	0	"[{""level1"":""Other"",""level2"":""Worker/Business (small)"",""level3"":""electrician"",""person_count"":18,""example_wikidata_codes"":""Q20804502|Q2108137|Q23612647""}]"	0	0	[]		out_of_scope	high	formal_author_other_previously_out_of_scope	[]	0	freebase_bhht_author_lookup_v1	lookup_candidate_not_frozen	"[""Buddy Quaid"", ""Byron Bening"", ""David Elwell""]"
391	Surveyor	20	surveyor	author_exact	exact_unique	Other	Worker/Business (small)	"[[""Other"",""Worker/Business (small)""]]"	1	1	"[""surveyor""]"	[1694]	"[[""Other"",""Worker/Business (small)""]]"	[1694]	Other	Worker/Business (small)	surveyor	0	0	"[{""level1"":""Other"",""level2"":""Worker/Business (small)"",""level3"":""surveyor"",""person_count"":151,""example_wikidata_codes"":""Q1066040|Q112283|Q11728012""}]"	0	0	[]		needs_review	low	author_candidate_previous_needs_review	[]	0	freebase_bhht_author_lookup_v1	lookup_candidate_not_frozen	"[""Alexander Forrest"", ""Alexej I. Butakov"", ""Augustus Charles Gregory""]"
393	Fiddler	20	fiddler	author_exact	exact_unique	Culture	Culture-core	"[[""Culture"",""Culture-core""]]"	1	1	"[""fiddler""]"	[422]	"[[""Culture"",""Culture-core""]]"	[422]	Culture	Culture-core	fiddler	0	0	"[{""level1"":""Culture"",""level2"":""Culture-core"",""level3"":""fiddler"",""person_count"":318,""example_wikidata_codes"":""Q11249069|Q1157706|Q11974140""}]"	0	0	[]	Culture	proposed	high	agrees_with_previous_llm	[]	0	freebase_bhht_author_lookup_v1	lookup_candidate_not_frozen	"[""Alfred Maurstad"", ""Alison Krauss"", ""Bob Wills""]"
395	Humanitarian	20	humanitarian	author_exact	exact_unique	Leadership	Politics	"[[""Leadership"",""Politics""]]"	1	1	"[""humanitarian""]"	[989]	"[[""Leadership"",""Politics""]]"	[989]	Leadership	Politics	humanitarian	0	0	"[{""level1"":""Leadership"",""level2"":""Politics"",""level3"":""humanitarian"",""person_count"":140,""example_wikidata_codes"":""Q107691|Q112443|Q12214935""}]"	0	0	[]		needs_review	low	author_candidate_previous_needs_review	[]	0	freebase_bhht_author_lookup_v1	lookup_candidate_not_frozen	"[""Anthony F. DePalma"", ""Buffy Sainte-Marie"", ""Dorothy Buxton""]"
396	Bodybuilder	20	bodybuilder	author_exact	exact_unique	Sports/Games	Sports/Games	"[[""Sports/Games"",""Sports/Games""]]"	1	1	"[""bodybuilder""]"	[56]	"[[""Sports/Games"",""Sports/Games""]]"	[56]	Sports/Games	Sports/Games	bodybuilder	0	0	"[{""level1"":""Sports/Games"",""level2"":""Sports/Games"",""level3"":""bodybuilder"",""person_count"":338,""example_wikidata_codes"":""Q100743|Q107762|Q12340913""}]"	0	0	[]	Sports/Games	proposed	high	agrees_with_previous_llm	[]	0	freebase_bhht_author_lookup_v1	lookup_candidate_not_frozen	"[""Arnold Schwarzenegger"", ""Cathy LeFrançois"", ""Charles Atlas""]"
398	Tribal chief	20	tribal_chief	author_exact	exact_unique	Leadership	Nobility	"[[""Leadership"",""Nobility""]]"	1	1	"[""tribal_chief""]"	[1170]	"[[""Leadership"",""Nobility""]]"	[1170]	Leadership	Nobility	tribal_chief	0	0	"[{""level1"":""Leadership"",""level2"":""Nobility"",""level3"":""tribal_chief"",""person_count"":102,""example_wikidata_codes"":""Q1035132|Q1110677|Q1118165""}]"	0	0	[]	Leadership	proposed	high	agrees_with_previous_llm	[]	0	freebase_bhht_author_lookup_v1	lookup_candidate_not_frozen	"[""Carne Muerto"", ""Cheeseekau"", ""Chief Powhatan""]"
399	Literary agent	19	literary_agent	author_exact	exact_unique	Culture	Culture-core	"[[""Culture"",""Culture-core""]]"	1	1	"[""literary_agent""]"	[458]	"[[""Culture"",""Culture-core""]]"	[323,458]	Culture	Culture-core	_literary_	0	0	[]	0	0	[]	Culture	proposed	high	agrees_with_previous_llm	[]	0	freebase_bhht_author_lookup_v1	lookup_candidate_not_frozen	"[""A. D. Peters"", ""Alice Laura Cecil"", ""Amanda Urban""]"
402	Evangelist	19	evangelist	author_exact	exact_unique	Leadership	Religious	"[[""Leadership"",""Religious""]]"	1	1	"[""evangelist""]"	[1306]	"[[""Leadership"",""Religious""]]"	[1306]	Leadership	Religious	evangelist	0	0	"[{""level1"":""Leadership"",""level2"":""Religious"",""level3"":""evangelist"",""person_count"":217,""example_wikidata_codes"":""Q1036839|Q1139523|Q1165408""}]"	0	0	[]	Leadership	proposed	high	agrees_with_previous_llm	[]	0	freebase_bhht_author_lookup_v1	lookup_candidate_not_frozen	"[""Aimee Semple McPherson"", ""Anne Graham Lotz"", ""Billy Graham""]"
407	Exotic dancer	19	exotic_dancer	author_exact	exact_unique	Culture	Culture-core	"[[""Culture"",""Culture-core""]]"	1	1	"[""exotic_dancer""]"	[421]	"[[""Culture"",""Culture-core""]]"	[410,421]	Culture	Culture-core	dancer	0	0	"[{""level1"":""Culture"",""level2"":""Culture-core"",""level3"":""exotic_dancer"",""person_count"":2,""example_wikidata_codes"":""Q7194185|Q82180""}]"	0	0	[]	Culture	proposed	high	agrees_with_previous_llm	[]	0	freebase_bhht_author_lookup_v1	lookup_candidate_not_frozen	"[""Amber Lynn"", ""Candy Barr"", ""Chesty Morgan""]"
411	Cryptographer	18	cryptographer	author_exact	exact_unique	Other	Worker/Business (small)	"[[""Other"",""Worker/Business (small)""]]"	1	1	"[""cryptographer""]"	[1576]	"[[""Other"",""Worker/Business (small)""]]"	[1576]	Other	Worker/Business (small)	cryptographer	0	0	"[{""level1"":""Other"",""level2"":""Worker/Business (small)"",""level3"":""cryptographer"",""person_count"":71,""example_wikidata_codes"":""Q1064308|Q1339153|Q14772822""}]"	0	0	[]		needs_review	low	author_candidate_previous_needs_review	[]	0	freebase_bhht_author_lookup_v1	lookup_candidate_not_frozen	"[""Adi Shamir"", ""Dan Boneh"", ""Gilles Brassard""]"
415	Flight attendant	18	flight_attendant	author_exact	exact_unique	Other	Worker/Business (small)	"[[""Other"",""Worker/Business (small)""]]"	1	1	"[""flight_attendant""]"	[1594]	"[[""Other"",""Worker/Business (small)""]]"	[1594]	Other	Worker/Business (small)	flight_attendant	0	0	"[{""level1"":""Other"",""level2"":""Worker/Business (small)"",""level3"":""flight_attendant"",""person_count"":30,""example_wikidata_codes"":""Q116342|Q1333319|Q13560248""}]"	0	0	[]		out_of_scope	medium	formal_author_other_previously_out_of_scope	[]	0	freebase_bhht_author_lookup_v1	lookup_candidate_not_frozen	"[""Alice Hoglan"", ""Dimitra Liani"", ""Grace Hightower""]"
416	Manufacturer	18	manufacturer	author_exact	exact_unique	Leadership	Corporate/Executive/Business (large)	"[[""Leadership"",""Corporate/Executive/Business (large)""]]"	1	1	"[""manufacturer""]"	[1235]	"[[""Leadership"",""Corporate/Executive/Business (large)""]]"	[1235]	Leadership	Corporate/Executive/Business (large)	manufacturer	0	0	"[{""level1"":""Leadership"",""level2"":""Corporate/Executive/Business (large)"",""level3"":""manufacturer"",""person_count"":803,""example_wikidata_codes"":""Q1022558|Q102722|Q10307897""}]"	0	0	[]		needs_review	low	author_candidate_previous_needs_review	[]	0	freebase_bhht_author_lookup_v1	lookup_candidate_not_frozen	"[""Amasa Goodyear"", ""Angelo Jacobs"", ""Erastus Fairbanks""]"
417	Impressionist	18	impressionist	author_exact	exact_unique	Culture	Culture-core	"[[""Culture"",""Culture-core""]]"	1	1	"[""impressionist""]"	[448]	"[[""Culture"",""Culture-core""]]"	[448]	Culture	Culture-core	impressionist	0	0	"[{""level1"":""Culture"",""level2"":""Culture-core"",""level3"":""impressionist"",""person_count"":18,""example_wikidata_codes"":""Q10862805|Q118445|Q12037556""}]"	0	0	[]	Culture	proposed	high	agrees_with_previous_llm	[]	0	freebase_bhht_author_lookup_v1	lookup_candidate_not_frozen	"[""Andy Stewart"", ""Anne-Marie Johnson"", ""Chiaki""]"
418	Hair Stylist	18	hair_stylist	author_exact	exact_unique	Other	Worker/Business (small)	"[[""Other"",""Worker/Business (small)""]]"	1	1	"[""hair_stylist""]"	[1606]	"[[""Culture"",""Culture-periphery""],[""Other"",""Worker/Business (small)""]]"	[580,1606]	Culture	Culture-periphery	_stylist_	1	1	"[{""level1"":""Other"",""level2"":""Worker/Business (small)"",""level3"":""hair_stylist"",""person_count"":5,""example_wikidata_codes"":""Q16731989|Q16734435|Q5395570""}]"	0	0	"[""exact_lookup_differs_from_full_author_first_match""]"		needs_review	low	author_candidate_previous_needs_review	"[""exact_lookup_differs_from_full_author_first_match""]"	0	freebase_bhht_author_lookup_v1	lookup_candidate_not_frozen	"[""Anne Wheaton"", ""Barbara Barnard"", ""Didier Malige""]"
419	Oboist	18	oboist	author_exact	exact_unique	Culture	Culture-core	"[[""Culture"",""Culture-core""]]"	1	1	"[""oboist""]"	[476]	"[[""Culture"",""Culture-core""]]"	[476]	Culture	Culture-core	oboist	0	0	"[{""level1"":""Culture"",""level2"":""Culture-core"",""level3"":""oboist"",""person_count"":181,""example_wikidata_codes"":""Q1067114|Q11884128|Q1375457""}]"	0	0	[]	Culture	proposed	high	agrees_with_previous_llm	[]	0	freebase_bhht_author_lookup_v1	lookup_candidate_not_frozen	"[""Bob Cooper"", ""Charles Mackerras"", ""Evelyn Barbirolli""]"
422	Urban planner	17	urban_planner	author_exact	exact_unique	Culture	Culture-periphery	"[[""Culture"",""Culture-periphery""]]"	1	1	"[""urban_planner""]"	[657]	"[[""Culture"",""Culture-periphery""]]"	[657]	Culture	Culture-periphery	urban_planner	0	0	"[{""level1"":""Culture"",""level2"":""Culture-periphery"",""level3"":""urban_planner"",""person_count"":85,""example_wikidata_codes"":""Q1409777|Q15109504|Q15442919""}]"	0	0	[]	Culture	proposed	medium	agrees_with_previous_llm	[]	0	freebase_bhht_author_lookup_v1	lookup_candidate_not_frozen	"[""Amanda Burden"", ""Ann Lubin Buttenwieser"", ""Bruno Taut""]"
424	Seamstress	17	seamstress	author_exact	exact_unique	Other	Worker/Business (small)	"[[""Other"",""Worker/Business (small)""]]"	1	1	"[""_seamstress""]"	[1489]	"[[""Other"",""Worker/Business (small)""]]"	[1489]	Other	Worker/Business (small)	_seamstress	0	0	"[{""level1"":""Other"",""level2"":""Worker/Business (small)"",""level3"":""seamstress"",""person_count"":3,""example_wikidata_codes"":""Q4234929|Q4971940|Q5085880""}]"	0	0	[]		out_of_scope	medium	formal_author_other_previously_out_of_scope	[]	0	freebase_bhht_author_lookup_v1	lookup_candidate_not_frozen	"[""Beatrice Cushenberry"", ""Beatrice Witham"", ""Carmela Stompanato""]"
437	Pediatrician	16	pediatrician	author_exact	exact_unique	Discovery/Science	Academia	"[[""Discovery/Science"",""Academia""]]"	1	1	"[""pediatrician""]"	[852]	"[[""Discovery/Science"",""Academia""]]"	[852]	Discovery/Science	Academia	pediatrician	0	0	"[{""level1"":""Discovery/Science"",""level2"":""Academia"",""level3"":""pediatrician"",""person_count"":28,""example_wikidata_codes"":""Q1254617|Q16170532|Q16187310""}]"	0	0	[]	Discovery/Science	proposed	high	agrees_with_previous_llm	[]	0	freebase_bhht_author_lookup_v1	lookup_candidate_not_frozen	"[""Cecilia Piñera"", ""Donald Winnicott"", ""Janusz Korczak""]"
440	Neuroscientist	15	neuroscientist	author_exact	exact_unique	Discovery/Science	Academia	"[[""Discovery/Science"",""Academia""]]"	1	1	"[""neuroscientist""]"	[827]	"[[""Discovery/Science"",""Academia""]]"	[827,894]	Discovery/Science	Academia	neuroscientist	0	0	"[{""level1"":""Discovery/Science"",""level2"":""Academia"",""level3"":""neuroscientist"",""person_count"":719,""example_wikidata_codes"":""Q101167|Q102211|Q102497""}]"	0	0	[]	Discovery/Science	proposed	high	agrees_with_previous_llm	[]	0	freebase_bhht_author_lookup_v1	lookup_candidate_not_frozen	"[""Aafia Siddiqui"", ""Christof Koch"", ""Daniel Levitin""]"
441	Harpist	15	harpist	author_exact	exact_unique	Culture	Culture-core	"[[""Culture"",""Culture-core""]]"	1	1	"[""harpist""]"	[435]	"[[""Culture"",""Culture-core""]]"	[435]	Culture	Culture-core	harpist	0	0	"[{""level1"":""Culture"",""level2"":""Culture-core"",""level3"":""harpist"",""person_count"":133,""example_wikidata_codes"":""Q101311|Q1062409|Q10994531""}]"	0	0	[]	Culture	proposed	high	agrees_with_previous_llm	[]	0	freebase_bhht_author_lookup_v1	lookup_candidate_not_frozen	"[""Aida Mulieri-Dagort"", ""Alice Coltrane"", ""Arianna Savall""]"
443	Folklorist	15	folklorist	author_exact	exact_unique	Culture	Culture-core	"[[""Culture"",""Culture-core""]]"	1	1	"[""folklorist""]"	[427]	"[[""Culture"",""Culture-core""]]"	[427]	Culture	Culture-core	folklorist	0	0	"[{""level1"":""Culture"",""level2"":""Culture-core"",""level3"":""folklorist"",""person_count"":226,""example_wikidata_codes"":""Q1027798|Q10281531|Q10295151""}]"	0	0	[]		needs_review	low	author_candidate_previous_needs_review	[]	0	freebase_bhht_author_lookup_v1	lookup_candidate_not_frozen	"[""Alan Lomax"", ""Amanda Dargan"", ""Anna Lomax Wood""]"
444	Tailor	15	tailor	author_exact	exact_unique	Other	Worker/Business (small)	"[[""Other"",""Worker/Business (small)""]]"	1	1	"[""tailor""]"	[1695]	"[[""Other"",""Worker/Business (small)""]]"	[1695]	Other	Worker/Business (small)	tailor	0	0	"[{""level1"":""Other"",""level2"":""Worker/Business (small)"",""level3"":""tailor"",""person_count"":88,""example_wikidata_codes"":""Q104093|Q1079633|Q11078398""}]"	0	0	[]		out_of_scope	high	formal_author_other_previously_out_of_scope	[]	0	freebase_bhht_author_lookup_v1	lookup_candidate_not_frozen	"[""Andrew Johnson"", ""Bernard Goodman"", ""David Goodman (Tailor)""]"
445	Lobbyist	15	lobbyist	author_exact	exact_unique	Leadership	Corporate/Executive/Business (large)	"[[""Leadership"",""Corporate/Executive/Business (large)""]]"	1	1	"[""lobbyist""]"	[1232]	"[[""Leadership"",""Corporate/Executive/Business (large)""]]"	[1232]	Leadership	Corporate/Executive/Business (large)	lobbyist	0	0	"[{""level1"":""Leadership"",""level2"":""Corporate/Executive/Business (large)"",""level3"":""lobbyist"",""person_count"":174,""example_wikidata_codes"":""Q1418120|Q15525019|Q15729758""}]"	0	0	[]	Leadership	proposed	medium	agrees_with_previous_llm	[]	0	freebase_bhht_author_lookup_v1	lookup_candidate_not_frozen	"[""Anne, Princess Royal"", ""Chris Dodd"", ""Clarence M. Mitchell, Jr.""]"
447	Speechwriter	15	speechwriter	author_exact	exact_unique	Culture	Culture-core	"[[""Culture"",""Culture-core""]]"	1	1	"[""speechwriter""]"	[538]	"[[""Culture"",""Culture-core""]]"	[538]	Culture	Culture-core	speechwriter	0	0	"[{""level1"":""Culture"",""level2"":""Culture-core"",""level3"":""speechwriter"",""person_count"":21,""example_wikidata_codes"":""Q10324957|Q12485379|Q13374232""}]"	0	0	[]		needs_review	low	author_candidate_previous_needs_review	[]	0	freebase_bhht_author_lookup_v1	lookup_candidate_not_frozen	"[""Ben Stein"", ""Beulah Roth"", ""Bob Ellis""]"
450	Public Servant	14	public_servant	author_exact	exact_unique	Leadership	Administration/Law	"[[""Leadership"",""Administration/Law""]]"	1	1	"[""public_servant""]"	[1093]	"[[""Leadership"",""Administration/Law""]]"	[1093]	Leadership	Administration/Law	public_servant	0	0	"[{""level1"":""Leadership"",""level2"":""Administration/Law"",""level3"":""public_servant"",""person_count"":70,""example_wikidata_codes"":""Q118378|Q12859009|Q1338409""}]"	0	0	[]	Leadership	proposed	high	agrees_with_previous_llm	[]	0	freebase_bhht_author_lookup_v1	lookup_candidate_not_frozen	"[""Abdullah Al-Rashidi"", ""Cheri Honkala"", ""Claire Tallent""]"
451	Imam	14	imam	author_exact	exact_unique	Leadership	Religious	"[[""Leadership"",""Religious""]]"	1	1	"[""imam""]"	[1315]	"[[""Leadership"",""Religious""]]"	[1315]	Leadership	Religious	imam	0	0	"[{""level1"":""Leadership"",""level2"":""Religious"",""level3"":""imam"",""person_count"":329,""example_wikidata_codes"":""Q1048738|Q1054152|Q1059677""}]"	0	0	[]	Leadership	proposed	medium	agrees_with_previous_llm	[]	0	freebase_bhht_author_lookup_v1	lookup_candidate_not_frozen	"[""Abdullah al-Aftah"", ""Abu Hanifa"", ""Al-Shafi‘i""]"
454	Winemaker	14	winemaker	author_exact	exact_unique	Leadership	Corporate/Executive/Business (large)	"[[""Leadership"",""Corporate/Executive/Business (large)""]]"	1	1	"[""winemaker""]"	[1250]	"[[""Leadership"",""Corporate/Executive/Business (large)""]]"	[1250]	Leadership	Corporate/Executive/Business (large)	winemaker	0	0	"[{""level1"":""Leadership"",""level2"":""Corporate/Executive/Business (large)"",""level3"":""winemaker"",""person_count"":46,""example_wikidata_codes"":""Q13560789|Q1439494|Q15040859""}]"	0	0	[]		out_of_scope	medium	author_candidate_previous_out_of_scope	[]	0	freebase_bhht_author_lookup_v1	lookup_candidate_not_frozen	"[""Al Bano Carrisi"", ""Alexis Lichine"", ""Doug Lehmann""]"
455	Logician	14	logician	author_exact	exact_unique	Discovery/Science	Academia	"[[""Discovery/Science"",""Academia""]]"	1	1	"[""logician""]"	[806]	"[[""Discovery/Science"",""Academia""]]"	[806]	Discovery/Science	Academia	logician	0	0	"[{""level1"":""Discovery/Science"",""level2"":""Academia"",""level3"":""logician"",""person_count"":26,""example_wikidata_codes"":""Q1527182|Q17704616|Q18574964""}]"	0	0	[]	Discovery/Science	proposed	high	agrees_with_previous_llm	[]	0	freebase_bhht_author_lookup_v1	lookup_candidate_not_frozen	"[""Alan Turing"", ""Alfred North Whitehead"", ""Alfred Tarski""]"
456	Laborer	14	laborer	author_exact	exact_unique	Other	Worker/Business (small)	"[[""Other"",""Worker/Business (small)""]]"	1	1	"[""laborer""]"	[1636]	"[[""Other"",""Worker/Business (small)""]]"	[1636]	Other	Worker/Business (small)	laborer	0	0	"[{""level1"":""Other"",""level2"":""Worker/Business (small)"",""level3"":""laborer"",""person_count"":8,""example_wikidata_codes"":""Q11885050|Q2354612|Q2833221""}]"	0	0	[]		out_of_scope	high	formal_author_other_previously_out_of_scope	[]	0	freebase_bhht_author_lookup_v1	lookup_candidate_not_frozen	"[""Alastair Sim"", ""Alex Orr (Laborer)"", ""Bob Katter""]"
457	Stage Manager	14	stage_manager	author_exact	exact_unique	Culture	Culture-core	"[[""Culture"",""Culture-core""]]"	1	1	"[""stage_manager""]"	[541]	"[[""Culture"",""Culture-core""],[""Leadership"",""Corporate/Executive/Business (large)""]]"	[338,541,1234]	Culture	Culture-core	_stage_	0	0	[]	0	0	[]		needs_review	low	author_candidate_previous_needs_review	[]	0	freebase_bhht_author_lookup_v1	lookup_candidate_not_frozen	"[""Alexander R. Scott"", ""Arthur Benjamin Carr Glyn"", ""Bridget Samuel""]"
458	Dressmaker	14	dressmaker	author_exact	exact_unique	Other	Worker/Business (small)	"[[""Other"",""Worker/Business (small)""]]"	1	1	"[""dressmaker""]"	[1581]	"[[""Other"",""Worker/Business (small)""]]"	[1581]	Other	Worker/Business (small)	dressmaker	0	0	"[{""level1"":""Other"",""level2"":""Worker/Business (small)"",""level3"":""dressmaker"",""person_count"":14,""example_wikidata_codes"":""Q10316544|Q125816|Q16663053""}]"	0	0	[]		out_of_scope	high	formal_author_other_previously_out_of_scope	[]	0	freebase_bhht_author_lookup_v1	lookup_candidate_not_frozen	"[""Allie M. Smith"", ""Elizabeth Courtney (Dressmaker)"", ""Florence May""]"
462	Printer	14	printer	author_exact	exact_unique	Other	Worker/Business (small)	"[[""Other"",""Worker/Business (small)""]]"	1	1	"[""_printer""]"	[1485]	"[[""Other"",""Worker/Business (small)""]]"	[1485]	Other	Worker/Business (small)	_printer	0	0	"[{""level1"":""Other"",""level2"":""Worker/Business (small)"",""level3"":""printer"",""person_count"":605,""example_wikidata_codes"":""Q1003629|Q100623|Q103082""}]"	0	0	[]		out_of_scope	high	formal_author_other_previously_out_of_scope	[]	0	freebase_bhht_author_lookup_v1	lookup_candidate_not_frozen	"[""Benjamin Farjeon"", ""Benjamin Franklin"", ""Johanna Drucker""]"
464	Bishop	14	bishop	author_exact	exact_unique	Leadership	Religious	"[[""Leadership"",""Religious""]]"	1	1	"[""bishop""]"	[1280]	"[[""Leadership"",""Religious""]]"	[1280]	Leadership	Religious	bishop	0	0	"[{""level1"":""Leadership"",""level2"":""Religious"",""level3"":""bishop"",""person_count"":2494,""example_wikidata_codes"":""Q100692|Q1010351|Q101459""}]"	0	0	[]	Leadership	proposed	high	agrees_with_previous_llm	[]	0	freebase_bhht_author_lookup_v1	lookup_candidate_not_frozen	"[""Carolyn Tanner Irish"", ""Donnie Williams"", ""Ernest Barnes""]"
467	Scenographer	13	scenographer	author_exact	exact_unique	Culture	Culture-core	"[[""Culture"",""Culture-core""]]"	1	1	"[""scenographer""]"	[522]	"[[""Culture"",""Culture-core""]]"	[522]	Culture	Culture-core	scenographer	0	0	"[{""level1"":""Culture"",""level2"":""Culture-core"",""level3"":""scenographer"",""person_count"":457,""example_wikidata_codes"":""Q10289986|Q1046234|Q1056964""}]"	0	0	[]	Culture	proposed	high	agrees_with_previous_llm	[]	0	freebase_bhht_author_lookup_v1	lookup_candidate_not_frozen	"[""Adrianne Lobel"", ""Béla Tarr (Scenographer)"", ""Dario Fo""]"
470	Curler	13	curler	author_exact	exact_unique	Sports/Games	Sports/Games	"[[""Sports/Games"",""Sports/Games""]]"	1	1	"[""curler""]"	[80]	"[[""Sports/Games"",""Sports/Games""]]"	[80]	Sports/Games	Sports/Games	curler	0	0	"[{""level1"":""Sports/Games"",""level2"":""Sports/Games"",""level3"":""curler"",""person_count"":1354,""example_wikidata_codes"":""Q100273|Q100705|Q101011""}]"	0	0	[]	Sports/Games	proposed	high	agrees_with_previous_llm	[]	0	freebase_bhht_author_lookup_v1	lookup_candidate_not_frozen	"[""Alina Patz"", ""Barry Fry (Curler)"", ""Claudio Patz""]"
473	Antiquarian	13	antiquarian	author_exact	exact_unique	Other	Worker/Business (small)	"[[""Other"",""Worker/Business (small)""]]"	1	1	"[""antiquarian""]"	[1515]	"[[""Other"",""Worker/Business (small)""]]"	[1515]	Other	Worker/Business (small)	antiquarian	0	0	"[{""level1"":""Other"",""level2"":""Worker/Business (small)"",""level3"":""antiquarian"",""person_count"":162,""example_wikidata_codes"":""Q107591|Q12206591|Q1246291""}]"	0	0	[]		needs_review	low	author_candidate_previous_needs_review	[]	0	freebase_bhht_author_lookup_v1	lookup_candidate_not_frozen	"[""Ann Kron"", ""Augustus Le Plongeon"", ""Chris Long (Singer Songwriter)""]"
477	Spy	13	spy	author_exact	exact_unique	Leadership	Military	"[[""Leadership"",""Military""]]"	1	1	"[""_spy_""]"	[1366]	"[[""Leadership"",""Military""]]"	[1366]	Leadership	Military	_spy_	0	0	"[{""level1"":""Leadership"",""level2"":""Military"",""level3"":""spy"",""person_count"":520,""example_wikidata_codes"":""Q1028974|Q105948|Q105984""}]"	0	0	[]		needs_review	low	author_candidate_previous_needs_review	[]	0	freebase_bhht_author_lookup_v1	lookup_candidate_not_frozen	"[""Christopher Marlowe"", ""Daniel Defoe"", ""Francis Bacon""]"
478	Monk	13	monk	author_exact	exact_unique	Leadership	Religious	"[[""Leadership"",""Religious""]]"	1	1	"[""monk""]"	[1331]	"[[""Leadership"",""Religious""]]"	[1331]	Leadership	Religious	monk	0	0	"[{""level1"":""Leadership"",""level2"":""Religious"",""level3"":""monk"",""person_count"":1389,""example_wikidata_codes"":""Q1002321|Q1004128|Q1010173""}]"	0	0	[]	Leadership	proposed	medium	agrees_with_previous_llm	[]	0	freebase_bhht_author_lookup_v1	lookup_candidate_not_frozen	"[""Constance of Castile (Monk)"", ""Ferréol of Uzès"", ""Gregor Mendel""]"
483	Bookkeeper	12	bookkeeper	author_exact	exact_unique	Other	Worker/Business (small)	"[[""Other"",""Worker/Business (small)""]]"	1	1	"[""bookkeeper""]"	[1535]	"[[""Other"",""Worker/Business (small)""]]"	[1535]	Other	Worker/Business (small)	bookkeeper	0	0	"[{""level1"":""Other"",""level2"":""Worker/Business (small)"",""level3"":""bookkeeper"",""person_count"":4,""example_wikidata_codes"":""Q21028306|Q365299|Q8018769""}]"	0	0	[]		out_of_scope	high	formal_author_other_previously_out_of_scope	[]	0	freebase_bhht_author_lookup_v1	lookup_candidate_not_frozen	"[""AIbert Abraham Cauvern"", ""Betsie ten Boom"", ""Eric Ernest Hitchens""]"
484	Chaplain	12	chaplain	author_exact	exact_unique	Leadership	Religious	"[[""Leadership"",""Religious""]]"	1	1	"[""chaplain""]"	[1289]	"[[""Leadership"",""Religious""]]"	[1289]	Leadership	Religious	chaplain	0	0	"[{""level1"":""Leadership"",""level2"":""Religious"",""level3"":""chaplain"",""person_count"":215,""example_wikidata_codes"":""Q10268025|Q12330591|Q1288518""}]"	0	0	[]	Leadership	proposed	medium	agrees_with_previous_llm	[]	0	freebase_bhht_author_lookup_v1	lookup_candidate_not_frozen	"[""Abbé Pierre"", ""Abraham Baldwin"", ""Adam Ferguson""]"
485	Pathologist	12	pathologist	author_exact	exact_unique	Discovery/Science	Academia	"[[""Discovery/Science"",""Academia""]]"	1	1	"[""pathologist""]"	[849]	"[[""Discovery/Science"",""Academia""]]"	[849]	Discovery/Science	Academia	pathologist	0	0	"[{""level1"":""Discovery/Science"",""level2"":""Academia"",""level3"":""pathologist"",""person_count"":559,""example_wikidata_codes"":""Q101436|Q1018587|Q102077""}]"	0	0	[]	Discovery/Science	proposed	high	agrees_with_previous_llm	[]	0	freebase_bhht_author_lookup_v1	lookup_candidate_not_frozen	"[""Achille Adrien Proust"", ""Arnold Rice Rich"", ""Arthur Max Barrett""]"
486	Videographer	12	videographer	author_exact	exact_unique	Culture	Culture-periphery	"[[""Culture"",""Culture-periphery""]]"	1	1	"[""videographer""]"	[658]	"[[""Culture"",""Culture-periphery""]]"	[658]	Culture	Culture-periphery	videographer	0	0	"[{""level1"":""Culture"",""level2"":""Culture-periphery"",""level3"":""videographer"",""person_count"":14,""example_wikidata_codes"":""Q11575342|Q16016614|Q18624110""}]"	0	0	[]	Culture	proposed	high	agrees_with_previous_llm	[]	0	freebase_bhht_author_lookup_v1	lookup_candidate_not_frozen	"[""Ahmad Kiarostami"", ""Christian Chapiron"", ""Glenn Beck""]"
489	Astrophysicist	12	astrophysicist	author_exact	exact_unique	Discovery/Science	Academia	"[[""Discovery/Science"",""Academia""]]"	1	1	"[""astrophysicist""]"	[700]	"[[""Discovery/Science"",""Academia""]]"	[700,868]	Discovery/Science	Academia	astrophysicist	0	0	"[{""level1"":""Discovery/Science"",""level2"":""Academia"",""level3"":""astrophysicist"",""person_count"":398,""example_wikidata_codes"":""Q10380514|Q10381067|Q1114121""}]"	0	0	[]	Discovery/Science	proposed	high	agrees_with_previous_llm	[]	0	freebase_bhht_author_lookup_v1	lookup_candidate_not_frozen	"[""Alexei Filippenko"", ""Brian May"", ""Carl Sagan""]"
492	Guide	12	guide	author_exact	exact_unique	Other	Worker/Business (small)	"[[""Other"",""Worker/Business (small)""]]"	1	1	"[""_guide_""]"	[1461]	"[[""Other"",""Worker/Business (small)""]]"	[1461]	Other	Worker/Business (small)	_guide_	0	0	"[{""level1"":""Other"",""level2"":""Other"",""level3"":""guide"",""person_count"":3,""example_wikidata_codes"":""Q42393519|Q55898740|Q5959236""},{""level1"":""Other"",""level2"":""Worker/Business (small)"",""level3"":""guide"",""person_count"":43,""example_wikidata_codes"":""Q11227153|Q17177112|Q17466426""}]"	1	0	"[""person_main_reference_disagrees_not_used_to_override""]"		out_of_scope	high	formal_author_other_previously_out_of_scope	"[""person_main_reference_disagrees_not_used_to_override""]"	0	freebase_bhht_author_lookup_v1	lookup_candidate_not_frozen	"[""Andrew Divoff"", ""Barry Bishop"", ""Bill Engvall""]"
493	Prosecutor	12	prosecutor	author_exact	exact_unique	Leadership	Administration/Law	"[[""Leadership"",""Administration/Law""]]"	1	1	"[""prosecutor_""]"	[1092]	"[[""Leadership"",""Administration/Law""]]"	[1092]	Leadership	Administration/Law	prosecutor_	0	0	"[{""level1"":""Leadership"",""level2"":""Administration/Law"",""level3"":""prosecutor"",""person_count"":119,""example_wikidata_codes"":""Q1001480|Q1038507|Q1053230""}]"	0	0	[]	Leadership	proposed	medium	agrees_with_previous_llm	[]	0	freebase_bhht_author_lookup_v1	lookup_candidate_not_frozen	"[""Andrew Jackson"", ""Bill Ritter"", ""Darren Levine""]"
494	Cleaner	12	cleaner	author_exact	exact_unique	Other	Worker/Business (small)	"[[""Other"",""Worker/Business (small)""]]"	1	1	"[""_cleaner""]"	[1445]	"[[""Other"",""Worker/Business (small)""]]"	[1445]	Other	Worker/Business (small)	_cleaner	0	0	"[{""level1"":""Other"",""level2"":""Worker/Business (small)"",""level3"":""cleaner"",""person_count"":2,""example_wikidata_codes"":""Q10359383|Q16006948""}]"	0	0	[]		out_of_scope	high	formal_author_other_previously_out_of_scope	[]	0	freebase_bhht_author_lookup_v1	lookup_candidate_not_frozen	"[""Anne Davies (Deceased Person) #1"", ""Anne Marie Andersdatter"", ""Arthur Bremer""]"
495	Analyst	12	analyst	author_exact	exact_unique	Other	Worker/Business (small)	"[[""Other"",""Worker/Business (small)""]]"	1	1	"[""analyst""]"	[1514]	"[[""Other"",""Worker/Business (small)""]]"	[1514]	Other	Worker/Business (small)	analyst	0	0	"[{""level1"":""Other"",""level2"":""Worker/Business (small)"",""level3"":""analyst"",""person_count"":57,""example_wikidata_codes"":""Q1262258|Q15443161|Q15485685""}]"	0	0	[]		needs_review	low	author_candidate_previous_needs_review	[]	0	freebase_bhht_author_lookup_v1	lookup_candidate_not_frozen	"[""Benjamin Azose"", ""Chris Morris (Novelist)"", ""Elizabeth Marks (Actor)""]"
497	Bartender	12	bartender	author_exact	exact_unique	Other	Worker/Business (small)	"[[""Other"",""Worker/Business (small)""]]"	1	1	"[""_bartender""]"	[1438]	"[[""Other"",""Worker/Business (small)""]]"	[1438]	Other	Worker/Business (small)	_bartender	0	0	"[{""level1"":""Other"",""level2"":""Worker/Business (small)"",""level3"":""bartender"",""person_count"":37,""example_wikidata_codes"":""Q1066020|Q15994161|Q16017484""}]"	0	0	[]		out_of_scope	high	formal_author_other_previously_out_of_scope	[]	0	freebase_bhht_author_lookup_v1	lookup_candidate_not_frozen	"[""Jack DeFina"", ""Joan Le Mesurier"", ""Jose Ramon Garcia""]"
499	Penciller	11	penciller	author_exact	exact_unique	Culture	Culture-core	"[[""Culture"",""Culture-core""]]"	1	1	"[""penciller""]"	[485]	"[[""Culture"",""Culture-core""]]"	[485]	Culture	Culture-core	penciller	0	0	"[{""level1"":""Culture"",""level2"":""Culture-core"",""level3"":""penciller"",""person_count"":309,""example_wikidata_codes"":""Q1027926|Q10328989|Q11167976""}]"	0	0	[]	Culture	proposed	medium	agrees_with_previous_llm	[]	0	freebase_bhht_author_lookup_v1	lookup_candidate_not_frozen	"[""Adam Kubert"", ""Andy Kubert"", ""Bob Kane""]"
500	Engraver	11	engraver	author_exact	exact_unique	Culture	Culture-periphery	"[[""Culture"",""Culture-periphery""]]"	1	1	"[""engraver""]"	[572]	"[[""Culture"",""Culture-periphery""]]"	[572]	Culture	Culture-periphery	engraver	0	0	"[{""level1"":""Culture"",""level2"":""Culture-periphery"",""level3"":""engraver"",""person_count"":1374,""example_wikidata_codes"":""Q100711|Q100910|Q10285048""}]"	0	0	[]		needs_review	low	author_candidate_previous_needs_review	[]	0	freebase_bhht_author_lookup_v1	lookup_candidate_not_frozen	"[""Adrian Allinson"", ""Constant Dutilleux"", ""Emily Sartain""]"
502	Archivist	11	archivist	author_exact	exact_unique	Discovery/Science	Academia	"[[""Discovery/Science"",""Academia""]]"	1	1	"[""_archivist""]"	[665]	"[[""Discovery/Science"",""Academia""]]"	[665]	Discovery/Science	Academia	_archivist	0	0	"[{""level1"":""Discovery/Science"",""level2"":""Academia"",""level3"":""archivist"",""person_count"":964,""example_wikidata_codes"":""Q101339|Q101647|Q101933""}]"	0	0	[]	Discovery/Science	proposed	medium	agrees_with_previous_llm	[]	0	freebase_bhht_author_lookup_v1	lookup_candidate_not_frozen	"[""Alan Leeds"", ""Bob Holman"", ""Gerard Malanga""]"
506	Impersonator	11	impersonator	author_exact	exact_unique	Other	Other	"[[""Other"",""Other""]]"	1	1	"[""impersonator""]"	[1822]	"[[""Other"",""Other""]]"	[1822]	Other	Other	impersonator	0	0	"[{""level1"":""Other"",""level2"":""Other"",""level3"":""impersonator"",""person_count"":24,""example_wikidata_codes"":""Q1495549|Q16015478|Q17436023""}]"	0	0	[]	Culture	proposed	high	differs_from_previous_llm	"[""previous_llm_l1_disagreement""]"	0	freebase_bhht_author_lookup_v1	lookup_candidate_not_frozen	"[""Alighiero Noschese"", ""Arthur Lupino"", ""Breno Moroni""]"
507	Gardener	11	gardener	author_exact	exact_unique	Other	Worker/Business (small)	"[[""Other"",""Worker/Business (small)""]]"	1	1	"[""_gardener"",""gardener""]"	[1460,1599]	"[[""Other"",""Worker/Business (small)""]]"	[1460,1599]	Other	Worker/Business (small)	_gardener	0	0	"[{""level1"":""Other"",""level2"":""Worker/Business (small)"",""level3"":""gardener"",""person_count"":274,""example_wikidata_codes"":""Q100695|Q103202|Q1037578""}]"	0	0	[]		out_of_scope	high	formal_author_other_previously_out_of_scope	[]	0	freebase_bhht_author_lookup_v1	lookup_candidate_not_frozen	"[""Alyson Gurganus"", ""Derek Jarman"", ""Eddie Albert""]"
509	Luthier	11	luthier	author_exact	exact_unique	Other	Worker/Business (small)	"[[""Other"",""Worker/Business (small)""]]"	1	1	"[""_luthier""]"	[1473]	"[[""Other"",""Worker/Business (small)""]]"	[1473]	Other	Worker/Business (small)	_luthier	0	0	"[{""level1"":""Other"",""level2"":""Worker/Business (small)"",""level3"":""luthier"",""person_count"":141,""example_wikidata_codes"":""Q1041900|Q1047919|Q1232852""}]"	0	0	[]		needs_review	low	author_candidate_previous_needs_review	[]	0	freebase_bhht_author_lookup_v1	lookup_candidate_not_frozen	"[""Andrea Amati"", ""Andrea Guarneri"", ""Antonio Stradivari""]"
510	Harpsichordist	11	harpsichordist	author_exact	exact_unique	Culture	Culture-core	"[[""Culture"",""Culture-core""]]"	1	1	"[""harpsichordist""]"	[436]	"[[""Culture"",""Culture-core""]]"	[436]	Culture	Culture-core	harpsichordist	0	0	"[{""level1"":""Culture"",""level2"":""Culture-core"",""level3"":""harpsichordist"",""person_count"":105,""example_wikidata_codes"":""Q110038|Q119189|Q126878""}]"	0	0	[]	Culture	proposed	high	agrees_with_previous_llm	[]	0	freebase_bhht_author_lookup_v1	lookup_candidate_not_frozen	"[""Andrei Volkonsky"", ""François Couperin"", ""Geroge Martin""]"
511	Coal Miner	11	coal_miner	author_exact	exact_unique	Other	Worker/Business (small)	"[[""Other"",""Worker/Business (small)""]]"	1	1	"[""coal_miner""]"	[1561]	"[[""Other"",""Worker/Business (small)""]]"	[1476,1561]	Other	Worker/Business (small)	_miner_	0	0	"[{""level1"":""Other"",""level2"":""Worker/Business (small)"",""level3"":""coal_miner"",""person_count"":14,""example_wikidata_codes"":""Q15997812|Q16007628|Q17423656""}]"	0	0	[]		out_of_scope	medium	formal_author_other_previously_out_of_scope	[]	0	freebase_bhht_author_lookup_v1	lookup_candidate_not_frozen	"[""Andrej Warhola"", ""David Bevan (Deceased Person)"", ""Donald Houston""]"
515	Diver	11	diver	author_exact	exact_unique	Sports/Games	Sports/Games	"[[""Sports/Games"",""Sports/Games""]]"	1	1	"[""_diver_""]"	[7]	"[[""Sports/Games"",""Sports/Games""]]"	[7]	Sports/Games	Sports/Games	_diver_	0	0	"[{""level1"":""Sports/Games"",""level2"":""Sports/Games"",""level3"":""diver"",""person_count"":943,""example_wikidata_codes"":""Q100481|Q1011834|Q101725""}]"	0	0	[]		needs_review	low	author_candidate_previous_needs_review	[]	0	freebase_bhht_author_lookup_v1	lookup_candidate_not_frozen	"[""Audrey Mestre"", ""Céline Cousteau"", ""Eileen Lonergan""]"
517	Sheriff	11	sheriff	author_exact	exact_unique	Leadership	Administration/Law	"[[""Leadership"",""Administration/Law""]]"	1	1	"[""sheriff""]"	[1099]	"[[""Leadership"",""Administration/Law""]]"	[1099]	Leadership	Administration/Law	sheriff	0	0	"[{""level1"":""Leadership"",""level2"":""Administration/Law"",""level3"":""sheriff"",""person_count"":222,""example_wikidata_codes"":""Q11800350|Q13562314|Q1372167""}]"	0	0	[]	Leadership	proposed	medium	agrees_with_previous_llm	[]	0	freebase_bhht_author_lookup_v1	lookup_candidate_not_frozen	"[""Benny Rayburn"", ""Joseph Campanella"", ""Ken Jenne""]"
519	Trader	11	trader	author_exact	exact_unique	Leadership	Corporate/Executive/Business (large)	"[[""Leadership"",""Corporate/Executive/Business (large)""]]"	1	1	"[""trader""]"	[1247]	"[[""Leadership"",""Corporate/Executive/Business (large)""]]"	[1247]	Leadership	Corporate/Executive/Business (large)	trader	0	0	"[{""level1"":""Leadership"",""level2"":""Corporate/Executive/Business (large)"",""level3"":""trader"",""person_count"":194,""example_wikidata_codes"":""Q11157299|Q112827|Q13439268""}]"	0	0	[]		needs_review	low	author_candidate_previous_needs_review	[]	0	freebase_bhht_author_lookup_v1	lookup_candidate_not_frozen	"[""Buddy Fletcher"", ""Douglas Reno"", ""George Soros""]"
521	Illusionist	11	illusionist	author_exact	exact_unique	Culture	Culture-core	"[[""Culture"",""Culture-core""]]"	1	1	"[""illusionist""]"	[445]	"[[""Culture"",""Culture-core""]]"	[445]	Culture	Culture-core	illusionist	0	0	"[{""level1"":""Culture"",""level2"":""Culture-core"",""level3"":""illusionist"",""person_count"":36,""example_wikidata_codes"":""Q108123|Q1159167|Q11934542""}]"	0	0	[]	Culture	proposed	high	agrees_with_previous_llm	[]	0	freebase_bhht_author_lookup_v1	lookup_candidate_not_frozen	"[""Christian Fechner"", ""Criss Angel"", ""David Blaine""]"
523	Baker	11	baker	author_exact	exact_unique	Other	Worker/Business (small)	"[[""Other"",""Worker/Business (small)""]]"	1	1	"[""_baker""]"	[1435]	"[[""Other"",""Worker/Business (small)""]]"	[1435]	Other	Worker/Business (small)	_baker	0	0	"[{""level1"":""Other"",""level2"":""Worker/Business (small)"",""level3"":""baker"",""person_count"":88,""example_wikidata_codes"":""Q1037140|Q11332483|Q1243379""}]"	0	0	[]		out_of_scope	medium	formal_author_other_previously_out_of_scope	[]	0	freebase_bhht_author_lookup_v1	lookup_candidate_not_frozen	"[""Constantine Nicholas"", ""Erwin Strittmatter"", ""Fernando Pavarotti""]"
527	Veteran	11	veteran	author_exact	exact_unique	Leadership	Military	"[[""Leadership"",""Military""]]"	1	1	"[""veteran""]"	[1427]	"[[""Leadership"",""Military""]]"	[1427]	Leadership	Military	veteran	0	0	"[{""level1"":""Leadership"",""level2"":""Military"",""level3"":""veteran"",""person_count"":152,""example_wikidata_codes"":""Q11976380|Q12836971|Q1285978""}]"	0	0	[]		needs_review	low	author_candidate_previous_needs_review	[]	0	freebase_bhht_author_lookup_v1	lookup_candidate_not_frozen	"[""George William Janos"", ""Greg Doyle (Professional Boxer)"", ""J. Chauncey Brainerd""]"
528	Ulama	10	ulama	author_exact	exact_unique	Sports/Games	Sports/Games	"[[""Sports/Games"",""Sports/Games""]]"	1	1	"[""ulama""]"	[281]	"[[""Sports/Games"",""Sports/Games""]]"	[281]	Sports/Games	Sports/Games	ulama	0	0	"[{""level1"":""Sports/Games"",""level2"":""Sports/Games"",""level3"":""ulama"",""person_count"":34,""example_wikidata_codes"":""Q12478008|Q12486350|Q12522445""}]"	0	0	[]		needs_review	low	author_candidate_previous_needs_review	[]	0	freebase_bhht_author_lookup_v1	lookup_candidate_not_frozen	"[""Abd al-Aziz ibn Baz"", ""Abdul-Aziz ibn Abdullah Al ash-Sheikh"", ""Abdulrahman ibn Abu Bakr ibn Mohamed""]"
529	Physiologist	10	physiologist	author_exact	exact_unique	Discovery/Science	Academia	"[[""Discovery/Science"",""Academia""]]"	1	1	"[""physiologist""]"	[870]	"[[""Discovery/Science"",""Academia""]]"	[870]	Discovery/Science	Academia	physiologist	0	0	"[{""level1"":""Discovery/Science"",""level2"":""Academia"",""level3"":""physiologist"",""person_count"":518,""example_wikidata_codes"":""Q102107|Q102173|Q104289""}]"	0	0	[]	Discovery/Science	proposed	medium	agrees_with_previous_llm	[]	0	freebase_bhht_author_lookup_v1	lookup_candidate_not_frozen	"[""Adolf Eugen Fick"", ""Albrecht von Haller"", ""Arthur Winfree""]"
530	Potter	10	potter	author_exact	exact_unique	Other	Worker/Business (small)	"[[""Other"",""Worker/Business (small)""]]"	1	1	"[""potter""]"	[1673]	"[[""Other"",""Worker/Business (small)""]]"	[1673]	Other	Worker/Business (small)	potter	0	0	"[{""level1"":""Other"",""level2"":""Worker/Business (small)"",""level3"":""potter"",""person_count"":215,""example_wikidata_codes"":""Q11373213|Q11380450|Q11399109""}]"	0	0	[]		needs_review	low	author_candidate_previous_needs_review	[]	0	freebase_bhht_author_lookup_v1	lookup_candidate_not_frozen	"[""Adrian Allinson"", ""Alisabeth Brown"", ""Hannah Borger Overbeck""]"
531	Meteorologist	10	meteorologist	author_exact	exact_unique	Discovery/Science	Academia	"[[""Discovery/Science"",""Academia""]]"	1	1	"[""meteorologist""]"	[815]	"[[""Discovery/Science"",""Academia""]]"	[815]	Discovery/Science	Academia	meteorologist	0	0	"[{""level1"":""Discovery/Science"",""level2"":""Academia"",""level3"":""meteorologist"",""person_count"":725,""example_wikidata_codes"":""Q102360|Q10295002|Q10308699""}]"	0	0	[]	Discovery/Science	proposed	high	agrees_with_previous_llm	[]	0	freebase_bhht_author_lookup_v1	lookup_candidate_not_frozen	"[""Al Roker"", ""Audrey Puente"", ""Charles Thomson Rees Wilson""]"
532	Estate agent	10	estate_agent	author_exact	exact_unique	Other	Worker/Business (small)	"[[""Other"",""Worker/Business (small)""]]"	1	1	"[""estate_agent""]"	[1587]	"[[""Other"",""Worker/Business (small)""]]"	[1587]	Other	Worker/Business (small)	estate_agent	0	0	"[{""level1"":""Other"",""level2"":""Worker/Business (small)"",""level3"":""estate_agent"",""person_count"":19,""example_wikidata_codes"":""Q15997342|Q16194017|Q23014966""}]"	0	0	[]		needs_review	low	author_candidate_previous_needs_review	[]	0	freebase_bhht_author_lookup_v1	lookup_candidate_not_frozen	"[""Alastair Duncan"", ""Deborah Winters"", ""Dorothy Page""]"
534	Barber	10	barber	author_exact	exact_unique	Other	Worker/Business (small)	"[[""Other"",""Worker/Business (small)""]]"	1	1	"[""_barber""]"	[1436]	"[[""Other"",""Worker/Business (small)""]]"	[1436]	Other	Worker/Business (small)	_barber	0	0	"[{""level1"":""Other"",""level2"":""Worker/Business (small)"",""level3"":""barber"",""person_count"":19,""example_wikidata_codes"":""Q1642264|Q16614944|Q19291098""}]"	0	0	[]		out_of_scope	high	formal_author_other_previously_out_of_scope	[]	0	freebase_bhht_author_lookup_v1	lookup_candidate_not_frozen	"[""Alexander Eliss Ehrlich"", ""Carl Schulz"", ""Charles Williams (Barber)""]"
535	Futurist	10	futurist	author_exact	exact_unique	Discovery/Science	Explorer/Inventor/Developer	"[[""Discovery/Science"",""Explorer/Inventor/Developer""]]"	1	1	"[""futurist""]"	[1192]	"[[""Discovery/Science"",""Explorer/Inventor/Developer""]]"	[1192]	Discovery/Science	Explorer/Inventor/Developer	futurist	0	0	"[{""level1"":""Discovery/Science"",""level2"":""Explorer/Inventor/Developer"",""level3"":""futurist"",""person_count"":34,""example_wikidata_codes"":""Q12768013|Q16201629|Q16547748""}]"	0	0	[]		needs_review	low	author_candidate_previous_needs_review	[]	0	freebase_bhht_author_lookup_v1	lookup_candidate_not_frozen	"[""Alvin Toffler"", ""Barbara Marx Hubbard"", ""Bruce Sterling""]"
537	Instrument maker	10	instrument_maker	author_exact	exact_unique	Other	Worker/Business (small)	"[[""Other"",""Worker/Business (small)""]]"	1	1	"[""instrument_maker""]"	[1626]	"[[""Other"",""Worker/Business (small)""]]"	[1626]	Other	Worker/Business (small)	instrument_maker	0	0	"[{""level1"":""Other"",""level2"":""Worker/Business (small)"",""level3"":""instrument_maker"",""person_count"":18,""example_wikidata_codes"":""Q1263707|Q1506397|Q15818582""}]"	0	0	[]		out_of_scope	high	formal_author_other_previously_out_of_scope	[]	0	freebase_bhht_author_lookup_v1	lookup_candidate_not_frozen	"[""Andrea Amati"", ""Andrea Guarneri"", ""Antonio Stradivari""]"
539	Shopkeeper	10	shopkeeper	author_exact	exact_unique	Leadership	Corporate/Executive/Business (large)	"[[""Leadership"",""Corporate/Executive/Business (large)""]]"	1	1	"[""shopkeeper""]"	[1245]	"[[""Leadership"",""Corporate/Executive/Business (large)""]]"	[1245]	Leadership	Corporate/Executive/Business (large)	shopkeeper	0	0	"[{""level1"":""Leadership"",""level2"":""Corporate/Executive/Business (large)"",""level3"":""shopkeeper"",""person_count"":22,""example_wikidata_codes"":""Q1126312|Q14437425|Q16662976""}]"	0	0	[]		out_of_scope	high	author_candidate_previous_out_of_scope	[]	0	freebase_bhht_author_lookup_v1	lookup_candidate_not_frozen	"[""Aron Delden"", ""Augustus Holloway"", ""Charles McArdle Campbell Cox""]"
540	Cowboy	10	cowboy	author_exact	exact_unique	Other	Other	"[[""Other"",""Other""]]"	1	1	"[""cowboy""]"	[1790]	"[[""Other"",""Other""]]"	[1790]	Other	Other	cowboy	0	0	"[{""level1"":""Other"",""level2"":""Other"",""level3"":""cowboy"",""person_count"":94,""example_wikidata_codes"":""Q1099181|Q1257239|Q15040613""},{""level1"":""Sports/Games"",""level2"":""Sports/Games"",""level3"":""cowboy"",""person_count"":5,""example_wikidata_codes"":""Q16196525|Q5183240|Q5248079""}]"	1	1	"[""person_main_reference_disagrees_not_used_to_override""]"		out_of_scope	high	formal_author_other_previously_out_of_scope	"[""person_main_reference_disagrees_not_used_to_override""]"	0	freebase_bhht_author_lookup_v1	lookup_candidate_not_frozen	"[""Art Acord"", ""Chuck Roberson"", ""Henry Bentinck (Politician)""]"
541	Music Educator	10	music_educator	author_exact	exact_unique	Culture	Culture-core	"[[""Culture"",""Culture-core""]]"	1	1	"[""music_educator""]"	[471]	"[[""Culture"",""Culture-core""],[""Discovery/Science"",""Academia""]]"	[325,471,738]	Culture	Culture-core	_music	0	0	[]	0	0	[]		needs_review	low	author_candidate_previous_needs_review	[]	0	freebase_bhht_author_lookup_v1	lookup_candidate_not_frozen	"[""Artur Schnabel"", ""Bernardo Sassetti"", ""John Hosier""]"
544	Bodyguard	10	bodyguard	author_exact	exact_unique	Other	Worker/Business (small)	"[[""Other"",""Worker/Business (small)""]]"	1	1	"[""bodyguard""]"	[1531]	"[[""Other"",""Worker/Business (small)""]]"	[1531]	Other	Worker/Business (small)	bodyguard	0	0	"[{""level1"":""Other"",""level2"":""Worker/Business (small)"",""level3"":""bodyguard"",""person_count"":35,""example_wikidata_codes"":""Q14711874|Q16011682|Q16059002""}]"	0	0	[]		out_of_scope	medium	formal_author_other_previously_out_of_scope	[]	0	freebase_bhht_author_lookup_v1	lookup_candidate_not_frozen	"[""Birger Ragnar Svenson"", ""Charles Chan"", ""Daniel Ducruet""]"
545	Palaeontologist	10	palaeontologist	author_exact	exact_unique	Discovery/Science	Academia	"[[""Discovery/Science"",""Academia""]]"	1	1	"[""palaeontologist""]"	[844]	"[[""Discovery/Science"",""Academia""]]"	[844]	Discovery/Science	Academia	palaeontologist	0	0	"[{""level1"":""Discovery/Science"",""level2"":""Academia"",""level3"":""palaeontologist"",""person_count"":1283,""example_wikidata_codes"":""Q100256|Q101332|Q102519""}]"	0	0	[]	Discovery/Science	proposed	high	agrees_with_previous_llm	[]	0	freebase_bhht_author_lookup_v1	lookup_candidate_not_frozen	"[""C. H. Waddington"", ""Caitlín R. Kiernan"", ""Florentino Ameghino""]"
549	Runner	9	runner	author_exact	exact_unique	Sports/Games	Sports/Games	"[[""Sports/Games"",""Sports/Games""]]"	1	1	"[""runner""]"	[221]	"[[""Sports/Games"",""Sports/Games""]]"	[221]	Sports/Games	Sports/Games	runner	0	0	"[{""level1"":""Sports/Games"",""level2"":""Sports/Games"",""level3"":""runner"",""person_count"":4098,""example_wikidata_codes"":""Q101942|Q10279110|Q10312847""}]"	0	0	[]	Sports/Games	proposed	high	agrees_with_previous_llm	[]	0	freebase_bhht_author_lookup_v1	lookup_candidate_not_frozen	"[""Abdelkader Hachlaf"", ""Gebregziabher Gebremariam"", ""Gillian Horovitz""]"
551	Blacksmith	9	blacksmith	author_exact	exact_unique	Other	Worker/Business (small)	"[[""Other"",""Worker/Business (small)""]]"	1	1	"[""blacksmith""]"	[1527]	"[[""Other"",""Worker/Business (small)""]]"	[1527]	Other	Worker/Business (small)	blacksmith	0	0	"[{""level1"":""Other"",""level2"":""Worker/Business (small)"",""level3"":""blacksmith"",""person_count"":88,""example_wikidata_codes"":""Q104290|Q1314169|Q1351389""}]"	0	0	[]		out_of_scope	high	formal_author_other_previously_out_of_scope	[]	0	freebase_bhht_author_lookup_v1	lookup_candidate_not_frozen	"[""Alessandro Mussolini"", ""Chester Hogan"", ""Exequiel Magsaysay""]"
553	Monologist	9	monologist	author_exact	exact_unique	Culture	Culture-core	"[[""Culture"",""Culture-core""]]"	1	1	"[""monologist""]"	[468]	"[[""Culture"",""Culture-core""]]"	[468]	Culture	Culture-core	monologist	0	0	"[{""level1"":""Culture"",""level2"":""Culture-core"",""level3"":""monologist"",""person_count"":9,""example_wikidata_codes"":""Q16826510|Q18158494|Q28001274""}]"	0	0	[]	Culture	proposed	medium	agrees_with_previous_llm	[]	0	freebase_bhht_author_lookup_v1	lookup_candidate_not_frozen	"[""Alexis Valdés"", ""Antonio Sacre"", ""Bransby Williams""]"
556	Rebel	9	rebel	author_exact	exact_unique	Leadership	Military	"[[""Leadership"",""Military""]]"	1	1	"[""rebel""]"	[1417]	"[[""Leadership"",""Military""]]"	[1417]	Leadership	Military	rebel	0	0	"[{""level1"":""Leadership"",""level2"":""Military"",""level3"":""rebel"",""person_count"":308,""example_wikidata_codes"":""Q1018013|Q1018779|Q1031287""}]"	0	0	[]		needs_review	low	author_candidate_previous_needs_review	[]	0	freebase_bhht_author_lookup_v1	lookup_candidate_not_frozen	"[""Amiot Métayer"", ""Buteur Métayer"", ""Erik Johansson Vasa""]"
562	Lexicographer	9	lexicographer	author_exact	exact_unique	Discovery/Science	Academia	"[[""Discovery/Science"",""Academia""]]"	1	1	"[""lexicographer""]"	[803]	"[[""Discovery/Science"",""Academia""]]"	[803]	Discovery/Science	Academia	lexicographer	0	0	"[{""level1"":""Discovery/Science"",""level2"":""Academia"",""level3"":""lexicographer"",""person_count"":651,""example_wikidata_codes"":""Q10205572|Q102943|Q10303960""}]"	0	0	[]	Discovery/Science	proposed	medium	agrees_with_previous_llm	[]	0	freebase_bhht_author_lookup_v1	lookup_candidate_not_frozen	"[""Antoine Furetière"", ""Anton Pann"", ""Antun Mažuranić""]"
570	Entomologist	9	entomologist	author_exact	exact_unique	Discovery/Science	Academia	"[[""Discovery/Science"",""Academia""]]"	1	1	"[""entomologist""]"	[744]	"[[""Discovery/Science"",""Academia""]]"	[744]	Discovery/Science	Academia	entomologist	0	0	"[{""level1"":""Discovery/Science"",""level2"":""Academia"",""level3"":""entomologist"",""person_count"":1521,""example_wikidata_codes"":""Q100683|Q100699|Q10295079""}]"	0	0	[]	Discovery/Science	proposed	high	agrees_with_previous_llm	[]	0	freebase_bhht_author_lookup_v1	lookup_candidate_not_frozen	"[""Camillo Acqua"", ""Domenico Cirillo"", ""H. E. Hinton""]"
573	Revolutionary	9	revolutionary	author_exact	exact_unique	Leadership	Politics	"[[""Leadership"",""Politics""]]"	1	1	"[""revolutionary""]"	[1021]	"[[""Leadership"",""Politics""]]"	[1021]	Leadership	Politics	revolutionary	0	0	"[{""level1"":""Leadership"",""level2"":""Politics"",""level3"":""revolutionary"",""person_count"":1043,""example_wikidata_codes"":""Q100993|Q1011382|Q102183""}]"	0	0	[]	Leadership	proposed	high	agrees_with_previous_llm	[]	0	freebase_bhht_author_lookup_v1	lookup_candidate_not_frozen	"[""Che Guevara"", ""Edvard Kardelj"", ""Lora Karavelova""]"
574	Pirate	9	pirate	author_exact	exact_unique	Leadership	Military	"[[""Leadership"",""Military""]]"	1	1	"[""pirate""]"	[1416]	"[[""Leadership"",""Military""]]"	[1416]	Leadership	Military	pirate	0	0	"[{""level1"":""Leadership"",""level2"":""Military"",""level3"":""pirate"",""person_count"":268,""example_wikidata_codes"":""Q10348456|Q1060222|Q106420""},{""level1"":""Sports/Games"",""level2"":""Sports/Games"",""level3"":""pirate"",""person_count"":2,""example_wikidata_codes"":""Q6490214|Q8006747""}]"	1	1	"[""person_main_reference_disagrees_not_used_to_override""]"		needs_review	low	author_candidate_previous_needs_review	"[""person_main_reference_disagrees_not_used_to_override""]"	0	freebase_bhht_author_lookup_v1	lookup_candidate_not_frozen	"[""Cheng I"", ""Ching Shih"", ""Dominique You""]"
575	Nutritionist	9	nutritionist	author_exact	exact_unique	Discovery/Science	Academia	"[[""Discovery/Science"",""Academia""]]"	1	1	"[""nutritionist""]"	[829]	"[[""Discovery/Science"",""Academia""]]"	[829]	Discovery/Science	Academia	nutritionist	0	0	"[{""level1"":""Discovery/Science"",""level2"":""Academia"",""level3"":""nutritionist"",""person_count"":126,""example_wikidata_codes"":""Q10298864|Q118653|Q1243023""}]"	0	0	[]		needs_review	low	author_candidate_previous_needs_review	[]	0	freebase_bhht_author_lookup_v1	lookup_candidate_not_frozen	"[""Cheryl Wheeler-Dixon"", ""Don Lemmon"", ""Gillian McKeith""]"
576	Skier	9	skier	author_exact	exact_unique	Sports/Games	Sports/Games	"[[""Sports/Games"",""Sports/Games""]]"	1	1	"[""skier""]"	[239]	"[[""Sports/Games"",""Sports/Games""]]"	[239]	Sports/Games	Sports/Games	skier	0	0	"[{""level1"":""Sports/Games"",""level2"":""Sports/Games"",""level3"":""skier"",""person_count"":5862,""example_wikidata_codes"":""Q100063|Q100066|Q100071""}]"	0	0	[]	Sports/Games	proposed	high	agrees_with_previous_llm	[]	0	freebase_bhht_author_lookup_v1	lookup_candidate_not_frozen	"[""Christine Goitschel"", ""Dave McCoy"", ""Finn Christian Jagge""]"
579	accordionist	9	accordionist	author_exact	exact_unique	Culture	Culture-core	"[[""Culture"",""Culture-core""]]"	1	1	"[""accordionist""]"	[344]	"[[""Culture"",""Culture-core""]]"	[344]	Culture	Culture-core	accordionist	0	0	"[{""level1"":""Culture"",""level2"":""Culture-core"",""level3"":""accordionist"",""person_count"":146,""example_wikidata_codes"":""Q10326486|Q10363234|Q10395411""}]"	0	0	[]	Culture	proposed	high	agrees_with_previous_llm	[]	0	freebase_bhht_author_lookup_v1	lookup_candidate_not_frozen	"[""Daniel Handler"", ""Eddie Vedder"", ""Emilio Aragón Bermúdez""]"
580	Neurologist	9	neurologist	author_exact	exact_unique	Discovery/Science	Academia	"[[""Discovery/Science"",""Academia""]]"	1	1	"[""neurologist""]"	[826]	"[[""Discovery/Science"",""Academia""]]"	[826,921]	Discovery/Science	Academia	neurologist	0	0	"[{""level1"":""Discovery/Science"",""level2"":""Academia"",""level3"":""neurologist"",""person_count"":557,""example_wikidata_codes"":""Q10324529|Q1041318|Q105888""}]"	0	0	[]	Discovery/Science	proposed	medium	agrees_with_previous_llm	[]	0	freebase_bhht_author_lookup_v1	lookup_candidate_not_frozen	"[""David B. Kudrow"", ""Elena Menshikova"", ""Ernest Jones""]"
582	Cardiologist	9	cardiologist	author_exact	exact_unique	Discovery/Science	Academia	"[[""Discovery/Science"",""Academia""]]"	1	1	"[""cardiologist""]"	[713]	"[[""Discovery/Science"",""Academia""]]"	[713]	Discovery/Science	Academia	cardiologist	0	0	"[{""level1"":""Discovery/Science"",""level2"":""Academia"",""level3"":""cardiologist"",""person_count"":322,""example_wikidata_codes"":""Q10316059|Q10363356|Q107341""}]"	0	0	[]	Discovery/Science	proposed	high	agrees_with_previous_llm	[]	0	freebase_bhht_author_lookup_v1	lookup_candidate_not_frozen	"[""Gerry McCann"", ""Joseph Alliluyev"", ""Krishan Chopra""]"
587	Jeweller	8	jeweller	author_exact	exact_unique	Other	Worker/Business (small)	"[[""Other"",""Worker/Business (small)""]]"	1	1	"[""jeweller""]"	[1632]	"[[""Other"",""Worker/Business (small)""]]"	[1632]	Other	Worker/Business (small)	jeweller	0	0	"[{""level1"":""Other"",""level2"":""Worker/Business (small)"",""level3"":""jeweller"",""person_count"":133,""example_wikidata_codes"":""Q1001016|Q1040645|Q1058895""}]"	0	0	[]		out_of_scope	high	formal_author_other_previously_out_of_scope	[]	0	freebase_bhht_author_lookup_v1	lookup_candidate_not_frozen	"[""Albert DePrisco"", ""Annette Robyns"", ""Gustavo Bertotti""]"
589	Horse breeder	8	horse_breeder	author_exact	exact_unique	Other	Worker/Business (small)	"[[""Other"",""Worker/Business (small)""]]"	1	1	"[""horse_breeder""]"	[1614]	"[[""Other"",""Worker/Business (small)""]]"	[1439,1614]	Other	Worker/Business (small)	_breeder	0	0	"[{""level1"":""Other"",""level2"":""Worker/Business (small)"",""level3"":""horse_breeder"",""person_count"":31,""example_wikidata_codes"":""Q15431869|Q16857983|Q17037422""}]"	0	0	[]		out_of_scope	medium	formal_author_other_previously_out_of_scope	[]	0	freebase_bhht_author_lookup_v1	lookup_candidate_not_frozen	"[""Alex Cord"", ""Hamar Alfred Bass"", ""Janet Morris""]"
592	Sculpture	8	sculpture	author_exact	exact_unique	Culture	Culture-core	"[[""Culture"",""Culture-core""]]"	1	1	"[""sculpture""]"	[526]	"[[""Culture"",""Culture-core""]]"	[526]	Culture	Culture-core	sculpture	0	0	"[{""level1"":""Culture"",""level2"":""Culture-core"",""level3"":""sculpture"",""person_count"":12,""example_wikidata_codes"":""Q168704|Q16875962|Q17011449""}]"	0	0	[]		out_of_scope	medium	author_candidate_previous_out_of_scope	[]	0	freebase_bhht_author_lookup_v1	lookup_candidate_not_frozen	"[""Alexander Liberman"", ""B. C. Sanyal"", ""Charles Cary Rumsey""]"
599	Cheerleader	8	cheerleader	author_exact	exact_unique	Other	Other	"[[""Other"",""Other""]]"	1	1	"[""cheerleader""]"	[1782]	"[[""Other"",""Other""]]"	[1782]	Other	Other	cheerleader	0	0	"[{""level1"":""Other"",""level2"":""Other"",""level3"":""cheerleader"",""person_count"":9,""example_wikidata_codes"":""Q17466047|Q19893979|Q21062483""}]"	0	0	[]		needs_review	low	author_candidate_previous_needs_review	[]	0	freebase_bhht_author_lookup_v1	lookup_candidate_not_frozen	"[""Amy Mickelson"", ""Ariana Biermann"", ""Dianna Hart""]"
601	Interpreter	8	interpreter	author_exact	exact_unique	Culture	Culture-core	"[[""Culture"",""Culture-core""]]"	1	1	"[""interpreter""]"	[450]	"[[""Culture"",""Culture-core""]]"	[450]	Culture	Culture-core	interpreter	0	0	"[{""level1"":""Culture"",""level2"":""Culture-core"",""level3"":""interpreter"",""person_count"":132,""example_wikidata_codes"":""Q106972|Q1082619|Q10999194""}]"	0	0	[]		needs_review	low	author_candidate_previous_needs_review	[]	0	freebase_bhht_author_lookup_v1	lookup_candidate_not_frozen	"[""André Kaminker"", ""Eugene Botkin"", ""Frank Campanella""]"
603	Physiotherapist	8	physiotherapist	author_exact	exact_unique	Discovery/Science	Academia	"[[""Discovery/Science"",""Academia""]]"	1	1	"[""physiotherapist""]"	[871]	"[[""Discovery/Science"",""Academia""]]"	[871,916]	Discovery/Science	Academia	physiotherapist	0	0	"[{""level1"":""Discovery/Science"",""level2"":""Academia"",""level3"":""physiotherapist"",""person_count"":42,""example_wikidata_codes"":""Q100586|Q1078291|Q11956711""}]"	0	0	[]	Discovery/Science	proposed	high	agrees_with_previous_llm	[]	0	freebase_bhht_author_lookup_v1	lookup_candidate_not_frozen	"[""Aparecida Petrowky"", ""Birte Merete Gad"", ""Frans Cronjé (Cricket Player)""]"
605	Polymath	8	polymath	author_exact	exact_unique	Discovery/Science	Academia	"[[""Discovery/Science"",""Academia""]]"	1	1	"[""polymath""]"	[877]	"[[""Discovery/Science"",""Academia""]]"	[877]	Discovery/Science	Academia	polymath	0	0	"[{""level1"":""Discovery/Science"",""level2"":""Academia"",""level3"":""polymath"",""person_count"":25,""example_wikidata_codes"":""Q1453055|Q16207064|Q17402977""}]"	0	0	[]		needs_review	low	author_candidate_previous_needs_review	[]	0	freebase_bhht_author_lookup_v1	lookup_candidate_not_frozen	"[""Aristotle"", ""Francis Galton"", ""Hiroshi Aramata""]"
607	Butcher	8	butcher	author_exact	exact_unique	Other	Worker/Business (small)	"[[""Other"",""Worker/Business (small)""]]"	1	1	"[""_butcher""]"	[1440]	"[[""Other"",""Worker/Business (small)""]]"	[1440]	Other	Worker/Business (small)	_butcher	0	0	"[{""level1"":""Other"",""level2"":""Worker/Business (small)"",""level3"":""butcher"",""person_count"":39,""example_wikidata_codes"":""Q1290033|Q13424109|Q15433352""}]"	0	0	[]		out_of_scope	medium	formal_author_other_previously_out_of_scope	[]	0	freebase_bhht_author_lookup_v1	lookup_candidate_not_frozen	"[""Benjamin Ortega (Butcher)"", ""Bob Hope"", ""Charles McArdle Campbell Cox""]"
609	Bacteriologist	8	bacteriologist	author_exact	exact_unique	Discovery/Science	Academia	"[[""Discovery/Science"",""Academia""]]"	1	1	"[""bacteriologist""]"	[701]	"[[""Discovery/Science"",""Academia""]]"	[701]	Discovery/Science	Academia	bacteriologist	0	0	"[{""level1"":""Discovery/Science"",""level2"":""Academia"",""level3"":""bacteriologist"",""person_count"":131,""example_wikidata_codes"":""Q12349404|Q1246875|Q12720387""}]"	0	0	[]	Discovery/Science	proposed	high	agrees_with_previous_llm	[]	0	freebase_bhht_author_lookup_v1	lookup_candidate_not_frozen	"[""Carlos Chagas"", ""Charles Scott Sherrington"", ""Hans Ernst August Buchner""]"
615	Bureaucrat	8	bureaucrat	author_exact	exact_unique	Leadership	Administration/Law	"[[""Leadership"",""Administration/Law""]]"	1	1	"[""bureaucrat""]"	[1063]	"[[""Leadership"",""Administration/Law""]]"	[1063]	Leadership	Administration/Law	bureaucrat	0	0	"[{""level1"":""Leadership"",""level2"":""Administration/Law"",""level3"":""bureaucrat"",""person_count"":84,""example_wikidata_codes"":""Q10891225|Q10918150|Q11361946""}]"	0	0	[]	Leadership	proposed	high	agrees_with_previous_llm	[]	0	freebase_bhht_author_lookup_v1	lookup_candidate_not_frozen	"[""Chuichi Iomi"", ""Clara G. McMillan"", ""François-David Cravenne""]"
616	Ethnologist	8	ethnologist	author_exact	exact_unique	Discovery/Science	Academia	"[[""Discovery/Science"",""Academia""]]"	1	1	"[""ethnologist""]"	[751]	"[[""Discovery/Science"",""Academia""]]"	[751]	Discovery/Science	Academia	ethnologist	0	0	"[{""level1"":""Discovery/Science"",""level2"":""Academia"",""level3"":""ethnologist"",""person_count"":410,""example_wikidata_codes"":""Q100640|Q101334|Q101733""}]"	0	0	[]	Discovery/Science	proposed	medium	agrees_with_previous_llm	[]	0	freebase_bhht_author_lookup_v1	lookup_candidate_not_frozen	"[""Claude Lévi-Strauss"", ""Fosco Maraini"", ""Hans Winfried Rohsmann""]"
620	Bookseller	7	bookseller	author_exact	exact_unique	Other	Worker/Business (small)	"[[""Other"",""Worker/Business (small)""]]"	1	1	"[""bookseller""]"	[1537]	"[[""Other"",""Worker/Business (small)""]]"	[1537]	Other	Worker/Business (small)	bookseller	0	0	"[{""level1"":""Other"",""level2"":""Worker/Business (small)"",""level3"":""bookseller"",""person_count"":439,""example_wikidata_codes"":""Q10324629|Q103329|Q1036902""}]"	0	0	[]		out_of_scope	high	formal_author_other_previously_out_of_scope	[]	0	freebase_bhht_author_lookup_v1	lookup_candidate_not_frozen	"[""Aberjhani"", ""Adolf Karl Krabbe"", ""Gunnar August Josephson""]"
621	Forester	7	forester	author_exact	exact_unique	Other	Worker/Business (small)	"[[""Other"",""Worker/Business (small)""]]"	1	1	"[""forester""]"	[1596]	"[[""Other"",""Worker/Business (small)""]]"	[1596]	Other	Worker/Business (small)	forester	0	0	"[{""level1"":""Other"",""level2"":""Worker/Business (small)"",""level3"":""forester"",""person_count"":84,""example_wikidata_codes"":""Q1037610|Q1038839|Q1039577""}]"	0	0	[]		needs_review	low	author_candidate_previous_needs_review	[]	0	freebase_bhht_author_lookup_v1	lookup_candidate_not_frozen	"[""Adolph Murie"", ""Aldo Leopold"", ""Land ethic""]"
622	Weightlifter	7	weightlifter	author_exact	exact_unique	Sports/Games	Sports/Games	"[[""Sports/Games"",""Sports/Games""]]"	1	1	"[""weightlifter""]"	[291]	"[[""Sports/Games"",""Sports/Games""]]"	[291]	Sports/Games	Sports/Games	weightlifter	0	0	"[{""level1"":""Sports/Games"",""level2"":""Sports/Games"",""level3"":""weightlifter"",""person_count"":1845,""example_wikidata_codes"":""Q1000629|Q100359|Q1006007""}]"	0	0	[]	Sports/Games	proposed	medium	agrees_with_previous_llm	[]	0	freebase_bhht_author_lookup_v1	lookup_candidate_not_frozen	"[""Adrian Zieliński"", ""Holley Mangold"", ""Matthias Steiner""]"
626	Mineralogist	7	mineralogist	author_exact	exact_unique	Discovery/Science	Academia	"[[""Discovery/Science"",""Academia""]]"	1	1	"[""mineralogist""]"	[817]	"[[""Discovery/Science"",""Academia""]]"	[817]	Discovery/Science	Academia	mineralogist	0	0	"[{""level1"":""Discovery/Science"",""level2"":""Academia"",""level3"":""mineralogist"",""person_count"":395,""example_wikidata_codes"":""Q100280|Q100473|Q100644""}]"	0	0	[]	Discovery/Science	proposed	high	agrees_with_previous_llm	[]	0	freebase_bhht_author_lookup_v1	lookup_candidate_not_frozen	"[""Alexander Evgenievic von Lagorio"", ""Alexandre Brongniart"", ""Gregory Watt""]"
627	Bricklayer	7	bricklayer	author_exact	exact_unique	Other	Worker/Business (small)	"[[""Other"",""Worker/Business (small)""]]"	1	1	"[""bricklayer""]"	[1542]	"[[""Other"",""Worker/Business (small)""]]"	[1542]	Other	Worker/Business (small)	bricklayer	0	0	"[{""level1"":""Other"",""level2"":""Worker/Business (small)"",""level3"":""bricklayer"",""person_count"":3,""example_wikidata_codes"":""Q5171211|Q7148223|Q7328454""}]"	0	0	[]		out_of_scope	high	formal_author_other_previously_out_of_scope	[]	0	freebase_bhht_author_lookup_v1	lookup_candidate_not_frozen	"[""Alexey Ivanovich Gagarin"", ""Byron Stevens"", ""David Sharp (Bricklayer)""]"
629	Anesthesiologist	7	anesthesiologist	author_exact	exact_unique	Discovery/Science	Academia	"[[""Discovery/Science"",""Academia""]]"	1	1	"[""anesthesiologist""]"	[683]	"[[""Discovery/Science"",""Academia""]]"	[683]	Discovery/Science	Academia	anesthesiologist	0	0	"[{""level1"":""Discovery/Science"",""level2"":""Academia"",""level3"":""anesthesiologist"",""person_count"":6,""example_wikidata_codes"":""Q21095619|Q23303156|Q23855317""}]"	0	0	[]	Discovery/Science	proposed	high	agrees_with_previous_llm	[]	0	freebase_bhht_author_lookup_v1	lookup_candidate_not_frozen	"[""Amjad Mohammed Khan"", ""James Wilson Muggoch"", ""Jimmy Womack""]"
630	Obstetrician	7	obstetrician	author_exact	exact_unique	Discovery/Science	Academia	"[[""Discovery/Science"",""Academia""]]"	1	1	"[""obstetrician""]"	[830]	"[[""Discovery/Science"",""Academia""]]"	[830]	Discovery/Science	Academia	obstetrician	0	0	"[{""level1"":""Discovery/Science"",""level2"":""Academia"",""level3"":""obstetrician"",""person_count"":125,""example_wikidata_codes"":""Q111149|Q1279598|Q13360682""}]"	0	0	[]	Discovery/Science	proposed	high	agrees_with_previous_llm	[]	0	freebase_bhht_author_lookup_v1	lookup_candidate_not_frozen	"[""Andrew Laming"", ""Jed Goldberg"", ""John Benjamin Frankenberg""]"
631	Lieutenant	7	lieutenant	author_exact	exact_unique	Leadership	Military	"[[""Leadership"",""Military""]]"	1	1	"[""lieutenant""]"	[1402]	"[[""Leadership"",""Military""]]"	[1402]	Leadership	Military	lieutenant	0	0	"[{""level1"":""Leadership"",""level2"":""Military"",""level3"":""lieutenant"",""person_count"":973,""example_wikidata_codes"":""Q101874|Q102276|Q1028553""}]"	0	0	[]	Leadership	proposed	medium	agrees_with_previous_llm	[]	0	freebase_bhht_author_lookup_v1	lookup_candidate_not_frozen	"[""Andrzej Kaden-Bandrowski"", ""Hastings Russell, 12th Duke of Bedford"", ""James Callaghan""]"
632	Ventriloquist	7	ventriloquist	author_exact	exact_unique	Culture	Culture-core	"[[""Culture"",""Culture-core""]]"	1	1	"[""_ventriloquist""]"	[342]	"[[""Culture"",""Culture-core""]]"	[342]	Culture	Culture-core	_ventriloquist	0	0	"[{""level1"":""Culture"",""level2"":""Culture-core"",""level3"":""ventriloquist"",""person_count"":54,""example_wikidata_codes"":""Q11682463|Q1378461|Q14762946""}]"	0	0	[]	Culture	proposed	high	agrees_with_previous_llm	[]	0	freebase_bhht_author_lookup_v1	lookup_candidate_not_frozen	"[""Andy Gross (Actor)"", ""Edgar Bergen"", ""Jeff Dunham""]"
635	Grocer	7	grocer	author_exact	exact_unique	Other	Worker/Business (small)	"[[""Other"",""Worker/Business (small)""]]"	1	1	"[""grocer""]"	[1604]	"[[""Other"",""Worker/Business (small)""]]"	[1604]	Other	Worker/Business (small)	grocer	0	0	"[{""level1"":""Other"",""level2"":""Worker/Business (small)"",""level3"":""grocer"",""person_count"":27,""example_wikidata_codes"":""Q1573976|Q16012054|Q1702091""}]"	0	0	[]		out_of_scope	high	formal_author_other_previously_out_of_scope	[]	0	freebase_bhht_author_lookup_v1	lookup_candidate_not_frozen	"[""Barry Lineker"", ""James Earl Carter, Sr."", ""John Augustine Feeney""]"
636	Ornithologist	7	ornithologist	author_exact	exact_unique	Discovery/Science	Academia	"[[""Discovery/Science"",""Academia""]]"	1	1	"[""ornithologist""]"	[838]	"[[""Discovery/Science"",""Academia""]]"	[838]	Discovery/Science	Academia	ornithologist	0	0	"[{""level1"":""Discovery/Science"",""level2"":""Academia"",""level3"":""ornithologist"",""person_count"":1033,""example_wikidata_codes"":""Q100348|Q101359|Q102007""}]"	0	0	[]	Discovery/Science	proposed	high	agrees_with_previous_llm	[]	0	freebase_bhht_author_lookup_v1	lookup_candidate_not_frozen	"[""Bill Oddie"", ""Einhard Bezzel"", ""Hastings Russell, 12th Duke of Bedford""]"
640	Agronomist	7	agronomist	author_exact	exact_unique	Discovery/Science	Academia	"[[""Discovery/Science"",""Academia""]]"	1	1	"[""agronomist""]"	[677]	"[[""Discovery/Science"",""Academia""]]"	[677]	Discovery/Science	Academia	agronomist	0	0	"[{""level1"":""Discovery/Science"",""level2"":""Academia"",""level3"":""agronomist"",""person_count"":631,""example_wikidata_codes"":""Q100565|Q10274082|Q10285218""}]"	0	0	[]	Discovery/Science	proposed	medium	agrees_with_previous_llm	[]	0	freebase_bhht_author_lookup_v1	lookup_candidate_not_frozen	"[""Claude Bourguignon"", ""Heinrich Himmler"", ""Herman Funkquist""]"
641	Paramedic	7	paramedic	author_exact	exact_unique	Discovery/Science	Academia	"[[""Discovery/Science"",""Academia""]]"	1	1	"[""paramedic""]"	[847]	"[[""Discovery/Science"",""Academia""]]"	[847]	Discovery/Science	Academia	paramedic	0	0	"[{""level1"":""Discovery/Science"",""level2"":""Academia"",""level3"":""paramedic"",""person_count"":28,""example_wikidata_codes"":""Q16019810|Q163016|Q1701538""}]"	0	0	[]	Discovery/Science	proposed	high	agrees_with_previous_llm	[]	0	freebase_bhht_author_lookup_v1	lookup_candidate_not_frozen	"[""Cody Walker (Actor)"", ""David Lee Roth"", ""Elizabeth Moon""]"
645	Ethicist	7	ethicist	author_exact	exact_unique	Discovery/Science	Academia	"[[""Discovery/Science"",""Academia""]]"	1	1	"[""ethicist""]"	[749]	"[[""Discovery/Science"",""Academia""]]"	[749]	Discovery/Science	Academia	ethicist	0	0	"[{""level1"":""Discovery/Science"",""level2"":""Academia"",""level3"":""ethicist"",""person_count"":43,""example_wikidata_codes"":""Q1279489|Q1328650|Q13522527""}]"	0	0	[]	Discovery/Science	proposed	high	agrees_with_previous_llm	[]	0	freebase_bhht_author_lookup_v1	lookup_candidate_not_frozen	"[""Derek Parfit"", ""Immanuel Kant"", ""John E. Thomas""]"
646	Usher	7	usher	author_exact	exact_unique	Other	Worker/Business (small)	"[[""Other"",""Worker/Business (small)""]]"	1	1	"[""_usher_""]"	[1497]	"[[""Other"",""Worker/Business (small)""]]"	[1497]	Other	Worker/Business (small)	_usher_	0	0	"[{""level1"":""Other"",""level2"":""Worker/Business (small)"",""level3"":""usher"",""person_count"":6,""example_wikidata_codes"":""Q19817677|Q19817678|Q19817692""}]"	0	0	[]		out_of_scope	medium	formal_author_other_previously_out_of_scope	[]	0	freebase_bhht_author_lookup_v1	lookup_candidate_not_frozen	"[""Edna Stillwell Skelton"", ""Gretchen Mol"", ""Jerry Butler (Pornographic actor)""]"
649	Plastic Surgeon	7	plastic_surgeon	author_exact	exact_unique	Discovery/Science	Academia	"[[""Discovery/Science"",""Academia""]]"	1	1	"[""plastic_surgeon""]"	[873]	"[[""Discovery/Science"",""Academia""]]"	[873,908]	Discovery/Science	Academia	plastic_surgeon	0	0	"[{""level1"":""Discovery/Science"",""level2"":""Academia"",""level3"":""plastic_surgeon"",""person_count"":82,""example_wikidata_codes"":""Q119881|Q1442045|Q14656058""}]"	0	0	[]	Discovery/Science	proposed	medium	agrees_with_previous_llm	[]	0	freebase_bhht_author_lookup_v1	lookup_candidate_not_frozen	"[""Frank W. Masters"", ""Frederick Moore (Deceased Person)"", ""Harry Glassman""]"
656	Executioner	6	executioner	author_exact	exact_unique	Leadership	Military	"[[""Leadership"",""Military""]]"	1	1	"[""executioner""]"	[1388]	"[[""Leadership"",""Military""]]"	[1388]	Leadership	Military	executioner	0	0	"[{""level1"":""Leadership"",""level2"":""Military"",""level3"":""executioner"",""person_count"":117,""example_wikidata_codes"":""Q100648|Q1038446|Q105501""}]"	0	0	[]		needs_review	low	author_candidate_previous_needs_review	[]	0	freebase_bhht_author_lookup_v1	lookup_candidate_not_frozen	"[""Albert Pierrepoint"", ""Henry Pierrepoint"", ""James Billington""]"
657	Muralist	6	muralist	author_exact	exact_unique	Culture	Culture-periphery	"[[""Culture"",""Culture-periphery""]]"	1	1	"[""muralist""]"	[635]	"[[""Culture"",""Culture-periphery""]]"	[635]	Culture	Culture-periphery	muralist	0	0	"[{""level1"":""Culture"",""level2"":""Culture-periphery"",""level3"":""muralist"",""person_count"":49,""example_wikidata_codes"":""Q12056548|Q12740452|Q15516987""}]"	0	0	[]	Culture	proposed	high	agrees_with_previous_llm	[]	0	freebase_bhht_author_lookup_v1	lookup_candidate_not_frozen	"[""Alejandro Obregón"", ""Daniel du Janerand"", ""Diego Rivera""]"
660	Auctioneer	6	auctioneer	author_exact	exact_unique	Other	Worker/Business (small)	"[[""Other"",""Worker/Business (small)""]]"	1	1	"[""auctioneer""]"	[1519]	"[[""Other"",""Worker/Business (small)""]]"	[1519]	Other	Worker/Business (small)	auctioneer	0	0	"[{""level1"":""Other"",""level2"":""Worker/Business (small)"",""level3"":""auctioneer"",""person_count"":48,""example_wikidata_codes"":""Q15435598|Q16866440|Q18161906""}]"	0	0	[]		out_of_scope	high	formal_author_other_previously_out_of_scope	[]	0	freebase_bhht_author_lookup_v1	lookup_candidate_not_frozen	"[""Alfred Marks"", ""Carlo Ferlinghetti"", ""Rob Lite Weiman""]"
667	Gynecologist	6	gynecologist	author_exact	exact_unique	Discovery/Science	Academia	"[[""Discovery/Science"",""Academia""]]"	1	1	"[""gynecologist""]"	[772]	"[[""Discovery/Science"",""Academia""],[""Leadership"",""Politics""]]"	[735,772,968]	Discovery/Science	Academia	ecologist	0	0	"[{""level1"":""Discovery/Science"",""level2"":""Academia"",""level3"":""gynecologist"",""person_count"":2,""example_wikidata_codes"":""Q19382693|Q3161363""}]"	0	0	[]	Discovery/Science	proposed	medium	agrees_with_previous_llm	[]	0	freebase_bhht_author_lookup_v1	lookup_candidate_not_frozen	"[""Anu Ansip"", ""Avner Hershlag"", ""François Olivennes""]"
668	Counselor	6	counselor	author_exact	exact_unique	Other	Worker/Business (small)	"[[""Other"",""Worker/Business (small)""]]"	1	1	"[""counselor""]"	[1571]	"[[""Other"",""Worker/Business (small)""]]"	[1571]	Other	Worker/Business (small)	counselor	0	0	"[{""level1"":""Other"",""level2"":""Worker/Business (small)"",""level3"":""counselor"",""person_count"":17,""example_wikidata_codes"":""Q18632838|Q20657501|Q20707427""}]"	0	0	[]		needs_review	low	author_candidate_previous_needs_review	[]	0	freebase_bhht_author_lookup_v1	lookup_candidate_not_frozen	"[""Barry Jerome Chase"", ""Hadassah Lieberman"", ""Henry B. Eyring""]"
670	Shoemaker	6	shoemaker	author_exact	exact_unique	Other	Worker/Business (small)	"[[""Other"",""Worker/Business (small)""]]"	1	1	"[""_shoemaker""]"	[1491]	"[[""Other"",""Worker/Business (small)""]]"	[1491]	Other	Worker/Business (small)	_shoemaker	0	0	"[{""level1"":""Other"",""level2"":""Worker/Business (small)"",""level3"":""shoemaker"",""person_count"":6,""example_wikidata_codes"":""Q105947|Q110120|Q19799190""}]"	0	0	[]		out_of_scope	medium	formal_author_other_previously_out_of_scope	[]	0	freebase_bhht_author_lookup_v1	lookup_candidate_not_frozen	"[""Benjamin Warner (Shoemaker)"", ""Besarion Jughashvili"", ""Hans Andersen""]"
672	Instructor	6	instructor	author_exact	exact_unique	Discovery/Science	Academia	"[[""Discovery/Science"",""Academia""]]"	1	1	"[""instructor""]"	[794]	"[[""Discovery/Science"",""Academia""]]"	[794]	Discovery/Science	Academia	instructor	0	0	"[{""level1"":""Discovery/Science"",""level2"":""Academia"",""level3"":""instructor"",""person_count"":111,""example_wikidata_codes"":""Q1085793|Q110879|Q11349462""}]"	0	0	[]		needs_review	low	author_candidate_previous_needs_review	[]	0	freebase_bhht_author_lookup_v1	lookup_candidate_not_frozen	"[""Betty LaDuke"", ""Caitlin Clarke"", ""Christopher Atkins""]"
675	Chauffeur	6	chauffeur	author_exact	exact_unique	Other	Worker/Business (small)	"[[""Other"",""Worker/Business (small)""]]"	1	1	"[""_chauffeur""]"	[1443]	"[[""Other"",""Worker/Business (small)""]]"	[1443]	Other	Worker/Business (small)	_chauffeur	0	0	"[{""level1"":""Other"",""level2"":""Worker/Business (small)"",""level3"":""chauffeur"",""person_count"":10,""example_wikidata_codes"":""Q1525715|Q17413814|Q2339431""}]"	0	0	[]		out_of_scope	high	formal_author_other_previously_out_of_scope	[]	0	freebase_bhht_author_lookup_v1	lookup_candidate_not_frozen	"[""Birger Ragnar Svenson"", ""Christopher Cabot"", ""Erwin Strittmatter""]"
680	Traveler	6	traveler	author_exact	exact_unique	Discovery/Science	Explorer/Inventor/Developer	"[[""Discovery/Science"",""Explorer/Inventor/Developer""]]"	1	1	"[""traveler""]"	[1208]	"[[""Discovery/Science"",""Explorer/Inventor/Developer""]]"	[1208]	Discovery/Science	Explorer/Inventor/Developer	traveler	0	0	"[{""level1"":""Discovery/Science"",""level2"":""Explorer/Inventor/Developer"",""level3"":""traveler"",""person_count"":29,""example_wikidata_codes"":""Q13943905|Q1582852|Q16031430""}]"	0	0	[]		needs_review	low	author_candidate_previous_needs_review	[]	0	freebase_bhht_author_lookup_v1	lookup_candidate_not_frozen	"[""Charley Boorman"", ""Dervla Murphy"", ""Ferdinand von Richthofen""]"
686	Watchmaker	6	watchmaker	author_exact	exact_unique	Other	Worker/Business (small)	"[[""Other"",""Worker/Business (small)""]]"	1	1	"[""watchmaker""]"	[1711]	"[[""Other"",""Worker/Business (small)""]]"	[1711]	Other	Worker/Business (small)	watchmaker	0	0	"[{""level1"":""Other"",""level2"":""Worker/Business (small)"",""level3"":""watchmaker"",""person_count"":240,""example_wikidata_codes"":""Q1030239|Q1039063|Q1040695""}]"	0	0	[]		out_of_scope	high	formal_author_other_previously_out_of_scope	[]	0	freebase_bhht_author_lookup_v1	lookup_candidate_not_frozen	"[""Dan Spitz"", ""Dietrich Gruen"", ""George J. Gruen""]"
692	Courtier	6	courtier	author_exact	exact_unique	Other	Worker/Business (small)	"[[""Other"",""Worker/Business (small)""]]"	1	1	"[""courtier""]"	[1572]	"[[""Other"",""Worker/Business (small)""]]"	[1572]	Other	Worker/Business (small)	courtier	0	0	"[{""level1"":""Other"",""level2"":""Worker/Business (small)"",""level3"":""courtier"",""person_count"":184,""example_wikidata_codes"":""Q11763814|Q11899469|Q12301777""}]"	0	0	[]		needs_review	low	author_candidate_previous_needs_review	[]	0	freebase_bhht_author_lookup_v1	lookup_candidate_not_frozen	"[""Elizabeth Savage, Countess Rivers"", ""Henry FitzAlan, 19th Earl of Arundel"", ""Izumi Shikibu""]"
693	Oceanographer	6	oceanographer	author_exact	exact_unique	Discovery/Science	Academia	"[[""Discovery/Science"",""Academia""]]"	1	1	"[""oceanographer""]"	[832]	"[[""Discovery/Science"",""Academia""]]"	[832]	Discovery/Science	Academia	oceanographer	0	0	"[{""level1"":""Discovery/Science"",""level2"":""Academia"",""level3"":""oceanographer"",""person_count"":184,""example_wikidata_codes"":""Q113081|Q11309859|Q12713503""}]"	0	0	[]	Discovery/Science	proposed	high	agrees_with_previous_llm	[]	0	freebase_bhht_author_lookup_v1	lookup_candidate_not_frozen	"[""Fabien Cousteau"", ""Henry Melson Stommel"", ""Jacques Cousteau""]"
694	Brewer	6	brewer	author_exact	exact_unique	Other	Worker/Business (small)	"[[""Other"",""Worker/Business (small)""]]"	1	1	"[""brewer""]"	[1541]	"[[""Other"",""Worker/Business (small)""]]"	[1541]	Other	Worker/Business (small)	brewer	0	0	"[{""level1"":""Other"",""level2"":""Worker/Business (small)"",""level3"":""brewer"",""person_count"":105,""example_wikidata_codes"":""Q102230|Q107965|Q1080305""}]"	0	0	[]		out_of_scope	medium	formal_author_other_previously_out_of_scope	[]	0	freebase_bhht_author_lookup_v1	lookup_candidate_not_frozen	"[""Frederic Austerlitz"", ""Hamar Alfred Bass"", ""Michael Bass, 1st Baron Burton""]"
700	Breeder	5	breeder	author_exact	exact_unique	Other	Worker/Business (small)	"[[""Other"",""Worker/Business (small)""]]"	1	1	"[""_breeder""]"	[1439]	"[[""Other"",""Worker/Business (small)""]]"	[1439]	Other	Worker/Business (small)	_breeder	0	0	"[{""level1"":""Other"",""level2"":""Worker/Business (small)"",""level3"":""breeder"",""person_count"":107,""example_wikidata_codes"":""Q1161485|Q1173895|Q1189401""}]"	0	0	[]		out_of_scope	medium	formal_author_other_previously_out_of_scope	[]	0	freebase_bhht_author_lookup_v1	lookup_candidate_not_frozen	"[""A. N. Hartley"", ""Carl Switzer"", ""Diana Muldaur""]"
703	Warrior	5	warrior	author_exact	exact_unique	Leadership	Military	"[[""Leadership"",""Military""]]"	1	1	"[""warrior""]"	[1430]	"[[""Leadership"",""Military""]]"	[1430]	Leadership	Military	warrior	0	0	"[{""level1"":""Leadership"",""level2"":""Military"",""level3"":""warrior"",""person_count"":199,""example_wikidata_codes"":""Q11025877|Q11201468|Q11212388""},{""level1"":""Sports/Games"",""level2"":""Sports/Games"",""level3"":""warrior"",""person_count"":4,""example_wikidata_codes"":""Q20712897|Q20877125|Q20877250""}]"	1	1	"[""person_main_reference_disagrees_not_used_to_override""]"		needs_review	low	author_candidate_previous_needs_review	"[""person_main_reference_disagrees_not_used_to_override""]"	0	freebase_bhht_author_lookup_v1	lookup_candidate_not_frozen	"[""Abbas ibn Ali"", ""Ali"", ""David""]"
705	Crystallographer	5	crystallographer	author_exact	exact_unique	Discovery/Science	Academia	"[[""Discovery/Science"",""Academia""]]"	1	1	"[""crystallographer""]"	[726]	"[[""Discovery/Science"",""Academia""]]"	[726]	Discovery/Science	Academia	crystallographer	0	0	"[{""level1"":""Discovery/Science"",""level2"":""Academia"",""level3"":""crystallographer"",""person_count"":30,""example_wikidata_codes"":""Q12083724|Q15995240|Q16210180""}]"	0	0	[]	Discovery/Science	proposed	high	agrees_with_previous_llm	[]	0	freebase_bhht_author_lookup_v1	lookup_candidate_not_frozen	"[""Ada Yonath"", ""John Kendrew"", ""Kathleen Lonsdale""]"
706	Foreman	5	foreman	author_exact	exact_unique	Other	Worker/Business (small)	"[[""Other"",""Worker/Business (small)""]]"	1	1	"[""_foreman""]"	[1459]	"[[""Other"",""Worker/Business (small)""]]"	[1459]	Other	Worker/Business (small)	_foreman	0	0	"[{""level1"":""Other"",""level2"":""Worker/Business (small)"",""level3"":""foreman"",""person_count"":7,""example_wikidata_codes"":""Q16058722|Q29378332|Q4935485""}]"	0	0	[]		needs_review	low	author_candidate_previous_needs_review	[]	0	freebase_bhht_author_lookup_v1	lookup_candidate_not_frozen	"[""Adam C. Sambora"", ""Byron John Barker"", ""Cliff Anderson (Deceased Person)""]"
708	Caricaturist	5	caricaturist	author_exact	exact_unique	Culture	Culture-periphery	"[[""Culture"",""Culture-periphery""]]"	1	1	"[""caricaturist""]"	[594]	"[[""Culture"",""Culture-periphery""]]"	[594]	Culture	Culture-periphery	caricaturist	0	0	"[{""level1"":""Culture"",""level2"":""Culture-periphery"",""level3"":""caricaturist"",""person_count"":429,""example_wikidata_codes"":""Q1000734|Q1066490|Q1068495""}]"	0	0	[]	Culture	proposed	high	agrees_with_previous_llm	[]	0	freebase_bhht_author_lookup_v1	lookup_candidate_not_frozen	"[""Al Hirschfeld"", ""Cabu"", ""Clive Francis""]"
710	Anatomist	5	anatomist	author_exact	exact_unique	Discovery/Science	Academia	"[[""Discovery/Science"",""Academia""]]"	1	1	"[""anatomist""]"	[681]	"[[""Discovery/Science"",""Academia""]]"	[681]	Discovery/Science	Academia	anatomist	0	0	"[{""level1"":""Discovery/Science"",""level2"":""Academia"",""level3"":""anatomist"",""person_count"":376,""example_wikidata_codes"":""Q100685|Q100707|Q1042450""}]"	0	0	[]	Discovery/Science	proposed	high	agrees_with_previous_llm	[]	0	freebase_bhht_author_lookup_v1	lookup_candidate_not_frozen	"[""Albrecht von Haller"", ""Aureliano Maestre de San Juan"", ""Leonardo da Vinci""]"
712	Pharmacologist	5	pharmacologist	author_exact	exact_unique	Discovery/Science	Academia	"[[""Discovery/Science"",""Academia""]]"	1	1	"[""pharmacologist""]"	[856]	"[[""Discovery/Science"",""Academia""]]"	[856]	Discovery/Science	Academia	pharmacologist	0	0	"[{""level1"":""Discovery/Science"",""level2"":""Academia"",""level3"":""pharmacologist"",""person_count"":389,""example_wikidata_codes"":""Q103675|Q1038989|Q1040071""}]"	0	0	[]	Discovery/Science	proposed	medium	agrees_with_previous_llm	[]	0	freebase_bhht_author_lookup_v1	lookup_candidate_not_frozen	"[""Alexander Fleming"", ""Carl Binz"", ""Ibrahim Abouleish""]"
713	Pamphleteer	5	pamphleteer	author_exact	exact_unique	Leadership	Politics	"[[""Leadership"",""Politics""]]"	1	1	"[""pamphleteer""]"	[1007]	"[[""Leadership"",""Politics""]]"	[1007]	Leadership	Politics	pamphleteer	0	0	"[{""level1"":""Leadership"",""level2"":""Politics"",""level3"":""pamphleteer"",""person_count"":23,""example_wikidata_codes"":""Q11805300|Q18562884|Q19043730""}]"	0	0	[]		needs_review	low	author_candidate_previous_needs_review	[]	0	freebase_bhht_author_lookup_v1	lookup_candidate_not_frozen	"[""Alexander Leighton"", ""Jonathan Swift"", ""Stewart Home""]"
719	Diarist	5	diarist	author_exact	exact_unique	Culture	Culture-core	"[[""Culture"",""Culture-core""]]"	1	1	"[""_diarist_""]"	[315]	"[[""Culture"",""Culture-core""]]"	[315]	Culture	Culture-core	_diarist_	0	0	"[{""level1"":""Culture"",""level2"":""Culture-core"",""level3"":""diarist"",""person_count"":161,""example_wikidata_codes"":""Q11716750|Q1422497|Q14945431""}]"	0	0	[]	Culture	proposed	high	agrees_with_previous_llm	[]	0	freebase_bhht_author_lookup_v1	lookup_candidate_not_frozen	"[""Alice James"", ""Ned Rorem"", ""Tony Benn""]"
726	Compositor	5	compositor	author_exact	exact_unique	Culture	Culture-core	"[[""Culture"",""Culture-core""]]"	1	1	"[""compositor""]"	[399]	"[[""Culture"",""Culture-core""]]"	[399]	Culture	Culture-core	compositor	0	0	[]	0	0	[]	Culture	proposed	high	agrees_with_previous_llm	[]	0	freebase_bhht_author_lookup_v1	lookup_candidate_not_frozen	"[""Anna Terekhova"", ""Jessica Amzoll"", ""Max Hattler""]"
727	Housekeeper	5	housekeeper	author_exact	exact_unique	Other	Worker/Business (small)	"[[""Other"",""Worker/Business (small)""]]"	1	1	"[""housekeeper""]"	[1624]	"[[""Other"",""Worker/Business (small)""]]"	[1624]	Other	Worker/Business (small)	housekeeper	0	0	"[{""level1"":""Other"",""level2"":""Worker/Business (small)"",""level3"":""housekeeper"",""person_count"":3,""example_wikidata_codes"":""Q4946606|Q6707627|Q70512""}]"	0	0	[]		out_of_scope	medium	formal_author_other_previously_out_of_scope	[]	0	freebase_bhht_author_lookup_v1	lookup_candidate_not_frozen	"[""Anne Davies (Deceased Person) #1"", ""Florence May"", ""Ilse Fischer""]"
730	Paralegal	5	paralegal	author_exact	exact_unique	Leadership	Administration/Law	"[[""Leadership"",""Administration/Law""]]"	1	1	"[""paralegal""]"	[1089]	"[[""Leadership"",""Administration/Law""]]"	[1089]	Leadership	Administration/Law	paralegal	0	0	"[{""level1"":""Leadership"",""level2"":""Administration/Law"",""level3"":""paralegal"",""person_count"":3,""example_wikidata_codes"":""Q126605|Q23016625|Q6396570""}]"	0	0	[]	Leadership	proposed	medium	agrees_with_previous_llm	[]	0	freebase_bhht_author_lookup_v1	lookup_candidate_not_frozen	"[""April Kee"", ""Erin Brockovich"", ""Mara Thompson""]"
734	Retailer	5	retailer	author_exact	exact_unique	Other	Worker/Business (small)	"[[""Other"",""Worker/Business (small)""]]"	1	1	"[""_retailer""]"	[1488]	"[[""Other"",""Worker/Business (small)""]]"	[1488]	Other	Worker/Business (small)	_retailer	0	0	"[{""level1"":""Other"",""level2"":""Worker/Business (small)"",""level3"":""retailer"",""person_count"":23,""example_wikidata_codes"":""Q16008098|Q16091572|Q16732520""}]"	0	0	[]		needs_review	low	author_candidate_previous_needs_review	[]	0	freebase_bhht_author_lookup_v1	lookup_candidate_not_frozen	"[""Ascher \""Otto\"" Schechtel"", ""Cyril Magnin"", ""Hermann Kafka""]"
738	Ecologist	5	ecologist	author_exact	exact_cross_l1_conflict			"[[""Discovery/Science"",""Academia""],[""Leadership"",""Politics""]]"	2	2	"[""ecologist""]"	[735,968]	"[[""Discovery/Science"",""Academia""],[""Leadership"",""Politics""]]"	[735,968]	Discovery/Science	Academia	ecologist	0	0	"[{""level1"":""Discovery/Science"",""level2"":""Academia"",""level3"":""ecologist"",""person_count"":973,""example_wikidata_codes"":""Q101003|Q102601|Q10281670""},{""level1"":""Leadership"",""level2"":""Politics"",""level3"":""ecologist"",""person_count"":49,""example_wikidata_codes"":""Q111803|Q1175569|Q15440496""}]"	0	0	"[""multiple_author_l1_candidates""]"		needs_review	low	no_unique_author_l1_candidate	"[""multiple_author_l1_candidates""]"	0	freebase_bhht_author_lookup_v1	lookup_candidate_not_frozen	"[""Barry Bishop"", ""Inés Mendoza"", ""Michael Schnitzler""]"
742	Bowler	5	bowler	author_exact	exact_unique	Sports/Games	Sports/Games	"[[""Sports/Games"",""Sports/Games""]]"	1	1	"[""bowler""]"	[58]	"[[""Sports/Games"",""Sports/Games""]]"	[58]	Sports/Games	Sports/Games	bowler	0	0	"[{""level1"":""Sports/Games"",""level2"":""Sports/Games"",""level3"":""bowler"",""person_count"":513,""example_wikidata_codes"":""Q1090720|Q11875550|Q1209830""}]"	0	0	[]	Sports/Games	proposed	medium	agrees_with_previous_llm	[]	0	freebase_bhht_author_lookup_v1	lookup_candidate_not_frozen	"[""Billy Hardwick"", ""Chris Barnes (Spokesman)"", ""Dick Weber""]"
753	Welder	5	welder	author_exact	exact_unique	Other	Worker/Business (small)	"[[""Other"",""Worker/Business (small)""]]"	1	1	"[""_welder_""]"	[1501]	"[[""Other"",""Worker/Business (small)""]]"	[1501]	Other	Worker/Business (small)	_welder_	0	0	"[{""level1"":""Other"",""level2"":""Worker/Business (small)"",""level3"":""welder"",""person_count"":3,""example_wikidata_codes"":""Q2616969|Q5338585|Q7087425""}]"	0	0	[]		out_of_scope	high	formal_author_other_previously_out_of_scope	[]	0	freebase_bhht_author_lookup_v1	lookup_candidate_not_frozen	"[""Christian Brando"", ""Gordon Ramsay (Shopkeeper)"", ""Jesse James""]"
754	Lifeguard	5	lifeguard	author_exact	exact_unique	Other	Worker/Business (small)	"[[""Other"",""Worker/Business (small)""]]"	1	1	"[""lifeguard""]"	[1641]	"[[""Other"",""Worker/Business (small)""]]"	[1641]	Other	Worker/Business (small)	lifeguard	0	0	"[{""level1"":""Other"",""level2"":""Worker/Business (small)"",""level3"":""lifeguard"",""person_count"":5,""example_wikidata_codes"":""Q30604155|Q4908000|Q4977676""}]"	0	0	[]		out_of_scope	medium	formal_author_other_previously_out_of_scope	[]	0	freebase_bhht_author_lookup_v1	lookup_candidate_not_frozen	"[""Christopher Atkins"", ""Dave Bautista"", ""Jere Burns""]"
757	Ironmaster	5	ironmaster	author_exact	exact_unique	Other	Worker/Business (small)	"[[""Other"",""Worker/Business (small)""]]"	1	1	"[""ironmaster""]"	[1628]	"[[""Other"",""Worker/Business (small)""]]"	[1628]	Other	Worker/Business (small)	ironmaster	0	0	"[{""level1"":""Other"",""level2"":""Worker/Business (small)"",""level3"":""ironmaster"",""person_count"":41,""example_wikidata_codes"":""Q11803699|Q15458829|Q16065485""}]"	0	0	[]		out_of_scope	medium	formal_author_other_previously_out_of_scope	[]	0	freebase_bhht_author_lookup_v1	lookup_candidate_not_frozen	"[""Curtis Grubb"", ""Edward Burd Grubb, Sr."", ""Henry Bates Grubb""]"
758	Cartographer	5	cartographer	author_exact	exact_unique	Discovery/Science	Academia	"[[""Discovery/Science"",""Academia""]]"	1	1	"[""cartographer""]"	[714]	"[[""Discovery/Science"",""Academia""]]"	[714]	Discovery/Science	Academia	cartographer	0	0	"[{""level1"":""Discovery/Science"",""level2"":""Academia"",""level3"":""cartographer"",""person_count"":529,""example_wikidata_codes"":""Q100447|Q101001|Q10266594""}]"	0	0	[]	Discovery/Science	proposed	high	agrees_with_previous_llm	[]	0	freebase_bhht_author_lookup_v1	lookup_candidate_not_frozen	"[""César-François Cassini de Thury"", ""Henry Pelham (Cartographer)"", ""Joyce Kozloff""]"
759	Weaver	5	weaver	author_exact	exact_unique	Other	Worker/Business (small)	"[[""Other"",""Worker/Business (small)""]]"	1	1	"[""_weaver_""]"	[1500]	"[[""Other"",""Worker/Business (small)""]]"	[1500]	Other	Worker/Business (small)	_weaver_	0	0	"[{""level1"":""Other"",""level2"":""Worker/Business (small)"",""level3"":""weaver"",""person_count"":73,""example_wikidata_codes"":""Q12747855|Q1394020|Q15446428""}]"	0	0	[]		out_of_scope	high	formal_author_other_previously_out_of_scope	[]	0	freebase_bhht_author_lookup_v1	lookup_candidate_not_frozen	"[""Daisy Bewes"", ""David Barrie (Deceased Person)"", ""Domenico Colombo""]"
764	Furniture Maker	5	furniture_maker	author_exact	exact_unique	Culture	Culture-periphery	"[[""Culture"",""Culture-periphery""]]"	1	1	"[""furniture_maker""]"	[619]	"[[""Culture"",""Culture-periphery""]]"	[619]	Culture	Culture-periphery	furniture_maker	0	0	"[{""level1"":""Culture"",""level2"":""Culture-periphery"",""level3"":""furniture_maker"",""person_count"":52,""example_wikidata_codes"":""Q1085465|Q1447550|Q14629881""}]"	0	0	[]		out_of_scope	high	author_candidate_previous_out_of_scope	[]	0	freebase_bhht_author_lookup_v1	lookup_candidate_not_frozen	"[""David Armstrong-Jones, Viscount Linley"", ""Francis Jourdain"", ""John Bastard (Architect)""]"
766	Internist	5	internist	author_exact	exact_unique	Discovery/Science	Academia	"[[""Discovery/Science"",""Academia""]]"	1	1	"[""internist""]"	[797]	"[[""Discovery/Science"",""Academia""]]"	[797]	Discovery/Science	Academia	internist	0	0	"[{""level1"":""Discovery/Science"",""level2"":""Academia"",""level3"":""internist"",""person_count"":402,""example_wikidata_codes"":""Q100773|Q1022545|Q102295""}]"	0	0	[]	Discovery/Science	proposed	medium	agrees_with_previous_llm	[]	0	freebase_bhht_author_lookup_v1	lookup_candidate_not_frozen	"[""Dr. Milton Brothers"", ""Drew Pinsky"", ""Leonard Essman""]"
767	Psychic	5	psychic	author_exact	exact_unique	Other	Other	"[[""Other"",""Other""]]"	1	1	"[""psychic""]"	[1864]	"[[""Other"",""Other""]]"	[1864]	Other	Other	psychic	0	0	"[{""level1"":""Other"",""level2"":""Other"",""level3"":""psychic"",""person_count"":63,""example_wikidata_codes"":""Q11561356|Q1457046|Q15973612""}]"	0	0	[]		needs_review	low	author_candidate_previous_needs_review	[]	0	freebase_bhht_author_lookup_v1	lookup_candidate_not_frozen	"[""Edgar Cayce"", ""Gerard Croiset"", ""Linda and Terry Jamison""]"
769	Seaman	5	seaman	author_exact	exact_unique	Discovery/Science	Explorer/Inventor/Developer	"[[""Discovery/Science"",""Explorer/Inventor/Developer""]]"	1	1	"[""_seaman""]"	[1177]	"[[""Discovery/Science"",""Explorer/Inventor/Developer""]]"	[1177]	Discovery/Science	Explorer/Inventor/Developer	_seaman	0	0	"[{""level1"":""Discovery/Science"",""level2"":""Explorer/Inventor/Developer"",""level3"":""seaman"",""person_count"":13,""example_wikidata_codes"":""Q1452483|Q16003677|Q16842997""}]"	0	0	[]		needs_review	low	author_candidate_previous_needs_review	[]	0	freebase_bhht_author_lookup_v1	lookup_candidate_not_frozen	"[""Edward Hanley"", ""Harry E. Ockelman"", ""Lee Dong-ho (Seaman)""]"
770	Criminologist	5	criminologist	author_exact	exact_unique	Discovery/Science	Academia	"[[""Discovery/Science"",""Academia""]]"	1	1	"[""criminologist""]"	[724]	"[[""Discovery/Science"",""Academia""]]"	[724]	Discovery/Science	Academia	criminologist	0	0	"[{""level1"":""Discovery/Science"",""level2"":""Academia"",""level3"":""criminologist"",""person_count"":260,""example_wikidata_codes"":""Q1030404|Q10336887|Q104834""}]"	0	0	[]	Discovery/Science	proposed	high	agrees_with_previous_llm	[]	0	freebase_bhht_author_lookup_v1	lookup_candidate_not_frozen	"[""Edwin J. Lukas"", ""F. Tennyson Jesse"", ""Jack Levin""]"
771	General practitioner	5	general_practitioner	author_exact	exact_unique	Discovery/Science	Academia	"[[""Discovery/Science"",""Academia""]]"	1	1	"[""general_practitioner""]"	[759]	"[[""Discovery/Science"",""Academia""]]"	[759]	Discovery/Science	Academia	general_practitioner	0	0	"[{""level1"":""Discovery/Science"",""level2"":""Academia"",""level3"":""general_practitioner"",""person_count"":122,""example_wikidata_codes"":""Q1037137|Q108085|Q11801055""}]"	0	0	[]	Discovery/Science	proposed	high	agrees_with_previous_llm	[]	0	freebase_bhht_author_lookup_v1	lookup_candidate_not_frozen	"[""Ewa Kopacz"", ""Harry Jenkins, Sr."", ""Kate McCann""]"
773	Egyptologist	5	egyptologist	author_exact	exact_unique	Discovery/Science	Academia	"[[""Discovery/Science"",""Academia""]]"	1	1	"[""egyptologist""]"	[739]	"[[""Discovery/Science"",""Academia""]]"	[739]	Discovery/Science	Academia	egyptologist	0	0	"[{""level1"":""Discovery/Science"",""level2"":""Academia"",""level3"":""egyptologist"",""person_count"":284,""example_wikidata_codes"":""Q101678|Q104258|Q107810""}]"	0	0	[]	Discovery/Science	proposed	high	agrees_with_previous_llm	[]	0	freebase_bhht_author_lookup_v1	lookup_candidate_not_frozen	"[""Georg Steindorff"", ""George Herbert, 5th Earl of Carnarvon"", ""Howard Carter""]"
775	Guru	5	guru	author_exact	exact_unique	Leadership	Religious	"[[""Leadership"",""Religious""]]"	1	1	"[""_guru_""]"	[1257]	"[[""Leadership"",""Religious""]]"	[1257]	Leadership	Religious	_guru_	0	0	"[{""level1"":""Leadership"",""level2"":""Religious"",""level3"":""guru"",""person_count"":89,""example_wikidata_codes"":""Q12811033|Q1479144|Q16016133""}]"	0	0	[]	Leadership	proposed	medium	agrees_with_previous_llm	[]	0	freebase_bhht_author_lookup_v1	lookup_candidate_not_frozen	"[""Guru Arjan"", ""Guru Hargobind"", ""Guru Tegh Bahadur""]"
782	Cantor	5	cantor	author_exact	exact_unique	Culture	Culture-core	"[[""Culture"",""Culture-core""]]"	1	1	"[""cantor""]"	[370]	"[[""Culture"",""Culture-core""]]"	[370]	Culture	Culture-core	cantor	0	0	[]	0	0	[]		needs_review	low	author_candidate_previous_needs_review	[]	0	freebase_bhht_author_lookup_v1	lookup_candidate_not_frozen	"[""Johann Sebastian Bach"", ""Lorna Patterson"", ""Moses Baline""]"
784	Strongman	5	strongman	author_exact	exact_unique	Sports/Games	Sports/Games	"[[""Sports/Games"",""Sports/Games""]]"	1	1	"[""strongman""]"	[261]	"[[""Sports/Games"",""Sports/Games""]]"	[261]	Sports/Games	Sports/Games	strongman	0	0	"[{""level1"":""Sports/Games"",""level2"":""Sports/Games"",""level3"":""strongman"",""person_count"":90,""example_wikidata_codes"":""Q11834932|Q11975042|Q1223594""}]"	0	0	[]	Sports/Games	proposed	medium	agrees_with_previous_llm	[]	0	freebase_bhht_author_lookup_v1	lookup_candidate_not_frozen	"[""Karl Gillingham"", ""Ken Patera"", ""Mark Bell (Strongman)""]"
785	Lama	4	lama	author_exact	exact_unique	Leadership	Religious	"[[""Leadership"",""Religious""]]"	1	1	"[""_lama_""]"	[1258]	"[[""Leadership"",""Religious""]]"	[1258]	Leadership	Religious	_lama_	0	0	"[{""level1"":""Leadership"",""level2"":""Religious"",""level3"":""lama"",""person_count"":50,""example_wikidata_codes"":""Q1060749|Q1071512|Q1207571""}]"	0	0	[]	Leadership	proposed	high	agrees_with_previous_llm	[]	0	freebase_bhht_author_lookup_v1	lookup_candidate_not_frozen	"[""14th Dalai Lama"", ""Akong Rinpoche"", ""Thubten Jigme Norbu""]"
791	Sommelier	4	sommelier	author_exact	exact_unique	Other	Worker/Business (small)	"[[""Other"",""Worker/Business (small)""]]"	1	1	"[""sommelier""]"	[1690]	"[[""Other"",""Worker/Business (small)""]]"	[1690]	Other	Worker/Business (small)	sommelier	0	0	"[{""level1"":""Other"",""level2"":""Worker/Business (small)"",""level3"":""sommelier"",""person_count"":46,""example_wikidata_codes"":""Q109984|Q121305|Q15268086""}]"	0	0	[]		out_of_scope	high	formal_author_other_previously_out_of_scope	[]	0	freebase_bhht_author_lookup_v1	lookup_candidate_not_frozen	"[""Alfred Lennon"", ""John Dykins"", ""Josep Roca i Fontané""]"
792	Web designer	4	web_designer	author_exact	exact_unique	Culture	Culture-periphery	"[[""Culture"",""Culture-periphery""]]"	1	1	"[""web_designer""]"	[661]	"[[""Culture"",""Culture-periphery""]]"	[606,661]	Culture	Culture-periphery	designer	0	0	"[{""level1"":""Culture"",""level2"":""Culture-periphery"",""level3"":""web_designer"",""person_count"":10,""example_wikidata_codes"":""Q11365359|Q1176648|Q3461219""}]"	0	0	[]	Culture	proposed	high	agrees_with_previous_llm	[]	0	freebase_bhht_author_lookup_v1	lookup_candidate_not_frozen	"[""Alice Nellis"", ""Christian Sugiono"", ""David Louis Edelman""]"
798	Stenographer	4	stenographer	author_exact	exact_unique	Culture	Culture-core	"[[""Culture"",""Culture-core""]]"	1	1	"[""stenographer""]"	[542]	"[[""Culture"",""Culture-core""]]"	[542]	Culture	Culture-core	stenographer	0	0	"[{""level1"":""Culture"",""level2"":""Culture-core"",""level3"":""stenographer"",""person_count"":14,""example_wikidata_codes"":""Q13217461|Q18528685|Q18735136""}]"	0	0	[]		out_of_scope	high	author_candidate_previous_out_of_scope	[]	0	freebase_bhht_author_lookup_v1	lookup_candidate_not_frozen	"[""Anna Dostoyevskaya"", ""Florence Saunders"", ""Gladys Hope Christian""]"
799	Slave	4	slave	author_exact	exact_unique	Other	Other	"[[""Other"",""Other""]]"	1	1	"[""_slave_""]"	[1767]	"[[""Other"",""Other""]]"	[1767]	Other	Other	_slave_	0	0	"[{""level1"":""Other"",""level2"":""Other"",""level3"":""slave"",""person_count"":129,""example_wikidata_codes"":""Q1397714|Q143426|Q15136078""}]"	0	0	[]		out_of_scope	medium	formal_author_other_previously_out_of_scope	[]	0	freebase_bhht_author_lookup_v1	lookup_candidate_not_frozen	"[""Anna Kingsley"", ""James Hemings"", ""John Hemings""]"
803	Intellectual	4	intellectual	author_exact	exact_unique	Discovery/Science	Academia	"[[""Discovery/Science"",""Academia""]]"	1	1	"[""intellectual""]"	[795]	"[[""Discovery/Science"",""Academia""]]"	[795]	Discovery/Science	Academia	intellectual	0	0	"[{""level1"":""Discovery/Science"",""level2"":""Academia"",""level3"":""intellectual"",""person_count"":74,""example_wikidata_codes"":""Q10240|Q10799454|Q108889""}]"	0	0	[]		needs_review	low	author_candidate_previous_needs_review	[]	0	freebase_bhht_author_lookup_v1	lookup_candidate_not_frozen	"[""Ashfaq Ahmed"", ""Bano Qudsia"", ""Charles Van Doren""]"
807	Hazzan	4	hazzan	author_exact	exact_unique	Leadership	Religious	"[[""Leadership"",""Religious""]]"	1	1	"[""hazzan""]"	[1312]	"[[""Leadership"",""Religious""]]"	[1312]	Leadership	Religious	hazzan	0	0	"[{""level1"":""Leadership"",""level2"":""Religious"",""level3"":""hazzan"",""person_count"":32,""example_wikidata_codes"":""Q10289257|Q12409833|Q1300845""}]"	0	0	[]	Leadership	proposed	high	agrees_with_previous_llm	[]	0	freebase_bhht_author_lookup_v1	lookup_candidate_not_frozen	"[""Baruch Leib Rosowsky"", ""Jan Peerce"", ""Lippe Birnbaum""]"
808	Oncologist	4	oncologist	author_exact	exact_unique	Discovery/Science	Academia	"[[""Discovery/Science"",""Academia""]]"	1	1	"[""oncologist""]"	[833]	"[[""Discovery/Science"",""Academia""]]"	[833]	Discovery/Science	Academia	oncologist	0	0	"[{""level1"":""Discovery/Science"",""level2"":""Academia"",""level3"":""oncologist"",""person_count"":224,""example_wikidata_codes"":""Q102793|Q1065232|Q1070735""}]"	0	0	[]	Discovery/Science	proposed	medium	agrees_with_previous_llm	[]	0	freebase_bhht_author_lookup_v1	lookup_candidate_not_frozen	"[""Bernard Lewinsky"", ""Jelena Melnikova"", ""Rjurik Melnikov""]"
817	Lithographer	4	lithographer	author_exact	exact_unique	Culture	Culture-core	"[[""Culture"",""Culture-core""]]"	1	1	"[""lithographer""]"	[460]	"[[""Culture"",""Culture-core""]]"	[460]	Culture	Culture-core	lithographer	0	0	"[{""level1"":""Culture"",""level2"":""Culture-core"",""level3"":""lithographer"",""person_count"":457,""example_wikidata_codes"":""Q10366317|Q1036899|Q1036960""}]"	0	0	[]	Culture	proposed	medium	agrees_with_previous_llm	[]	0	freebase_bhht_author_lookup_v1	lookup_candidate_not_frozen	"[""Bruno Bruni"", ""Edward Colker"", ""Henry Walton (Painting Artist) #2""]"
819	Duchess	4	duchess	author_exact	exact_unique	Leadership	Nobility	"[[""Leadership"",""Nobility""]]"	1	1	"[""duchess""]"	[1135]	"[[""Leadership"",""Nobility""]]"	[1135]	Leadership	Nobility	duchess	0	0	"[{""level1"":""Leadership"",""level2"":""Nobility"",""level3"":""duchess"",""person_count"":209,""example_wikidata_codes"":""Q1002546|Q1032317|Q1032321""}]"	0	0	[]	Leadership	proposed	high	agrees_with_previous_llm	[]	0	freebase_bhht_author_lookup_v1	lookup_candidate_not_frozen	"[""Camilla, Duchess of Cornwall"", ""Infanta Adelgundes, Duchess of Guimarães"", ""Katharine, Duchess of Kent""]"
828	Plumber	4	plumber	author_exact	exact_unique	Other	Worker/Business (small)	"[[""Other"",""Worker/Business (small)""]]"	1	1	"[""_plumber""]"	[1482]	"[[""Other"",""Worker/Business (small)""]]"	[1482]	Other	Worker/Business (small)	_plumber	0	0	"[{""level1"":""Other"",""level2"":""Worker/Business (small)"",""level3"":""plumber"",""person_count"":12,""example_wikidata_codes"":""Q12332293|Q18441001|Q23617683""}]"	0	0	[]		out_of_scope	high	formal_author_other_previously_out_of_scope	[]	0	freebase_bhht_author_lookup_v1	lookup_candidate_not_frozen	"[""Craig McLachlan"", ""Ibrahim Balla"", ""Leser Moses Spanier""]"
835	Goldsmith	4	goldsmith	author_exact	exact_unique	Culture	Culture-periphery	"[[""Culture"",""Culture-periphery""]]"	1	1	"[""goldsmith""]"	[621]	"[[""Culture"",""Culture-periphery""]]"	[621]	Culture	Culture-periphery	goldsmith	0	0	"[{""level1"":""Culture"",""level2"":""Culture-periphery"",""level3"":""goldsmith"",""person_count"":320,""example_wikidata_codes"":""Q103753|Q1085228|Q109352""}]"	0	0	[]		needs_review	low	author_candidate_previous_needs_review	[]	0	freebase_bhht_author_lookup_v1	lookup_candidate_not_frozen	"[""Domenico Ghirlandaio"", ""Gil Vicente"", ""John Paul Miller (Jewelry designer)""]"
836	Endocrinologist	4	endocrinologist	author_exact	exact_unique	Discovery/Science	Academia	"[[""Discovery/Science"",""Academia""]]"	1	1	"[""endocrinologist""]"	[743]	"[[""Discovery/Science"",""Academia""]]"	[743]	Discovery/Science	Academia	endocrinologist	0	0	"[{""level1"":""Discovery/Science"",""level2"":""Academia"",""level3"":""endocrinologist"",""person_count"":93,""example_wikidata_codes"":""Q14948658|Q15222313|Q15437595""}]"	0	0	[]	Discovery/Science	proposed	high	agrees_with_previous_llm	[]	0	freebase_bhht_author_lookup_v1	lookup_candidate_not_frozen	"[""Dr. Milton Brothers"", ""Martin Sonenberg"", ""Richard Asher""]"
838	Pastry chef	4	pastry_chef	author_exact	exact_unique	Other	Worker/Business (small)	"[[""Other"",""Worker/Business (small)""]]"	1	1	"[""pastry_chef""]"	[1666]	"[[""Other"",""Worker/Business (small)""]]"	[1444,1666]	Other	Worker/Business (small)	_chef_	0	0	"[{""level1"":""Other"",""level2"":""Worker/Business (small)"",""level3"":""pastry_chef"",""person_count"":3,""example_wikidata_codes"":""Q36490554|Q41693977|Q41694011""}]"	0	0	[]		out_of_scope	medium	formal_author_other_previously_out_of_scope	[]	0	freebase_bhht_author_lookup_v1	lookup_candidate_not_frozen	"[""Elizabeth Falkner"", ""Gale Gand"", ""Gesine Bullock-Prado""]"
842	Conquistador	4	conquistador	author_exact	exact_unique	Discovery/Science	Explorer/Inventor/Developer	"[[""Discovery/Science"",""Explorer/Inventor/Developer""]]"	1	1	"[""conquistador""]"	[1182]	"[[""Discovery/Science"",""Explorer/Inventor/Developer""]]"	[1182]	Discovery/Science	Explorer/Inventor/Developer	conquistador	0	0	"[{""level1"":""Discovery/Science"",""level2"":""Explorer/Inventor/Developer"",""level3"":""conquistador"",""person_count"":97,""example_wikidata_codes"":""Q10324619|Q1347049|Q1368256""}]"	0	0	[]		needs_review	low	author_candidate_previous_needs_review	[]	0	freebase_bhht_author_lookup_v1	lookup_candidate_not_frozen	"[""Francisco Pizarro"", ""Gonzalo Pizarro"", ""Hernando Pizarro""]"
843	Juggler	4	juggler	author_exact	exact_unique	Culture	Culture-core	"[[""Culture"",""Culture-core""]]"	1	1	"[""juggler""]"	[454]	"[[""Culture"",""Culture-core""]]"	[454]	Culture	Culture-core	juggler	0	0	"[{""level1"":""Culture"",""level2"":""Culture-core"",""level3"":""juggler"",""person_count"":6,""example_wikidata_codes"":""Q11720103|Q1456144|Q23579768""}]"	0	0	[]	Culture	proposed	high	agrees_with_previous_llm	[]	0	freebase_bhht_author_lookup_v1	lookup_candidate_not_frozen	"[""Frank Reynolds (Deceased Person) #1"", ""Kumar Pallana"", ""Teddy Knox""]"
844	Bard	4	bard	author_exact	exact_unique	Culture	Culture-core	"[[""Culture"",""Culture-core""]]"	1	1	"[""_bard_""]"	[307]	"[[""Culture"",""Culture-core""]]"	[307]	Culture	Culture-core	_bard_	0	0	"[{""level1"":""Culture"",""level2"":""Culture-core"",""level3"":""bard"",""person_count"":9,""example_wikidata_codes"":""Q18114832|Q20732758|Q20732761""}]"	0	0	[]	Culture	proposed	medium	agrees_with_previous_llm	[]	0	freebase_bhht_author_lookup_v1	lookup_candidate_not_frozen	"[""Gamzat Tsadasa"", ""Robert Burns"", ""Sergey Nikitin""]"
853	Planter	4	planter	author_exact	exact_unique	Other	Worker/Business (small)	"[[""Other"",""Worker/Business (small)""]]"	1	1	"[""_planter""]"	[1480]	"[[""Other"",""Worker/Business (small)""]]"	[1480]	Other	Worker/Business (small)	_planter	0	0	"[{""level1"":""Other"",""level2"":""Worker/Business (small)"",""level3"":""planter"",""person_count"":46,""example_wikidata_codes"":""Q15999395|Q16062223|Q16065883""}]"	0	0	[]		needs_review	low	author_candidate_previous_needs_review	[]	0	freebase_bhht_author_lookup_v1	lookup_candidate_not_frozen	"[""Henry Francis Carradine"", ""James Stephens Bulloch"", ""Robert E. Lee, Jr.""]"
854	Auditor	4	auditor	author_exact	exact_unique	Other	Worker/Business (small)	"[[""Other"",""Worker/Business (small)""]]"	1	1	"[""auditor""]"	[1520]	"[[""Other"",""Worker/Business (small)""]]"	[1520]	Other	Worker/Business (small)	auditor	0	0	"[{""level1"":""Other"",""level2"":""Worker/Business (small)"",""level3"":""auditor"",""person_count"":55,""example_wikidata_codes"":""Q1504496|Q1510371|Q1534740""}]"	0	0	[]		needs_review	low	author_candidate_previous_needs_review	[]	0	freebase_bhht_author_lookup_v1	lookup_candidate_not_frozen	"[""Herb Gleason"", ""Mary Ann Smyczynski"", ""Mikhail Yesipov""]"
857	Adventurer	4	adventurer	author_exact	exact_unique	Discovery/Science	Explorer/Inventor/Developer	"[[""Discovery/Science"",""Explorer/Inventor/Developer""]]"	1	1	"[""adventurer""]"	[1178]	"[[""Discovery/Science"",""Explorer/Inventor/Developer""]]"	[1178]	Discovery/Science	Explorer/Inventor/Developer	adventurer	0	0	"[{""level1"":""Discovery/Science"",""level2"":""Explorer/Inventor/Developer"",""level3"":""adventurer"",""person_count"":82,""example_wikidata_codes"":""Q10305079|Q1065772|Q10785098""}]"	0	0	[]		needs_review	low	author_candidate_previous_needs_review	[]	0	freebase_bhht_author_lookup_v1	lookup_candidate_not_frozen	"[""Jan Potocki"", ""Ross Thomas (Actor) #1"", ""Sir Michael William Selby Bruce""]"
860	Bibliophile	4	bibliophile	author_exact	exact_unique	Culture	Culture-core	"[[""Culture"",""Culture-core""]]"	1	1	"[""bibliophile""]"	[366]	"[[""Culture"",""Culture-core""]]"	[366]	Culture	Culture-core	bibliophile	0	0	"[{""level1"":""Culture"",""level2"":""Culture-core"",""level3"":""bibliophile"",""person_count"":49,""example_wikidata_codes"":""Q1158739|Q117539|Q1252888""}]"	0	0	[]		out_of_scope	high	author_candidate_previous_out_of_scope	[]	0	freebase_bhht_author_lookup_v1	lookup_candidate_not_frozen	"[""John Carter Brown"", ""John Nicholas Brown I"", ""Obadiah Rich""]"
861	Machinist	4	machinist	author_exact	exact_unique	Other	Worker/Business (small)	"[[""Other"",""Worker/Business (small)""]]"	1	1	"[""machinist""]"	[1646]	"[[""Other"",""Worker/Business (small)""]]"	[1646]	Other	Worker/Business (small)	machinist	0	0	"[{""level1"":""Other"",""level2"":""Worker/Business (small)"",""level3"":""machinist"",""person_count"":21,""example_wikidata_codes"":""Q1222261|Q1351437|Q15999001""}]"	0	0	[]		out_of_scope	high	formal_author_other_previously_out_of_scope	[]	0	freebase_bhht_author_lookup_v1	lookup_candidate_not_frozen	"[""Josip Broz Tito"", ""Morris Landau"", ""Nicolae Andruță Ceaușescu""]"
867	Epidemiologist	3	epidemiologist	author_exact	exact_unique	Discovery/Science	Academia	"[[""Discovery/Science"",""Academia""]]"	1	1	"[""epidemiologist""]"	[746]	"[[""Discovery/Science"",""Academia""]]"	[746]	Discovery/Science	Academia	epidemiologist	0	0	"[{""level1"":""Discovery/Science"",""level2"":""Academia"",""level3"":""epidemiologist"",""person_count"":299,""example_wikidata_codes"":""Q1117095|Q114024|Q11482563""}]"	0	0	[]	Discovery/Science	proposed	high	agrees_with_previous_llm	[]	0	freebase_bhht_author_lookup_v1	lookup_candidate_not_frozen	"[""Achille Adrien Proust"", ""John Newmeyer"", ""Matthew Huxley""]"
868	Postmaster	3	postmaster	author_exact	exact_unique	Other	Worker/Business (small)	"[[""Other"",""Worker/Business (small)""]]"	1	1	"[""postmaster""]"	[1672]	"[[""Other"",""Worker/Business (small)""]]"	[1672]	Other	Worker/Business (small)	postmaster	0	0	"[{""level1"":""Other"",""level2"":""Worker/Business (small)"",""level3"":""postmaster"",""person_count"":49,""example_wikidata_codes"":""Q1289334|Q1311468|Q1334989""}]"	0	0	[]		needs_review	low	author_candidate_previous_needs_review	[]	0	freebase_bhht_author_lookup_v1	lookup_candidate_not_frozen	"[""Adam Egede-Nissen"", ""John Wilkinson (Lawyer)"", ""William Hodding Carter, I""]"
869	Virologist	3	virologist	author_exact	exact_unique	Discovery/Science	Academia	"[[""Discovery/Science"",""Academia""]]"	1	1	"[""virologist""]"	[924]	"[[""Discovery/Science"",""Academia""]]"	[924]	Discovery/Science	Academia	virologist	0	0	"[{""level1"":""Discovery/Science"",""level2"":""Academia"",""level3"":""virologist"",""person_count"":256,""example_wikidata_codes"":""Q102600|Q1063578|Q106360""}]"	0	0	[]	Discovery/Science	proposed	high	agrees_with_previous_llm	[]	0	freebase_bhht_author_lookup_v1	lookup_candidate_not_frozen	"[""Adele Maria Jemolo"", ""Frank Macfarlane Burnet"", ""Jonas Salk""]"
874	Podiatrist	3	podiatrist	author_exact	exact_unique	Discovery/Science	Academia	"[[""Discovery/Science"",""Academia""]]"	1	1	"[""podiatrist""]"	[874]	"[[""Discovery/Science"",""Academia""]]"	[874]	Discovery/Science	Academia	podiatrist	0	0	"[{""level1"":""Discovery/Science"",""level2"":""Academia"",""level3"":""podiatrist"",""person_count"":7,""example_wikidata_codes"":""Q16194394|Q19863991|Q22278850""}]"	0	0	[]	Discovery/Science	proposed	medium	agrees_with_previous_llm	[]	0	freebase_bhht_author_lookup_v1	lookup_candidate_not_frozen	"[""Alex Kor"", ""Dana Costigan"", ""Lesley Richardson""]"
875	Concertmaster	3	concertmaster	author_exact	exact_unique	Culture	Culture-core	"[[""Culture"",""Culture-core""]]"	1	1	"[""concertmaster""]"	[400]	"[[""Culture"",""Culture-core""]]"	[400]	Culture	Culture-core	concertmaster	0	0	"[{""level1"":""Culture"",""level2"":""Culture-core"",""level3"":""concertmaster"",""person_count"":97,""example_wikidata_codes"":""Q10334154|Q105924|Q113338""}]"	0	0	[]	Culture	proposed	high	agrees_with_previous_llm	[]	0	freebase_bhht_author_lookup_v1	lookup_candidate_not_frozen	"[""Alexander Schneider"", ""John Corigliano, Sr."", ""Pietro Sordi""]"
878	Consort	3	consort	author_exact	exact_unique	Leadership	Nobility	"[[""Leadership"",""Nobility""]]"	1	1	"[""consort""]"	[1131]	"[[""Leadership"",""Nobility""]]"	[1131]	Leadership	Nobility	consort	0	0	"[{""level1"":""Leadership"",""level2"":""Nobility"",""level3"":""consort"",""person_count"":285,""example_wikidata_codes"":""Q1036431|Q1036437|Q1036533""}]"	0	0	[]	Leadership	proposed	high	agrees_with_previous_llm	[]	0	freebase_bhht_author_lookup_v1	lookup_candidate_not_frozen	"[""Alma Mahler Gropius Werfel"", ""Empress Michiko"", ""Mozah bint Nasser Al Missned""]"
881	Seismologist	3	seismologist	author_exact	exact_unique	Discovery/Science	Academia	"[[""Discovery/Science"",""Academia""]]"	1	1	"[""seismologist""]"	[895]	"[[""Discovery/Science"",""Academia""]]"	[895]	Discovery/Science	Academia	seismologist	0	0	"[{""level1"":""Discovery/Science"",""level2"":""Academia"",""level3"":""seismologist"",""person_count"":68,""example_wikidata_codes"":""Q11447156|Q11619582|Q11944607""}]"	0	0	[]	Discovery/Science	proposed	high	agrees_with_previous_llm	[]	0	freebase_bhht_author_lookup_v1	lookup_candidate_not_frozen	"[""Andrzej Zawada"", ""Janez K. Lapajne"", ""Richard Dixon Oldham""]"
884	Classicist	3	classicist	author_exact	exact_unique	Discovery/Science	Academia	"[[""Discovery/Science"",""Academia""]]"	1	1	"[""_classicist_""]"	[667]	"[[""Discovery/Science"",""Academia""]]"	[667]	Discovery/Science	Academia	_classicist_	0	0	"[{""level1"":""Discovery/Science"",""level2"":""Academia"",""level3"":""classicist"",""person_count"":14,""example_wikidata_codes"":""Q1570300|Q16025214|Q18216966""}]"	0	0	[]	Discovery/Science	proposed	high	agrees_with_previous_llm	[]	0	freebase_bhht_author_lookup_v1	lookup_candidate_not_frozen	"[""Anne Carson"", ""Benjamin Dean Meritt"", ""Michael H. Jameson""]"
888	Actuary	3	actuary	author_exact	exact_unique	Other	Worker/Business (small)	"[[""Other"",""Worker/Business (small)""]]"	1	1	"[""actuary""]"	[1505]	"[[""Other"",""Worker/Business (small)""]]"	[1505]	Other	Worker/Business (small)	actuary	0	0	"[{""level1"":""Other"",""level2"":""Worker/Business (small)"",""level3"":""actuary"",""person_count"":45,""example_wikidata_codes"":""Q10393710|Q16025288|Q16030456""}]"	0	0	[]		needs_review	low	author_candidate_previous_needs_review	[]	0	freebase_bhht_author_lookup_v1	lookup_candidate_not_frozen	"[""Anthony Lowe"", ""Danil Khachaturov"", ""Humayun Akhtar Khan""]"
893	Prostitute	3	prostitute	author_exact	exact_unique	Other	Other	"[[""Other"",""Other""]]"	1	1	"[""prostitute""]"	[1861]	"[[""Other"",""Other""]]"	[1861]	Other	Other	prostitute	0	0	"[{""level1"":""Other"",""level2"":""Other"",""level3"":""prostitute"",""person_count"":120,""example_wikidata_codes"":""Q10287931|Q10346179|Q1153323""}]"	0	0	[]		out_of_scope	high	formal_author_other_previously_out_of_scope	[]	0	freebase_bhht_author_lookup_v1	lookup_candidate_not_frozen	"[""Ashley Alexandra Dupré"", ""Kathleen Maddox"", ""Maya Angelou""]"
895	Cardinal	3	cardinal	author_exact	exact_unique	Leadership	Religious	"[[""Leadership"",""Religious""]]"	1	1	"[""cardinal""]"	[1287]	"[[""Leadership"",""Religious""]]"	[1287]	Leadership	Religious	cardinal	0	0	"[{""level1"":""Leadership"",""level2"":""Religious"",""level3"":""cardinal"",""person_count"":810,""example_wikidata_codes"":""Q1026715|Q1029380|Q10324663""}]"	0	0	[]	Leadership	proposed	medium	agrees_with_previous_llm	[]	0	freebase_bhht_author_lookup_v1	lookup_candidate_not_frozen	"[""Avery Dulles"", ""Daniele Barbaro"", ""Ercole Gonzaga""]"
899	Airline Pilot	3	airline_pilot	author_exact	exact_unique	Other	Worker/Business (small)	"[[""Other"",""Worker/Business (small)""]]"	1	1	"[""airline_pilot""]"	[1513]	"[[""Other"",""Worker/Business (small)""]]"	[1513]	Other	Worker/Business (small)	airline_pilot	0	0	"[{""level1"":""Other"",""level2"":""Worker/Business (small)"",""level3"":""airline_pilot"",""person_count"":16,""example_wikidata_codes"":""Q1494858|Q16866748|Q2154926""}]"	0	0	[]		out_of_scope	high	formal_author_other_previously_out_of_scope	[]	0	freebase_bhht_author_lookup_v1	lookup_candidate_not_frozen	"[""Benjamin Clark"", ""David Bale"", ""Ingmar Bergman, Jr.""]"
902	Beekeeper	3	beekeeper	author_exact	exact_unique	Other	Worker/Business (small)	"[[""Other"",""Worker/Business (small)""]]"	1	1	"[""beekeeper""]"	[1433]	"[[""Other"",""Worker/Business (small)""]]"	[1433]	Other	Worker/Business (small)	beekeeper	0	0	"[{""level1"":""Other"",""level2"":""Worker/Business (small)"",""level3"":""beekeeper"",""person_count"":58,""example_wikidata_codes"":""Q1040166|Q112152|Q118044""}]"	0	0	[]		out_of_scope	high	formal_author_other_previously_out_of_scope	[]	0	freebase_bhht_author_lookup_v1	lookup_candidate_not_frozen	"[""Burt Shavitz"", ""Daniel David Palmer"", ""Steve Vai""]"
904	Draftsman	3	draftsman	author_exact	exact_unique	Culture	Culture-core	"[[""Culture"",""Culture-core""]]"	1	1	"[""_draftsman_""]"	[317]	"[[""Culture"",""Culture-core""]]"	[317]	Culture	Culture-core	_draftsman_	0	0	"[{""level1"":""Culture"",""level2"":""Culture-core"",""level3"":""draftsman"",""person_count"":6,""example_wikidata_codes"":""Q14957167|Q17026559|Q27460651""}]"	0	0	[]		needs_review	low	author_candidate_previous_needs_review	[]	0	freebase_bhht_author_lookup_v1	lookup_candidate_not_frozen	"[""Camille Pissarro"", ""Ferenc Cakó"", ""Lene Adler Petersen""]"
910	Clockmaker	3	clockmaker	author_exact	exact_unique	Other	Worker/Business (small)	"[[""Other"",""Worker/Business (small)""]]"	1	1	"[""clockmaker""]"	[1560]	"[[""Other"",""Worker/Business (small)""]]"	[1560]	Other	Worker/Business (small)	clockmaker	0	0	"[{""level1"":""Other"",""level2"":""Worker/Business (small)"",""level3"":""clockmaker"",""person_count"":82,""example_wikidata_codes"":""Q103677|Q110309|Q1176255""}]"	0	0	[]		out_of_scope	medium	formal_author_other_previously_out_of_scope	[]	0	freebase_bhht_author_lookup_v1	lookup_candidate_not_frozen	"[""Chauncey Jerome"", ""Eli Terry"", ""Simon Willard (Deceased Person) #1""]"
911	Hematologist	3	hematologist	author_exact	exact_unique	Discovery/Science	Academia	"[[""Discovery/Science"",""Academia""]]"	1	1	"[""hematologist""]"	[777]	"[[""Discovery/Science"",""Academia""]]"	[777]	Discovery/Science	Academia	hematologist	0	0	"[{""level1"":""Discovery/Science"",""level2"":""Academia"",""level3"":""hematologist"",""person_count"":64,""example_wikidata_codes"":""Q111708|Q11774595|Q1457211""}]"	0	0	[]	Discovery/Science	proposed	high	agrees_with_previous_llm	[]	0	freebase_bhht_author_lookup_v1	lookup_candidate_not_frozen	"[""Chen Saijuan"", ""Chen Zhu"", ""Richard Asher""]"
927	Midwife	3	midwife	author_exact	exact_unique	Other	Worker/Business (small)	"[[""Other"",""Worker/Business (small)""]]"	1	1	"[""midwife""]"	[1655]	"[[""Other"",""Worker/Business (small)""]]"	[1655]	Other	Worker/Business (small)	midwife	0	0	"[{""level1"":""Other"",""level2"":""Worker/Business (small)"",""level3"":""midwife"",""person_count"":113,""example_wikidata_codes"":""Q108907|Q121994|Q14240059""}]"	0	0	[]	Discovery/Science	proposed	high	differs_from_previous_llm	"[""previous_llm_l1_disagreement""]"	0	freebase_bhht_author_lookup_v1	lookup_candidate_not_frozen	"[""Dorothy Ella"", ""Joanne Ridley"", ""Sharon Robinson (Educator)""]"
933	Bookmaker	3	bookmaker	author_exact	exact_unique	Other	Worker/Business (small)	"[[""Other"",""Worker/Business (small)""]]"	1	1	"[""bookmaker""]"	[1536]	"[[""Other"",""Worker/Business (small)""]]"	[1536]	Other	Worker/Business (small)	bookmaker	0	0	"[{""level1"":""Other"",""level2"":""Worker/Business (small)"",""level3"":""bookmaker"",""person_count"":29,""example_wikidata_codes"":""Q16106258|Q16106845|Q16735058""}]"	0	0	[]		needs_review	low	author_candidate_previous_needs_review	[]	0	freebase_bhht_author_lookup_v1	lookup_candidate_not_frozen	"[""Edward Butler"", ""George Toogood Smith"", ""Martin Joseph Evans""]"
934	Gambler	3	gambler	author_exact	exact_unique	Other	Other	"[[""Other"",""Other""]]"	1	1	"[""gambler""]"	[1804]	"[[""Other"",""Other""]]"	[1804]	Other	Other	gambler	0	0	"[{""level1"":""Other"",""level2"":""Other"",""level3"":""gambler"",""person_count"":36,""example_wikidata_codes"":""Q11339945|Q15439712|Q16011141""}]"	0	0	[]		out_of_scope	medium	formal_author_other_previously_out_of_scope	[]	0	freebase_bhht_author_lookup_v1	lookup_candidate_not_frozen	"[""Edward O. Thorp"", ""Jake Jacobs (Writer)"", ""Joran van der Sloot""]"
935	Nanny	3	nanny	author_exact	exact_unique	Other	Worker/Business (small)	"[[""Other"",""Worker/Business (small)""]]"	1	1	"[""_nanny_""]"	[1478]	"[[""Other"",""Worker/Business (small)""]]"	[1478]	Other	Worker/Business (small)	_nanny_	0	0	"[{""level1"":""Other"",""level2"":""Worker/Business (small)"",""level3"":""nanny"",""person_count"":14,""example_wikidata_codes"":""Q11532306|Q1325712|Q16835909""}]"	0	0	[]		out_of_scope	high	formal_author_other_previously_out_of_scope	[]	0	freebase_bhht_author_lookup_v1	lookup_candidate_not_frozen	"[""Elin Nordegren"", ""Jami Ferrell"", ""Jo Frost""]"
942	Detective	3	detective	author_exact	exact_unique	Other	Worker/Business (small)	"[[""Other"",""Worker/Business (small)""]]"	1	1	"[""_detective""]"	[1451]	"[[""Other"",""Worker/Business (small)""]]"	[1451]	Other	Worker/Business (small)	_detective	0	0	"[{""level1"":""Other"",""level2"":""Worker/Business (small)"",""level3"":""detective"",""person_count"":41,""example_wikidata_codes"":""Q122818|Q15991575|Q16018908""}]"	0	0	[]	Leadership	proposed	high	differs_from_previous_llm	"[""previous_llm_l1_disagreement""]"	0	freebase_bhht_author_lookup_v1	lookup_candidate_not_frozen	"[""Frank Serpico"", ""Richard Romano"", ""Rudy Diaz (Actor)""]"
944	Calligrapher	3	calligrapher	author_exact	exact_unique	Culture	Culture-periphery	"[[""Culture"",""Culture-periphery""]]"	1	1	"[""calligrapher""]"	[593]	"[[""Culture"",""Culture-periphery""]]"	[593]	Culture	Culture-periphery	calligrapher	0	0	"[{""level1"":""Culture"",""level2"":""Culture-periphery"",""level3"":""calligrapher"",""person_count"":153,""example_wikidata_codes"":""Q1018002|Q1062686|Q10829464""}]"	0	0	[]	Culture	proposed	high	agrees_with_previous_llm	[]	0	freebase_bhht_author_lookup_v1	lookup_candidate_not_frozen	"[""François Cheng"", ""Mohammad-Reza Shajarian"", ""Su Shi""]"
945	Go Player	3	go_player	author_exact	exact_unique	Sports/Games	Sports/Games	"[[""Sports/Games"",""Sports/Games""]]"	1	1	"[""go_player""]"	[114]	"[[""Sports/Games"",""Sports/Games""]]"	[114,189]	Sports/Games	Sports/Games	go_player	0	0	"[{""level1"":""Sports/Games"",""level2"":""Sports/Games"",""level3"":""go_player"",""person_count"":160,""example_wikidata_codes"":""Q1014313|Q1017577|Q1019213""}]"	0	0	[]	Sports/Games	proposed	high	agrees_with_previous_llm	[]	0	freebase_bhht_author_lookup_v1	lookup_candidate_not_frozen	"[""Fumiko Kita"", ""Tomoko Ogawa"", ""Wang Ming-wan""]"
949	Scenic Artist	3	scenic_artist	author_exact	exact_unique	Culture	Culture-core	"[[""Culture"",""Culture-core""]]"	1	1	"[""scenic_artist""]"	[520]	"[[""Culture"",""Culture-core""]]"	[304,520]	Culture	Culture-core	_artist	0	0	[]	0	0	[]	Culture	proposed	medium	agrees_with_previous_llm	[]	0	freebase_bhht_author_lookup_v1	lookup_candidate_not_frozen	"[""George Tarr"", ""Kevin Scott Mack"", ""Paul Fanning""]"
956	Agriculturist	3	agriculturist	author_exact	exact_unique	Other	Worker/Business (small)	"[[""Other"",""Worker/Business (small)""]]"	1	1	"[""agriculturist""]"	[1510]	"[[""Other"",""Worker/Business (small)""]]"	[1510]	Other	Worker/Business (small)	agriculturist	0	0	"[{""level1"":""Other"",""level2"":""Worker/Business (small)"",""level3"":""agriculturist"",""person_count"":13,""example_wikidata_codes"":""Q16065725|Q18672023|Q23199304""}]"	0	0	[]		needs_review	low	author_candidate_previous_needs_review	[]	0	freebase_bhht_author_lookup_v1	lookup_candidate_not_frozen	"[""H. D. Kumaraswamy"", ""Hakim Ali Zardari"", ""S. Balasubramanian""]"
958	Special Effects	3	special_effects	author_exact	exact_unique	Culture	Culture-core	"[[""Culture"",""Culture-core""]]"	1	1	"[""special_effects""]"	[537]	"[[""Culture"",""Culture-core""]]"	[537]	Culture	Culture-core	special_effects	0	0	"[{""level1"":""Culture"",""level2"":""Culture-core"",""level3"":""special_effects"",""person_count"":82,""example_wikidata_codes"":""Q1022442|Q11964847|Q12059144""}]"	0	0	[]		needs_review	low	author_candidate_previous_needs_review	[]	0	freebase_bhht_author_lookup_v1	lookup_candidate_not_frozen	"[""Harry Redmond, Jr."", ""Morgan Holly"", ""Peter Wallach""]"
962	Immunologist	3	immunologist	author_exact	exact_unique	Discovery/Science	Academia	"[[""Discovery/Science"",""Academia""]]"	1	1	"[""immunologist""]"	[792]	"[[""Discovery/Science"",""Academia""]]"	[792]	Discovery/Science	Academia	immunologist	0	0	"[{""level1"":""Discovery/Science"",""level2"":""Academia"",""level3"":""immunologist"",""person_count"":306,""example_wikidata_codes"":""Q103150|Q1037710|Q1065040""}]"	0	0	[]	Discovery/Science	proposed	high	agrees_with_previous_llm	[]	0	freebase_bhht_author_lookup_v1	lookup_candidate_not_frozen	"[""Hermann Wagner (Microbiologist)"", ""John H. Humphrey"", ""Maya Benbarak""]"
965	Dental technician	3	dental_technician	author_exact	exact_unique	Other	Worker/Business (small)	"[[""Other"",""Worker/Business (small)""]]"	1	1	"[""dental_technician""]"	[1577]	"[[""Other"",""Worker/Business (small)""]]"	[1577,1698]	Other	Worker/Business (small)	dental_technician	0	0	"[{""level1"":""Other"",""level2"":""Worker/Business (small)"",""level3"":""dental_technician"",""person_count"":4,""example_wikidata_codes"":""Q19279800|Q2020520|Q27229932""}]"	0	0	[]		needs_review	low	author_candidate_previous_needs_review	[]	0	freebase_bhht_author_lookup_v1	lookup_candidate_not_frozen	"[""Iqbal al-Hilli"", ""Olaf Ittenbach"", ""Winton Dean (Man)""]"
966	Horticulturalist	3	horticulturalist	author_exact	exact_unique	Other	Worker/Business (small)	"[[""Other"",""Worker/Business (small)""]]"	1	1	"[""horticulturalist""]"	[1617]	"[[""Other"",""Worker/Business (small)""]]"	[1617]	Other	Worker/Business (small)	horticulturalist	0	0	"[{""level1"":""Other"",""level2"":""Worker/Business (small)"",""level3"":""horticulturalist"",""person_count"":17,""example_wikidata_codes"":""Q113282|Q16031210|Q16857270""}]"	0	0	[]		needs_review	low	author_candidate_previous_needs_review	[]	0	freebase_bhht_author_lookup_v1	lookup_candidate_not_frozen	"[""Isaac Fresco"", ""Pierre de Beaumarchais"", ""Roger de Vilmorin""]"
969	Hacker	3	hacker	author_exact	exact_unique	Other	Other	"[[""Other"",""Other""]]"	1	1	"[""_hacker_""]"	[1757]	"[[""Other"",""Other""]]"	[1757]	Other	Other	_hacker_	0	0	"[{""level1"":""Other"",""level2"":""Other"",""level3"":""hacker"",""person_count"":57,""example_wikidata_codes"":""Q100244|Q10263989|Q112389""}]"	0	0	[]		out_of_scope	high	formal_author_other_previously_out_of_scope	[]	0	freebase_bhht_author_lookup_v1	lookup_candidate_not_frozen	"[""Jacob Appelbaum"", ""Julian Assange"", ""Virgil Griffith""]"
970	Ethologist	3	ethologist	author_exact	exact_unique	Discovery/Science	Academia	"[[""Discovery/Science"",""Academia""]]"	1	1	"[""ethologist""]"	[752]	"[[""Discovery/Science"",""Academia""]]"	[752]	Discovery/Science	Academia	ethologist	0	0	"[{""level1"":""Discovery/Science"",""level2"":""Academia"",""level3"":""ethologist"",""person_count"":55,""example_wikidata_codes"":""Q1082850|Q1279810|Q1281694""}]"	0	0	[]	Discovery/Science	proposed	medium	agrees_with_previous_llm	[]	0	freebase_bhht_author_lookup_v1	lookup_candidate_not_frozen	"[""Jane Goodall"", ""Marian Dawkins"", ""Richard Dawkins""]"
976	Private investigator	3	private_investigator	author_exact	exact_unique	Other	Worker/Business (small)	"[[""Other"",""Worker/Business (small)""]]"	1	1	"[""private_investigator""]"	[1675]	"[[""Other"",""Worker/Business (small)""]]"	[1467,1675]	Other	Worker/Business (small)	_investigator	0	0	"[{""level1"":""Other"",""level2"":""Worker/Business (small)"",""level3"":""private_investigator"",""person_count"":7,""example_wikidata_codes"":""Q17489556|Q19665766|Q24456717""}]"	0	0	[]		needs_review	low	author_candidate_previous_needs_review	[]	0	freebase_bhht_author_lookup_v1	lookup_candidate_not_frozen	"[""John Walsh"", ""Richard Lee Lambert"", ""Shirley Glass""]"
982	Hatter	3	hatter	author_exact	exact_unique	Other	Worker/Business (small)	"[[""Other"",""Worker/Business (small)""]]"	1	1	"[""_hatter"",""hatter""]"	[1462,1611]	"[[""Other"",""Worker/Business (small)""]]"	[1462,1611]	Other	Worker/Business (small)	_hatter	0	0	"[{""level1"":""Other"",""level2"":""Worker/Business (small)"",""level3"":""hatter"",""person_count"":25,""example_wikidata_codes"":""Q15854729|Q16731791|Q18132151""}]"	0	0	[]		out_of_scope	medium	formal_author_other_previously_out_of_scope	[]	0	freebase_bhht_author_lookup_v1	lookup_candidate_not_frozen	"[""Judy Bentinck"", ""Tatiana Yakovleva du Plessix Liberman"", ""William Laurie""]"
994	Test pilot	3	test_pilot	author_exact	exact_unique	Leadership	Military	"[[""Leadership"",""Military""]]"	1	1	"[""test_pilot""]"	[1426]	"[[""Leadership"",""Military""]]"	[1426]	Leadership	Military	test_pilot	0	0	"[{""level1"":""Leadership"",""level2"":""Military"",""level3"":""test_pilot"",""person_count"":189,""example_wikidata_codes"":""Q1082284|Q11288719|Q1256348""}]"	0	0	[]	Discovery/Science	proposed	medium	differs_from_previous_llm	"[""previous_llm_l1_disagreement""]"	0	freebase_bhht_author_lookup_v1	lookup_candidate_not_frozen	"[""Michael Collins"", ""Neil Armstrong"", ""W. Paul Thayer""]"
995	Ophthalmologist	3	ophthalmologist	author_exact	exact_unique	Discovery/Science	Academia	"[[""Discovery/Science"",""Academia""]]"	1	1	"[""ophthalmologist""]"	[834]	"[[""Discovery/Science"",""Academia""]]"	[834]	Discovery/Science	Academia	ophthalmologist	0	0	"[{""level1"":""Discovery/Science"",""level2"":""Academia"",""level3"":""ophthalmologist"",""person_count"":558,""example_wikidata_codes"":""Q100745|Q1025306|Q1040563""}]"	0	0	[]	Discovery/Science	proposed	high	agrees_with_previous_llm	[]	0	freebase_bhht_author_lookup_v1	lookup_candidate_not_frozen	"[""Nathan Roth"", ""Ona Jablonskytė-Landsbergienė"", ""Zarifa Aliyeva""]"
999	Mufti	2	mufti	author_exact	exact_unique	Leadership	Religious	"[[""Leadership"",""Religious""]]"	1	1	"[""mufti""]"	[1334]	"[[""Leadership"",""Religious""]]"	[1334]	Leadership	Religious	mufti	0	0	"[{""level1"":""Leadership"",""level2"":""Religious"",""level3"":""mufti"",""person_count"":75,""example_wikidata_codes"":""Q1053285|Q10978480|Q12189297""}]"	0	0	[]	Leadership	proposed	high	agrees_with_previous_llm	[]	0	freebase_bhht_author_lookup_v1	lookup_candidate_not_frozen	"[""Abd al-Aziz ibn Baz"", ""Abdul-Aziz ibn Abdullah Al ash-Sheikh""]"
1001	Rector	2	rector	author_exact	exact_unique	Discovery/Science	Academia	"[[""Discovery/Science"",""Academia""]]"	1	1	"[""_rector_""]"	[669]	"[[""Discovery/Science"",""Academia""]]"	[669]	Discovery/Science	Academia	_rector_	0	0	"[{""level1"":""Discovery/Science"",""level2"":""Academia"",""level3"":""rector"",""person_count"":152,""example_wikidata_codes"":""Q10389324|Q11684992|Q11978874""}]"	0	0	[]		needs_review	low	author_candidate_previous_needs_review	[]	0	freebase_bhht_author_lookup_v1	lookup_candidate_not_frozen	"[""Adolfas Jucys"", ""Lawrence Washington""]"
1037	Magnate	2	magnate	author_exact	exact_unique	Leadership	Corporate/Executive/Business (large)	"[[""Leadership"",""Corporate/Executive/Business (large)""]]"	1	1	"[""_magnate_""]"	[1212]	"[[""Leadership"",""Corporate/Executive/Business (large)""]]"	[1212]	Leadership	Corporate/Executive/Business (large)	_magnate_	0	0	"[{""level1"":""Leadership"",""level2"":""Corporate/Executive/Business (large)"",""level3"":""magnate"",""person_count"":124,""example_wikidata_codes"":""Q1141740|Q11802201|Q12752154""}]"	0	0	[]	Leadership	proposed	high	agrees_with_previous_llm	[]	0	freebase_bhht_author_lookup_v1	lookup_candidate_not_frozen	"[""Barron Hilton"", ""William Wrigley, Jr.""]"
1038	Climatologist	2	climatologist	author_exact	exact_unique	Discovery/Science	Academia	"[[""Discovery/Science"",""Academia""]]"	1	1	"[""climatologist""]"	[717]	"[[""Discovery/Science"",""Academia""]]"	[717]	Discovery/Science	Academia	climatologist	0	0	"[{""level1"":""Discovery/Science"",""level2"":""Academia"",""level3"":""climatologist"",""person_count"":101,""example_wikidata_codes"":""Q1038902|Q1147667|Q11683157""}]"	0	0	[]	Discovery/Science	proposed	high	agrees_with_previous_llm	[]	0	freebase_bhht_author_lookup_v1	lookup_candidate_not_frozen	"[""Barry Bishop"", ""Leslie Holdridge""]"
1039	Mountain guide	2	mountain_guide	author_exact	exact_unique	Sports/Games	Sports/Games	"[[""Sports/Games"",""Sports/Games""]]"	1	1	"[""mountain_guide""]"	[169]	"[[""Other"",""Worker/Business (small)""],[""Sports/Games"",""Sports/Games""]]"	[169,1461]	Sports/Games	Sports/Games	mountain_guide	0	0	"[{""level1"":""Sports/Games"",""level2"":""Sports/Games"",""level3"":""mountain_guide"",""person_count"":148,""example_wikidata_codes"":""Q1086388|Q110069|Q116320""}]"	0	0	[]		out_of_scope	medium	author_candidate_previous_out_of_scope	[]	0	freebase_bhht_author_lookup_v1	lookup_candidate_not_frozen	"[""Barry Bishop"", ""Robert Jasper""]"
1044	Consul	2	consul	author_exact	exact_unique	Leadership	Politics	"[[""Leadership"",""Politics""]]"	1	1	"[""consul_""]"	[958]	"[[""Leadership"",""Politics""]]"	[958]	Leadership	Politics	consul_	0	0	"[{""level1"":""Leadership"",""level2"":""Politics"",""level3"":""consul"",""person_count"":119,""example_wikidata_codes"":""Q1001947|Q10382186|Q1079324""}]"	0	0	[]	Leadership	proposed	high	agrees_with_previous_llm	[]	0	freebase_bhht_author_lookup_v1	lookup_candidate_not_frozen	"[""Benedict Hayum Salomon Goldschmidt"", ""José Maria de Eça de Queirós""]"
1049	Podcaster	2	podcaster	author_exact	exact_unique	Culture	Culture-core	"[[""Culture"",""Culture-core""]]"	1	1	"[""podcaster""]"	[500]	"[[""Culture"",""Culture-core""]]"	[500]	Culture	Culture-core	podcaster	0	0	"[{""level1"":""Culture"",""level2"":""Culture-core"",""level3"":""podcaster"",""person_count"":94,""example_wikidata_codes"":""Q102053|Q11882399|Q14197786""}]"	0	0	[]	Culture	proposed	high	agrees_with_previous_llm	[]	0	freebase_bhht_author_lookup_v1	lookup_candidate_not_frozen	"[""Bill Simmons"", ""Larry Miller""]"
1051	Boilermaker	2	boilermaker	author_exact	exact_unique	Other	Worker/Business (small)	"[[""Other"",""Worker/Business (small)""]]"	1	1	"[""boilermaker""]"	[1532]	"[[""Other"",""Worker/Business (small)""]]"	[1532]	Other	Worker/Business (small)	boilermaker	0	0	"[{""level1"":""Other"",""level2"":""Worker/Business (small)"",""level3"":""boilermaker"",""person_count"":4,""example_wikidata_codes"":""Q15781295|Q27865885|Q3163940""}]"	0	0	[]		out_of_scope	medium	formal_author_other_previously_out_of_scope	[]	0	freebase_bhht_author_lookup_v1	lookup_candidate_not_frozen	"[""Billy Connolly"", ""Francesc Gaudí i Serra""]"
1055	Regent	2	regent	author_exact	exact_unique	Leadership	Nobility	"[[""Leadership"",""Nobility""]]"	1	1	"[""regent""]"	[1162]	"[[""Leadership"",""Nobility""]]"	[1162]	Leadership	Nobility	regent	0	0	"[{""level1"":""Leadership"",""level2"":""Nobility"",""level3"":""regent"",""person_count"":426,""example_wikidata_codes"":""Q1028811|Q1038456|Q1055224""}]"	0	0	[]	Leadership	proposed	high	agrees_with_previous_llm	[]	0	freebase_bhht_author_lookup_v1	lookup_candidate_not_frozen	"[""Béla II of Hungary"", ""Pieter de Graeff""]"
1058	Carpenter	2	carpenter	author_exact	exact_unique	Other	Worker/Business (small)	"[[""Other"",""Worker/Business (small)""]]"	1	1	"[""carpenter""]"	[1550]	"[[""Other"",""Worker/Business (small)""]]"	[1550]	Other	Worker/Business (small)	carpenter	0	0	"[{""level1"":""Other"",""level2"":""Worker/Business (small)"",""level3"":""carpenter"",""person_count"":155,""example_wikidata_codes"":""Q1038086|Q115384|Q11627944""}]"	0	0	[]		out_of_scope	high	formal_author_other_previously_out_of_scope	[]	0	freebase_bhht_author_lookup_v1	lookup_candidate_not_frozen	"[""Carl Chambers Sr."", ""Nick Offerman""]"
1059	Dermatologist	2	dermatologist	author_exact	exact_unique	Discovery/Science	Academia	"[[""Discovery/Science"",""Academia""]]"	1	1	"[""dermatologist""]"	[730]	"[[""Discovery/Science"",""Academia""]]"	[730]	Discovery/Science	Academia	dermatologist	0	0	"[{""level1"":""Discovery/Science"",""level2"":""Academia"",""level3"":""dermatologist"",""person_count"":251,""example_wikidata_codes"":""Q103631|Q1037173|Q1037977""}]"	0	0	[]	Discovery/Science	proposed	high	agrees_with_previous_llm	[]	0	freebase_bhht_author_lookup_v1	lookup_candidate_not_frozen	"[""Carl Cronquist"", ""Han Su-min (Woman)""]"
1061	Handyman	2	handyman	author_exact	exact_unique	Other	Worker/Business (small)	"[[""Other"",""Worker/Business (small)""]]"	1	1	"[""handyman""]"	[1608]	"[[""Other"",""Worker/Business (small)""]]"	[1608]	Other	Worker/Business (small)	handyman	0	0	"[{""level1"":""Other"",""level2"":""Worker/Business (small)"",""level3"":""handyman"",""person_count"":3,""example_wikidata_codes"":""Q16733753|Q16850999|Q5728431""}]"	0	0	[]		out_of_scope	high	formal_author_other_previously_out_of_scope	[]	0	freebase_bhht_author_lookup_v1	lookup_candidate_not_frozen	"[""Carlton Myron Brainerd"", ""Steve Kinnaman""]"
1062	Bookbinder	2	bookbinder	author_exact	exact_unique	Other	Worker/Business (small)	"[[""Other"",""Worker/Business (small)""]]"	1	1	"[""bookbinder""]"	[1534]	"[[""Other"",""Worker/Business (small)""]]"	[1534]	Other	Worker/Business (small)	bookbinder	0	0	"[{""level1"":""Other"",""level2"":""Worker/Business (small)"",""level3"":""bookbinder"",""person_count"":99,""example_wikidata_codes"":""Q10555363|Q10856490|Q108948""}]"	0	0	[]		needs_review	low	author_candidate_previous_needs_review	[]	0	freebase_bhht_author_lookup_v1	lookup_candidate_not_frozen	"[""Carolee Campbell"", ""Douglas Cockerell""]"
1065	Spymaster	2	spymaster	author_exact	exact_unique	Leadership	Military	"[[""Leadership"",""Military""]]"	1	1	"[""spymaster""]"	[1425]	"[[""Leadership"",""Military""]]"	[1425]	Leadership	Military	spymaster	0	0	"[{""level1"":""Leadership"",""level2"":""Military"",""level3"":""spymaster"",""person_count"":7,""example_wikidata_codes"":""Q1557536|Q5055933|Q5234907""}]"	0	0	[]	Leadership	proposed	high	agrees_with_previous_llm	[]	0	freebase_bhht_author_lookup_v1	lookup_candidate_not_frozen	"[""Cecil Aylmer Cameron"", ""Francis Walsingham""]"
1079	Bushranger	2	bushranger	author_exact	exact_unique	Other	Other	"[[""Other"",""Other""]]"	1	1	"[""bushranger_""]"	[1780]	"[[""Other"",""Other""]]"	[1780]	Other	Other	bushranger_	0	0	"[{""level1"":""Other"",""level2"":""Other"",""level3"":""bushranger"",""person_count"":23,""example_wikidata_codes"":""Q12858646|Q12858648|Q12858650""}]"	0	0	[]		out_of_scope	high	formal_author_other_previously_out_of_scope	[]	0	freebase_bhht_author_lookup_v1	lookup_candidate_not_frozen	"[""Dan Kelly (Bushranger)"", ""Ned Kelly""]"
1090	Contortionist	2	contortionist	author_exact	exact_unique	Culture	Culture-core	"[[""Culture"",""Culture-core""]]"	1	1	"[""contortionist""]"	[402]	"[[""Culture"",""Culture-core""]]"	[402]	Culture	Culture-core	contortionist	0	0	"[{""level1"":""Culture"",""level2"":""Culture-core"",""level3"":""contortionist"",""person_count"":5,""example_wikidata_codes"":""Q16226548|Q23887613|Q4721315""}]"	0	0	[]	Culture	proposed	medium	agrees_with_previous_llm	[]	0	freebase_bhht_author_lookup_v1	lookup_candidate_not_frozen	"[""Dixie Ross"", ""Ignatius Jones""]"
1094	Fireman	2	fireman	author_exact	exact_unique	Other	Worker/Business (small)	"[[""Other"",""Worker/Business (small)""]]"	1	1	"[""fireman_""]"	[1592]	"[[""Other"",""Worker/Business (small)""]]"	[1592]	Other	Worker/Business (small)	fireman_	0	0	"[{""level1"":""Other"",""level2"":""Worker/Business (small)"",""level3"":""fireman"",""person_count"":10,""example_wikidata_codes"":""Q15995963|Q22935783|Q5234737""}]"	0	0	[]		needs_review	low	author_candidate_previous_needs_review	[]	0	freebase_bhht_author_lookup_v1	lookup_candidate_not_frozen	"[""Dorsey Wiles Huckabee"", ""Roy Emerton""]"
1097	Prelate	2	prelate	author_exact	exact_unique	Leadership	Religious	"[[""Leadership"",""Religious""]]"	1	1	"[""prelate""]"	[1344]	"[[""Leadership"",""Religious""]]"	[1344]	Leadership	Religious	prelate	0	0	"[{""level1"":""Leadership"",""level2"":""Religious"",""level3"":""prelate"",""person_count"":3901,""example_wikidata_codes"":""Q101454|Q102403|Q10277635""}]"	0	0	[]	Leadership	proposed	high	agrees_with_previous_llm	[]	0	freebase_bhht_author_lookup_v1	lookup_candidate_not_frozen	"[""Dudley Cary-Elwes"", ""Robert Leighton""]"
1101	Kapellmeister	2	kapellmeister	author_exact	exact_unique	Leadership	Religious	"[[""Leadership"",""Religious""]]"	1	1	"[""kapellmeister""]"	[1323]	"[[""Leadership"",""Religious""]]"	[1323]	Leadership	Religious	kapellmeister	0	0	"[{""level1"":""Leadership"",""level2"":""Religious"",""level3"":""kapellmeister"",""person_count"":48,""example_wikidata_codes"":""Q11934934|Q1304665|Q1306512""}]"	0	0	[]		needs_review	low	author_candidate_previous_needs_review	[]	0	freebase_bhht_author_lookup_v1	lookup_candidate_not_frozen	"[""Egon Kjerrman"", ""Monica Dominique""]"
1106	Zookeeper	2	zookeeper	author_exact	exact_unique	Other	Worker/Business (small)	"[[""Other"",""Worker/Business (small)""]]"	1	1	"[""zookeeper""]"	[1718]	"[[""Other"",""Worker/Business (small)""]]"	[1718]	Other	Worker/Business (small)	zookeeper	0	0	"[{""level1"":""Other"",""level2"":""Worker/Business (small)"",""level3"":""zookeeper"",""person_count"":22,""example_wikidata_codes"":""Q1291970|Q1555825|Q1577147""}]"	0	0	[]		out_of_scope	high	formal_author_other_previously_out_of_scope	[]	0	freebase_bhht_author_lookup_v1	lookup_candidate_not_frozen	"[""Erwin Strittmatter"", ""Gerald Durrell""]"
1111	Bibliographer	2	bibliographer	author_exact	exact_unique	Culture	Culture-core	"[[""Culture"",""Culture-core""]]"	1	1	"[""bibliographer""]"	[365]	"[[""Culture"",""Culture-core""]]"	[365]	Culture	Culture-core	bibliographer	0	0	"[{""level1"":""Culture"",""level2"":""Culture-core"",""level3"":""bibliographer"",""person_count"":152,""example_wikidata_codes"":""Q10310867|Q1058991|Q1082317""}]"	0	0	[]		needs_review	low	author_candidate_previous_needs_review	[]	0	freebase_bhht_author_lookup_v1	lookup_candidate_not_frozen	"[""Ferdinand Columbus"", ""Nathan Zalmanovich Strugatsky""]"
1113	Friar	2	friar	author_exact	exact_unique	Leadership	Religious	"[[""Leadership"",""Religious""]]"	1	1	"[""_friar_""]"	[1256]	"[[""Leadership"",""Religious""]]"	[1256]	Leadership	Religious	_friar_	0	0	"[{""level1"":""Leadership"",""level2"":""Religious"",""level3"":""friar"",""person_count"":192,""example_wikidata_codes"":""Q1019464|Q10279133|Q10284772""}]"	0	0	[]	Leadership	proposed	high	agrees_with_previous_llm	[]	0	freebase_bhht_author_lookup_v1	lookup_candidate_not_frozen	"[""Filippino Lippi"", ""Francis of Assisi""]"
1117	Airman	2	airman	author_exact	exact_unique	Leadership	Military	"[[""Leadership"",""Military""]]"	1	1	"[""_airman""]"	[1372]	"[[""Leadership"",""Military""]]"	[1372]	Leadership	Military	_airman	0	0	"[{""level1"":""Leadership"",""level2"":""Military"",""level3"":""airman"",""person_count"":112,""example_wikidata_codes"":""Q10298705|Q11140018|Q1227071""}]"	0	0	[]	Leadership	proposed	medium	agrees_with_previous_llm	[]	0	freebase_bhht_author_lookup_v1	lookup_candidate_not_frozen	"[""Frank Kurtz"", ""Nigel Tangye""]"
1121	Archeologist	2	archeologist	author_exact	exact_unique	Discovery/Science	Academia	"[[""Discovery/Science"",""Academia""]]"	1	1	"[""archeologist""]"	[693]	"[[""Discovery/Science"",""Academia""]]"	[693]	Discovery/Science	Academia	archeologist	0	0	"[{""level1"":""Discovery/Science"",""level2"":""Academia"",""level3"":""archeologist"",""person_count"":7,""example_wikidata_codes"":""Q13092891|Q1786546|Q3131432""}]"	0	0	[]	Discovery/Science	proposed	high	agrees_with_previous_llm	[]	0	freebase_bhht_author_lookup_v1	lookup_candidate_not_frozen	"[""Friedrich von Thiersch"", ""William Henry Goodyear""]"
1122	Telegraphist	2	telegraphist	author_exact	exact_unique	Other	Worker/Business (small)	"[[""Other"",""Worker/Business (small)""]]"	1	1	"[""telegraphist""]"	[1699]	"[[""Other"",""Worker/Business (small)""]]"	[1699]	Other	Worker/Business (small)	telegraphist	0	0	"[{""level1"":""Other"",""level2"":""Worker/Business (small)"",""level3"":""telegraphist"",""person_count"":8,""example_wikidata_codes"":""Q122748|Q3032849|Q3083440""}]"	0	0	[]		out_of_scope	high	formal_author_other_previously_out_of_scope	[]	0	freebase_bhht_author_lookup_v1	lookup_candidate_not_frozen	"[""Gene Autry"", ""Pierre Clémenti""]"
1133	Janitor	2	janitor	author_exact	exact_unique	Other	Worker/Business (small)	"[[""Other"",""Worker/Business (small)""]]"	1	1	"[""janitor""]"	[1630]	"[[""Other"",""Worker/Business (small)""]]"	[1630]	Other	Worker/Business (small)	janitor	0	0	"[{""level1"":""Other"",""level2"":""Worker/Business (small)"",""level3"":""janitor"",""person_count"":5,""example_wikidata_codes"":""Q16078976|Q4933038|Q5004461""}]"	0	0	[]		out_of_scope	high	formal_author_other_previously_out_of_scope	[]	0	freebase_bhht_author_lookup_v1	lookup_candidate_not_frozen	"[""Harold Higgins"", ""Samuel Leventhal (Deceased Person)""]"
1136	Florist	2	florist	author_exact	exact_unique	Other	Worker/Business (small)	"[[""Other"",""Worker/Business (small)""]]"	1	1	"[""_florist""]"	[1458]	"[[""Other"",""Worker/Business (small)""]]"	[1458]	Other	Worker/Business (small)	_florist	0	0	"[{""level1"":""Other"",""level2"":""Worker/Business (small)"",""level3"":""florist"",""person_count"":12,""example_wikidata_codes"":""Q19335490|Q19668668|Q219946""}]"	0	0	[]		out_of_scope	high	formal_author_other_previously_out_of_scope	[]	0	freebase_bhht_author_lookup_v1	lookup_candidate_not_frozen	"[""Harry Joe Letterman"", ""Tisha Sterling""]"
1147	Pilot officer	2	pilot_officer	author_exact	exact_unique	Leadership	Military	"[[""Leadership"",""Military""]]"	1	1	"[""pilot_officer""]"	[1415]	"[[""Leadership"",""Military""]]"	[1412,1415]	Leadership	Military	officer_	0	0	"[{""level1"":""Leadership"",""level2"":""Military"",""level3"":""pilot_officer"",""person_count"":11,""example_wikidata_codes"":""Q1077574|Q18343572|Q18530999""}]"	0	0	[]	Leadership	proposed	medium	agrees_with_previous_llm	[]	0	freebase_bhht_author_lookup_v1	lookup_candidate_not_frozen	"[""Hughie Green"", ""Simon Barrington-Ward""]"
1149	Highwayman	2	highwayman	author_exact	exact_unique	Other	Worker/Business (small)	"[[""Other"",""Worker/Business (small)""]]"	1	1	"[""highwayman""]"	[1613]	"[[""Other"",""Worker/Business (small)""]]"	[1613]	Other	Worker/Business (small)	highwayman	0	0	"[{""level1"":""Other"",""level2"":""Worker/Business (small)"",""level3"":""highwayman"",""person_count"":14,""example_wikidata_codes"":""Q16198644|Q18161114|Q18527104""}]"	0	0	[]		out_of_scope	high	formal_author_other_previously_out_of_scope	[]	0	freebase_bhht_author_lookup_v1	lookup_candidate_not_frozen	"[""Impenitent thief"", ""Penitent thief""]"
1152	Optician	2	optician	author_exact	exact_unique	Other	Worker/Business (small)	"[[""Other"",""Worker/Business (small)""]]"	1	1	"[""_optician""]"	[1479]	"[[""Other"",""Worker/Business (small)""]]"	[1479]	Other	Worker/Business (small)	_optician	0	0	"[{""level1"":""Other"",""level2"":""Worker/Business (small)"",""level3"":""optician"",""person_count"":62,""example_wikidata_codes"":""Q105240|Q11291078|Q1293089""}]"	0	0	[]		needs_review	low	author_candidate_previous_needs_review	[]	0	freebase_bhht_author_lookup_v1	lookup_candidate_not_frozen	"[""Jacob Metius"", ""Robin Scott Cicconi""]"
1153	Castellan	2	castellan	author_exact	exact_unique	Leadership	Nobility	"[[""Leadership"",""Nobility""]]"	1	1	"[""castellan""]"	[1128]	"[[""Leadership"",""Nobility""]]"	[1128]	Leadership	Nobility	castellan	0	0	"[{""level1"":""Leadership"",""level2"":""Nobility"",""level3"":""castellan"",""person_count"":8,""example_wikidata_codes"":""Q1376667|Q22256071|Q22256392""}]"	0	0	[]		needs_review	low	author_candidate_previous_needs_review	[]	0	freebase_bhht_author_lookup_v1	lookup_candidate_not_frozen	"[""Jan Boży Krasicki"", ""Karol Aleksander Krasicki""]"
1156	Colonel	2	colonel	author_exact	exact_unique	Leadership	Military	"[[""Leadership"",""Military""]]"	1	1	"[""colonel""]"	[1380]	"[[""Leadership"",""Military""]]"	[1380]	Leadership	Military	colonel	0	0	"[{""level1"":""Leadership"",""level2"":""Military"",""level3"":""colonel"",""person_count"":424,""example_wikidata_codes"":""Q101050|Q10800398|Q10829617""}]"	0	0	[]	Leadership	proposed	high	agrees_with_previous_llm	[]	0	freebase_bhht_author_lookup_v1	lookup_candidate_not_frozen	"[""Jean-Marie Ardant"", ""Prince Philip, Duke of Edinburgh""]"
1158	Storekeeper	2	storekeeper	author_exact	exact_unique	Other	Worker/Business (small)	"[[""Other"",""Worker/Business (small)""]]"	1	1	"[""storekeeper""]"	[1693]	"[[""Other"",""Worker/Business (small)""]]"	[1693]	Other	Worker/Business (small)	storekeeper	0	0	"[{""level1"":""Other"",""level2"":""Worker/Business (small)"",""level3"":""storekeeper"",""person_count"":12,""example_wikidata_codes"":""Q16030918|Q16043448|Q16065644""}]"	0	0	[]		out_of_scope	high	formal_author_other_previously_out_of_scope	[]	0	freebase_bhht_author_lookup_v1	lookup_candidate_not_frozen	"[""Jesse Ventura"", ""Melvin \""Ted\"" Webb""]"
1159	Broker	2	broker	author_exact	exact_unique	Other	Worker/Business (small)	"[[""Other"",""Worker/Business (small)""]]"	1	1	"[""broker""]"	[1543]	"[[""Other"",""Worker/Business (small)""]]"	[1543]	Other	Worker/Business (small)	broker	0	0	"[{""level1"":""Other"",""level2"":""Worker/Business (small)"",""level3"":""broker"",""person_count"":66,""example_wikidata_codes"":""Q1085137|Q125920|Q1329025""}]"	0	0	[]		needs_review	low	author_candidate_previous_needs_review	[]	0	freebase_bhht_author_lookup_v1	lookup_candidate_not_frozen	"[""Jim Bunning"", ""Michael Pattemore""]"
1160	Bioinformatician	2	bioinformatician	author_exact	exact_unique	Discovery/Science	Academia	"[[""Discovery/Science"",""Academia""]]"	1	1	"[""bioinformatician""]"	[704]	"[[""Discovery/Science"",""Academia""]]"	[704]	Discovery/Science	Academia	bioinformatician	0	0	"[{""level1"":""Discovery/Science"",""level2"":""Academia"",""level3"":""bioinformatician"",""person_count"":100,""example_wikidata_codes"":""Q10937|Q11588|Q11604""}]"	0	0	[]	Discovery/Science	proposed	high	agrees_with_previous_llm	[]	0	freebase_bhht_author_lookup_v1	lookup_candidate_not_frozen	"[""Jim Kent"", ""Stephen Altschul""]"
1171	Admiral	2	admiral	author_exact	exact_unique	Leadership	Military	"[[""Leadership"",""Military""]]"	1	1	"[""admiral""]"	[1368]	"[[""Leadership"",""Military""]]"	[1368]	Leadership	Military	admiral	0	0	"[{""level1"":""Leadership"",""level2"":""Military"",""level3"":""admiral"",""person_count"":648,""example_wikidata_codes"":""Q102314|Q10294702|Q1030879""}]"	0	0	[]	Leadership	proposed	medium	agrees_with_previous_llm	[]	0	freebase_bhht_author_lookup_v1	lookup_candidate_not_frozen	"[""John S. McCain Sr."", ""Vladimir I. Butakov""]"
1177	Paratrooper	2	paratrooper	author_exact	exact_unique	Leadership	Military	"[[""Leadership"",""Military""]]"	1	1	"[""paratrooper""]"	[1413]	"[[""Leadership"",""Military""]]"	[1413]	Leadership	Military	paratrooper	0	0	"[{""level1"":""Leadership"",""level2"":""Military"",""level3"":""paratrooper"",""person_count"":65,""example_wikidata_codes"":""Q101891|Q116589|Q121466""}]"	0	0	[]	Leadership	proposed	medium	agrees_with_previous_llm	[]	0	freebase_bhht_author_lookup_v1	lookup_candidate_not_frozen	"[""Juarez Roberts"", ""Rudy Diaz (Actor)""]"
1180	Lecturer	2	lecturer	author_exact	exact_unique	Discovery/Science	Academia	"[[""Discovery/Science"",""Academia""]]"	1	1	"[""lecturer""]"	[801]	"[[""Discovery/Science"",""Academia""]]"	[801]	Discovery/Science	Academia	lecturer	0	0	"[{""level1"":""Discovery/Science"",""level2"":""Academia"",""level3"":""lecturer"",""person_count"":320,""example_wikidata_codes"":""Q1030829|Q1086721|Q1111486""}]"	0	0	[]	Discovery/Science	proposed	medium	agrees_with_previous_llm	[]	0	freebase_bhht_author_lookup_v1	lookup_candidate_not_frozen	"[""Kadi Sesay"", ""Vicky Darling""]"
1184	Silversmith	2	silversmith	author_exact	exact_unique	Culture	Culture-core	"[[""Culture"",""Culture-core""]]"	1	1	"[""silversmith""]"	[528]	"[[""Culture"",""Culture-core""]]"	[528]	Culture	Culture-core	silversmith	0	0	"[{""level1"":""Culture"",""level2"":""Culture-core"",""level3"":""silversmith"",""person_count"":161,""example_wikidata_codes"":""Q12053067|Q12981883|Q13560677""}]"	0	0	[]		out_of_scope	high	author_candidate_previous_out_of_scope	[]	0	freebase_bhht_author_lookup_v1	lookup_candidate_not_frozen	"[""Kustaa Sakarinpoika Palmu"", ""Mary R. Koch (Businessperson)""]"
1196	Mercenary	2	mercenary	author_exact	exact_unique	Leadership	Military	"[[""Leadership"",""Military""]]"	1	1	"[""mercenary""]"	[1406]	"[[""Leadership"",""Military""]]"	[1406]	Leadership	Military	mercenary	0	0	"[{""level1"":""Leadership"",""level2"":""Military"",""level3"":""mercenary"",""person_count"":103,""example_wikidata_codes"":""Q10285579|Q10307842|Q1063172""}]"	0	0	[]	Leadership	proposed	high	agrees_with_previous_llm	[]	0	freebase_bhht_author_lookup_v1	lookup_candidate_not_frozen	"[""Miguel Treviño Morales"", ""Omar Treviño Morales""]"
1205	Shipwright	2	shipwright	author_exact	exact_unique	Other	Worker/Business (small)	"[[""Other"",""Worker/Business (small)""]]"	1	1	"[""shipwright""]"	[1688]	"[[""Other"",""Worker/Business (small)""]]"	[1688]	Other	Worker/Business (small)	shipwright	0	0	"[{""level1"":""Other"",""level2"":""Worker/Business (small)"",""level3"":""shipwright"",""person_count"":9,""example_wikidata_codes"":""Q19667889|Q246135|Q3376095""}]"	0	0	[]		out_of_scope	high	formal_author_other_previously_out_of_scope	[]	0	freebase_bhht_author_lookup_v1	lookup_candidate_not_frozen	"[""Peter Pett"", ""Phineas Pett""]"
1206	Germanist	2	germanist	author_exact	exact_unique	Discovery/Science	Academia	"[[""Discovery/Science"",""Academia""]]"	1	1	"[""germanist""]"	[768]	"[[""Discovery/Science"",""Academia""]]"	[768]	Discovery/Science	Academia	germanist	0	0	"[{""level1"":""Discovery/Science"",""level2"":""Academia"",""level3"":""germanist"",""person_count"":488,""example_wikidata_codes"":""Q100999|Q1015032|Q1017126""}]"	0	0	[]	Discovery/Science	proposed	high	agrees_with_previous_llm	[]	0	freebase_bhht_author_lookup_v1	lookup_candidate_not_frozen	"[""Philipp Wackernagel"", ""Wilhelm Wackernagel""]"
1209	Bassoonist	2	bassoonist	author_exact	exact_unique	Culture	Culture-core	"[[""Culture"",""Culture-core""]]"	1	1	"[""bassoonist""]"	[362]	"[[""Culture"",""Culture-core""]]"	[362]	Culture	Culture-core	bassoonist	0	0	"[{""level1"":""Culture"",""level2"":""Culture-core"",""level3"":""bassoonist"",""person_count"":55,""example_wikidata_codes"":""Q15487037|Q1576201|Q15840109""}]"	0	0	[]	Culture	proposed	high	agrees_with_previous_llm	[]	0	freebase_bhht_author_lookup_v1	lookup_candidate_not_frozen	"[""Pierre Mercure"", ""Sylvia Deutscher""]"
1210	Lepidopterist	2	lepidopterist	author_exact	exact_unique	Discovery/Science	Academia	"[[""Discovery/Science"",""Academia""]]"	1	1	"[""lepidopterist""]"	[802]	"[[""Discovery/Science"",""Academia""]]"	[802]	Discovery/Science	Academia	lepidopterist	0	0	"[{""level1"":""Discovery/Science"",""level2"":""Academia"",""level3"":""lepidopterist"",""person_count"":227,""example_wikidata_codes"":""Q103843|Q104241|Q104248""}]"	0	0	[]	Discovery/Science	proposed	medium	agrees_with_previous_llm	[]	0	freebase_bhht_author_lookup_v1	lookup_candidate_not_frozen	"[""Princess Olga, Duchess of Apulia"", ""Vladimir Vladimirovich Nabokov""]"
1213	Councillor	2	councillor	author_exact	exact_unique	Leadership	Politics	"[[""Leadership"",""Politics""]]"	1	1	"[""councillor""]"	[960]	"[[""Leadership"",""Politics""]]"	[960]	Leadership	Politics	councillor	0	0	"[{""level1"":""Leadership"",""level2"":""Politics"",""level3"":""councillor"",""person_count"":79,""example_wikidata_codes"":""Q1034102|Q1070088|Q1079656""}]"	0	0	[]	Leadership	proposed	medium	agrees_with_previous_llm	[]	0	freebase_bhht_author_lookup_v1	lookup_candidate_not_frozen	"[""Richard Waldron"", ""Wilhelm Vischer (Organisation member)""]"
1214	Urologist	2	urologist	author_exact	exact_unique	Discovery/Science	Academia	"[[""Discovery/Science"",""Academia""]]"	1	1	"[""urologist""]"	[921]	"[[""Discovery/Science"",""Academia""]]"	[921]	Discovery/Science	Academia	urologist	0	0	"[{""level1"":""Discovery/Science"",""level2"":""Academia"",""level3"":""urologist"",""person_count"":111,""example_wikidata_codes"":""Q107723|Q1079012|Q11667291""}]"	0	0	[]	Discovery/Science	proposed	high	agrees_with_previous_llm	[]	0	freebase_bhht_author_lookup_v1	lookup_candidate_not_frozen	"[""Robert Hepburn"", ""Thomas Hepburn (Physician)""]"
1216	Demographer	2	demographer	author_exact	exact_unique	Discovery/Science	Academia	"[[""Discovery/Science"",""Academia""]]"	1	1	"[""demographer""]"	[728]	"[[""Discovery/Science"",""Academia""]]"	[728]	Discovery/Science	Academia	demographer	0	0	"[{""level1"":""Discovery/Science"",""level2"":""Academia"",""level3"":""demographer"",""person_count"":43,""example_wikidata_codes"":""Q15440593|Q16089977|Q16145734""}]"	0	0	[]	Discovery/Science	proposed	medium	agrees_with_previous_llm	[]	0	freebase_bhht_author_lookup_v1	lookup_candidate_not_frozen	"[""Robert René Kuczynski"", ""Thomas Robert Malthus""]"
1221	Draper	2	draper	author_exact	exact_unique	Other	Worker/Business (small)	"[[""Other"",""Worker/Business (small)""]]"	1	1	"[""_draper_""]"	[1454]	"[[""Other"",""Worker/Business (small)""]]"	[1454]	Other	Worker/Business (small)	_draper_	0	0	"[{""level1"":""Other"",""level2"":""Worker/Business (small)"",""level3"":""draper"",""person_count"":15,""example_wikidata_codes"":""Q16228828|Q20712943|Q3170274""}]"	0	0	[]		out_of_scope	high	formal_author_other_previously_out_of_scope	[]	0	freebase_bhht_author_lookup_v1	lookup_candidate_not_frozen	"[""Rudolf Bischoff-Merian"", ""g/1203n4834""]"
1222	Homeopath	2	homeopath	author_exact	exact_unique	Discovery/Science	Academia	"[[""Discovery/Science"",""Academia""]]"	1	1	"[""homeopath""]"	[786]	"[[""Discovery/Science"",""Academia""]]"	[786]	Discovery/Science	Academia	homeopath	0	0	"[{""level1"":""Discovery/Science"",""level2"":""Academia"",""level3"":""homeopath"",""person_count"":81,""example_wikidata_codes"":""Q103060|Q1115711|Q1387957""}]"	0	0	[]		needs_review	low	author_candidate_previous_needs_review	[]	0	freebase_bhht_author_lookup_v1	lookup_candidate_not_frozen	"[""Samuel Hahnemann"", ""Thomas Roupell Everest""]"
1223	Travel Agent	2	travel_agent	author_exact	exact_unique	Other	Worker/Business (small)	"[[""Other"",""Worker/Business (small)""]]"	1	1	"[""travel_agent""]"	[1704]	"[[""Other"",""Worker/Business (small)""]]"	[1704]	Other	Worker/Business (small)	travel_agent	0	0	"[{""level1"":""Other"",""level2"":""Worker/Business (small)"",""level3"":""travel_agent"",""person_count"":4,""example_wikidata_codes"":""Q24731530|Q38898965|Q6526015""}]"	0	0	[]		out_of_scope	high	formal_author_other_previously_out_of_scope	[]	0	freebase_bhht_author_lookup_v1	lookup_candidate_not_frozen	"[""Sandra Simons (Singer)"", ""Ulrike Elizabeth Pulay""]"
1227	Cabinet maker	2	cabinet_maker	author_exact	exact_unique	Culture	Culture-core	"[[""Culture"",""Culture-core""]]"	1	1	"[""cabinet_maker""]"	[369]	"[[""Culture"",""Culture-core""]]"	[369]	Culture	Culture-core	cabinet_maker	0	0	"[{""level1"":""Culture"",""level2"":""Culture-core"",""level3"":""cabinet_maker"",""person_count"":6,""example_wikidata_codes"":""Q16199945|Q314278|Q5075010""}]"	0	0	[]		out_of_scope	high	author_candidate_previous_out_of_scope	[]	0	freebase_bhht_author_lookup_v1	lookup_candidate_not_frozen	"[""Thomas Cook"", ""Tommy Pigott""]"
1234	Indologist	1	indologist	author_exact	exact_unique	Discovery/Science	Academia	"[[""Discovery/Science"",""Academia""]]"	1	1	"[""indologist""]"	[793]	"[[""Discovery/Science"",""Academia""]]"	[793]	Discovery/Science	Academia	indologist	0	0	"[{""level1"":""Discovery/Science"",""level2"":""Academia"",""level3"":""indologist"",""person_count"":202,""example_wikidata_codes"":""Q100587|Q101954|Q102541""}]"	0	0	[]	Discovery/Science	proposed	medium	agrees_with_previous_llm	[]	0	freebase_bhht_author_lookup_v1	lookup_candidate_not_frozen	"[""Alain Daniélou""]"
1239	Developer	1	developer	author_exact	exact_unique	Discovery/Science	Explorer/Inventor/Developer	"[[""Discovery/Science"",""Explorer/Inventor/Developer""]]"	1	1	"[""developer""]"	[1184]	"[[""Discovery/Science"",""Explorer/Inventor/Developer""]]"	[1184]	Discovery/Science	Explorer/Inventor/Developer	developer	0	0	"[{""level1"":""Discovery/Science"",""level2"":""Explorer/Inventor/Developer"",""level3"":""developer"",""person_count"":158,""example_wikidata_codes"":""Q1086856|Q1173391|Q1423753""}]"	0	0	[]		needs_review	low	author_candidate_previous_needs_review	[]	0	freebase_bhht_author_lookup_v1	lookup_candidate_not_frozen	"[""Alexander L'iravíkmela Giorgisdzé Matcharashvili""]"
1243	Toxicologist	1	toxicologist	author_exact	exact_unique	Discovery/Science	Academia	"[[""Discovery/Science"",""Academia""]]"	1	1	"[""toxicologist""]"	[918]	"[[""Discovery/Science"",""Academia""]]"	[918]	Discovery/Science	Academia	toxicologist	0	0	"[{""level1"":""Discovery/Science"",""level2"":""Academia"",""level3"":""toxicologist"",""person_count"":50,""example_wikidata_codes"":""Q111456|Q1289725|Q1358445""}]"	0	0	[]	Discovery/Science	proposed	medium	agrees_with_previous_llm	[]	0	freebase_bhht_author_lookup_v1	lookup_candidate_not_frozen	"[""Alice Hamilton""]"
1255	Orthodontist	1	orthodontist	author_exact	exact_unique	Other	Worker/Business (small)	"[[""Other"",""Worker/Business (small)""]]"	1	1	"[""orthodontist""]"	[1665]	"[[""Other"",""Worker/Business (small)""]]"	[1665]	Other	Worker/Business (small)	orthodontist	0	0	"[{""level1"":""Other"",""level2"":""Worker/Business (small)"",""level3"":""orthodontist"",""person_count"":71,""example_wikidata_codes"":""Q18739122|Q21069967|Q21078143""}]"	0	0	[]	Discovery/Science	proposed	medium	differs_from_previous_llm	"[""previous_llm_l1_disagreement""]"	0	freebase_bhht_author_lookup_v1	lookup_candidate_not_frozen	"[""Andrew Arthur Allen Sr.""]"
1262	Sinologist	1	sinologist	author_exact	exact_unique	Discovery/Science	Academia	"[[""Discovery/Science"",""Academia""]]"	1	1	"[""sinologist""]"	[900]	"[[""Discovery/Science"",""Academia""]]"	[900]	Discovery/Science	Academia	sinologist	0	0	"[{""level1"":""Discovery/Science"",""level2"":""Academia"",""level3"":""sinologist"",""person_count"":229,""example_wikidata_codes"":""Q1036782|Q105546|Q109734""}]"	0	0	[]	Discovery/Science	proposed	high	agrees_with_previous_llm	[]	0	freebase_bhht_author_lookup_v1	lookup_candidate_not_frozen	"[""Anne Cheng""]"
1270	Parson	1	parson	author_exact	exact_unique	Leadership	Religious	"[[""Leadership"",""Religious""]]"	1	1	"[""parson""]"	[1340]	"[[""Leadership"",""Religious""]]"	[1340]	Leadership	Religious	parson	0	0	"[{""level1"":""Leadership"",""level2"":""Religious"",""level3"":""parson"",""person_count"":275,""example_wikidata_codes"":""Q1019350|Q103776|Q1039547""}]"	0	0	[]	Leadership	proposed	medium	agrees_with_previous_llm	[]	0	freebase_bhht_author_lookup_v1	lookup_candidate_not_frozen	"[""Anton Corbijn van Willenswaard""]"
1271	Grammarian	1	grammarian	author_exact	exact_unique	Discovery/Science	Academia	"[[""Discovery/Science"",""Academia""]]"	1	1	"[""grammarian""]"	[770]	"[[""Discovery/Science"",""Academia""]]"	[770]	Discovery/Science	Academia	grammarian	0	0	"[{""level1"":""Discovery/Science"",""level2"":""Academia"",""level3"":""grammarian"",""person_count"":108,""example_wikidata_codes"":""Q1056198|Q1063429|Q117841""}]"	0	0	[]	Discovery/Science	proposed	high	agrees_with_previous_llm	[]	0	freebase_bhht_author_lookup_v1	lookup_candidate_not_frozen	"[""Antun Mažuranić""]"
1273	Gerontologist	1	gerontologist	author_exact	exact_unique	Discovery/Science	Academia	"[[""Discovery/Science"",""Academia""]]"	1	1	"[""gerontologist""]"	[769]	"[[""Discovery/Science"",""Academia""]]"	[769]	Discovery/Science	Academia	gerontologist	0	0	"[{""level1"":""Discovery/Science"",""level2"":""Academia"",""level3"":""gerontologist"",""person_count"":29,""example_wikidata_codes"":""Q1594427|Q16013173|Q16013695""}]"	0	0	[]	Discovery/Science	proposed	medium	agrees_with_previous_llm	[]	0	freebase_bhht_author_lookup_v1	lookup_candidate_not_frozen	"[""Aubrey de Grey""]"
1277	Headmaster	1	headmaster	author_exact	exact_unique	Leadership	Corporate/Executive/Business (large)	"[[""Leadership"",""Corporate/Executive/Business (large)""]]"	1	1	"[""headmaster""]"	[1226]	"[[""Leadership"",""Corporate/Executive/Business (large)""]]"	[1226]	Leadership	Corporate/Executive/Business (large)	headmaster	0	0	"[{""level1"":""Leadership"",""level2"":""Corporate/Executive/Business (large)"",""level3"":""headmaster"",""person_count"":49,""example_wikidata_codes"":""Q14945651|Q14949214|Q15989865""}]"	0	0	[]		needs_review	low	author_candidate_previous_needs_review	[]	0	freebase_bhht_author_lookup_v1	lookup_candidate_not_frozen	"[""Ba Win""]"
1288	Scout	1	scout	author_exact	exact_unique	Other	Other	"[[""Other"",""Other""]]"	1	1	"[""_scout_""]"	[1766]	"[[""Other"",""Other""]]"	[1766]	Other	Other	_scout_	0	0	"[{""level1"":""Other"",""level2"":""Other"",""level3"":""scout"",""person_count"":237,""example_wikidata_codes"":""Q10336171|Q1068244|Q10995103""}]"	0	0	[]		needs_review	low	author_candidate_previous_needs_review	[]	0	freebase_bhht_author_lookup_v1	lookup_candidate_not_frozen	"[""Bill Nunn (Journalist)""]"
1292	Colourist	1	colourist	author_exact	exact_unique	Culture	Culture-periphery	"[[""Culture"",""Culture-periphery""]]"	1	1	"[""colourist""]"	[596]	"[[""Culture"",""Culture-periphery""]]"	[596]	Culture	Culture-periphery	colourist	0	0	"[{""level1"":""Culture"",""level2"":""Culture-periphery"",""level3"":""colourist"",""person_count"":16,""example_wikidata_codes"":""Q16013454|Q17640365|Q18222160""}]"	0	0	[]		needs_review	low	author_candidate_previous_needs_review	[]	0	freebase_bhht_author_lookup_v1	lookup_candidate_not_frozen	"[""Bob McCay""]"
1303	Clinician	1	clinician	author_exact	exact_unique	Discovery/Science	Academia	"[[""Discovery/Science"",""Academia""]]"	1	1	"[""clinician""]"	[718]	"[[""Discovery/Science"",""Academia""]]"	[718]	Discovery/Science	Academia	clinician	0	0	"[{""level1"":""Discovery/Science"",""level2"":""Academia"",""level3"":""clinician"",""person_count"":2,""example_wikidata_codes"":""Q13407647|Q38013957""}]"	0	0	[]	Discovery/Science	proposed	medium	agrees_with_previous_llm	[]	0	freebase_bhht_author_lookup_v1	lookup_candidate_not_frozen	"[""Carlos Chagas""]"
1304	Event planner	1	event_planner	author_exact	exact_unique	Culture	Culture-periphery	"[[""Culture"",""Culture-periphery""]]"	1	1	"[""event_planner""]"	[613]	"[[""Culture"",""Culture-periphery""]]"	[613]	Culture	Culture-periphery	event_planner	0	0	"[{""level1"":""Culture"",""level2"":""Culture-periphery"",""level3"":""event_planner"",""person_count"":2,""example_wikidata_codes"":""Q30310683|Q7491447""}]"	0	0	[]		needs_review	low	author_candidate_previous_needs_review	[]	0	freebase_bhht_author_lookup_v1	lookup_candidate_not_frozen	"[""Carol McCain""]"
1308	Hitman	1	hitman	author_exact	exact_unique	Other	Other	"[[""Other"",""Other""]]"	1	1	"[""_hitman_""]"	[1760]	"[[""Other"",""Other""]]"	[1760]	Other	Other	_hitman_	0	0	"[{""level1"":""Other"",""level2"":""Other"",""level3"":""hitman"",""person_count"":15,""example_wikidata_codes"":""Q1065641|Q2275917|Q2556172""}]"	0	0	[]		out_of_scope	high	formal_author_other_previously_out_of_scope	[]	0	freebase_bhht_author_lookup_v1	lookup_candidate_not_frozen	"[""Charles Harrelson""]"
1313	Horologist	1	horologist	author_exact	exact_unique	Culture	Culture-core	"[[""Culture"",""Culture-core""]]"	1	1	"[""horologist""]"	[439]	"[[""Culture"",""Culture-core""]]"	[439]	Culture	Culture-core	horologist	0	0	"[{""level1"":""Culture"",""level2"":""Culture-core"",""level3"":""horologist"",""person_count"":4,""example_wikidata_codes"":""Q17436594|Q21070328|Q42887496""}]"	0	0	[]	Discovery/Science	proposed	high	differs_from_previous_llm	"[""previous_llm_l1_disagreement""]"	0	freebase_bhht_author_lookup_v1	lookup_candidate_not_frozen	"[""Christiaan Huygens""]"
1319	Griot	1	griot	author_exact	exact_unique	Culture	Culture-core	"[[""Culture"",""Culture-core""]]"	1	1	"[""griot""]"	[432]	"[[""Culture"",""Culture-core""]]"	[432]	Culture	Culture-core	griot	0	0	"[{""level1"":""Culture"",""level2"":""Culture-core"",""level3"":""griot"",""person_count"":6,""example_wikidata_codes"":""Q16181804|Q16727796|Q28790287""}]"	0	0	[]	Culture	proposed	high	agrees_with_previous_llm	[]	0	freebase_bhht_author_lookup_v1	lookup_candidate_not_frozen	"[""Dani Kouyaté""]"
1337	Teamster	1	teamster	author_exact	exact_unique	Other	Worker/Business (small)	"[[""Other"",""Worker/Business (small)""]]"	1	1	"[""teamster""]"	[1697]	"[[""Other"",""Worker/Business (small)""]]"	[1697]	Other	Worker/Business (small)	teamster	0	0	"[{""level1"":""Other"",""level2"":""Worker/Business (small)"",""level3"":""teamster"",""person_count"":7,""example_wikidata_codes"":""Q1492602|Q16732049|Q18385472""}]"	0	0	[]		out_of_scope	high	formal_author_other_previously_out_of_scope	[]	0	freebase_bhht_author_lookup_v1	lookup_candidate_not_frozen	"[""Donald Wahlberg""]"
1356	Courtesan	1	courtesan	author_exact	exact_unique	Leadership	Nobility	"[[""Leadership"",""Nobility""]]"	1	1	"[""courtesan""]"	[1133]	"[[""Leadership"",""Nobility""]]"	[1133]	Leadership	Nobility	courtesan	0	0	"[{""level1"":""Leadership"",""level2"":""Nobility"",""level3"":""courtesan"",""person_count"":24,""example_wikidata_codes"":""Q14918722|Q16203754|Q16594564""}]"	0	0	[]		out_of_scope	high	author_candidate_previous_out_of_scope	[]	0	freebase_bhht_author_lookup_v1	lookup_candidate_not_frozen	"[""Elizabeth Armistead""]"
1382	Deacon	1	deacon	author_exact	exact_unique	Leadership	Religious	"[[""Leadership"",""Religious""]]"	1	1	"[""deacon""]"	[1300]	"[[""Leadership"",""Religious""]]"	[1300]	Leadership	Religious	deacon	0	0	"[{""level1"":""Leadership"",""level2"":""Religious"",""level3"":""deacon"",""person_count"":254,""example_wikidata_codes"":""Q100530|Q10292834|Q103566""}]"	0	0	[]	Leadership	proposed	high	agrees_with_previous_llm	[]	0	freebase_bhht_author_lookup_v1	lookup_candidate_not_frozen	"[""Fred Secombe""]"
1383	Herpetologist	1	herpetologist	author_exact	exact_unique	Discovery/Science	Academia	"[[""Discovery/Science"",""Academia""]]"	1	1	"[""herpetologist""]"	[780]	"[[""Discovery/Science"",""Academia""]]"	[780]	Discovery/Science	Academia	herpetologist	0	0	"[{""level1"":""Discovery/Science"",""level2"":""Academia"",""level3"":""herpetologist"",""person_count"":182,""example_wikidata_codes"":""Q104930|Q11738825|Q12643551""}]"	0	0	[]	Discovery/Science	proposed	high	agrees_with_previous_llm	[]	0	freebase_bhht_author_lookup_v1	lookup_candidate_not_frozen	"[""Frederick A. Shannon""]"
1385	Go professional	1	go_professional	author_exact	exact_unique	Sports/Games	Sports/Games	"[[""Sports/Games"",""Sports/Games""]]"	1	1	"[""go_professional""]"	[115]	"[[""Sports/Games"",""Sports/Games""]]"	[115]	Sports/Games	Sports/Games	go_professional	0	0	"[{""level1"":""Sports/Games"",""level2"":""Sports/Games"",""level3"":""go_professional"",""person_count"":112,""example_wikidata_codes"":""Q10499350|Q11116148|Q1126753""}]"	0	0	[]	Sports/Games	proposed	high	agrees_with_previous_llm	[]	0	freebase_bhht_author_lookup_v1	lookup_candidate_not_frozen	"[""Fumiko Kita""]"
1388	Mercer	1	mercer	author_exact	exact_unique	Other	Worker/Business (small)	"[[""Other"",""Worker/Business (small)""]]"	1	1	"[""_mercer_""]"	[1475]	"[[""Other"",""Worker/Business (small)""]]"	[1475]	Other	Worker/Business (small)	_mercer_	0	0	"[{""level1"":""Other"",""level2"":""Worker/Business (small)"",""level3"":""mercer"",""person_count"":5,""example_wikidata_codes"":""Q5342768|Q5723114|Q5901702""}]"	0	0	[]		needs_review	low	author_candidate_previous_needs_review	[]	0	freebase_bhht_author_lookup_v1	lookup_candidate_not_frozen	"[""Geoffrey Boleyn""]"
1389	Metallurgist	1	metallurgist	author_exact	exact_unique	Other	Worker/Business (small)	"[[""Other"",""Worker/Business (small)""]]"	1	1	"[""metallurgist""]"	[1654]	"[[""Other"",""Worker/Business (small)""]]"	[1654]	Other	Worker/Business (small)	metallurgist	0	0	"[{""level1"":""Other"",""level2"":""Worker/Business (small)"",""level3"":""metallurgist"",""person_count"":285,""example_wikidata_codes"":""Q101277|Q10324135|Q10346278""}]"	0	0	[]		needs_review	low	author_candidate_previous_needs_review	[]	0	freebase_bhht_author_lookup_v1	lookup_candidate_not_frozen	"[""George Boole Hinton""]"
1392	Speculator	1	speculator	author_exact	exact_unique	Leadership	Corporate/Executive/Business (large)	"[[""Leadership"",""Corporate/Executive/Business (large)""]]"	1	1	"[""_speculator_""]"	[1214]	"[[""Leadership"",""Corporate/Executive/Business (large)""]]"	[1214]	Leadership	Corporate/Executive/Business (large)	_speculator_	0	0	"[{""level1"":""Leadership"",""level2"":""Corporate/Executive/Business (large)"",""level3"":""speculator"",""person_count"":3,""example_wikidata_codes"":""Q17309049|Q20709308|Q5238375""}]"	0	0	[]		needs_review	low	author_candidate_previous_needs_review	[]	0	freebase_bhht_author_lookup_v1	lookup_candidate_not_frozen	"[""George Soros""]"
1396	Toy maker	1	toy_maker	author_exact	exact_unique	Other	Worker/Business (small)	"[[""Other"",""Worker/Business (small)""]]"	1	1	"[""toy_maker""]"	[1702]	"[[""Other"",""Worker/Business (small)""]]"	[1702]	Other	Worker/Business (small)	toy_maker	0	0	"[{""level1"":""Other"",""level2"":""Worker/Business (small)"",""level3"":""toy_maker"",""person_count"":3,""example_wikidata_codes"":""Q53594140|Q6687785|Q6766211""}]"	0	0	[]		out_of_scope	medium	formal_author_other_previously_out_of_scope	[]	0	freebase_bhht_author_lookup_v1	lookup_candidate_not_frozen	"[""Georges Méliès""]"
1397	Administrator	1	administrator	author_exact	exact_unique	Leadership	Administration/Law	"[[""Leadership"",""Administration/Law""]]"	1	1	"[""administrator""]"	[1047]	"[[""Leadership"",""Administration/Law""]]"	[1047]	Leadership	Administration/Law	administrator	0	0	"[{""level1"":""Leadership"",""level2"":""Administration/Law"",""level3"":""administrator"",""person_count"":567,""example_wikidata_codes"":""Q1012601|Q10285257|Q10285341""}]"	0	0	[]		needs_review	low	author_candidate_previous_needs_review	[]	0	freebase_bhht_author_lookup_v1	lookup_candidate_not_frozen	"[""Gilbert Monckton, 2nd Viscount Monckton of Brenchley""]"
1398	Apothecary	1	apothecary	author_exact	exact_unique	Discovery/Science	Academia	"[[""Discovery/Science"",""Academia""]]"	1	1	"[""apothecary""]"	[686]	"[[""Discovery/Science"",""Academia""]]"	[686]	Discovery/Science	Academia	apothecary	0	0	"[{""level1"":""Discovery/Science"",""level2"":""Academia"",""level3"":""apothecary"",""person_count"":20,""example_wikidata_codes"":""Q12300030|Q15493874|Q16857603""}]"	0	0	[]	Discovery/Science	proposed	high	agrees_with_previous_llm	[]	0	freebase_bhht_author_lookup_v1	lookup_candidate_not_frozen	"[""Giulio Goldoni""]"
1401	Landscaper	1	landscaper	author_exact	exact_unique	Other	Worker/Business (small)	"[[""Other"",""Worker/Business (small)""]]"	1	1	"[""_landscaper""]"	[1470]	"[[""Other"",""Worker/Business (small)""]]"	[1470]	Other	Worker/Business (small)	_landscaper	0	0	"[{""level1"":""Other"",""level2"":""Worker/Business (small)"",""level3"":""landscaper"",""person_count"":3,""example_wikidata_codes"":""Q26220765|Q5367431|Q7782107""}]"	0	0	[]		out_of_scope	high	formal_author_other_previously_out_of_scope	[]	0	freebase_bhht_author_lookup_v1	lookup_candidate_not_frozen	"[""Gorō Miyazaki""]"
1409	Intendant	1	intendant	author_exact	exact_unique	Leadership	Administration/Law	"[[""Leadership"",""Administration/Law""]]"	1	1	"[""intendant""]"	[1075]	"[[""Leadership"",""Administration/Law""]]"	[1075]	Leadership	Administration/Law	intendant	0	0	"[{""level1"":""Leadership"",""level2"":""Administration/Law"",""level3"":""intendant"",""person_count"":73,""example_wikidata_codes"":""Q1082568|Q1085415|Q1085597""}]"	0	0	[]	Leadership	proposed	high	agrees_with_previous_llm	[]	0	freebase_bhht_author_lookup_v1	lookup_candidate_not_frozen	"[""Gustaf Gründgens""]"
1436	Robber	1	robber	author_exact	exact_unique	Other	Other	"[[""Other"",""Other""]]"	1	1	"[""_robber_""]"	[1765]	"[[""Other"",""Other""]]"	[1765]	Other	Other	_robber_	0	0	"[{""level1"":""Other"",""level2"":""Other"",""level3"":""robber"",""person_count"":56,""example_wikidata_codes"":""Q1335393|Q16007361|Q16008791""}]"	0	0	[]		out_of_scope	high	formal_author_other_previously_out_of_scope	[]	0	freebase_bhht_author_lookup_v1	lookup_candidate_not_frozen	"[""Impenitent thief""]"
1438	Freedom fighter	1	freedom_fighter	author_exact	exact_unique	Leadership	Politics	"[[""Leadership"",""Politics""]]"	1	1	"[""freedom_fighter""]"	[978]	"[[""Leadership"",""Military""],[""Leadership"",""Politics""],[""Sports/Games"",""Sports/Games""]]"	[96,978,1390]	Sports/Games	Sports/Games	fighter	1	1	"[{""level1"":""Leadership"",""level2"":""Politics"",""level3"":""freedom_fighter"",""person_count"":130,""example_wikidata_codes"":""Q12517001|Q12606437|Q12810870""}]"	0	0	"[""exact_lookup_differs_from_full_author_first_match""]"	Leadership	proposed	medium	agrees_with_previous_llm	"[""exact_lookup_differs_from_full_author_first_match""]"	0	freebase_bhht_author_lookup_v1	lookup_candidate_not_frozen	"[""Indrani Devi""]"
1447	burglar	1	burglar	author_exact	exact_unique	Other	Other	"[[""Other"",""Other""]]"	1	1	"[""_burglar_""]"	[1751]	"[[""Other"",""Other""]]"	[1751]	Other	Other	_burglar_	0	0	"[{""level1"":""Other"",""level2"":""Other"",""level3"":""burglar"",""person_count"":14,""example_wikidata_codes"":""Q4356917|Q4580410|Q46586355""}]"	0	0	[]		out_of_scope	medium	formal_author_other_previously_out_of_scope	[]	0	freebase_bhht_author_lookup_v1	lookup_candidate_not_frozen	"[""Jack Black (Writer)""]"
1449	Toolmaker	1	toolmaker	author_exact	exact_unique	Other	Worker/Business (small)	"[[""Other"",""Worker/Business (small)""]]"	1	1	"[""toolmaker""]"	[1701]	"[[""Other"",""Worker/Business (small)""]]"	[1701]	Other	Worker/Business (small)	toolmaker	0	0	"[{""level1"":""Other"",""level2"":""Worker/Business (small)"",""level3"":""toolmaker"",""person_count"":1,""example_wikidata_codes"":""Q7349329""}]"	0	0	[]		out_of_scope	high	formal_author_other_previously_out_of_scope	[]	0	freebase_bhht_author_lookup_v1	lookup_candidate_not_frozen	"[""Jack Osbourne (Deceased Person)""]"
1454	Chansonnier	1	chansonnier	author_exact	exact_unique	Culture	Culture-core	"[[""Culture"",""Culture-core""]]"	1	1	"[""chansonnier""]"	[378]	"[[""Culture"",""Culture-core""]]"	[378]	Culture	Culture-core	chansonnier	0	0	"[{""level1"":""Culture"",""level2"":""Culture-core"",""level3"":""chansonnier"",""person_count"":138,""example_wikidata_codes"":""Q1287601|Q1346280|Q1371399""}]"	0	0	[]	Culture	proposed	high	agrees_with_previous_llm	[]	0	freebase_bhht_author_lookup_v1	lookup_candidate_not_frozen	"[""Jacques Bodoin (Singer)""]"
1473	Perfumer	1	perfumer	author_exact	exact_unique	Other	Other	"[[""Other"",""Other""]]"	1	1	"[""perfumer""]"	[1851]	"[[""Other"",""Other""]]"	[1851]	Other	Other	perfumer	0	0	"[{""level1"":""Other"",""level2"":""Other"",""level3"":""perfumer"",""person_count"":74,""example_wikidata_codes"":""Q1356245|Q1528109|Q15406945""}]"	0	0	[]		out_of_scope	high	formal_author_other_previously_out_of_scope	[]	0	freebase_bhht_author_lookup_v1	lookup_candidate_not_frozen	"[""Jennifer Lopez""]"
1477	Tinsmith	1	tinsmith	author_exact	exact_unique	Other	Worker/Business (small)	"[[""Other"",""Worker/Business (small)""]]"	1	1	"[""tinsmith""]"	[1700]	"[[""Other"",""Worker/Business (small)""]]"	[1700]	Other	Worker/Business (small)	tinsmith	0	0	"[{""level1"":""Other"",""level2"":""Worker/Business (small)"",""level3"":""tinsmith"",""person_count"":9,""example_wikidata_codes"":""Q1411258|Q15455018|Q18224164""}]"	0	0	[]		out_of_scope	medium	formal_author_other_previously_out_of_scope	[]	0	freebase_bhht_author_lookup_v1	lookup_candidate_not_frozen	"[""Jerzy Chalupec""]"
1483	Counsellor	1	counsellor	author_exact	exact_unique	Other	Worker/Business (small)	"[[""Other"",""Worker/Business (small)""]]"	1	1	"[""counsellor""]"	[1570]	"[[""Other"",""Worker/Business (small)""]]"	[1570]	Other	Worker/Business (small)	counsellor	0	0	"[{""level1"":""Other"",""level2"":""Worker/Business (small)"",""level3"":""counsellor"",""person_count"":7,""example_wikidata_codes"":""Q24952421|Q2903694|Q4773750""}]"	0	0	[]		needs_review	low	author_candidate_previous_needs_review	[]	0	freebase_bhht_author_lookup_v1	lookup_candidate_not_frozen	"[""Joan Claridge""]"
1488	Trainer	1	trainer	author_exact	exact_unique	Sports/Games	Sports/Games	"[[""Sports/Games"",""Sports/Games""]]"	1	1	"[""trainer""]"	[277]	"[[""Sports/Games"",""Sports/Games""]]"	[277]	Sports/Games	Sports/Games	trainer	0	0	"[{""level1"":""Sports/Games"",""level2"":""Sports/Games"",""level3"":""trainer"",""person_count"":232,""example_wikidata_codes"":""Q1101302|Q1168947|Q120628""}]"	0	0	[]		needs_review	low	author_candidate_previous_needs_review	[]	0	freebase_bhht_author_lookup_v1	lookup_candidate_not_frozen	"[""Joe Weider""]"
1497	Optometrist	1	optometrist	author_exact	exact_unique	Discovery/Science	Academia	"[[""Discovery/Science"",""Academia""]]"	1	1	"[""optometrist""]"	[835]	"[[""Discovery/Science"",""Academia""]]"	[835]	Discovery/Science	Academia	optometrist	0	0	"[{""level1"":""Discovery/Science"",""level2"":""Academia"",""level3"":""optometrist"",""person_count"":23,""example_wikidata_codes"":""Q15429385|Q16011226|Q16015520""}]"	0	0	[]	Discovery/Science	proposed	high	agrees_with_previous_llm	[]	0	freebase_bhht_author_lookup_v1	lookup_candidate_not_frozen	"[""John Boozman""]"
1498	Army	1	army	author_exact	exact_unique	Leadership	Military	"[[""Leadership"",""Military""]]"	1	1	"[""_army_""]"	[1364]	"[[""Leadership"",""Military""]]"	[1364]	Leadership	Military	_army_	0	0	"[{""level1"":""Leadership"",""level2"":""Military"",""level3"":""army"",""person_count"":2549,""example_wikidata_codes"":""Q1000761|Q1022196|Q1022204""}]"	0	0	[]		needs_review	low	author_candidate_previous_needs_review	[]	0	freebase_bhht_author_lookup_v1	lookup_candidate_not_frozen	"[""John E. Olson""]"
1505	Genealogist	1	genealogist	author_exact	exact_unique	Discovery/Science	Academia	"[[""Discovery/Science"",""Academia""]]"	1	1	"[""genealogist""]"	[758]	"[[""Discovery/Science"",""Academia""]]"	[758]	Discovery/Science	Academia	genealogist	0	0	"[{""level1"":""Discovery/Science"",""level2"":""Academia"",""level3"":""genealogist"",""person_count"":263,""example_wikidata_codes"":""Q102023|Q10363714|Q1079563""}]"	0	0	[]	Discovery/Science	proposed	high	agrees_with_previous_llm	[]	0	freebase_bhht_author_lookup_v1	lookup_candidate_not_frozen	"[""Jon Lauritz Quisling""]"
1512	Otolaryngologist	1	otolaryngologist	author_exact	exact_unique	Discovery/Science	Academia	"[[""Discovery/Science"",""Academia""]]"	1	1	"[""otolaryngologist""]"	[841]	"[[""Discovery/Science"",""Academia""]]"	[841]	Discovery/Science	Academia	otolaryngologist	0	0	"[{""level1"":""Discovery/Science"",""level2"":""Academia"",""level3"":""otolaryngologist"",""person_count"":43,""example_wikidata_codes"":""Q12670788|Q1318581|Q1350957""}]"	0	0	[]	Discovery/Science	proposed	high	agrees_with_previous_llm	[]	0	freebase_bhht_author_lookup_v1	lookup_candidate_not_frozen	"[""Jorge Drexler""]"
1514	Locksmith	1	locksmith	author_exact	exact_unique	Other	Worker/Business (small)	"[[""Other"",""Worker/Business (small)""]]"	1	1	"[""_locksmith""]"	[1471]	"[[""Other"",""Worker/Business (small)""]]"	[1471]	Other	Worker/Business (small)	_locksmith	0	0	"[{""level1"":""Other"",""level2"":""Worker/Business (small)"",""level3"":""locksmith"",""person_count"":20,""example_wikidata_codes"":""Q15450408|Q1576429|Q16018867""}]"	0	0	[]		out_of_scope	high	formal_author_other_previously_out_of_scope	[]	0	freebase_bhht_author_lookup_v1	lookup_candidate_not_frozen	"[""Joseph Bramah""]"
1522	City council	1	city_council	author_exact	exact_unique	Leadership	Politics	"[[""Leadership"",""Politics""]]"	1	1	"[""city_council""]"	[950]	"[[""Leadership"",""Politics""]]"	[950]	Leadership	Politics	city_council	0	0	"[{""level1"":""Leadership"",""level2"":""Politics"",""level3"":""city_council"",""person_count"":139,""example_wikidata_codes"":""Q14951388|Q15269797|Q15443034""}]"	0	0	[]	Leadership	proposed	medium	agrees_with_previous_llm	[]	0	freebase_bhht_author_lookup_v1	lookup_candidate_not_frozen	"[""Julian Castro""]"
1525	Caver	1	caver	author_exact	exact_unique	Discovery/Science	Academia	"[[""Discovery/Science"",""Academia""]]"	1	1	"[""_caver""]"	[666]	"[[""Discovery/Science"",""Academia""]]"	[666]	Discovery/Science	Academia	_caver	0	0	"[{""level1"":""Discovery/Science"",""level2"":""Academia"",""level3"":""caver"",""person_count"":2,""example_wikidata_codes"":""Q21176198|Q442777""}]"	0	0	[]		needs_review	low	author_candidate_previous_needs_review	[]	0	freebase_bhht_author_lookup_v1	lookup_candidate_not_frozen	"[""Karel Divíšek""]"
1532	Dietitian	1	dietitian	author_exact	exact_unique	Other	Worker/Business (small)	"[[""Other"",""Worker/Business (small)""]]"	1	1	"[""dietitian""]"	[1579]	"[[""Other"",""Worker/Business (small)""]]"	[1579]	Other	Worker/Business (small)	dietitian	0	0	"[{""level1"":""Other"",""level2"":""Worker/Business (small)"",""level3"":""dietitian"",""person_count"":17,""example_wikidata_codes"":""Q14954469|Q14954470|Q16197142""}]"	0	0	[]	Discovery/Science	proposed	medium	differs_from_previous_llm	"[""previous_llm_l1_disagreement""]"	0	freebase_bhht_author_lookup_v1	lookup_candidate_not_frozen	"[""Keren Gilbert""]"
1533	Radiologist	1	radiologist	author_exact	exact_unique	Discovery/Science	Academia	"[[""Discovery/Science"",""Academia""]]"	1	1	"[""radiologist""]"	[886]	"[[""Discovery/Science"",""Academia""]]"	[886]	Discovery/Science	Academia	radiologist	0	0	"[{""level1"":""Discovery/Science"",""level2"":""Academia"",""level3"":""radiologist"",""person_count"":119,""example_wikidata_codes"":""Q1010399|Q1095477|Q11611590""}]"	0	0	[]	Discovery/Science	proposed	high	agrees_with_previous_llm	[]	0	freebase_bhht_author_lookup_v1	lookup_candidate_not_frozen	"[""Kevin Dickey""]"
1550	FBI Agent	1	fbi_agent	author_exact	exact_unique	Leadership	Administration/Law	"[[""Leadership"",""Administration/Law""]]"	1	1	"[""fbi_agent""]"	[1071]	"[[""Leadership"",""Administration/Law""]]"	[1071]	Leadership	Administration/Law	fbi_agent	0	0	"[{""level1"":""Leadership"",""level2"":""Administration/Law"",""level3"":""fbi_agent"",""person_count"":7,""example_wikidata_codes"":""Q33059380|Q33133757|Q4722399""}]"	0	0	[]	Leadership	proposed	high	agrees_with_previous_llm	[]	0	freebase_bhht_author_lookup_v1	lookup_candidate_not_frozen	"[""Leon G. Turrou""]"
1560	Couturier	1	couturier	author_exact	exact_unique	Other	Worker/Business (small)	"[[""Other"",""Worker/Business (small)""]]"	1	1	"[""_couturier_""]"	[1450]	"[[""Other"",""Worker/Business (small)""]]"	[1450]	Other	Worker/Business (small)	_couturier_	0	0	"[{""level1"":""Other"",""level2"":""Worker/Business (small)"",""level3"":""couturier"",""person_count"":20,""example_wikidata_codes"":""Q16224815|Q2060487|Q21130177""}]"	0	0	[]	Culture	proposed	high	differs_from_previous_llm	"[""previous_llm_l1_disagreement""]"	0	freebase_bhht_author_lookup_v1	lookup_candidate_not_frozen	"[""Lucien Lelong""]"
1562	Stonemason	1	stonemason	author_exact	exact_unique	Other	Worker/Business (small)	"[[""Other"",""Worker/Business (small)""]]"	1	1	"[""stonemason""]"	[1692]	"[[""Other"",""Worker/Business (small)""]]"	[1692]	Other	Worker/Business (small)	stonemason	0	0	"[{""level1"":""Other"",""level2"":""Worker/Business (small)"",""level3"":""stonemason"",""person_count"":90,""example_wikidata_codes"":""Q1079930|Q12295493|Q1237168""}]"	0	0	[]		out_of_scope	high	formal_author_other_previously_out_of_scope	[]	0	freebase_bhht_author_lookup_v1	lookup_candidate_not_frozen	"[""Luigi Borzaga""]"
1568	Scribe	1	scribe	author_exact	exact_unique	Leadership	Administration/Law	"[[""Leadership"",""Administration/Law""]]"	1	1	"[""_scribe""]"	[1096]	"[[""Leadership"",""Administration/Law""]]"	[1096]	Leadership	Administration/Law	_scribe	0	0	"[{""level1"":""Leadership"",""level2"":""Administration/Law"",""level3"":""scribe"",""person_count"":66,""example_wikidata_codes"":""Q10281402|Q1073335|Q118759""}]"	0	0	[]		needs_review	low	author_candidate_previous_needs_review	[]	0	freebase_bhht_author_lookup_v1	lookup_candidate_not_frozen	"[""Maggie McNamara""]"
1596	Air traffic controller	1	air_traffic_controller	author_exact	exact_unique	Other	Worker/Business (small)	"[[""Other"",""Worker/Business (small)""]]"	1	1	"[""air_traffic_controller""]"	[1511]	"[[""Other"",""Worker/Business (small)""]]"	[1511]	Other	Worker/Business (small)	air_traffic_controller	0	0	"[{""level1"":""Other"",""level2"":""Worker/Business (small)"",""level3"":""air_traffic_controller"",""person_count"":6,""example_wikidata_codes"":""Q22279124|Q24053439|Q28091720""}]"	0	0	[]		out_of_scope	high	formal_author_other_previously_out_of_scope	[]	0	freebase_bhht_author_lookup_v1	lookup_candidate_not_frozen	"[""Matthew Creed""]"
1620	Freelancer	1	freelancer	author_exact	exact_unique	Culture	Culture-periphery	"[[""Culture"",""Culture-periphery""]]"	1	1	"[""freelancer""]"	[618]	"[[""Culture"",""Culture-periphery""]]"	[618]	Culture	Culture-periphery	freelancer	0	0	"[{""level1"":""Culture"",""level2"":""Culture-periphery"",""level3"":""freelancer"",""person_count"":8,""example_wikidata_codes"":""Q10317406|Q16204527|Q5772458""}]"	0	0	[]		out_of_scope	high	author_candidate_previous_out_of_scope	[]	0	freebase_bhht_author_lookup_v1	lookup_candidate_not_frozen	"[""Mukil Elango""]"
1637	Cornetist	1	cornetist	author_exact	exact_unique	Culture	Culture-core	"[[""Culture"",""Culture-core""]]"	1	1	"[""cornetist""]"	[404]	"[[""Culture"",""Culture-core""]]"	[404]	Culture	Culture-core	cornetist	0	0	"[{""level1"":""Culture"",""level2"":""Culture-core"",""level3"":""cornetist"",""person_count"":2,""example_wikidata_codes"":""Q11975170|Q5080170""}]"	0	0	[]	Culture	proposed	high	agrees_with_previous_llm	[]	0	freebase_bhht_author_lookup_v1	lookup_candidate_not_frozen	"[""Olu Dara""]"
1641	Distiller	1	distiller	author_exact	exact_unique	Other	Worker/Business (small)	"[[""Other"",""Worker/Business (small)""]]"	1	1	"[""distiller""]"	[1580]	"[[""Other"",""Worker/Business (small)""]]"	[1580]	Other	Worker/Business (small)	distiller	0	0	"[{""level1"":""Other"",""level2"":""Worker/Business (small)"",""level3"":""distiller"",""person_count"":22,""example_wikidata_codes"":""Q1376398|Q16031238|Q16202720""}]"	0	0	[]		out_of_scope	high	formal_author_other_previously_out_of_scope	[]	0	freebase_bhht_author_lookup_v1	lookup_candidate_not_frozen	"[""Outerbridge Horsey IV""]"
1642	Production Manager	1	production_manager	author_exact	exact_unique	Culture	Culture-core	"[[""Culture"",""Culture-core""]]"	1	1	"[""production_manager""]"	[508]	"[[""Culture"",""Culture-core""],[""Leadership"",""Corporate/Executive/Business (large)""]]"	[508,1234]	Culture	Culture-core	production_manager	0	0	"[{""level1"":""Culture"",""level2"":""Culture-core"",""level3"":""production_manager"",""person_count"":12,""example_wikidata_codes"":""Q1524001|Q16028524|Q16911812""}]"	0	0	[]		needs_review	low	author_candidate_previous_needs_review	[]	0	freebase_bhht_author_lookup_v1	lookup_candidate_not_frozen	"[""Pandro S. Berman""]"
1658	Bailiff	1	bailiff	author_exact	exact_unique	Leadership	Administration/Law	"[[""Leadership"",""Administration/Law""]]"	1	1	"[""bailiff""]"	[1061]	"[[""Leadership"",""Administration/Law""]]"	[1061]	Leadership	Administration/Law	bailiff	0	0	"[{""level1"":""Leadership"",""level2"":""Administration/Law"",""level3"":""bailiff"",""person_count"":24,""example_wikidata_codes"":""Q10281385|Q15428787|Q15452387""}]"	0	0	[]	Leadership	proposed	high	agrees_with_previous_llm	[]	0	freebase_bhht_author_lookup_v1	lookup_candidate_not_frozen	"[""Piotr Kochanowski (Nobleman)""]"
1673	Mandolinist	1	mandolinist	author_exact	exact_unique	Culture	Culture-core	"[[""Culture"",""Culture-core""]]"	1	1	"[""mandolinist""]"	[464]	"[[""Culture"",""Culture-core""]]"	[464]	Culture	Culture-core	mandolinist	0	0	"[{""level1"":""Culture"",""level2"":""Culture-core"",""level3"":""mandolinist"",""person_count"":76,""example_wikidata_codes"":""Q14985622|Q1510651|Q15429973""}]"	0	0	[]	Culture	proposed	high	agrees_with_previous_llm	[]	0	freebase_bhht_author_lookup_v1	lookup_candidate_not_frozen	"[""Ricky Skaggs""]"
1680	Butler	1	butler	author_exact	exact_unique	Other	Worker/Business (small)	"[[""Other"",""Worker/Business (small)""]]"	1	1	"[""butler""]"	[1545]	"[[""Other"",""Worker/Business (small)""]]"	[1545]	Other	Worker/Business (small)	butler	0	0	"[{""level1"":""Other"",""level2"":""Worker/Business (small)"",""level3"":""butler"",""person_count"":60,""example_wikidata_codes"":""Q10292581|Q1572114|Q15985294""}]"	0	0	[]		out_of_scope	high	formal_author_other_previously_out_of_scope	[]	0	freebase_bhht_author_lookup_v1	lookup_candidate_not_frozen	"[""Robert Earl Jones""]"
1687	Geheimrat	1	geheimrat	author_exact	exact_unique	Leadership	Nobility	"[[""Leadership"",""Nobility""]]"	1	1	"[""geheimrat""]"	[1142]	"[[""Leadership"",""Nobility""]]"	[1142]	Leadership	Nobility	geheimrat	0	0	"[{""level1"":""Leadership"",""level2"":""Nobility"",""level3"":""geheimrat"",""person_count"":428,""example_wikidata_codes"":""Q1037354|Q1040081|Q104058""}]"	0	0	[]		needs_review	low	author_candidate_previous_needs_review	[]	0	freebase_bhht_author_lookup_v1	lookup_candidate_not_frozen	"[""Robert von Zahn""]"
1694	Lutenist	1	lutenist	author_exact	exact_unique	Culture	Culture-core	"[[""Culture"",""Culture-core""]]"	1	1	"[""lutenist""]"	[461]	"[[""Culture"",""Culture-core""]]"	[461]	Culture	Culture-core	lutenist	0	0	"[{""level1"":""Culture"",""level2"":""Culture-core"",""level3"":""lutenist"",""person_count"":60,""example_wikidata_codes"":""Q11893286|Q1355349|Q16213750""}]"	0	0	[]	Culture	proposed	high	agrees_with_previous_llm	[]	0	freebase_bhht_author_lookup_v1	lookup_candidate_not_frozen	"[""Roman Turovsky-Savchuk""]"
1709	Painting	1	painting	author_exact	exact_unique	Culture	Culture-core	"[[""Culture"",""Culture-core""]]"	1	1	"[""painting""]"	[484]	"[[""Culture"",""Culture-core""]]"	[484]	Culture	Culture-core	painting	0	0	"[{""level1"":""Culture"",""level2"":""Culture-core"",""level3"":""painting"",""person_count"":28,""example_wikidata_codes"":""Q1283407|Q17018610|Q17198921""}]"	0	0	[]		needs_review	low	author_candidate_previous_needs_review	[]	0	freebase_bhht_author_lookup_v1	lookup_candidate_not_frozen	"[""Sandro Botticelli""]"
1741	geodesist	1	geodesist	author_exact	exact_unique	Discovery/Science	Academia	"[[""Discovery/Science"",""Academia""]]"	1	1	"[""geodesist""]"	[762]	"[[""Discovery/Science"",""Academia""]]"	[762]	Discovery/Science	Academia	geodesist	0	0	"[{""level1"":""Discovery/Science"",""level2"":""Academia"",""level3"":""geodesist"",""person_count"":174,""example_wikidata_codes"":""Q1039264|Q1040181|Q105248""}]"	0	0	[]	Discovery/Science	proposed	medium	agrees_with_previous_llm	[]	0	freebase_bhht_author_lookup_v1	lookup_candidate_not_frozen	"[""Tauno Honkasalo""]"
1744	Taxonomist	1	taxonomist	author_exact	exact_unique	Discovery/Science	Academia	"[[""Discovery/Science"",""Academia""]]"	1	1	"[""taxonomist""]"	[909]	"[[""Discovery/Science"",""Academia""]]"	[909]	Discovery/Science	Academia	taxonomist	0	0	"[{""level1"":""Discovery/Science"",""level2"":""Academia"",""level3"":""taxonomist"",""person_count"":9,""example_wikidata_codes"":""Q15839344|Q16106246|Q1758674""}]"	0	0	[]	Discovery/Science	proposed	medium	agrees_with_previous_llm	[]	0	freebase_bhht_author_lookup_v1	lookup_candidate_not_frozen	"[""Theodore Dru Alison Cockerell""]"
1748	Stylist	1	stylist	author_exact	exact_unique	Culture	Culture-periphery	"[[""Culture"",""Culture-periphery""]]"	1	1	"[""_stylist_""]"	[580]	"[[""Culture"",""Culture-periphery""]]"	[580]	Culture	Culture-periphery	_stylist_	0	0	"[{""level1"":""Culture"",""level2"":""Culture-periphery"",""level3"":""stylist"",""person_count"":80,""example_wikidata_codes"":""Q11679841|Q16204957|Q16205671""}]"	0	0	[]		needs_review	low	author_candidate_previous_needs_review	[]	0	freebase_bhht_author_lookup_v1	lookup_candidate_not_frozen	"[""Thomasina Campbell (Woman)""]"
1753	Penologist	1	penologist	author_exact	exact_unique	Discovery/Science	Academia	"[[""Discovery/Science"",""Academia""]]"	1	1	"[""penologist""]"	[854]	"[[""Discovery/Science"",""Academia""]]"	[854]	Discovery/Science	Academia	penologist	0	0	"[{""level1"":""Discovery/Science"",""level2"":""Academia"",""level3"":""penologist"",""person_count"":3,""example_wikidata_codes"":""Q115021|Q215052|Q6752983""}]"	0	0	[]	Discovery/Science	proposed	medium	agrees_with_previous_llm	[]	0	freebase_bhht_author_lookup_v1	lookup_candidate_not_frozen	"[""Tom Stacey""]"
1773	Hydrographer	1	hydrographer	author_exact	exact_unique	Discovery/Science	Academia	"[[""Discovery/Science"",""Academia""]]"	1	1	"[""hydrographer""]"	[789]	"[[""Discovery/Science"",""Academia""]]"	[789]	Discovery/Science	Academia	hydrographer	0	0	"[{""level1"":""Discovery/Science"",""level2"":""Academia"",""level3"":""hydrographer"",""person_count"":19,""example_wikidata_codes"":""Q15504853|Q15994699|Q16729315""}]"	0	0	[]	Discovery/Science	proposed	high	agrees_with_previous_llm	[]	0	freebase_bhht_author_lookup_v1	lookup_candidate_not_frozen	"[""Voin Rimsky-Korsakov""]"
1783	Settler	1	settler	author_exact	exact_unique	Discovery/Science	Explorer/Inventor/Developer	"[[""Discovery/Science"",""Explorer/Inventor/Developer""]]"	1	1	"[""settler""]"	[1207]	"[[""Discovery/Science"",""Explorer/Inventor/Developer""]]"	[1207]	Discovery/Science	Explorer/Inventor/Developer	settler	0	0	"[{""level1"":""Discovery/Science"",""level2"":""Explorer/Inventor/Developer"",""level3"":""settler"",""person_count"":161,""example_wikidata_codes"":""Q1044481|Q11175420|Q1331295""}]"	0	0	[]		out_of_scope	medium	author_candidate_previous_out_of_scope	[]	0	freebase_bhht_author_lookup_v1	lookup_candidate_not_frozen	"[""William Brewster""]"
1786	Joiner	1	joiner	author_exact	exact_unique	Other	Worker/Business (small)	"[[""Other"",""Worker/Business (small)""]]"	1	1	"[""_joiner_""]"	[1469]	"[[""Other"",""Worker/Business (small)""]]"	[1469]	Other	Worker/Business (small)	_joiner_	0	0	"[{""level1"":""Other"",""level2"":""Worker/Business (small)"",""level3"":""joiner"",""person_count"":121,""example_wikidata_codes"":""Q101455|Q1039406|Q1079776""}]"	0	0	[]		out_of_scope	medium	formal_author_other_previously_out_of_scope	[]	0	freebase_bhht_author_lookup_v1	lookup_candidate_not_frozen	"[""William Henry Hughes""]"
1789	Orientalist	1	orientalist	author_exact	exact_unique	Discovery/Science	Academia	"[[""Discovery/Science"",""Academia""]]"	1	1	"[""orientalist""]"	[837]	"[[""Discovery/Science"",""Academia""]]"	[837]	Discovery/Science	Academia	orientalist	0	0	"[{""level1"":""Discovery/Science"",""level2"":""Academia"",""level3"":""orientalist"",""person_count"":551,""example_wikidata_codes"":""Q1001845|Q100719|Q101743""}]"	0	0	[]	Discovery/Science	proposed	medium	agrees_with_previous_llm	[]	0	freebase_bhht_author_lookup_v1	lookup_candidate_not_frozen	"[""William Ouseley""]"
1806	Management	1	management	author_exact	exact_unique	Leadership	Corporate/Executive/Business (large)	"[[""Leadership"",""Corporate/Executive/Business (large)""]]"	1	1	"[""management""]"	[1233]	"[[""Leadership"",""Corporate/Executive/Business (large)""]]"	[1233]	Leadership	Corporate/Executive/Business (large)	management	0	0	"[{""level1"":""Leadership"",""level2"":""Corporate/Executive/Business (large)"",""level3"":""management"",""person_count"":175,""example_wikidata_codes"":""Q10769908|Q107863|Q1174689""}]"	0	0	[]		needs_review	low	author_candidate_previous_needs_review	[]	0	freebase_bhht_author_lookup_v1	lookup_candidate_not_frozen	"[""m/0125qgs3""]"
1807	Pediatrics	1	pediatrics	author_exact	exact_unique	Discovery/Science	Academia	"[[""Discovery/Science"",""Academia""]]"	1	1	"[""pediatrics""]"	[853]	"[[""Discovery/Science"",""Academia""]]"	[853]	Discovery/Science	Academia	pediatrics	0	0	"[{""level1"":""Discovery/Science"",""level2"":""Academia"",""level3"":""pediatrics"",""person_count"":1,""example_wikidata_codes"":""Q19916287""}]"	0	0	[]		out_of_scope	medium	author_candidate_previous_out_of_scope	[]	0	freebase_bhht_author_lookup_v1	lookup_candidate_not_frozen	"[""m/0127dn6l""]"
