rank	raw_value	graph_people	normalized_label	lookup_method	match_status	candidate_level1	candidate_level2	candidate_parent_pairs_json	candidate_level1_count	candidate_level2_count	candidate_keywords_json	selected_rule_priorities_json	all_substring_parent_pairs_json	all_substring_rule_priorities_json	author_first_match_level1	author_first_match_level2	author_first_match_keyword	exact_overrides_first_match_l1	exact_overrides_first_match_parent	observed_main_reference_json	observed_reference_disagrees	observed_reference_l1_disagrees	lookup_flags_json	previous_llm_level1	previous_llm_status	previous_llm_confidence	previous_llm_comparison	review_flags_json	auxiliary_reference_only_without_author_rule	mapping_version	label_status	sample_people_json
1	Actor	46585	actor	author_exact	exact_unique	Culture	Culture-core	"[[""Culture"",""Culture-core""]]"	1	1	"[""_actor""]"	[303]	"[[""Culture"",""Culture-core""]]"	[303]	Culture	Culture-core	_actor	0	0	"[{""level1"":""Culture"",""level2"":""Culture-core"",""level3"":""actor"",""person_count"":121790,""example_wikidata_codes"":""Q1000015|Q1000089|Q1000204""}]"	0	0	[]	Culture	proposed	high	agrees_with_previous_llm	[]	0	freebase_bhht_author_lookup_v1	lookup_candidate_not_frozen	"[""\""Weird Al\"" Yankovic"", ""'Baby' Carmen De Rue"", ""/m/017vbn""]"
2	Writer	21980	writer	author_exact	exact_unique	Culture	Culture-core	"[[""Culture"",""Culture-core""]]"	1	1	"[""_writer""]"	[343]	"[[""Culture"",""Culture-core""]]"	[343]	Culture	Culture-core	_writer	0	0	"[{""level1"":""Culture"",""level2"":""Culture-core"",""level3"":""writer"",""person_count"":74716,""example_wikidata_codes"":""Q1000005|Q100005|Q100031""}]"	0	0	[]	Culture	proposed	high	agrees_with_previous_llm	[]	0	freebase_bhht_author_lookup_v1	lookup_candidate_not_frozen	"[""\""Weird Al\"" Yankovic"", ""/m/017vbn"", ""14th Dalai Lama""]"
3	Artist	19413	artist	author_exact	exact_unique	Culture	Culture-core	"[[""Culture"",""Culture-core""]]"	1	1	"[""_artist""]"	[304]	"[[""Culture"",""Culture-core""]]"	[304]	Culture	Culture-core	_artist	0	0	"[{""level1"":""Culture"",""level2"":""Culture-core"",""level3"":""artist"",""person_count"":23533,""example_wikidata_codes"":""Q100028|Q1001025|Q1001110""},{""level1"":""Sports/Games"",""level2"":""Sports/Games"",""level3"":""artist"",""person_count"":2,""example_wikidata_codes"":""Q16734944|Q7638832""}]"	1	1	"[""person_main_reference_disagrees_not_used_to_override""]"	Culture	proposed	high	agrees_with_previous_llm	"[""person_main_reference_disagrees_not_used_to_override""]"	0	freebase_bhht_author_lookup_v1	lookup_candidate_not_frozen	"[""\""Weird Al\"" Yankovic"", ""/m/02k2kw"", ""100 Kila""]"
4	Performance Artist	16505	performance_artist	author_substring	substring_unique_candidate	Culture	Culture-core	"[[""Culture"",""Culture-core""]]"	1	1	"[""_artist""]"	[304]	"[[""Culture"",""Culture-core""]]"	[304]	Culture	Culture-core	_artist	0	0	[]	0	0	"[""substring_requires_transfer_review""]"	Culture	proposed	high	agrees_with_previous_llm	"[""substring_requires_transfer_review""]"	0	freebase_bhht_author_lookup_v1	lookup_candidate_not_frozen	"[""\""Weird Al\"" Yankovic"", ""/m/02k2kw"", ""100 Kila""]"
5	Musician	13465	musician	author_exact	exact_unique	Culture	Culture-core	"[[""Culture"",""Culture-core""]]"	1	1	"[""musician""]"	[473]	"[[""Culture"",""Culture-core""]]"	[325,473]	Culture	Culture-core	_music	0	0	"[{""level1"":""Culture"",""level2"":""Culture-core"",""level3"":""musician"",""person_count"":7,""example_wikidata_codes"":""Q24055602|Q5537169|Q5550283""}]"	0	0	[]	Culture	proposed	high	agrees_with_previous_llm	[]	0	freebase_bhht_author_lookup_v1	lookup_candidate_not_frozen	"[""\""Weird Al\"" Yankovic"", ""/m/02k2kw"", ""100 Kila""]"
6	Screenwriter	10552	screenwriter	author_exact	exact_unique	Culture	Culture-core	"[[""Culture"",""Culture-core""]]"	1	1	"[""screenwriter""]"	[524]	"[[""Culture"",""Culture-core""]]"	[524]	Culture	Culture-core	screenwriter	0	0	"[{""level1"":""Culture"",""level2"":""Culture-core"",""level3"":""screenwriter"",""person_count"":9966,""example_wikidata_codes"":""Q100207|Q1002882|Q100314""}]"	0	0	[]	Culture	proposed	high	agrees_with_previous_llm	[]	0	freebase_bhht_author_lookup_v1	lookup_candidate_not_frozen	"[""\""Weird Al\"" Yankovic"", ""23668Rajendra Singh Babu"", ""50 Cent""]"
7	Film director	8505	film_director	author_substring	substring_unique_candidate	Culture	Culture-core	"[[""Culture"",""Culture-core""]]"	1	1	"[""_film_""]"	[320]	"[[""Culture"",""Culture-core""]]"	[320]	Culture	Culture-core	_film_	0	0	[]	0	0	"[""substring_requires_transfer_review""]"	Culture	proposed	high	agrees_with_previous_llm	"[""substring_requires_transfer_review""]"	0	freebase_bhht_author_lookup_v1	lookup_candidate_not_frozen	"[""\""Weird Al\"" Yankovic"", ""23668Rajendra Singh Babu"", ""A. B. Raj""]"
8	Film Producer	8141	film_producer	author_substring	substring_unique_candidate	Culture	Culture-core	"[[""Culture"",""Culture-core""]]"	1	1	"[""_film_"",""producer""]"	[320,506]	"[[""Culture"",""Culture-core""]]"	[320,506]	Culture	Culture-core	_film_	0	0	[]	0	0	"[""substring_requires_transfer_review""]"	Culture	proposed	high	agrees_with_previous_llm	"[""substring_requires_transfer_review""]"	0	freebase_bhht_author_lookup_v1	lookup_candidate_not_frozen	"[""23668Rajendra Singh Babu"", ""50 Cent"", ""A Martinez""]"
9	Singer	8056	singer	author_exact	exact_unique	Culture	Culture-core	"[[""Culture"",""Culture-core""]]"	1	1	"[""singer""]"	[529]	"[[""Culture"",""Culture-core""]]"	[529]	Culture	Culture-core	singer	0	0	"[{""level1"":""Culture"",""level2"":""Culture-core"",""level3"":""singer"",""person_count"":47583,""example_wikidata_codes"":""Q1000588|Q1000682|Q1001145""}]"	0	0	[]	Culture	proposed	high	agrees_with_previous_llm	[]	0	freebase_bhht_author_lookup_v1	lookup_candidate_not_frozen	"[""\""Weird Al\"" Yankovic"", ""/m/02k2kw"", ""A Martinez""]"
10	Athlete	7946	athlete	author_exact	exact_unique	Sports/Games	Sports/Games	"[[""Sports/Games"",""Sports/Games""]]"	1	1	"[""athlete""]"	[32]	"[[""Sports/Games"",""Sports/Games""]]"	[32]	Sports/Games	Sports/Games	athlete	0	0	"[{""level1"":""Sports/Games"",""level2"":""Sports/Games"",""level3"":""athlete"",""person_count"":6561,""example_wikidata_codes"":""Q1000164|Q100627|Q101422""}]"	0	0	[]	Sports/Games	proposed	high	agrees_with_previous_llm	[]	0	freebase_bhht_author_lookup_v1	lookup_candidate_not_frozen	"[""A'ala Hubail"", ""A. J. Allmendinger"", ""A. J. Feeley""]"
11	Politician	5549	politician	author_exact	exact_unique	Leadership	Politics	"[[""Leadership"",""Politics""]]"	1	1	"[""politician""]"	[1014]	"[[""Leadership"",""Politics""]]"	[1014]	Leadership	Politics	politician	0	0	"[{""level1"":""Leadership"",""level2"":""Politics"",""level3"":""politician"",""person_count"":270513,""example_wikidata_codes"":""Q1000051|Q1000061|Q1000070""}]"	0	0	[]	Leadership	proposed	high	agrees_with_previous_llm	[]	0	freebase_bhht_author_lookup_v1	lookup_candidate_not_frozen	"[""A. A. MacLeod"", ""A. K. Faezul Huq"", ""A. K. Fazlul Huq""]"
12	Business executive	4245	business_executive	author_substring	substring_unique_candidate	Leadership	Corporate/Executive/Business (large)	"[[""Leadership"",""Corporate/Executive/Business (large)""]]"	1	1	"[""business"",""executive""]"	[1218,1223]	"[[""Leadership"",""Corporate/Executive/Business (large)""]]"	[1218,1223]	Leadership	Corporate/Executive/Business (large)	business	0	0	[]	0	0	"[""substring_requires_transfer_review""]"	Leadership	proposed	high	agrees_with_previous_llm	"[""substring_requires_transfer_review""]"	0	freebase_bhht_author_lookup_v1	lookup_candidate_not_frozen	"[""\""Weird Al\"" Yankovic"", ""/m/017vbn"", ""A-Trak""]"
13	Manager	4155	manager	author_exact	exact_unique	Leadership	Corporate/Executive/Business (large)	"[[""Leadership"",""Corporate/Executive/Business (large)""]]"	1	1	"[""manager""]"	[1234]	"[[""Leadership"",""Corporate/Executive/Business (large)""]]"	[1234]	Leadership	Corporate/Executive/Business (large)	manager	0	0	"[{""level1"":""Leadership"",""level2"":""Corporate/Executive/Business (large)"",""level3"":""manager"",""person_count"":2083,""example_wikidata_codes"":""Q100419|Q100493|Q101501""}]"	0	0	[]		needs_review	low	author_candidate_previous_needs_review	[]	0	freebase_bhht_author_lookup_v1	lookup_candidate_not_frozen	"[""\""Weird Al\"" Yankovic"", ""/m/017vbn"", ""A-Trak""]"
14	Businessperson	4031	businessperson	author_substring	substring_unique_candidate	Leadership	Corporate/Executive/Business (large)	"[[""Leadership"",""Corporate/Executive/Business (large)""]]"	1	1	"[""business""]"	[1218]	"[[""Leadership"",""Corporate/Executive/Business (large)""]]"	[1218]	Leadership	Corporate/Executive/Business (large)	business	0	0	[]	0	0	"[""substring_requires_transfer_review""]"	Leadership	proposed	medium	agrees_with_previous_llm	"[""substring_requires_transfer_review""]"	0	freebase_bhht_author_lookup_v1	lookup_candidate_not_frozen	"[""50 Cent"", ""A. Alfred Taubman"", ""A. D. Peters""]"
15	Author	3887	author	author_exact	exact_unique	Culture	Culture-core	"[[""Culture"",""Culture-core""]]"	1	1	"[""author""]"	[352]	"[[""Culture"",""Culture-core""]]"	[352]	Culture	Culture-core	author	0	0	"[{""level1"":""Culture"",""level2"":""Culture-core"",""level3"":""author"",""person_count"":19743,""example_wikidata_codes"":""Q1006103|Q100844|Q101316""}]"	0	0	[]	Culture	proposed	high	agrees_with_previous_llm	[]	0	freebase_bhht_author_lookup_v1	lookup_candidate_not_frozen	"[""A. A. Gill"", ""A. B. Yehoshua"", ""A. Bartlett Giamatti""]"
16	Voice Actor	3657	voice_actor	author_substring	substring_unique_candidate	Culture	Culture-core	"[[""Culture"",""Culture-core""]]"	1	1	"[""_actor""]"	[303]	"[[""Culture"",""Culture-core""]]"	[303]	Culture	Culture-core	_actor	0	0	[]	0	0	"[""substring_requires_transfer_review""]"	Culture	proposed	high	agrees_with_previous_llm	"[""substring_requires_transfer_review""]"	0	freebase_bhht_author_lookup_v1	lookup_candidate_not_frozen	"[""A.J. Trauth"", ""Aaron Michael Metchik"", ""Aaron Paul""]"
17	Scientist	3582	scientist	author_exact	exact_unique	Discovery/Science	Academia	"[[""Discovery/Science"",""Academia""]]"	1	1	"[""scientist""]"	[894]	"[[""Discovery/Science"",""Academia""]]"	[894]	Discovery/Science	Academia	scientist	0	0	"[{""level1"":""Discovery/Science"",""level2"":""Academia"",""level3"":""scientist"",""person_count"":4273,""example_wikidata_codes"":""Q100275|Q102075|Q10263139""}]"	0	0	[]	Discovery/Science	proposed	high	agrees_with_previous_llm	[]	0	freebase_bhht_author_lookup_v1	lookup_candidate_not_frozen	"[""A. P. Balachandran"", ""A. Richard Newton"", ""Aafia Siddiqui""]"
18	Composer (Profession)	3520	composer_(profession)	author_substring	substring_unique_candidate	Culture	Culture-core	"[[""Culture"",""Culture-core""]]"	1	1	"[""composer""]"	[398]	"[[""Culture"",""Culture-core""]]"	[398]	Culture	Culture-core	composer	0	0	[]	0	0	"[""substring_requires_transfer_review""]"	Culture	proposed	high	agrees_with_previous_llm	"[""substring_requires_transfer_review""]"	0	freebase_bhht_author_lookup_v1	lookup_candidate_not_frozen	"[""\""Weird Al\"" Yankovic"", ""A. M. Rajah"", ""A. R. Rahman""]"
19	Television producer	3307	television_producer	author_substring	substring_same_l1_multiple_l2	Culture		"[[""Culture"",""Culture-core""],[""Culture"",""Culture-periphery""]]"	1	2	"[""producer"",""television""]"	[506,655]	"[[""Culture"",""Culture-core""],[""Culture"",""Culture-periphery""]]"	[506,655]	Culture	Culture-core	producer	0	0	[]	0	0	"[""substring_requires_transfer_review"",""multiple_author_l2_candidates""]"	Culture	proposed	high	agrees_with_previous_llm	"[""substring_requires_transfer_review"",""multiple_author_l2_candidates""]"	0	freebase_bhht_author_lookup_v1	lookup_candidate_not_frozen	"[""\""Weird Al\"" Yankovic"", ""A. C. Lyles"", ""A. Edward Sutherland""]"
20	Educator	3229	educator	author_exact	exact_unique	Discovery/Science	Academia	"[[""Discovery/Science"",""Academia""]]"	1	1	"[""educator""]"	[738]	"[[""Discovery/Science"",""Academia""]]"	[738]	Discovery/Science	Academia	educator	0	0	"[{""level1"":""Discovery/Science"",""level2"":""Academia"",""level3"":""educator"",""person_count"":1819,""example_wikidata_codes"":""Q10276397|Q10281212|Q10281346""}]"	0	0	[]	Discovery/Science	proposed	high	agrees_with_previous_llm	[]	0	freebase_bhht_author_lookup_v1	lookup_candidate_not_frozen	"[""A. Bartlett Giamatti"", ""A. Michael Baldwin"", ""A. Richard Newton""]"
21	Broadcaster	3132	broadcaster	author_substring	substring_unique_candidate	Culture	Culture-periphery	"[[""Culture"",""Culture-periphery""]]"	1	1	"[""broadcast""]"	[592]	"[[""Culture"",""Culture-periphery""]]"	[592]	Culture	Culture-periphery	broadcast	0	0	[]	0	0	"[""substring_requires_transfer_review""]"	Culture	proposed	high	agrees_with_previous_llm	"[""substring_requires_transfer_review""]"	0	freebase_bhht_author_lookup_v1	lookup_candidate_not_frozen	"[""A. J. Benza"", ""Aarre Elo"", ""Abby Huntsman""]"
22	Journalist	2991	journalist	author_exact	exact_unique	Culture	Culture-periphery	"[[""Culture"",""Culture-periphery""]]"	1	1	"[""journalist""]"	[629]	"[[""Culture"",""Culture-periphery""]]"	[629]	Culture	Culture-periphery	journalist	0	0	"[{""level1"":""Culture"",""level2"":""Culture-periphery"",""level3"":""journalist"",""person_count"":36072,""example_wikidata_codes"":""Q1000045|Q1000180|Q1000605""}]"	0	0	[]	Culture	proposed	high	agrees_with_previous_llm	[]	0	freebase_bhht_author_lookup_v1	lookup_candidate_not_frozen	"[""A. A. Gill"", ""A. Bhimsingh"", ""A. J. Benza""]"
23	Football player	2863	football_player	author_substring	substring_unique_candidate	Sports/Games	Sports/Games	"[[""Sports/Games"",""Sports/Games""]]"	1	1	"[""football"",""player""]"	[101,189]	"[[""Sports/Games"",""Sports/Games""]]"	[101,189]	Sports/Games	Sports/Games	football	0	0	[]	0	0	"[""substring_requires_transfer_review""]"	Sports/Games	proposed	high	agrees_with_previous_llm	"[""substring_requires_transfer_review""]"	0	freebase_bhht_author_lookup_v1	lookup_candidate_not_frozen	"[""A'ala Hubail"", ""A. J. Feeley"", ""Aaron Curry""]"
24	Model	2817	model	author_exact	exact_unique	Culture	Culture-periphery	"[[""Culture"",""Culture-periphery""]]"	1	1	"[""_model_""]"	[577]	"[[""Culture"",""Culture-periphery""]]"	[577]	Culture	Culture-periphery	_model_	0	0	"[{""level1"":""Culture"",""level2"":""Culture-periphery"",""level3"":""model"",""person_count"":5919,""example_wikidata_codes"":""Q100418|Q1007244|Q100728""}]"	0	0	[]	Culture	proposed	high	agrees_with_previous_llm	[]	0	freebase_bhht_author_lookup_v1	lookup_candidate_not_frozen	"[""AJ Dee"", ""AJ Michalka"", ""AYAMI (Model)""]"
25	Presenter	2632	presenter	author_exact	exact_unique	Culture	Culture-periphery	"[[""Culture"",""Culture-periphery""]]"	1	1	"[""presenter""]"	[638]	"[[""Culture"",""Culture-periphery""]]"	[638]	Culture	Culture-periphery	presenter	0	0	"[{""level1"":""Culture"",""level2"":""Culture-periphery"",""level3"":""presenter"",""person_count"":5218,""example_wikidata_codes"":""Q100217|Q100237|Q100247""}]"	0	0	[]	Culture	proposed	high	agrees_with_previous_llm	[]	0	freebase_bhht_author_lookup_v1	lookup_candidate_not_frozen	"[""A. J. Benza"", ""Aarre Elo"", ""Abby Huntsman""]"
26	Novelist	2512	novelist	author_exact	exact_unique	Culture	Culture-core	"[[""Culture"",""Culture-core""]]"	1	1	"[""novelist""]"	[474]	"[[""Culture"",""Culture-core""]]"	[474]	Culture	Culture-core	novelist	0	0	"[{""level1"":""Culture"",""level2"":""Culture-core"",""level3"":""novelist"",""person_count"":9076,""example_wikidata_codes"":""Q10019781|Q1005559|Q10065349""}]"	0	0	[]	Culture	proposed	high	agrees_with_previous_llm	[]	0	freebase_bhht_author_lookup_v1	lookup_candidate_not_frozen	"[""A. A. Milne"", ""A. B. Yehoshua"", ""A. E. Hotchner""]"
27	Television director	2438	television_director	author_substring	substring_unique_candidate	Culture	Culture-periphery	"[[""Culture"",""Culture-periphery""]]"	1	1	"[""television""]"	[655]	"[[""Culture"",""Culture-periphery""]]"	[655]	Culture	Culture-periphery	television	0	0	[]	0	0	"[""substring_requires_transfer_review""]"	Culture	proposed	high	agrees_with_previous_llm	"[""substring_requires_transfer_review""]"	0	freebase_bhht_author_lookup_v1	lookup_candidate_not_frozen	"[""\""Weird Al\"" Yankovic"", ""A. Edward Sutherland"", ""Aaron D. Forste""]"
28	Entertainer	2358	entertainer	author_exact	exact_unique	Culture	Culture-core	"[[""Culture"",""Culture-core""]]"	1	1	"[""entertainer""]"	[416]	"[[""Culture"",""Culture-core""]]"	[416]	Culture	Culture-core	entertainer	0	0	"[{""level1"":""Culture"",""level2"":""Culture-core"",""level3"":""entertainer"",""person_count"":200,""example_wikidata_codes"":""Q100802|Q111177|Q1138657""}]"	0	0	[]	Culture	proposed	high	agrees_with_previous_llm	[]	0	freebase_bhht_author_lookup_v1	lookup_candidate_not_frozen	"[""\""Weird Al\"" Yankovic"", ""100 Kila"", ""A-Trak""]"
29	Criminal defense lawyer	2304	criminal_defense_lawyer	author_substring	substring_cross_l1_conflict			"[[""Leadership"",""Administration/Law""],[""Other"",""Other""]]"	2	2	"[""_lawyer"",""criminal""]"	[1053,1792]	"[[""Leadership"",""Administration/Law""],[""Other"",""Other""]]"	[1053,1792]	Leadership	Administration/Law	_lawyer	0	0	[]	0	0	"[""substring_requires_transfer_review"",""multiple_author_l1_candidates""]"	Leadership	proposed	high	no_unique_author_l1_candidate	"[""substring_requires_transfer_review"",""multiple_author_l1_candidates""]"	0	freebase_bhht_author_lookup_v1	lookup_candidate_not_frozen	"[""A. Linwood Holton Jr."", ""A. N. R. Robinson"", ""A. P. Herbert""]"
30	Lawyer	2304	lawyer	author_exact	exact_unique	Leadership	Administration/Law	"[[""Leadership"",""Administration/Law""]]"	1	1	"[""_lawyer""]"	[1053]	"[[""Leadership"",""Administration/Law""]]"	[1053]	Leadership	Administration/Law	_lawyer	0	0	"[{""level1"":""Leadership"",""level2"":""Administration/Law"",""level3"":""lawyer"",""person_count"":39809,""example_wikidata_codes"":""Q1000228|Q1000324|Q1000439""}]"	0	0	[]	Leadership	proposed	high	agrees_with_previous_llm	[]	0	freebase_bhht_author_lookup_v1	lookup_candidate_not_frozen	"[""A. Linwood Holton Jr."", ""A. N. R. Robinson"", ""A. P. Herbert""]"
31	Designer	2186	designer	author_exact	exact_unique	Culture	Culture-periphery	"[[""Culture"",""Culture-periphery""]]"	1	1	"[""designer""]"	[606]	"[[""Culture"",""Culture-periphery""]]"	[606]	Culture	Culture-periphery	designer	0	0	"[{""level1"":""Culture"",""level2"":""Culture-periphery"",""level3"":""designer"",""person_count"":5456,""example_wikidata_codes"":""Q100236|Q100652|Q101536""}]"	0	0	[]	Culture	proposed	medium	agrees_with_previous_llm	[]	0	freebase_bhht_author_lookup_v1	lookup_candidate_not_frozen	"[""A. W. Lawrence"", ""Abbas Kiarostami"", ""Abel Facello""]"
32	Songwriter	2169	songwriter	author_exact	exact_unique	Culture	Culture-core	"[[""Culture"",""Culture-core""]]"	1	1	"[""songwriter""]"	[535]	"[[""Culture"",""Culture-core""]]"	[535]	Culture	Culture-core	songwriter	0	0	"[{""level1"":""Culture"",""level2"":""Culture-core"",""level3"":""songwriter"",""person_count"":4245,""example_wikidata_codes"":""Q10102972|Q1016417|Q102236""}]"	0	0	[]	Culture	proposed	high	agrees_with_previous_llm	[]	0	freebase_bhht_author_lookup_v1	lookup_candidate_not_frozen	"[""/m/02k2kw"", ""50 Cent"", ""A. P. Carter""]"
33	Editor	2061	editor	author_exact	exact_unique	Culture	Culture-periphery	"[[""Culture"",""Culture-periphery""]]"	1	1	"[""editor""]"	[612]	"[[""Culture"",""Culture-periphery""]]"	[612]	Culture	Culture-periphery	editor	0	0	"[{""level1"":""Culture"",""level2"":""Culture-periphery"",""level3"":""editor"",""person_count"":2686,""example_wikidata_codes"":""Q1000896|Q100116|Q100327""},{""level1"":""Other"",""level2"":""Worker/Business (small)"",""level3"":""editor"",""person_count"":10,""example_wikidata_codes"":""Q10284549|Q10289065|Q10310228""}]"	1	1	"[""person_main_reference_disagrees_not_used_to_override""]"	Culture	proposed	medium	agrees_with_previous_llm	"[""person_main_reference_disagrees_not_used_to_override""]"	0	freebase_bhht_author_lookup_v1	lookup_candidate_not_frozen	"[""A. Bhimsingh"", ""Aaron Howland"", ""Aaron Woodley""]"
34	Film Score Composer	2012	film_score_composer	author_substring	substring_unique_candidate	Culture	Culture-core	"[[""Culture"",""Culture-core""]]"	1	1	"[""_film_"",""composer""]"	[320,398]	"[[""Culture"",""Culture-core""]]"	[320,398]	Culture	Culture-core	_film_	0	0	[]	0	0	"[""substring_requires_transfer_review""]"	Culture	proposed	high	agrees_with_previous_llm	"[""substring_requires_transfer_review""]"	0	freebase_bhht_author_lookup_v1	lookup_candidate_not_frozen	"[""A. M. Rajah"", ""A. R. Rahman"", ""Aadesh Shrivastava""]"
35	Comedian	1871	comedian	author_exact	exact_unique	Culture	Culture-core	"[[""Culture"",""Culture-core""]]"	1	1	"[""comedian""]"	[393]	"[[""Culture"",""Culture-core""]]"	[393]	Culture	Culture-core	comedian	0	0	"[{""level1"":""Culture"",""level2"":""Culture-core"",""level3"":""comedian"",""person_count"":2863,""example_wikidata_codes"":""Q1001240|Q100333|Q101973""}]"	0	0	[]	Culture	proposed	high	agrees_with_previous_llm	[]	0	freebase_bhht_author_lookup_v1	lookup_candidate_not_frozen	"[""\""Weird Al\"" Yankovic"", ""A. Whitney Brown"", ""Aaron Morris (Comedian)""]"
36	Health professional	1687	health_professional	no_author_rule	no_author_rule			[]	0	0	[]	[]	[]	[]				0	0	[]	0	0	"[""no_author_rule""]"	Discovery/Science	proposed	medium	no_unique_author_l1_candidate	"[""no_author_rule""]"	0	freebase_bhht_author_lookup_v1	lookup_candidate_not_frozen	"[""A. J. Cronin"", ""A. Lakshmanaswami Mudaliar"", ""Aaron Ciechanover""]"
37	Mathematician	1682	mathematician	author_exact	exact_unique	Discovery/Science	Academia	"[[""Discovery/Science"",""Academia""]]"	1	1	"[""mathematician""]"	[810]	"[[""Discovery/Science"",""Academia""]]"	[810]	Discovery/Science	Academia	mathematician	0	0	"[{""level1"":""Discovery/Science"",""level2"":""Academia"",""level3"":""mathematician"",""person_count"":11453,""example_wikidata_codes"":""Q1000034|Q1000581|Q1001295""}]"	0	0	[]	Discovery/Science	proposed	high	agrees_with_previous_llm	[]	0	freebase_bhht_author_lookup_v1	lookup_candidate_not_frozen	"[""A. Ross Eckler"", ""A. Ross Eckler, Jr."", ""Abdulalim A. Shabazz""]"
38	Singer-songwriter	1599	singer-songwriter	author_substring	substring_unique_candidate	Culture	Culture-core	"[[""Culture"",""Culture-core""]]"	1	1	"[""singer"",""songwriter""]"	[529,535]	"[[""Culture"",""Culture-core""]]"	[529,535]	Culture	Culture-core	singer	0	0	[]	0	0	"[""substring_requires_transfer_review""]"	Culture	proposed	high	agrees_with_previous_llm	"[""substring_requires_transfer_review""]"	0	freebase_bhht_author_lookup_v1	lookup_candidate_not_frozen	"[""\""Weird Al\"" Yankovic"", ""A. P. Carter"", ""Aaron Carter""]"
39	Teacher	1594	teacher	author_exact	exact_unique	Discovery/Science	Academia	"[[""Discovery/Science"",""Academia""]]"	1	1	"[""teacher_""]"	[910]	"[[""Discovery/Science"",""Academia""]]"	[910]	Discovery/Science	Academia	teacher_	0	0	"[{""level1"":""Discovery/Science"",""level2"":""Academia"",""level3"":""teacher"",""person_count"":5380,""example_wikidata_codes"":""Q1004158|Q100460|Q100681""}]"	0	0	[]	Discovery/Science	proposed	high	agrees_with_previous_llm	[]	0	freebase_bhht_author_lookup_v1	lookup_candidate_not_frozen	"[""A. Bartlett Giamatti"", ""A. Michael Baldwin"", ""A. W. Lawrence""]"
40	Poet	1556	poet	author_exact	exact_unique	Culture	Culture-core	"[[""Culture"",""Culture-core""]]"	1	1	"[""_poet""]"	[329]	"[[""Culture"",""Culture-core""]]"	[329]	Culture	Culture-core	_poet	0	0	"[{""level1"":""Culture"",""level2"":""Culture-core"",""level3"":""poet"",""person_count"":23795,""example_wikidata_codes"":""Q100035|Q100203|Q100334""}]"	0	0	[]	Culture	proposed	high	agrees_with_previous_llm	[]	0	freebase_bhht_author_lookup_v1	lookup_candidate_not_frozen	"[""A. E. Stallings"", ""A. S. Byatt"", ""Aarni Krohn""]"
41	Healthcare professional	1555	healthcare_professional	no_author_rule	no_author_rule			[]	0	0	[]	[]	[]	[]				0	0	[]	0	0	"[""no_author_rule""]"	Discovery/Science	proposed	medium	no_unique_author_l1_candidate	"[""no_author_rule""]"	0	freebase_bhht_author_lookup_v1	lookup_candidate_not_frozen	"[""A. J. Cronin"", ""A. Lakshmanaswami Mudaliar"", ""Aaron Ciechanover""]"
42	Operator	1478	operator	author_exact	exact_unique	Other	Worker/Business (small)	"[[""Other"",""Worker/Business (small)""]]"	1	1	"[""operator""]"	[1661]	"[[""Other"",""Worker/Business (small)""]]"	[1661]	Other	Worker/Business (small)	operator	0	0	"[{""level1"":""Other"",""level2"":""Worker/Business (small)"",""level3"":""operator"",""person_count"":68,""example_wikidata_codes"":""Q10696426|Q1265214|Q12857340""}]"	0	0	[]		needs_review	low	author_candidate_previous_needs_review	[]	0	freebase_bhht_author_lookup_v1	lookup_candidate_not_frozen	"[""Abbas Kiarostami"", ""Abe Forman-Greenwald"", ""Adam Alleca""]"
43	Cameraman	1466	cameraman	no_author_rule	no_author_rule			[]	0	0	[]	[]	[]	[]				0	0	[]	0	0	"[""no_author_rule""]"	Culture	proposed	high	no_unique_author_l1_candidate	"[""no_author_rule""]"	0	freebase_bhht_author_lookup_v1	lookup_candidate_not_frozen	"[""Abbas Kiarostami"", ""Abe Forman-Greenwald"", ""Adam Alleca""]"
44	Playwright	1464	playwright	author_exact	exact_unique	Culture	Culture-core	"[[""Culture"",""Culture-core""]]"	1	1	"[""playwright""]"	[498]	"[[""Culture"",""Culture-core""]]"	[498]	Culture	Culture-core	playwright	0	0	"[{""level1"":""Culture"",""level2"":""Culture-core"",""level3"":""playwright"",""person_count"":3540,""example_wikidata_codes"":""Q1000002|Q1000323|Q1005963""}]"	0	0	[]	Culture	proposed	high	agrees_with_previous_llm	[]	0	freebase_bhht_author_lookup_v1	lookup_candidate_not_frozen	"[""/m/017vbn"", ""A. A. Milne"", ""A. B. Yehoshua""]"
45	Cinematographer	1429	cinematographer	author_exact	exact_unique	Culture	Culture-core	"[[""Culture"",""Culture-core""]]"	1	1	"[""cinematographer""]"	[386]	"[[""Culture"",""Culture-core""]]"	[385,386]	Culture	Culture-core	cinema	0	0	"[{""level1"":""Culture"",""level2"":""Culture-core"",""level3"":""cinematographer"",""person_count"":94,""example_wikidata_codes"":""Q11459270|Q11614896|Q12326272""}]"	0	0	[]	Culture	proposed	high	agrees_with_previous_llm	[]	0	freebase_bhht_author_lookup_v1	lookup_candidate_not_frozen	"[""Abbas Kiarostami"", ""Abe Forman-Greenwald"", ""Adam Alleca""]"
46	Physician	1410	physician	author_exact	exact_unique	Discovery/Science	Academia	"[[""Discovery/Science"",""Academia""]]"	1	1	"[""physician""]"	[867]	"[[""Discovery/Science"",""Academia""]]"	[867]	Discovery/Science	Academia	physician	0	0	"[{""level1"":""Discovery/Science"",""level2"":""Academia"",""level3"":""physician"",""person_count"":15827,""example_wikidata_codes"":""Q1000079|Q100252|Q100292""}]"	0	0	[]	Discovery/Science	proposed	high	agrees_with_previous_llm	[]	0	freebase_bhht_author_lookup_v1	lookup_candidate_not_frozen	"[""A. J. Cronin"", ""A. Lakshmanaswami Mudaliar"", ""Aaron Ciechanover""]"
47	Film editor	1401	film_editor	author_substring	substring_same_l1_multiple_l2	Culture		"[[""Culture"",""Culture-core""],[""Culture"",""Culture-periphery""]]"	1	2	"[""_film_"",""editor""]"	[320,612]	"[[""Culture"",""Culture-core""],[""Culture"",""Culture-periphery""]]"	[320,612]	Culture	Culture-core	_film_	0	0	[]	0	0	"[""substring_requires_transfer_review"",""multiple_author_l2_candidates""]"	Culture	proposed	high	agrees_with_previous_llm	"[""substring_requires_transfer_review"",""multiple_author_l2_candidates""]"	0	freebase_bhht_author_lookup_v1	lookup_candidate_not_frozen	"[""A. Bhimsingh"", ""Aaron Howland"", ""Aaron Woodley""]"
48	Music Producer	1379	music_producer	author_substring	substring_unique_candidate	Culture	Culture-core	"[[""Culture"",""Culture-core""]]"	1	1	"[""_music"",""producer""]"	[325,506]	"[[""Culture"",""Culture-core""]]"	[325,506]	Culture	Culture-core	_music	0	0	[]	0	0	"[""substring_requires_transfer_review""]"	Culture	proposed	high	agrees_with_previous_llm	"[""substring_requires_transfer_review""]"	0	freebase_bhht_author_lookup_v1	lookup_candidate_not_frozen	"[""\""Weird Al\"" Yankovic"", ""A-Trak"", ""A. R. Rahman""]"
49	Visual Artist	1323	visual_artist	author_exact	exact_unique	Culture	Culture-periphery	"[[""Culture"",""Culture-periphery""]]"	1	1	"[""visual_artist""]"	[659]	"[[""Culture"",""Culture-core""],[""Culture"",""Culture-periphery""]]"	[304,659]	Culture	Culture-core	_artist	0	1	"[{""level1"":""Culture"",""level2"":""Culture-periphery"",""level3"":""visual_artist"",""person_count"":21,""example_wikidata_codes"":""Q16104380|Q16151811|Q18387820""}]"	0	0	"[""exact_lookup_differs_from_full_author_first_match""]"	Culture	proposed	high	agrees_with_previous_llm	"[""exact_lookup_differs_from_full_author_first_match""]"	0	freebase_bhht_author_lookup_v1	lookup_candidate_not_frozen	"[""Aaron Douglas"", ""Abidin Dino"", ""Ad Reinhardt""]"
50	Music executive	1298	music_executive	author_substring	substring_cross_l1_conflict			"[[""Culture"",""Culture-core""],[""Leadership"",""Corporate/Executive/Business (large)""]]"	2	2	"[""_music"",""executive""]"	[325,1223]	"[[""Culture"",""Culture-core""],[""Leadership"",""Corporate/Executive/Business (large)""]]"	[325,1223]	Culture	Culture-core	_music	0	0	[]	0	0	"[""substring_requires_transfer_review"",""multiple_author_l1_candidates""]"	Leadership	proposed	high	no_unique_author_l1_candidate	"[""substring_requires_transfer_review"",""multiple_author_l1_candidates""]"	0	freebase_bhht_author_lookup_v1	lookup_candidate_not_frozen	"[""\""Weird Al\"" Yankovic"", ""A-Trak"", ""A. R. Rahman""]"
51	Record producer	1284	record_producer	author_exact	exact_unique	Culture	Culture-periphery	"[[""Culture"",""Culture-periphery""]]"	1	1	"[""record_producer""]"	[647]	"[[""Culture"",""Culture-core""],[""Culture"",""Culture-periphery""]]"	[506,647]	Culture	Culture-core	producer	0	1	"[{""level1"":""Culture"",""level2"":""Culture-periphery"",""level3"":""record_producer"",""person_count"":9,""example_wikidata_codes"":""Q16202297|Q16255643|Q1710967""}]"	0	0	"[""exact_lookup_differs_from_full_author_first_match""]"	Culture	proposed	high	agrees_with_previous_llm	"[""exact_lookup_differs_from_full_author_first_match""]"	0	freebase_bhht_author_lookup_v1	lookup_candidate_not_frozen	"[""\""Weird Al\"" Yankovic"", ""A-Trak"", ""A. R. Rahman""]"
52	Dancer	1257	dancer	author_exact	exact_unique	Culture	Culture-core	"[[""Culture"",""Culture-core""]]"	1	1	"[""dancer""]"	[410]	"[[""Culture"",""Culture-core""]]"	[410]	Culture	Culture-core	dancer	0	0	"[{""level1"":""Culture"",""level2"":""Culture-core"",""level3"":""dancer"",""person_count"":1996,""example_wikidata_codes"":""Q1000318|Q1024044|Q1028986""},{""level1"":""Culture"",""level2"":""Sports/Games"",""level3"":""dancer"",""person_count"":448,""example_wikidata_codes"":""Q111163|Q11286573|Q11301035""}]"	1	0	"[""person_main_reference_disagrees_not_used_to_override""]"	Culture	proposed	high	agrees_with_previous_llm	"[""person_main_reference_disagrees_not_used_to_override""]"	0	freebase_bhht_author_lookup_v1	lookup_candidate_not_frozen	"[""A. J. Cook"", ""Aaliyah"", ""Aaron Carter""]"
53	Philosopher	1149	philosopher	author_exact	exact_unique	Discovery/Science	Academia	"[[""Discovery/Science"",""Academia""]]"	1	1	"[""philosopher""]"	[861]	"[[""Discovery/Science"",""Academia""]]"	[861]	Discovery/Science	Academia	philosopher	0	0	"[{""level1"":""Discovery/Science"",""level2"":""Academia"",""level3"":""philosopher"",""person_count"":8193,""example_wikidata_codes"":""Q100210|Q1006982|Q100741""}]"	0	0	[]	Discovery/Science	proposed	high	agrees_with_previous_llm	[]	0	freebase_bhht_author_lookup_v1	lookup_candidate_not_frozen	"[""14th Dalai Lama"", ""A. D. Gordon"", ""A.J. Ayer""]"
54	Entrepreneur	1105	entrepreneur	author_exact	exact_unique	Leadership	Corporate/Executive/Business (large)	"[[""Leadership"",""Corporate/Executive/Business (large)""]]"	1	1	"[""entrepreneur""]"	[1222]	"[[""Leadership"",""Corporate/Executive/Business (large)""]]"	[1222]	Leadership	Corporate/Executive/Business (large)	entrepreneur	0	0	"[{""level1"":""Leadership"",""level2"":""Corporate/Executive/Business (large)"",""level3"":""entrepreneur"",""person_count"":7785,""example_wikidata_codes"":""Q1000600|Q1000803|Q1001899""}]"	0	0	[]	Leadership	proposed	high	agrees_with_previous_llm	[]	0	freebase_bhht_author_lookup_v1	lookup_candidate_not_frozen	"[""50 Cent"", ""A-Trak"", ""A. Alfred Taubman""]"
55	Guitarist	1057	guitarist	author_substring	substring_unique_candidate	Culture	Culture-core	"[[""Culture"",""Culture-core""]]"	1	1	"[""guitar""]"	[434]	"[[""Culture"",""Culture-core""]]"	[434]	Culture	Culture-core	guitar	0	0	[]	0	0	"[""substring_requires_transfer_review""]"	Culture	proposed	high	agrees_with_previous_llm	"[""substring_requires_transfer_review""]"	0	freebase_bhht_author_lookup_v1	lookup_candidate_not_frozen	"[""A.J. Marik"", ""A.J. Trauth"", ""AJ Michalka""]"
56	Professor	1026	professor	author_exact	exact_unique	Discovery/Science	Academia	"[[""Discovery/Science"",""Academia""]]"	1	1	"[""professor""]"	[878]	"[[""Discovery/Science"",""Academia""]]"	[878]	Discovery/Science	Academia	professor	0	0	"[{""level1"":""Discovery/Science"",""level2"":""Academia"",""level3"":""professor"",""person_count"":6320,""example_wikidata_codes"":""Q1000044|Q10002689|Q100230""}]"	0	0	[]	Discovery/Science	proposed	high	agrees_with_previous_llm	[]	0	freebase_bhht_author_lookup_v1	lookup_candidate_not_frozen	"[""A. Richard Newton"", ""A. W. Lawrence"", ""Aaron Ciechanover""]"
57	Engineer	1006	engineer	author_exact	exact_unique	Discovery/Science	Explorer/Inventor/Developer	"[[""Discovery/Science"",""Explorer/Inventor/Developer""]]"	1	1	"[""engineer""]"	[1187]	"[[""Discovery/Science"",""Explorer/Inventor/Developer""]]"	[1187]	Discovery/Science	Explorer/Inventor/Developer	engineer	0	0	"[{""level1"":""Discovery/Science"",""level2"":""Explorer/Inventor/Developer"",""level3"":""engineer"",""person_count"":14349,""example_wikidata_codes"":""Q100209|Q1002765|Q100282""}]"	0	0	[]	Discovery/Science	proposed	high	agrees_with_previous_llm	[]	0	freebase_bhht_author_lookup_v1	lookup_candidate_not_frozen	"[""A. Richard Newton"", ""A.J. Marik"", ""Abdul Qadeer Khan""]"
58	Theatre Director	996	theatre_director	author_substring	substring_unique_candidate	Culture	Culture-core	"[[""Culture"",""Culture-core""]]"	1	1	"[""theatre""]"	[550]	"[[""Culture"",""Culture-core""]]"	[550]	Culture	Culture-core	theatre	0	0	[]	0	0	"[""substring_requires_transfer_review""]"	Culture	proposed	high	agrees_with_previous_llm	"[""substring_requires_transfer_review""]"	0	freebase_bhht_author_lookup_v1	lookup_candidate_not_frozen	"[""/m/017vbn"", ""Abe Burrows"", ""Abigail Hopkins""]"
59	Painter	943	painter	author_exact	exact_unique	Culture	Culture-core	"[[""Culture"",""Culture-core""]]"	1	1	"[""painter""]"	[483]	"[[""Culture"",""Culture-core""]]"	[483]	Culture	Culture-core	painter	0	0	"[{""level1"":""Culture"",""level2"":""Culture-core"",""level3"":""painter"",""person_count"":60189,""example_wikidata_codes"":""Q1000229|Q1000596|Q1000601""}]"	0	0	[]	Culture	proposed	high	agrees_with_previous_llm	[]	0	freebase_bhht_author_lookup_v1	lookup_candidate_not_frozen	"[""/m/02k2kw"", ""Aaron Douglas"", ""Abidin Dino""]"
60	Physicist	913	physicist	author_exact	exact_unique	Discovery/Science	Academia	"[[""Discovery/Science"",""Academia""]]"	1	1	"[""physicist""]"	[868]	"[[""Discovery/Science"",""Academia""]]"	[868]	Discovery/Science	Academia	physicist	0	0	"[{""level1"":""Discovery/Science"",""level2"":""Academia"",""level3"":""physicist"",""person_count"":9536,""example_wikidata_codes"":""Q1000934|Q100212|Q100216""}]"	0	0	[]	Discovery/Science	proposed	high	agrees_with_previous_llm	[]	0	freebase_bhht_author_lookup_v1	lookup_candidate_not_frozen	"[""A. P. Balachandran"", ""Aage Bohr"", ""Aaron Klug""]"
61	Official	913	official	no_author_rule	no_author_rule			[]	0	0	[]	[]	[]	[]				0	0	[]	0	0	"[""no_author_rule""]"		needs_review	low	no_unique_author_l1_candidate	"[""no_author_rule""]"	0	freebase_bhht_author_lookup_v1	lookup_candidate_not_frozen	"[""Aaron Isaac Maltin"", ""Abd al-Aziz ibn Baz"", ""Abid Hussain""]"
62	American Football player	872	american_football_player	author_substring	substring_unique_candidate	Sports/Games	Sports/Games	"[[""Sports/Games"",""Sports/Games""]]"	1	1	"[""football"",""player""]"	[101,189]	"[[""Sports/Games"",""Sports/Games""]]"	[101,189]	Sports/Games	Sports/Games	football	0	0	[]	0	0	"[""substring_requires_transfer_review""]"	Sports/Games	proposed	high	agrees_with_previous_llm	"[""substring_requires_transfer_review""]"	0	freebase_bhht_author_lookup_v1	lookup_candidate_not_frozen	"[""A. J. Feeley"", ""Aaron Curry"", ""Aaron Glenn""]"
63	Photographer	823	photographer	author_exact	exact_unique	Culture	Culture-core	"[[""Culture"",""Culture-core""]]"	1	1	"[""photographer""]"	[491]	"[[""Culture"",""Culture-core""]]"	[491]	Culture	Culture-core	photographer	0	0	"[{""level1"":""Culture"",""level2"":""Culture-core"",""level3"":""photographer"",""person_count"":11055,""example_wikidata_codes"":""Q1004027|Q100515|Q100525""}]"	0	0	[]	Culture	proposed	high	agrees_with_previous_llm	[]	0	freebase_bhht_author_lookup_v1	lookup_candidate_not_frozen	"[""Abbas Kiarostami"", ""Abraham Stein"", ""Aditya Bhattacharya""]"
64	Baseball Player	751	baseball_player	author_substring	substring_unique_candidate	Sports/Games	Sports/Games	"[[""Sports/Games"",""Sports/Games""]]"	1	1	"[""baseball"",""player""]"	[40,189]	"[[""Sports/Games"",""Sports/Games""]]"	[40,189]	Sports/Games	Sports/Games	baseball	0	0	[]	0	0	"[""substring_requires_transfer_review""]"	Sports/Games	proposed	high	agrees_with_previous_llm	"[""substring_requires_transfer_review""]"	0	freebase_bhht_author_lookup_v1	lookup_candidate_not_frozen	"[""Aaron Boone"", ""Aaron Pointer"", ""Adam LaRoche""]"
65	Conductor	723	conductor	author_exact	exact_unique	Culture	Culture-core	"[[""Culture"",""Culture-core""]]"	1	1	"[""conductor""]"	[401]	"[[""Culture"",""Culture-core""]]"	[401]	Culture	Culture-core	conductor	0	0	"[{""level1"":""Culture"",""level2"":""Culture-core"",""level3"":""conductor"",""person_count"":5875,""example_wikidata_codes"":""Q100243|Q100309|Q100360""},{""level1"":""Other"",""level2"":""Worker/Business (small)"",""level3"":""conductor"",""person_count"":2,""example_wikidata_codes"":""Q20651270|Q5715965""}]"	1	1	"[""person_main_reference_disagrees_not_used_to_override""]"	Culture	proposed	high	agrees_with_previous_llm	"[""person_main_reference_disagrees_not_used_to_override""]"	0	freebase_bhht_author_lookup_v1	lookup_candidate_not_frozen	"[""A. M. Rajah"", ""A. R. Rahman"", ""Aadesh Shrivastava""]"
66	Architect	717	architect	author_exact	exact_unique	Culture	Culture-periphery	"[[""Culture"",""Culture-periphery""]]"	1	1	"[""architect""]"	[586]	"[[""Culture"",""Culture-periphery""]]"	[586]	Culture	Culture-periphery	architect	0	0	"[{""level1"":""Culture"",""level2"":""Culture-periphery"",""level3"":""architect"",""person_count"":20332,""example_wikidata_codes"":""Q1000203|Q1000696|Q100073""}]"	0	0	[]	Culture	proposed	high	agrees_with_previous_llm	[]	0	freebase_bhht_author_lookup_v1	lookup_candidate_not_frozen	"[""A. W. Lawrence"", ""Abraham Levy"", ""Abram Garfield""]"
67	Coach	696	coach	author_exact	exact_unique	Sports/Games	Sports/Games	"[[""Sports/Games"",""Sports/Games""]]"	1	1	"[""coach""]"	[75]	"[[""Sports/Games"",""Sports/Games""]]"	[75]	Sports/Games	Sports/Games	coach	0	0	"[{""level1"":""Sports/Games"",""level2"":""Culture-periphery"",""level3"":""coach"",""person_count"":11,""example_wikidata_codes"":""Q16194257|Q21062603|Q22958620""},{""level1"":""Sports/Games"",""level2"":""Sports/Games"",""level3"":""coach"",""person_count"":4751,""example_wikidata_codes"":""Q101586|Q10269030|Q1027161""}]"	1	0	"[""person_main_reference_disagrees_not_used_to_override""]"		needs_review	low	author_candidate_previous_needs_review	"[""person_main_reference_disagrees_not_used_to_override""]"	0	freebase_bhht_author_lookup_v1	lookup_candidate_not_frozen	"[""Abel Braga"", ""Al Dacascos"", ""Al Golden""]"
68	Religious Leader (Religious Leadership Title)	648	religious_leader_(religious_leadership_title)	author_substring	substring_unique_candidate	Leadership	Religious	"[[""Leadership"",""Religious""]]"	1	1	"[""religious""]"	[1351]	"[[""Leadership"",""Religious""]]"	[1351]	Leadership	Religious	religious	0	0	[]	0	0	"[""substring_requires_transfer_review""]"	Leadership	proposed	high	agrees_with_previous_llm	"[""substring_requires_transfer_review""]"	0	freebase_bhht_author_lookup_v1	lookup_candidate_not_frozen	"[""14th Dalai Lama"", ""Aaron Teitelbaum"", ""Abbé Pierre""]"
69	Pianist	636	pianist	author_exact	exact_unique	Culture	Culture-core	"[[""Culture"",""Culture-core""]]"	1	1	"[""pianist""]"	[495]	"[[""Culture"",""Culture-core""]]"	[495]	Culture	Culture-core	pianist	0	0	"[{""level1"":""Culture"",""level2"":""Culture-core"",""level3"":""pianist"",""person_count"":6133,""example_wikidata_codes"":""Q1000788|Q1000975|Q1001135""}]"	0	0	[]	Culture	proposed	high	agrees_with_previous_llm	[]	0	freebase_bhht_author_lookup_v1	lookup_candidate_not_frozen	"[""Aaron Copland"", ""Abdullah Ibrahim"", ""Abram Chasins""]"
70	Historian	614	historian	author_exact	exact_unique	Discovery/Science	Academia	"[[""Discovery/Science"",""Academia""]]"	1	1	"[""historian""]"	[783]	"[[""Discovery/Science"",""Academia""]]"	[783]	Discovery/Science	Academia	historian	0	0	"[{""level1"":""Discovery/Science"",""level2"":""Academia"",""level3"":""historian"",""person_count"":24196,""example_wikidata_codes"":""Q1000405|Q1000920|Q100246""}]"	0	0	[]	Discovery/Science	proposed	high	agrees_with_previous_llm	[]	0	freebase_bhht_author_lookup_v1	lookup_candidate_not_frozen	"[""Abiel Holmes"", ""Abraham Pais"", ""Abram L. Sachar""]"
71	Soldier	613	soldier	author_exact	exact_unique	Leadership	Military	"[[""Leadership"",""Military""]]"	1	1	"[""soldier""]"	[1423]	"[[""Leadership"",""Military""]]"	[1423]	Leadership	Military	soldier	0	0	"[{""level1"":""Leadership"",""level2"":""Military"",""level3"":""soldier"",""person_count"":4086,""example_wikidata_codes"":""Q100305|Q100488|Q101594""}]"	0	0	[]	Leadership	proposed	high	agrees_with_previous_llm	[]	0	freebase_bhht_author_lookup_v1	lookup_candidate_not_frozen	"[""A. R. Rawlinson"", ""Aaron Elliston Jones"", ""Abbas Ali Khan (Soldier)""]"
72	Television crew	612	television_crew	author_substring	substring_unique_candidate	Culture	Culture-periphery	"[[""Culture"",""Culture-periphery""]]"	1	1	"[""television""]"	[655]	"[[""Culture"",""Culture-periphery""]]"	[655]	Culture	Culture-periphery	television	0	0	[]	0	0	"[""substring_requires_transfer_review""]"		needs_review	low	author_candidate_previous_needs_review	"[""substring_requires_transfer_review""]"	0	freebase_bhht_author_lookup_v1	lookup_candidate_not_frozen	"[""Abel Facello"", ""Adam Alexander Dawson"", ""Adrianne Lobel""]"
73	Chemist	606	chemist	author_exact	exact_unique	Discovery/Science	Academia	"[[""Discovery/Science"",""Academia""]]"	1	1	"[""chemist""]"	[715]	"[[""Discovery/Science"",""Academia""]]"	[715]	Discovery/Science	Academia	chemist	0	0	"[{""level1"":""Discovery/Science"",""level2"":""Academia"",""level3"":""chemist"",""person_count"":7964,""example_wikidata_codes"":""Q100140|Q100277|Q100461""}]"	0	0	[]	Discovery/Science	proposed	high	agrees_with_previous_llm	[]	0	freebase_bhht_author_lookup_v1	lookup_candidate_not_frozen	"[""Aaron Klug"", ""Abū Rayḥān al-Bīrūnī"", ""Ad Bax""]"
74	Economist	546	economist	author_exact	exact_unique	Discovery/Science	Academia	"[[""Discovery/Science"",""Academia""]]"	1	1	"[""economist""]"	[736]	"[[""Discovery/Science"",""Academia""]]"	[736]	Discovery/Science	Academia	economist	0	0	"[{""level1"":""Discovery/Science"",""level2"":""Academia"",""level3"":""economist"",""person_count"":9510,""example_wikidata_codes"":""Q1001839|Q100308|Q100519""}]"	0	0	[]	Discovery/Science	proposed	high	agrees_with_previous_llm	[]	0	freebase_bhht_author_lookup_v1	lookup_candidate_not_frozen	"[""A. Ronald Gallant"", ""Aaron Director"", ""Abba P. Lerner""]"
75	Critic	527	critic	author_exact	exact_unique	Culture	Culture-periphery	"[[""Culture"",""Culture-periphery""]]"	1	1	"[""critic""]"	[604]	"[[""Culture"",""Culture-periphery""]]"	[604]	Culture	Culture-periphery	critic	0	0	"[{""level1"":""Culture"",""level2"":""Culture-periphery"",""level3"":""critic"",""person_count"":260,""example_wikidata_codes"":""Q10330009|Q1065647|Q1081122""}]"	0	0	[]	Culture	proposed	medium	agrees_with_previous_llm	[]	0	freebase_bhht_author_lookup_v1	lookup_candidate_not_frozen	"[""A. O. Scott"", ""Adam Baruch"", ""Adam Kirsch""]"
76	Activist	525	activist	author_exact	exact_unique	Leadership	Politics	"[[""Leadership"",""Politics""]]"	1	1	"[""activist""]"	[939]	"[[""Leadership"",""Politics""]]"	[939]	Leadership	Politics	activist	0	0	"[{""level1"":""Leadership"",""level2"":""Politics"",""level3"":""activist"",""person_count"":4954,""example_wikidata_codes"":""Q1006271|Q102394|Q10304974""}]"	0	0	[]	Leadership	proposed	medium	agrees_with_previous_llm	[]	0	freebase_bhht_author_lookup_v1	lookup_candidate_not_frozen	"[""Abbie Hoffman"", ""Abdoulaye Wade"", ""Abdul Rahman Yusuf""]"
77	Cartoonist	471	cartoonist	author_exact	exact_unique	Culture	Culture-core	"[[""Culture"",""Culture-core""]]"	1	1	"[""cartoonist""]"	[371]	"[[""Culture"",""Culture-core""]]"	[371]	Culture	Culture-core	cartoonist	0	0	"[{""level1"":""Culture"",""level2"":""Culture-core"",""level3"":""cartoonist"",""person_count"":1949,""example_wikidata_codes"":""Q1018347|Q10262868|Q1027405""}]"	0	0	[]	Culture	proposed	high	agrees_with_previous_llm	[]	0	freebase_bhht_author_lookup_v1	lookup_candidate_not_frozen	"[""Ahsan Habib"", ""Al Roth (Cartoonist)"", ""Alan Moore""]"
78	Sex worker	456	sex_worker	author_substring	substring_unique_candidate	Other	Worker/Business (small)	"[[""Other"",""Worker/Business (small)""]]"	1	1	"[""worker""]"	[1716]	"[[""Other"",""Worker/Business (small)""]]"	[1716]	Other	Worker/Business (small)	worker	0	0	[]	0	0	"[""substring_requires_transfer_review""]"		out_of_scope	high	formal_author_other_previously_out_of_scope	"[""substring_requires_transfer_review""]"	0	freebase_bhht_author_lookup_v1	lookup_candidate_not_frozen	"[""Adrianna Nicole"", ""Alana Evans"", ""Alektra Blue""]"
79	Pornographic film actor	436	pornographic_film_actor	author_substring	substring_unique_candidate	Culture	Culture-core	"[[""Culture"",""Culture-core""]]"	1	1	"[""_actor"",""_film_""]"	[303,320]	"[[""Culture"",""Culture-core""]]"	[303,320]	Culture	Culture-core	_actor	0	0	[]	0	0	"[""substring_requires_transfer_review""]"	Culture	proposed	high	agrees_with_previous_llm	"[""substring_requires_transfer_review""]"	0	freebase_bhht_author_lookup_v1	lookup_candidate_not_frozen	"[""Adrianna Nicole"", ""Alana Evans"", ""Alektra Blue""]"
80	Costume designer	416	costume_designer	author_exact	exact_unique	Culture	Culture-core	"[[""Culture"",""Culture-core""]]"	1	1	"[""costume_designer""]"	[405]	"[[""Culture"",""Culture-core""],[""Culture"",""Culture-periphery""]]"	[405,606]	Culture	Culture-core	costume_designer	0	0	"[{""level1"":""Culture"",""level2"":""Culture-core"",""level3"":""costume_designer"",""person_count"":693,""example_wikidata_codes"":""Q100675|Q10391758|Q1067185""}]"	0	0	[]	Culture	proposed	high	agrees_with_previous_llm	[]	0	freebase_bhht_author_lookup_v1	lookup_candidate_not_frozen	"[""Adelaide Maria Trêpa"", ""Adele Palmer"", ""Adelle Lutz""]"
81	Ice Hockey Player	409	ice_hockey_player	author_substring	substring_unique_candidate	Sports/Games	Sports/Games	"[[""Sports/Games"",""Sports/Games""]]"	1	1	"[""hockey"",""ice_hockey"",""player""]"	[131,140,189]	"[[""Sports/Games"",""Sports/Games""]]"	[131,140,189]	Sports/Games	Sports/Games	hockey	0	0	[]	0	0	"[""substring_requires_transfer_review""]"	Sports/Games	proposed	high	agrees_with_previous_llm	"[""substring_requires_transfer_review""]"	0	freebase_bhht_author_lookup_v1	lookup_candidate_not_frozen	"[""Adam Lidström"", ""Adam Lowry"", ""Alexander Ovechkin""]"
82	Linguist	407	linguist	author_exact	exact_unique	Discovery/Science	Academia	"[[""Discovery/Science"",""Academia""]]"	1	1	"[""linguist""]"	[805]	"[[""Discovery/Science"",""Academia""]]"	[805]	Discovery/Science	Academia	linguist	0	0	"[{""level1"":""Discovery/Science"",""level2"":""Academia"",""level3"":""linguist"",""person_count"":4788,""example_wikidata_codes"":""Q1000542|Q1001629|Q1011744""}]"	0	0	[]	Discovery/Science	proposed	high	agrees_with_previous_llm	[]	0	freebase_bhht_author_lookup_v1	lookup_candidate_not_frozen	"[""Abū Rayḥān al-Bīrūnī"", ""Adi Shamir"", ""Adolfo Bioy Casares""]"
83	Navigator	406	navigator	author_exact	exact_unique	Discovery/Science	Explorer/Inventor/Developer	"[[""Discovery/Science"",""Explorer/Inventor/Developer""]]"	1	1	"[""navigator""]"	[1200]	"[[""Discovery/Science"",""Explorer/Inventor/Developer""]]"	[1200]	Discovery/Science	Explorer/Inventor/Developer	navigator	0	0	"[{""level1"":""Discovery/Science"",""level2"":""Explorer/Inventor/Developer"",""level3"":""navigator"",""person_count"":131,""example_wikidata_codes"":""Q10287848|Q102962|Q10327356""}]"	0	0	[]		needs_review	low	author_candidate_previous_needs_review	[]	0	freebase_bhht_author_lookup_v1	lookup_candidate_not_frozen	"[""A. Viruly"", ""Abby Sunderland"", ""Adolf Erik Nordenskiöld""]"
84	Production Designer	405	production_designer	author_exact	exact_unique	Culture	Culture-core	"[[""Culture"",""Culture-core""]]"	1	1	"[""production_designer""]"	[507]	"[[""Culture"",""Culture-core""],[""Culture"",""Culture-periphery""]]"	[507,606]	Culture	Culture-core	production_designer	0	0	"[{""level1"":""Culture"",""level2"":""Culture-core"",""level3"":""production_designer"",""person_count"":374,""example_wikidata_codes"":""Q1028992|Q10299184|Q10349655""}]"	0	0	[]	Culture	proposed	high	agrees_with_previous_llm	[]	0	freebase_bhht_author_lookup_v1	lookup_candidate_not_frozen	"[""Abel Facello"", ""Adrianne Lobel"", ""Aksella Luts""]"
85	Lyricist (Profession)	401	lyricist_(profession)	author_substring	substring_unique_candidate	Culture	Culture-core	"[[""Culture"",""Culture-core""]]"	1	1	"[""lyricist""]"	[462]	"[[""Culture"",""Culture-core""]]"	[462]	Culture	Culture-core	lyricist	0	0	[]	0	0	"[""substring_requires_transfer_review""]"	Culture	proposed	high	agrees_with_previous_llm	"[""substring_requires_transfer_review""]"	0	freebase_bhht_author_lookup_v1	lookup_candidate_not_frozen	"[""Aberjhani"", ""Adam Guettel"", ""Adam J King""]"
86	Basketball Player	392	basketball_player	author_substring	substring_unique_candidate	Sports/Games	Sports/Games	"[[""Sports/Games"",""Sports/Games""]]"	1	1	"[""basket"",""player""]"	[42,189]	"[[""Sports/Games"",""Sports/Games""]]"	[42,189]	Sports/Games	Sports/Games	basket	0	0	[]	0	0	"[""substring_requires_transfer_review""]"	Sports/Games	proposed	high	agrees_with_previous_llm	"[""substring_requires_transfer_review""]"	0	freebase_bhht_author_lookup_v1	lookup_candidate_not_frozen	"[""Abi Olajuwon"", ""Al Horford"", ""Al-Farouq Aminu""]"
87	Stunt Performer	390	stunt_performer	author_substring	substring_unique_candidate	Culture	Culture-core	"[[""Culture"",""Culture-core""]]"	1	1	"[""_stunt_"",""performer""]"	[340,488]	"[[""Culture"",""Culture-core""]]"	[340,488]	Culture	Culture-core	_stunt_	0	0	[]	0	0	"[""substring_requires_transfer_review""]"	Culture	proposed	high	agrees_with_previous_llm	"[""substring_requires_transfer_review""]"	0	freebase_bhht_author_lookup_v1	lookup_candidate_not_frozen	"[""A. David Burleigh"", ""Aaron Norris"", ""Ace Hudkins""]"
88	Radio personality	382	radio_personality	author_substring	substring_unique_candidate	Culture	Culture-periphery	"[[""Culture"",""Culture-periphery""]]"	1	1	"[""_radio_""]"	[579]	"[[""Culture"",""Culture-periphery""]]"	[579]	Culture	Culture-periphery	_radio_	0	0	[]	0	0	"[""substring_requires_transfer_review""]"	Culture	proposed	high	agrees_with_previous_llm	"[""substring_requires_transfer_review""]"	0	freebase_bhht_author_lookup_v1	lookup_candidate_not_frozen	"[""Abd al-Aziz ibn Baz"", ""Abdul-Aziz ibn Abdullah Al ash-Sheikh"", ""Adam Carolla""]"
89	Military Officer	382	military_officer	author_substring	substring_unique_candidate	Leadership	Military	"[[""Leadership"",""Military""]]"	1	1	"[""militar"",""officer_""]"	[1407,1412]	"[[""Leadership"",""Military""]]"	[1407,1412]	Leadership	Military	militar	0	0	[]	0	0	"[""substring_requires_transfer_review""]"	Leadership	proposed	high	agrees_with_previous_llm	"[""substring_requires_transfer_review""]"	0	freebase_bhht_author_lookup_v1	lookup_candidate_not_frozen	"[""Adlai Stevenson III"", ""Akechi Mitsuhide"", ""Akechi Mitsuyoshi""]"
90	Art Director	379	art_director	author_exact	exact_unique	Culture	Culture-core	"[[""Culture"",""Culture-core""]]"	1	1	"[""art_director""]"	[351]	"[[""Culture"",""Culture-core""]]"	[351]	Culture	Culture-core	art_director	0	0	"[{""level1"":""Culture"",""level2"":""Culture-core"",""level3"":""art_director"",""person_count"":407,""example_wikidata_codes"":""Q1036742|Q1044653|Q105725""}]"	0	0	[]	Culture	proposed	high	agrees_with_previous_llm	[]	0	freebase_bhht_author_lookup_v1	lookup_candidate_not_frozen	"[""Abel Facello"", ""Adam Johnson (Actor)"", ""Adria Petty""]"
91	Agent	378	agent	no_author_rule	no_author_rule			[]	0	0	[]	[]	[]	[]				0	0	"[{""level1"":""Culture"",""level2"":""Culture-core"",""level3"":""agent"",""person_count"":22,""example_wikidata_codes"":""Q16138080|Q16262430|Q1701304""}]"	0	0	"[""no_author_rule""]"		needs_review	low	no_unique_author_l1_candidate	"[""no_author_rule""]"	1	freebase_bhht_author_lookup_v1	lookup_candidate_not_frozen	"[""A. D. Peters"", ""Adrie Subono"", ""Aileen Eaton""]"
92	Clergy	376	clergy	author_exact	exact_unique	Leadership	Religious	"[[""Leadership"",""Religious""]]"	1	1	"[""clergy""]"	[1293]	"[[""Leadership"",""Religious""]]"	[1293]	Leadership	Religious	clergy	0	0	"[{""level1"":""Leadership"",""level2"":""Religious"",""level3"":""clergy"",""person_count"":874,""example_wikidata_codes"":""Q1010356|Q10294922|Q10308809""}]"	0	0	[]	Leadership	proposed	high	agrees_with_previous_llm	[]	0	freebase_bhht_author_lookup_v1	lookup_candidate_not_frozen	"[""Aaron Teitelbaum"", ""Abdul Aziz al-Hakim"", ""Abraham Geiger""]"
93	Diplomat	366	diplomat	author_exact	exact_unique	Leadership	Administration/Law	"[[""Leadership"",""Administration/Law""]]"	1	1	"[""diplomat""]"	[1070]	"[[""Leadership"",""Administration/Law""]]"	[1070]	Leadership	Administration/Law	diplomat	0	0	"[{""level1"":""Leadership"",""level2"":""Administration/Law"",""level3"":""diplomat"",""person_count"":13380,""example_wikidata_codes"":""Q1000053|Q100259|Q100656""}]"	0	0	[]	Leadership	proposed	high	agrees_with_previous_llm	[]	0	freebase_bhht_author_lookup_v1	lookup_candidate_not_frozen	"[""Abid Hussain"", ""Ahmed Saleh"", ""Ahn Changho""]"
94	Race car driver	360	race_car_driver	author_substring	substring_unique_candidate	Sports/Games	Sports/Games	"[[""Sports/Games"",""Sports/Games""]]"	1	1	"[""_driver_"",""race_car""]"	[9,204]	"[[""Sports/Games"",""Sports/Games""]]"	[9,204]	Sports/Games	Sports/Games	_driver_	0	0	[]	0	0	"[""substring_requires_transfer_review""]"	Sports/Games	proposed	high	agrees_with_previous_llm	"[""substring_requires_transfer_review""]"	0	freebase_bhht_author_lookup_v1	lookup_candidate_not_frozen	"[""A. J. Allmendinger"", ""A. J. Fike"", ""Aaron Fike""]"
95	Producer	355	producer	author_exact	exact_unique	Culture	Culture-core	"[[""Culture"",""Culture-core""]]"	1	1	"[""producer""]"	[506]	"[[""Culture"",""Culture-core""]]"	[506]	Culture	Culture-core	producer	0	0	"[{""level1"":""Culture"",""level2"":""Culture-core"",""level3"":""producer"",""person_count"":6570,""example_wikidata_codes"":""Q1001205|Q1009403|Q101602""}]"	0	0	[]		needs_review	low	author_candidate_previous_needs_review	[]	0	freebase_bhht_author_lookup_v1	lookup_candidate_not_frozen	"[""Adrianne Lobel"", ""Albert Lewis (TV Writer)"", ""Albert Marre""]"
96	Drummer	351	drummer	author_exact	exact_unique	Culture	Culture-core	"[[""Culture"",""Culture-core""]]"	1	1	"[""drummer""]"	[414]	"[[""Culture"",""Culture-core""]]"	[414]	Culture	Culture-core	drummer	0	0	"[{""level1"":""Culture"",""level2"":""Culture-core"",""level3"":""drummer"",""person_count"":2256,""example_wikidata_codes"":""Q1003742|Q1019363|Q10293961""}]"	0	0	[]	Culture	proposed	high	agrees_with_previous_llm	[]	0	freebase_bhht_author_lookup_v1	lookup_candidate_not_frozen	"[""Abraham Laboriel Jr."", ""Adam Goldstein"", ""Adam Wade""]"
97	TV Personality (Profession)	346	tv_personality_(profession)	no_author_rule	no_author_rule			[]	0	0	[]	[]	[]	[]				0	0	[]	0	0	"[""no_author_rule""]"	Culture	proposed	high	no_unique_author_l1_candidate	"[""no_author_rule""]"	0	freebase_bhht_author_lookup_v1	lookup_candidate_not_frozen	"[""Adam Carolla"", ""Adam Curry"", ""Akiko Matsumoto (Actor)""]"
98	Judge	334	judge	author_exact	exact_unique	Leadership	Administration/Law	"[[""Leadership"",""Administration/Law""]]"	1	1	"[""judge""]"	[1076]	"[[""Leadership"",""Administration/Law""]]"	[1076]	Leadership	Administration/Law	judge	0	0	"[{""level1"":""Leadership"",""level2"":""Administration/Law"",""level3"":""judge"",""person_count"":10827,""example_wikidata_codes"":""Q1000023|Q1001260|Q100297""}]"	0	0	[]	Leadership	proposed	high	agrees_with_previous_llm	[]	0	freebase_bhht_author_lookup_v1	lookup_candidate_not_frozen	"[""Aaron Isaac Maltin"", ""Abd al-Aziz ibn Baz"", ""Abraham Nott""]"
99	Essayist	329	essayist	author_exact	exact_unique	Culture	Culture-core	"[[""Culture"",""Culture-core""]]"	1	1	"[""essayist""]"	[419]	"[[""Culture"",""Culture-core""]]"	[419]	Culture	Culture-core	essayist	0	0	"[{""level1"":""Culture"",""level2"":""Culture-core"",""level3"":""essayist"",""person_count"":858,""example_wikidata_codes"":""Q10278165|Q10310366|Q10321386""}]"	0	0	[]	Culture	proposed	high	agrees_with_previous_llm	[]	0	freebase_bhht_author_lookup_v1	lookup_candidate_not_frozen	"[""A. B. Yehoshua"", ""Adrienne Rich"", ""Akiko Kumai""]"
100	Film art director	324	film_art_director	author_substring	substring_unique_candidate	Culture	Culture-core	"[[""Culture"",""Culture-core""]]"	1	1	"[""_film_"",""art_director""]"	[320,351]	"[[""Culture"",""Culture-core""]]"	[320,351]	Culture	Culture-core	_film_	0	0	[]	0	0	"[""substring_requires_transfer_review""]"	Culture	proposed	high	agrees_with_previous_llm	"[""substring_requires_transfer_review""]"	0	freebase_bhht_author_lookup_v1	lookup_candidate_not_frozen	"[""Abel Facello"", ""Adam Johnson (Actor)"", ""Aino Mantsas""]"
101	Wrestler	322	wrestler	author_exact	exact_unique	Sports/Games	Sports/Games	"[[""Sports/Games"",""Sports/Games""]]"	1	1	"[""wrestler""]"	[298]	"[[""Sports/Games"",""Sports/Games""]]"	[298]	Sports/Games	Sports/Games	wrestler	0	0	"[{""level1"":""Sports/Games"",""level2"":""Sports/Games"",""level3"":""wrestler"",""person_count"":7368,""example_wikidata_codes"":""Q100030|Q1000807|Q1001305""}]"	0	0	[]	Sports/Games	proposed	high	agrees_with_previous_llm	[]	0	freebase_bhht_author_lookup_v1	lookup_candidate_not_frozen	"[""Afa Anoaʻi"", ""Afa Anoaʻi Jr."", ""Al Snow""]"
102	Rapper	316	rapper	author_exact	exact_unique	Culture	Culture-core	"[[""Culture"",""Culture-core""]]"	1	1	"[""rapper""]"	[512]	"[[""Culture"",""Culture-core""]]"	[512]	Culture	Culture-core	rapper	0	0	"[{""level1"":""Culture"",""level2"":""Culture-core"",""level3"":""rapper"",""person_count"":2508,""example_wikidata_codes"":""Q1004356|Q1008047|Q101788""}]"	0	0	[]	Culture	proposed	high	agrees_with_previous_llm	[]	0	freebase_bhht_author_lookup_v1	lookup_candidate_not_frozen	"[""100 Kila"", ""50 Cent"", ""A.B. Quintanilla""]"
103	Theatrical producer	316	theatrical_producer	author_substring	substring_unique_candidate	Culture	Culture-core	"[[""Culture"",""Culture-core""]]"	1	1	"[""producer"",""theatrical""]"	[506,551]	"[[""Culture"",""Culture-core""]]"	[506,551]	Culture	Culture-core	producer	0	0	[]	0	0	"[""substring_requires_transfer_review""]"	Culture	proposed	high	agrees_with_previous_llm	"[""substring_requires_transfer_review""]"	0	freebase_bhht_author_lookup_v1	lookup_candidate_not_frozen	"[""Adrianne Lobel"", ""Albert Lewis (TV Writer)"", ""Albert Marre""]"
104	Translator (Film job)	298	translator_(film_job)	author_substring	substring_unique_candidate	Other	Worker/Business (small)	"[[""Other"",""Worker/Business (small)""]]"	1	1	"[""translator""]"	[1703]	"[[""Other"",""Worker/Business (small)""]]"	[1703]	Other	Worker/Business (small)	translator	0	0	[]	0	0	"[""substring_requires_transfer_review""]"		needs_review	low	author_candidate_previous_needs_review	"[""substring_requires_transfer_review""]"	0	freebase_bhht_author_lookup_v1	lookup_candidate_not_frozen	"[""Adolfo Bioy Casares"", ""Aeronwy Thomas"", ""Akiko Kishida""]"
105	Music Director	289	music_director	author_substring	substring_unique_candidate	Culture	Culture-core	"[[""Culture"",""Culture-core""]]"	1	1	"[""_music""]"	[325]	"[[""Culture"",""Culture-core""]]"	[325]	Culture	Culture-core	_music	0	0	[]	0	0	"[""substring_requires_transfer_review""]"	Culture	proposed	high	agrees_with_previous_llm	"[""substring_requires_transfer_review""]"	0	freebase_bhht_author_lookup_v1	lookup_candidate_not_frozen	"[""A. M. Rajah"", ""A. R. Rahman"", ""Aadesh Shrivastava""]"
106	Technician	287	technician	author_exact	exact_unique	Other	Worker/Business (small)	"[[""Other"",""Worker/Business (small)""]]"	1	1	"[""technician""]"	[1698]	"[[""Other"",""Worker/Business (small)""]]"	[1698]	Other	Worker/Business (small)	technician	0	0	"[{""level1"":""Other"",""level2"":""Worker/Business (small)"",""level3"":""technician"",""person_count"":69,""example_wikidata_codes"":""Q104502|Q1126634|Q12677264""}]"	0	0	[]		needs_review	low	author_candidate_previous_needs_review	[]	0	freebase_bhht_author_lookup_v1	lookup_candidate_not_frozen	"[""Alan David Moss"", ""Alan Hale, Sr."", ""Alejandro Luna""]"
107	Announcer	286	announcer	author_exact	exact_unique	Culture	Culture-periphery	"[[""Culture"",""Culture-periphery""]]"	1	1	"[""announcer""]"	[585]	"[[""Culture"",""Culture-periphery""]]"	[585]	Culture	Culture-periphery	announcer	0	0	"[{""level1"":""Culture"",""level2"":""Culture-periphery"",""level3"":""announcer"",""person_count"":458,""example_wikidata_codes"":""Q10281660|Q10305320|Q10347723""}]"	0	0	[]	Culture	proposed	high	agrees_with_previous_llm	[]	0	freebase_bhht_author_lookup_v1	lookup_candidate_not_frozen	"[""Adam Curry"", ""Adam Probosz"", ""Aditya Roy Kapur""]"
108	Psychologist	281	psychologist	author_exact	exact_unique	Discovery/Science	Academia	"[[""Discovery/Science"",""Academia""]]"	1	1	"[""psychologist""]"	[883]	"[[""Discovery/Science"",""Academia""]]"	[883]	Discovery/Science	Academia	psychologist	0	0	"[{""level1"":""Discovery/Science"",""level2"":""Academia"",""level3"":""psychologist"",""person_count"":4268,""example_wikidata_codes"":""Q1017265|Q1019423|Q102614""}]"	0	0	[]	Discovery/Science	proposed	high	agrees_with_previous_llm	[]	0	freebase_bhht_author_lookup_v1	lookup_candidate_not_frozen	"[""Abbie Hoffman"", ""Abraham Maslow"", ""Alan S. Kaufman""]"
109	Choreographer	278	choreographer	author_exact	exact_unique	Culture	Culture-core	"[[""Culture"",""Culture-core""]]"	1	1	"[""choreographer""]"	[382]	"[[""Culture"",""Culture-core""]]"	[382]	Culture	Culture-core	choreographer	0	0	"[{""level1"":""Culture"",""level2"":""Culture-core"",""level3"":""choreographer"",""person_count"":2021,""example_wikidata_codes"":""Q100239|Q1020229|Q10263761""}]"	0	0	[]	Culture	proposed	high	agrees_with_previous_llm	[]	0	freebase_bhht_author_lookup_v1	lookup_candidate_not_frozen	"[""Adam Cooper"", ""Agnes de Mille"", ""Albertina Rasch""]"
110	Disc jockey	269	disc_jockey	author_substring	substring_unique_candidate	Sports/Games	Sports/Games	"[[""Sports/Games"",""Sports/Games""]]"	1	1	"[""jockey""]"	[144]	"[[""Sports/Games"",""Sports/Games""]]"	[144]	Sports/Games	Sports/Games	jockey	0	0	[]	0	0	"[""substring_requires_transfer_review""]"	Culture	proposed	high	differs_from_previous_llm	"[""substring_requires_transfer_review"",""previous_llm_l1_disagreement""]"	0	freebase_bhht_author_lookup_v1	lookup_candidate_not_frozen	"[""100 Kila"", ""A-Trak"", ""Adam F""]"
111	Arranger	265	arranger	no_author_rule	no_author_rule			[]	0	0	[]	[]	[]	[]				0	0	[]	0	0	"[""no_author_rule""]"	Culture	proposed	medium	no_unique_author_l1_candidate	"[""no_author_rule""]"	0	freebase_bhht_author_lookup_v1	lookup_candidate_not_frozen	"[""A. R. Rahman"", ""Aaron Johnson (Musician)"", ""Adam Guettel""]"
112	Fashion designer	265	fashion_designer	author_exact	exact_unique	Culture	Culture-periphery	"[[""Culture"",""Culture-periphery""]]"	1	1	"[""fashion_designer""]"	[614]	"[[""Culture"",""Culture-periphery""]]"	[606,614]	Culture	Culture-periphery	designer	0	0	"[{""level1"":""Culture"",""level2"":""Culture-periphery"",""level3"":""fashion_designer"",""person_count"":137,""example_wikidata_codes"":""Q1028975|Q1054225|Q1096995""}]"	0	0	[]	Culture	proposed	high	agrees_with_previous_llm	[]	0	freebase_bhht_author_lookup_v1	lookup_candidate_not_frozen	"[""Adolfo Domínguez"", ""Adriana Oreiro"", ""Agnès B.""]"
113	Computer scientist	258	computer_scientist	author_exact	exact_unique	Discovery/Science	Academia	"[[""Discovery/Science"",""Academia""]]"	1	1	"[""computer_scientist""]"	[719]	"[[""Discovery/Science"",""Academia""]]"	[719,894]	Discovery/Science	Academia	computer_scientist	0	0	"[{""level1"":""Discovery/Science"",""level2"":""Academia"",""level3"":""computer_scientist"",""person_count"":3205,""example_wikidata_codes"":""Q1016479|Q10264940|Q10270906""}]"	0	0	[]	Discovery/Science	proposed	high	agrees_with_previous_llm	[]	0	freebase_bhht_author_lookup_v1	lookup_candidate_not_frozen	"[""A. Richard Newton"", ""Ada Lovelace"", ""Adi Shamir""]"
114	Banker	254	banker	author_substring	substring_unique_candidate	Leadership	Corporate/Executive/Business (large)	"[[""Leadership"",""Corporate/Executive/Business (large)""]]"	1	1	"[""bank""]"	[1215]	"[[""Leadership"",""Corporate/Executive/Business (large)""]]"	[1215]	Leadership	Corporate/Executive/Business (large)	bank	0	0	[]	0	0	"[""substring_requires_transfer_review""]"	Leadership	proposed	high	agrees_with_previous_llm	"[""substring_requires_transfer_review""]"	0	freebase_bhht_author_lookup_v1	lookup_candidate_not_frozen	"[""Abdoul Mbaye"", ""Abraham Mendelssohn Bartholdy"", ""Adriaan van der Hoop""]"
115	Agriculturalist	252	agriculturalist	no_author_rule	no_author_rule			[]	0	0	[]	[]	[]	[]				0	0	[]	0	0	"[""no_author_rule""]"		needs_review	low	no_unique_author_l1_candidate	"[""no_author_rule""]"	0	freebase_bhht_author_lookup_v1	lookup_candidate_not_frozen	"[""A. N. Hartley"", ""Adrian Bell"", ""Aksel Sandemose""]"
116	Aviator	248	aviator	author_exact	exact_unique	Leadership	Military	"[[""Leadership"",""Military""]]"	1	1	"[""aviator""]"	[1373]	"[[""Leadership"",""Military""]]"	[1373]	Leadership	Military	aviator	0	0	"[{""level1"":""Leadership"",""level2"":""Military"",""level3"":""aviator"",""person_count"":505,""example_wikidata_codes"":""Q10340786|Q10380542|Q1057190""}]"	0	0	[]		needs_review	low	author_candidate_previous_needs_review	[]	0	freebase_bhht_author_lookup_v1	lookup_candidate_not_frozen	"[""A. Viruly"", ""Alan G. Poindexter"", ""Alan Lee Klapmeier""]"
117	Publisher (Editor title)	242	publisher_(editor_title)	author_substring	substring_unique_candidate	Culture	Culture-periphery	"[[""Culture"",""Culture-periphery""]]"	1	1	"[""editor"",""publisher""]"	[612,643]	"[[""Culture"",""Culture-periphery""]]"	[612,643]	Culture	Culture-periphery	editor	0	0	[]	0	0	"[""substring_requires_transfer_review""]"	Culture	proposed	high	agrees_with_previous_llm	"[""substring_requires_transfer_review""]"	0	freebase_bhht_author_lookup_v1	lookup_candidate_not_frozen	"[""Aberjhani"", ""Adam Parfrey"", ""Adolf Karl Krabbe""]"
118	Bassist	241	bassist	author_exact	exact_unique	Culture	Culture-core	"[[""Culture"",""Culture-core""]]"	1	1	"[""bassist""]"	[361]	"[[""Culture"",""Culture-core""]]"	[361]	Culture	Culture-core	bassist	0	0	"[{""level1"":""Culture"",""level2"":""Culture-core"",""level3"":""bassist"",""person_count"":837,""example_wikidata_codes"":""Q1019001|Q10321361|Q1036539""}]"	0	0	[]	Culture	proposed	high	agrees_with_previous_llm	[]	0	freebase_bhht_author_lookup_v1	lookup_candidate_not_frozen	"[""Abraham LaBoriel"", ""Aimee Mann"", ""Alain Johannes""]"
119	Music artist	239	music_artist	author_substring	substring_unique_candidate	Culture	Culture-core	"[[""Culture"",""Culture-core""]]"	1	1	"[""_artist"",""_music""]"	[304,325]	"[[""Culture"",""Culture-core""]]"	[304,325]	Culture	Culture-core	_artist	0	0	[]	0	0	"[""substring_requires_transfer_review""]"	Culture	proposed	high	agrees_with_previous_llm	"[""substring_requires_transfer_review""]"	0	freebase_bhht_author_lookup_v1	lookup_candidate_not_frozen	"[""Adam Lambert"", ""Ai Maeda (Actor) #1"", ""Alice Coltrane""]"
120	Fashion Model	232	fashion_model	author_exact	exact_unique	Culture	Culture-periphery	"[[""Culture"",""Culture-periphery""]]"	1	1	"[""fashion_model""]"	[615]	"[[""Culture"",""Culture-periphery""]]"	[577,615]	Culture	Culture-periphery	_model_	0	0	"[{""level1"":""Culture"",""level2"":""Culture-periphery"",""level3"":""fashion_model"",""person_count"":78,""example_wikidata_codes"":""Q11226026|Q11341012|Q1138320""}]"	0	0	[]	Culture	proposed	high	agrees_with_previous_llm	[]	0	freebase_bhht_author_lookup_v1	lookup_candidate_not_frozen	"[""Abbey Clancy"", ""Adriana Karembeu"", ""Adriana Lima""]"
121	Astronomer	232	astronomer	author_exact	exact_unique	Discovery/Science	Academia	"[[""Discovery/Science"",""Academia""]]"	1	1	"[""astronomer""]"	[698]	"[[""Discovery/Science"",""Academia""]]"	[698]	Discovery/Science	Academia	astronomer	0	0	"[{""level1"":""Discovery/Science"",""level2"":""Academia"",""level3"":""astronomer"",""person_count"":3951,""example_wikidata_codes"":""Q1000193|Q1004339|Q1004812""}]"	0	0	[]	Discovery/Science	proposed	high	agrees_with_previous_llm	[]	0	freebase_bhht_author_lookup_v1	lookup_candidate_not_frozen	"[""Abd al-Rahman al-Sufi"", ""Abraham bar Hiyya"", ""Abu Nasr Mansur""]"
122	Inventor	232	inventor	author_exact	exact_unique	Discovery/Science	Explorer/Inventor/Developer	"[[""Discovery/Science"",""Explorer/Inventor/Developer""]]"	1	1	"[""inventor""]"	[1198]	"[[""Discovery/Science"",""Explorer/Inventor/Developer""]]"	[1198]	Discovery/Science	Explorer/Inventor/Developer	inventor	0	0	"[{""level1"":""Discovery/Science"",""level2"":""Explorer/Inventor/Developer"",""level3"":""inventor"",""person_count"":2411,""example_wikidata_codes"":""Q102164|Q102751|Q10278441""}]"	0	0	[]	Discovery/Science	proposed	high	agrees_with_previous_llm	[]	0	freebase_bhht_author_lookup_v1	lookup_candidate_not_frozen	"[""Alan Hale, Sr."", ""Alex Manoogian"", ""Alexander Graham Bell""]"
123	Television presenter	225	television_presenter	author_substring	substring_unique_candidate	Culture	Culture-periphery	"[[""Culture"",""Culture-periphery""]]"	1	1	"[""presenter"",""television""]"	[638,655]	"[[""Culture"",""Culture-periphery""]]"	[638,655]	Culture	Culture-periphery	presenter	0	0	[]	0	0	"[""substring_requires_transfer_review""]"	Culture	proposed	high	agrees_with_previous_llm	"[""substring_requires_transfer_review""]"	0	freebase_bhht_author_lookup_v1	lookup_candidate_not_frozen	"[""Aderbal Freire Filho"", ""Afef Jnifen"", ""Albina Dzhanabaeva""]"
124	Tennis player	225	tennis_player	author_substring	substring_unique_candidate	Sports/Games	Sports/Games	"[[""Sports/Games"",""Sports/Games""]]"	1	1	"[""player"",""tennis""]"	[189,271]	"[[""Sports/Games"",""Sports/Games""]]"	[189,271]	Sports/Games	Sports/Games	player	0	0	[]	0	0	"[""substring_requires_transfer_review""]"	Sports/Games	proposed	high	agrees_with_previous_llm	"[""substring_requires_transfer_review""]"	0	freebase_bhht_author_lookup_v1	lookup_candidate_not_frozen	"[""Adli El Shafei"", ""Adrian Ungur"", ""Adriana Gergelyová (Tennis Player)""]"
125	Rugby Player	217	rugby_player	author_substring	substring_unique_candidate	Sports/Games	Sports/Games	"[[""Sports/Games"",""Sports/Games""]]"	1	1	"[""player"",""rugby""]"	[189,219]	"[[""Sports/Games"",""Sports/Games""]]"	[189,219]	Sports/Games	Sports/Games	player	0	0	[]	0	0	"[""substring_requires_transfer_review""]"	Sports/Games	proposed	high	agrees_with_previous_llm	"[""substring_requires_transfer_review""]"	0	freebase_bhht_author_lookup_v1	lookup_candidate_not_frozen	"[""Adam Byrnes"", ""Adam Fogerty"", ""Adam Whitelock""]"
126	Sculptor	213	sculptor	author_exact	exact_unique	Culture	Culture-core	"[[""Culture"",""Culture-core""]]"	1	1	"[""sculptor""]"	[525]	"[[""Culture"",""Culture-core""]]"	[525]	Culture	Culture-core	sculptor	0	0	"[{""level1"":""Culture"",""level2"":""Culture-core"",""level3"":""sculptor"",""person_count"":14965,""example_wikidata_codes"":""Q1000269|Q1001602|Q1003437""}]"	0	0	[]	Culture	proposed	high	agrees_with_previous_llm	[]	0	freebase_bhht_author_lookup_v1	lookup_candidate_not_frozen	"[""Adrian Allinson"", ""Alberto Giacometti"", ""Alejandro Obregón""]"
127	Tradesman	210	tradesman	author_exact	exact_unique	Leadership	Corporate/Executive/Business (large)	"[[""Leadership"",""Corporate/Executive/Business (large)""]]"	1	1	"[""tradesman""]"	[1248]	"[[""Leadership"",""Corporate/Executive/Business (large)""]]"	[1248]	Leadership	Corporate/Executive/Business (large)	tradesman	0	0	[]	0	0	[]		out_of_scope	high	author_candidate_previous_out_of_scope	[]	0	freebase_bhht_author_lookup_v1	lookup_candidate_not_frozen	"[""Adam Carolla"", ""Alessandro Mussolini"", ""Alexander Cross (Deceased Person)""]"
128	Animator	210	animator	author_exact	exact_unique	Culture	Culture-core	"[[""Culture"",""Culture-core""]]"	1	1	"[""animator""]"	[348]	"[[""Culture"",""Culture-core""]]"	[348]	Culture	Culture-core	animator	0	0	"[{""level1"":""Culture"",""level2"":""Culture-core"",""level3"":""animator"",""person_count"":691,""example_wikidata_codes"":""Q1022489|Q1063493|Q1086746""}]"	0	0	[]	Culture	proposed	high	agrees_with_previous_llm	[]	0	freebase_bhht_author_lookup_v1	lookup_candidate_not_frozen	"[""Aleksandr Petrov"", ""Alex Lovy"", ""Alexander Williams""]"
129	Professional Boxer	208	professional_boxer	author_substring	substring_unique_candidate	Sports/Games	Sports/Games	"[[""Sports/Games"",""Sports/Games""]]"	1	1	"[""_boxer""]"	[3]	"[[""Sports/Games"",""Sports/Games""]]"	[3]	Sports/Games	Sports/Games	_boxer	0	0	[]	0	0	"[""substring_requires_transfer_review""]"	Sports/Games	proposed	high	agrees_with_previous_llm	"[""substring_requires_transfer_review""]"	0	freebase_bhht_author_lookup_v1	lookup_candidate_not_frozen	"[""Ace Hudkins"", ""Adam Fogerty"", ""Alan King (Professional Boxer)""]"
130	Child Actor	206	child_actor	author_substring	substring_cross_l1_conflict			"[[""Culture"",""Culture-core""],[""Other"",""Family""]]"	2	2	"[""_actor"",""child_""]"	[303,1727]	"[[""Culture"",""Culture-core""],[""Other"",""Family""]]"	[303,1727]	Culture	Culture-core	_actor	0	0	[]	0	0	"[""substring_requires_transfer_review"",""multiple_author_l1_candidates""]"	Culture	proposed	high	no_unique_author_l1_candidate	"[""substring_requires_transfer_review"",""multiple_author_l1_candidates""]"	0	freebase_bhht_author_lookup_v1	lookup_candidate_not_frozen	"[""Aaron Henry (Actor)"", ""Adi Bing Slamet"", ""Albert Cavens""]"
131	Illustrator (Profession)	200	illustrator_(profession)	author_substring	substring_unique_candidate	Culture	Culture-periphery	"[[""Culture"",""Culture-periphery""]]"	1	1	"[""illustrator""]"	[626]	"[[""Culture"",""Culture-periphery""]]"	[626]	Culture	Culture-periphery	illustrator	0	0	[]	0	0	"[""substring_requires_transfer_review""]"	Culture	proposed	high	agrees_with_previous_llm	"[""substring_requires_transfer_review""]"	0	freebase_bhht_author_lookup_v1	lookup_candidate_not_frozen	"[""Abbas Kiarostami"", ""Alan Aldridge"", ""Alan M. Clark""]"
132	Beautician	198	beautician	no_author_rule	no_author_rule			[]	0	0	[]	[]	[]	[]				0	0	[]	0	0	"[""no_author_rule""]"		out_of_scope	high	no_unique_author_l1_candidate	"[""no_author_rule""]"	0	freebase_bhht_author_lookup_v1	lookup_candidate_not_frozen	"[""Aase Tarp"", ""Adam Brandy"", ""Adhuna Bhabani Akhtar""]"
133	Television Editor	198	television_editor	author_substring	substring_unique_candidate	Culture	Culture-periphery	"[[""Culture"",""Culture-periphery""]]"	1	1	"[""editor"",""television""]"	[612,655]	"[[""Culture"",""Culture-periphery""]]"	[612,655]	Culture	Culture-periphery	editor	0	0	[]	0	0	"[""substring_requires_transfer_review""]"	Culture	proposed	high	agrees_with_previous_llm	"[""substring_requires_transfer_review""]"	0	freebase_bhht_author_lookup_v1	lookup_candidate_not_frozen	"[""Adam Alexander Dawson"", ""Akiva Schaffer"", ""Alan Crosland, Jr.""]"
134	Scholar	195	scholar	author_exact	exact_unique	Discovery/Science	Academia	"[[""Discovery/Science"",""Academia""]]"	1	1	"[""scholar""]"	[890]	"[[""Discovery/Science"",""Academia""]]"	[890]	Discovery/Science	Academia	scholar	0	0	"[{""level1"":""Discovery/Science"",""level2"":""Academia"",""level3"":""scholar"",""person_count"":2515,""example_wikidata_codes"":""Q1002184|Q1016438|Q101872""}]"	0	0	[]	Discovery/Science	proposed	high	agrees_with_previous_llm	[]	0	freebase_bhht_author_lookup_v1	lookup_candidate_not_frozen	"[""ABU HAMIDAL. GHAZALI"", ""Abd al-Aziz ibn Baz"", ""Abdul-Aziz ibn Abdullah Al ash-Sheikh""]"
135	Violist	190	violist	author_exact	exact_unique	Culture	Culture-core	"[[""Culture"",""Culture-core""]]"	1	1	"[""violist""]"	[564]	"[[""Culture"",""Culture-core""]]"	[564]	Culture	Culture-core	violist	0	0	"[{""level1"":""Culture"",""level2"":""Culture-core"",""level3"":""violist"",""person_count"":137,""example_wikidata_codes"":""Q1001377|Q111141|Q11709101""}]"	0	0	[]	Culture	proposed	high	agrees_with_previous_llm	[]	0	freebase_bhht_author_lookup_v1	lookup_candidate_not_frozen	"[""Alan Brind"", ""Albert Cazabon"", ""Aleksey Igudesman""]"
136	Cricketer	184	cricketer	author_substring	substring_unique_candidate	Sports/Games	Sports/Games	"[[""Sports/Games"",""Sports/Games""]]"	1	1	"[""cricket""]"	[78]	"[[""Sports/Games"",""Sports/Games""]]"	[78]	Sports/Games	Sports/Games	cricket	0	0	[]	0	0	"[""substring_requires_transfer_review""]"	Sports/Games	proposed	high	agrees_with_previous_llm	"[""substring_requires_transfer_review""]"	0	freebase_bhht_author_lookup_v1	lookup_candidate_not_frozen	"[""Abraham Bass"", ""Adam Gilchrist"", ""Adnan Akmal""]"
137	Commentator	183	commentator	author_exact	exact_unique	Culture	Culture-periphery	"[[""Culture"",""Culture-periphery""]]"	1	1	"[""commentator""]"	[599]	"[[""Culture"",""Culture-periphery""]]"	[599]	Culture	Culture-periphery	commentator	0	0	"[{""level1"":""Culture"",""level2"":""Culture-periphery"",""level3"":""commentator"",""person_count"":84,""example_wikidata_codes"":""Q114333|Q1281204|Q12859078""}]"	0	0	[]	Culture	proposed	medium	agrees_with_previous_llm	[]	0	freebase_bhht_author_lookup_v1	lookup_candidate_not_frozen	"[""Abby Huntsman"", ""Al Franken"", ""Alan Dershowitz""]"
138	Minister	183	minister	author_exact	exact_unique	Leadership	Politics	"[[""Leadership"",""Politics""]]"	1	1	"[""minister""]"	[1000]	"[[""Leadership"",""Politics""]]"	[1000]	Leadership	Politics	minister	0	0	"[{""level1"":""Leadership"",""level2"":""Politics"",""level3"":""minister"",""person_count"":2720,""example_wikidata_codes"":""Q10061|Q1016550|Q10321322""}]"	0	0	[]	Leadership	proposed	high	agrees_with_previous_llm	[]	0	freebase_bhht_author_lookup_v1	lookup_candidate_not_frozen	"[""Adam Joseph Shea"", ""Al Sharpton"", ""Aleksey Lebedev (Priest)""]"
139	Martial artist	182	martial_artist	author_substring	substring_cross_l1_conflict			"[[""Culture"",""Culture-core""],[""Sports/Games"",""Sports/Games""]]"	2	2	"[""martial_art"",""_artist""]"	[160,304]	"[[""Culture"",""Culture-core""],[""Sports/Games"",""Sports/Games""]]"	[160,304]	Sports/Games	Sports/Games	martial_art	0	0	[]	0	0	"[""substring_requires_transfer_review"",""multiple_author_l1_candidates""]"	Sports/Games	proposed	high	no_unique_author_l1_candidate	"[""substring_requires_transfer_review"",""multiple_author_l1_candidates""]"	0	freebase_bhht_author_lookup_v1	lookup_candidate_not_frozen	"[""Aaron Norris"", ""Akshay Kumar"", ""Alberto Del Rio""]"
140	Ballet Dancer	182	ballet_dancer	author_substring	substring_unique_candidate	Culture	Culture-core	"[[""Culture"",""Culture-core""]]"	1	1	"[""ballet"",""dancer""]"	[355,410]	"[[""Culture"",""Culture-core""]]"	[355,410]	Culture	Culture-core	ballet	0	0	[]	0	0	"[""substring_requires_transfer_review""]"	Culture	proposed	high	agrees_with_previous_llm	"[""substring_requires_transfer_review""]"	0	freebase_bhht_author_lookup_v1	lookup_candidate_not_frozen	"[""Adi Bielski"", ""Agnes Oaks"", ""Agnes de Mille""]"
141	Casting Director	179	casting_director	author_exact	exact_unique	Culture	Culture-core	"[[""Culture"",""Culture-core""]]"	1	1	"[""casting_director""]"	[373]	"[[""Culture"",""Culture-core""]]"	[373]	Culture	Culture-core	casting_director	0	0	"[{""level1"":""Culture"",""level2"":""Culture-core"",""level3"":""casting_director"",""person_count"":85,""example_wikidata_codes"":""Q1349455|Q1418621|Q1467753""}]"	0	0	[]	Culture	proposed	high	agrees_with_previous_llm	[]	0	freebase_bhht_author_lookup_v1	lookup_candidate_not_frozen	"[""Adam Saltzberg"", ""Alan Shayne"", ""Amy Beth Reece""]"
142	Farmer	170	farmer	author_exact	exact_unique	Other	Worker/Business (small)	"[[""Other"",""Worker/Business (small)""]]"	1	1	"[""farmer""]"	[1589]	"[[""Other"",""Worker/Business (small)""]]"	[1589]	Other	Worker/Business (small)	farmer	0	0	"[{""level1"":""Other"",""level2"":""Worker/Business (small)"",""level3"":""farmer"",""person_count"":1965,""example_wikidata_codes"":""Q1000935|Q1017718|Q10262954""}]"	0	0	[]		out_of_scope	high	formal_author_other_previously_out_of_scope	[]	0	freebase_bhht_author_lookup_v1	lookup_candidate_not_frozen	"[""Adrian Bell"", ""Alessandro Bocelli"", ""Allen Gore""]"
143	Keyboard player	169	keyboard_player	author_substring	substring_unique_candidate	Sports/Games	Sports/Games	"[[""Sports/Games"",""Sports/Games""]]"	1	1	"[""player""]"	[189]	"[[""Sports/Games"",""Sports/Games""]]"	[189]	Sports/Games	Sports/Games	player	0	0	[]	0	0	"[""substring_requires_transfer_review""]"	Culture	proposed	high	differs_from_previous_llm	"[""substring_requires_transfer_review"",""previous_llm_l1_disagreement""]"	0	freebase_bhht_author_lookup_v1	lookup_candidate_not_frozen	"[""Abhijit Pohankar"", ""Adam Wakeman"", ""Al De Lory""]"
144	Cook	166	cook	author_exact	exact_unique	Other	Worker/Business (small)	"[[""Other"",""Worker/Business (small)""]]"	1	1	"[""_cook_""]"	[1449]	"[[""Other"",""Worker/Business (small)""]]"	[1449]	Other	Worker/Business (small)	_cook_	0	0	"[{""level1"":""Other"",""level2"":""Worker/Business (small)"",""level3"":""cook"",""person_count"":506,""example_wikidata_codes"":""Q1028770|Q1059276|Q1063664""}]"	0	0	[]		out_of_scope	high	formal_author_other_previously_out_of_scope	[]	0	freebase_bhht_author_lookup_v1	lookup_candidate_not_frozen	"[""Adam Price (Actor)"", ""Aiden Byrne"", ""Aileen Paul""]"
145	Marketer	166	marketer	no_author_rule	no_author_rule			[]	0	0	[]	[]	[]	[]				0	0	[]	0	0	"[""no_author_rule""]"		needs_review	low	no_unique_author_l1_candidate	"[""no_author_rule""]"	0	freebase_bhht_author_lookup_v1	lookup_candidate_not_frozen	"[""Adrie Subono"", ""Aileen Eaton"", ""Alfred Cleveland Blumenthal""]"
146	Law enforcement officer	165	law_enforcement_officer	author_substring	substring_same_l1_multiple_l2	Leadership		"[[""Leadership"",""Administration/Law""],[""Leadership"",""Military""]]"	1	2	"[""_law_"",""officer_""]"	[1052,1412]	"[[""Leadership"",""Administration/Law""],[""Leadership"",""Military""]]"	[1052,1412]	Leadership	Administration/Law	_law_	0	0	[]	0	0	"[""substring_requires_transfer_review"",""multiple_author_l2_candidates""]"	Leadership	proposed	medium	agrees_with_previous_llm	"[""substring_requires_transfer_review"",""multiple_author_l2_candidates""]"	0	freebase_bhht_author_lookup_v1	lookup_candidate_not_frozen	"[""Abel Kirui"", ""Adolph Murie"", ""Aldo Leopold""]"
147	Philanthropist	161	philanthropist	author_exact	exact_unique	Other	Other	"[[""Other"",""Other""]]"	1	1	"[""philanthropist""]"	[1853]	"[[""Other"",""Other""]]"	[1853]	Other	Other	philanthropist	0	0	"[{""level1"":""Other"",""level2"":""Other"",""level3"":""philanthropist"",""person_count"":1008,""example_wikidata_codes"":""Q102000|Q10285086|Q10311637""}]"	0	0	[]		out_of_scope	high	formal_author_other_previously_out_of_scope	[]	0	freebase_bhht_author_lookup_v1	lookup_candidate_not_frozen	"[""A. R. Rahman"", ""Abigail Disney"", ""Agnes Gund""]"
148	Anthropologist	156	anthropologist	author_exact	exact_unique	Discovery/Science	Academia	"[[""Discovery/Science"",""Academia""]]"	1	1	"[""anthropologist""]"	[685]	"[[""Discovery/Science"",""Academia""]]"	[685]	Discovery/Science	Academia	anthropologist	0	0	"[{""level1"":""Discovery/Science"",""level2"":""Academia"",""level3"":""anthropologist"",""person_count"":4577,""example_wikidata_codes"":""Q100393|Q100950|Q1009506""}]"	0	0	[]	Discovery/Science	proposed	high	agrees_with_previous_llm	[]	0	freebase_bhht_author_lookup_v1	lookup_candidate_not_frozen	"[""Abū Rayḥān al-Bīrūnī"", ""Adam Kuper"", ""Adolf Bastian""]"
149	Social activist	153	social_activist	author_substring	substring_unique_candidate	Leadership	Politics	"[[""Leadership"",""Politics""]]"	1	1	"[""activist""]"	[939]	"[[""Leadership"",""Politics""]]"	[939]	Leadership	Politics	activist	0	0	[]	0	0	"[""substring_requires_transfer_review""]"	Leadership	proposed	medium	agrees_with_previous_llm	"[""substring_requires_transfer_review""]"	0	freebase_bhht_author_lookup_v1	lookup_candidate_not_frozen	"[""Abbie Hoffman"", ""Alexander Aris"", ""Alfred Daniel Williams King""]"
150	Spokesperson	149	spokesperson	no_author_rule	no_author_rule			[]	0	0	[]	[]	[]	[]				0	0	[]	0	0	"[""no_author_rule""]"		needs_review	low	no_unique_author_l1_candidate	"[""no_author_rule""]"	0	freebase_bhht_author_lookup_v1	lookup_candidate_not_frozen	"[""Abhishek Singhvi"", ""Amber Smith"", ""Amber Valletta""]"
151	Opera singer	149	opera_singer	author_substring	substring_unique_candidate	Culture	Culture-core	"[[""Culture"",""Culture-core""]]"	1	1	"[""_opera_"",""singer""]"	[326,529]	"[[""Culture"",""Culture-core""]]"	[326,529]	Culture	Culture-core	_opera_	0	0	[]	0	0	"[""substring_requires_transfer_review""]"	Culture	proposed	medium	agrees_with_previous_llm	"[""substring_requires_transfer_review""]"	0	freebase_bhht_author_lookup_v1	lookup_candidate_not_frozen	"[""Alan Crofoot"", ""Albert Wagner (Opera singer)"", ""Alexander Kipnis""]"
152	Blue-collar worker	147	blue-collar_worker	author_substring	substring_unique_candidate	Other	Worker/Business (small)	"[[""Other"",""Worker/Business (small)""]]"	1	1	"[""worker""]"	[1716]	"[[""Other"",""Worker/Business (small)""]]"	[1716]	Other	Worker/Business (small)	worker	0	0	[]	0	0	"[""substring_requires_transfer_review""]"		out_of_scope	high	formal_author_other_previously_out_of_scope	"[""substring_requires_transfer_review""]"	0	freebase_bhht_author_lookup_v1	lookup_candidate_not_frozen	"[""Adam Gierek (Miner)"", ""Adrianne Curry"", ""Alastair Sim""]"
153	Nurse	147	nurse	author_exact	exact_unique	Discovery/Science	Academia	"[[""Discovery/Science"",""Academia""]]"	1	1	"[""nurse""]"	[828]	"[[""Discovery/Science"",""Academia""]]"	[828]	Discovery/Science	Academia	nurse	0	0	"[{""level1"":""Discovery/Science"",""level2"":""Academia"",""level3"":""nurse"",""person_count"":891,""example_wikidata_codes"":""Q101478|Q1027328|Q10295546""}]"	0	0	[]	Discovery/Science	proposed	high	agrees_with_previous_llm	[]	0	freebase_bhht_author_lookup_v1	lookup_candidate_not_frozen	"[""Adelaide Tambo"", ""Agnes Karll"", ""Aleyamma Joseph (Nurse) #1""]"
154	Bandleader	145	bandleader	author_exact	exact_unique	Culture	Culture-core	"[[""Culture"",""Culture-core""]]"	1	1	"[""bandleader""]"	[356]	"[[""Culture"",""Culture-core""]]"	[356]	Culture	Culture-core	bandleader	0	0	"[{""level1"":""Culture"",""level2"":""Culture-core"",""level3"":""bandleader"",""person_count"":639,""example_wikidata_codes"":""Q1001119|Q1001285|Q1017782""}]"	0	0	[]	Culture	proposed	medium	agrees_with_previous_llm	[]	0	freebase_bhht_author_lookup_v1	lookup_candidate_not_frozen	"[""Abdullah Ibrahim"", ""Albert Ayler"", ""Alice Coltrane""]"
155	Sound Engineer	145	sound_engineer	author_substring	substring_unique_candidate	Discovery/Science	Explorer/Inventor/Developer	"[[""Discovery/Science"",""Explorer/Inventor/Developer""]]"	1	1	"[""engineer""]"	[1187]	"[[""Discovery/Science"",""Explorer/Inventor/Developer""]]"	[1187]	Discovery/Science	Explorer/Inventor/Developer	engineer	0	0	[]	0	0	"[""substring_requires_transfer_review""]"		needs_review	low	author_candidate_previous_needs_review	"[""substring_requires_transfer_review""]"	0	freebase_bhht_author_lookup_v1	lookup_candidate_not_frozen	"[""Adam Goldstein"", ""Adrienne Alexander"", ""Afrojack""]"
156	Researcher	144	researcher	author_substring	substring_unique_candidate	Discovery/Science	Academia	"[[""Discovery/Science"",""Academia""]]"	1	1	"[""research""]"	[887]	"[[""Discovery/Science"",""Academia""]]"	[887]	Discovery/Science	Academia	research	0	0	[]	0	0	"[""substring_requires_transfer_review""]"	Discovery/Science	proposed	high	agrees_with_previous_llm	"[""substring_requires_transfer_review""]"	0	freebase_bhht_author_lookup_v1	lookup_candidate_not_frozen	"[""Adi Shamir"", ""Agneta Stark"", ""Ahmed Zewail""]"
157	Botanist	136	botanist	author_exact	exact_unique	Discovery/Science	Academia	"[[""Discovery/Science"",""Academia""]]"	1	1	"[""botanist""]"	[708]	"[[""Discovery/Science"",""Academia""]]"	[708]	Discovery/Science	Academia	botanist	0	0	"[{""level1"":""Discovery/Science"",""level2"":""Academia"",""level3"":""botanist"",""person_count"":9257,""example_wikidata_codes"":""Q100222|Q1002345|Q100523""}]"	0	0	[]	Discovery/Science	proposed	medium	agrees_with_previous_llm	[]	0	freebase_bhht_author_lookup_v1	lookup_candidate_not_frozen	"[""Aaron Aaronsohn"", ""Abū Ḥanīfa Dīnawarī"", ""Adolphe-Théodore Brongniart""]"
158	Chef	134	chef	author_exact	exact_unique	Other	Worker/Business (small)	"[[""Other"",""Worker/Business (small)""]]"	1	1	"[""_chef_""]"	[1444]	"[[""Other"",""Worker/Business (small)""]]"	[1444]	Other	Worker/Business (small)	_chef_	0	0	"[{""level1"":""Leadership"",""level2"":""Corporate/Executive/Business (large)"",""level3"":""chef"",""person_count"":84,""example_wikidata_codes"":""Q10556474|Q16633077|Q16633574""},{""level1"":""Other"",""level2"":""Worker/Business (small)"",""level3"":""chef"",""person_count"":1156,""example_wikidata_codes"":""Q10270577|Q10294133|Q10308931""}]"	1	1	"[""person_main_reference_disagrees_not_used_to_override""]"		out_of_scope	high	formal_author_other_previously_out_of_scope	"[""person_main_reference_disagrees_not_used_to_override""]"	0	freebase_bhht_author_lookup_v1	lookup_candidate_not_frozen	"[""Adam Price (Actor)"", ""Aiden Byrne"", ""Aileen Paul""]"
159	Multi-instrumentalist	131	multi-instrumentalist	author_substring	substring_cross_l1_conflict			"[[""Culture"",""Culture-core""],[""Other"",""Other""]]"	2	2	"[""instrumentalist"",""mentalist""]"	[449,1839]	"[[""Culture"",""Culture-core""],[""Other"",""Other""]]"	[449,1839]	Culture	Culture-core	instrumentalist	0	0	[]	0	0	"[""substring_requires_transfer_review"",""multiple_author_l1_candidates""]"	Culture	proposed	high	no_unique_author_l1_candidate	"[""substring_requires_transfer_review"",""multiple_author_l1_candidates""]"	0	freebase_bhht_author_lookup_v1	lookup_candidate_not_frozen	"[""A. R. Rahman"", ""Aaron Dessner"", ""Adele""]"
160	Set Decorator	131	set_decorator	author_substring	substring_unique_candidate	Culture	Culture-periphery	"[[""Culture"",""Culture-periphery""]]"	1	1	"[""decorator""]"	[605]	"[[""Culture"",""Culture-periphery""]]"	[605]	Culture	Culture-periphery	decorator	0	0	[]	0	0	"[""substring_requires_transfer_review""]"	Culture	proposed	medium	agrees_with_previous_llm	"[""substring_requires_transfer_review""]"	0	freebase_bhht_author_lookup_v1	lookup_candidate_not_frozen	"[""Abel Facello"", ""Akke Nordwall"", ""Albina Baranska""]"
161	Sailor	130	sailor	author_exact	exact_unique	Discovery/Science	Explorer/Inventor/Developer	"[[""Discovery/Science"",""Explorer/Inventor/Developer""]]"	1	1	"[""sailor""]"	[1204]	"[[""Discovery/Science"",""Explorer/Inventor/Developer""]]"	[1204]	Discovery/Science	Explorer/Inventor/Developer	sailor	0	0	"[{""level1"":""Discovery/Science"",""level2"":""Explorer/Inventor/Developer"",""level3"":""sailor"",""person_count"":704,""example_wikidata_codes"":""Q10285260|Q10292977|Q10293108""},{""level1"":""Discovery/Science"",""level2"":""Sports/Games"",""level3"":""sailor"",""person_count"":1117,""example_wikidata_codes"":""Q100235|Q104191|Q10510832""}]"	1	0	"[""person_main_reference_disagrees_not_used_to_override""]"		needs_review	low	author_candidate_previous_needs_review	"[""person_main_reference_disagrees_not_used_to_override""]"	0	freebase_bhht_author_lookup_v1	lookup_candidate_not_frozen	"[""Abby Sunderland"", ""Adolf Erik Nordenskiöld"", ""Aksel Sandemose""]"
162	Swimmer	125	swimmer	author_exact	exact_unique	Sports/Games	Sports/Games	"[[""Sports/Games"",""Sports/Games""]]"	1	1	"[""swimmer""]"	[264]	"[[""Sports/Games"",""Sports/Games""]]"	[264]	Sports/Games	Sports/Games	swimmer	0	0	"[{""level1"":""Sports/Games"",""level2"":""Sports/Games"",""level3"":""swimmer"",""person_count"":11101,""example_wikidata_codes"":""Q1000275|Q1001447|Q100226""}]"	0	0	[]	Sports/Games	proposed	high	agrees_with_previous_llm	[]	0	freebase_bhht_author_lookup_v1	lookup_candidate_not_frozen	"[""Aaron Peirsol"", ""Aleksandra Gerasimenya"", ""Alessio Boggiatto""]"
163	Barrister	124	barrister	author_exact	exact_unique	Leadership	Administration/Law	"[[""Leadership"",""Administration/Law""]]"	1	1	"[""barrister""]"	[1062]	"[[""Leadership"",""Administration/Law""]]"	[1062]	Leadership	Administration/Law	barrister	0	0	"[{""level1"":""Leadership"",""level2"":""Administration/Law"",""level3"":""barrister"",""person_count"":629,""example_wikidata_codes"":""Q1063895|Q1065078|Q10966454""}]"	0	0	[]	Leadership	proposed	high	agrees_with_previous_llm	[]	0	freebase_bhht_author_lookup_v1	lookup_candidate_not_frozen	"[""A. P. Herbert"", ""Adrian Davies"", ""Albert Profumo""]"
164	Makeup Artist	124	makeup_artist	author_exact	exact_unique	Culture	Culture-periphery	"[[""Culture"",""Culture-periphery""]]"	1	1	"[""makeup_artist""]"	[631]	"[[""Culture"",""Culture-core""],[""Culture"",""Culture-periphery""]]"	[304,631]	Culture	Culture-core	_artist	0	1	"[{""level1"":""Culture"",""level2"":""Culture-periphery"",""level3"":""makeup_artist"",""person_count"":9,""example_wikidata_codes"":""Q1610909|Q16207438|Q16210281""}]"	0	0	"[""exact_lookup_differs_from_full_author_first_match""]"	Culture	proposed	high	agrees_with_previous_llm	"[""exact_lookup_differs_from_full_author_first_match""]"	0	freebase_bhht_author_lookup_v1	lookup_candidate_not_frozen	"[""Aase Tarp"", ""Adam Brandy"", ""Afsar Asadi""]"
165	Sports commentator	121	sports_commentator	author_substring	substring_cross_l1_conflict			"[[""Culture"",""Culture-periphery""],[""Sports/Games"",""Sports/Games""]]"	2	2	"[""_sport"",""commentator""]"	[24,599]	"[[""Culture"",""Culture-periphery""],[""Sports/Games"",""Sports/Games""]]"	[24,599]	Sports/Games	Sports/Games	_sport	0	0	[]	0	0	"[""substring_requires_transfer_review"",""multiple_author_l1_candidates""]"	Culture	proposed	high	no_unique_author_l1_candidate	"[""substring_requires_transfer_review"",""multiple_author_l1_candidates""]"	0	freebase_bhht_author_lookup_v1	lookup_candidate_not_frozen	"[""Adam Probosz"", ""Ahmad Rashād"", ""Ann Meyers""]"
166	Statistician	119	statistician	author_exact	exact_unique	Discovery/Science	Academia	"[[""Discovery/Science"",""Academia""]]"	1	1	"[""statistician""]"	[906]	"[[""Discovery/Science"",""Academia""]]"	[906]	Discovery/Science	Academia	statistician	0	0	"[{""level1"":""Discovery/Science"",""level2"":""Academia"",""level3"":""statistician"",""person_count"":795,""example_wikidata_codes"":""Q1004779|Q10334371|Q10375446""}]"	0	0	[]	Discovery/Science	proposed	medium	agrees_with_previous_llm	[]	0	freebase_bhht_author_lookup_v1	lookup_candidate_not_frozen	"[""A. Ross Eckler"", ""A. Ross Eckler, Jr."", ""Adolphe Quetelet""]"
167	Consultant	119	consultant	author_exact	exact_unique	Other	Worker/Business (small)	"[[""Other"",""Worker/Business (small)""]]"	1	1	"[""consultant""]"	[1566]	"[[""Other"",""Worker/Business (small)""]]"	[1566]	Other	Worker/Business (small)	consultant	0	0	"[{""level1"":""Other"",""level2"":""Worker/Business (small)"",""level3"":""consultant"",""person_count"":211,""example_wikidata_codes"":""Q107496|Q107950|Q108264""}]"	0	0	[]		needs_review	low	author_candidate_previous_needs_review	[]	0	freebase_bhht_author_lookup_v1	lookup_candidate_not_frozen	"[""Adam Klugman"", ""Ai Weiwei"", ""Alan Greenspan""]"
168	Geologist	119	geologist	author_exact	exact_unique	Discovery/Science	Academia	"[[""Discovery/Science"",""Academia""]]"	1	1	"[""geologist""]"	[765]	"[[""Discovery/Science"",""Academia""]]"	[765]	Discovery/Science	Academia	geologist	0	0	"[{""level1"":""Discovery/Science"",""level2"":""Academia"",""level3"":""geologist"",""person_count"":2681,""example_wikidata_codes"":""Q1001161|Q101324|Q101889""}]"	0	0	[]	Discovery/Science	proposed	high	agrees_with_previous_llm	[]	0	freebase_bhht_author_lookup_v1	lookup_candidate_not_frozen	"[""Adam Sedgwick"", ""Adolf Erik Nordenskiöld"", ""Albany Hancock""]"
169	Civil engineer	117	civil_engineer	author_substring	substring_unique_candidate	Discovery/Science	Explorer/Inventor/Developer	"[[""Discovery/Science"",""Explorer/Inventor/Developer""]]"	1	1	"[""engineer""]"	[1187]	"[[""Discovery/Science"",""Explorer/Inventor/Developer""]]"	[1187]	Discovery/Science	Explorer/Inventor/Developer	engineer	0	0	[]	0	0	"[""substring_requires_transfer_review""]"	Discovery/Science	proposed	medium	agrees_with_previous_llm	"[""substring_requires_transfer_review""]"	0	freebase_bhht_author_lookup_v1	lookup_candidate_not_frozen	"[""Alan Stevenson"", ""Alejandro Char Chaljub"", ""Alexander Meadows Rendel""]"
170	Surgeon	115	surgeon	author_exact	exact_unique	Discovery/Science	Academia	"[[""Discovery/Science"",""Academia""]]"	1	1	"[""surgeon""]"	[908]	"[[""Discovery/Science"",""Academia""]]"	[908]	Discovery/Science	Academia	surgeon	0	0	"[{""level1"":""Discovery/Science"",""level2"":""Academia"",""level3"":""surgeon"",""person_count"":2995,""example_wikidata_codes"":""Q101558|Q1016562|Q102051""}]"	0	0	[]	Discovery/Science	proposed	high	agrees_with_previous_llm	[]	0	freebase_bhht_author_lookup_v1	lookup_candidate_not_frozen	"[""Achille-Cléophas Flaubert"", ""Alexander von Winiwarter"", ""Alexis Carrel""]"
171	Literary critic	114	literary_critic	author_substring	substring_same_l1_multiple_l2	Culture		"[[""Culture"",""Culture-core""],[""Culture"",""Culture-periphery""]]"	1	2	"[""_literary_"",""critic""]"	[323,604]	"[[""Culture"",""Culture-core""],[""Culture"",""Culture-periphery""]]"	[323,604]	Culture	Culture-core	_literary_	0	0	[]	0	0	"[""substring_requires_transfer_review"",""multiple_author_l2_candidates""]"	Culture	proposed	high	agrees_with_previous_llm	"[""substring_requires_transfer_review"",""multiple_author_l2_candidates""]"	0	freebase_bhht_author_lookup_v1	lookup_candidate_not_frozen	"[""Adam Kirsch"", ""Alan Pauls"", ""Alcide Paolini""]"
172	Graphic Designer	112	graphic_designer	author_exact	exact_unique	Culture	Culture-periphery	"[[""Culture"",""Culture-periphery""]]"	1	1	"[""graphic_designer""]"	[622]	"[[""Culture"",""Culture-periphery""]]"	[606,622]	Culture	Culture-periphery	designer	0	0	"[{""level1"":""Culture"",""level2"":""Culture-periphery"",""level3"":""graphic_designer"",""person_count"":71,""example_wikidata_codes"":""Q12738722|Q15124286|Q16106580""}]"	0	0	[]	Culture	proposed	medium	agrees_with_previous_llm	[]	0	freebase_bhht_author_lookup_v1	lookup_candidate_not_frozen	"[""Abbas Kiarostami"", ""Alan Aldridge"", ""Alan Rickman""]"
173	Sales management	112	sales_management	author_substring	substring_unique_candidate	Leadership	Corporate/Executive/Business (large)	"[[""Leadership"",""Corporate/Executive/Business (large)""]]"	1	1	"[""_sales_"",""management""]"	[1213,1233]	"[[""Leadership"",""Corporate/Executive/Business (large)""]]"	[1213,1233]	Leadership	Corporate/Executive/Business (large)	_sales_	0	0	[]	0	0	"[""substring_requires_transfer_review""]"	Leadership	proposed	high	agrees_with_previous_llm	"[""substring_requires_transfer_review""]"	0	freebase_bhht_author_lookup_v1	lookup_candidate_not_frozen	"[""Abd al-Aziz ibn Baz"", ""Aberjhani"", ""Abraham Einstein""]"
174	Nude Glamour Model	111	nude_glamour_model	author_substring	substring_unique_candidate	Culture	Culture-periphery	"[[""Culture"",""Culture-periphery""]]"	1	1	"[""_model_""]"	[577]	"[[""Culture"",""Culture-periphery""]]"	[577]	Culture	Culture-periphery	_model_	0	0	[]	0	0	"[""substring_requires_transfer_review""]"	Culture	proposed	high	agrees_with_previous_llm	"[""substring_requires_transfer_review""]"	0	freebase_bhht_author_lookup_v1	lookup_candidate_not_frozen	"[""Alektra Blue"", ""Alicia Rickter"", ""Amber Campisi""]"
175	Artisan	110	artisan	author_exact	exact_unique	Other	Worker/Business (small)	"[[""Other"",""Worker/Business (small)""]]"	1	1	"[""_artisan""]"	[1518]	"[[""Other"",""Worker/Business (small)""]]"	[1518]	Other	Worker/Business (small)	_artisan	0	0	"[{""level1"":""Other"",""level2"":""Worker/Business (small)"",""level3"":""artisan"",""person_count"":185,""example_wikidata_codes"":""Q10292771|Q10305151|Q10328297""}]"	0	0	[]		needs_review	low	author_candidate_previous_needs_review	[]	0	freebase_bhht_author_lookup_v1	lookup_candidate_not_frozen	"[""Adrian Allinson"", ""Allie M. Smith"", ""Andrea Amati""]"
176	Golfer	110	golfer	author_substring	substring_unique_candidate	Sports/Games	Sports/Games	"[[""Sports/Games"",""Sports/Games""]]"	1	1	"[""golf""]"	[119]	"[[""Sports/Games"",""Sports/Games""]]"	[119]	Sports/Games	Sports/Games	golf	0	0	[]	0	0	"[""substring_requires_transfer_review""]"	Sports/Games	proposed	high	agrees_with_previous_llm	"[""substring_requires_transfer_review""]"	0	freebase_bhht_author_lookup_v1	lookup_candidate_not_frozen	"[""Ahn Shi-hyun"", ""Alec Ross (Golfer)"", ""Alex Smith (Golfer)""]"
177	Filmmaker	109	filmmaker	author_exact	exact_unique	Culture	Culture-core	"[[""Culture"",""Culture-core""]]"	1	1	"[""filmmaker""]"	[424]	"[[""Culture"",""Culture-core""]]"	[424]	Culture	Culture-core	filmmaker	0	0	"[{""level1"":""Culture"",""level2"":""Culture-core"",""level3"":""filmmaker"",""person_count"":680,""example_wikidata_codes"":""Q10316655|Q1078909|Q108497""}]"	0	0	[]	Culture	proposed	high	agrees_with_previous_llm	[]	0	freebase_bhht_author_lookup_v1	lookup_candidate_not_frozen	"[""Alain Soral"", ""Alan Lomax"", ""Alexandra Pelosi""]"
178	Real Estate Broker	105	real_estate_broker	author_substring	substring_cross_l1_conflict			"[[""Leadership"",""Corporate/Executive/Business (large)""],[""Other"",""Worker/Business (small)""]]"	2	2	"[""real_estate"",""broker""]"	[1238,1543]	"[[""Leadership"",""Corporate/Executive/Business (large)""],[""Other"",""Worker/Business (small)""]]"	[1238,1543]	Leadership	Corporate/Executive/Business (large)	real_estate	0	0	[]	0	0	"[""substring_requires_transfer_review"",""multiple_author_l1_candidates""]"		needs_review	low	no_unique_author_l1_candidate	"[""substring_requires_transfer_review"",""multiple_author_l1_candidates""]"	0	freebase_bhht_author_lookup_v1	lookup_candidate_not_frozen	"[""Al Romano"", ""Alastair Duncan"", ""Albert Vern Tipton""]"
179	Environmentalist	104	environmentalist	author_exact	exact_unique	Leadership	Politics	"[[""Leadership"",""Politics""]]"	1	1	"[""environmentalist""]"	[970]	"[[""Leadership"",""Politics""],[""Other"",""Other""]]"	[970,1839]	Leadership	Politics	environmentalist	0	0	"[{""level1"":""Leadership"",""level2"":""Politics"",""level3"":""environmentalist"",""person_count"":368,""example_wikidata_codes"":""Q10791426|Q1085046|Q1131942""}]"	0	0	[]		needs_review	low	author_candidate_previous_needs_review	[]	0	freebase_bhht_author_lookup_v1	lookup_candidate_not_frozen	"[""Akhilesh Yadav"", ""Al Gore"", ""Aldo Leopold""]"
180	Australian rules football player	103	australian_rules_football_player	author_substring	substring_unique_candidate	Sports/Games	Sports/Games	"[[""Sports/Games"",""Sports/Games""]]"	1	1	"[""football"",""player""]"	[101,189]	"[[""Sports/Games"",""Sports/Games""]]"	[101,189]	Sports/Games	Sports/Games	football	0	0	[]	0	0	"[""substring_requires_transfer_review""]"	Sports/Games	proposed	high	agrees_with_previous_llm	"[""substring_requires_transfer_review""]"	0	freebase_bhht_author_lookup_v1	lookup_candidate_not_frozen	"[""Aaron Davey"", ""Adam Carter (Australian Rules Footballer)"", ""Adam Goodes""]"
181	Rabbi	101	rabbi	author_exact	exact_unique	Leadership	Religious	"[[""Leadership"",""Religious""]]"	1	1	"[""rabbi""]"	[1349]	"[[""Leadership"",""Religious""]]"	[1349]	Leadership	Religious	rabbi	0	0	"[{""level1"":""Leadership"",""level2"":""Religious"",""level3"":""rabbi"",""person_count"":2563,""example_wikidata_codes"":""Q100709|Q101489|Q101746""}]"	0	0	[]	Leadership	proposed	high	agrees_with_previous_llm	[]	0	freebase_bhht_author_lookup_v1	lookup_candidate_not_frozen	"[""Aaron Teitelbaum"", ""Abraham Geiger"", ""Abraham Isaac Kook""]"
182	Newscaster	100	newscaster	author_exact	exact_unique	Culture	Culture-periphery	"[[""Culture"",""Culture-periphery""]]"	1	1	"[""newscaster""]"	[637]	"[[""Culture"",""Culture-periphery""]]"	[637]	Culture	Culture-periphery	newscaster	0	0	"[{""level1"":""Culture"",""level2"":""Culture-periphery"",""level3"":""newscaster"",""person_count"":12,""example_wikidata_codes"":""Q25190235|Q39237547|Q4832520""}]"	0	0	[]	Culture	proposed	medium	agrees_with_previous_llm	[]	0	freebase_bhht_author_lookup_v1	lookup_candidate_not_frozen	"[""Al Schottelkotte"", ""Alexander Politkovsky"", ""Ali Velshi""]"
183	Domestic worker	98	domestic_worker	author_substring	substring_unique_candidate	Other	Worker/Business (small)	"[[""Other"",""Worker/Business (small)""]]"	1	1	"[""worker""]"	[1716]	"[[""Other"",""Worker/Business (small)""]]"	[1716]	Other	Worker/Business (small)	worker	0	0	[]	0	0	"[""substring_requires_transfer_review""]"		out_of_scope	high	formal_author_other_previously_out_of_scope	"[""substring_requires_transfer_review""]"	0	freebase_bhht_author_lookup_v1	lookup_candidate_not_frozen	"[""Ada Richards"", ""Adriana Sabarots"", ""Akie Abe""]"
184	Track and field athlete	97	track_and_field_athlete	author_substring	substring_unique_candidate	Sports/Games	Sports/Games	"[[""Sports/Games"",""Sports/Games""]]"	1	1	"[""athlete"",""track_and_field""]"	[32,276]	"[[""Sports/Games"",""Sports/Games""]]"	[32,276]	Sports/Games	Sports/Games	athlete	0	0	[]	0	0	"[""substring_requires_transfer_review""]"	Sports/Games	proposed	medium	agrees_with_previous_llm	"[""substring_requires_transfer_review""]"	0	freebase_bhht_author_lookup_v1	lookup_candidate_not_frozen	"[""Ainārs Kovals"", ""Al Joyner"", ""Almensh Belete""]"
185	Public speaker	96	public_speaker	no_author_rule	no_author_rule			[]	0	0	[]	[]	[]	[]				0	0	[]	0	0	"[""no_author_rule""]"		needs_review	low	no_unique_author_l1_candidate	"[""no_author_rule""]"	0	freebase_bhht_author_lookup_v1	lookup_candidate_not_frozen	"[""Ahmed Deedat"", ""Ahn Changho"", ""Alex Steffen""]"
186	Basketball Coach	96	basketball_coach	author_substring	substring_unique_candidate	Sports/Games	Sports/Games	"[[""Sports/Games"",""Sports/Games""]]"	1	1	"[""basket"",""coach""]"	[42,75]	"[[""Sports/Games"",""Sports/Games""]]"	[42,75]	Sports/Games	Sports/Games	basket	0	0	[]	0	0	"[""substring_requires_transfer_review""]"	Sports/Games	proposed	high	agrees_with_previous_llm	"[""substring_requires_transfer_review""]"	0	freebase_bhht_author_lookup_v1	lookup_candidate_not_frozen	"[""Alberto Bial"", ""Archie Miller"", ""Austin Ainge""]"
187	Playback Singer	94	playback_singer	author_substring	substring_unique_candidate	Culture	Culture-core	"[[""Culture"",""Culture-core""]]"	1	1	"[""singer""]"	[529]	"[[""Culture"",""Culture-core""]]"	[529]	Culture	Culture-core	singer	0	0	[]	0	0	"[""substring_requires_transfer_review""]"	Culture	proposed	medium	agrees_with_previous_llm	"[""substring_requires_transfer_review""]"	0	freebase_bhht_author_lookup_v1	lookup_candidate_not_frozen	"[""A. M. Rajah"", ""Abhishek Bachchan"", ""Adoor Bhasi""]"
188	Librettist	94	librettist	author_exact	exact_unique	Culture	Culture-core	"[[""Culture"",""Culture-core""]]"	1	1	"[""librettist""]"	[456]	"[[""Culture"",""Culture-core""]]"	[456]	Culture	Culture-core	librettist	0	0	"[{""level1"":""Culture"",""level2"":""Culture-core"",""level3"":""librettist"",""person_count"":356,""example_wikidata_codes"":""Q107834|Q1081576|Q1098547""}]"	0	0	[]	Culture	proposed	high	agrees_with_previous_llm	[]	0	freebase_bhht_author_lookup_v1	lookup_candidate_not_frozen	"[""Aarni Krohn"", ""Alan Jay Lerner"", ""Aleksandr Pushkin""]"
189	Priest	94	priest	author_exact	exact_unique	Leadership	Religious	"[[""Leadership"",""Religious""]]"	1	1	"[""priest""]"	[1346]	"[[""Leadership"",""Religious""]]"	[1346]	Leadership	Religious	priest	0	0	"[{""level1"":""Leadership"",""level2"":""Religious"",""level3"":""priest"",""person_count"":33635,""example_wikidata_codes"":""Q1000194|Q1000482|Q1000820""}]"	0	0	[]	Leadership	proposed	high	agrees_with_previous_llm	[]	0	freebase_bhht_author_lookup_v1	lookup_candidate_not_frozen	"[""Aleksey Lebedev (Priest)"", ""Antonio Vivaldi"", ""Baltasar Gracián""]"
190	Film critic	93	film_critic	author_substring	substring_same_l1_multiple_l2	Culture		"[[""Culture"",""Culture-core""],[""Culture"",""Culture-periphery""]]"	1	2	"[""_film_"",""critic""]"	[320,604]	"[[""Culture"",""Culture-core""],[""Culture"",""Culture-periphery""]]"	[320,604]	Culture	Culture-core	_film_	0	0	[]	0	0	"[""substring_requires_transfer_review"",""multiple_author_l2_candidates""]"	Culture	proposed	medium	agrees_with_previous_llm	"[""substring_requires_transfer_review"",""multiple_author_l2_candidates""]"	0	freebase_bhht_author_lookup_v1	lookup_candidate_not_frozen	"[""A. O. Scott"", ""Adriano Aprà"", ""Alberto Moravia""]"
191	Jazz Pianist	93	jazz_pianist	author_substring	substring_unique_candidate	Culture	Culture-core	"[[""Culture"",""Culture-core""]]"	1	1	"[""jazz"",""pianist""]"	[451,495]	"[[""Culture"",""Culture-core""]]"	[451,495]	Culture	Culture-core	jazz	0	0	[]	0	0	"[""substring_requires_transfer_review""]"	Culture	proposed	high	agrees_with_previous_llm	"[""substring_requires_transfer_review""]"	0	freebase_bhht_author_lookup_v1	lookup_candidate_not_frozen	"[""Abdullah Ibrahim"", ""Adam Holzman (Jazz pianist)"", ""Ahmad Jamal""]"
192	Talk show host	93	talk_show_host	author_substring	substring_unique_candidate	Culture	Culture-core	"[[""Culture"",""Culture-core""]]"	1	1	"[""_host_"",""_show_""]"	[321,334]	"[[""Culture"",""Culture-core""]]"	[321,334]	Culture	Culture-core	_host_	0	0	[]	0	0	"[""substring_requires_transfer_review""]"	Culture	proposed	high	agrees_with_previous_llm	"[""substring_requires_transfer_review""]"	0	freebase_bhht_author_lookup_v1	lookup_candidate_not_frozen	"[""Adam Carolla"", ""Adrienne Ames"", ""Arthel Neville""]"
193	Stand-up comedian	93	stand-up_comedian	author_substring	substring_unique_candidate	Culture	Culture-core	"[[""Culture"",""Culture-core""]]"	1	1	"[""comedian""]"	[393]	"[[""Culture"",""Culture-core""]]"	[393]	Culture	Culture-core	comedian	0	0	[]	0	0	"[""substring_requires_transfer_review""]"	Culture	proposed	medium	agrees_with_previous_llm	"[""substring_requires_transfer_review""]"	0	freebase_bhht_author_lookup_v1	lookup_candidate_not_frozen	"[""Al Murray"", ""Albert Dupontel"", ""Alison Arngrim""]"
194	Biologist	92	biologist	author_exact	exact_unique	Discovery/Science	Academia	"[[""Discovery/Science"",""Academia""]]"	1	1	"[""biologist""]"	[705]	"[[""Discovery/Science"",""Academia""]]"	[705]	Discovery/Science	Academia	biologist	0	0	"[{""level1"":""Discovery/Science"",""level2"":""Academia"",""level3"":""biologist"",""person_count"":4182,""example_wikidata_codes"":""Q100154|Q100355|Q1003857""}]"	0	0	[]	Discovery/Science	proposed	high	agrees_with_previous_llm	[]	0	freebase_bhht_author_lookup_v1	lookup_candidate_not_frozen	"[""Alexander Fleming"", ""Alexis Carrel"", ""Alfred Kinsey""]"
195	Political scientist	91	political_scientist	author_exact	exact_unique	Discovery/Science	Academia	"[[""Discovery/Science"",""Academia""]]"	1	1	"[""political_scientist""]"	[876]	"[[""Discovery/Science"",""Academia""],[""Leadership"",""Politics""]]"	[876,894,1013]	Discovery/Science	Academia	political_scientist	0	0	"[{""level1"":""Discovery/Science"",""level2"":""Academia"",""level3"":""political_scientist"",""person_count"":2355,""example_wikidata_codes"":""Q100214|Q100219|Q100564""}]"	0	0	[]	Discovery/Science	proposed	high	agrees_with_previous_llm	[]	0	freebase_bhht_author_lookup_v1	lookup_candidate_not_frozen	"[""A. V. Dicey"", ""Abigail Thernstrom"", ""Alan D. Taylor""]"
196	Tarento	91	tarento	author_exact	exact_unique	Culture	Culture-periphery	"[[""Culture"",""Culture-periphery""]]"	1	1	"[""tarento""]"	[653]	"[[""Culture"",""Culture-periphery""]]"	[653]	Culture	Culture-periphery	tarento	0	0	"[{""level1"":""Culture"",""level2"":""Culture-periphery"",""level3"":""tarento"",""person_count"":49,""example_wikidata_codes"":""Q11121896|Q11268670|Q11331712""}]"	0	0	[]		needs_review	low	author_candidate_previous_needs_review	[]	0	freebase_bhht_author_lookup_v1	lookup_candidate_not_frozen	"[""Akane Ohsawa"", ""Akiko Hinagata"", ""Akira Nakao""]"
197	Psychoanalyst	91	psychoanalyst	author_exact	exact_unique	Discovery/Science	Academia	"[[""Discovery/Science"",""Academia""]]"	1	1	"[""psychoanalyst""]"	[882]	"[[""Discovery/Science"",""Academia""],[""Other"",""Worker/Business (small)""]]"	[882,1514]	Discovery/Science	Academia	psychoanalyst	0	0	"[{""level1"":""Discovery/Science"",""level2"":""Academia"",""level3"":""psychoanalyst"",""person_count"":266,""example_wikidata_codes"":""Q10391749|Q106755|Q106767""}]"	0	0	[]	Discovery/Science	proposed	high	agrees_with_previous_llm	[]	0	freebase_bhht_author_lookup_v1	lookup_candidate_not_frozen	"[""Alfred Adler"", ""Andreas Embirikos"", ""André Bourguignon""]"
198	Restaurateur	90	restaurateur	author_exact	exact_unique	Other	Worker/Business (small)	"[[""Other"",""Worker/Business (small)""]]"	1	1	"[""restaurateur""]"	[1680]	"[[""Other"",""Worker/Business (small)""]]"	[1680]	Other	Worker/Business (small)	restaurateur	0	0	"[{""level1"":""Other"",""level2"":""Worker/Business (small)"",""level3"":""restaurateur"",""person_count"":432,""example_wikidata_codes"":""Q1029374|Q1039716|Q1039958""}]"	0	0	[]		needs_review	low	author_candidate_previous_needs_review	[]	0	freebase_bhht_author_lookup_v1	lookup_candidate_not_frozen	"[""Adam Belushi"", ""Alex Knight"", ""Alfredo Viazzi""]"
199	Vaudeville Performer	90	vaudeville_performer	author_substring	substring_unique_candidate	Culture	Culture-core	"[[""Culture"",""Culture-core""]]"	1	1	"[""performer""]"	[488]	"[[""Culture"",""Culture-core""]]"	[488]	Culture	Culture-core	performer	0	0	[]	0	0	"[""substring_requires_transfer_review""]"	Culture	proposed	medium	agrees_with_previous_llm	"[""substring_requires_transfer_review""]"	0	freebase_bhht_author_lookup_v1	lookup_candidate_not_frozen	"[""Addie Cherry"", ""Albert Ritz"", ""Belle Montrose""]"
200	Talent manager	89	talent_manager	author_substring	substring_unique_candidate	Leadership	Corporate/Executive/Business (large)	"[[""Leadership"",""Corporate/Executive/Business (large)""]]"	1	1	"[""manager""]"	[1234]	"[[""Leadership"",""Corporate/Executive/Business (large)""]]"	[1234]	Leadership	Corporate/Executive/Business (large)	manager	0	0	[]	0	0	"[""substring_requires_transfer_review""]"		needs_review	medium	author_candidate_previous_needs_review	"[""substring_requires_transfer_review""]"	0	freebase_bhht_author_lookup_v1	lookup_candidate_not_frozen	"[""AJ Discala"", ""Akihiro Ichimiya"", ""Alan Walden""]"
201	Police officer	88	police_officer	author_substring	substring_same_l1_multiple_l2	Leadership		"[[""Leadership"",""Administration/Law""],[""Leadership"",""Military""]]"	1	2	"[""_police_"",""officer_""]"	[1056,1412]	"[[""Leadership"",""Administration/Law""],[""Leadership"",""Military""]]"	[1056,1412]	Leadership	Administration/Law	_police_	0	0	[]	0	0	"[""substring_requires_transfer_review"",""multiple_author_l2_candidates""]"	Leadership	proposed	high	agrees_with_previous_llm	"[""substring_requires_transfer_review"",""multiple_author_l2_candidates""]"	0	freebase_bhht_author_lookup_v1	lookup_candidate_not_frozen	"[""Abel Kirui"", ""Aldo Ray"", ""Allen Mueller""]"
202	Science writer	88	science_writer	author_substring	substring_cross_l1_conflict			"[[""Culture"",""Culture-core""],[""Discovery/Science"",""Academia""]]"	2	2	"[""_writer"",""science""]"	[343,892]	"[[""Culture"",""Culture-core""],[""Discovery/Science"",""Academia""]]"	[343,892]	Culture	Culture-core	_writer	0	0	[]	0	0	"[""substring_requires_transfer_review"",""multiple_author_l1_candidates""]"	Culture	proposed	medium	no_unique_author_l1_candidate	"[""substring_requires_transfer_review"",""multiple_author_l1_candidates""]"	0	freebase_bhht_author_lookup_v1	lookup_candidate_not_frozen	"[""Addison Emery Verrill"", ""Adolf Meyer"", ""Alexander Dewdney""]"
203	Investor	87	investor	author_exact	exact_unique	Leadership	Corporate/Executive/Business (large)	"[[""Leadership"",""Corporate/Executive/Business (large)""]]"	1	1	"[""investor""]"	[1230]	"[[""Leadership"",""Corporate/Executive/Business (large)""]]"	[1230]	Leadership	Corporate/Executive/Business (large)	investor	0	0	"[{""level1"":""Leadership"",""level2"":""Corporate/Executive/Business (large)"",""level3"":""investor"",""person_count"":193,""example_wikidata_codes"":""Q1100130|Q11614|Q117011""}]"	0	0	[]		needs_review	low	author_candidate_previous_needs_review	[]	0	freebase_bhht_author_lookup_v1	lookup_candidate_not_frozen	"[""50 Cent"", ""Al-Waleed bin Talal"", ""Arnold Schwarzenegger""]"
204	Statesman	87	statesman	author_exact	exact_unique	Leadership	Politics	"[[""Leadership"",""Politics""]]"	1	1	"[""statesman""]"	[1031]	"[[""Leadership"",""Politics""]]"	[1031]	Leadership	Politics	statesman	0	0	"[{""level1"":""Leadership"",""level2"":""Politics"",""level3"":""statesman"",""person_count"":407,""example_wikidata_codes"":""Q1045777|Q1054198|Q1079307""}]"	0	0	[]	Leadership	proposed	high	agrees_with_previous_llm	[]	0	freebase_bhht_author_lookup_v1	lookup_candidate_not_frozen	"[""Abraham Lincoln"", ""Adam Jerzy Czartoryski"", ""Akihito""]"
205	Sociologist	87	sociologist	author_exact	exact_unique	Discovery/Science	Academia	"[[""Discovery/Science"",""Academia""]]"	1	1	"[""sociologist""]"	[902]	"[[""Discovery/Science"",""Academia""]]"	[902]	Discovery/Science	Academia	sociologist	0	0	"[{""level1"":""Discovery/Science"",""level2"":""Academia"",""level3"":""sociologist"",""person_count"":3523,""example_wikidata_codes"":""Q1000622|Q1016356|Q102106""}]"	0	0	[]	Discovery/Science	proposed	medium	agrees_with_previous_llm	[]	0	freebase_bhht_author_lookup_v1	lookup_candidate_not_frozen	"[""Adam Swift"", ""Alana Lentin"", ""Albin Kania""]"
206	Merchant	87	merchant	author_exact	exact_unique	Leadership	Corporate/Executive/Business (large)	"[[""Leadership"",""Corporate/Executive/Business (large)""]]"	1	1	"[""merchant""]"	[1236]	"[[""Leadership"",""Corporate/Executive/Business (large)""]]"	[1236]	Leadership	Corporate/Executive/Business (large)	merchant	0	0	"[{""level1"":""Leadership"",""level2"":""Corporate/Executive/Business (large)"",""level3"":""merchant"",""person_count"":2002,""example_wikidata_codes"":""Q1001149|Q100497|Q1010337""}]"	0	0	[]	Leadership	proposed	high	agrees_with_previous_llm	[]	0	freebase_bhht_author_lookup_v1	lookup_candidate_not_frozen	"[""Alexander Grieg"", ""Allan Melville (Merchant)"", ""Amasa Goodyear""]"
207	Office Worker	86	office_worker	author_substring	substring_unique_candidate	Other	Worker/Business (small)	"[[""Other"",""Worker/Business (small)""]]"	1	1	"[""worker""]"	[1716]	"[[""Other"",""Worker/Business (small)""]]"	[1716]	Other	Worker/Business (small)	worker	0	0	[]	0	0	"[""substring_requires_transfer_review""]"		out_of_scope	high	formal_author_other_previously_out_of_scope	"[""substring_requires_transfer_review""]"	0	freebase_bhht_author_lookup_v1	lookup_candidate_not_frozen	"[""AIbert Abraham Cauvern"", ""Alice White"", ""Anna Dostoyevskaya""]"
208	Audio Engineer	86	audio_engineer	author_substring	substring_cross_l1_conflict			"[[""Culture"",""Culture-periphery""],[""Discovery/Science"",""Explorer/Inventor/Developer""]]"	2	2	"[""_audio"",""engineer""]"	[574,1187]	"[[""Culture"",""Culture-periphery""],[""Discovery/Science"",""Explorer/Inventor/Developer""]]"	[574,1187]	Culture	Culture-periphery	_audio	0	0	[]	0	0	"[""substring_requires_transfer_review"",""multiple_author_l1_candidates""]"	Culture	proposed	medium	no_unique_author_l1_candidate	"[""substring_requires_transfer_review"",""multiple_author_l1_candidates""]"	0	freebase_bhht_author_lookup_v1	lookup_candidate_not_frozen	"[""Adrienne Alexander"", ""Alain Johannes"", ""Alan Splet""]"
209	Sumo Wrestler	86	sumo_wrestler	author_substring	substring_unique_candidate	Sports/Games	Sports/Games	"[[""Sports/Games"",""Sports/Games""]]"	1	1	"[""_sumo_"",""wrestler""]"	[25,298]	"[[""Sports/Games"",""Sports/Games""]]"	[25,298]	Sports/Games	Sports/Games	_sumo_	0	0	[]	0	0	"[""substring_requires_transfer_review""]"	Sports/Games	proposed	high	agrees_with_previous_llm	"[""substring_requires_transfer_review""]"	0	freebase_bhht_author_lookup_v1	lookup_candidate_not_frozen	"[""Aminishiki Ryūji"", ""Asahikuni Masuo"", ""Asahiyutaka Katsuteru""]"
210	Socialite	84	socialite	author_exact	exact_unique	Leadership	Nobility	"[[""Leadership"",""Nobility""]]"	1	1	"[""socialite""]"	[1165]	"[[""Leadership"",""Nobility""]]"	[1165]	Leadership	Nobility	socialite	0	0	"[{""level1"":""Leadership"",""level2"":""Nobility"",""level3"":""socialite"",""person_count"":404,""example_wikidata_codes"":""Q10305226|Q10318319|Q1044554""}]"	0	0	[]		out_of_scope	high	author_candidate_previous_out_of_scope	[]	0	freebase_bhht_author_lookup_v1	lookup_candidate_not_frozen	"[""Abigail Folger"", ""Alexia Umansky"", ""Alizée""]"
211	Pastor	83	pastor	author_exact	exact_unique	Leadership	Religious	"[[""Leadership"",""Religious""]]"	1	1	"[""pastor""]"	[1341]	"[[""Leadership"",""Religious""]]"	[1341]	Leadership	Religious	pastor	0	0	"[{""level1"":""Leadership"",""level2"":""Religious"",""level3"":""pastor"",""person_count"":1384,""example_wikidata_codes"":""Q1006735|Q10264411|Q10264420""}]"	0	0	[]	Leadership	proposed	high	agrees_with_previous_llm	[]	0	freebase_bhht_author_lookup_v1	lookup_candidate_not_frozen	"[""Adam Daniel Williams"", ""Andraé Crouch"", ""André Valadão""]"
212	Criminal	80	criminal	author_exact	exact_unique	Other	Other	"[[""Other"",""Other""]]"	1	1	"[""criminal""]"	[1792]	"[[""Other"",""Other""]]"	[1792]	Other	Other	criminal	0	0	"[{""level1"":""Other"",""level2"":""Other"",""level3"":""criminal"",""person_count"":896,""example_wikidata_codes"":""Q100253|Q102215|Q1025486""}]"	0	0	[]		out_of_scope	high	formal_author_other_previously_out_of_scope	[]	0	freebase_bhht_author_lookup_v1	lookup_candidate_not_frozen	"[""Abu Salem"", ""Al Capone"", ""Albert Gallo""]"
213	Programmer	79	programmer	author_exact	exact_unique	Discovery/Science	Explorer/Inventor/Developer	"[[""Discovery/Science"",""Explorer/Inventor/Developer""]]"	1	1	"[""programmer""]"	[1202]	"[[""Discovery/Science"",""Explorer/Inventor/Developer""]]"	[1202]	Discovery/Science	Explorer/Inventor/Developer	programmer	0	0	"[{""level1"":""Discovery/Science"",""level2"":""Explorer/Inventor/Developer"",""level3"":""programmer"",""person_count"":248,""example_wikidata_codes"":""Q10953|Q1135961|Q1154944""}]"	0	0	[]	Discovery/Science	proposed	high	agrees_with_previous_llm	[]	0	freebase_bhht_author_lookup_v1	lookup_candidate_not_frozen	"[""Ada Lovelace"", ""Adams Douglas"", ""Alan Kay""]"
214	Political activist	79	political_activist	author_substring	substring_unique_candidate	Leadership	Politics	"[[""Leadership"",""Politics""]]"	1	1	"[""activist"",""political""]"	[939,1013]	"[[""Leadership"",""Politics""]]"	[939,1013]	Leadership	Politics	activist	0	0	[]	0	0	"[""substring_requires_transfer_review""]"	Leadership	proposed	medium	agrees_with_previous_llm	"[""substring_requires_transfer_review""]"	0	freebase_bhht_author_lookup_v1	lookup_candidate_not_frozen	"[""Afeni Shakur"", ""Agnes Ernst Meyer"", ""Alain Soral""]"
215	Librarian	79	librarian	author_exact	exact_unique	Other	Worker/Business (small)	"[[""Other"",""Worker/Business (small)""]]"	1	1	"[""librarian""]"	[1640]	"[[""Other"",""Worker/Business (small)""]]"	[1640]	Other	Worker/Business (small)	librarian	0	0	"[{""level1"":""Other"",""level2"":""Worker/Business (small)"",""level3"":""librarian"",""person_count"":1676,""example_wikidata_codes"":""Q100879|Q1015009|Q10316549""}]"	0	0	[]		needs_review	low	author_candidate_previous_needs_review	[]	0	freebase_bhht_author_lookup_v1	lookup_candidate_not_frozen	"[""Alan Leeds"", ""Andre Norton"", ""Anne Doyle""]"
216	Jurist	75	jurist	author_exact	exact_unique	Leadership	Administration/Law	"[[""Leadership"",""Administration/Law""]]"	1	1	"[""jurist""]"	[1079]	"[[""Leadership"",""Administration/Law""]]"	[1079]	Leadership	Administration/Law	jurist	0	0	[]	0	0	[]	Leadership	proposed	high	agrees_with_previous_llm	[]	0	freebase_bhht_author_lookup_v1	lookup_candidate_not_frozen	"[""A. V. Dicey"", ""ABU HAMIDAL. GHAZALI"", ""Adolfo Suárez, 1st Duke of Suárez""]"
217	Alpine skier	75	alpine_skier	author_substring	substring_unique_candidate	Sports/Games	Sports/Games	"[[""Sports/Games"",""Sports/Games""]]"	1	1	"[""skier""]"	[239]	"[[""Sports/Games"",""Sports/Games""]]"	[239]	Sports/Games	Sports/Games	skier	0	0	[]	0	0	"[""substring_requires_transfer_review""]"	Sports/Games	proposed	medium	agrees_with_previous_llm	"[""substring_requires_transfer_review""]"	0	freebase_bhht_author_lookup_v1	lookup_candidate_not_frozen	"[""Adam Zampa (Olympic athlete)"", ""Agnieszka Gasienica Daniel"", ""Alexandra Coletti""]"
218	Music video director	74	music_video_director	author_substring	substring_unique_candidate	Culture	Culture-core	"[[""Culture"",""Culture-core""]]"	1	1	"[""_music""]"	[325]	"[[""Culture"",""Culture-core""]]"	[325]	Culture	Culture-core	_music	0	0	[]	0	0	"[""substring_requires_transfer_review""]"	Culture	proposed	high	agrees_with_previous_llm	"[""substring_requires_transfer_review""]"	0	freebase_bhht_author_lookup_v1	lookup_candidate_not_frozen	"[""\""Weird Al\"" Yankovic"", ""Adam Bernstein"", ""Alan Osmond""]"
219	American Football coach	74	american_football_coach	author_substring	substring_unique_candidate	Sports/Games	Sports/Games	"[[""Sports/Games"",""Sports/Games""]]"	1	1	"[""coach"",""football""]"	[75,101]	"[[""Sports/Games"",""Sports/Games""]]"	[75,101]	Sports/Games	Sports/Games	coach	0	0	[]	0	0	"[""substring_requires_transfer_review""]"	Sports/Games	proposed	high	agrees_with_previous_llm	"[""substring_requires_transfer_review""]"	0	freebase_bhht_author_lookup_v1	lookup_candidate_not_frozen	"[""Al Golden"", ""Bill Belichick"", ""Bo Pelini""]"
220	Theologian	72	theologian	author_exact	exact_unique	Discovery/Science	Academia	"[[""Discovery/Science"",""Academia""]]"	1	1	"[""theologian""]"	[913]	"[[""Discovery/Science"",""Academia""]]"	[913]	Discovery/Science	Academia	theologian	0	0	"[{""level1"":""Discovery/Science"",""level2"":""Academia"",""level3"":""theologian"",""person_count"":8316,""example_wikidata_codes"":""Q1000348|Q1000680|Q100257""}]"	0	0	[]	Discovery/Science	proposed	medium	agrees_with_previous_llm	[]	0	freebase_bhht_author_lookup_v1	lookup_candidate_not_frozen	"[""ABU HAMIDAL. GHAZALI"", ""Albert Bitzius"", ""Albert Schweitzer""]"
221	Talent agent	71	talent_agent	author_exact	exact_unique	Culture	Culture-periphery	"[[""Culture"",""Culture-periphery""]]"	1	1	"[""talent_agent""]"	[652]	"[[""Culture"",""Culture-periphery""]]"	[652]	Culture	Culture-periphery	talent_agent	0	0	"[{""level1"":""Culture"",""level2"":""Culture-periphery"",""level3"":""talent_agent"",""person_count"":58,""example_wikidata_codes"":""Q104981|Q16011649|Q16194269""}]"	0	0	[]		needs_review	medium	author_candidate_previous_needs_review	[]	0	freebase_bhht_author_lookup_v1	lookup_candidate_not_frozen	"[""A. D. Peters"", ""Ari Emanuel"", ""Beatriz Curtis""]"
222	Organist	70	organist	author_exact	exact_unique	Culture	Culture-core	"[[""Culture"",""Culture-core""]]"	1	1	"[""organist""]"	[480]	"[[""Culture"",""Culture-core""]]"	[480]	Culture	Culture-core	organist	0	0	"[{""level1"":""Culture"",""level2"":""Culture-core"",""level3"":""organist"",""person_count"":1661,""example_wikidata_codes"":""Q100316|Q100888|Q101281""}]"	0	0	[]	Culture	proposed	high	agrees_with_previous_llm	[]	0	freebase_bhht_author_lookup_v1	lookup_candidate_not_frozen	"[""Alan Hawkshaw"", ""Aleksander Szeligowski"", ""Alice Coltrane""]"
223	Secretary	70	secretary	author_exact	exact_unique	Leadership	Politics	"[[""Leadership"",""Politics""]]"	1	1	"[""secretary""]"	[1022]	"[[""Leadership"",""Politics""]]"	[1022]	Leadership	Politics	secretary	0	0	"[{""level1"":""Leadership"",""level2"":""Politics"",""level3"":""secretary"",""person_count"":1244,""example_wikidata_codes"":""Q1028578|Q10307857|Q1079744""}]"	0	0	[]		needs_review	low	author_candidate_previous_needs_review	[]	0	freebase_bhht_author_lookup_v1	lookup_candidate_not_frozen	"[""Alice White"", ""Anna Dostoyevskaya"", ""Anne Haddy""]"
224	Publicist	70	publicist	author_exact	exact_unique	Culture	Culture-periphery	"[[""Culture"",""Culture-periphery""]]"	1	1	"[""publicist""]"	[641]	"[[""Culture"",""Culture-periphery""]]"	[641]	Culture	Culture-periphery	publicist	0	0	"[{""level1"":""Culture"",""level2"":""Culture-periphery"",""level3"":""publicist"",""person_count"":71,""example_wikidata_codes"":""Q110938|Q115321|Q11724375""}]"	0	0	[]	Culture	proposed	high	agrees_with_previous_llm	[]	0	freebase_bhht_author_lookup_v1	lookup_candidate_not_frozen	"[""Amram Ducovny"", ""Beatrice Miller"", ""Borys Hrinchenko""]"
225	Animal trainer	69	animal_trainer	author_substring	substring_unique_candidate	Sports/Games	Sports/Games	"[[""Sports/Games"",""Sports/Games""]]"	1	1	"[""trainer""]"	[277]	"[[""Sports/Games"",""Sports/Games""]]"	[277]	Sports/Games	Sports/Games	trainer	0	0	[]	0	0	"[""substring_requires_transfer_review""]"		out_of_scope	high	author_candidate_previous_out_of_scope	"[""substring_requires_transfer_review""]"	0	freebase_bhht_author_lookup_v1	lookup_candidate_not_frozen	"[""Anabel Balkenhol"", ""Anatoly Durov"", ""Anne Cowdrey, 14th Lady Herries of Terregles""]"
226	Trumpeter	68	trumpeter	author_substring	substring_unique_candidate	Culture	Culture-core	"[[""Culture"",""Culture-core""]]"	1	1	"[""trumpet""]"	[558]	"[[""Culture"",""Culture-core""]]"	[558]	Culture	Culture-core	trumpet	0	0	[]	0	0	"[""substring_requires_transfer_review""]"	Culture	proposed	medium	agrees_with_previous_llm	"[""substring_requires_transfer_review""]"	0	freebase_bhht_author_lookup_v1	lookup_candidate_not_frozen	"[""Alex Sipiagin"", ""Alison Balsom"", ""Axel Stordahl""]"
227	Psychiatrist	67	psychiatrist	author_exact	exact_unique	Discovery/Science	Academia	"[[""Discovery/Science"",""Academia""]]"	1	1	"[""psychiatrist""]"	[880]	"[[""Discovery/Science"",""Academia""]]"	[880]	Discovery/Science	Academia	psychiatrist	0	0	"[{""level1"":""Discovery/Science"",""level2"":""Academia"",""level3"":""psychiatrist"",""person_count"":2290,""example_wikidata_codes"":""Q100367|Q100582|Q101128""}]"	0	0	[]	Discovery/Science	proposed	high	agrees_with_previous_llm	[]	0	freebase_bhht_author_lookup_v1	lookup_candidate_not_frozen	"[""Adam Zweig"", ""Adolf Meyer"", ""Andrea Dotti""]"
228	Social Worker	65	social_worker	author_substring	substring_unique_candidate	Other	Worker/Business (small)	"[[""Other"",""Worker/Business (small)""]]"	1	1	"[""worker""]"	[1716]	"[[""Other"",""Worker/Business (small)""]]"	[1716]	Other	Worker/Business (small)	worker	0	0	[]	0	0	"[""substring_requires_transfer_review""]"		out_of_scope	high	formal_author_other_previously_out_of_scope	"[""substring_requires_transfer_review""]"	0	freebase_bhht_author_lookup_v1	lookup_candidate_not_frozen	"[""Abby May Alcott"", ""Abdul Karim Ghaznavi"", ""Abhishek Singhvi""]"
229	Hairdresser	64	hairdresser	author_exact	exact_unique	Other	Worker/Business (small)	"[[""Other"",""Worker/Business (small)""]]"	1	1	"[""hairdresser""]"	[1607]	"[[""Other"",""Worker/Business (small)""]]"	[1607]	Other	Worker/Business (small)	hairdresser	0	0	"[{""level1"":""Other"",""level2"":""Worker/Business (small)"",""level3"":""hairdresser"",""person_count"":89,""example_wikidata_codes"":""Q119533|Q1352501|Q1362929""}]"	0	0	[]		out_of_scope	medium	formal_author_other_previously_out_of_scope	[]	0	freebase_bhht_author_lookup_v1	lookup_candidate_not_frozen	"[""Adhuna Bhabani Akhtar"", ""Agata Wietek"", ""Aguri Yoshiyuki""]"
230	Archaeologist	63	archaeologist	author_exact	exact_unique	Discovery/Science	Academia	"[[""Discovery/Science"",""Academia""]]"	1	1	"[""archaeologist""]"	[690]	"[[""Discovery/Science"",""Academia""]]"	[690]	Discovery/Science	Academia	archaeologist	0	0	"[{""level1"":""Discovery/Science"",""level2"":""Academia"",""level3"":""archaeologist"",""person_count"":3015,""example_wikidata_codes"":""Q1001774|Q100213|Q100320""}]"	0	0	[]	Discovery/Science	proposed	high	agrees_with_previous_llm	[]	0	freebase_bhht_author_lookup_v1	lookup_candidate_not_frozen	"[""Adolf Furtwängler"", ""Albert Jahn"", ""Alexander Cunningham""]"
231	TV Journalist	63	tv_journalist	author_substring	substring_unique_candidate	Culture	Culture-periphery	"[[""Culture"",""Culture-periphery""]]"	1	1	"[""journalist""]"	[629]	"[[""Culture"",""Culture-periphery""]]"	[629]	Culture	Culture-periphery	journalist	0	0	[]	0	0	"[""substring_requires_transfer_review""]"	Culture	proposed	high	agrees_with_previous_llm	"[""substring_requires_transfer_review""]"	0	freebase_bhht_author_lookup_v1	lookup_candidate_not_frozen	"[""Al Roker"", ""Alan Sepinwall"", ""Andrew Keoghan""]"
232	Financier	62	financier	author_exact	exact_unique	Leadership	Corporate/Executive/Business (large)	"[[""Leadership"",""Corporate/Executive/Business (large)""]]"	1	1	"[""financier""]"	[1225]	"[[""Leadership"",""Corporate/Executive/Business (large)""]]"	[1225]	Leadership	Corporate/Executive/Business (large)	financier	0	0	"[{""level1"":""Leadership"",""level2"":""Corporate/Executive/Business (large)"",""level3"":""financier"",""person_count"":448,""example_wikidata_codes"":""Q1120123|Q1139602|Q1156395""}]"	0	0	[]		needs_review	low	author_candidate_previous_needs_review	[]	0	freebase_bhht_author_lookup_v1	lookup_candidate_not_frozen	"[""Adam R. Dell"", ""Alejandro Santo Domingo"", ""Alexander Hamilton""]"
233	Gymnast	62	gymnast	author_exact	exact_unique	Sports/Games	Sports/Games	"[[""Sports/Games"",""Sports/Games""]]"	1	1	"[""gymnast""]"	[123]	"[[""Sports/Games"",""Sports/Games""]]"	[123]	Sports/Games	Sports/Games	gymnast	0	0	"[{""level1"":""Sports/Games"",""level2"":""Sports/Games"",""level3"":""gymnast"",""person_count"":3926,""example_wikidata_codes"":""Q100677|Q101141|Q10264237""}]"	0	0	[]	Sports/Games	proposed	high	agrees_with_previous_llm	[]	0	freebase_bhht_author_lookup_v1	lookup_candidate_not_frozen	"[""Adria Biles"", ""Adriana Krnáčová"", ""Alex Waller (Professional Athlete) #1""]"
234	Biographer	61	biographer	author_exact	exact_unique	Culture	Culture-core	"[[""Culture"",""Culture-core""]]"	1	1	"[""biographer""]"	[367]	"[[""Culture"",""Culture-core""]]"	[367]	Culture	Culture-core	biographer	0	0	"[{""level1"":""Culture"",""level2"":""Culture-core"",""level3"":""biographer"",""person_count"":1217,""example_wikidata_codes"":""Q10265091|Q10357834|Q10910942""}]"	0	0	[]	Culture	proposed	high	agrees_with_previous_llm	[]	0	freebase_bhht_author_lookup_v1	lookup_candidate_not_frozen	"[""A. Scott Berg"", ""Alden R. Hatch"", ""Andre Dubus (Novelist) #1""]"
235	Volleyball player	59	volleyball_player	author_substring	substring_unique_candidate	Sports/Games	Sports/Games	"[[""Sports/Games"",""Sports/Games""]]"	1	1	"[""player"",""volleyball""]"	[189,285]	"[[""Sports/Games"",""Sports/Games""]]"	[189,285]	Sports/Games	Sports/Games	player	0	0	[]	0	0	"[""substring_requires_transfer_review""]"	Sports/Games	proposed	medium	agrees_with_previous_llm	"[""substring_requires_transfer_review""]"	0	freebase_bhht_author_lookup_v1	lookup_candidate_not_frozen	"[""Agata Mróz-Olszewska"", ""Alexey Obmochaev"", ""April Ross""]"
236	Electrical engineer	59	electrical_engineer	author_substring	substring_unique_candidate	Discovery/Science	Explorer/Inventor/Developer	"[[""Discovery/Science"",""Explorer/Inventor/Developer""]]"	1	1	"[""engineer""]"	[1187]	"[[""Discovery/Science"",""Explorer/Inventor/Developer""]]"	[1187]	Discovery/Science	Explorer/Inventor/Developer	engineer	0	0	[]	0	0	"[""substring_requires_transfer_review""]"	Discovery/Science	proposed	high	agrees_with_previous_llm	"[""substring_requires_transfer_review""]"	0	freebase_bhht_author_lookup_v1	lookup_candidate_not_frozen	"[""Amar Bose"", ""Arnold Spielberg"", ""Arthur E. Kennelly""]"
237	Baseball Coach	59	baseball_coach	author_substring	substring_unique_candidate	Sports/Games	Sports/Games	"[[""Sports/Games"",""Sports/Games""]]"	1	1	"[""baseball"",""coach""]"	[40,75]	"[[""Sports/Games"",""Sports/Games""]]"	[40,75]	Sports/Games	Sports/Games	baseball	0	0	[]	0	0	"[""substring_requires_transfer_review""]"	Sports/Games	proposed	high	agrees_with_previous_llm	"[""substring_requires_transfer_review""]"	0	freebase_bhht_author_lookup_v1	lookup_candidate_not_frozen	"[""Bob Melvin"", ""Bobby Magallanes"", ""Brian Harper""]"
238	Art Historian	58	art_historian	author_exact	exact_unique	Discovery/Science	Academia	"[[""Discovery/Science"",""Academia""]]"	1	1	"[""art_historian""]"	[694]	"[[""Discovery/Science"",""Academia""]]"	[694,783]	Discovery/Science	Academia	art_historian	0	0	"[{""level1"":""Discovery/Science"",""level2"":""Academia"",""level3"":""art_historian"",""person_count"":4351,""example_wikidata_codes"":""Q100279|Q100328|Q100487""}]"	0	0	[]	Discovery/Science	proposed	medium	agrees_with_previous_llm	[]	0	freebase_bhht_author_lookup_v1	lookup_candidate_not_frozen	"[""Adelyn Dohme Breeskin"", ""Albert von Zahn"", ""Anne Pingeot""]"
239	Saxophonist	58	saxophonist	author_exact	exact_unique	Culture	Culture-core	"[[""Culture"",""Culture-core""]]"	1	1	"[""saxophonist""]"	[518]	"[[""Culture"",""Culture-core""]]"	[518]	Culture	Culture-core	saxophonist	0	0	"[{""level1"":""Culture"",""level2"":""Culture-core"",""level3"":""saxophonist"",""person_count"":1062,""example_wikidata_codes"":""Q101314|Q1037518|Q10388225""}]"	0	0	[]	Culture	proposed	high	agrees_with_previous_llm	[]	0	freebase_bhht_author_lookup_v1	lookup_candidate_not_frozen	"[""Aika (Pop Artist)"", ""Benny Green (Writer)"", ""Boney James""]"
240	Art critic	57	art_critic	author_exact	exact_unique	Culture	Culture-core	"[[""Culture"",""Culture-core""]]"	1	1	"[""art_critic""]"	[350]	"[[""Culture"",""Culture-core""],[""Culture"",""Culture-periphery""]]"	[350,604]	Culture	Culture-core	art_critic	0	0	"[{""level1"":""Culture"",""level2"":""Culture-core"",""level3"":""art_critic"",""person_count"":413,""example_wikidata_codes"":""Q10309841|Q10346515|Q1056780""}]"	0	0	[]	Culture	proposed	high	agrees_with_previous_llm	[]	0	freebase_bhht_author_lookup_v1	lookup_candidate_not_frozen	"[""Adam Baruch"", ""Alaíde Foppa"", ""André Roger Lannes de Montebello""]"
241	Civil servant	56	civil_servant	author_exact	exact_unique	Leadership	Administration/Law	"[[""Leadership"",""Administration/Law""]]"	1	1	"[""civil_servant""]"	[1065]	"[[""Leadership"",""Administration/Law""]]"	[1065]	Leadership	Administration/Law	civil_servant	0	0	"[{""level1"":""Leadership"",""level2"":""Administration/Law"",""level3"":""civil_servant"",""person_count"":526,""example_wikidata_codes"":""Q10813571|Q10843521|Q11856637""}]"	0	0	[]	Leadership	proposed	medium	agrees_with_previous_llm	[]	0	freebase_bhht_author_lookup_v1	lookup_candidate_not_frozen	"[""Abdel Nasser Hussein"", ""Abid Hussain"", ""Abraham Stoker""]"
242	Curator	56	curator	author_exact	exact_unique	Culture	Culture-core	"[[""Culture"",""Culture-core""]]"	1	1	"[""curator""]"	[409]	"[[""Culture"",""Culture-core""]]"	[409]	Culture	Culture-core	curator	0	0	"[{""level1"":""Culture"",""level2"":""Culture-core"",""level3"":""curator"",""person_count"":1003,""example_wikidata_codes"":""Q1000026|Q100496|Q102168""}]"	0	0	[]	Culture	proposed	high	agrees_with_previous_llm	[]	0	freebase_bhht_author_lookup_v1	lookup_candidate_not_frozen	"[""Adelyn Dohme Breeskin"", ""Ahmad Hasan Dani"", ""Alexander Agassiz""]"
243	Business magnate	56	business_magnate	author_substring	substring_unique_candidate	Leadership	Corporate/Executive/Business (large)	"[[""Leadership"",""Corporate/Executive/Business (large)""]]"	1	1	"[""_magnate_"",""business""]"	[1212,1218]	"[[""Leadership"",""Corporate/Executive/Business (large)""]]"	[1212,1218]	Leadership	Corporate/Executive/Business (large)	_magnate_	0	0	[]	0	0	"[""substring_requires_transfer_review""]"	Leadership	proposed	high	agrees_with_previous_llm	"[""substring_requires_transfer_review""]"	0	freebase_bhht_author_lookup_v1	lookup_candidate_not_frozen	"[""Aditya Vikram Birla"", ""Aga Khan IV"", ""Akkineni Nagarjuna""]"
244	Snowboarder	56	snowboarder	author_substring	substring_unique_candidate	Sports/Games	Sports/Games	"[[""Sports/Games"",""Sports/Games""]]"	1	1	"[""snowboard""]"	[248]	"[[""Sports/Games"",""Sports/Games""]]"	[248]	Sports/Games	Sports/Games	snowboard	0	0	[]	0	0	"[""substring_requires_transfer_review""]"	Sports/Games	proposed	medium	agrees_with_previous_llm	"[""substring_requires_transfer_review""]"	0	freebase_bhht_author_lookup_v1	lookup_candidate_not_frozen	"[""Alena Zavarzina"", ""Alessandro Hämmerle"", ""Andrey Boldykov""]"
245	Figure Skater	56	figure_skater	author_substring	substring_unique_candidate	Sports/Games	Sports/Games	"[[""Sports/Games"",""Sports/Games""]]"	1	1	"[""skater""]"	[234]	"[[""Sports/Games"",""Sports/Games""]]"	[234]	Sports/Games	Sports/Games	skater	0	0	[]	0	0	"[""substring_requires_transfer_review""]"	Sports/Games	proposed	high	agrees_with_previous_llm	"[""substring_requires_transfer_review""]"	0	freebase_bhht_author_lookup_v1	lookup_candidate_not_frozen	"[""Alex Shibutani"", ""Alexandra Zaretsky"", ""Belita""]"
246	Explorer	56	explorer	author_exact	exact_unique	Discovery/Science	Explorer/Inventor/Developer	"[[""Discovery/Science"",""Explorer/Inventor/Developer""]]"	1	1	"[""explorer""]"	[1189]	"[[""Discovery/Science"",""Explorer/Inventor/Developer""]]"	[1189]	Discovery/Science	Explorer/Inventor/Developer	explorer	0	0	"[{""level1"":""Discovery/Science"",""level2"":""Explorer/Inventor/Developer"",""level3"":""explorer"",""person_count"":3554,""example_wikidata_codes"":""Q100865|Q1009426|Q101611""}]"	0	0	[]	Discovery/Science	proposed	high	agrees_with_previous_llm	[]	0	freebase_bhht_author_lookup_v1	lookup_candidate_not_frozen	"[""Alexander Forrest"", ""Alexander von Humboldt"", ""Alfred Russel Wallace""]"
247	Percussionist	55	percussionist	author_exact	exact_unique	Culture	Culture-core	"[[""Culture"",""Culture-core""]]"	1	1	"[""percussionist""]"	[487]	"[[""Culture"",""Culture-core""]]"	[487]	Culture	Culture-core	percussionist	0	0	"[{""level1"":""Culture"",""level2"":""Culture-core"",""level3"":""percussionist"",""person_count"":397,""example_wikidata_codes"":""Q10267957|Q10267985|Q10270314""}]"	0	0	[]	Culture	proposed	medium	agrees_with_previous_llm	[]	0	freebase_bhht_author_lookup_v1	lookup_candidate_not_frozen	"[""Alana Haim"", ""Alex Van Halen"", ""Andy Creeggan""]"
248	Set Designer	55	set_designer	author_substring	substring_unique_candidate	Culture	Culture-periphery	"[[""Culture"",""Culture-periphery""]]"	1	1	"[""designer""]"	[606]	"[[""Culture"",""Culture-periphery""]]"	[606]	Culture	Culture-periphery	designer	0	0	[]	0	0	"[""substring_requires_transfer_review""]"	Culture	proposed	high	agrees_with_previous_llm	"[""substring_requires_transfer_review""]"	0	freebase_bhht_author_lookup_v1	lookup_candidate_not_frozen	"[""Alejandro Luna"", ""Anthony Ward"", ""Arthur Law""]"
249	Horse trainer	54	horse_trainer	author_exact	exact_unique	Sports/Games	Sports/Games	"[[""Sports/Games"",""Sports/Games""]]"	1	1	"[""horse_trainer""]"	[135]	"[[""Sports/Games"",""Sports/Games""]]"	[135,277]	Sports/Games	Sports/Games	horse_trainer	0	0	"[{""level1"":""Sports/Games"",""level2"":""Sports/Games"",""level3"":""horse_trainer"",""person_count"":605,""example_wikidata_codes"":""Q1061259|Q1066947|Q107658""}]"	0	0	[]		needs_review	low	author_candidate_previous_needs_review	[]	0	freebase_bhht_author_lookup_v1	lookup_candidate_not_frozen	"[""Anabel Balkenhol"", ""Anne Cowdrey, 14th Lady Herries of Terregles"", ""Anne Power (Horse trainer)""]"
250	Supermodel	53	supermodel	no_author_rule	no_author_rule			[]	0	0	[]	[]	[]	[]				0	0	[]	0	0	"[""no_author_rule""]"	Culture	proposed	medium	no_unique_author_l1_candidate	"[""no_author_rule""]"	0	freebase_bhht_author_lookup_v1	lookup_candidate_not_frozen	"[""Aamina Sheikh"", ""Adriana Karembeu"", ""Adriana Lima""]"
251	VJ	53	vj	no_author_rule	no_author_rule			[]	0	0	[]	[]	[]	[]				0	0	[]	0	0	"[""no_author_rule""]"	Culture	proposed	medium	no_unique_author_l1_candidate	"[""no_author_rule""]"	0	freebase_bhht_author_lookup_v1	lookup_candidate_not_frozen	"[""Adam Curry"", ""Aditya Roy Kapur"", ""Alishba Yousuf""]"
252	Master of Ceremonies	53	master_of_ceremonies	no_author_rule	no_author_rule			[]	0	0	[]	[]	[]	[]				0	0	[]	0	0	"[""no_author_rule""]"	Culture	proposed	high	no_unique_author_l1_candidate	"[""no_author_rule""]"	0	freebase_bhht_author_lookup_v1	lookup_candidate_not_frozen	"[""Akala"", ""Alan Thicke"", ""Anne Curtis""]"
253	Interior designer	53	interior_designer	author_exact	exact_unique	Culture	Culture-periphery	"[[""Culture"",""Culture-periphery""]]"	1	1	"[""interior_designer""]"	[627]	"[[""Culture"",""Culture-periphery""]]"	[606,627]	Culture	Culture-periphery	designer	0	0	"[{""level1"":""Culture"",""level2"":""Culture-periphery"",""level3"":""interior_designer"",""person_count"":20,""example_wikidata_codes"":""Q11540089|Q15485879|Q15999216""}]"	0	0	[]	Culture	proposed	medium	agrees_with_previous_llm	[]	0	freebase_bhht_author_lookup_v1	lookup_candidate_not_frozen	"[""Amу Rеimаnn"", ""Andrea Bernard"", ""Anouska Hempel""]"
254	Salesman	52	salesman	author_exact	exact_unique	Leadership	Corporate/Executive/Business (large)	"[[""Leadership"",""Corporate/Executive/Business (large)""]]"	1	1	"[""salesman""]"	[1240]	"[[""Leadership"",""Corporate/Executive/Business (large)""]]"	[1240]	Leadership	Corporate/Executive/Business (large)	salesman	0	0	"[{""level1"":""Leadership"",""level2"":""Corporate/Executive/Business (large)"",""level3"":""salesman"",""person_count"":10,""example_wikidata_codes"":""Q16066577|Q20656944|Q21197546""}]"	0	0	[]		needs_review	medium	author_candidate_previous_needs_review	[]	0	freebase_bhht_author_lookup_v1	lookup_candidate_not_frozen	"[""Alexander Scott McKee"", ""Amina Zlailouh"", ""Arthur Sabin Coward""]"
255	Accountant	52	accountant	author_exact	exact_unique	Other	Worker/Business (small)	"[[""Other"",""Worker/Business (small)""]]"	1	1	"[""accountant""]"	[1504]	"[[""Other"",""Worker/Business (small)""]]"	[1504]	Other	Worker/Business (small)	accountant	0	0	"[{""level1"":""Other"",""level2"":""Worker/Business (small)"",""level3"":""accountant"",""person_count"":239,""example_wikidata_codes"":""Q118244|Q15221986|Q15275783""}]"	0	0	[]		needs_review	low	author_candidate_previous_needs_review	[]	0	freebase_bhht_author_lookup_v1	lookup_candidate_not_frozen	"[""Anne Kennedy Waymouth"", ""Aroon Purie"", ""Benjamin Jack Hagman""]"
256	Book editor	50	book_editor	author_substring	substring_unique_candidate	Culture	Culture-periphery	"[[""Culture"",""Culture-periphery""]]"	1	1	"[""editor""]"	[612]	"[[""Culture"",""Culture-periphery""]]"	[612]	Culture	Culture-periphery	editor	0	0	[]	0	0	"[""substring_requires_transfer_review""]"	Culture	proposed	medium	agrees_with_previous_llm	"[""substring_requires_transfer_review""]"	0	freebase_bhht_author_lookup_v1	lookup_candidate_not_frozen	"[""Aberjhani"", ""Ahsan Habib"", ""Amal Clooney""]"
257	Baseball Manager	50	baseball_manager	author_substring	substring_cross_l1_conflict			"[[""Leadership"",""Corporate/Executive/Business (large)""],[""Sports/Games"",""Sports/Games""]]"	2	2	"[""baseball"",""manager""]"	[40,1234]	"[[""Leadership"",""Corporate/Executive/Business (large)""],[""Sports/Games"",""Sports/Games""]]"	[40,1234]	Sports/Games	Sports/Games	baseball	0	0	[]	0	0	"[""substring_requires_transfer_review"",""multiple_author_l1_candidates""]"	Sports/Games	proposed	medium	no_unique_author_l1_candidate	"[""substring_requires_transfer_review"",""multiple_author_l1_candidates""]"	0	freebase_bhht_author_lookup_v1	lookup_candidate_not_frozen	"[""Bob Melvin"", ""Bobby Magallanes"", ""Brian Harper""]"
258	Biathlete	48	biathlete	author_substring	substring_unique_candidate	Sports/Games	Sports/Games	"[[""Sports/Games"",""Sports/Games""]]"	1	1	"[""athlete""]"	[32]	"[[""Sports/Games"",""Sports/Games""]]"	[32]	Sports/Games	Sports/Games	athlete	0	0	[]	0	0	"[""substring_requires_transfer_review""]"	Sports/Games	proposed	high	agrees_with_previous_llm	"[""substring_requires_transfer_review""]"	0	freebase_bhht_author_lookup_v1	lookup_candidate_not_frozen	"[""Ada Ringen"", ""Aita Gasparin"", ""Anastasiya Kuzmina""]"
259	Homemaking	48	homemaking	no_author_rule	no_author_rule			[]	0	0	[]	[]	[]	[]				0	0	[]	0	0	"[""no_author_rule""]"		out_of_scope	medium	no_unique_author_l1_candidate	"[""no_author_rule""]"	0	freebase_bhht_author_lookup_v1	lookup_candidate_not_frozen	"[""Adriana Sabarots"", ""Akie Abe"", ""Alice Violet Randall""]"
260	Cross-country skier	48	cross-country_skier	author_substring	substring_unique_candidate	Sports/Games	Sports/Games	"[[""Sports/Games"",""Sports/Games""]]"	1	1	"[""skier""]"	[239]	"[[""Sports/Games"",""Sports/Games""]]"	[239]	Sports/Games	Sports/Games	skier	0	0	[]	0	0	"[""substring_requires_transfer_review""]"	Sports/Games	proposed	high	agrees_with_previous_llm	"[""substring_requires_transfer_review""]"	0	freebase_bhht_author_lookup_v1	lookup_candidate_not_frozen	"[""Aimee Watson"", ""Aleš Razym"", ""Andrew Musgrave""]"
261	Adviser	48	adviser	no_author_rule	no_author_rule			[]	0	0	[]	[]	[]	[]				0	0	[]	0	0	"[""no_author_rule""]"		needs_review	low	no_unique_author_l1_candidate	"[""no_author_rule""]"	0	freebase_bhht_author_lookup_v1	lookup_candidate_not_frozen	"[""Alfred D. Rosner"", ""Angelo Leno"", ""Ben Stein""]"
262	Financial adviser	48	financial_adviser	author_exact	exact_unique	Other	Worker/Business (small)	"[[""Other"",""Worker/Business (small)""]]"	1	1	"[""financial_adviser""]"	[1590]	"[[""Other"",""Worker/Business (small)""]]"	[1590]	Other	Worker/Business (small)	financial_adviser	0	0	"[{""level1"":""Other"",""level2"":""Worker/Business (small)"",""level3"":""financial_adviser"",""person_count"":15,""example_wikidata_codes"":""Q15493136|Q1630078|Q17149758""}]"	0	0	[]		needs_review	low	author_candidate_previous_needs_review	[]	0	freebase_bhht_author_lookup_v1	lookup_candidate_not_frozen	"[""Alfred D. Rosner"", ""Angelo Leno"", ""Ben Stein""]"
263	Speed Skater	48	speed_skater	author_substring	substring_unique_candidate	Sports/Games	Sports/Games	"[[""Sports/Games"",""Sports/Games""]]"	1	1	"[""skater""]"	[234]	"[[""Sports/Games"",""Sports/Games""]]"	[234]	Sports/Games	Sports/Games	skater	0	0	[]	0	0	"[""substring_requires_transfer_review""]"	Sports/Games	proposed	high	agrees_with_previous_llm	"[""substring_requires_transfer_review""]"	0	freebase_bhht_author_lookup_v1	lookup_candidate_not_frozen	"[""Anni Friesinger-Postma"", ""Anthony Lobello, Jr."", ""Arianna Fontana""]"
264	Humorist	47	humorist	author_exact	exact_unique	Culture	Culture-core	"[[""Culture"",""Culture-core""]]"	1	1	"[""humorist""]"	[440]	"[[""Culture"",""Culture-core""]]"	[440]	Culture	Culture-core	humorist	0	0	"[{""level1"":""Culture"",""level2"":""Culture-core"",""level3"":""humorist"",""person_count"":49,""example_wikidata_codes"":""Q1064562|Q15493931|Q16151827""}]"	0	0	[]	Culture	proposed	high	agrees_with_previous_llm	[]	0	freebase_bhht_author_lookup_v1	lookup_candidate_not_frozen	"[""Abe Burrows"", ""Aleksandr Kanevsky"", ""Ben Stein""]"
265	Missionary	47	missionary	author_exact	exact_unique	Leadership	Religious	"[[""Leadership"",""Religious""]]"	1	1	"[""_missionary""]"	[1259]	"[[""Leadership"",""Religious""]]"	[1259]	Leadership	Religious	_missionary	0	0	"[{""level1"":""Leadership"",""level2"":""Religious"",""level3"":""missionary"",""person_count"":2294,""example_wikidata_codes"":""Q100684|Q100780|Q100801""}]"	0	0	[]	Leadership	proposed	medium	agrees_with_previous_llm	[]	0	freebase_bhht_author_lookup_v1	lookup_candidate_not_frozen	"[""Adoniram Judson"", ""Ahmed Deedat"", ""Annie Lobert""]"
266	Professional Road Racing Cyclist	47	professional_road_racing_cyclist	author_substring	substring_unique_candidate	Sports/Games	Sports/Games	"[[""Sports/Games"",""Sports/Games""]]"	1	1	"[""cyclist"",""racing""]"	[85,209]	"[[""Sports/Games"",""Sports/Games""]]"	[85,209]	Sports/Games	Sports/Games	cyclist	0	0	[]	0	0	"[""substring_requires_transfer_review""]"	Sports/Games	proposed	high	agrees_with_previous_llm	"[""substring_requires_transfer_review""]"	0	freebase_bhht_author_lookup_v1	lookup_candidate_not_frozen	"[""Aleš Razym"", ""Andy Schleck"", ""Axel Merckx""]"
267	Columnist	47	columnist	author_exact	exact_unique	Culture	Culture-periphery	"[[""Culture"",""Culture-periphery""]]"	1	1	"[""columnist""]"	[597]	"[[""Culture"",""Culture-periphery""]]"	[597]	Culture	Culture-periphery	columnist	0	0	"[{""level1"":""Culture"",""level2"":""Culture-periphery"",""level3"":""columnist"",""person_count"":563,""example_wikidata_codes"":""Q10325479|Q1065216|Q110126""}]"	0	0	[]	Culture	proposed	high	agrees_with_previous_llm	[]	0	freebase_bhht_author_lookup_v1	lookup_candidate_not_frozen	"[""An Nelissen"", ""Ana Milena Muñoz Gómez"", ""Annamarie Russo""]"
268	Dentist	47	dentist	author_exact	exact_unique	Discovery/Science	Academia	"[[""Discovery/Science"",""Academia""]]"	1	1	"[""dentist""]"	[729]	"[[""Discovery/Science"",""Academia""]]"	[729]	Discovery/Science	Academia	dentist	0	0	"[{""level1"":""Discovery/Science"",""level2"":""Academia"",""level3"":""dentist"",""person_count"":546,""example_wikidata_codes"":""Q10285795|Q10290183|Q10317739""}]"	0	0	[]	Discovery/Science	proposed	medium	agrees_with_previous_llm	[]	0	freebase_bhht_author_lookup_v1	lookup_candidate_not_frozen	"[""Andrew Arthur Allen Sr."", ""Andrzej Szpilman"", ""Annie Elizabeth Delany""]"
269	Psychotherapist	46	psychotherapist	author_substring	substring_unique_candidate	Discovery/Science	Academia	"[[""Discovery/Science"",""Academia""]]"	1	1	"[""therapist""]"	[916]	"[[""Discovery/Science"",""Academia""]]"	[916]	Discovery/Science	Academia	therapist	0	0	[]	0	0	"[""substring_requires_transfer_review""]"	Discovery/Science	proposed	high	agrees_with_previous_llm	"[""substring_requires_transfer_review""]"	0	freebase_bhht_author_lookup_v1	lookup_candidate_not_frozen	"[""Adam Zweig"", ""Albert Ellis"", ""Alfred Adler""]"
270	Mangaka	45	mangaka	author_substring	substring_unique_candidate	Culture	Culture-core	"[[""Culture"",""Culture-core""]]"	1	1	"[""manga""]"	[465]	"[[""Culture"",""Culture-core""]]"	[465]	Culture	Culture-core	manga	0	0	[]	0	0	"[""substring_requires_transfer_review""]"	Culture	proposed	high	agrees_with_previous_llm	"[""substring_requires_transfer_review""]"	0	freebase_bhht_author_lookup_v1	lookup_candidate_not_frozen	"[""Aki Mochida"", ""Akio Chiba"", ""Eiki Eiki""]"
271	Cellist	45	cellist	author_exact	exact_unique	Culture	Culture-core	"[[""Culture"",""Culture-core""]]"	1	1	"[""cellist""]"	[375]	"[[""Culture"",""Culture-core""]]"	[375]	Culture	Culture-core	cellist	0	0	"[{""level1"":""Culture"",""level2"":""Culture-core"",""level3"":""cellist"",""person_count"":578,""example_wikidata_codes"":""Q103294|Q1043159|Q1065302""}]"	0	0	[]	Culture	proposed	medium	agrees_with_previous_llm	[]	0	freebase_bhht_author_lookup_v1	lookup_candidate_not_frozen	"[""Akua Dixon (Music Composer)"", ""Alan Shulman"", ""Alisa Weilerstein""]"
272	Art collector	44	art_collector	author_substring	substring_unique_candidate	Culture	Culture-core	"[[""Culture"",""Culture-core""]]"	1	1	"[""collector""]"	[391]	"[[""Culture"",""Culture-core""]]"	[391]	Culture	Culture-core	collector	0	0	[]	0	0	"[""substring_requires_transfer_review""]"		needs_review	low	author_candidate_previous_needs_review	"[""substring_requires_transfer_review""]"	0	freebase_bhht_author_lookup_v1	lookup_candidate_not_frozen	"[""Agnes Gund"", ""Antonis Benakis"", ""Baron Hans Heinrich Thyssen-Bornemisza""]"
273	Mountaineer	44	mountaineer	author_exact	exact_unique	Sports/Games	Sports/Games	"[[""Sports/Games"",""Sports/Games""]]"	1	1	"[""mountaineer""]"	[170]	"[[""Sports/Games"",""Sports/Games""]]"	[170]	Sports/Games	Sports/Games	mountaineer	0	0	"[{""level1"":""Sports/Games"",""level2"":""Sports/Games"",""level3"":""mountaineer"",""person_count"":1051,""example_wikidata_codes"":""Q100662|Q102242|Q10270591""}]"	0	0	[]	Sports/Games	proposed	high	agrees_with_previous_llm	[]	0	freebase_bhht_author_lookup_v1	lookup_candidate_not_frozen	"[""Alan Watts"", ""Aleister Crowley"", ""Alexander von Humboldt""]"
274	Mixed Martial Artist	44	mixed_martial_artist	author_substring	substring_cross_l1_conflict			"[[""Culture"",""Culture-core""],[""Sports/Games"",""Sports/Games""]]"	2	2	"[""martial_art"",""_artist""]"	[160,304]	"[[""Culture"",""Culture-core""],[""Sports/Games"",""Sports/Games""]]"	[160,304]	Sports/Games	Sports/Games	martial_art	0	0	[]	0	0	"[""substring_requires_transfer_review"",""multiple_author_l1_candidates""]"	Sports/Games	proposed	medium	no_unique_author_l1_candidate	"[""substring_requires_transfer_review"",""multiple_author_l1_candidates""]"	0	freebase_bhht_author_lookup_v1	lookup_candidate_not_frozen	"[""Alberto Del Rio"", ""Alex Caceres"", ""Alex Reid""]"
275	Spiritual leader	43	spiritual_leader	no_author_rule	no_author_rule			[]	0	0	[]	[]	[]	[]				0	0	[]	0	0	"[""no_author_rule""]"	Leadership	proposed	high	no_unique_author_l1_candidate	"[""no_author_rule""]"	0	freebase_bhht_author_lookup_v1	lookup_candidate_not_frozen	"[""Adelard of Bath"", ""Al-Battani"", ""Albertus Magnus""]"
276	Magazine editor	43	magazine_editor	author_substring	substring_unique_candidate	Culture	Culture-periphery	"[[""Culture"",""Culture-periphery""]]"	1	1	"[""editor"",""magazine""]"	[612,630]	"[[""Culture"",""Culture-periphery""]]"	[612,630]	Culture	Culture-periphery	editor	0	0	[]	0	0	"[""substring_requires_transfer_review""]"	Culture	proposed	high	agrees_with_previous_llm	"[""substring_requires_transfer_review""]"	0	freebase_bhht_author_lookup_v1	lookup_candidate_not_frozen	"[""Alberto Moravia"", ""Angela Simmons"", ""Anna Wintour""]"
277	Pin-up girl	43	pin-up_girl	no_author_rule	no_author_rule			[]	0	0	[]	[]	[]	[]				0	0	[]	0	0	"[""no_author_rule""]"	Culture	proposed	medium	no_unique_author_l1_candidate	"[""no_author_rule""]"	0	freebase_bhht_author_lookup_v1	lookup_candidate_not_frozen	"[""Alla Nazimova"", ""Anne Gwynne"", ""Barbara Bates""]"
278	Prophet	42	prophet	author_exact	exact_unique	Leadership	Religious	"[[""Leadership"",""Religious""]]"	1	1	"[""prophet""]"	[1347]	"[[""Leadership"",""Religious""]]"	[1347]	Leadership	Religious	prophet	0	0	"[{""level1"":""Leadership"",""level2"":""Religious"",""level3"":""prophet"",""person_count"":154,""example_wikidata_codes"":""Q1108657|Q1108685|Q1110872""}]"	0	0	[]		needs_review	low	author_candidate_previous_needs_review	[]	0	freebase_bhht_author_lookup_v1	lookup_candidate_not_frozen	"[""Adelard of Bath"", ""Al-Battani"", ""Albertus Magnus""]"
279	Violinist	42	violinist	author_substring	substring_unique_candidate	Culture	Culture-core	"[[""Culture"",""Culture-core""]]"	1	1	"[""violin""]"	[563]	"[[""Culture"",""Culture-core""]]"	[563]	Culture	Culture-core	violin	0	0	[]	0	0	"[""substring_requires_transfer_review""]"	Culture	proposed	high	agrees_with_previous_llm	"[""substring_requires_transfer_review""]"	0	freebase_bhht_author_lookup_v1	lookup_candidate_not_frozen	"[""Ahmed Fouad Hassan"", ""Alfred Maurstad"", ""Alison Krauss""]"
280	Preacher	42	preacher	author_exact	exact_unique	Leadership	Religious	"[[""Leadership"",""Religious""]]"	1	1	"[""preacher""]"	[1343]	"[[""Leadership"",""Religious""]]"	[1343]	Leadership	Religious	preacher	0	0	"[{""level1"":""Leadership"",""level2"":""Religious"",""level3"":""preacher"",""person_count"":557,""example_wikidata_codes"":""Q1029610|Q10306630|Q105833""}]"	0	0	[]	Leadership	proposed	medium	agrees_with_previous_llm	[]	0	freebase_bhht_author_lookup_v1	lookup_candidate_not_frozen	"[""Aimee Semple McPherson"", ""Bahā ud-Dīn Walad"", ""Bharti Shriji""]"
281	Acting Coach	42	acting_coach	author_substring	substring_unique_candidate	Sports/Games	Sports/Games	"[[""Sports/Games"",""Sports/Games""]]"	1	1	"[""coach""]"	[75]	"[[""Sports/Games"",""Sports/Games""]]"	[75]	Sports/Games	Sports/Games	coach	0	0	[]	0	0	"[""substring_requires_transfer_review""]"	Culture	proposed	high	differs_from_previous_llm	"[""substring_requires_transfer_review"",""previous_llm_l1_disagreement""]"	0	freebase_bhht_author_lookup_v1	lookup_candidate_not_frozen	"[""Anne Jackson"", ""Arlene Martel"", ""Biff Elliot""]"
282	Conservationist	42	conservationist	author_exact	exact_cross_l1_conflict			"[[""Discovery/Science"",""Academia""],[""Leadership"",""Politics""]]"	2	2	"[""conservationist""]"	[721,955]	"[[""Discovery/Science"",""Academia""],[""Leadership"",""Politics""]]"	[721,955]	Discovery/Science	Academia	conservationist	0	0	"[{""level1"":""Discovery/Science"",""level2"":""Academia"",""level3"":""conservationist"",""person_count"":67,""example_wikidata_codes"":""Q11056893|Q1260107|Q1282702""},{""level1"":""Leadership"",""level2"":""Politics"",""level3"":""conservationist"",""person_count"":79,""example_wikidata_codes"":""Q1348276|Q15485581|Q15920645""}]"	0	0	"[""multiple_author_l1_candidates""]"		needs_review	low	no_unique_author_l1_candidate	"[""multiple_author_l1_candidates""]"	0	freebase_bhht_author_lookup_v1	lookup_candidate_not_frozen	"[""Ansel Adams"", ""Anton Rupert"", ""Bill Oddie""]"
283	Puppeteer	42	puppeteer	author_exact	exact_unique	Culture	Culture-core	"[[""Culture"",""Culture-core""]]"	1	1	"[""puppeteer""]"	[510]	"[[""Culture"",""Culture-core""]]"	[510]	Culture	Culture-core	puppeteer	0	0	"[{""level1"":""Culture"",""level2"":""Culture-core"",""level3"":""puppeteer"",""person_count"":248,""example_wikidata_codes"":""Q101565|Q12019448|Q12058147""}]"	0	0	[]	Culture	proposed	medium	agrees_with_previous_llm	[]	0	freebase_bhht_author_lookup_v1	lookup_candidate_not_frozen	"[""Bil Baird"", ""Bill Barretta"", ""Bob Clampett""]"
284	Jockey	42	jockey	author_exact	exact_unique	Sports/Games	Sports/Games	"[[""Sports/Games"",""Sports/Games""]]"	1	1	"[""jockey""]"	[144]	"[[""Sports/Games"",""Sports/Games""]]"	[144]	Sports/Games	Sports/Games	jockey	0	0	"[{""level1"":""Culture"",""level2"":""Culture-core"",""level3"":""jockey"",""person_count"":107,""example_wikidata_codes"":""Q1152010|Q1154056|Q1154125""},{""level1"":""Culture"",""level2"":""Culture-periphery"",""level3"":""jockey"",""person_count"":586,""example_wikidata_codes"":""Q101762|Q1022307|Q10263599""},{""level1"":""Sports/Games"",""level2"":""Sports/Games"",""level3"":""jockey"",""person_count"":1093,""example_wikidata_codes"":""Q1081174|Q1086533|Q1088130""}]"	1	1	"[""person_main_reference_disagrees_not_used_to_override""]"	Sports/Games	proposed	medium	agrees_with_previous_llm	"[""person_main_reference_disagrees_not_used_to_override""]"	0	freebase_bhht_author_lookup_v1	lookup_candidate_not_frozen	"[""Bobby Crawford (Jockey)"", ""Canada Lee"", ""Cash Asmussen""]"
285	Mechanical Engineer	41	mechanical_engineer	author_substring	substring_cross_l1_conflict			"[[""Discovery/Science"",""Explorer/Inventor/Developer""],[""Other"",""Worker/Business (small)""]]"	2	2	"[""engineer"",""mechanic""]"	[1187,1652]	"[[""Discovery/Science"",""Explorer/Inventor/Developer""],[""Other"",""Worker/Business (small)""]]"	[1187,1652]	Discovery/Science	Explorer/Inventor/Developer	engineer	0	0	[]	0	0	"[""substring_requires_transfer_review"",""multiple_author_l1_candidates""]"	Discovery/Science	proposed	high	no_unique_author_l1_candidate	"[""substring_requires_transfer_review"",""multiple_author_l1_candidates""]"	0	freebase_bhht_author_lookup_v1	lookup_candidate_not_frozen	"[""Abrar Ahmad Safi"", ""Akshay Pujari"", ""Antonio Simoes""]"
286	Memoirist	41	memoirist	author_exact	exact_unique	Culture	Culture-core	"[[""Culture"",""Culture-core""]]"	1	1	"[""memoirist""]"	[466]	"[[""Culture"",""Culture-core""]]"	[466]	Culture	Culture-core	memoirist	0	0	"[{""level1"":""Culture"",""level2"":""Culture-core"",""level3"":""memoirist"",""person_count"":66,""example_wikidata_codes"":""Q1330128|Q13562954|Q13562987""}]"	0	0	[]	Culture	proposed	medium	agrees_with_previous_llm	[]	0	freebase_bhht_author_lookup_v1	lookup_candidate_not_frozen	"[""Adele Morales"", ""Aleksander Fredro"", ""Alexander Chekhov""]"
287	Printmaker	41	printmaker	author_exact	exact_unique	Culture	Culture-core	"[[""Culture"",""Culture-core""]]"	1	1	"[""printmaker""]"	[504]	"[[""Culture"",""Culture-core""]]"	[504]	Culture	Culture-core	printmaker	0	0	"[{""level1"":""Culture"",""level2"":""Culture-core"",""level3"":""printmaker"",""person_count"":552,""example_wikidata_codes"":""Q10359436|Q1042679|Q1078080""}]"	0	0	[]	Culture	proposed	high	agrees_with_previous_llm	[]	0	freebase_bhht_author_lookup_v1	lookup_candidate_not_frozen	"[""Adrian Allinson"", ""Aldo Crommelynck"", ""Amy Mothersbaugh Roos""]"
288	Narrator	41	narrator	no_author_rule	no_author_rule			[]	0	0	[]	[]	[]	[]				0	0	[]	0	0	"[""no_author_rule""]"	Culture	proposed	high	no_unique_author_l1_candidate	"[""no_author_rule""]"	0	freebase_bhht_author_lookup_v1	lookup_candidate_not_frozen	"[""Alexandra Kluge"", ""Don Wildman"", ""Edward Winter""]"
289	Sports instructor	41	sports_instructor	author_substring	substring_cross_l1_conflict			"[[""Discovery/Science"",""Academia""],[""Sports/Games"",""Sports/Games""]]"	2	2	"[""_sport"",""instructor""]"	[24,794]	"[[""Discovery/Science"",""Academia""],[""Sports/Games"",""Sports/Games""]]"	[24,794]	Sports/Games	Sports/Games	_sport	0	0	[]	0	0	"[""substring_requires_transfer_review"",""multiple_author_l1_candidates""]"	Sports/Games	proposed	medium	no_unique_author_l1_candidate	"[""substring_requires_transfer_review"",""multiple_author_l1_candidates""]"	0	freebase_bhht_author_lookup_v1	lookup_candidate_not_frozen	"[""Amy Stiller"", ""Andrew Dasz"", ""Ashley Brooke Holm""]"
290	Carpentry	40	carpentry	no_author_rule	no_author_rule			[]	0	0	[]	[]	[]	[]				0	0	[]	0	0	"[""no_author_rule""]"		out_of_scope	high	no_unique_author_l1_candidate	"[""no_author_rule""]"	0	freebase_bhht_author_lookup_v1	lookup_candidate_not_frozen	"[""Adam Carolla"", ""Alexey Ivanovich Gagarin"", ""Andreas Matt""]"
291	Jewelry designer	40	jewelry_designer	author_substring	substring_unique_candidate	Culture	Culture-periphery	"[[""Culture"",""Culture-periphery""]]"	1	1	"[""designer""]"	[606]	"[[""Culture"",""Culture-periphery""]]"	[606]	Culture	Culture-periphery	designer	0	0	[]	0	0	"[""substring_requires_transfer_review""]"	Culture	proposed	high	agrees_with_previous_llm	"[""substring_requires_transfer_review""]"	0	freebase_bhht_author_lookup_v1	lookup_candidate_not_frozen	"[""Adam Shulman"", ""Angharad Rees"", ""Anna James (Painting Artist)""]"
292	Handball Player	39	handball_player	author_substring	substring_unique_candidate	Sports/Games	Sports/Games	"[[""Sports/Games"",""Sports/Games""]]"	1	1	"[""handball"",""player""]"	[125,189]	"[[""Sports/Games"",""Sports/Games""]]"	[125,189]	Sports/Games	Sports/Games	handball	0	0	[]	0	0	"[""substring_requires_transfer_review""]"	Sports/Games	proposed	medium	agrees_with_previous_llm	"[""substring_requires_transfer_review""]"	0	freebase_bhht_author_lookup_v1	lookup_candidate_not_frozen	"[""Achim Cordes"", ""Alberto Entrerríos"", ""Anna Gebre Selassie""]"
293	Promoter	39	promoter	no_author_rule	no_author_rule			[]	0	0	[]	[]	[]	[]				0	0	[]	0	0	"[""no_author_rule""]"		needs_review	low	no_unique_author_l1_candidate	"[""no_author_rule""]"	0	freebase_bhht_author_lookup_v1	lookup_candidate_not_frozen	"[""Adrie Subono"", ""Aileen Eaton"", ""Alfred Cleveland Blumenthal""]"
294	Warlord	39	warlord	author_exact	exact_unique	Leadership	Military	"[[""Leadership"",""Military""]]"	1	1	"[""_warlord""]"	[1367]	"[[""Leadership"",""Military""]]"	[1367]	Leadership	Military	_warlord	0	0	"[{""level1"":""Leadership"",""level2"":""Military"",""level3"":""warlord"",""person_count"":203,""example_wikidata_codes"":""Q10323203|Q10323222|Q10323244""}]"	0	0	[]	Leadership	proposed	high	agrees_with_previous_llm	[]	0	freebase_bhht_author_lookup_v1	lookup_candidate_not_frozen	"[""Ahmad Shah Massoud"", ""Akbar Bugti"", ""Akhmad Kadyrov""]"
295	Computer Engineer	38	computer_engineer	author_substring	substring_unique_candidate	Discovery/Science	Explorer/Inventor/Developer	"[[""Discovery/Science"",""Explorer/Inventor/Developer""]]"	1	1	"[""engineer""]"	[1187]	"[[""Discovery/Science"",""Explorer/Inventor/Developer""]]"	[1187]	Discovery/Science	Explorer/Inventor/Developer	engineer	0	0	[]	0	0	"[""substring_requires_transfer_review""]"	Discovery/Science	proposed	medium	agrees_with_previous_llm	"[""substring_requires_transfer_review""]"	0	freebase_bhht_author_lookup_v1	lookup_candidate_not_frozen	"[""A.J. Marik"", ""Allison Lynch"", ""Andrew Akesson""]"
296	Stockbroker	38	stockbroker	author_exact	exact_unique	Leadership	Corporate/Executive/Business (large)	"[[""Leadership"",""Corporate/Executive/Business (large)""]]"	1	1	"[""stockbroker""]"	[1246]	"[[""Leadership"",""Corporate/Executive/Business (large)""],[""Other"",""Worker/Business (small)""]]"	[1246,1543]	Leadership	Corporate/Executive/Business (large)	stockbroker	0	0	"[{""level1"":""Leadership"",""level2"":""Corporate/Executive/Business (large)"",""level3"":""stockbroker"",""person_count"":129,""example_wikidata_codes"":""Q10384023|Q11291887|Q11309450""}]"	0	0	[]		needs_review	medium	author_candidate_previous_needs_review	[]	0	freebase_bhht_author_lookup_v1	lookup_candidate_not_frozen	"[""Anthony Havelock-Allan"", ""Brian Dennehy"", ""Brian J. White""]"
297	Player	38	player	author_exact	exact_unique	Sports/Games	Sports/Games	"[[""Sports/Games"",""Sports/Games""]]"	1	1	"[""player""]"	[189]	"[[""Sports/Games"",""Sports/Games""]]"	[189]	Sports/Games	Sports/Games	player	0	0	"[{""level1"":""Sports/Games"",""level2"":""Culture-core"",""level3"":""player"",""person_count"":59,""example_wikidata_codes"":""Q10361166|Q1037501|Q107814""},{""level1"":""Sports/Games"",""level2"":""Sports/Games"",""level3"":""player"",""person_count"":44623,""example_wikidata_codes"":""Q100317|Q100321|Q100449""}]"	1	0	"[""person_main_reference_disagrees_not_used_to_override""]"		needs_review	low	author_candidate_previous_needs_review	"[""person_main_reference_disagrees_not_used_to_override""]"	0	freebase_bhht_author_lookup_v1	lookup_candidate_not_frozen	"[""Barny Boatman"", ""Ben Affleck"", ""Bobby Fischer""]"
298	Waiting staff	37	waiting_staff	no_author_rule	no_author_rule			[]	0	0	[]	[]	[]	[]				0	0	[]	0	0	"[""no_author_rule""]"		out_of_scope	medium	no_unique_author_l1_candidate	"[""no_author_rule""]"	0	freebase_bhht_author_lookup_v1	lookup_candidate_not_frozen	"[""Adrianne Curry"", ""Alfred Lennon"", ""Cruz \""Allen\"" Rivera""]"
299	Astronaut	37	astronaut	author_exact	exact_unique	Discovery/Science	Academia	"[[""Discovery/Science"",""Academia""]]"	1	1	"[""astronaut""]"	[697]	"[[""Discovery/Science"",""Academia""]]"	[697]	Discovery/Science	Academia	astronaut	0	0	"[{""level1"":""Discovery/Science"",""level2"":""Academia"",""level3"":""astronaut"",""person_count"":489,""example_wikidata_codes"":""Q1018622|Q104859|Q104865""}]"	0	0	[]	Discovery/Science	proposed	high	agrees_with_previous_llm	[]	0	freebase_bhht_author_lookup_v1	lookup_candidate_not_frozen	"[""Alan G. Poindexter"", ""Aleksandr Aleksandrovich Volkov"", ""Andriyan Nikolayev""]"
300	Music critic	36	music_critic	author_substring	substring_same_l1_multiple_l2	Culture		"[[""Culture"",""Culture-core""],[""Culture"",""Culture-periphery""]]"	1	2	"[""_music"",""critic""]"	[325,604]	"[[""Culture"",""Culture-core""],[""Culture"",""Culture-periphery""]]"	[325,604]	Culture	Culture-core	_music	0	0	[]	0	0	"[""substring_requires_transfer_review"",""multiple_author_l2_candidates""]"	Culture	proposed	high	agrees_with_previous_llm	"[""substring_requires_transfer_review"",""multiple_author_l2_candidates""]"	0	freebase_bhht_author_lookup_v1	lookup_candidate_not_frozen	"[""Adolphe-Charles Adam"", ""Alan Ranta"", ""Alexander Serov""]"
301	Magician	36	magician	author_substring	substring_unique_candidate	Other	Other	"[[""Other"",""Other""]]"	1	1	"[""magic""]"	[1833]	"[[""Other"",""Other""]]"	[1833]	Other	Other	magic	0	0	[]	0	0	"[""substring_requires_transfer_review""]"	Culture	proposed	medium	differs_from_previous_llm	"[""substring_requires_transfer_review"",""previous_llm_l1_disagreement""]"	0	freebase_bhht_author_lookup_v1	lookup_candidate_not_frozen	"[""Alan Moore"", ""Carl Ballantine"", ""Christian Fechner""]"
302	Nobleman	36	nobleman	author_substring	substring_unique_candidate	Leadership	Nobility	"[[""Leadership"",""Nobility""]]"	1	1	"[""noble""]"	[1158]	"[[""Leadership"",""Nobility""]]"	[1158]	Leadership	Nobility	noble	0	0	[]	0	0	"[""substring_requires_transfer_review""]"	Leadership	proposed	high	agrees_with_previous_llm	"[""substring_requires_transfer_review""]"	0	freebase_bhht_author_lookup_v1	lookup_candidate_not_frozen	"[""Antoni Wróblewski"", ""Augustyn Wróblewski"", ""Charles Colyear, 2nd Earl of Portmore""]"
303	Showgirl	36	showgirl	author_exact	exact_unique	Culture	Culture-core	"[[""Culture"",""Culture-core""]]"	1	1	"[""showgirl""]"	[527]	"[[""Culture"",""Culture-core""]]"	[527]	Culture	Culture-core	showgirl	0	0	"[{""level1"":""Culture"",""level2"":""Culture-core"",""level3"":""showgirl"",""person_count"":22,""example_wikidata_codes"":""Q12899323|Q19864756|Q23655842""}]"	0	0	[]	Culture	proposed	high	agrees_with_previous_llm	[]	0	freebase_bhht_author_lookup_v1	lookup_candidate_not_frozen	"[""Barbara Sinatra"", ""Beverly Lloyd"", ""Bice Valori""]"
304	Orchestrator	35	orchestrator	author_substring	substring_unique_candidate	Culture	Culture-core	"[[""Culture"",""Culture-core""]]"	1	1	"[""orchestra""]"	[479]	"[[""Culture"",""Culture-core""]]"	[479]	Culture	Culture-core	orchestra	0	0	[]	0	0	"[""substring_requires_transfer_review""]"	Culture	proposed	medium	agrees_with_previous_llm	"[""substring_requires_transfer_review""]"	0	freebase_bhht_author_lookup_v1	lookup_candidate_not_frozen	"[""Aaron Johnson (Musician)"", ""Adam Guettel"", ""Albert Sendrey""]"
305	Referee	35	referee	author_exact	exact_unique	Sports/Games	Sports/Games	"[[""Sports/Games"",""Sports/Games""]]"	1	1	"[""referee""]"	[211]	"[[""Sports/Games"",""Sports/Games""]]"	[211]	Sports/Games	Sports/Games	referee	0	0	"[{""level1"":""Sports/Games"",""level2"":""Sports/Games"",""level3"":""referee"",""person_count"":194,""example_wikidata_codes"":""Q10263991|Q10308201|Q10309829""}]"	0	0	[]		needs_review	low	author_candidate_previous_needs_review	[]	0	freebase_bhht_author_lookup_v1	lookup_candidate_not_frozen	"[""Aaron Pointer"", ""Adrian Porumboiu"", ""Bill Haller""]"
306	Peace activist	35	peace_activist	author_substring	substring_unique_candidate	Leadership	Politics	"[[""Leadership"",""Politics""]]"	1	1	"[""activist""]"	[939]	"[[""Leadership"",""Politics""]]"	[939]	Leadership	Politics	activist	0	0	[]	0	0	"[""substring_requires_transfer_review""]"		out_of_scope	high	author_candidate_previous_out_of_scope	"[""substring_requires_transfer_review""]"	0	freebase_bhht_author_lookup_v1	lookup_candidate_not_frozen	"[""Akiko Yosano"", ""Alexander Aris"", ""Asha Haji Elmi""]"
307	Musicologist	35	musicologist	author_exact	exact_unique	Discovery/Science	Academia	"[[""Discovery/Science"",""Academia""]]"	1	1	"[""musicologist""]"	[664]	"[[""Culture"",""Culture-core""],[""Discovery/Science"",""Academia""]]"	[325,664]	Culture	Culture-core	_music	1	1	"[{""level1"":""Discovery/Science"",""level2"":""Academia"",""level3"":""musicologist"",""person_count"":113,""example_wikidata_codes"":""Q1084612|Q114261|Q1173665""}]"	0	0	"[""exact_lookup_differs_from_full_author_first_match""]"	Discovery/Science	proposed	medium	agrees_with_previous_llm	"[""exact_lookup_differs_from_full_author_first_match""]"	0	freebase_bhht_author_lookup_v1	lookup_candidate_not_frozen	"[""Alain Daniélou"", ""Alessandro Longo"", ""Andrey Rimsky-Korsakov""]"
308	Industrialist	35	industrialist	author_exact	exact_unique	Leadership	Corporate/Executive/Business (large)	"[[""Leadership"",""Corporate/Executive/Business (large)""]]"	1	1	"[""industrialist""]"	[1228]	"[[""Leadership"",""Corporate/Executive/Business (large)""]]"	[1227,1228]	Leadership	Corporate/Executive/Business (large)	industrial	0	0	"[{""level1"":""Leadership"",""level2"":""Corporate/Executive/Business (large)"",""level3"":""industrialist"",""person_count"":259,""example_wikidata_codes"":""Q1032497|Q1037451|Q104829""}]"	0	0	[]	Leadership	proposed	high	agrees_with_previous_llm	[]	0	freebase_bhht_author_lookup_v1	lookup_candidate_not_frozen	"[""Alberto Bruni Tedeschi"", ""Andres Soriano"", ""August Thyssen""]"
309	Equestrian	35	equestrian	author_exact	exact_unique	Sports/Games	Sports/Games	"[[""Sports/Games"",""Sports/Games""]]"	1	1	"[""equestrian""]"	[94]	"[[""Sports/Games"",""Sports/Games""]]"	[94]	Sports/Games	Sports/Games	equestrian	0	0	"[{""level1"":""Sports/Games"",""level2"":""Sports/Games"",""level3"":""equestrian"",""person_count"":412,""example_wikidata_codes"":""Q1000292|Q10320723|Q10321824""}]"	0	0	[]	Sports/Games	proposed	high	agrees_with_previous_llm	[]	0	freebase_bhht_author_lookup_v1	lookup_candidate_not_frozen	"[""Anabel Balkenhol"", ""Anne, Princess Royal"", ""Ashley Holzer""]"
310	Rower	35	rower	author_exact	exact_unique	Sports/Games	Sports/Games	"[[""Sports/Games"",""Sports/Games""]]"	1	1	"[""_rower""]"	[21]	"[[""Sports/Games"",""Sports/Games""]]"	[21]	Sports/Games	Sports/Games	_rower	0	0	"[{""level1"":""Sports/Games"",""level2"":""Sports/Games"",""level3"":""rower"",""person_count"":8435,""example_wikidata_codes"":""Q100302|Q100362|Q100475""}]"	0	0	[]	Sports/Games	proposed	medium	agrees_with_previous_llm	[]	0	freebase_bhht_author_lookup_v1	lookup_candidate_not_frozen	"[""Apostolos Gkountoulas"", ""Bernard Biglin"", ""Catherine Greves""]"
311	Astrologer	34	astrologer	author_exact	exact_unique	Other	Other	"[[""Other"",""Other""]]"	1	1	"[""astrologer""]"	[1776]	"[[""Other"",""Other""]]"	[1776]	Other	Other	astrologer	0	0	"[{""level1"":""Other"",""level2"":""Other"",""level3"":""astrologer"",""person_count"":158,""example_wikidata_codes"":""Q11023362|Q11310266|Q1149004""}]"	0	0	[]		needs_review	medium	author_candidate_previous_needs_review	[]	0	freebase_bhht_author_lookup_v1	lookup_candidate_not_frozen	"[""Adelard of Bath"", ""Al-Battani"", ""Albertus Magnus""]"
312	Session musician	34	session_musician	author_substring	substring_unique_candidate	Culture	Culture-core	"[[""Culture"",""Culture-core""]]"	1	1	"[""_music"",""musician""]"	[325,473]	"[[""Culture"",""Culture-core""]]"	[325,473]	Culture	Culture-core	_music	0	0	[]	0	0	"[""substring_requires_transfer_review""]"	Culture	proposed	high	agrees_with_previous_llm	"[""substring_requires_transfer_review""]"	0	freebase_bhht_author_lookup_v1	lookup_candidate_not_frozen	"[""Aishwarya Uniyal"", ""Al De Lory"", ""Alexander Young""]"
313	Mafioso	34	mafioso	author_exact	exact_unique	Other	Other	"[[""Other"",""Other""]]"	1	1	"[""mafioso""]"	[1832]	"[[""Other"",""Other""]]"	[1832]	Other	Other	mafioso	0	0	"[{""level1"":""Other"",""level2"":""Other"",""level3"":""mafioso"",""person_count"":132,""example_wikidata_codes"":""Q1043826|Q1089131|Q1131317""}]"	0	0	[]		out_of_scope	medium	formal_author_other_previously_out_of_scope	[]	0	freebase_bhht_author_lookup_v1	lookup_candidate_not_frozen	"[""Al Capone"", ""Albert Gallo"", ""Alphonse Persico""]"
314	Aerospace Engineer	34	aerospace_engineer	author_substring	substring_same_l1_multiple_l2	Discovery/Science		"[[""Discovery/Science"",""Academia""],[""Discovery/Science"",""Explorer/Inventor/Developer""]]"	1	2	"[""aerospace"",""engineer""]"	[675,1187]	"[[""Discovery/Science"",""Academia""],[""Discovery/Science"",""Explorer/Inventor/Developer""]]"	[675,1187]	Discovery/Science	Academia	aerospace	0	0	[]	0	0	"[""substring_requires_transfer_review"",""multiple_author_l2_candidates""]"	Discovery/Science	proposed	high	agrees_with_previous_llm	"[""substring_requires_transfer_review"",""multiple_author_l2_candidates""]"	0	freebase_bhht_author_lookup_v1	lookup_candidate_not_frozen	"[""Albert Tissandier"", ""Alexei Tupolev"", ""Allen Paulson""]"
315	Field Hockey player	34	field_hockey_player	author_substring	substring_unique_candidate	Sports/Games	Sports/Games	"[[""Sports/Games"",""Sports/Games""]]"	1	1	"[""hockey"",""player""]"	[131,189]	"[[""Sports/Games"",""Sports/Games""]]"	[131,189]	Sports/Games	Sports/Games	hockey	0	0	[]	0	0	"[""substring_requires_transfer_review""]"	Sports/Games	proposed	high	agrees_with_previous_llm	"[""substring_requires_transfer_review""]"	0	freebase_bhht_author_lookup_v1	lookup_candidate_not_frozen	"[""Alejandro Verga"", ""Ashok Kumar (Field Hockey player)"", ""Benjamin Weß""]"
316	Jazz Drummer	34	jazz_drummer	author_substring	substring_unique_candidate	Culture	Culture-core	"[[""Culture"",""Culture-core""]]"	1	1	"[""drummer"",""jazz""]"	[414,451]	"[[""Culture"",""Culture-core""]]"	[414,451]	Culture	Culture-core	drummer	0	0	[]	0	0	"[""substring_requires_transfer_review""]"	Culture	proposed	medium	agrees_with_previous_llm	"[""substring_requires_transfer_review""]"	0	freebase_bhht_author_lookup_v1	lookup_candidate_not_frozen	"[""Alex Sipiagin"", ""Andrew Armstrong (Jazz Musician)"", ""Art Blakey""]"
317	Real estate entrepreneur	34	real_estate_entrepreneur	author_substring	substring_unique_candidate	Leadership	Corporate/Executive/Business (large)	"[[""Leadership"",""Corporate/Executive/Business (large)""]]"	1	1	"[""entrepreneur"",""real_estate""]"	[1222,1238]	"[[""Leadership"",""Corporate/Executive/Business (large)""]]"	[1222,1238]	Leadership	Corporate/Executive/Business (large)	entrepreneur	0	0	[]	0	0	"[""substring_requires_transfer_review""]"	Leadership	proposed	high	agrees_with_previous_llm	"[""substring_requires_transfer_review""]"	0	freebase_bhht_author_lookup_v1	lookup_candidate_not_frozen	"[""Andy Griffith Jr."", ""Ben Turpin"", ""Billy Martindale""]"
318	Surfer	34	surfer	author_exact	exact_unique	Sports/Games	Sports/Games	"[[""Sports/Games"",""Sports/Games""]]"	1	1	"[""surfer""]"	[262]	"[[""Sports/Games"",""Sports/Games""]]"	[262]	Sports/Games	Sports/Games	surfer	0	0	"[{""level1"":""Sports/Games"",""level2"":""Sports/Games"",""level3"":""surfer"",""person_count"":602,""example_wikidata_codes"":""Q10304865|Q10346176|Q1042890""}]"	0	0	[]	Sports/Games	proposed	high	agrees_with_previous_llm	[]	0	freebase_bhht_author_lookup_v1	lookup_candidate_not_frozen	"[""Andy Irons"", ""Beau Young"", ""Bethany Hamilton""]"
319	Comics artist	33	comics_artist	author_exact	exact_unique	Culture	Culture-periphery	"[[""Culture"",""Culture-periphery""]]"	1	1	"[""comics_artist""]"	[598]	"[[""Culture"",""Culture-core""],[""Culture"",""Culture-periphery""]]"	[304,312,598]	Culture	Culture-core	_artist	0	1	[]	0	0	"[""exact_lookup_differs_from_full_author_first_match""]"	Culture	proposed	medium	agrees_with_previous_llm	"[""exact_lookup_differs_from_full_author_first_match""]"	0	freebase_bhht_author_lookup_v1	lookup_candidate_not_frozen	"[""Adam Kubert"", ""Aline Kominsky-Crumb"", ""Andrice Arp""]"
320	Freestyle skier	33	freestyle_skier	author_substring	substring_unique_candidate	Sports/Games	Sports/Games	"[[""Sports/Games"",""Sports/Games""]]"	1	1	"[""freestyle"",""skier""]"	[107,239]	"[[""Sports/Games"",""Sports/Games""]]"	[107,239]	Sports/Games	Sports/Games	freestyle	0	0	[]	0	0	"[""substring_requires_transfer_review""]"	Sports/Games	proposed	high	agrees_with_previous_llm	"[""substring_requires_transfer_review""]"	0	freebase_bhht_author_lookup_v1	lookup_candidate_not_frozen	"[""Aiko Uemura"", ""Amy Sheehan"", ""Andreas Matt""]"
321	Art dealer	32	art_dealer	author_exact	exact_unique	Culture	Culture-periphery	"[[""Culture"",""Culture-periphery""]]"	1	1	"[""art_dealer""]"	[587]	"[[""Culture"",""Culture-periphery""]]"	[587]	Culture	Culture-periphery	art_dealer	0	0	"[{""level1"":""Culture"",""level2"":""Culture-periphery"",""level3"":""art_dealer"",""person_count"":382,""example_wikidata_codes"":""Q104395|Q1078131|Q115015""}]"	0	0	[]		needs_review	low	author_candidate_previous_needs_review	[]	0	freebase_bhht_author_lookup_v1	lookup_candidate_not_frozen	"[""Alec N. Wildenstein"", ""Amy Mothersbaugh Roos"", ""André Emmerich""]"
322	Jazz Musician	32	jazz_musician	author_substring	substring_unique_candidate	Culture	Culture-core	"[[""Culture"",""Culture-core""]]"	1	1	"[""_music"",""jazz"",""musician""]"	[325,451,473]	"[[""Culture"",""Culture-core""]]"	[325,451,473]	Culture	Culture-core	_music	0	0	[]	0	0	"[""substring_requires_transfer_review""]"	Culture	proposed	medium	agrees_with_previous_llm	"[""substring_requires_transfer_review""]"	0	freebase_bhht_author_lookup_v1	lookup_candidate_not_frozen	"[""Alex Sipiagin"", ""Andrew Armstrong (Jazz Musician)"", ""Bengt Berger""]"
323	Game Show Host	32	game_show_host	author_substring	substring_cross_l1_conflict			"[[""Culture"",""Culture-core""],[""Sports/Games"",""Sports/Games""]]"	2	2	"[""_game"",""game_show"",""_host_"",""_show_""]"	[12,112,321,334]	"[[""Culture"",""Culture-core""],[""Sports/Games"",""Sports/Games""]]"	[12,112,321,334]	Sports/Games	Sports/Games	_game	0	0	[]	0	0	"[""substring_requires_transfer_review"",""multiple_author_l1_candidates""]"	Culture	proposed	medium	no_unique_author_l1_candidate	"[""substring_requires_transfer_review"",""multiple_author_l1_candidates""]"	0	freebase_bhht_author_lookup_v1	lookup_candidate_not_frozen	"[""Allen Ludden"", ""Ben Stein"", ""Bert Convy""]"
324	Radio producer	32	radio_producer	author_substring	substring_same_l1_multiple_l2	Culture		"[[""Culture"",""Culture-core""],[""Culture"",""Culture-periphery""]]"	1	2	"[""producer"",""_radio_""]"	[506,579]	"[[""Culture"",""Culture-core""],[""Culture"",""Culture-periphery""]]"	[506,579]	Culture	Culture-core	producer	0	0	[]	0	0	"[""substring_requires_transfer_review"",""multiple_author_l2_candidates""]"	Culture	proposed	high	agrees_with_previous_llm	"[""substring_requires_transfer_review"",""multiple_author_l2_candidates""]"	0	freebase_bhht_author_lookup_v1	lookup_candidate_not_frozen	"[""Andrew Allan (Screenwriter)"", ""Armando Iannucci"", ""Barry Johnston (Radio personality)""]"
325	Real estate development	32	real_estate_development	author_substring	substring_unique_candidate	Leadership	Corporate/Executive/Business (large)	"[[""Leadership"",""Corporate/Executive/Business (large)""]]"	1	1	"[""real_estate""]"	[1238]	"[[""Leadership"",""Corporate/Executive/Business (large)""]]"	[1238]	Leadership	Corporate/Executive/Business (large)	real_estate	0	0	[]	0	0	"[""substring_requires_transfer_review""]"		out_of_scope	medium	author_candidate_previous_out_of_scope	"[""substring_requires_transfer_review""]"	0	freebase_bhht_author_lookup_v1	lookup_candidate_not_frozen	"[""Anton Vorderman"", ""Bruce Ratner"", ""Buddy Tudor""]"
326	Daimyo	32	daimyo	author_exact	exact_unique	Leadership	Nobility	"[[""Leadership"",""Nobility""]]"	1	1	"[""daimyo""]"	[1134]	"[[""Leadership"",""Nobility""]]"	[1134]	Leadership	Nobility	daimyo	0	0	"[{""level1"":""Leadership"",""level2"":""Nobility"",""level3"":""daimyo"",""person_count"":59,""example_wikidata_codes"":""Q1005245|Q1052927|Q1064909""}]"	0	0	[]	Leadership	proposed	high	agrees_with_previous_llm	[]	0	freebase_bhht_author_lookup_v1	lookup_candidate_not_frozen	"[""Hōjō Ujimasa"", ""Hōjō Ujiyasu"", ""Ikeda Tsuneoki""]"
327	Territorial lord	32	territorial_lord	author_substring	substring_unique_candidate	Leadership	Nobility	"[[""Leadership"",""Nobility""]]"	1	1	"[""_lord""]"	[1120]	"[[""Leadership"",""Nobility""]]"	[1120]	Leadership	Nobility	_lord	0	0	[]	0	0	"[""substring_requires_transfer_review""]"	Leadership	proposed	high	agrees_with_previous_llm	"[""substring_requires_transfer_review""]"	0	freebase_bhht_author_lookup_v1	lookup_candidate_not_frozen	"[""Hōjō Ujimasa"", ""Hōjō Ujiyasu"", ""Ikeda Tsuneoki""]"
328	Impresario	31	impresario	author_exact	exact_unique	Culture	Culture-core	"[[""Culture"",""Culture-core""]]"	1	1	"[""impresario""]"	[447]	"[[""Culture"",""Culture-core""]]"	[447]	Culture	Culture-core	impresario	0	0	"[{""level1"":""Culture"",""level2"":""Culture-core"",""level3"":""impresario"",""person_count"":171,""example_wikidata_codes"":""Q101561|Q1040285|Q1066519""}]"	0	0	[]	Culture	proposed	medium	agrees_with_previous_llm	[]	0	freebase_bhht_author_lookup_v1	lookup_candidate_not_frozen	"[""Alessandro Stradella"", ""Alex A. Quinn"", ""Andrew Lloyd Webber""]"
329	Insurance broker	31	insurance_broker	author_substring	substring_unique_candidate	Other	Worker/Business (small)	"[[""Other"",""Worker/Business (small)""]]"	1	1	"[""_insurance"",""broker""]"	[1466,1543]	"[[""Other"",""Worker/Business (small)""]]"	[1466,1543]	Other	Worker/Business (small)	_insurance	0	0	[]	0	0	"[""substring_requires_transfer_review""]"		needs_review	medium	author_candidate_previous_needs_review	"[""substring_requires_transfer_review""]"	0	freebase_bhht_author_lookup_v1	lookup_candidate_not_frozen	"[""Alfred D. Rosner"", ""Angelo Leno"", ""Charles Hughesdon""]"
330	Insurer	31	insurer	no_author_rule	no_author_rule			[]	0	0	[]	[]	[]	[]				0	0	[]	0	0	"[""no_author_rule""]"		needs_review	low	no_unique_author_l1_candidate	"[""no_author_rule""]"	0	freebase_bhht_author_lookup_v1	lookup_candidate_not_frozen	"[""Alfred D. Rosner"", ""Angelo Leno"", ""Charles Hughesdon""]"
331	Character Actor	30	character_actor	author_substring	substring_unique_candidate	Culture	Culture-core	"[[""Culture"",""Culture-core""]]"	1	1	"[""_actor""]"	[303]	"[[""Culture"",""Culture-core""]]"	[303]	Culture	Culture-core	_actor	0	0	[]	0	0	"[""substring_requires_transfer_review""]"	Culture	proposed	medium	agrees_with_previous_llm	"[""substring_requires_transfer_review""]"	0	freebase_bhht_author_lookup_v1	lookup_candidate_not_frozen	"[""Abigail (Actor) #28"", ""Andy Devine"", ""Dean Jagger""]"
332	Photojournalist	30	photojournalist	author_exact	exact_unique	Culture	Culture-core	"[[""Culture"",""Culture-core""]]"	1	1	"[""photojournalist""]"	[494]	"[[""Culture"",""Culture-core""],[""Culture"",""Culture-periphery""]]"	[494,629]	Culture	Culture-core	photojournalist	0	0	"[{""level1"":""Culture"",""level2"":""Culture-core"",""level3"":""photojournalist"",""person_count"":224,""example_wikidata_codes"":""Q1016334|Q110453|Q11140841""}]"	0	0	[]	Culture	proposed	medium	agrees_with_previous_llm	[]	0	freebase_bhht_author_lookup_v1	lookup_candidate_not_frozen	"[""Aditya Bhattacharya"", ""Albert Fenn"", ""Amy Arbus""]"
333	Television Show Host	30	television_show_host	author_substring	substring_same_l1_multiple_l2	Culture		"[[""Culture"",""Culture-core""],[""Culture"",""Culture-periphery""]]"	1	2	"[""_host_"",""_show_"",""television""]"	[321,334,655]	"[[""Culture"",""Culture-core""],[""Culture"",""Culture-periphery""]]"	[321,334,655]	Culture	Culture-core	_host_	0	0	[]	0	0	"[""substring_requires_transfer_review"",""multiple_author_l2_candidates""]"	Culture	proposed	high	agrees_with_previous_llm	"[""substring_requires_transfer_review"",""multiple_author_l2_candidates""]"	0	freebase_bhht_author_lookup_v1	lookup_candidate_not_frozen	"[""Alyssa Chia"", ""Annie Sprinkle"", ""Armida Siguion-Reyna""]"
334	Satirist	29	satirist	author_exact	exact_unique	Culture	Culture-core	"[[""Culture"",""Culture-core""]]"	1	1	"[""satirist""]"	[516]	"[[""Culture"",""Culture-core""]]"	[516]	Culture	Culture-core	satirist	0	0	"[{""level1"":""Culture"",""level2"":""Culture-core"",""level3"":""satirist"",""person_count"":25,""example_wikidata_codes"":""Q1054731|Q11979714|Q1361675""}]"	0	0	[]	Culture	proposed	medium	agrees_with_previous_llm	[]	0	freebase_bhht_author_lookup_v1	lookup_candidate_not_frozen	"[""\""Weird Al\"" Yankovic"", ""Aleksandr Kanevsky"", ""Ambrose Bierce""]"
335	Miner	29	miner	author_exact	exact_unique	Other	Worker/Business (small)	"[[""Other"",""Worker/Business (small)""]]"	1	1	"[""_miner_""]"	[1476]	"[[""Other"",""Worker/Business (small)""]]"	[1476]	Other	Worker/Business (small)	_miner_	0	0	"[{""level1"":""Other"",""level2"":""Worker/Business (small)"",""level3"":""miner"",""person_count"":89,""example_wikidata_codes"":""Q10284609|Q1079572|Q112139""}]"	0	0	[]		out_of_scope	high	formal_author_other_previously_out_of_scope	[]	0	freebase_bhht_author_lookup_v1	lookup_candidate_not_frozen	"[""Adam Gierek (Miner)"", ""Andrej Warhola"", ""Bolesław Cieślak""]"
336	Sound Editor	29	sound_editor	author_substring	substring_unique_candidate	Culture	Culture-periphery	"[[""Culture"",""Culture-periphery""]]"	1	1	"[""editor""]"	[612]	"[[""Culture"",""Culture-periphery""]]"	[612]	Culture	Culture-periphery	editor	0	0	[]	0	0	"[""substring_requires_transfer_review""]"	Culture	proposed	high	agrees_with_previous_llm	"[""substring_requires_transfer_review""]"	0	freebase_bhht_author_lookup_v1	lookup_candidate_not_frozen	"[""Adrienne Alexander"", ""Alan Splet"", ""Amy Lumet""]"
337	Documentary Filmmaker	29	documentary_filmmaker	author_substring	substring_unique_candidate	Culture	Culture-core	"[[""Culture"",""Culture-core""]]"	1	1	"[""filmmaker""]"	[424]	"[[""Culture"",""Culture-core""]]"	[424]	Culture	Culture-core	filmmaker	0	0	[]	0	0	"[""substring_requires_transfer_review""]"	Culture	proposed	medium	agrees_with_previous_llm	"[""substring_requires_transfer_review""]"	0	freebase_bhht_author_lookup_v1	lookup_candidate_not_frozen	"[""Alan Lomax"", ""Alexandra Pelosi"", ""Arturo Curà""]"
338	Game designer	29	game_designer	author_substring	substring_cross_l1_conflict			"[[""Culture"",""Culture-periphery""],[""Sports/Games"",""Sports/Games""]]"	2	2	"[""_game"",""designer""]"	[12,606]	"[[""Culture"",""Culture-periphery""],[""Sports/Games"",""Sports/Games""]]"	[12,606]	Sports/Games	Sports/Games	_game	0	0	[]	0	0	"[""substring_requires_transfer_review"",""multiple_author_l1_candidates""]"		needs_review	low	no_unique_author_l1_candidate	"[""substring_requires_transfer_review"",""multiple_author_l1_candidates""]"	0	freebase_bhht_author_lookup_v1	lookup_candidate_not_frozen	"[""Albert Lamorisse"", ""Brenda Romero"", ""Cliff Bleszinski""]"
339	Opera Director (Profession)	29	opera_director_(profession)	author_substring	substring_unique_candidate	Culture	Culture-core	"[[""Culture"",""Culture-core""]]"	1	1	"[""_opera_""]"	[326]	"[[""Culture"",""Culture-core""]]"	[326]	Culture	Culture-core	_opera_	0	0	[]	0	0	"[""substring_requires_transfer_review""]"	Culture	proposed	high	agrees_with_previous_llm	"[""substring_requires_transfer_review""]"	0	freebase_bhht_author_lookup_v1	lookup_candidate_not_frozen	"[""Andrei Tarkovsky"", ""Antoine Bourseiller"", ""Boris Pokrovsky""]"
340	Comic book creator	29	comic_book_creator	author_substring	substring_unique_candidate	Culture	Culture-core	"[[""Culture"",""Culture-core""]]"	1	1	"[""_comic_"",""_creator_"",""comic_book""]"	[311,313,396]	"[[""Culture"",""Culture-core""]]"	[311,313,396]	Culture	Culture-core	_comic_	0	0	[]	0	0	"[""substring_requires_transfer_review""]"	Culture	proposed	medium	agrees_with_previous_llm	"[""substring_requires_transfer_review""]"	0	freebase_bhht_author_lookup_v1	lookup_candidate_not_frozen	"[""Andy Wachowski"", ""Charlie Brooker"", ""Chester Brown""]"
341	Rescue	29	rescue	no_author_rule	no_author_rule			[]	0	0	[]	[]	[]	[]				0	0	[]	0	0	"[""no_author_rule""]"		needs_review	low	no_unique_author_l1_candidate	"[""no_author_rule""]"	0	freebase_bhht_author_lookup_v1	lookup_candidate_not_frozen	"[""Anthony Martin Sinatra"", ""António Silva"", ""Brian Williams""]"
342	Rescuer	29	rescuer	author_exact	exact_unique	Other	Other	"[[""Other"",""Other""]]"	1	1	"[""rescuer""]"	[1869]	"[[""Other"",""Other""]]"	[1869]	Other	Other	rescuer	0	0	"[{""level1"":""Other"",""level2"":""Other"",""level3"":""rescuer"",""person_count"":2,""example_wikidata_codes"":""Q16037921|Q8003829""}]"	0	0	[]		out_of_scope	high	formal_author_other_previously_out_of_scope	[]	0	freebase_bhht_author_lookup_v1	lookup_candidate_not_frozen	"[""Anthony Martin Sinatra"", ""António Silva"", ""Brian Williams""]"
343	Solicitor	28	solicitor	author_exact	exact_unique	Leadership	Administration/Law	"[[""Leadership"",""Administration/Law""]]"	1	1	"[""solicitor""]"	[1100]	"[[""Leadership"",""Administration/Law""]]"	[1100]	Leadership	Administration/Law	solicitor	0	0	"[{""level1"":""Leadership"",""level2"":""Administration/Law"",""level3"":""solicitor"",""person_count"":230,""example_wikidata_codes"":""Q112676|Q11725465|Q1174781""}]"	0	0	[]	Leadership	proposed	medium	agrees_with_previous_llm	[]	0	freebase_bhht_author_lookup_v1	lookup_candidate_not_frozen	"[""Adrian Davies"", ""Albert James Lewis"", ""Charles Elgee""]"
344	Samurai	28	samurai	author_exact	exact_unique	Leadership	Military	"[[""Leadership"",""Military""]]"	1	1	"[""samurai""]"	[1418]	"[[""Leadership"",""Military""]]"	[1418]	Leadership	Military	samurai	0	0	"[{""level1"":""Leadership"",""level2"":""Military"",""level3"":""samurai"",""person_count"":715,""example_wikidata_codes"":""Q1001861|Q1013888|Q1017056""}]"	0	0	[]	Leadership	proposed	high	agrees_with_previous_llm	[]	0	freebase_bhht_author_lookup_v1	lookup_candidate_not_frozen	"[""Akechi Mitsuhide"", ""Akechi Mitsuyoshi"", ""Chuichi Iomi""]"
345	Naturalist	28	naturalist	author_exact	exact_unique	Discovery/Science	Academia	"[[""Discovery/Science"",""Academia""]]"	1	1	"[""naturalist""]"	[823]	"[[""Discovery/Science"",""Academia""]]"	[823]	Discovery/Science	Academia	naturalist	0	0	"[{""level1"":""Discovery/Science"",""level2"":""Academia"",""level3"":""naturalist"",""person_count"":954,""example_wikidata_codes"":""Q102065|Q1026526|Q10285029""}]"	0	0	[]	Discovery/Science	proposed	high	agrees_with_previous_llm	[]	0	freebase_bhht_author_lookup_v1	lookup_candidate_not_frozen	"[""Albrecht von Haller"", ""Alexander von Humboldt"", ""Alfred Russel Wallace""]"
346	Cabaret Artist	28	cabaret_artist	author_substring	substring_unique_candidate	Culture	Culture-core	"[[""Culture"",""Culture-core""]]"	1	1	"[""_artist""]"	[304]	"[[""Culture"",""Culture-core""]]"	[304]	Culture	Culture-core	_artist	0	0	[]	0	0	"[""substring_requires_transfer_review""]"	Culture	proposed	medium	agrees_with_previous_llm	"[""substring_requires_transfer_review""]"	0	freebase_bhht_author_lookup_v1	lookup_candidate_not_frozen	"[""Alexander Vertinsky"", ""Alexis Arquette"", ""Brigitte Mira""]"
347	Biochemist	28	biochemist	author_exact	exact_unique	Discovery/Science	Academia	"[[""Discovery/Science"",""Academia""]]"	1	1	"[""biochemist""]"	[703]	"[[""Discovery/Science"",""Academia""]]"	[703,715]	Discovery/Science	Academia	biochemist	0	0	"[{""level1"":""Discovery/Science"",""level2"":""Academia"",""level3"":""biochemist"",""person_count"":1379,""example_wikidata_codes"":""Q1001271|Q100392|Q101220""}]"	0	0	[]	Discovery/Science	proposed	high	agrees_with_previous_llm	[]	0	freebase_bhht_author_lookup_v1	lookup_candidate_not_frozen	"[""Allan Wilson"", ""Antony Kidman"", ""Augustyn Wróblewski""]"
348	Luger	28	luger	author_exact	exact_unique	Sports/Games	Sports/Games	"[[""Sports/Games"",""Sports/Games""]]"	1	1	"[""luger""]"	[159]	"[[""Sports/Games"",""Sports/Games""]]"	[159]	Sports/Games	Sports/Games	luger	0	0	"[{""level1"":""Sports/Games"",""level2"":""Sports/Games"",""level3"":""luger"",""person_count"":789,""example_wikidata_codes"":""Q1026743|Q1026747|Q1029507""}]"	0	0	[]	Sports/Games	proposed	high	agrees_with_previous_llm	[]	0	freebase_bhht_author_lookup_v1	lookup_candidate_not_frozen	"[""Andreas Linger"", ""Andris Šics"", ""André Florschütz""]"
349	Personal trainer	28	personal_trainer	author_substring	substring_unique_candidate	Sports/Games	Sports/Games	"[[""Sports/Games"",""Sports/Games""]]"	1	1	"[""trainer""]"	[277]	"[[""Sports/Games"",""Sports/Games""]]"	[277]	Sports/Games	Sports/Games	trainer	0	0	[]	0	0	"[""substring_requires_transfer_review""]"		needs_review	low	author_candidate_previous_needs_review	"[""substring_requires_transfer_review""]"	0	freebase_bhht_author_lookup_v1	lookup_candidate_not_frozen	"[""Andrew Dasz"", ""Campion Murphy"", ""Carlos Leon""]"
350	Fighter pilot	28	fighter_pilot	author_exact	exact_unique	Leadership	Military	"[[""Leadership"",""Military""]]"	1	1	"[""fighter_pilot""]"	[1391]	"[[""Leadership"",""Military""],[""Sports/Games"",""Sports/Games""]]"	[96,1390,1391]	Sports/Games	Sports/Games	fighter	1	1	"[{""level1"":""Leadership"",""level2"":""Military"",""level3"":""fighter_pilot"",""person_count"":154,""example_wikidata_codes"":""Q1010676|Q101928|Q104989""}]"	0	0	"[""exact_lookup_differs_from_full_author_first_match""]"	Leadership	proposed	high	agrees_with_previous_llm	"[""exact_lookup_differs_from_full_author_first_match""]"	0	freebase_bhht_author_lookup_v1	lookup_candidate_not_frozen	"[""Anthony Bartley"", ""Asghar Khan"", ""Atef El Sadat (Fighter pilot)""]"
351	Investment Banker	28	investment_banker	author_substring	substring_unique_candidate	Leadership	Corporate/Executive/Business (large)	"[[""Leadership"",""Corporate/Executive/Business (large)""]]"	1	1	"[""bank"",""investment""]"	[1215,1229]	"[[""Leadership"",""Corporate/Executive/Business (large)""]]"	[1215,1229]	Leadership	Corporate/Executive/Business (large)	bank	0	0	[]	0	0	"[""substring_requires_transfer_review""]"		needs_review	low	author_candidate_previous_needs_review	"[""substring_requires_transfer_review""]"	0	freebase_bhht_author_lookup_v1	lookup_candidate_not_frozen	"[""Arthur L. Carter"", ""Bruce Wasserstein"", ""Charles H. Marshall (Investment Banker)""]"
352	Attorney at law	27	attorney_at_law	author_substring	substring_unique_candidate	Leadership	Administration/Law	"[[""Leadership"",""Administration/Law""]]"	1	1	"[""_law_"",""attorney""]"	[1052,1060]	"[[""Leadership"",""Administration/Law""]]"	[1052,1060]	Leadership	Administration/Law	_law_	0	0	[]	0	0	"[""substring_requires_transfer_review""]"	Leadership	proposed	medium	agrees_with_previous_llm	"[""substring_requires_transfer_review""]"	0	freebase_bhht_author_lookup_v1	lookup_candidate_not_frozen	"[""Adam Laxalt"", ""Amy Blunt Mosby"", ""Barnabas Bidwell""]"
353	Editing	27	editing	no_author_rule	no_author_rule			[]	0	0	[]	[]	[]	[]				0	0	[]	0	0	"[""no_author_rule""]"		needs_review	low	no_unique_author_l1_candidate	"[""no_author_rule""]"	0	freebase_bhht_author_lookup_v1	lookup_candidate_not_frozen	"[""Ahsan Habib"", ""Ambrose Evans-Pritchard"", ""Archie Bland""]"
354	Televangelist	27	televangelist	author_substring	substring_unique_candidate	Leadership	Religious	"[[""Leadership"",""Religious""]]"	1	1	"[""evangelist""]"	[1306]	"[[""Leadership"",""Religious""]]"	[1306]	Leadership	Religious	evangelist	0	0	[]	0	0	"[""substring_requires_transfer_review""]"	Leadership	proposed	high	agrees_with_previous_llm	"[""substring_requires_transfer_review""]"	0	freebase_bhht_author_lookup_v1	lookup_candidate_not_frozen	"[""Aimee Semple McPherson"", ""Brian Houston"", ""Charles Stanley""]"
355	Clerk	27	clerk	author_exact	exact_unique	Other	Worker/Business (small)	"[[""Other"",""Worker/Business (small)""]]"	1	1	"[""_clerk""]"	[1446]	"[[""Other"",""Worker/Business (small)""]]"	[1446]	Other	Worker/Business (small)	_clerk	0	0	"[{""level1"":""Other"",""level2"":""Worker/Business (small)"",""level3"":""clerk"",""person_count"":100,""example_wikidata_codes"":""Q14554887|Q15821482|Q16013052""}]"	0	0	[]		out_of_scope	medium	formal_author_other_previously_out_of_scope	[]	0	freebase_bhht_author_lookup_v1	lookup_candidate_not_frozen	"[""Alastair Sim"", ""Brett Harrelson"", ""Carl Friedrich Wagner""]"
356	Acting Teacher	27	acting_teacher	author_substring	substring_unique_candidate	Discovery/Science	Academia	"[[""Discovery/Science"",""Academia""]]"	1	1	"[""teacher_""]"	[910]	"[[""Discovery/Science"",""Academia""]]"	[910]	Discovery/Science	Academia	teacher_	0	0	[]	0	0	"[""substring_requires_transfer_review""]"		needs_review	low	author_candidate_previous_needs_review	"[""substring_requires_transfer_review""]"	0	freebase_bhht_author_lookup_v1	lookup_candidate_not_frozen	"[""Alessandro Gassmann"", ""Andrzej Seweryn"", ""Brad Dourif""]"
357	Music Teacher	27	music_teacher	author_substring	substring_cross_l1_conflict			"[[""Culture"",""Culture-core""],[""Discovery/Science"",""Academia""]]"	2	2	"[""_music"",""teacher_""]"	[325,910]	"[[""Culture"",""Culture-core""],[""Discovery/Science"",""Academia""]]"	[325,910]	Culture	Culture-core	_music	0	0	[]	0	0	"[""substring_requires_transfer_review"",""multiple_author_l1_candidates""]"		needs_review	low	no_unique_author_l1_candidate	"[""substring_requires_transfer_review"",""multiple_author_l1_candidates""]"	0	freebase_bhht_author_lookup_v1	lookup_candidate_not_frozen	"[""Alexina Louie"", ""Allauddin Khan"", ""Ana Medeiros""]"
358	Naval Officer	27	naval_officer	author_substring	substring_unique_candidate	Leadership	Military	"[[""Leadership"",""Military""]]"	1	1	"[""naval_"",""officer_""]"	[1409,1412]	"[[""Leadership"",""Military""]]"	[1409,1412]	Leadership	Military	naval_	0	0	[]	0	0	"[""substring_requires_transfer_review""]"	Leadership	proposed	medium	agrees_with_previous_llm	"[""substring_requires_transfer_review""]"	0	freebase_bhht_author_lookup_v1	lookup_candidate_not_frozen	"[""August Ritter von Trapp"", ""Charles Austen"", ""Charles F. Shoemaker""]"
359	Orator	26	orator	author_exact	exact_unique	Other	Other	"[[""Other"",""Other""]]"	1	1	"[""_orator""]"	[1848]	"[[""Other"",""Other""]]"	[1848]	Other	Other	_orator	0	0	"[{""level1"":""Other"",""level2"":""Other"",""level3"":""orator"",""person_count"":42,""example_wikidata_codes"":""Q1263178|Q12902326|Q1345118""}]"	0	0	[]		needs_review	low	author_candidate_previous_needs_review	[]	0	freebase_bhht_author_lookup_v1	lookup_candidate_not_frozen	"[""Ahmed Deedat"", ""Ben Manski"", ""Bipin Chandra Pal""]"
360	Trombonist	26	trombonist	author_exact	exact_unique	Culture	Culture-core	"[[""Culture"",""Culture-core""]]"	1	1	"[""trombonist""]"	[556]	"[[""Culture"",""Culture-core""]]"	[556]	Culture	Culture-core	trombonist	0	0	"[{""level1"":""Culture"",""level2"":""Culture-core"",""level3"":""trombonist"",""person_count"":192,""example_wikidata_codes"":""Q1052645|Q1080546|Q1080584""}]"	0	0	[]	Culture	proposed	high	agrees_with_previous_llm	[]	0	freebase_bhht_author_lookup_v1	lookup_candidate_not_frozen	"[""Al Jorden"", ""Arthur Pryor"", ""Benjamin de Roubaix""]"
361	Clarinetist	26	clarinetist	author_exact	exact_unique	Culture	Culture-core	"[[""Culture"",""Culture-core""]]"	1	1	"[""clarinetist""]"	[389]	"[[""Culture"",""Culture-core""]]"	[388,389]	Culture	Culture-core	clarinet	0	0	"[{""level1"":""Culture"",""level2"":""Culture-core"",""level3"":""clarinetist"",""person_count"":4,""example_wikidata_codes"":""Q22959327|Q3494156|Q6272790""}]"	0	0	[]	Culture	proposed	medium	agrees_with_previous_llm	[]	0	freebase_bhht_author_lookup_v1	lookup_candidate_not_frozen	"[""Alfonso Lizárraga"", ""Alvils Altmanis"", ""Arlene Alda""]"
362	Flautist	26	flautist	author_exact	exact_unique	Culture	Culture-core	"[[""Culture"",""Culture-core""]]"	1	1	"[""flautist""]"	[425]	"[[""Culture"",""Culture-core""]]"	[425]	Culture	Culture-core	flautist	0	0	"[{""level1"":""Culture"",""level2"":""Culture-core"",""level3"":""flautist"",""person_count"":221,""example_wikidata_codes"":""Q10305112|Q1030700|Q1036955""}]"	0	0	[]	Culture	proposed	high	agrees_with_previous_llm	[]	0	freebase_bhht_author_lookup_v1	lookup_candidate_not_frozen	"[""Alice Nellis"", ""Ann Wilson"", ""Carmine Coppola""]"
363	Legislator	25	legislator	author_exact	exact_unique	Leadership	Politics	"[[""Leadership"",""Politics""]]"	1	1	"[""legislator""]"	[929]	"[[""Leadership"",""Politics""]]"	[929]	Leadership	Politics	legislator	0	0	"[{""level1"":""Leadership"",""level2"":""Politics"",""level3"":""legislator"",""person_count"":77,""example_wikidata_codes"":""Q10972553|Q12061037|Q12061164""}]"	0	0	[]	Leadership	proposed	high	agrees_with_previous_llm	[]	0	freebase_bhht_author_lookup_v1	lookup_candidate_not_frozen	"[""Adam Ravenstahl"", ""Alfonso X of Castile"", ""Arunachalam Mahadeva""]"
364	Stunt coordinator	25	stunt_coordinator	author_substring	substring_unique_candidate	Culture	Culture-core	"[[""Culture"",""Culture-core""]]"	1	1	"[""_stunt_""]"	[340]	"[[""Culture"",""Culture-core""]]"	[340]	Culture	Culture-core	_stunt_	0	0	[]	0	0	"[""substring_requires_transfer_review""]"	Culture	proposed	medium	agrees_with_previous_llm	"[""substring_requires_transfer_review""]"	0	freebase_bhht_author_lookup_v1	lookup_candidate_not_frozen	"[""BJ Davis"", ""Bernhard Pock"", ""Buddy Joe Hooker""]"
365	Copywriter	25	copywriter	author_exact	exact_unique	Culture	Culture-periphery	"[[""Culture"",""Culture-periphery""]]"	1	1	"[""copywriter""]"	[601]	"[[""Culture"",""Culture-periphery""]]"	[601]	Culture	Culture-periphery	copywriter	0	0	"[{""level1"":""Culture"",""level2"":""Culture-periphery"",""level3"":""copywriter"",""person_count"":5,""example_wikidata_codes"":""Q28405423|Q44506703|Q5524937""}]"	0	0	[]	Culture	proposed	high	agrees_with_previous_llm	[]	0	freebase_bhht_author_lookup_v1	lookup_candidate_not_frozen	"[""Bob Newhart"", ""Charlie Grandy"", ""Christine Langan""]"
366	Media Personality	24	media_personality	author_substring	substring_unique_candidate	Culture	Culture-periphery	"[[""Culture"",""Culture-periphery""]]"	1	1	"[""_media""]"	[576]	"[[""Culture"",""Culture-periphery""]]"	[576]	Culture	Culture-periphery	_media	0	0	[]	0	0	"[""substring_requires_transfer_review""]"	Culture	proposed	high	agrees_with_previous_llm	"[""substring_requires_transfer_review""]"	0	freebase_bhht_author_lookup_v1	lookup_candidate_not_frozen	"[""Alain Finkielkraut"", ""Amr Hamzawy"", ""Arthur M. Schlesinger, Jr.""]"
367	Media proprietor	24	media_proprietor	author_substring	substring_unique_candidate	Culture	Culture-periphery	"[[""Culture"",""Culture-periphery""]]"	1	1	"[""_media""]"	[576]	"[[""Culture"",""Culture-periphery""]]"	[576]	Culture	Culture-periphery	_media	0	0	[]	0	0	"[""substring_requires_transfer_review""]"		needs_review	low	author_candidate_previous_needs_review	"[""substring_requires_transfer_review""]"	0	freebase_bhht_author_lookup_v1	lookup_candidate_not_frozen	"[""Albert Warner"", ""Anne Cox Chambers"", ""Aydın Doğan""]"
368	Nun	24	nun	author_exact	exact_unique	Leadership	Religious	"[[""Leadership"",""Religious""]]"	1	1	"[""_nun_""]"	[1260]	"[[""Leadership"",""Religious""]]"	[1260]	Leadership	Religious	_nun_	0	0	"[{""level1"":""Leadership"",""level2"":""Religious"",""level3"":""nun"",""person_count"":1010,""example_wikidata_codes"":""Q100206|Q102548|Q10322964""}]"	0	0	[]	Leadership	proposed	high	agrees_with_previous_llm	[]	0	freebase_bhht_author_lookup_v1	lookup_candidate_not_frozen	"[""Alexandrina MacKillop"", ""Anna Vyrubova"", ""Aurora Veronika Zrinski""]"
369	Zoologist	23	zoologist	author_exact	exact_unique	Discovery/Science	Academia	"[[""Discovery/Science"",""Academia""]]"	1	1	"[""zoologist""]"	[927]	"[[""Discovery/Science"",""Academia""]]"	[927]	Discovery/Science	Academia	zoologist	0	0	"[{""level1"":""Discovery/Science"",""level2"":""Academia"",""level3"":""zoologist"",""person_count"":2171,""example_wikidata_codes"":""Q1001277|Q100876|Q101326""}]"	0	0	[]	Discovery/Science	proposed	high	agrees_with_previous_llm	[]	0	freebase_bhht_author_lookup_v1	lookup_candidate_not_frozen	"[""Addison Emery Verrill"", ""Alexandre Brongniart"", ""Cyril Diver""]"
370	Philologist	23	philologist	author_exact	exact_unique	Discovery/Science	Academia	"[[""Discovery/Science"",""Academia""]]"	1	1	"[""philologist""]"	[858]	"[[""Discovery/Science"",""Academia""]]"	[858]	Discovery/Science	Academia	philologist	0	0	"[{""level1"":""Discovery/Science"",""level2"":""Academia"",""level3"":""philologist"",""person_count"":2996,""example_wikidata_codes"":""Q1000048|Q1000254|Q1003153""}]"	0	0	[]	Discovery/Science	proposed	medium	agrees_with_previous_llm	[]	0	freebase_bhht_author_lookup_v1	lookup_candidate_not_frozen	"[""Alan Nussbaum"", ""Aleksandr Strakhov"", ""Antun Mažuranić""]"
371	Music pedagogue	23	music_pedagogue	author_substring	substring_cross_l1_conflict			"[[""Culture"",""Culture-core""],[""Discovery/Science"",""Academia""]]"	2	2	"[""_music"",""pedagogue""]"	[325,851]	"[[""Culture"",""Culture-core""],[""Discovery/Science"",""Academia""]]"	[325,851]	Culture	Culture-core	_music	0	0	[]	0	0	"[""substring_requires_transfer_review"",""multiple_author_l1_candidates""]"		needs_review	low	no_unique_author_l1_candidate	"[""substring_requires_transfer_review"",""multiple_author_l1_candidates""]"	0	freebase_bhht_author_lookup_v1	lookup_candidate_not_frozen	"[""Alberto Williams"", ""Alexander Glazunov"", ""Arnold Schoenberg""]"
372	Software Engineer	23	software_engineer	author_substring	substring_unique_candidate	Discovery/Science	Explorer/Inventor/Developer	"[[""Discovery/Science"",""Explorer/Inventor/Developer""]]"	1	1	"[""engineer""]"	[1187]	"[[""Discovery/Science"",""Explorer/Inventor/Developer""]]"	[1187]	Discovery/Science	Explorer/Inventor/Developer	engineer	0	0	[]	0	0	"[""substring_requires_transfer_review""]"	Discovery/Science	proposed	high	agrees_with_previous_llm	"[""substring_requires_transfer_review""]"	0	freebase_bhht_author_lookup_v1	lookup_candidate_not_frozen	"[""Alexander Marks"", ""Andrew Hogue"", ""Andrew Kennedy (Software Engineer)""]"
373	Clown	23	clown	author_exact	exact_unique	Culture	Culture-core	"[[""Culture"",""Culture-core""]]"	1	1	"[""_clown_""]"	[310]	"[[""Culture"",""Culture-core""]]"	[310]	Culture	Culture-core	_clown_	0	0	"[{""level1"":""Culture"",""level2"":""Culture-core"",""level3"":""clown"",""person_count"":94,""example_wikidata_codes"":""Q101480|Q10263929|Q10281163""}]"	0	0	[]	Culture	proposed	medium	agrees_with_previous_llm	[]	0	freebase_bhht_author_lookup_v1	lookup_candidate_not_frozen	"[""Alfonso Aragón"", ""Annie Fratellini"", ""Charlie Cairoli""]"
374	Geographer	23	geographer	author_exact	exact_unique	Discovery/Science	Academia	"[[""Discovery/Science"",""Academia""]]"	1	1	"[""geographer""]"	[763]	"[[""Discovery/Science"",""Academia""]]"	[763]	Discovery/Science	Academia	geographer	0	0	"[{""level1"":""Discovery/Science"",""level2"":""Academia"",""level3"":""geographer"",""person_count"":1439,""example_wikidata_codes"":""Q100352|Q100534|Q100611""}]"	0	0	[]	Discovery/Science	proposed	high	agrees_with_previous_llm	[]	0	freebase_bhht_author_lookup_v1	lookup_candidate_not_frozen	"[""Alfred Russel Wallace"", ""Barry Bishop"", ""César-François Cassini de Thury""]"
375	Mechanic	23	mechanic	author_exact	exact_unique	Other	Worker/Business (small)	"[[""Other"",""Worker/Business (small)""]]"	1	1	"[""mechanic""]"	[1652]	"[[""Other"",""Worker/Business (small)""]]"	[1652]	Other	Worker/Business (small)	mechanic	0	0	"[{""level1"":""Other"",""level2"":""Worker/Business (small)"",""level3"":""mechanic"",""person_count"":185,""example_wikidata_codes"":""Q10288989|Q10320459|Q10329964""}]"	0	0	[]		out_of_scope	high	formal_author_other_previously_out_of_scope	[]	0	freebase_bhht_author_lookup_v1	lookup_candidate_not_frozen	"[""Andrey Scheglyaev"", ""Brendan Lynch (Mechanic)"", ""Charles Patrick Roberts""]"
376	Graphic Artist	23	graphic_artist	author_substring	substring_unique_candidate	Culture	Culture-core	"[[""Culture"",""Culture-core""]]"	1	1	"[""_artist""]"	[304]	"[[""Culture"",""Culture-core""]]"	[304]	Culture	Culture-core	_artist	0	0	[]	0	0	"[""substring_requires_transfer_review""]"	Culture	proposed	medium	agrees_with_previous_llm	"[""substring_requires_transfer_review""]"	0	freebase_bhht_author_lookup_v1	lookup_candidate_not_frozen	"[""Art Wood"", ""Bruno Bruni"", ""Charles McKimson""]"
377	Pharmacist	23	pharmacist	author_exact	exact_unique	Discovery/Science	Academia	"[[""Discovery/Science"",""Academia""]]"	1	1	"[""pharmacist""]"	[855]	"[[""Discovery/Science"",""Academia""]]"	[855]	Discovery/Science	Academia	pharmacist	0	0	"[{""level1"":""Discovery/Science"",""level2"":""Academia"",""level3"":""pharmacist"",""person_count"":803,""example_wikidata_codes"":""Q102596|Q10262969|Q102830""}]"	0	0	[]	Discovery/Science	proposed	high	agrees_with_previous_llm	[]	0	freebase_bhht_author_lookup_v1	lookup_candidate_not_frozen	"[""Bushra al-Assad"", ""Charles Stross"", ""Chew-Fan Lee""]"
378	Cleric	22	cleric	author_exact	exact_unique	Leadership	Religious	"[[""Leadership"",""Religious""]]"	1	1	"[""_cleric_""]"	[1254]	"[[""Leadership"",""Religious""]]"	[1254]	Leadership	Religious	_cleric_	0	0	"[{""level1"":""Leadership"",""level2"":""Religious"",""level3"":""cleric"",""person_count"":829,""example_wikidata_codes"":""Q10296220|Q103314|Q103328""}]"	0	0	[]	Leadership	proposed	high	agrees_with_previous_llm	[]	0	freebase_bhht_author_lookup_v1	lookup_candidate_not_frozen	"[""Abdul Aziz al-Hakim"", ""Akhmad Kadyrov"", ""Arnould Herbert Hurt""]"
379	Gangster	22	gangster	author_exact	exact_unique	Other	Other	"[[""Other"",""Other""]]"	1	1	"[""gangster""]"	[1806]	"[[""Other"",""Other""]]"	[1806]	Other	Other	gangster	0	0	"[{""level1"":""Other"",""level2"":""Other"",""level3"":""gangster"",""person_count"":212,""example_wikidata_codes"":""Q10757068|Q1093080|Q11523406""}]"	0	0	[]		out_of_scope	medium	formal_author_other_previously_out_of_scope	[]	0	freebase_bhht_author_lookup_v1	lookup_candidate_not_frozen	"[""Al Capone"", ""Carlo Gambino"", ""Donato Angiulo""]"
380	Torero	22	torero	author_exact	exact_unique	Sports/Games	Sports/Games	"[[""Sports/Games"",""Sports/Games""]]"	1	1	"[""torero""]"	[275]	"[[""Sports/Games"",""Sports/Games""]]"	[275]	Sports/Games	Sports/Games	torero	0	0	"[{""level1"":""Sports/Games"",""level2"":""Sports/Games"",""level3"":""torero"",""person_count"":185,""example_wikidata_codes"":""Q10271207|Q10388876|Q11073461""}]"	0	0	[]	Sports/Games	proposed	high	agrees_with_previous_llm	[]	0	freebase_bhht_author_lookup_v1	lookup_candidate_not_frozen	"[""Alejandro Amaya"", ""Antonio Bienvenida"", ""Bette Ford""]"
381	Geneticist	22	geneticist	author_exact	exact_unique	Discovery/Science	Academia	"[[""Discovery/Science"",""Academia""]]"	1	1	"[""geneticist""]"	[760]	"[[""Discovery/Science"",""Academia""]]"	[760]	Discovery/Science	Academia	geneticist	0	0	"[{""level1"":""Discovery/Science"",""level2"":""Academia"",""level3"":""geneticist"",""person_count"":662,""example_wikidata_codes"":""Q1000929|Q1022437|Q1027641""}]"	0	0	[]	Discovery/Science	proposed	high	agrees_with_previous_llm	[]	0	freebase_bhht_author_lookup_v1	lookup_candidate_not_frozen	"[""Alfred Sturtevant"", ""Anne McLaren"", ""Craig Venter""]"
382	Motivational speaker	22	motivational_speaker	author_exact	exact_unique	Other	Other	"[[""Other"",""Other""]]"	1	1	"[""motivational_speaker""]"	[1746]	"[[""Other"",""Other""]]"	[1746]	Other	Other	motivational_speaker	0	0	"[{""level1"":""Other"",""level2"":""Other"",""level3"":""motivational_speaker"",""person_count"":108,""example_wikidata_codes"":""Q12035941|Q12697956|Q13522483""}]"	0	0	[]		needs_review	low	author_candidate_previous_needs_review	[]	0	freebase_bhht_author_lookup_v1	lookup_candidate_not_frozen	"[""Annie Lobert"", ""Aria Brüss"", ""Bear Grylls""]"
383	Firefighter	22	firefighter	author_substring	substring_cross_l1_conflict			"[[""Leadership"",""Military""],[""Sports/Games"",""Sports/Games""]]"	2	2	"[""fighter""]"	[96,1390]	"[[""Leadership"",""Military""],[""Sports/Games"",""Sports/Games""]]"	[96,1390]	Sports/Games	Sports/Games	fighter	0	0	[]	0	0	"[""substring_requires_transfer_review"",""multiple_author_l1_candidates""]"		out_of_scope	high	no_unique_author_l1_candidate	"[""substring_requires_transfer_review"",""multiple_author_l1_candidates""]"	0	freebase_bhht_author_lookup_v1	lookup_candidate_not_frozen	"[""Anthony Martin Sinatra"", ""António Silva"", ""Brian Williams""]"
384	Advocate	21	advocate	author_exact	exact_unique	Leadership	Administration/Law	"[[""Leadership"",""Administration/Law""]]"	1	1	"[""advocate""]"	[1058]	"[[""Leadership"",""Administration/Law""]]"	[1058]	Leadership	Administration/Law	advocate	0	0	"[{""level1"":""Leadership"",""level2"":""Administration/Law"",""level3"":""advocate"",""person_count"":315,""example_wikidata_codes"":""Q1091442|Q1096536|Q11117964""}]"	0	0	[]	Leadership	proposed	high	agrees_with_previous_llm	[]	0	freebase_bhht_author_lookup_v1	lookup_candidate_not_frozen	"[""Al Gore"", ""Ayaz Latif Palijo"", ""Betty Furness""]"
385	Condottiere	21	condottiere	no_author_rule	no_author_rule			[]	0	0	[]	[]	[]	[]				0	0	[]	0	0	"[""no_author_rule""]"	Leadership	proposed	medium	no_unique_author_l1_candidate	"[""no_author_rule""]"	0	freebase_bhht_author_lookup_v1	lookup_candidate_not_frozen	"[""Alessandro Sforza"", ""Carlo I Malatesta"", ""Costanzo I Sforza""]"
386	Civil rights activist	21	civil_rights_activist	author_substring	substring_unique_candidate	Leadership	Politics	"[[""Leadership"",""Politics""]]"	1	1	"[""activist"",""civil_rights""]"	[939,952]	"[[""Leadership"",""Politics""]]"	[939,952]	Leadership	Politics	activist	0	0	[]	0	0	"[""substring_requires_transfer_review""]"		needs_review	low	author_candidate_previous_needs_review	"[""substring_requires_transfer_review""]"	0	freebase_bhht_author_lookup_v1	lookup_candidate_not_frozen	"[""Alexander Aris"", ""Alfred Daniel Williams King"", ""Asma Jahangir""]"
387	Dramaturge	21	dramaturge	author_substring	substring_unique_candidate	Culture	Culture-core	"[[""Culture"",""Culture-core""]]"	1	1	"[""_drama""]"	[318]	"[[""Culture"",""Culture-core""]]"	[318]	Culture	Culture-core	_drama	0	0	"[{""level1"":""Culture"",""level2"":""Culture-core"",""level3"":""dramaturge"",""person_count"":6,""example_wikidata_codes"":""Q16558908|Q17636686|Q24951550""}]"	0	0	"[""substring_requires_transfer_review""]"	Culture	proposed	high	agrees_with_previous_llm	"[""substring_requires_transfer_review""]"	0	freebase_bhht_author_lookup_v1	lookup_candidate_not_frozen	"[""Anna Langhoff"", ""Annegret Hahn"", ""Anton Chekhov""]"
388	Stripper	21	stripper	author_exact	exact_unique	Other	Other	"[[""Other"",""Other""]]"	1	1	"[""stripper""]"	[1878]	"[[""Other"",""Other""]]"	[1878]	Other	Other	stripper	0	0	"[{""level1"":""Other"",""level2"":""Other"",""level3"":""stripper"",""person_count"":4,""example_wikidata_codes"":""Q1592564|Q17489818|Q2939826""}]"	0	0	[]	Culture	proposed	medium	differs_from_previous_llm	"[""previous_llm_l1_disagreement""]"	0	freebase_bhht_author_lookup_v1	lookup_candidate_not_frozen	"[""Anna Nicole Smith"", ""Annie Sprinkle"", ""Anniqua Forss""]"
389	Electrician	21	electrician	author_exact	exact_unique	Other	Worker/Business (small)	"[[""Other"",""Worker/Business (small)""]]"	1	1	"[""electrician""]"	[1584]	"[[""Other"",""Worker/Business (small)""]]"	[1584]	Other	Worker/Business (small)	electrician	0	0	"[{""level1"":""Other"",""level2"":""Worker/Business (small)"",""level3"":""electrician"",""person_count"":18,""example_wikidata_codes"":""Q20804502|Q2108137|Q23612647""}]"	0	0	[]		out_of_scope	high	formal_author_other_previously_out_of_scope	[]	0	freebase_bhht_author_lookup_v1	lookup_candidate_not_frozen	"[""Buddy Quaid"", ""Byron Bening"", ""David Elwell""]"
390	Human rights activist	20	human_rights_activist	author_substring	substring_unique_candidate	Leadership	Politics	"[[""Leadership"",""Politics""]]"	1	1	"[""activist""]"	[939]	"[[""Leadership"",""Politics""]]"	[939]	Leadership	Politics	activist	0	0	[]	0	0	"[""substring_requires_transfer_review""]"		out_of_scope	high	author_candidate_previous_out_of_scope	"[""substring_requires_transfer_review""]"	0	freebase_bhht_author_lookup_v1	lookup_candidate_not_frozen	"[""Alexander Esenin-Volpin"", ""Amr Hamzawy"", ""Andrei Sakharov""]"
391	Surveyor	20	surveyor	author_exact	exact_unique	Other	Worker/Business (small)	"[[""Other"",""Worker/Business (small)""]]"	1	1	"[""surveyor""]"	[1694]	"[[""Other"",""Worker/Business (small)""]]"	[1694]	Other	Worker/Business (small)	surveyor	0	0	"[{""level1"":""Other"",""level2"":""Worker/Business (small)"",""level3"":""surveyor"",""person_count"":151,""example_wikidata_codes"":""Q1066040|Q112283|Q11728012""}]"	0	0	[]		needs_review	low	author_candidate_previous_needs_review	[]	0	freebase_bhht_author_lookup_v1	lookup_candidate_not_frozen	"[""Alexander Forrest"", ""Alexej I. Butakov"", ""Augustus Charles Gregory""]"
392	Factory worker	20	factory_worker	author_substring	substring_unique_candidate	Other	Worker/Business (small)	"[[""Other"",""Worker/Business (small)""]]"	1	1	"[""worker""]"	[1716]	"[[""Other"",""Worker/Business (small)""]]"	[1716]	Other	Worker/Business (small)	worker	0	0	[]	0	0	"[""substring_requires_transfer_review""]"		out_of_scope	high	formal_author_other_previously_out_of_scope	"[""substring_requires_transfer_review""]"	0	freebase_bhht_author_lookup_v1	lookup_candidate_not_frozen	"[""Alexis Remi"", ""Anna Lovisa Karlsson"", ""Bernard Rickman""]"
393	Fiddler	20	fiddler	author_exact	exact_unique	Culture	Culture-core	"[[""Culture"",""Culture-core""]]"	1	1	"[""fiddler""]"	[422]	"[[""Culture"",""Culture-core""]]"	[422]	Culture	Culture-core	fiddler	0	0	"[{""level1"":""Culture"",""level2"":""Culture-core"",""level3"":""fiddler"",""person_count"":318,""example_wikidata_codes"":""Q11249069|Q1157706|Q11974140""}]"	0	0	[]	Culture	proposed	high	agrees_with_previous_llm	[]	0	freebase_bhht_author_lookup_v1	lookup_candidate_not_frozen	"[""Alfred Maurstad"", ""Alison Krauss"", ""Bob Wills""]"
394	Professional golfer	20	professional_golfer	author_substring	substring_unique_candidate	Sports/Games	Sports/Games	"[[""Sports/Games"",""Sports/Games""]]"	1	1	"[""golf""]"	[119]	"[[""Sports/Games"",""Sports/Games""]]"	[119]	Sports/Games	Sports/Games	golf	0	0	[]	0	0	"[""substring_requires_transfer_review""]"	Sports/Games	proposed	medium	agrees_with_previous_llm	"[""substring_requires_transfer_review""]"	0	freebase_bhht_author_lookup_v1	lookup_candidate_not_frozen	"[""Anisha Padukone"", ""Annika Sörenstam"", ""Billy Martindale""]"
395	Humanitarian	20	humanitarian	author_exact	exact_unique	Leadership	Politics	"[[""Leadership"",""Politics""]]"	1	1	"[""humanitarian""]"	[989]	"[[""Leadership"",""Politics""]]"	[989]	Leadership	Politics	humanitarian	0	0	"[{""level1"":""Leadership"",""level2"":""Politics"",""level3"":""humanitarian"",""person_count"":140,""example_wikidata_codes"":""Q107691|Q112443|Q12214935""}]"	0	0	[]		needs_review	low	author_candidate_previous_needs_review	[]	0	freebase_bhht_author_lookup_v1	lookup_candidate_not_frozen	"[""Anthony F. DePalma"", ""Buffy Sainte-Marie"", ""Dorothy Buxton""]"
396	Bodybuilder	20	bodybuilder	author_exact	exact_unique	Sports/Games	Sports/Games	"[[""Sports/Games"",""Sports/Games""]]"	1	1	"[""bodybuilder""]"	[56]	"[[""Sports/Games"",""Sports/Games""]]"	[56]	Sports/Games	Sports/Games	bodybuilder	0	0	"[{""level1"":""Sports/Games"",""level2"":""Sports/Games"",""level3"":""bodybuilder"",""person_count"":338,""example_wikidata_codes"":""Q100743|Q107762|Q12340913""}]"	0	0	[]	Sports/Games	proposed	high	agrees_with_previous_llm	[]	0	freebase_bhht_author_lookup_v1	lookup_candidate_not_frozen	"[""Arnold Schwarzenegger"", ""Cathy LeFrançois"", ""Charles Atlas""]"
397	Professional Poker Player	20	professional_poker_player	author_substring	substring_unique_candidate	Sports/Games	Sports/Games	"[[""Sports/Games"",""Sports/Games""]]"	1	1	"[""player"",""poker_player""]"	[189,191]	"[[""Sports/Games"",""Sports/Games""]]"	[189,191]	Sports/Games	Sports/Games	player	0	0	[]	0	0	"[""substring_requires_transfer_review""]"	Sports/Games	proposed	medium	agrees_with_previous_llm	"[""substring_requires_transfer_review""]"	0	freebase_bhht_author_lookup_v1	lookup_candidate_not_frozen	"[""Barny Boatman"", ""Ben Affleck"", ""Donnacha O'Dea""]"
398	Tribal chief	20	tribal_chief	author_exact	exact_unique	Leadership	Nobility	"[[""Leadership"",""Nobility""]]"	1	1	"[""tribal_chief""]"	[1170]	"[[""Leadership"",""Nobility""]]"	[1170]	Leadership	Nobility	tribal_chief	0	0	"[{""level1"":""Leadership"",""level2"":""Nobility"",""level3"":""tribal_chief"",""person_count"":102,""example_wikidata_codes"":""Q1035132|Q1110677|Q1118165""}]"	0	0	[]	Leadership	proposed	high	agrees_with_previous_llm	[]	0	freebase_bhht_author_lookup_v1	lookup_candidate_not_frozen	"[""Carne Muerto"", ""Cheeseekau"", ""Chief Powhatan""]"
399	Literary agent	19	literary_agent	author_exact	exact_unique	Culture	Culture-core	"[[""Culture"",""Culture-core""]]"	1	1	"[""literary_agent""]"	[458]	"[[""Culture"",""Culture-core""]]"	[323,458]	Culture	Culture-core	_literary_	0	0	[]	0	0	[]	Culture	proposed	high	agrees_with_previous_llm	[]	0	freebase_bhht_author_lookup_v1	lookup_candidate_not_frozen	"[""A. D. Peters"", ""Alice Laura Cecil"", ""Amanda Urban""]"
400	Industrial designer	19	industrial_designer	author_substring	substring_cross_l1_conflict			"[[""Culture"",""Culture-periphery""],[""Leadership"",""Corporate/Executive/Business (large)""]]"	2	2	"[""designer"",""industrial""]"	[606,1227]	"[[""Culture"",""Culture-periphery""],[""Leadership"",""Corporate/Executive/Business (large)""]]"	[606,1227]	Culture	Culture-periphery	designer	0	0	[]	0	0	"[""substring_requires_transfer_review"",""multiple_author_l1_candidates""]"	Culture	proposed	medium	no_unique_author_l1_candidate	"[""substring_requires_transfer_review"",""multiple_author_l1_candidates""]"	0	freebase_bhht_author_lookup_v1	lookup_candidate_not_frozen	"[""Adam Savage"", ""Antonio Alves"", ""Buckminster Fuller""]"
401	Law professor	19	law_professor	author_substring	substring_cross_l1_conflict			"[[""Discovery/Science"",""Academia""],[""Leadership"",""Administration/Law""]]"	2	2	"[""professor"",""_law_""]"	[878,1052]	"[[""Discovery/Science"",""Academia""],[""Leadership"",""Administration/Law""]]"	[878,1052]	Discovery/Science	Academia	professor	0	0	[]	0	0	"[""substring_requires_transfer_review"",""multiple_author_l1_candidates""]"	Discovery/Science	proposed	high	no_unique_author_l1_candidate	"[""substring_requires_transfer_review"",""multiple_author_l1_candidates""]"	0	freebase_bhht_author_lookup_v1	lookup_candidate_not_frozen	"[""Adam Winkler"", ""Akhil Reed Amar"", ""Albrecht Mendelssohn-Bartholdy""]"
402	Evangelist	19	evangelist	author_exact	exact_unique	Leadership	Religious	"[[""Leadership"",""Religious""]]"	1	1	"[""evangelist""]"	[1306]	"[[""Leadership"",""Religious""]]"	[1306]	Leadership	Religious	evangelist	0	0	"[{""level1"":""Leadership"",""level2"":""Religious"",""level3"":""evangelist"",""person_count"":217,""example_wikidata_codes"":""Q1036839|Q1139523|Q1165408""}]"	0	0	[]	Leadership	proposed	high	agrees_with_previous_llm	[]	0	freebase_bhht_author_lookup_v1	lookup_candidate_not_frozen	"[""Aimee Semple McPherson"", ""Anne Graham Lotz"", ""Billy Graham""]"
403	Crime writer	19	crime_writer	author_substring	substring_cross_l1_conflict			"[[""Culture"",""Culture-core""],[""Other"",""Other""]]"	2	2	"[""_writer"",""crime""]"	[343,1791]	"[[""Culture"",""Culture-core""],[""Other"",""Other""]]"	[343,1791]	Culture	Culture-core	_writer	0	0	[]	0	0	"[""substring_requires_transfer_review"",""multiple_author_l1_candidates""]"	Culture	proposed	medium	no_unique_author_l1_candidate	"[""substring_requires_transfer_review"",""multiple_author_l1_candidates""]"	0	freebase_bhht_author_lookup_v1	lookup_candidate_not_frozen	"[""Alex Brinchmann"", ""Ann Rule"", ""Edgar Wallace""]"
404	Stagehand	19	stagehand	no_author_rule	no_author_rule			[]	0	0	[]	[]	[]	[]				0	0	[]	0	0	"[""no_author_rule""]"		out_of_scope	high	no_unique_author_l1_candidate	"[""no_author_rule""]"	0	freebase_bhht_author_lookup_v1	lookup_candidate_not_frozen	"[""Alexander R. Scott"", ""Arthur Benjamin Carr Glyn"", ""Bridget Samuel""]"
405	Ice dancer	19	ice_dancer	author_substring	substring_unique_candidate	Culture	Culture-core	"[[""Culture"",""Culture-core""]]"	1	1	"[""dancer""]"	[410]	"[[""Culture"",""Culture-core""]]"	[410]	Culture	Culture-core	dancer	0	0	[]	0	0	"[""substring_requires_transfer_review""]"	Sports/Games	proposed	high	differs_from_previous_llm	"[""substring_requires_transfer_review"",""previous_llm_l1_disagreement""]"	0	freebase_bhht_author_lookup_v1	lookup_candidate_not_frozen	"[""Alexander Zhulin"", ""Alexandra Zaretsky"", ""Carolina Hermann""]"
406	Triathlete	19	triathlete	author_substring	substring_unique_candidate	Sports/Games	Sports/Games	"[[""Sports/Games"",""Sports/Games""]]"	1	1	"[""athlete""]"	[32]	"[[""Sports/Games"",""Sports/Games""]]"	[32]	Sports/Games	Sports/Games	athlete	0	0	[]	0	0	"[""substring_requires_transfer_review""]"	Sports/Games	proposed	medium	agrees_with_previous_llm	"[""substring_requires_transfer_review""]"	0	freebase_bhht_author_lookup_v1	lookup_candidate_not_frozen	"[""Alistair Brownlee"", ""Andrea Hewitt"", ""Anja Dittmer""]"
407	Exotic dancer	19	exotic_dancer	author_exact	exact_unique	Culture	Culture-core	"[[""Culture"",""Culture-core""]]"	1	1	"[""exotic_dancer""]"	[421]	"[[""Culture"",""Culture-core""]]"	[410,421]	Culture	Culture-core	dancer	0	0	"[{""level1"":""Culture"",""level2"":""Culture-core"",""level3"":""exotic_dancer"",""person_count"":2,""example_wikidata_codes"":""Q7194185|Q82180""}]"	0	0	[]	Culture	proposed	high	agrees_with_previous_llm	[]	0	freebase_bhht_author_lookup_v1	lookup_candidate_not_frozen	"[""Amber Lynn"", ""Candy Barr"", ""Chesty Morgan""]"
408	Property caretaker	19	property_caretaker	no_author_rule	no_author_rule			[]	0	0	[]	[]	[]	[]				0	0	[]	0	0	"[""no_author_rule""]"		out_of_scope	high	no_unique_author_l1_candidate	"[""no_author_rule""]"	0	freebase_bhht_author_lookup_v1	lookup_candidate_not_frozen	"[""Andries Bicker"", ""Andries de Graeff"", ""Bernard Neeson""]"
409	Visual Effects Artist	18	visual_effects_artist	author_substring	substring_unique_candidate	Culture	Culture-core	"[[""Culture"",""Culture-core""]]"	1	1	"[""_artist"",""visual_effects""]"	[304,566]	"[[""Culture"",""Culture-core""]]"	[304,566]	Culture	Culture-core	_artist	0	0	[]	0	0	"[""substring_requires_transfer_review""]"	Culture	proposed	medium	agrees_with_previous_llm	"[""substring_requires_transfer_review""]"	0	freebase_bhht_author_lookup_v1	lookup_candidate_not_frozen	"[""Aaron Vest"", ""Christian Cardona (Actor)"", ""Darrell A. Anderson""]"
410	Newspaper editor	18	newspaper_editor	author_substring	substring_unique_candidate	Culture	Culture-periphery	"[[""Culture"",""Culture-periphery""]]"	1	1	"[""editor""]"	[612]	"[[""Culture"",""Culture-periphery""]]"	[612]	Culture	Culture-periphery	editor	0	0	[]	0	0	"[""substring_requires_transfer_review""]"	Culture	proposed	medium	agrees_with_previous_llm	"[""substring_requires_transfer_review""]"	0	freebase_bhht_author_lookup_v1	lookup_candidate_not_frozen	"[""Adam Baruch"", ""Ben Bradlee"", ""Chuck Stone""]"
411	Cryptographer	18	cryptographer	author_exact	exact_unique	Other	Worker/Business (small)	"[[""Other"",""Worker/Business (small)""]]"	1	1	"[""cryptographer""]"	[1576]	"[[""Other"",""Worker/Business (small)""]]"	[1576]	Other	Worker/Business (small)	cryptographer	0	0	"[{""level1"":""Other"",""level2"":""Worker/Business (small)"",""level3"":""cryptographer"",""person_count"":71,""example_wikidata_codes"":""Q1064308|Q1339153|Q14772822""}]"	0	0	[]		needs_review	low	author_candidate_previous_needs_review	[]	0	freebase_bhht_author_lookup_v1	lookup_candidate_not_frozen	"[""Adi Shamir"", ""Dan Boneh"", ""Gilles Brassard""]"
412	Bobsleigher	18	bobsleigher	author_substring	substring_unique_candidate	Sports/Games	Sports/Games	"[[""Sports/Games"",""Sports/Games""]]"	1	1	"[""bobsleigh""]"	[53]	"[[""Sports/Games"",""Sports/Games""]]"	[53]	Sports/Games	Sports/Games	bobsleigh	0	0	[]	0	0	"[""substring_requires_transfer_review""]"	Sports/Games	proposed	medium	agrees_with_previous_llm	"[""substring_requires_transfer_review""]"	0	freebase_bhht_author_lookup_v1	lookup_candidate_not_frozen	"[""Aja Evans (Olympic athlete)"", ""Alexey Stulnev"", ""Arnold van Calker""]"
413	Martial Arts Instructor	18	martial_arts_instructor	author_substring	substring_cross_l1_conflict			"[[""Culture"",""Culture-core""],[""Discovery/Science"",""Academia""],[""Sports/Games"",""Sports/Games""]]"	3	3	"[""martial_art"",""_arts_"",""instructor""]"	[160,305,794]	"[[""Culture"",""Culture-core""],[""Discovery/Science"",""Academia""],[""Sports/Games"",""Sports/Games""]]"	[160,305,794]	Sports/Games	Sports/Games	martial_art	0	0	[]	0	0	"[""substring_requires_transfer_review"",""multiple_author_l1_candidates""]"	Sports/Games	proposed	medium	no_unique_author_l1_candidate	"[""substring_requires_transfer_review"",""multiple_author_l1_candidates""]"	0	freebase_bhht_author_lookup_v1	lookup_candidate_not_frozen	"[""Al Dacascos"", ""Andrew Dasz"", ""Bruce Lee""]"
414	Aircrew	18	aircrew	no_author_rule	no_author_rule			[]	0	0	[]	[]	[]	[]				0	0	[]	0	0	"[""no_author_rule""]"		out_of_scope	high	no_unique_author_l1_candidate	"[""no_author_rule""]"	0	freebase_bhht_author_lookup_v1	lookup_candidate_not_frozen	"[""Alice Hoglan"", ""Dimitra Liani"", ""Grace Hightower""]"
415	Flight attendant	18	flight_attendant	author_exact	exact_unique	Other	Worker/Business (small)	"[[""Other"",""Worker/Business (small)""]]"	1	1	"[""flight_attendant""]"	[1594]	"[[""Other"",""Worker/Business (small)""]]"	[1594]	Other	Worker/Business (small)	flight_attendant	0	0	"[{""level1"":""Other"",""level2"":""Worker/Business (small)"",""level3"":""flight_attendant"",""person_count"":30,""example_wikidata_codes"":""Q116342|Q1333319|Q13560248""}]"	0	0	[]		out_of_scope	medium	formal_author_other_previously_out_of_scope	[]	0	freebase_bhht_author_lookup_v1	lookup_candidate_not_frozen	"[""Alice Hoglan"", ""Dimitra Liani"", ""Grace Hightower""]"
416	Manufacturer	18	manufacturer	author_exact	exact_unique	Leadership	Corporate/Executive/Business (large)	"[[""Leadership"",""Corporate/Executive/Business (large)""]]"	1	1	"[""manufacturer""]"	[1235]	"[[""Leadership"",""Corporate/Executive/Business (large)""]]"	[1235]	Leadership	Corporate/Executive/Business (large)	manufacturer	0	0	"[{""level1"":""Leadership"",""level2"":""Corporate/Executive/Business (large)"",""level3"":""manufacturer"",""person_count"":803,""example_wikidata_codes"":""Q1022558|Q102722|Q10307897""}]"	0	0	[]		needs_review	low	author_candidate_previous_needs_review	[]	0	freebase_bhht_author_lookup_v1	lookup_candidate_not_frozen	"[""Amasa Goodyear"", ""Angelo Jacobs"", ""Erastus Fairbanks""]"
417	Impressionist	18	impressionist	author_exact	exact_unique	Culture	Culture-core	"[[""Culture"",""Culture-core""]]"	1	1	"[""impressionist""]"	[448]	"[[""Culture"",""Culture-core""]]"	[448]	Culture	Culture-core	impressionist	0	0	"[{""level1"":""Culture"",""level2"":""Culture-core"",""level3"":""impressionist"",""person_count"":18,""example_wikidata_codes"":""Q10862805|Q118445|Q12037556""}]"	0	0	[]	Culture	proposed	high	agrees_with_previous_llm	[]	0	freebase_bhht_author_lookup_v1	lookup_candidate_not_frozen	"[""Andy Stewart"", ""Anne-Marie Johnson"", ""Chiaki""]"
418	Hair Stylist	18	hair_stylist	author_exact	exact_unique	Other	Worker/Business (small)	"[[""Other"",""Worker/Business (small)""]]"	1	1	"[""hair_stylist""]"	[1606]	"[[""Culture"",""Culture-periphery""],[""Other"",""Worker/Business (small)""]]"	[580,1606]	Culture	Culture-periphery	_stylist_	1	1	"[{""level1"":""Other"",""level2"":""Worker/Business (small)"",""level3"":""hair_stylist"",""person_count"":5,""example_wikidata_codes"":""Q16731989|Q16734435|Q5395570""}]"	0	0	"[""exact_lookup_differs_from_full_author_first_match""]"		needs_review	low	author_candidate_previous_needs_review	"[""exact_lookup_differs_from_full_author_first_match""]"	0	freebase_bhht_author_lookup_v1	lookup_candidate_not_frozen	"[""Anne Wheaton"", ""Barbara Barnard"", ""Didier Malige""]"
419	Oboist	18	oboist	author_exact	exact_unique	Culture	Culture-core	"[[""Culture"",""Culture-core""]]"	1	1	"[""oboist""]"	[476]	"[[""Culture"",""Culture-core""]]"	[476]	Culture	Culture-core	oboist	0	0	"[{""level1"":""Culture"",""level2"":""Culture-core"",""level3"":""oboist"",""person_count"":181,""example_wikidata_codes"":""Q1067114|Q11884128|Q1375457""}]"	0	0	[]	Culture	proposed	high	agrees_with_previous_llm	[]	0	freebase_bhht_author_lookup_v1	lookup_candidate_not_frozen	"[""Bob Cooper"", ""Charles Mackerras"", ""Evelyn Barbirolli""]"
420	Veterinary physician	17	veterinary_physician	author_substring	substring_unique_candidate	Discovery/Science	Academia	"[[""Discovery/Science"",""Academia""]]"	1	1	"[""physician""]"	[867]	"[[""Discovery/Science"",""Academia""]]"	[867]	Discovery/Science	Academia	physician	0	0	[]	0	0	"[""substring_requires_transfer_review""]"	Discovery/Science	proposed	high	agrees_with_previous_llm	"[""substring_requires_transfer_review""]"	0	freebase_bhht_author_lookup_v1	lookup_candidate_not_frozen	"[""Aimee Watson"", ""Alton Ford (Veterinarian)"", ""Asbjørn Beha Erichsen""]"
421	Theatre Manager	17	theatre_manager	author_substring	substring_cross_l1_conflict			"[[""Culture"",""Culture-core""],[""Leadership"",""Corporate/Executive/Business (large)""]]"	2	2	"[""theatre"",""manager""]"	[550,1234]	"[[""Culture"",""Culture-core""],[""Leadership"",""Corporate/Executive/Business (large)""]]"	[550,1234]	Culture	Culture-core	theatre	0	0	[]	0	0	"[""substring_requires_transfer_review"",""multiple_author_l1_candidates""]"		needs_review	low	no_unique_author_l1_candidate	"[""substring_requires_transfer_review"",""multiple_author_l1_candidates""]"	0	freebase_bhht_author_lookup_v1	lookup_candidate_not_frozen	"[""Alfred Maurstad"", ""Edward Harrigan"", ""George Howells Broadhurst""]"
422	Urban planner	17	urban_planner	author_exact	exact_unique	Culture	Culture-periphery	"[[""Culture"",""Culture-periphery""]]"	1	1	"[""urban_planner""]"	[657]	"[[""Culture"",""Culture-periphery""]]"	[657]	Culture	Culture-periphery	urban_planner	0	0	"[{""level1"":""Culture"",""level2"":""Culture-periphery"",""level3"":""urban_planner"",""person_count"":85,""example_wikidata_codes"":""Q1409777|Q15109504|Q15442919""}]"	0	0	[]	Culture	proposed	medium	agrees_with_previous_llm	[]	0	freebase_bhht_author_lookup_v1	lookup_candidate_not_frozen	"[""Amanda Burden"", ""Ann Lubin Buttenwieser"", ""Bruno Taut""]"
423	Web analytics	17	web_analytics	no_author_rule	no_author_rule			[]	0	0	[]	[]	[]	[]				0	0	[]	0	0	"[""no_author_rule""]"		needs_review	low	no_unique_author_l1_candidate	"[""no_author_rule""]"	0	freebase_bhht_author_lookup_v1	lookup_candidate_not_frozen	"[""Andrew Akesson"", ""Aviran Zazon"", ""Bill Sebald""]"
424	Seamstress	17	seamstress	author_exact	exact_unique	Other	Worker/Business (small)	"[[""Other"",""Worker/Business (small)""]]"	1	1	"[""_seamstress""]"	[1489]	"[[""Other"",""Worker/Business (small)""]]"	[1489]	Other	Worker/Business (small)	_seamstress	0	0	"[{""level1"":""Other"",""level2"":""Worker/Business (small)"",""level3"":""seamstress"",""person_count"":3,""example_wikidata_codes"":""Q4234929|Q4971940|Q5085880""}]"	0	0	[]		out_of_scope	medium	formal_author_other_previously_out_of_scope	[]	0	freebase_bhht_author_lookup_v1	lookup_candidate_not_frozen	"[""Beatrice Cushenberry"", ""Beatrice Witham"", ""Carmela Stompanato""]"
425	Vocal coach	16	vocal_coach	author_substring	substring_unique_candidate	Sports/Games	Sports/Games	"[[""Sports/Games"",""Sports/Games""]]"	1	1	"[""coach""]"	[75]	"[[""Sports/Games"",""Sports/Games""]]"	[75]	Sports/Games	Sports/Games	coach	0	0	[]	0	0	"[""substring_requires_transfer_review""]"	Culture	proposed	high	differs_from_previous_llm	"[""substring_requires_transfer_review"",""previous_llm_l1_disagreement""]"	0	freebase_bhht_author_lookup_v1	lookup_candidate_not_frozen	"[""Adam Levine"", ""Adriana McPhee"", ""Bob Corff""]"
426	Voice teacher	16	voice_teacher	author_substring	substring_unique_candidate	Discovery/Science	Academia	"[[""Discovery/Science"",""Academia""]]"	1	1	"[""teacher_""]"	[910]	"[[""Discovery/Science"",""Academia""]]"	[910]	Discovery/Science	Academia	teacher_	0	0	[]	0	0	"[""substring_requires_transfer_review""]"		needs_review	low	author_candidate_previous_needs_review	"[""substring_requires_transfer_review""]"	0	freebase_bhht_author_lookup_v1	lookup_candidate_not_frozen	"[""Alberto Randegger"", ""Alessandro Stradella"", ""Dorothy Tree""]"
427	Ski jumper	16	ski_jumper	author_substring	substring_unique_candidate	Sports/Games	Sports/Games	"[[""Sports/Games"",""Sports/Games""]]"	1	1	"[""_ski_"",""jumper""]"	[23,146]	"[[""Sports/Games"",""Sports/Games""]]"	[23,146]	Sports/Games	Sports/Games	_ski_	0	0	[]	0	0	"[""substring_requires_transfer_review""]"	Sports/Games	proposed	medium	agrees_with_previous_llm	"[""substring_requires_transfer_review""]"	0	freebase_bhht_author_lookup_v1	lookup_candidate_not_frozen	"[""Alissa Johnson"", ""Anders Johnson"", ""Anja Tepeš""]"
428	Fitness professional	16	fitness_professional	author_substring	substring_unique_candidate	Sports/Games	Sports/Games	"[[""Sports/Games"",""Sports/Games""]]"	1	1	"[""fitness""]"	[98]	"[[""Sports/Games"",""Sports/Games""]]"	[98]	Sports/Games	Sports/Games	fitness	0	0	[]	0	0	"[""substring_requires_transfer_review""]"	Sports/Games	proposed	medium	agrees_with_previous_llm	"[""substring_requires_transfer_review""]"	0	freebase_bhht_author_lookup_v1	lookup_candidate_not_frozen	"[""Amy Stiller"", ""Billy Blanks"", ""Carmen Electra""]"
429	Internet marketing	16	internet_marketing	author_substring	substring_unique_candidate	Other	Worker/Business (small)	"[[""Other"",""Worker/Business (small)""]]"	1	1	"[""marketing""]"	[1649]	"[[""Other"",""Worker/Business (small)""]]"	[1649]	Other	Worker/Business (small)	marketing	0	0	[]	0	0	"[""substring_requires_transfer_review""]"		needs_review	low	author_candidate_previous_needs_review	"[""substring_requires_transfer_review""]"	0	freebase_bhht_author_lookup_v1	lookup_candidate_not_frozen	"[""Andrew Akesson"", ""Aviran Zazon"", ""Bill Sebald""]"
430	SEM Professional	16	sem_professional	no_author_rule	no_author_rule			[]	0	0	[]	[]	[]	[]				0	0	[]	0	0	"[""no_author_rule""]"		needs_review	low	no_unique_author_l1_candidate	"[""no_author_rule""]"	0	freebase_bhht_author_lookup_v1	lookup_candidate_not_frozen	"[""Andrew Akesson"", ""Aviran Zazon"", ""Bill Sebald""]"
431	SEO Professional	16	seo_professional	no_author_rule	no_author_rule			[]	0	0	[]	[]	[]	[]				0	0	[]	0	0	"[""no_author_rule""]"		needs_review	medium	no_unique_author_l1_candidate	"[""no_author_rule""]"	0	freebase_bhht_author_lookup_v1	lookup_candidate_not_frozen	"[""Andrew Akesson"", ""Aviran Zazon"", ""Bill Sebald""]"
432	Truck driver	16	truck_driver	author_substring	substring_unique_candidate	Sports/Games	Sports/Games	"[[""Sports/Games"",""Sports/Games""]]"	1	1	"[""_driver_""]"	[9]	"[[""Sports/Games"",""Sports/Games""]]"	[9]	Sports/Games	Sports/Games	_driver_	0	0	[]	0	0	"[""substring_requires_transfer_review""]"		out_of_scope	high	author_candidate_previous_out_of_scope	"[""substring_requires_transfer_review""]"	0	freebase_bhht_author_lookup_v1	lookup_candidate_not_frozen	"[""Andrew Armstrong (Jazz Musician)"", ""Billy Garland"", ""Bruce Stephens (Truck driver)""]"
433	Short Track Speed Skater	16	short_track_speed_skater	author_substring	substring_unique_candidate	Sports/Games	Sports/Games	"[[""Sports/Games"",""Sports/Games""]]"	1	1	"[""skater""]"	[234]	"[[""Sports/Games"",""Sports/Games""]]"	[234]	Sports/Games	Sports/Games	skater	0	0	[]	0	0	"[""substring_requires_transfer_review""]"	Sports/Games	proposed	medium	agrees_with_previous_llm	"[""substring_requires_transfer_review""]"	0	freebase_bhht_author_lookup_v1	lookup_candidate_not_frozen	"[""Anthony Lobello, Jr."", ""Arianna Fontana"", ""Balazs Knoch""]"
434	Academician	16	academician	author_substring	substring_unique_candidate	Discovery/Science	Academia	"[[""Discovery/Science"",""Academia""]]"	1	1	"[""academic""]"	[671]	"[[""Discovery/Science"",""Academia""]]"	[671]	Discovery/Science	Academia	academic	0	0	[]	0	0	"[""substring_requires_transfer_review""]"	Discovery/Science	proposed	high	agrees_with_previous_llm	"[""substring_requires_transfer_review""]"	0	freebase_bhht_author_lookup_v1	lookup_candidate_not_frozen	"[""Arvind Kumar Singh (Politician)"", ""Caroline Humphrey"", ""Danica McKellar""]"
435	Art Model	16	art_model	author_substring	substring_unique_candidate	Culture	Culture-periphery	"[[""Culture"",""Culture-periphery""]]"	1	1	"[""_model_""]"	[577]	"[[""Culture"",""Culture-periphery""]]"	[577]	Culture	Culture-periphery	_model_	0	0	[]	0	0	"[""substring_requires_transfer_review""]"	Culture	proposed	high	agrees_with_previous_llm	"[""substring_requires_transfer_review""]"	0	freebase_bhht_author_lookup_v1	lookup_candidate_not_frozen	"[""Camille Doncieux"", ""Dorothy Gibson"", ""Gala Dalí""]"
436	Cultural critic	16	cultural_critic	author_substring	substring_unique_candidate	Culture	Culture-periphery	"[[""Culture"",""Culture-periphery""]]"	1	1	"[""critic""]"	[604]	"[[""Culture"",""Culture-periphery""]]"	[604]	Culture	Culture-periphery	critic	0	0	[]	0	0	"[""substring_requires_transfer_review""]"	Culture	proposed	medium	agrees_with_previous_llm	"[""substring_requires_transfer_review""]"	0	freebase_bhht_author_lookup_v1	lookup_candidate_not_frozen	"[""Camille Paglia"", ""Devyani Saltzman"", ""Edward Said""]"
437	Pediatrician	16	pediatrician	author_exact	exact_unique	Discovery/Science	Academia	"[[""Discovery/Science"",""Academia""]]"	1	1	"[""pediatrician""]"	[852]	"[[""Discovery/Science"",""Academia""]]"	[852]	Discovery/Science	Academia	pediatrician	0	0	"[{""level1"":""Discovery/Science"",""level2"":""Academia"",""level3"":""pediatrician"",""person_count"":28,""example_wikidata_codes"":""Q1254617|Q16170532|Q16187310""}]"	0	0	[]	Discovery/Science	proposed	high	agrees_with_previous_llm	[]	0	freebase_bhht_author_lookup_v1	lookup_candidate_not_frozen	"[""Cecilia Piñera"", ""Donald Winnicott"", ""Janusz Korczak""]"
438	Holy Roman Emperor	16	holy_roman_emperor	author_substring	substring_unique_candidate	Leadership	Nobility	"[[""Leadership"",""Nobility""]]"	1	1	"[""emperor""]"	[1139]	"[[""Leadership"",""Nobility""]]"	[1139]	Leadership	Nobility	emperor	0	0	[]	0	0	"[""substring_requires_transfer_review""]"	Leadership	proposed	high	agrees_with_previous_llm	"[""substring_requires_transfer_review""]"	0	freebase_bhht_author_lookup_v1	lookup_candidate_not_frozen	"[""Charles IV, Holy Roman Emperor"", ""Charles VI, Holy Roman Emperor"", ""Charles VII, Holy Roman Emperor""]"
439	Advertising Executive	16	advertising_executive	author_substring	substring_cross_l1_conflict			"[[""Culture"",""Culture-periphery""],[""Leadership"",""Corporate/Executive/Business (large)""]]"	2	2	"[""advertising"",""executive""]"	[582,1223]	"[[""Culture"",""Culture-periphery""],[""Leadership"",""Corporate/Executive/Business (large)""]]"	[582,1223]	Culture	Culture-periphery	advertising	0	0	[]	0	0	"[""substring_requires_transfer_review"",""multiple_author_l1_candidates""]"		needs_review	low	no_unique_author_l1_candidate	"[""substring_requires_transfer_review"",""multiple_author_l1_candidates""]"	0	freebase_bhht_author_lookup_v1	lookup_candidate_not_frozen	"[""Christopher Ford"", ""Dan Duryea"", ""David Deutsch (Artist)""]"
440	Neuroscientist	15	neuroscientist	author_exact	exact_unique	Discovery/Science	Academia	"[[""Discovery/Science"",""Academia""]]"	1	1	"[""neuroscientist""]"	[827]	"[[""Discovery/Science"",""Academia""]]"	[827,894]	Discovery/Science	Academia	neuroscientist	0	0	"[{""level1"":""Discovery/Science"",""level2"":""Academia"",""level3"":""neuroscientist"",""person_count"":719,""example_wikidata_codes"":""Q101167|Q102211|Q102497""}]"	0	0	[]	Discovery/Science	proposed	high	agrees_with_previous_llm	[]	0	freebase_bhht_author_lookup_v1	lookup_candidate_not_frozen	"[""Aafia Siddiqui"", ""Christof Koch"", ""Daniel Levitin""]"
441	Harpist	15	harpist	author_exact	exact_unique	Culture	Culture-core	"[[""Culture"",""Culture-core""]]"	1	1	"[""harpist""]"	[435]	"[[""Culture"",""Culture-core""]]"	[435]	Culture	Culture-core	harpist	0	0	"[{""level1"":""Culture"",""level2"":""Culture-core"",""level3"":""harpist"",""person_count"":133,""example_wikidata_codes"":""Q101311|Q1062409|Q10994531""}]"	0	0	[]	Culture	proposed	high	agrees_with_previous_llm	[]	0	freebase_bhht_author_lookup_v1	lookup_candidate_not_frozen	"[""Aida Mulieri-Dagort"", ""Alice Coltrane"", ""Arianna Savall""]"
442	Voice acting in Japan	15	voice_acting_in_japan	no_author_rule	no_author_rule			[]	0	0	[]	[]	[]	[]				0	0	[]	0	0	"[""no_author_rule""]"		out_of_scope	medium	no_unique_author_l1_candidate	"[""no_author_rule""]"	0	freebase_bhht_author_lookup_v1	lookup_candidate_not_frozen	"[""Akio Nojima"", ""Akio Ōtsuka"", ""DAIGO""]"
443	Folklorist	15	folklorist	author_exact	exact_unique	Culture	Culture-core	"[[""Culture"",""Culture-core""]]"	1	1	"[""folklorist""]"	[427]	"[[""Culture"",""Culture-core""]]"	[427]	Culture	Culture-core	folklorist	0	0	"[{""level1"":""Culture"",""level2"":""Culture-core"",""level3"":""folklorist"",""person_count"":226,""example_wikidata_codes"":""Q1027798|Q10281531|Q10295151""}]"	0	0	[]		needs_review	low	author_candidate_previous_needs_review	[]	0	freebase_bhht_author_lookup_v1	lookup_candidate_not_frozen	"[""Alan Lomax"", ""Amanda Dargan"", ""Anna Lomax Wood""]"
444	Tailor	15	tailor	author_exact	exact_unique	Other	Worker/Business (small)	"[[""Other"",""Worker/Business (small)""]]"	1	1	"[""tailor""]"	[1695]	"[[""Other"",""Worker/Business (small)""]]"	[1695]	Other	Worker/Business (small)	tailor	0	0	"[{""level1"":""Other"",""level2"":""Worker/Business (small)"",""level3"":""tailor"",""person_count"":88,""example_wikidata_codes"":""Q104093|Q1079633|Q11078398""}]"	0	0	[]		out_of_scope	high	formal_author_other_previously_out_of_scope	[]	0	freebase_bhht_author_lookup_v1	lookup_candidate_not_frozen	"[""Andrew Johnson"", ""Bernard Goodman"", ""David Goodman (Tailor)""]"
445	Lobbyist	15	lobbyist	author_exact	exact_unique	Leadership	Corporate/Executive/Business (large)	"[[""Leadership"",""Corporate/Executive/Business (large)""]]"	1	1	"[""lobbyist""]"	[1232]	"[[""Leadership"",""Corporate/Executive/Business (large)""]]"	[1232]	Leadership	Corporate/Executive/Business (large)	lobbyist	0	0	"[{""level1"":""Leadership"",""level2"":""Corporate/Executive/Business (large)"",""level3"":""lobbyist"",""person_count"":174,""example_wikidata_codes"":""Q1418120|Q15525019|Q15729758""}]"	0	0	[]	Leadership	proposed	medium	agrees_with_previous_llm	[]	0	freebase_bhht_author_lookup_v1	lookup_candidate_not_frozen	"[""Anne, Princess Royal"", ""Chris Dodd"", ""Clarence M. Mitchell, Jr.""]"
446	Cab Driver	15	cab_driver	author_substring	substring_unique_candidate	Sports/Games	Sports/Games	"[[""Sports/Games"",""Sports/Games""]]"	1	1	"[""_driver_""]"	[9]	"[[""Sports/Games"",""Sports/Games""]]"	[9]	Sports/Games	Sports/Games	_driver_	0	0	[]	0	0	"[""substring_requires_transfer_review""]"		out_of_scope	high	author_candidate_previous_out_of_scope	"[""substring_requires_transfer_review""]"	0	freebase_bhht_author_lookup_v1	lookup_candidate_not_frozen	"[""Artie Lange"", ""Barry Evans"", ""Burton Eugene Lane""]"
447	Speechwriter	15	speechwriter	author_exact	exact_unique	Culture	Culture-core	"[[""Culture"",""Culture-core""]]"	1	1	"[""speechwriter""]"	[538]	"[[""Culture"",""Culture-core""]]"	[538]	Culture	Culture-core	speechwriter	0	0	"[{""level1"":""Culture"",""level2"":""Culture-core"",""level3"":""speechwriter"",""person_count"":21,""example_wikidata_codes"":""Q10324957|Q12485379|Q13374232""}]"	0	0	[]		needs_review	low	author_candidate_previous_needs_review	[]	0	freebase_bhht_author_lookup_v1	lookup_candidate_not_frozen	"[""Ben Stein"", ""Beulah Roth"", ""Bob Ellis""]"
448	Radio Broadcaster	15	radio_broadcaster	author_substring	substring_unique_candidate	Culture	Culture-periphery	"[[""Culture"",""Culture-periphery""]]"	1	1	"[""_radio_"",""broadcast""]"	[579,592]	"[[""Culture"",""Culture-periphery""]]"	[579,592]	Culture	Culture-periphery	_radio_	0	0	[]	0	0	"[""substring_requires_transfer_review""]"	Culture	proposed	medium	agrees_with_previous_llm	"[""substring_requires_transfer_review""]"	0	freebase_bhht_author_lookup_v1	lookup_candidate_not_frozen	"[""Benny Green (Writer)"", ""Bertram M. Bacharach"", ""Biff Elliot""]"
449	Mime artist	15	mime_artist	author_substring	substring_unique_candidate	Culture	Culture-core	"[[""Culture"",""Culture-core""]]"	1	1	"[""_artist"",""_mime""]"	[304,324]	"[[""Culture"",""Culture-core""]]"	[304,324]	Culture	Culture-core	_artist	0	0	[]	0	0	"[""substring_requires_transfer_review""]"	Culture	proposed	high	agrees_with_previous_llm	"[""substring_requires_transfer_review""]"	0	freebase_bhht_author_lookup_v1	lookup_candidate_not_frozen	"[""Bolek Polívka"", ""Dan Puric"", ""Fred Ward""]"
450	Public Servant	14	public_servant	author_exact	exact_unique	Leadership	Administration/Law	"[[""Leadership"",""Administration/Law""]]"	1	1	"[""public_servant""]"	[1093]	"[[""Leadership"",""Administration/Law""]]"	[1093]	Leadership	Administration/Law	public_servant	0	0	"[{""level1"":""Leadership"",""level2"":""Administration/Law"",""level3"":""public_servant"",""person_count"":70,""example_wikidata_codes"":""Q118378|Q12859009|Q1338409""}]"	0	0	[]	Leadership	proposed	high	agrees_with_previous_llm	[]	0	freebase_bhht_author_lookup_v1	lookup_candidate_not_frozen	"[""Abdullah Al-Rashidi"", ""Cheri Honkala"", ""Claire Tallent""]"
451	Imam	14	imam	author_exact	exact_unique	Leadership	Religious	"[[""Leadership"",""Religious""]]"	1	1	"[""imam""]"	[1315]	"[[""Leadership"",""Religious""]]"	[1315]	Leadership	Religious	imam	0	0	"[{""level1"":""Leadership"",""level2"":""Religious"",""level3"":""imam"",""person_count"":329,""example_wikidata_codes"":""Q1048738|Q1054152|Q1059677""}]"	0	0	[]	Leadership	proposed	medium	agrees_with_previous_llm	[]	0	freebase_bhht_author_lookup_v1	lookup_candidate_not_frozen	"[""Abdullah al-Aftah"", ""Abu Hanifa"", ""Al-Shafi‘i""]"
452	Ethnographer	14	ethnographer	author_substring	substring_unique_candidate	Discovery/Science	Academia	"[[""Discovery/Science"",""Academia""]]"	1	1	"[""ethnograph""]"	[750]	"[[""Discovery/Science"",""Academia""]]"	[750]	Discovery/Science	Academia	ethnograph	0	0	[]	0	0	"[""substring_requires_transfer_review""]"	Discovery/Science	proposed	high	agrees_with_previous_llm	"[""substring_requires_transfer_review""]"	0	freebase_bhht_author_lookup_v1	lookup_candidate_not_frozen	"[""Adolf Bastian"", ""Alfred Métraux"", ""Borys Hrinchenko""]"
453	Gravure idol	14	gravure_idol	author_substring	substring_unique_candidate	Culture	Culture-core	"[[""Culture"",""Culture-core""]]"	1	1	"[""_idol_"",""gravure""]"	[322,431]	"[[""Culture"",""Culture-core""]]"	[322,431]	Culture	Culture-core	_idol_	0	0	[]	0	0	"[""substring_requires_transfer_review""]"	Culture	proposed	high	agrees_with_previous_llm	"[""substring_requires_transfer_review""]"	0	freebase_bhht_author_lookup_v1	lookup_candidate_not_frozen	"[""Ai Kawanaka"", ""Ayako Noguchi"", ""Ayumi Hamasaki""]"
454	Winemaker	14	winemaker	author_exact	exact_unique	Leadership	Corporate/Executive/Business (large)	"[[""Leadership"",""Corporate/Executive/Business (large)""]]"	1	1	"[""winemaker""]"	[1250]	"[[""Leadership"",""Corporate/Executive/Business (large)""]]"	[1250]	Leadership	Corporate/Executive/Business (large)	winemaker	0	0	"[{""level1"":""Leadership"",""level2"":""Corporate/Executive/Business (large)"",""level3"":""winemaker"",""person_count"":46,""example_wikidata_codes"":""Q13560789|Q1439494|Q15040859""}]"	0	0	[]		out_of_scope	medium	author_candidate_previous_out_of_scope	[]	0	freebase_bhht_author_lookup_v1	lookup_candidate_not_frozen	"[""Al Bano Carrisi"", ""Alexis Lichine"", ""Doug Lehmann""]"
455	Logician	14	logician	author_exact	exact_unique	Discovery/Science	Academia	"[[""Discovery/Science"",""Academia""]]"	1	1	"[""logician""]"	[806]	"[[""Discovery/Science"",""Academia""]]"	[806]	Discovery/Science	Academia	logician	0	0	"[{""level1"":""Discovery/Science"",""level2"":""Academia"",""level3"":""logician"",""person_count"":26,""example_wikidata_codes"":""Q1527182|Q17704616|Q18574964""}]"	0	0	[]	Discovery/Science	proposed	high	agrees_with_previous_llm	[]	0	freebase_bhht_author_lookup_v1	lookup_candidate_not_frozen	"[""Alan Turing"", ""Alfred North Whitehead"", ""Alfred Tarski""]"
456	Laborer	14	laborer	author_exact	exact_unique	Other	Worker/Business (small)	"[[""Other"",""Worker/Business (small)""]]"	1	1	"[""laborer""]"	[1636]	"[[""Other"",""Worker/Business (small)""]]"	[1636]	Other	Worker/Business (small)	laborer	0	0	"[{""level1"":""Other"",""level2"":""Worker/Business (small)"",""level3"":""laborer"",""person_count"":8,""example_wikidata_codes"":""Q11885050|Q2354612|Q2833221""}]"	0	0	[]		out_of_scope	high	formal_author_other_previously_out_of_scope	[]	0	freebase_bhht_author_lookup_v1	lookup_candidate_not_frozen	"[""Alastair Sim"", ""Alex Orr (Laborer)"", ""Bob Katter""]"
457	Stage Manager	14	stage_manager	author_exact	exact_unique	Culture	Culture-core	"[[""Culture"",""Culture-core""]]"	1	1	"[""stage_manager""]"	[541]	"[[""Culture"",""Culture-core""],[""Leadership"",""Corporate/Executive/Business (large)""]]"	[338,541,1234]	Culture	Culture-core	_stage_	0	0	[]	0	0	[]		needs_review	low	author_candidate_previous_needs_review	[]	0	freebase_bhht_author_lookup_v1	lookup_candidate_not_frozen	"[""Alexander R. Scott"", ""Arthur Benjamin Carr Glyn"", ""Bridget Samuel""]"
458	Dressmaker	14	dressmaker	author_exact	exact_unique	Other	Worker/Business (small)	"[[""Other"",""Worker/Business (small)""]]"	1	1	"[""dressmaker""]"	[1581]	"[[""Other"",""Worker/Business (small)""]]"	[1581]	Other	Worker/Business (small)	dressmaker	0	0	"[{""level1"":""Other"",""level2"":""Worker/Business (small)"",""level3"":""dressmaker"",""person_count"":14,""example_wikidata_codes"":""Q10316544|Q125816|Q16663053""}]"	0	0	[]		out_of_scope	high	formal_author_other_previously_out_of_scope	[]	0	freebase_bhht_author_lookup_v1	lookup_candidate_not_frozen	"[""Allie M. Smith"", ""Elizabeth Courtney (Dressmaker)"", ""Florence May""]"
459	Student	14	student	no_author_rule	no_author_rule			[]	0	0	[]	[]	[]	[]				0	0	[]	0	0	"[""no_author_rule""]"		out_of_scope	high	no_unique_author_l1_candidate	"[""no_author_rule""]"	0	freebase_bhht_author_lookup_v1	lookup_candidate_not_frozen	"[""Amina Zlailouh"", ""Felix Axel Gimeno Gil"", ""James Greaves""]"
460	Chemical engineer	14	chemical_engineer	author_substring	substring_unique_candidate	Discovery/Science	Explorer/Inventor/Developer	"[[""Discovery/Science"",""Explorer/Inventor/Developer""]]"	1	1	"[""engineer""]"	[1187]	"[[""Discovery/Science"",""Explorer/Inventor/Developer""]]"	[1187]	Discovery/Science	Explorer/Inventor/Developer	engineer	0	0	[]	0	0	"[""substring_requires_transfer_review""]"	Discovery/Science	proposed	medium	agrees_with_previous_llm	"[""substring_requires_transfer_review""]"	0	freebase_bhht_author_lookup_v1	lookup_candidate_not_frozen	"[""Arthur Stevan Klein"", ""David H. Koch"", ""Erik Bohr""]"
461	Electronic musician	14	electronic_musician	author_substring	substring_unique_candidate	Culture	Culture-core	"[[""Culture"",""Culture-core""]]"	1	1	"[""_music"",""musician""]"	[325,473]	"[[""Culture"",""Culture-core""]]"	[325,473]	Culture	Culture-core	_music	0	0	[]	0	0	"[""substring_requires_transfer_review""]"	Culture	proposed	high	agrees_with_previous_llm	"[""substring_requires_transfer_review""]"	0	freebase_bhht_author_lookup_v1	lookup_candidate_not_frozen	"[""Avicii"", ""Guy Lawrence"", ""Howard Lawrence""]"
462	Printer	14	printer	author_exact	exact_unique	Other	Worker/Business (small)	"[[""Other"",""Worker/Business (small)""]]"	1	1	"[""_printer""]"	[1485]	"[[""Other"",""Worker/Business (small)""]]"	[1485]	Other	Worker/Business (small)	_printer	0	0	"[{""level1"":""Other"",""level2"":""Worker/Business (small)"",""level3"":""printer"",""person_count"":605,""example_wikidata_codes"":""Q1003629|Q100623|Q103082""}]"	0	0	[]		out_of_scope	high	formal_author_other_previously_out_of_scope	[]	0	freebase_bhht_author_lookup_v1	lookup_candidate_not_frozen	"[""Benjamin Farjeon"", ""Benjamin Franklin"", ""Johanna Drucker""]"
463	Registered nurse	14	registered_nurse	author_substring	substring_unique_candidate	Discovery/Science	Academia	"[[""Discovery/Science"",""Academia""]]"	1	1	"[""nurse""]"	[828]	"[[""Discovery/Science"",""Academia""]]"	[828]	Discovery/Science	Academia	nurse	0	0	[]	0	0	"[""substring_requires_transfer_review""]"	Discovery/Science	proposed	medium	agrees_with_previous_llm	"[""substring_requires_transfer_review""]"	0	freebase_bhht_author_lookup_v1	lookup_candidate_not_frozen	"[""Beryl Salvatore"", ""Betty Asher (Art collector)"", ""Beulah M. Victor""]"
464	Bishop	14	bishop	author_exact	exact_unique	Leadership	Religious	"[[""Leadership"",""Religious""]]"	1	1	"[""bishop""]"	[1280]	"[[""Leadership"",""Religious""]]"	[1280]	Leadership	Religious	bishop	0	0	"[{""level1"":""Leadership"",""level2"":""Religious"",""level3"":""bishop"",""person_count"":2494,""example_wikidata_codes"":""Q100692|Q1010351|Q101459""}]"	0	0	[]	Leadership	proposed	high	agrees_with_previous_llm	[]	0	freebase_bhht_author_lookup_v1	lookup_candidate_not_frozen	"[""Carolyn Tanner Irish"", ""Donnie Williams"", ""Ernest Barnes""]"
465	Film Historian	14	film_historian	author_substring	substring_cross_l1_conflict			"[[""Culture"",""Culture-core""],[""Discovery/Science"",""Academia""]]"	2	2	"[""_film_"",""historian""]"	[320,783]	"[[""Culture"",""Culture-core""],[""Discovery/Science"",""Academia""]]"	[320,783]	Culture	Culture-core	_film_	0	0	[]	0	0	"[""substring_requires_transfer_review"",""multiple_author_l1_candidates""]"	Discovery/Science	proposed	medium	no_unique_author_l1_candidate	"[""substring_requires_transfer_review"",""multiple_author_l1_candidates""]"	0	freebase_bhht_author_lookup_v1	lookup_candidate_not_frozen	"[""Chidananda Dasgupta"", ""François Chalais"", ""Fred Steiner""]"
466	Democracy activist	13	democracy_activist	author_substring	substring_unique_candidate	Leadership	Politics	"[[""Leadership"",""Politics""]]"	1	1	"[""activist""]"	[939]	"[[""Leadership"",""Politics""]]"	[939]	Leadership	Politics	activist	0	0	[]	0	0	"[""substring_requires_transfer_review""]"	Leadership	proposed	medium	agrees_with_previous_llm	"[""substring_requires_transfer_review""]"	0	freebase_bhht_author_lookup_v1	lookup_candidate_not_frozen	"[""Abdoulaye Wade"", ""Alassane Ouattara"", ""Alexander Aris""]"
467	Scenographer	13	scenographer	author_exact	exact_unique	Culture	Culture-core	"[[""Culture"",""Culture-core""]]"	1	1	"[""scenographer""]"	[522]	"[[""Culture"",""Culture-core""]]"	[522]	Culture	Culture-core	scenographer	0	0	"[{""level1"":""Culture"",""level2"":""Culture-core"",""level3"":""scenographer"",""person_count"":457,""example_wikidata_codes"":""Q10289986|Q1046234|Q1056964""}]"	0	0	[]	Culture	proposed	high	agrees_with_previous_llm	[]	0	freebase_bhht_author_lookup_v1	lookup_candidate_not_frozen	"[""Adrianne Lobel"", ""Béla Tarr (Scenographer)"", ""Dario Fo""]"
468	TV chef	13	tv_chef	author_substring	substring_unique_candidate	Other	Worker/Business (small)	"[[""Other"",""Worker/Business (small)""]]"	1	1	"[""_chef_""]"	[1444]	"[[""Other"",""Worker/Business (small)""]]"	[1444]	Other	Worker/Business (small)	_chef_	0	0	[]	0	0	"[""substring_requires_transfer_review""]"	Culture	proposed	high	differs_from_previous_llm	"[""substring_requires_transfer_review"",""previous_llm_l1_disagreement""]"	0	freebase_bhht_author_lookup_v1	lookup_candidate_not_frozen	"[""Aileen Paul"", ""Alessandro Borghese"", ""Cat Cora""]"
469	Storyboard Artist	13	storyboard_artist	author_substring	substring_unique_candidate	Culture	Culture-core	"[[""Culture"",""Culture-core""]]"	1	1	"[""_artist""]"	[304]	"[[""Culture"",""Culture-core""]]"	[304]	Culture	Culture-core	_artist	0	0	[]	0	0	"[""substring_requires_transfer_review""]"	Culture	proposed	medium	agrees_with_previous_llm	"[""substring_requires_transfer_review""]"	0	freebase_bhht_author_lookup_v1	lookup_candidate_not_frozen	"[""Alex Hillkurtz"", ""Alex Lovy"", ""Bud Luckey""]"
470	Curler	13	curler	author_exact	exact_unique	Sports/Games	Sports/Games	"[[""Sports/Games"",""Sports/Games""]]"	1	1	"[""curler""]"	[80]	"[[""Sports/Games"",""Sports/Games""]]"	[80]	Sports/Games	Sports/Games	curler	0	0	"[{""level1"":""Sports/Games"",""level2"":""Sports/Games"",""level3"":""curler"",""person_count"":1354,""example_wikidata_codes"":""Q100273|Q100705|Q101011""}]"	0	0	[]	Sports/Games	proposed	high	agrees_with_previous_llm	[]	0	freebase_bhht_author_lookup_v1	lookup_candidate_not_frozen	"[""Alina Patz"", ""Barry Fry (Curler)"", ""Claudio Patz""]"
471	Sports agent	13	sports_agent	author_substring	substring_unique_candidate	Sports/Games	Sports/Games	"[[""Sports/Games"",""Sports/Games""]]"	1	1	"[""_sport""]"	[24]	"[[""Sports/Games"",""Sports/Games""]]"	[24]	Sports/Games	Sports/Games	_sport	0	0	[]	0	0	"[""substring_requires_transfer_review""]"	Sports/Games	proposed	high	agrees_with_previous_llm	"[""substring_requires_transfer_review""]"	0	freebase_bhht_author_lookup_v1	lookup_candidate_not_frozen	"[""Anamaria Prodan"", ""Arn Tellem"", ""C. C. Pyle""]"
472	Landlord	13	landlord	no_author_rule	no_author_rule			[]	0	0	[]	[]	[]	[]				0	0	[]	0	0	"[""no_author_rule""]"		out_of_scope	medium	no_unique_author_l1_candidate	"[""no_author_rule""]"	0	freebase_bhht_author_lookup_v1	lookup_candidate_not_frozen	"[""Andries Bicker"", ""Andries de Graeff"", ""Carl Keitel""]"
473	Antiquarian	13	antiquarian	author_exact	exact_unique	Other	Worker/Business (small)	"[[""Other"",""Worker/Business (small)""]]"	1	1	"[""antiquarian""]"	[1515]	"[[""Other"",""Worker/Business (small)""]]"	[1515]	Other	Worker/Business (small)	antiquarian	0	0	"[{""level1"":""Other"",""level2"":""Worker/Business (small)"",""level3"":""antiquarian"",""person_count"":162,""example_wikidata_codes"":""Q107591|Q12206591|Q1246291""}]"	0	0	[]		needs_review	low	author_candidate_previous_needs_review	[]	0	freebase_bhht_author_lookup_v1	lookup_candidate_not_frozen	"[""Ann Kron"", ""Augustus Le Plongeon"", ""Chris Long (Singer Songwriter)""]"
474	Circus Performer	13	circus_performer	author_substring	substring_unique_candidate	Culture	Culture-core	"[[""Culture"",""Culture-core""]]"	1	1	"[""circus"",""performer""]"	[387,488]	"[[""Culture"",""Culture-core""]]"	[387,488]	Culture	Culture-core	circus	0	0	[]	0	0	"[""substring_requires_transfer_review""]"	Culture	proposed	high	agrees_with_previous_llm	"[""substring_requires_transfer_review""]"	0	freebase_bhht_author_lookup_v1	lookup_candidate_not_frozen	"[""Anniqua Forss"", ""Breno Moroni"", ""Burt Lancaster""]"
475	Roman emperor	13	roman_emperor	author_substring	substring_unique_candidate	Leadership	Nobility	"[[""Leadership"",""Nobility""]]"	1	1	"[""emperor""]"	[1139]	"[[""Leadership"",""Nobility""]]"	[1139]	Leadership	Nobility	emperor	0	0	[]	0	0	"[""substring_requires_transfer_review""]"	Leadership	proposed	medium	agrees_with_previous_llm	"[""substring_requires_transfer_review""]"	0	freebase_bhht_author_lookup_v1	lookup_candidate_not_frozen	"[""Antoninus Pius"", ""Augustus"", ""Caracalla""]"
476	Opera composer	13	opera_composer	author_substring	substring_unique_candidate	Culture	Culture-core	"[[""Culture"",""Culture-core""]]"	1	1	"[""_opera_"",""composer""]"	[326,398]	"[[""Culture"",""Culture-core""]]"	[326,398]	Culture	Culture-core	_opera_	0	0	[]	0	0	"[""substring_requires_transfer_review""]"	Culture	proposed	high	agrees_with_previous_llm	"[""substring_requires_transfer_review""]"	0	freebase_bhht_author_lookup_v1	lookup_candidate_not_frozen	"[""Bretislav Lvovsky"", ""Carl Heinrich Graun"", ""Clemens von und zu Franckenstein""]"
477	Spy	13	spy	author_exact	exact_unique	Leadership	Military	"[[""Leadership"",""Military""]]"	1	1	"[""_spy_""]"	[1366]	"[[""Leadership"",""Military""]]"	[1366]	Leadership	Military	_spy_	0	0	"[{""level1"":""Leadership"",""level2"":""Military"",""level3"":""spy"",""person_count"":520,""example_wikidata_codes"":""Q1028974|Q105948|Q105984""}]"	0	0	[]		needs_review	low	author_candidate_previous_needs_review	[]	0	freebase_bhht_author_lookup_v1	lookup_candidate_not_frozen	"[""Christopher Marlowe"", ""Daniel Defoe"", ""Francis Bacon""]"
478	Monk	13	monk	author_exact	exact_unique	Leadership	Religious	"[[""Leadership"",""Religious""]]"	1	1	"[""monk""]"	[1331]	"[[""Leadership"",""Religious""]]"	[1331]	Leadership	Religious	monk	0	0	"[{""level1"":""Leadership"",""level2"":""Religious"",""level3"":""monk"",""person_count"":1389,""example_wikidata_codes"":""Q1002321|Q1004128|Q1010173""}]"	0	0	[]	Leadership	proposed	medium	agrees_with_previous_llm	[]	0	freebase_bhht_author_lookup_v1	lookup_candidate_not_frozen	"[""Constance of Castile (Monk)"", ""Ferréol of Uzès"", ""Gregor Mendel""]"
479	Recording Engineer (Film job)	13	recording_engineer_(film_job)	author_substring	substring_unique_candidate	Discovery/Science	Explorer/Inventor/Developer	"[[""Discovery/Science"",""Explorer/Inventor/Developer""]]"	1	1	"[""engineer""]"	[1187]	"[[""Discovery/Science"",""Explorer/Inventor/Developer""]]"	[1187]	Discovery/Science	Explorer/Inventor/Developer	engineer	0	0	[]	0	0	"[""substring_requires_transfer_review""]"	Culture	proposed	high	differs_from_previous_llm	"[""substring_requires_transfer_review"",""previous_llm_l1_disagreement""]"	0	freebase_bhht_author_lookup_v1	lookup_candidate_not_frozen	"[""Cruz Martínez"", ""Ethan Johns"", ""Eugene Chaplin""]"
480	Trade unionist	13	trade_unionist	author_substring	substring_unique_candidate	Leadership	Politics	"[[""Leadership"",""Politics""]]"	1	1	"[""trade_union"",""unionist""]"	[1038,1041]	"[[""Leadership"",""Politics""]]"	[1038,1041]	Leadership	Politics	trade_union	0	0	[]	0	0	"[""substring_requires_transfer_review""]"	Leadership	proposed	high	agrees_with_previous_llm	"[""substring_requires_transfer_review""]"	0	freebase_bhht_author_lookup_v1	lookup_candidate_not_frozen	"[""Earl Browder"", ""Gamal al-Banna"", ""Gladys Bustamante""]"
481	Food critic	13	food_critic	author_substring	substring_unique_candidate	Culture	Culture-periphery	"[[""Culture"",""Culture-periphery""]]"	1	1	"[""critic""]"	[604]	"[[""Culture"",""Culture-periphery""]]"	[604]	Culture	Culture-periphery	critic	0	0	[]	0	0	"[""substring_requires_transfer_review""]"	Culture	proposed	medium	agrees_with_previous_llm	"[""substring_requires_transfer_review""]"	0	freebase_bhht_author_lookup_v1	lookup_candidate_not_frozen	"[""Egon Ronay"", ""Giles Coren"", ""Jay Rayner""]"
482	Special Effects Artist	13	special_effects_artist	author_substring	substring_unique_candidate	Culture	Culture-core	"[[""Culture"",""Culture-core""]]"	1	1	"[""_artist"",""special_effects""]"	[304,537]	"[[""Culture"",""Culture-core""]]"	[304,537]	Culture	Culture-core	_artist	0	0	[]	0	0	"[""substring_requires_transfer_review""]"	Culture	proposed	high	agrees_with_previous_llm	"[""substring_requires_transfer_review""]"	0	freebase_bhht_author_lookup_v1	lookup_candidate_not_frozen	"[""Eugenio Bava"", ""Hans F. Koenekamp"", ""Howard Lydecker""]"
483	Bookkeeper	12	bookkeeper	author_exact	exact_unique	Other	Worker/Business (small)	"[[""Other"",""Worker/Business (small)""]]"	1	1	"[""bookkeeper""]"	[1535]	"[[""Other"",""Worker/Business (small)""]]"	[1535]	Other	Worker/Business (small)	bookkeeper	0	0	"[{""level1"":""Other"",""level2"":""Worker/Business (small)"",""level3"":""bookkeeper"",""person_count"":4,""example_wikidata_codes"":""Q21028306|Q365299|Q8018769""}]"	0	0	[]		out_of_scope	high	formal_author_other_previously_out_of_scope	[]	0	freebase_bhht_author_lookup_v1	lookup_candidate_not_frozen	"[""AIbert Abraham Cauvern"", ""Betsie ten Boom"", ""Eric Ernest Hitchens""]"
484	Chaplain	12	chaplain	author_exact	exact_unique	Leadership	Religious	"[[""Leadership"",""Religious""]]"	1	1	"[""chaplain""]"	[1289]	"[[""Leadership"",""Religious""]]"	[1289]	Leadership	Religious	chaplain	0	0	"[{""level1"":""Leadership"",""level2"":""Religious"",""level3"":""chaplain"",""person_count"":215,""example_wikidata_codes"":""Q10268025|Q12330591|Q1288518""}]"	0	0	[]	Leadership	proposed	medium	agrees_with_previous_llm	[]	0	freebase_bhht_author_lookup_v1	lookup_candidate_not_frozen	"[""Abbé Pierre"", ""Abraham Baldwin"", ""Adam Ferguson""]"
485	Pathologist	12	pathologist	author_exact	exact_unique	Discovery/Science	Academia	"[[""Discovery/Science"",""Academia""]]"	1	1	"[""pathologist""]"	[849]	"[[""Discovery/Science"",""Academia""]]"	[849]	Discovery/Science	Academia	pathologist	0	0	"[{""level1"":""Discovery/Science"",""level2"":""Academia"",""level3"":""pathologist"",""person_count"":559,""example_wikidata_codes"":""Q101436|Q1018587|Q102077""}]"	0	0	[]	Discovery/Science	proposed	high	agrees_with_previous_llm	[]	0	freebase_bhht_author_lookup_v1	lookup_candidate_not_frozen	"[""Achille Adrien Proust"", ""Arnold Rice Rich"", ""Arthur Max Barrett""]"
486	Videographer	12	videographer	author_exact	exact_unique	Culture	Culture-periphery	"[[""Culture"",""Culture-periphery""]]"	1	1	"[""videographer""]"	[658]	"[[""Culture"",""Culture-periphery""]]"	[658]	Culture	Culture-periphery	videographer	0	0	"[{""level1"":""Culture"",""level2"":""Culture-periphery"",""level3"":""videographer"",""person_count"":14,""example_wikidata_codes"":""Q11575342|Q16016614|Q18624110""}]"	0	0	[]	Culture	proposed	high	agrees_with_previous_llm	[]	0	freebase_bhht_author_lookup_v1	lookup_candidate_not_frozen	"[""Ahmad Kiarostami"", ""Christian Chapiron"", ""Glenn Beck""]"
487	Nordic combined skier	12	nordic_combined_skier	author_substring	substring_unique_candidate	Sports/Games	Sports/Games	"[[""Sports/Games"",""Sports/Games""]]"	1	1	"[""skier""]"	[239]	"[[""Sports/Games"",""Sports/Games""]]"	[239]	Sports/Games	Sports/Games	skier	0	0	[]	0	0	"[""substring_requires_transfer_review""]"	Sports/Games	proposed	medium	agrees_with_previous_llm	"[""substring_requires_transfer_review""]"	0	freebase_bhht_author_lookup_v1	lookup_candidate_not_frozen	"[""Akito Watabe"", ""Björn Kircheisen"", ""Brett Camerota""]"
488	Dance Teacher	12	dance_teacher	author_substring	substring_cross_l1_conflict			"[[""Culture"",""Culture-core""],[""Discovery/Science"",""Academia""]]"	2	2	"[""_dance_"",""teacher_""]"	[314,910]	"[[""Culture"",""Culture-core""],[""Discovery/Science"",""Academia""]]"	[314,910]	Culture	Culture-core	_dance_	0	0	[]	0	0	"[""substring_requires_transfer_review"",""multiple_author_l1_candidates""]"		needs_review	low	no_unique_author_l1_candidate	"[""substring_requires_transfer_review"",""multiple_author_l1_candidates""]"	0	freebase_bhht_author_lookup_v1	lookup_candidate_not_frozen	"[""Alexander Godunov"", ""Corky Ballas"", ""Divya Unni""]"
489	Astrophysicist	12	astrophysicist	author_exact	exact_unique	Discovery/Science	Academia	"[[""Discovery/Science"",""Academia""]]"	1	1	"[""astrophysicist""]"	[700]	"[[""Discovery/Science"",""Academia""]]"	[700,868]	Discovery/Science	Academia	astrophysicist	0	0	"[{""level1"":""Discovery/Science"",""level2"":""Academia"",""level3"":""astrophysicist"",""person_count"":398,""example_wikidata_codes"":""Q10380514|Q10381067|Q1114121""}]"	0	0	[]	Discovery/Science	proposed	high	agrees_with_previous_llm	[]	0	freebase_bhht_author_lookup_v1	lookup_candidate_not_frozen	"[""Alexei Filippenko"", ""Brian May"", ""Carl Sagan""]"
490	Rail transport worker	12	rail_transport_worker	author_substring	substring_unique_candidate	Other	Worker/Business (small)	"[[""Other"",""Worker/Business (small)""]]"	1	1	"[""worker""]"	[1716]	"[[""Other"",""Worker/Business (small)""]]"	[1716]	Other	Worker/Business (small)	worker	0	0	[]	0	0	"[""substring_requires_transfer_review""]"		out_of_scope	medium	formal_author_other_previously_out_of_scope	"[""substring_requires_transfer_review""]"	0	freebase_bhht_author_lookup_v1	lookup_candidate_not_frozen	"[""Alfred Lamert Dickens"", ""Allen B. Emmons"", ""Axel Taube""]"
491	Construction worker	12	construction_worker	author_substring	substring_cross_l1_conflict			"[[""Leadership"",""Corporate/Executive/Business (large)""],[""Other"",""Worker/Business (small)""]]"	2	2	"[""_construction"",""worker""]"	[1210,1716]	"[[""Leadership"",""Corporate/Executive/Business (large)""],[""Other"",""Worker/Business (small)""]]"	[1210,1716]	Leadership	Corporate/Executive/Business (large)	_construction	0	0	[]	0	0	"[""substring_requires_transfer_review"",""multiple_author_l1_candidates""]"		out_of_scope	high	no_unique_author_l1_candidate	"[""substring_requires_transfer_review"",""multiple_author_l1_candidates""]"	0	freebase_bhht_author_lookup_v1	lookup_candidate_not_frozen	"[""Andrej Warhola"", ""Andrew Guy Jones"", ""Charles Patrick Roberts""]"
492	Guide	12	guide	author_exact	exact_unique	Other	Worker/Business (small)	"[[""Other"",""Worker/Business (small)""]]"	1	1	"[""_guide_""]"	[1461]	"[[""Other"",""Worker/Business (small)""]]"	[1461]	Other	Worker/Business (small)	_guide_	0	0	"[{""level1"":""Other"",""level2"":""Other"",""level3"":""guide"",""person_count"":3,""example_wikidata_codes"":""Q42393519|Q55898740|Q5959236""},{""level1"":""Other"",""level2"":""Worker/Business (small)"",""level3"":""guide"",""person_count"":43,""example_wikidata_codes"":""Q11227153|Q17177112|Q17466426""}]"	1	0	"[""person_main_reference_disagrees_not_used_to_override""]"		out_of_scope	high	formal_author_other_previously_out_of_scope	"[""person_main_reference_disagrees_not_used_to_override""]"	0	freebase_bhht_author_lookup_v1	lookup_candidate_not_frozen	"[""Andrew Divoff"", ""Barry Bishop"", ""Bill Engvall""]"
493	Prosecutor	12	prosecutor	author_exact	exact_unique	Leadership	Administration/Law	"[[""Leadership"",""Administration/Law""]]"	1	1	"[""prosecutor_""]"	[1092]	"[[""Leadership"",""Administration/Law""]]"	[1092]	Leadership	Administration/Law	prosecutor_	0	0	"[{""level1"":""Leadership"",""level2"":""Administration/Law"",""level3"":""prosecutor"",""person_count"":119,""example_wikidata_codes"":""Q1001480|Q1038507|Q1053230""}]"	0	0	[]	Leadership	proposed	medium	agrees_with_previous_llm	[]	0	freebase_bhht_author_lookup_v1	lookup_candidate_not_frozen	"[""Andrew Jackson"", ""Bill Ritter"", ""Darren Levine""]"
494	Cleaner	12	cleaner	author_exact	exact_unique	Other	Worker/Business (small)	"[[""Other"",""Worker/Business (small)""]]"	1	1	"[""_cleaner""]"	[1445]	"[[""Other"",""Worker/Business (small)""]]"	[1445]	Other	Worker/Business (small)	_cleaner	0	0	"[{""level1"":""Other"",""level2"":""Worker/Business (small)"",""level3"":""cleaner"",""person_count"":2,""example_wikidata_codes"":""Q10359383|Q16006948""}]"	0	0	[]		out_of_scope	high	formal_author_other_previously_out_of_scope	[]	0	freebase_bhht_author_lookup_v1	lookup_candidate_not_frozen	"[""Anne Davies (Deceased Person) #1"", ""Anne Marie Andersdatter"", ""Arthur Bremer""]"
495	Analyst	12	analyst	author_exact	exact_unique	Other	Worker/Business (small)	"[[""Other"",""Worker/Business (small)""]]"	1	1	"[""analyst""]"	[1514]	"[[""Other"",""Worker/Business (small)""]]"	[1514]	Other	Worker/Business (small)	analyst	0	0	"[{""level1"":""Other"",""level2"":""Worker/Business (small)"",""level3"":""analyst"",""person_count"":57,""example_wikidata_codes"":""Q1262258|Q15443161|Q15485685""}]"	0	0	[]		needs_review	low	author_candidate_previous_needs_review	[]	0	freebase_bhht_author_lookup_v1	lookup_candidate_not_frozen	"[""Benjamin Azose"", ""Chris Morris (Novelist)"", ""Elizabeth Marks (Actor)""]"
496	Baseball Umpire	12	baseball_umpire	author_substring	substring_unique_candidate	Sports/Games	Sports/Games	"[[""Sports/Games"",""Sports/Games""]]"	1	1	"[""baseball"",""umpire""]"	[40,283]	"[[""Sports/Games"",""Sports/Games""]]"	[40,283]	Sports/Games	Sports/Games	baseball	0	0	[]	0	0	"[""substring_requires_transfer_review""]"	Sports/Games	proposed	medium	agrees_with_previous_llm	"[""substring_requires_transfer_review""]"	0	freebase_bhht_author_lookup_v1	lookup_candidate_not_frozen	"[""Bill Haller"", ""Bill Welke"", ""Brian Runge""]"
497	Bartender	12	bartender	author_exact	exact_unique	Other	Worker/Business (small)	"[[""Other"",""Worker/Business (small)""]]"	1	1	"[""_bartender""]"	[1438]	"[[""Other"",""Worker/Business (small)""]]"	[1438]	Other	Worker/Business (small)	_bartender	0	0	"[{""level1"":""Other"",""level2"":""Worker/Business (small)"",""level3"":""bartender"",""person_count"":37,""example_wikidata_codes"":""Q1066020|Q15994161|Q16017484""}]"	0	0	[]		out_of_scope	high	formal_author_other_previously_out_of_scope	[]	0	freebase_bhht_author_lookup_v1	lookup_candidate_not_frozen	"[""Jack DeFina"", ""Joan Le Mesurier"", ""Jose Ramon Garcia""]"
498	Remixer	11	remixer	no_author_rule	no_author_rule			[]	0	0	[]	[]	[]	[]				0	0	[]	0	0	"[""no_author_rule""]"	Culture	proposed	high	no_unique_author_l1_candidate	"[""no_author_rule""]"	0	freebase_bhht_author_lookup_v1	lookup_candidate_not_frozen	"[""Adam Goldstein"", ""Afrojack"", ""Avicii""]"
499	Penciller	11	penciller	author_exact	exact_unique	Culture	Culture-core	"[[""Culture"",""Culture-core""]]"	1	1	"[""penciller""]"	[485]	"[[""Culture"",""Culture-core""]]"	[485]	Culture	Culture-core	penciller	0	0	"[{""level1"":""Culture"",""level2"":""Culture-core"",""level3"":""penciller"",""person_count"":309,""example_wikidata_codes"":""Q1027926|Q10328989|Q11167976""}]"	0	0	[]	Culture	proposed	medium	agrees_with_previous_llm	[]	0	freebase_bhht_author_lookup_v1	lookup_candidate_not_frozen	"[""Adam Kubert"", ""Andy Kubert"", ""Bob Kane""]"
500	Engraver	11	engraver	author_exact	exact_unique	Culture	Culture-periphery	"[[""Culture"",""Culture-periphery""]]"	1	1	"[""engraver""]"	[572]	"[[""Culture"",""Culture-periphery""]]"	[572]	Culture	Culture-periphery	engraver	0	0	"[{""level1"":""Culture"",""level2"":""Culture-periphery"",""level3"":""engraver"",""person_count"":1374,""example_wikidata_codes"":""Q100711|Q100910|Q10285048""}]"	0	0	[]		needs_review	low	author_candidate_previous_needs_review	[]	0	freebase_bhht_author_lookup_v1	lookup_candidate_not_frozen	"[""Adrian Allinson"", ""Constant Dutilleux"", ""Emily Sartain""]"
501	Contemporary artist	11	contemporary_artist	author_substring	substring_unique_candidate	Culture	Culture-core	"[[""Culture"",""Culture-core""]]"	1	1	"[""_artist""]"	[304]	"[[""Culture"",""Culture-core""]]"	[304]	Culture	Culture-core	_artist	0	0	[]	0	0	"[""substring_requires_transfer_review""]"	Culture	proposed	high	agrees_with_previous_llm	"[""substring_requires_transfer_review""]"	0	freebase_bhht_author_lookup_v1	lookup_candidate_not_frozen	"[""Ai Weiwei"", ""Damien Hirst"", ""Deborah Willis""]"
502	Archivist	11	archivist	author_exact	exact_unique	Discovery/Science	Academia	"[[""Discovery/Science"",""Academia""]]"	1	1	"[""_archivist""]"	[665]	"[[""Discovery/Science"",""Academia""]]"	[665]	Discovery/Science	Academia	_archivist	0	0	"[{""level1"":""Discovery/Science"",""level2"":""Academia"",""level3"":""archivist"",""person_count"":964,""example_wikidata_codes"":""Q101339|Q101647|Q101933""}]"	0	0	[]	Discovery/Science	proposed	medium	agrees_with_previous_llm	[]	0	freebase_bhht_author_lookup_v1	lookup_candidate_not_frozen	"[""Alan Leeds"", ""Bob Holman"", ""Gerard Malanga""]"
503	Hotel Manager	11	hotel_manager	author_substring	substring_unique_candidate	Leadership	Corporate/Executive/Business (large)	"[[""Leadership"",""Corporate/Executive/Business (large)""]]"	1	1	"[""manager""]"	[1234]	"[[""Leadership"",""Corporate/Executive/Business (large)""]]"	[1234]	Leadership	Corporate/Executive/Business (large)	manager	0	0	[]	0	0	"[""substring_requires_transfer_review""]"	Leadership	proposed	high	agrees_with_previous_llm	"[""substring_requires_transfer_review""]"	0	freebase_bhht_author_lookup_v1	lookup_candidate_not_frozen	"[""Alex Polizzi"", ""Ann Little"", ""Anouska Hempel""]"
504	Artistic Director	11	artistic_director	author_substring	substring_unique_candidate	Culture	Culture-core	"[[""Culture"",""Culture-core""]]"	1	1	"[""_artist""]"	[304]	"[[""Culture"",""Culture-core""]]"	[304]	Culture	Culture-core	_artist	0	0	[]	0	0	"[""substring_requires_transfer_review""]"	Culture	proposed	high	agrees_with_previous_llm	"[""substring_requires_transfer_review""]"	0	freebase_bhht_author_lookup_v1	lookup_candidate_not_frozen	"[""Alexander Schneider"", ""Daniel J. Sullivan"", ""Emily Mann""]"
505	Bank cashier	11	bank_cashier	author_substring	substring_cross_l1_conflict			"[[""Leadership"",""Corporate/Executive/Business (large)""],[""Other"",""Worker/Business (small)""]]"	2	2	"[""bank"",""_cashier""]"	[1215,1441]	"[[""Leadership"",""Corporate/Executive/Business (large)""],[""Other"",""Worker/Business (small)""]]"	[1215,1441]	Leadership	Corporate/Executive/Business (large)	bank	0	0	[]	0	0	"[""substring_requires_transfer_review"",""multiple_author_l1_candidates""]"		out_of_scope	medium	no_unique_author_l1_candidate	"[""substring_requires_transfer_review"",""multiple_author_l1_candidates""]"	0	freebase_bhht_author_lookup_v1	lookup_candidate_not_frozen	"[""Alfred Mueller-Stahl"", ""Alma Wahlberg"", ""Bill Fraser""]"
506	Impersonator	11	impersonator	author_exact	exact_unique	Other	Other	"[[""Other"",""Other""]]"	1	1	"[""impersonator""]"	[1822]	"[[""Other"",""Other""]]"	[1822]	Other	Other	impersonator	0	0	"[{""level1"":""Other"",""level2"":""Other"",""level3"":""impersonator"",""person_count"":24,""example_wikidata_codes"":""Q1495549|Q16015478|Q17436023""}]"	0	0	[]	Culture	proposed	high	differs_from_previous_llm	"[""previous_llm_l1_disagreement""]"	0	freebase_bhht_author_lookup_v1	lookup_candidate_not_frozen	"[""Alighiero Noschese"", ""Arthur Lupino"", ""Breno Moroni""]"
507	Gardener	11	gardener	author_exact	exact_unique	Other	Worker/Business (small)	"[[""Other"",""Worker/Business (small)""]]"	1	1	"[""_gardener"",""gardener""]"	[1460,1599]	"[[""Other"",""Worker/Business (small)""]]"	[1460,1599]	Other	Worker/Business (small)	_gardener	0	0	"[{""level1"":""Other"",""level2"":""Worker/Business (small)"",""level3"":""gardener"",""person_count"":274,""example_wikidata_codes"":""Q100695|Q103202|Q1037578""}]"	0	0	[]		out_of_scope	high	formal_author_other_previously_out_of_scope	[]	0	freebase_bhht_author_lookup_v1	lookup_candidate_not_frozen	"[""Alyson Gurganus"", ""Derek Jarman"", ""Eddie Albert""]"
508	Music director	11	music_director	author_substring	substring_unique_candidate	Culture	Culture-core	"[[""Culture"",""Culture-core""]]"	1	1	"[""_music""]"	[325]	"[[""Culture"",""Culture-core""]]"	[325]	Culture	Culture-core	_music	0	0	[]	0	0	"[""substring_requires_transfer_review""]"	Culture	proposed	medium	agrees_with_previous_llm	"[""substring_requires_transfer_review""]"	0	freebase_bhht_author_lookup_v1	lookup_candidate_not_frozen	"[""Ananda Shankar"", ""Colin Romoff"", ""Ennio Morricone""]"
509	Luthier	11	luthier	author_exact	exact_unique	Other	Worker/Business (small)	"[[""Other"",""Worker/Business (small)""]]"	1	1	"[""_luthier""]"	[1473]	"[[""Other"",""Worker/Business (small)""]]"	[1473]	Other	Worker/Business (small)	_luthier	0	0	"[{""level1"":""Other"",""level2"":""Worker/Business (small)"",""level3"":""luthier"",""person_count"":141,""example_wikidata_codes"":""Q1041900|Q1047919|Q1232852""}]"	0	0	[]		needs_review	low	author_candidate_previous_needs_review	[]	0	freebase_bhht_author_lookup_v1	lookup_candidate_not_frozen	"[""Andrea Amati"", ""Andrea Guarneri"", ""Antonio Stradivari""]"
510	Harpsichordist	11	harpsichordist	author_exact	exact_unique	Culture	Culture-core	"[[""Culture"",""Culture-core""]]"	1	1	"[""harpsichordist""]"	[436]	"[[""Culture"",""Culture-core""]]"	[436]	Culture	Culture-core	harpsichordist	0	0	"[{""level1"":""Culture"",""level2"":""Culture-core"",""level3"":""harpsichordist"",""person_count"":105,""example_wikidata_codes"":""Q110038|Q119189|Q126878""}]"	0	0	[]	Culture	proposed	high	agrees_with_previous_llm	[]	0	freebase_bhht_author_lookup_v1	lookup_candidate_not_frozen	"[""Andrei Volkonsky"", ""François Couperin"", ""Geroge Martin""]"
511	Coal Miner	11	coal_miner	author_exact	exact_unique	Other	Worker/Business (small)	"[[""Other"",""Worker/Business (small)""]]"	1	1	"[""coal_miner""]"	[1561]	"[[""Other"",""Worker/Business (small)""]]"	[1476,1561]	Other	Worker/Business (small)	_miner_	0	0	"[{""level1"":""Other"",""level2"":""Worker/Business (small)"",""level3"":""coal_miner"",""person_count"":14,""example_wikidata_codes"":""Q15997812|Q16007628|Q17423656""}]"	0	0	[]		out_of_scope	medium	formal_author_other_previously_out_of_scope	[]	0	freebase_bhht_author_lookup_v1	lookup_candidate_not_frozen	"[""Andrej Warhola"", ""David Bevan (Deceased Person)"", ""Donald Houston""]"
512	Digital Marketer	11	digital_marketer	no_author_rule	no_author_rule			[]	0	0	[]	[]	[]	[]				0	0	[]	0	0	"[""no_author_rule""]"		needs_review	medium	no_unique_author_l1_candidate	"[""no_author_rule""]"	0	freebase_bhht_author_lookup_v1	lookup_candidate_not_frozen	"[""Andrew Akesson"", ""Andrew Isidoro"", ""Cristian Sepulveda""]"
513	TV Program Creator	11	tv_program_creator	author_substring	substring_unique_candidate	Culture	Culture-core	"[[""Culture"",""Culture-core""]]"	1	1	"[""_creator_""]"	[313]	"[[""Culture"",""Culture-core""]]"	[313]	Culture	Culture-core	_creator_	0	0	[]	0	0	"[""substring_requires_transfer_review""]"	Culture	proposed	high	agrees_with_previous_llm	"[""substring_requires_transfer_review""]"	0	freebase_bhht_author_lookup_v1	lookup_candidate_not_frozen	"[""Arleen Sorkin"", ""Betty Corday"", ""Christopher Lloyd (TV Writer)""]"
514	Dance Instructor	11	dance_instructor	author_substring	substring_cross_l1_conflict			"[[""Culture"",""Culture-core""],[""Discovery/Science"",""Academia""]]"	2	2	"[""_dance_"",""instructor""]"	[314,794]	"[[""Culture"",""Culture-core""],[""Discovery/Science"",""Academia""]]"	[314,794]	Culture	Culture-core	_dance_	0	0	[]	0	0	"[""substring_requires_transfer_review"",""multiple_author_l1_candidates""]"		needs_review	low	no_unique_author_l1_candidate	"[""substring_requires_transfer_review"",""multiple_author_l1_candidates""]"	0	freebase_bhht_author_lookup_v1	lookup_candidate_not_frozen	"[""Asta Riis Poulsen"", ""Ben Blue"", ""Carolyn George""]"
515	Diver	11	diver	author_exact	exact_unique	Sports/Games	Sports/Games	"[[""Sports/Games"",""Sports/Games""]]"	1	1	"[""_diver_""]"	[7]	"[[""Sports/Games"",""Sports/Games""]]"	[7]	Sports/Games	Sports/Games	_diver_	0	0	"[{""level1"":""Sports/Games"",""level2"":""Sports/Games"",""level3"":""diver"",""person_count"":943,""example_wikidata_codes"":""Q100481|Q1011834|Q101725""}]"	0	0	[]		needs_review	low	author_candidate_previous_needs_review	[]	0	freebase_bhht_author_lookup_v1	lookup_candidate_not_frozen	"[""Audrey Mestre"", ""Céline Cousteau"", ""Eileen Lonergan""]"
516	Skateboarder	11	skateboarder	author_substring	substring_unique_candidate	Sports/Games	Sports/Games	"[[""Sports/Games"",""Sports/Games""]]"	1	1	"[""skateboard""]"	[233]	"[[""Sports/Games"",""Sports/Games""]]"	[233]	Sports/Games	Sports/Games	skateboard	0	0	[]	0	0	"[""substring_requires_transfer_review""]"	Sports/Games	proposed	high	agrees_with_previous_llm	"[""substring_requires_transfer_review""]"	0	freebase_bhht_author_lookup_v1	lookup_candidate_not_frozen	"[""Bam Margera"", ""Fernando Calleja (Skateboarder)"", ""Ivan Calleja""]"
517	Sheriff	11	sheriff	author_exact	exact_unique	Leadership	Administration/Law	"[[""Leadership"",""Administration/Law""]]"	1	1	"[""sheriff""]"	[1099]	"[[""Leadership"",""Administration/Law""]]"	[1099]	Leadership	Administration/Law	sheriff	0	0	"[{""level1"":""Leadership"",""level2"":""Administration/Law"",""level3"":""sheriff"",""person_count"":222,""example_wikidata_codes"":""Q11800350|Q13562314|Q1372167""}]"	0	0	[]	Leadership	proposed	medium	agrees_with_previous_llm	[]	0	freebase_bhht_author_lookup_v1	lookup_candidate_not_frozen	"[""Benny Rayburn"", ""Joseph Campanella"", ""Ken Jenne""]"
518	Motorcycle Racer	11	motorcycle_racer	author_substring	substring_unique_candidate	Sports/Games	Sports/Games	"[[""Sports/Games"",""Sports/Games""]]"	1	1	"[""_racer_"",""motorcycle""]"	[18,167]	"[[""Sports/Games"",""Sports/Games""]]"	[18,167]	Sports/Games	Sports/Games	_racer_	0	0	[]	0	0	"[""substring_requires_transfer_review""]"	Sports/Games	proposed	high	agrees_with_previous_llm	"[""substring_requires_transfer_review""]"	0	freebase_bhht_author_lookup_v1	lookup_candidate_not_frozen	"[""Brett Harrelson"", ""Carey Hart"", ""Dave Ekins""]"
519	Trader	11	trader	author_exact	exact_unique	Leadership	Corporate/Executive/Business (large)	"[[""Leadership"",""Corporate/Executive/Business (large)""]]"	1	1	"[""trader""]"	[1247]	"[[""Leadership"",""Corporate/Executive/Business (large)""]]"	[1247]	Leadership	Corporate/Executive/Business (large)	trader	0	0	"[{""level1"":""Leadership"",""level2"":""Corporate/Executive/Business (large)"",""level3"":""trader"",""person_count"":194,""example_wikidata_codes"":""Q11157299|Q112827|Q13439268""}]"	0	0	[]		needs_review	low	author_candidate_previous_needs_review	[]	0	freebase_bhht_author_lookup_v1	lookup_candidate_not_frozen	"[""Buddy Fletcher"", ""Douglas Reno"", ""George Soros""]"
520	Music Theorist	11	music_theorist	author_substring	substring_cross_l1_conflict			"[[""Culture"",""Culture-core""],[""Discovery/Science"",""Academia""]]"	2	2	"[""_music"",""theorist""]"	[325,914]	"[[""Culture"",""Culture-core""],[""Discovery/Science"",""Academia""]]"	[325,914]	Culture	Culture-core	_music	0	0	[]	0	0	"[""substring_requires_transfer_review"",""multiple_author_l1_candidates""]"	Discovery/Science	proposed	medium	no_unique_author_l1_candidate	"[""substring_requires_transfer_review"",""multiple_author_l1_candidates""]"	0	freebase_bhht_author_lookup_v1	lookup_candidate_not_frozen	"[""Charles Rosen"", ""Emil Votoček"", ""Henry Cowell""]"
521	Illusionist	11	illusionist	author_exact	exact_unique	Culture	Culture-core	"[[""Culture"",""Culture-core""]]"	1	1	"[""illusionist""]"	[445]	"[[""Culture"",""Culture-core""]]"	[445]	Culture	Culture-core	illusionist	0	0	"[{""level1"":""Culture"",""level2"":""Culture-core"",""level3"":""illusionist"",""person_count"":36,""example_wikidata_codes"":""Q108123|Q1159167|Q11934542""}]"	0	0	[]	Culture	proposed	high	agrees_with_previous_llm	[]	0	freebase_bhht_author_lookup_v1	lookup_candidate_not_frozen	"[""Christian Fechner"", ""Criss Angel"", ""David Blaine""]"
522	Video Game Producer	11	video_game_producer	author_substring	substring_cross_l1_conflict			"[[""Culture"",""Culture-core""],[""Sports/Games"",""Sports/Games""]]"	2	2	"[""_game"",""video_game"",""producer""]"	[12,284,506]	"[[""Culture"",""Culture-core""],[""Sports/Games"",""Sports/Games""]]"	[12,284,506]	Sports/Games	Sports/Games	_game	0	0	[]	0	0	"[""substring_requires_transfer_review"",""multiple_author_l1_candidates""]"	Culture	proposed	high	no_unique_author_l1_candidate	"[""substring_requires_transfer_review"",""multiple_author_l1_candidates""]"	0	freebase_bhht_author_lookup_v1	lookup_candidate_not_frozen	"[""Cliff Bleszinski"", ""Dan Houser"", ""Danny Bilson""]"
523	Baker	11	baker	author_exact	exact_unique	Other	Worker/Business (small)	"[[""Other"",""Worker/Business (small)""]]"	1	1	"[""_baker""]"	[1435]	"[[""Other"",""Worker/Business (small)""]]"	[1435]	Other	Worker/Business (small)	_baker	0	0	"[{""level1"":""Other"",""level2"":""Worker/Business (small)"",""level3"":""baker"",""person_count"":88,""example_wikidata_codes"":""Q1037140|Q11332483|Q1243379""}]"	0	0	[]		out_of_scope	medium	formal_author_other_previously_out_of_scope	[]	0	freebase_bhht_author_lookup_v1	lookup_candidate_not_frozen	"[""Constantine Nicholas"", ""Erwin Strittmatter"", ""Fernando Pavarotti""]"
524	SEO strategist	11	seo_strategist	no_author_rule	no_author_rule			[]	0	0	[]	[]	[]	[]				0	0	[]	0	0	"[""no_author_rule""]"		needs_review	medium	no_unique_author_l1_candidate	"[""no_author_rule""]"	0	freebase_bhht_author_lookup_v1	lookup_candidate_not_frozen	"[""Cristian Sepulveda"", ""Gretel Gutierrez"", ""Ivan Garcia Estebanez""]"
525	Skeleton racer	11	skeleton_racer	author_substring	substring_unique_candidate	Sports/Games	Sports/Games	"[[""Sports/Games"",""Sports/Games""]]"	1	1	"[""_racer_"",""skeleton""]"	[18,236]	"[[""Sports/Games"",""Sports/Games""]]"	[18,236]	Sports/Games	Sports/Games	_racer_	0	0	[]	0	0	"[""substring_requires_transfer_review""]"	Sports/Games	proposed	high	agrees_with_previous_llm	"[""substring_requires_transfer_review""]"	0	freebase_bhht_author_lookup_v1	lookup_candidate_not_frozen	"[""Darla Deschamps"", ""Emma Lincoln-Smith"", ""Francisco Suárez""]"
526	Structural engineer	11	structural_engineer	author_substring	substring_unique_candidate	Discovery/Science	Explorer/Inventor/Developer	"[[""Discovery/Science"",""Explorer/Inventor/Developer""]]"	1	1	"[""engineer""]"	[1187]	"[[""Discovery/Science"",""Explorer/Inventor/Developer""]]"	[1187]	Discovery/Science	Explorer/Inventor/Developer	engineer	0	0	[]	0	0	"[""substring_requires_transfer_review""]"	Discovery/Science	proposed	medium	agrees_with_previous_llm	"[""substring_requires_transfer_review""]"	0	freebase_bhht_author_lookup_v1	lookup_candidate_not_frozen	"[""Felix Samuely"", ""Isambard Kingdom Brunel"", ""Jacque Fresco""]"
527	Veteran	11	veteran	author_exact	exact_unique	Leadership	Military	"[[""Leadership"",""Military""]]"	1	1	"[""veteran""]"	[1427]	"[[""Leadership"",""Military""]]"	[1427]	Leadership	Military	veteran	0	0	"[{""level1"":""Leadership"",""level2"":""Military"",""level3"":""veteran"",""person_count"":152,""example_wikidata_codes"":""Q11976380|Q12836971|Q1285978""}]"	0	0	[]		needs_review	low	author_candidate_previous_needs_review	[]	0	freebase_bhht_author_lookup_v1	lookup_candidate_not_frozen	"[""George William Janos"", ""Greg Doyle (Professional Boxer)"", ""J. Chauncey Brainerd""]"
528	Ulama	10	ulama	author_exact	exact_unique	Sports/Games	Sports/Games	"[[""Sports/Games"",""Sports/Games""]]"	1	1	"[""ulama""]"	[281]	"[[""Sports/Games"",""Sports/Games""]]"	[281]	Sports/Games	Sports/Games	ulama	0	0	"[{""level1"":""Sports/Games"",""level2"":""Sports/Games"",""level3"":""ulama"",""person_count"":34,""example_wikidata_codes"":""Q12478008|Q12486350|Q12522445""}]"	0	0	[]		needs_review	low	author_candidate_previous_needs_review	[]	0	freebase_bhht_author_lookup_v1	lookup_candidate_not_frozen	"[""Abd al-Aziz ibn Baz"", ""Abdul-Aziz ibn Abdullah Al ash-Sheikh"", ""Abdulrahman ibn Abu Bakr ibn Mohamed""]"
529	Physiologist	10	physiologist	author_exact	exact_unique	Discovery/Science	Academia	"[[""Discovery/Science"",""Academia""]]"	1	1	"[""physiologist""]"	[870]	"[[""Discovery/Science"",""Academia""]]"	[870]	Discovery/Science	Academia	physiologist	0	0	"[{""level1"":""Discovery/Science"",""level2"":""Academia"",""level3"":""physiologist"",""person_count"":518,""example_wikidata_codes"":""Q102107|Q102173|Q104289""}]"	0	0	[]	Discovery/Science	proposed	medium	agrees_with_previous_llm	[]	0	freebase_bhht_author_lookup_v1	lookup_candidate_not_frozen	"[""Adolf Eugen Fick"", ""Albrecht von Haller"", ""Arthur Winfree""]"
530	Potter	10	potter	author_exact	exact_unique	Other	Worker/Business (small)	"[[""Other"",""Worker/Business (small)""]]"	1	1	"[""potter""]"	[1673]	"[[""Other"",""Worker/Business (small)""]]"	[1673]	Other	Worker/Business (small)	potter	0	0	"[{""level1"":""Other"",""level2"":""Worker/Business (small)"",""level3"":""potter"",""person_count"":215,""example_wikidata_codes"":""Q11373213|Q11380450|Q11399109""}]"	0	0	[]		needs_review	low	author_candidate_previous_needs_review	[]	0	freebase_bhht_author_lookup_v1	lookup_candidate_not_frozen	"[""Adrian Allinson"", ""Alisabeth Brown"", ""Hannah Borger Overbeck""]"
531	Meteorologist	10	meteorologist	author_exact	exact_unique	Discovery/Science	Academia	"[[""Discovery/Science"",""Academia""]]"	1	1	"[""meteorologist""]"	[815]	"[[""Discovery/Science"",""Academia""]]"	[815]	Discovery/Science	Academia	meteorologist	0	0	"[{""level1"":""Discovery/Science"",""level2"":""Academia"",""level3"":""meteorologist"",""person_count"":725,""example_wikidata_codes"":""Q102360|Q10295002|Q10308699""}]"	0	0	[]	Discovery/Science	proposed	high	agrees_with_previous_llm	[]	0	freebase_bhht_author_lookup_v1	lookup_candidate_not_frozen	"[""Al Roker"", ""Audrey Puente"", ""Charles Thomson Rees Wilson""]"
532	Estate agent	10	estate_agent	author_exact	exact_unique	Other	Worker/Business (small)	"[[""Other"",""Worker/Business (small)""]]"	1	1	"[""estate_agent""]"	[1587]	"[[""Other"",""Worker/Business (small)""]]"	[1587]	Other	Worker/Business (small)	estate_agent	0	0	"[{""level1"":""Other"",""level2"":""Worker/Business (small)"",""level3"":""estate_agent"",""person_count"":19,""example_wikidata_codes"":""Q15997342|Q16194017|Q23014966""}]"	0	0	[]		needs_review	low	author_candidate_previous_needs_review	[]	0	freebase_bhht_author_lookup_v1	lookup_candidate_not_frozen	"[""Alastair Duncan"", ""Deborah Winters"", ""Dorothy Page""]"
533	Science-fiction writer	10	science-fiction_writer	author_substring	substring_cross_l1_conflict			"[[""Culture"",""Culture-core""],[""Discovery/Science"",""Academia""]]"	2	2	"[""_writer"",""science""]"	[343,892]	"[[""Culture"",""Culture-core""],[""Discovery/Science"",""Academia""]]"	[343,892]	Culture	Culture-core	_writer	0	0	[]	0	0	"[""substring_requires_transfer_review"",""multiple_author_l1_candidates""]"	Culture	proposed	high	no_unique_author_l1_candidate	"[""substring_requires_transfer_review"",""multiple_author_l1_candidates""]"	0	freebase_bhht_author_lookup_v1	lookup_candidate_not_frozen	"[""Alastair Reynolds"", ""Anthony Ha"", ""Cheryl Gray (Science-fiction writer)""]"
534	Barber	10	barber	author_exact	exact_unique	Other	Worker/Business (small)	"[[""Other"",""Worker/Business (small)""]]"	1	1	"[""_barber""]"	[1436]	"[[""Other"",""Worker/Business (small)""]]"	[1436]	Other	Worker/Business (small)	_barber	0	0	"[{""level1"":""Other"",""level2"":""Worker/Business (small)"",""level3"":""barber"",""person_count"":19,""example_wikidata_codes"":""Q1642264|Q16614944|Q19291098""}]"	0	0	[]		out_of_scope	high	formal_author_other_previously_out_of_scope	[]	0	freebase_bhht_author_lookup_v1	lookup_candidate_not_frozen	"[""Alexander Eliss Ehrlich"", ""Carl Schulz"", ""Charles Williams (Barber)""]"
535	Futurist	10	futurist	author_exact	exact_unique	Discovery/Science	Explorer/Inventor/Developer	"[[""Discovery/Science"",""Explorer/Inventor/Developer""]]"	1	1	"[""futurist""]"	[1192]	"[[""Discovery/Science"",""Explorer/Inventor/Developer""]]"	[1192]	Discovery/Science	Explorer/Inventor/Developer	futurist	0	0	"[{""level1"":""Discovery/Science"",""level2"":""Explorer/Inventor/Developer"",""level3"":""futurist"",""person_count"":34,""example_wikidata_codes"":""Q12768013|Q16201629|Q16547748""}]"	0	0	[]		needs_review	low	author_candidate_previous_needs_review	[]	0	freebase_bhht_author_lookup_v1	lookup_candidate_not_frozen	"[""Alvin Toffler"", ""Barbara Marx Hubbard"", ""Bruce Sterling""]"
536	Yoga Instructor	10	yoga_instructor	author_substring	substring_unique_candidate	Discovery/Science	Academia	"[[""Discovery/Science"",""Academia""]]"	1	1	"[""instructor""]"	[794]	"[[""Discovery/Science"",""Academia""]]"	[794]	Discovery/Science	Academia	instructor	0	0	[]	0	0	"[""substring_requires_transfer_review""]"		needs_review	low	author_candidate_previous_needs_review	"[""substring_requires_transfer_review""]"	0	freebase_bhht_author_lookup_v1	lookup_candidate_not_frozen	"[""Amy Stiller"", ""Ashley Brooke Holm"", ""Brenda Strong""]"
537	Instrument maker	10	instrument_maker	author_exact	exact_unique	Other	Worker/Business (small)	"[[""Other"",""Worker/Business (small)""]]"	1	1	"[""instrument_maker""]"	[1626]	"[[""Other"",""Worker/Business (small)""]]"	[1626]	Other	Worker/Business (small)	instrument_maker	0	0	"[{""level1"":""Other"",""level2"":""Worker/Business (small)"",""level3"":""instrument_maker"",""person_count"":18,""example_wikidata_codes"":""Q1263707|Q1506397|Q15818582""}]"	0	0	[]		out_of_scope	high	formal_author_other_previously_out_of_scope	[]	0	freebase_bhht_author_lookup_v1	lookup_candidate_not_frozen	"[""Andrea Amati"", ""Andrea Guarneri"", ""Antonio Stradivari""]"
538	Sound Technician	10	sound_technician	author_substring	substring_unique_candidate	Other	Worker/Business (small)	"[[""Other"",""Worker/Business (small)""]]"	1	1	"[""technician""]"	[1698]	"[[""Other"",""Worker/Business (small)""]]"	[1698]	Other	Worker/Business (small)	technician	0	0	[]	0	0	"[""substring_requires_transfer_review""]"	Culture	proposed	medium	differs_from_previous_llm	"[""substring_requires_transfer_review"",""previous_llm_l1_disagreement""]"	0	freebase_bhht_author_lookup_v1	lookup_candidate_not_frozen	"[""Antonis Samaras (Actor)"", ""Claudine Nougaret"", ""Denise Batcheff""]"
539	Shopkeeper	10	shopkeeper	author_exact	exact_unique	Leadership	Corporate/Executive/Business (large)	"[[""Leadership"",""Corporate/Executive/Business (large)""]]"	1	1	"[""shopkeeper""]"	[1245]	"[[""Leadership"",""Corporate/Executive/Business (large)""]]"	[1245]	Leadership	Corporate/Executive/Business (large)	shopkeeper	0	0	"[{""level1"":""Leadership"",""level2"":""Corporate/Executive/Business (large)"",""level3"":""shopkeeper"",""person_count"":22,""example_wikidata_codes"":""Q1126312|Q14437425|Q16662976""}]"	0	0	[]		out_of_scope	high	author_candidate_previous_out_of_scope	[]	0	freebase_bhht_author_lookup_v1	lookup_candidate_not_frozen	"[""Aron Delden"", ""Augustus Holloway"", ""Charles McArdle Campbell Cox""]"
540	Cowboy	10	cowboy	author_exact	exact_unique	Other	Other	"[[""Other"",""Other""]]"	1	1	"[""cowboy""]"	[1790]	"[[""Other"",""Other""]]"	[1790]	Other	Other	cowboy	0	0	"[{""level1"":""Other"",""level2"":""Other"",""level3"":""cowboy"",""person_count"":94,""example_wikidata_codes"":""Q1099181|Q1257239|Q15040613""},{""level1"":""Sports/Games"",""level2"":""Sports/Games"",""level3"":""cowboy"",""person_count"":5,""example_wikidata_codes"":""Q16196525|Q5183240|Q5248079""}]"	1	1	"[""person_main_reference_disagrees_not_used_to_override""]"		out_of_scope	high	formal_author_other_previously_out_of_scope	"[""person_main_reference_disagrees_not_used_to_override""]"	0	freebase_bhht_author_lookup_v1	lookup_candidate_not_frozen	"[""Art Acord"", ""Chuck Roberson"", ""Henry Bentinck (Politician)""]"
541	Music Educator	10	music_educator	author_exact	exact_unique	Culture	Culture-core	"[[""Culture"",""Culture-core""]]"	1	1	"[""music_educator""]"	[471]	"[[""Culture"",""Culture-core""],[""Discovery/Science"",""Academia""]]"	[325,471,738]	Culture	Culture-core	_music	0	0	[]	0	0	[]		needs_review	low	author_candidate_previous_needs_review	[]	0	freebase_bhht_author_lookup_v1	lookup_candidate_not_frozen	"[""Artur Schnabel"", ""Bernardo Sassetti"", ""John Hosier""]"
542	Steelworker	10	steelworker	author_substring	substring_unique_candidate	Other	Worker/Business (small)	"[[""Other"",""Worker/Business (small)""]]"	1	1	"[""worker""]"	[1716]	"[[""Other"",""Worker/Business (small)""]]"	[1716]	Other	Worker/Business (small)	worker	0	0	[]	0	0	"[""substring_requires_transfer_review""]"		out_of_scope	high	formal_author_other_previously_out_of_scope	"[""substring_requires_transfer_review""]"	0	freebase_bhht_author_lookup_v1	lookup_candidate_not_frozen	"[""Austin Allen (Music Composer)"", ""Clint Eastwood (Deceased Person)"", ""Coy Luther Perry, Jr.""]"
543	Visual Effects Supervisor	10	visual_effects_supervisor	author_substring	substring_unique_candidate	Culture	Culture-core	"[[""Culture"",""Culture-core""]]"	1	1	"[""visual_effects""]"	[566]	"[[""Culture"",""Culture-core""]]"	[566]	Culture	Culture-core	visual_effects	0	0	[]	0	0	"[""substring_requires_transfer_review""]"	Culture	proposed	high	agrees_with_previous_llm	"[""substring_requires_transfer_review""]"	0	freebase_bhht_author_lookup_v1	lookup_candidate_not_frozen	"[""Bennique Blasini"", ""Charley Henley"", ""Dennis Michelson""]"
544	Bodyguard	10	bodyguard	author_exact	exact_unique	Other	Worker/Business (small)	"[[""Other"",""Worker/Business (small)""]]"	1	1	"[""bodyguard""]"	[1531]	"[[""Other"",""Worker/Business (small)""]]"	[1531]	Other	Worker/Business (small)	bodyguard	0	0	"[{""level1"":""Other"",""level2"":""Worker/Business (small)"",""level3"":""bodyguard"",""person_count"":35,""example_wikidata_codes"":""Q14711874|Q16011682|Q16059002""}]"	0	0	[]		out_of_scope	medium	formal_author_other_previously_out_of_scope	[]	0	freebase_bhht_author_lookup_v1	lookup_candidate_not_frozen	"[""Birger Ragnar Svenson"", ""Charles Chan"", ""Daniel Ducruet""]"
545	Palaeontologist	10	palaeontologist	author_exact	exact_unique	Discovery/Science	Academia	"[[""Discovery/Science"",""Academia""]]"	1	1	"[""palaeontologist""]"	[844]	"[[""Discovery/Science"",""Academia""]]"	[844]	Discovery/Science	Academia	palaeontologist	0	0	"[{""level1"":""Discovery/Science"",""level2"":""Academia"",""level3"":""palaeontologist"",""person_count"":1283,""example_wikidata_codes"":""Q100256|Q101332|Q102519""}]"	0	0	[]	Discovery/Science	proposed	high	agrees_with_previous_llm	[]	0	freebase_bhht_author_lookup_v1	lookup_candidate_not_frozen	"[""C. H. Waddington"", ""Caitlín R. Kiernan"", ""Florentino Ameghino""]"
546	Ballroom Dancer	10	ballroom_dancer	author_substring	substring_unique_candidate	Culture	Culture-core	"[[""Culture"",""Culture-core""]]"	1	1	"[""dancer""]"	[410]	"[[""Culture"",""Culture-core""]]"	[410]	Culture	Culture-core	dancer	0	0	[]	0	0	"[""substring_requires_transfer_review""]"	Culture	proposed	high	agrees_with_previous_llm	"[""substring_requires_transfer_review""]"	0	freebase_bhht_author_lookup_v1	lookup_candidate_not_frozen	"[""Cesar Romero"", ""Corky Ballas"", ""Daniel Ponickly""]"
547	Mixing engineer	10	mixing_engineer	author_substring	substring_unique_candidate	Discovery/Science	Explorer/Inventor/Developer	"[[""Discovery/Science"",""Explorer/Inventor/Developer""]]"	1	1	"[""engineer""]"	[1187]	"[[""Discovery/Science"",""Explorer/Inventor/Developer""]]"	[1187]	Discovery/Science	Explorer/Inventor/Developer	engineer	0	0	[]	0	0	"[""substring_requires_transfer_review""]"	Culture	proposed	medium	differs_from_previous_llm	"[""substring_requires_transfer_review"",""previous_llm_l1_disagreement""]"	0	freebase_bhht_author_lookup_v1	lookup_candidate_not_frozen	"[""Charles de Montebello"", ""Ethan Johns"", ""Gene Paul""]"
548	Postal worker	10	postal_worker	author_substring	substring_unique_candidate	Other	Worker/Business (small)	"[[""Other"",""Worker/Business (small)""]]"	1	1	"[""worker""]"	[1716]	"[[""Other"",""Worker/Business (small)""]]"	[1716]	Other	Worker/Business (small)	worker	0	0	[]	0	0	"[""substring_requires_transfer_review""]"		out_of_scope	high	formal_author_other_previously_out_of_scope	"[""substring_requires_transfer_review""]"	0	freebase_bhht_author_lookup_v1	lookup_candidate_not_frozen	"[""Donald E. Smith"", ""Franz Beckenbauer, Sr."", ""Gustav Schwarzenegger""]"
549	Runner	9	runner	author_exact	exact_unique	Sports/Games	Sports/Games	"[[""Sports/Games"",""Sports/Games""]]"	1	1	"[""runner""]"	[221]	"[[""Sports/Games"",""Sports/Games""]]"	[221]	Sports/Games	Sports/Games	runner	0	0	"[{""level1"":""Sports/Games"",""level2"":""Sports/Games"",""level3"":""runner"",""person_count"":4098,""example_wikidata_codes"":""Q101942|Q10279110|Q10312847""}]"	0	0	[]	Sports/Games	proposed	high	agrees_with_previous_llm	[]	0	freebase_bhht_author_lookup_v1	lookup_candidate_not_frozen	"[""Abdelkader Hachlaf"", ""Gebregziabher Gebremariam"", ""Gillian Horovitz""]"
550	General contractor	9	general_contractor	no_author_rule	no_author_rule			[]	0	0	[]	[]	[]	[]				0	0	[]	0	0	"[""no_author_rule""]"		out_of_scope	medium	no_unique_author_l1_candidate	"[""no_author_rule""]"	0	freebase_bhht_author_lookup_v1	lookup_candidate_not_frozen	"[""Abdul R. Awan"", ""Arthur Sr. Lange"", ""Buddy Tudor""]"
551	Blacksmith	9	blacksmith	author_exact	exact_unique	Other	Worker/Business (small)	"[[""Other"",""Worker/Business (small)""]]"	1	1	"[""blacksmith""]"	[1527]	"[[""Other"",""Worker/Business (small)""]]"	[1527]	Other	Worker/Business (small)	blacksmith	0	0	"[{""level1"":""Other"",""level2"":""Worker/Business (small)"",""level3"":""blacksmith"",""person_count"":88,""example_wikidata_codes"":""Q104290|Q1314169|Q1351389""}]"	0	0	[]		out_of_scope	high	formal_author_other_previously_out_of_scope	[]	0	freebase_bhht_author_lookup_v1	lookup_candidate_not_frozen	"[""Alessandro Mussolini"", ""Chester Hogan"", ""Exequiel Magsaysay""]"
552	Tattoo artist	9	tattoo_artist	author_substring	substring_unique_candidate	Culture	Culture-core	"[[""Culture"",""Culture-core""]]"	1	1	"[""_artist""]"	[304]	"[[""Culture"",""Culture-core""]]"	[304]	Culture	Culture-core	_artist	0	0	[]	0	0	"[""substring_requires_transfer_review""]"	Culture	proposed	high	agrees_with_previous_llm	"[""substring_requires_transfer_review""]"	0	freebase_bhht_author_lookup_v1	lookup_candidate_not_frozen	"[""Alex Binnie"", ""Don Ed Hardy"", ""Guy Aitchison""]"
553	Monologist	9	monologist	author_exact	exact_unique	Culture	Culture-core	"[[""Culture"",""Culture-core""]]"	1	1	"[""monologist""]"	[468]	"[[""Culture"",""Culture-core""]]"	[468]	Culture	Culture-core	monologist	0	0	"[{""level1"":""Culture"",""level2"":""Culture-core"",""level3"":""monologist"",""person_count"":9,""example_wikidata_codes"":""Q16826510|Q18158494|Q28001274""}]"	0	0	[]	Culture	proposed	medium	agrees_with_previous_llm	[]	0	freebase_bhht_author_lookup_v1	lookup_candidate_not_frozen	"[""Alexis Valdés"", ""Antonio Sacre"", ""Bransby Williams""]"
554	Cattle Rancher	9	cattle_rancher	author_substring	substring_unique_candidate	Other	Worker/Business (small)	"[[""Other"",""Worker/Business (small)""]]"	1	1	"[""rancher""]"	[1678]	"[[""Other"",""Worker/Business (small)""]]"	[1678]	Other	Worker/Business (small)	rancher	0	0	[]	0	0	"[""substring_requires_transfer_review""]"		out_of_scope	high	formal_author_other_previously_out_of_scope	"[""substring_requires_transfer_review""]"	0	freebase_bhht_author_lookup_v1	lookup_candidate_not_frozen	"[""Alphonzo E. Bell, Jr."", ""Byron Brown (Cattle Rancher)"", ""Dayton Lummis""]"
555	ADR Director	9	adr_director	no_author_rule	no_author_rule			[]	0	0	[]	[]	[]	[]				0	0	[]	0	0	"[""no_author_rule""]"	Culture	proposed	high	no_unique_author_l1_candidate	"[""no_author_rule""]"	0	freebase_bhht_author_lookup_v1	lookup_candidate_not_frozen	"[""Amanda Winn-Lee"", ""Christopher Ayres"", ""Crispin Freeman""]"
556	Rebel	9	rebel	author_exact	exact_unique	Leadership	Military	"[[""Leadership"",""Military""]]"	1	1	"[""rebel""]"	[1417]	"[[""Leadership"",""Military""]]"	[1417]	Leadership	Military	rebel	0	0	"[{""level1"":""Leadership"",""level2"":""Military"",""level3"":""rebel"",""person_count"":308,""example_wikidata_codes"":""Q1018013|Q1018779|Q1031287""}]"	0	0	[]		needs_review	low	author_candidate_previous_needs_review	[]	0	freebase_bhht_author_lookup_v1	lookup_candidate_not_frozen	"[""Amiot Métayer"", ""Buteur Métayer"", ""Erik Johansson Vasa""]"
557	SEO	9	seo	no_author_rule	no_author_rule			[]	0	0	[]	[]	[]	[]				0	0	[]	0	0	"[""no_author_rule""]"		needs_review	low	no_unique_author_l1_candidate	"[""no_author_rule""]"	0	freebase_bhht_author_lookup_v1	lookup_candidate_not_frozen	"[""Andrew Isidoro"", ""Cristian Sepulveda"", ""Eduard Maeso""]"
558	Dialect coach	9	dialect_coach	author_substring	substring_unique_candidate	Sports/Games	Sports/Games	"[[""Sports/Games"",""Sports/Games""]]"	1	1	"[""coach""]"	[75]	"[[""Sports/Games"",""Sports/Games""]]"	[75]	Sports/Games	Sports/Games	coach	0	0	[]	0	0	"[""substring_requires_transfer_review""]"	Culture	proposed	high	differs_from_previous_llm	"[""substring_requires_transfer_review"",""previous_llm_l1_disagreement""]"	0	freebase_bhht_author_lookup_v1	lookup_candidate_not_frozen	"[""Andrew Jack (Actor)"", ""Bob Corff"", ""Chip Fields""]"
559	Showman	9	showman	no_author_rule	no_author_rule			[]	0	0	[]	[]	[]	[]				0	0	[]	0	0	"[""no_author_rule""]"	Culture	proposed	medium	no_unique_author_l1_candidate	"[""no_author_rule""]"	0	freebase_bhht_author_lookup_v1	lookup_candidate_not_frozen	"[""Andrey Urgant"", ""Bruce Forsyth"", ""George Webb (Actor) #2""]"
560	Landscape architect	9	landscape_architect	author_substring	substring_unique_candidate	Culture	Culture-periphery	"[[""Culture"",""Culture-periphery""]]"	1	1	"[""architect""]"	[586]	"[[""Culture"",""Culture-periphery""]]"	[586]	Culture	Culture-periphery	architect	0	0	[]	0	0	"[""substring_requires_transfer_review""]"	Culture	proposed	medium	agrees_with_previous_llm	"[""substring_requires_transfer_review""]"	0	freebase_bhht_author_lookup_v1	lookup_candidate_not_frozen	"[""André Le Nôtre"", ""Frederick Law Olmsted"", ""Guillaume Beaumont""]"
561	Art Teacher	9	art_teacher	author_substring	substring_unique_candidate	Discovery/Science	Academia	"[[""Discovery/Science"",""Academia""]]"	1	1	"[""teacher_""]"	[910]	"[[""Discovery/Science"",""Academia""]]"	[910]	Discovery/Science	Academia	teacher_	0	0	[]	0	0	"[""substring_requires_transfer_review""]"		needs_review	low	author_candidate_previous_needs_review	"[""substring_requires_transfer_review""]"	0	freebase_bhht_author_lookup_v1	lookup_candidate_not_frozen	"[""Andy Kubert"", ""Anthony Angarola"", ""B. C. Sanyal""]"
562	Lexicographer	9	lexicographer	author_exact	exact_unique	Discovery/Science	Academia	"[[""Discovery/Science"",""Academia""]]"	1	1	"[""lexicographer""]"	[803]	"[[""Discovery/Science"",""Academia""]]"	[803]	Discovery/Science	Academia	lexicographer	0	0	"[{""level1"":""Discovery/Science"",""level2"":""Academia"",""level3"":""lexicographer"",""person_count"":651,""example_wikidata_codes"":""Q10205572|Q102943|Q10303960""}]"	0	0	[]	Discovery/Science	proposed	medium	agrees_with_previous_llm	[]	0	freebase_bhht_author_lookup_v1	lookup_candidate_not_frozen	"[""Antoine Furetière"", ""Anton Pann"", ""Antun Mažuranić""]"
563	Clinical psychologist	9	clinical_psychologist	author_substring	substring_unique_candidate	Discovery/Science	Academia	"[[""Discovery/Science"",""Academia""]]"	1	1	"[""psychologist""]"	[883]	"[[""Discovery/Science"",""Academia""]]"	[883]	Discovery/Science	Academia	psychologist	0	0	[]	0	0	"[""substring_requires_transfer_review""]"	Discovery/Science	proposed	high	agrees_with_previous_llm	"[""substring_requires_transfer_review""]"	0	freebase_bhht_author_lookup_v1	lookup_candidate_not_frozen	"[""Antony Kidman"", ""Carl Rogers"", ""Deborah Lynn Cicconi""]"
564	Beach Volleyball Player	9	beach_volleyball_player	author_substring	substring_unique_candidate	Sports/Games	Sports/Games	"[[""Sports/Games"",""Sports/Games""]]"	1	1	"[""player"",""volleyball""]"	[189,285]	"[[""Sports/Games"",""Sports/Games""]]"	[189,285]	Sports/Games	Sports/Games	player	0	0	[]	0	0	"[""substring_requires_transfer_review""]"	Sports/Games	proposed	high	agrees_with_previous_llm	"[""substring_requires_transfer_review""]"	0	freebase_bhht_author_lookup_v1	lookup_candidate_not_frozen	"[""April Ross"", ""Bradley Keenan"", ""Carolina Solberg Salgado""]"
565	Social Critic	9	social_critic	author_substring	substring_unique_candidate	Culture	Culture-periphery	"[[""Culture"",""Culture-periphery""]]"	1	1	"[""critic""]"	[604]	"[[""Culture"",""Culture-periphery""]]"	[604]	Culture	Culture-periphery	critic	0	0	[]	0	0	"[""substring_requires_transfer_review""]"	Culture	proposed	medium	agrees_with_previous_llm	"[""substring_requires_transfer_review""]"	0	freebase_bhht_author_lookup_v1	lookup_candidate_not_frozen	"[""Arthur M. Schlesinger, Jr."", ""Bertrand Russell"", ""Bill Hicks""]"
566	Children's book author	9	children's_book_author	author_substring	substring_unique_candidate	Culture	Culture-core	"[[""Culture"",""Culture-core""]]"	1	1	"[""author""]"	[352]	"[[""Culture"",""Culture-core""]]"	[352]	Culture	Culture-core	author	0	0	[]	0	0	"[""substring_requires_transfer_review""]"	Culture	proposed	high	agrees_with_previous_llm	"[""substring_requires_transfer_review""]"	0	freebase_bhht_author_lookup_v1	lookup_candidate_not_frozen	"[""Astrid Lindgren"", ""Jamie Rix"", ""Julianne Moore""]"
567	Music editor	9	music_editor	author_substring	substring_same_l1_multiple_l2	Culture		"[[""Culture"",""Culture-core""],[""Culture"",""Culture-periphery""]]"	1	2	"[""_music"",""editor""]"	[325,612]	"[[""Culture"",""Culture-core""],[""Culture"",""Culture-periphery""]]"	[325,612]	Culture	Culture-core	_music	0	0	[]	0	0	"[""substring_requires_transfer_review"",""multiple_author_l2_candidates""]"	Culture	proposed	high	agrees_with_previous_llm	"[""substring_requires_transfer_review"",""multiple_author_l2_candidates""]"	0	freebase_bhht_author_lookup_v1	lookup_candidate_not_frozen	"[""Bettie Biery"", ""Bill Richards"", ""Dan Carlin Sr.""]"
568	Fisherman	9	fisherman	author_substring	substring_unique_candidate	Other	Worker/Business (small)	"[[""Other"",""Worker/Business (small)""]]"	1	1	"[""fisher""]"	[1593]	"[[""Other"",""Worker/Business (small)""]]"	[1593]	Other	Worker/Business (small)	fisher	0	0	[]	0	0	"[""substring_requires_transfer_review""]"		out_of_scope	medium	formal_author_other_previously_out_of_scope	"[""substring_requires_transfer_review""]"	0	freebase_bhht_author_lookup_v1	lookup_candidate_not_frozen	"[""Bob Campbell"", ""Byron Velvick"", ""Douglas LaFont Sr.""]"
569	Child model	9	child_model	author_substring	substring_cross_l1_conflict			"[[""Culture"",""Culture-periphery""],[""Other"",""Family""]]"	2	2	"[""_model_"",""child_""]"	[577,1727]	"[[""Culture"",""Culture-periphery""],[""Other"",""Family""]]"	[577,1727]	Culture	Culture-periphery	_model_	0	0	[]	0	0	"[""substring_requires_transfer_review"",""multiple_author_l1_candidates""]"	Culture	proposed	medium	no_unique_author_l1_candidate	"[""substring_requires_transfer_review"",""multiple_author_l1_candidates""]"	0	freebase_bhht_author_lookup_v1	lookup_candidate_not_frozen	"[""Brian Murray (Man) #4"", ""Hilary Gordon (Actor)"", ""Koby Rouviere""]"
570	Entomologist	9	entomologist	author_exact	exact_unique	Discovery/Science	Academia	"[[""Discovery/Science"",""Academia""]]"	1	1	"[""entomologist""]"	[744]	"[[""Discovery/Science"",""Academia""]]"	[744]	Discovery/Science	Academia	entomologist	0	0	"[{""level1"":""Discovery/Science"",""level2"":""Academia"",""level3"":""entomologist"",""person_count"":1521,""example_wikidata_codes"":""Q100683|Q100699|Q10295079""}]"	0	0	[]	Discovery/Science	proposed	high	agrees_with_previous_llm	[]	0	freebase_bhht_author_lookup_v1	lookup_candidate_not_frozen	"[""Camillo Acqua"", ""Domenico Cirillo"", ""H. E. Hinton""]"
571	Molecular Biologist	9	molecular_biologist	author_substring	substring_unique_candidate	Discovery/Science	Academia	"[[""Discovery/Science"",""Academia""]]"	1	1	"[""biologist""]"	[705]	"[[""Discovery/Science"",""Academia""]]"	[705]	Discovery/Science	Academia	biologist	0	0	[]	0	0	"[""substring_requires_transfer_review""]"	Discovery/Science	proposed	medium	agrees_with_previous_llm	"[""substring_requires_transfer_review""]"	0	freebase_bhht_author_lookup_v1	lookup_candidate_not_frozen	"[""Carl Woese"", ""Carol W. Greider"", ""David Hillis""]"
572	Magistrate	9	magistrate	author_substring	substring_unique_candidate	Leadership	Administration/Law	"[[""Leadership"",""Administration/Law""]]"	1	1	"[""magistrat""]"	[1086]	"[[""Leadership"",""Administration/Law""]]"	[1086]	Leadership	Administration/Law	magistrat	0	0	[]	0	0	"[""substring_requires_transfer_review""]"	Leadership	proposed	high	agrees_with_previous_llm	"[""substring_requires_transfer_review""]"	0	freebase_bhht_author_lookup_v1	lookup_candidate_not_frozen	"[""Carl von Oertzen"", ""Lateef Fatima Khan"", ""Michael Johnson (Magistrate)""]"
573	Revolutionary	9	revolutionary	author_exact	exact_unique	Leadership	Politics	"[[""Leadership"",""Politics""]]"	1	1	"[""revolutionary""]"	[1021]	"[[""Leadership"",""Politics""]]"	[1021]	Leadership	Politics	revolutionary	0	0	"[{""level1"":""Leadership"",""level2"":""Politics"",""level3"":""revolutionary"",""person_count"":1043,""example_wikidata_codes"":""Q100993|Q1011382|Q102183""}]"	0	0	[]	Leadership	proposed	high	agrees_with_previous_llm	[]	0	freebase_bhht_author_lookup_v1	lookup_candidate_not_frozen	"[""Che Guevara"", ""Edvard Kardelj"", ""Lora Karavelova""]"
574	Pirate	9	pirate	author_exact	exact_unique	Leadership	Military	"[[""Leadership"",""Military""]]"	1	1	"[""pirate""]"	[1416]	"[[""Leadership"",""Military""]]"	[1416]	Leadership	Military	pirate	0	0	"[{""level1"":""Leadership"",""level2"":""Military"",""level3"":""pirate"",""person_count"":268,""example_wikidata_codes"":""Q10348456|Q1060222|Q106420""},{""level1"":""Sports/Games"",""level2"":""Sports/Games"",""level3"":""pirate"",""person_count"":2,""example_wikidata_codes"":""Q6490214|Q8006747""}]"	1	1	"[""person_main_reference_disagrees_not_used_to_override""]"		needs_review	low	author_candidate_previous_needs_review	"[""person_main_reference_disagrees_not_used_to_override""]"	0	freebase_bhht_author_lookup_v1	lookup_candidate_not_frozen	"[""Cheng I"", ""Ching Shih"", ""Dominique You""]"
575	Nutritionist	9	nutritionist	author_exact	exact_unique	Discovery/Science	Academia	"[[""Discovery/Science"",""Academia""]]"	1	1	"[""nutritionist""]"	[829]	"[[""Discovery/Science"",""Academia""]]"	[829]	Discovery/Science	Academia	nutritionist	0	0	"[{""level1"":""Discovery/Science"",""level2"":""Academia"",""level3"":""nutritionist"",""person_count"":126,""example_wikidata_codes"":""Q10298864|Q118653|Q1243023""}]"	0	0	[]		needs_review	low	author_candidate_previous_needs_review	[]	0	freebase_bhht_author_lookup_v1	lookup_candidate_not_frozen	"[""Cheryl Wheeler-Dixon"", ""Don Lemmon"", ""Gillian McKeith""]"
576	Skier	9	skier	author_exact	exact_unique	Sports/Games	Sports/Games	"[[""Sports/Games"",""Sports/Games""]]"	1	1	"[""skier""]"	[239]	"[[""Sports/Games"",""Sports/Games""]]"	[239]	Sports/Games	Sports/Games	skier	0	0	"[{""level1"":""Sports/Games"",""level2"":""Sports/Games"",""level3"":""skier"",""person_count"":5862,""example_wikidata_codes"":""Q100063|Q100066|Q100071""}]"	0	0	[]	Sports/Games	proposed	high	agrees_with_previous_llm	[]	0	freebase_bhht_author_lookup_v1	lookup_candidate_not_frozen	"[""Christine Goitschel"", ""Dave McCoy"", ""Finn Christian Jagge""]"
577	EMS Professional	9	ems_professional	no_author_rule	no_author_rule			[]	0	0	[]	[]	[]	[]				0	0	[]	0	0	"[""no_author_rule""]"	Discovery/Science	proposed	medium	no_unique_author_l1_candidate	"[""no_author_rule""]"	0	freebase_bhht_author_lookup_v1	lookup_candidate_not_frozen	"[""Cody Walker (Actor)"", ""Danuta Siedzikówna"", ""David Lee Roth""]"
578	Celebrity chef	9	celebrity_chef	author_substring	substring_cross_l1_conflict			"[[""Culture"",""Culture-core""],[""Other"",""Worker/Business (small)""]]"	2	2	"[""celebrity"",""_chef_""]"	[374,1444]	"[[""Culture"",""Culture-core""],[""Other"",""Worker/Business (small)""]]"	[374,1444]	Culture	Culture-core	celebrity	0	0	[]	0	0	"[""substring_requires_transfer_review"",""multiple_author_l1_candidates""]"		needs_review	medium	no_unique_author_l1_candidate	"[""substring_requires_transfer_review"",""multiple_author_l1_candidates""]"	0	freebase_bhht_author_lookup_v1	lookup_candidate_not_frozen	"[""Cornelia Poletto"", ""Gabriel Bologna"", ""Jay Rayner""]"
579	accordionist	9	accordionist	author_exact	exact_unique	Culture	Culture-core	"[[""Culture"",""Culture-core""]]"	1	1	"[""accordionist""]"	[344]	"[[""Culture"",""Culture-core""]]"	[344]	Culture	Culture-core	accordionist	0	0	"[{""level1"":""Culture"",""level2"":""Culture-core"",""level3"":""accordionist"",""person_count"":146,""example_wikidata_codes"":""Q10326486|Q10363234|Q10395411""}]"	0	0	[]	Culture	proposed	high	agrees_with_previous_llm	[]	0	freebase_bhht_author_lookup_v1	lookup_candidate_not_frozen	"[""Daniel Handler"", ""Eddie Vedder"", ""Emilio Aragón Bermúdez""]"
580	Neurologist	9	neurologist	author_exact	exact_unique	Discovery/Science	Academia	"[[""Discovery/Science"",""Academia""]]"	1	1	"[""neurologist""]"	[826]	"[[""Discovery/Science"",""Academia""]]"	[826,921]	Discovery/Science	Academia	neurologist	0	0	"[{""level1"":""Discovery/Science"",""level2"":""Academia"",""level3"":""neurologist"",""person_count"":557,""example_wikidata_codes"":""Q10324529|Q1041318|Q105888""}]"	0	0	[]	Discovery/Science	proposed	medium	agrees_with_previous_llm	[]	0	freebase_bhht_author_lookup_v1	lookup_candidate_not_frozen	"[""David B. Kudrow"", ""Elena Menshikova"", ""Ernest Jones""]"
581	House painter and decorator	9	house_painter_and_decorator	author_substring	substring_same_l1_multiple_l2	Culture		"[[""Culture"",""Culture-core""],[""Culture"",""Culture-periphery""]]"	1	2	"[""painter"",""decorator""]"	[483,605]	"[[""Culture"",""Culture-core""],[""Culture"",""Culture-periphery""]]"	[483,605]	Culture	Culture-core	painter	0	0	[]	0	0	"[""substring_requires_transfer_review"",""multiple_author_l2_candidates""]"		out_of_scope	high	author_candidate_previous_out_of_scope	"[""substring_requires_transfer_review"",""multiple_author_l2_candidates""]"	0	freebase_bhht_author_lookup_v1	lookup_candidate_not_frozen	"[""Donal Gibson"", ""Eugène Morand"", ""Francisco José de Assis""]"
582	Cardiologist	9	cardiologist	author_exact	exact_unique	Discovery/Science	Academia	"[[""Discovery/Science"",""Academia""]]"	1	1	"[""cardiologist""]"	[713]	"[[""Discovery/Science"",""Academia""]]"	[713]	Discovery/Science	Academia	cardiologist	0	0	"[{""level1"":""Discovery/Science"",""level2"":""Academia"",""level3"":""cardiologist"",""person_count"":322,""example_wikidata_codes"":""Q10316059|Q10363356|Q107341""}]"	0	0	[]	Discovery/Science	proposed	high	agrees_with_previous_llm	[]	0	freebase_bhht_author_lookup_v1	lookup_candidate_not_frozen	"[""Gerry McCann"", ""Joseph Alliluyev"", ""Krishan Chopra""]"
583	Search Engine Optimization	9	search_engine_optimization	no_author_rule	no_author_rule			[]	0	0	[]	[]	[]	[]				0	0	[]	0	0	"[""no_author_rule""]"		out_of_scope	medium	no_unique_author_l1_candidate	"[""no_author_rule""]"	0	freebase_bhht_author_lookup_v1	lookup_candidate_not_frozen	"[""Jason BARNARD"", ""Joel Glenn Wright (Organisation leader) #1"", ""Matthew Woodward""]"
584	Keytarist	8	keytarist	no_author_rule	no_author_rule			[]	0	0	[]	[]	[]	[]				0	0	[]	0	0	"[""no_author_rule""]"	Culture	proposed	high	no_unique_author_l1_candidate	"[""no_author_rule""]"	0	freebase_bhht_author_lookup_v1	lookup_candidate_not_frozen	"[""\""Weird Al\"" Yankovic"", ""Donald Fagen"", ""Jan Hammer""]"
585	Inker	8	inker	no_author_rule	no_author_rule			[]	0	0	[]	[]	[]	[]				0	0	[]	0	0	"[""no_author_rule""]"	Culture	proposed	high	no_unique_author_l1_candidate	"[""no_author_rule""]"	0	freebase_bhht_author_lookup_v1	lookup_candidate_not_frozen	"[""Adam Kubert"", ""Andy Kubert"", ""Bob McCay""]"
586	Venture capitalist	8	venture_capitalist	author_substring	substring_unique_candidate	Leadership	Corporate/Executive/Business (large)	"[[""Leadership"",""Corporate/Executive/Business (large)""]]"	1	1	"[""capitalist""]"	[1219]	"[[""Leadership"",""Corporate/Executive/Business (large)""]]"	[1219]	Leadership	Corporate/Executive/Business (large)	capitalist	0	0	[]	0	0	"[""substring_requires_transfer_review""]"		needs_review	low	author_candidate_previous_needs_review	"[""substring_requires_transfer_review""]"	0	freebase_bhht_author_lookup_v1	lookup_candidate_not_frozen	"[""Adam R. Dell"", ""Joi Ito"", ""Kevin O'Leary""]"
587	Jeweller	8	jeweller	author_exact	exact_unique	Other	Worker/Business (small)	"[[""Other"",""Worker/Business (small)""]]"	1	1	"[""jeweller""]"	[1632]	"[[""Other"",""Worker/Business (small)""]]"	[1632]	Other	Worker/Business (small)	jeweller	0	0	"[{""level1"":""Other"",""level2"":""Worker/Business (small)"",""level3"":""jeweller"",""person_count"":133,""example_wikidata_codes"":""Q1001016|Q1040645|Q1058895""}]"	0	0	[]		out_of_scope	high	formal_author_other_previously_out_of_scope	[]	0	freebase_bhht_author_lookup_v1	lookup_candidate_not_frozen	"[""Albert DePrisco"", ""Annette Robyns"", ""Gustavo Bertotti""]"
588	Ophthalmology	8	ophthalmology	no_author_rule	no_author_rule			[]	0	0	[]	[]	[]	[]				0	0	[]	0	0	"[""no_author_rule""]"		needs_review	low	no_unique_author_l1_candidate	"[""no_author_rule""]"	0	freebase_bhht_author_lookup_v1	lookup_candidate_not_frozen	"[""Albrecht von Graefe"", ""Fay Boozman"", ""Georg Joseph Beer""]"
589	Horse breeder	8	horse_breeder	author_exact	exact_unique	Other	Worker/Business (small)	"[[""Other"",""Worker/Business (small)""]]"	1	1	"[""horse_breeder""]"	[1614]	"[[""Other"",""Worker/Business (small)""]]"	[1439,1614]	Other	Worker/Business (small)	_breeder	0	0	"[{""level1"":""Other"",""level2"":""Worker/Business (small)"",""level3"":""horse_breeder"",""person_count"":31,""example_wikidata_codes"":""Q15431869|Q16857983|Q17037422""}]"	0	0	[]		out_of_scope	medium	formal_author_other_previously_out_of_scope	[]	0	freebase_bhht_author_lookup_v1	lookup_candidate_not_frozen	"[""Alex Cord"", ""Hamar Alfred Bass"", ""Janet Morris""]"
590	Studio executive	8	studio_executive	author_substring	substring_unique_candidate	Leadership	Corporate/Executive/Business (large)	"[[""Leadership"",""Corporate/Executive/Business (large)""]]"	1	1	"[""executive""]"	[1223]	"[[""Leadership"",""Corporate/Executive/Business (large)""]]"	[1223]	Leadership	Corporate/Executive/Business (large)	executive	0	0	[]	0	0	"[""substring_requires_transfer_review""]"	Leadership	proposed	medium	agrees_with_previous_llm	"[""substring_requires_transfer_review""]"	0	freebase_bhht_author_lookup_v1	lookup_candidate_not_frozen	"[""Alex Young"", ""Frank Mancuso, Sr."", ""Fred Ball""]"
591	High Priest	8	high_priest	author_substring	substring_unique_candidate	Leadership	Religious	"[[""Leadership"",""Religious""]]"	1	1	"[""priest""]"	[1346]	"[[""Leadership"",""Religious""]]"	[1346]	Leadership	Religious	priest	0	0	[]	0	0	"[""substring_requires_transfer_review""]"	Leadership	proposed	high	agrees_with_previous_llm	"[""substring_requires_transfer_review""]"	0	freebase_bhht_author_lookup_v1	lookup_candidate_not_frozen	"[""Alexander Jannaeus"", ""Antigonus II Mattathias"", ""Aristobulus I""]"
592	Sculpture	8	sculpture	author_exact	exact_unique	Culture	Culture-core	"[[""Culture"",""Culture-core""]]"	1	1	"[""sculpture""]"	[526]	"[[""Culture"",""Culture-core""]]"	[526]	Culture	Culture-core	sculpture	0	0	"[{""level1"":""Culture"",""level2"":""Culture-core"",""level3"":""sculpture"",""person_count"":12,""example_wikidata_codes"":""Q168704|Q16875962|Q17011449""}]"	0	0	[]		out_of_scope	medium	author_candidate_previous_out_of_scope	[]	0	freebase_bhht_author_lookup_v1	lookup_candidate_not_frozen	"[""Alexander Liberman"", ""B. C. Sanyal"", ""Charles Cary Rumsey""]"
593	Ballet master	8	ballet_master	author_substring	substring_unique_candidate	Culture	Culture-core	"[[""Culture"",""Culture-core""]]"	1	1	"[""ballet""]"	[355]	"[[""Culture"",""Culture-core""]]"	[355]	Culture	Culture-core	ballet	0	0	[]	0	0	"[""substring_requires_transfer_review""]"	Culture	proposed	high	agrees_with_previous_llm	"[""substring_requires_transfer_review""]"	0	freebase_bhht_author_lookup_v1	lookup_candidate_not_frozen	"[""Alexander Plisetski"", ""Arthur Saint-Léon"", ""Filippo Taglioni""]"
594	Music Manager	8	music_manager	author_substring	substring_cross_l1_conflict			"[[""Culture"",""Culture-core""],[""Leadership"",""Corporate/Executive/Business (large)""]]"	2	2	"[""_music"",""manager""]"	[325,1234]	"[[""Culture"",""Culture-core""],[""Leadership"",""Corporate/Executive/Business (large)""]]"	[325,1234]	Culture	Culture-core	_music	0	0	[]	0	0	"[""substring_requires_transfer_review"",""multiple_author_l1_candidates""]"		needs_review	low	no_unique_author_l1_candidate	"[""substring_requires_transfer_review"",""multiple_author_l1_candidates""]"	0	freebase_bhht_author_lookup_v1	lookup_candidate_not_frozen	"[""Alexander Young"", ""Andrzej Pietras"", ""Brandon Davis""]"
595	Medic	8	medic	no_author_rule	no_author_rule			[]	0	0	[]	[]	[]	[]				0	0	"[{""level1"":""Discovery/Science"",""level2"":""Academia"",""level3"":""medic"",""person_count"":2,""example_wikidata_codes"":""Q10317823|Q16492250""}]"	0	0	"[""no_author_rule""]"	Discovery/Science	proposed	medium	no_unique_author_l1_candidate	"[""no_author_rule""]"	1	freebase_bhht_author_lookup_v1	lookup_candidate_not_frozen	"[""Alexandra Noskwith"", ""Ernesto Pinto-Bazurco"", ""John Bradley""]"
596	Adult model	8	adult_model	author_substring	substring_unique_candidate	Culture	Culture-periphery	"[[""Culture"",""Culture-periphery""]]"	1	1	"[""_model_""]"	[577]	"[[""Culture"",""Culture-periphery""]]"	[577]	Culture	Culture-periphery	_model_	0	0	[]	0	0	"[""substring_requires_transfer_review""]"	Culture	proposed	medium	agrees_with_previous_llm	"[""substring_requires_transfer_review""]"	0	freebase_bhht_author_lookup_v1	lookup_candidate_not_frozen	"[""Alexis Texas"", ""Angelina Armani"", ""Anna Nicole Smith""]"
597	Cosmetologist	8	cosmetologist	no_author_rule	no_author_rule			[]	0	0	[]	[]	[]	[]				0	0	[]	0	0	"[""no_author_rule""]"		out_of_scope	high	no_unique_author_l1_candidate	"[""no_author_rule""]"	0	freebase_bhht_author_lookup_v1	lookup_candidate_not_frozen	"[""Alla Golubkina"", ""Eleanor Alexander"", ""Evelyn Jackson (Pastor)""]"
598	Tutor	8	tutor	no_author_rule	no_author_rule			[]	0	0	[]	[]	[]	[]				0	0	"[{""level1"":""Sports/Games"",""level2"":""Sports/Games"",""level3"":""tutor"",""person_count"":4,""example_wikidata_codes"":""Q16584207|Q20015609|Q5993724""}]"	0	0	"[""no_author_rule""]"		needs_review	low	no_unique_author_l1_candidate	"[""no_author_rule""]"	1	freebase_bhht_author_lookup_v1	lookup_candidate_not_frozen	"[""Alphonso Taft"", ""Aristotle"", ""Arlen Roth""]"
599	Cheerleader	8	cheerleader	author_exact	exact_unique	Other	Other	"[[""Other"",""Other""]]"	1	1	"[""cheerleader""]"	[1782]	"[[""Other"",""Other""]]"	[1782]	Other	Other	cheerleader	0	0	"[{""level1"":""Other"",""level2"":""Other"",""level3"":""cheerleader"",""person_count"":9,""example_wikidata_codes"":""Q17466047|Q19893979|Q21062483""}]"	0	0	[]		needs_review	low	author_candidate_previous_needs_review	[]	0	freebase_bhht_author_lookup_v1	lookup_candidate_not_frozen	"[""Amy Mickelson"", ""Ariana Biermann"", ""Dianna Hart""]"
600	Tour guide	8	tour_guide	author_substring	substring_unique_candidate	Other	Worker/Business (small)	"[[""Other"",""Worker/Business (small)""]]"	1	1	"[""_guide_""]"	[1461]	"[[""Other"",""Worker/Business (small)""]]"	[1461]	Other	Worker/Business (small)	_guide_	0	0	[]	0	0	"[""substring_requires_transfer_review""]"		out_of_scope	high	formal_author_other_previously_out_of_scope	"[""substring_requires_transfer_review""]"	0	freebase_bhht_author_lookup_v1	lookup_candidate_not_frozen	"[""Andrew Divoff"", ""Bill Engvall"", ""Cevat Şakir Kabaağaçlı""]"
601	Interpreter	8	interpreter	author_exact	exact_unique	Culture	Culture-core	"[[""Culture"",""Culture-core""]]"	1	1	"[""interpreter""]"	[450]	"[[""Culture"",""Culture-core""]]"	[450]	Culture	Culture-core	interpreter	0	0	"[{""level1"":""Culture"",""level2"":""Culture-core"",""level3"":""interpreter"",""person_count"":132,""example_wikidata_codes"":""Q106972|Q1082619|Q10999194""}]"	0	0	[]		needs_review	low	author_candidate_previous_needs_review	[]	0	freebase_bhht_author_lookup_v1	lookup_candidate_not_frozen	"[""André Kaminker"", ""Eugene Botkin"", ""Frank Campanella""]"
602	Sound Recordist	8	sound_recordist	no_author_rule	no_author_rule			[]	0	0	[]	[]	[]	[]				0	0	[]	0	0	"[""no_author_rule""]"	Culture	proposed	high	no_unique_author_l1_candidate	"[""no_author_rule""]"	0	freebase_bhht_author_lookup_v1	lookup_candidate_not_frozen	"[""Ann Kroeber"", ""Baynham Honri"", ""Eddie Harman""]"
603	Physiotherapist	8	physiotherapist	author_exact	exact_unique	Discovery/Science	Academia	"[[""Discovery/Science"",""Academia""]]"	1	1	"[""physiotherapist""]"	[871]	"[[""Discovery/Science"",""Academia""]]"	[871,916]	Discovery/Science	Academia	physiotherapist	0	0	"[{""level1"":""Discovery/Science"",""level2"":""Academia"",""level3"":""physiotherapist"",""person_count"":42,""example_wikidata_codes"":""Q100586|Q1078291|Q11956711""}]"	0	0	[]	Discovery/Science	proposed	high	agrees_with_previous_llm	[]	0	freebase_bhht_author_lookup_v1	lookup_candidate_not_frozen	"[""Aparecida Petrowky"", ""Birte Merete Gad"", ""Frans Cronjé (Cricket Player)""]"
604	Political Consultant	8	political_consultant	author_substring	substring_cross_l1_conflict			"[[""Leadership"",""Politics""],[""Other"",""Worker/Business (small)""]]"	2	2	"[""political"",""consultant""]"	[1013,1566]	"[[""Leadership"",""Politics""],[""Other"",""Worker/Business (small)""]]"	[1013,1566]	Leadership	Politics	political	0	0	[]	0	0	"[""substring_requires_transfer_review"",""multiple_author_l1_candidates""]"	Leadership	proposed	medium	no_unique_author_l1_candidate	"[""substring_requires_transfer_review"",""multiple_author_l1_candidates""]"	0	freebase_bhht_author_lookup_v1	lookup_candidate_not_frozen	"[""Aquilino Morelle"", ""James Carville"", ""Karl Rove""]"
605	Polymath	8	polymath	author_exact	exact_unique	Discovery/Science	Academia	"[[""Discovery/Science"",""Academia""]]"	1	1	"[""polymath""]"	[877]	"[[""Discovery/Science"",""Academia""]]"	[877]	Discovery/Science	Academia	polymath	0	0	"[{""level1"":""Discovery/Science"",""level2"":""Academia"",""level3"":""polymath"",""person_count"":25,""example_wikidata_codes"":""Q1453055|Q16207064|Q17402977""}]"	0	0	[]		needs_review	low	author_candidate_previous_needs_review	[]	0	freebase_bhht_author_lookup_v1	lookup_candidate_not_frozen	"[""Aristotle"", ""Francis Galton"", ""Hiroshi Aramata""]"
606	Lighting Designer	8	lighting_designer	author_substring	substring_unique_candidate	Culture	Culture-periphery	"[[""Culture"",""Culture-periphery""]]"	1	1	"[""designer""]"	[606]	"[[""Culture"",""Culture-periphery""]]"	[606]	Culture	Culture-periphery	designer	0	0	[]	0	0	"[""substring_requires_transfer_review""]"	Culture	proposed	high	agrees_with_previous_llm	"[""substring_requires_transfer_review""]"	0	freebase_bhht_author_lookup_v1	lookup_candidate_not_frozen	"[""Ben Edwards (Production Designer)"", ""Jo Mielziner"", ""Johnny Dodd""]"
607	Butcher	8	butcher	author_exact	exact_unique	Other	Worker/Business (small)	"[[""Other"",""Worker/Business (small)""]]"	1	1	"[""_butcher""]"	[1440]	"[[""Other"",""Worker/Business (small)""]]"	[1440]	Other	Worker/Business (small)	_butcher	0	0	"[{""level1"":""Other"",""level2"":""Worker/Business (small)"",""level3"":""butcher"",""person_count"":39,""example_wikidata_codes"":""Q1290033|Q13424109|Q15433352""}]"	0	0	[]		out_of_scope	medium	formal_author_other_previously_out_of_scope	[]	0	freebase_bhht_author_lookup_v1	lookup_candidate_not_frozen	"[""Benjamin Ortega (Butcher)"", ""Bob Hope"", ""Charles McArdle Campbell Cox""]"
608	Installation Artist	8	installation_artist	author_substring	substring_unique_candidate	Culture	Culture-core	"[[""Culture"",""Culture-core""]]"	1	1	"[""_artist""]"	[304]	"[[""Culture"",""Culture-core""]]"	[304]	Culture	Culture-core	_artist	0	0	[]	0	0	"[""substring_requires_transfer_review""]"	Culture	proposed	high	agrees_with_previous_llm	"[""substring_requires_transfer_review""]"	0	freebase_bhht_author_lookup_v1	lookup_candidate_not_frozen	"[""Bill Daniel"", ""Bill Jones (Photographer)"", ""Cady Noland""]"
609	Bacteriologist	8	bacteriologist	author_exact	exact_unique	Discovery/Science	Academia	"[[""Discovery/Science"",""Academia""]]"	1	1	"[""bacteriologist""]"	[701]	"[[""Discovery/Science"",""Academia""]]"	[701]	Discovery/Science	Academia	bacteriologist	0	0	"[{""level1"":""Discovery/Science"",""level2"":""Academia"",""level3"":""bacteriologist"",""person_count"":131,""example_wikidata_codes"":""Q12349404|Q1246875|Q12720387""}]"	0	0	[]	Discovery/Science	proposed	high	agrees_with_previous_llm	[]	0	freebase_bhht_author_lookup_v1	lookup_candidate_not_frozen	"[""Carlos Chagas"", ""Charles Scott Sherrington"", ""Hans Ernst August Buchner""]"
610	Bishop (Religious Leadership Title) #112	8	bishop_(religious_leadership_title)_#112	author_substring	substring_unique_candidate	Leadership	Religious	"[[""Leadership"",""Religious""]]"	1	1	"[""bishop"",""religious""]"	[1280,1351]	"[[""Leadership"",""Religious""]]"	[1280,1351]	Leadership	Religious	bishop	0	0	[]	0	0	"[""substring_requires_transfer_review""]"	Leadership	proposed	medium	agrees_with_previous_llm	"[""substring_requires_transfer_review""]"	0	freebase_bhht_author_lookup_v1	lookup_candidate_not_frozen	"[""Charles H. Ellis III"", ""David L. Ellis Sr."", ""Dudley Cary-Elwes""]"
611	Landholder	8	landholder	no_author_rule	no_author_rule			[]	0	0	[]	[]	[]	[]				0	0	[]	0	0	"[""no_author_rule""]"		needs_review	low	no_unique_author_l1_candidate	"[""no_author_rule""]"	0	freebase_bhht_author_lookup_v1	lookup_candidate_not_frozen	"[""Charles Palmer-Tomkinson"", ""Cornelia Adair"", ""Gheorghe I. Taşcă""]"
612	Auto mechanic	8	auto_mechanic	author_substring	substring_unique_candidate	Other	Worker/Business (small)	"[[""Other"",""Worker/Business (small)""]]"	1	1	"[""mechanic""]"	[1652]	"[[""Other"",""Worker/Business (small)""]]"	[1652]	Other	Worker/Business (small)	mechanic	0	0	[]	0	0	"[""substring_requires_transfer_review""]"		out_of_scope	high	formal_author_other_previously_out_of_scope	"[""substring_requires_transfer_review""]"	0	freebase_bhht_author_lookup_v1	lookup_candidate_not_frozen	"[""Charles Patrick Roberts"", ""Donald Cobain"", ""Earl Russell Madden""]"
613	Shadetree mechanic	8	shadetree_mechanic	author_substring	substring_unique_candidate	Other	Worker/Business (small)	"[[""Other"",""Worker/Business (small)""]]"	1	1	"[""mechanic""]"	[1652]	"[[""Other"",""Worker/Business (small)""]]"	[1652]	Other	Worker/Business (small)	mechanic	0	0	[]	0	0	"[""substring_requires_transfer_review""]"		out_of_scope	medium	formal_author_other_previously_out_of_scope	"[""substring_requires_transfer_review""]"	0	freebase_bhht_author_lookup_v1	lookup_candidate_not_frozen	"[""Charles Patrick Roberts"", ""Donald Cobain"", ""Earl Russell Madden""]"
614	School Administrator	8	school_administrator	author_substring	substring_unique_candidate	Leadership	Administration/Law	"[[""Leadership"",""Administration/Law""]]"	1	1	"[""administrator""]"	[1047]	"[[""Leadership"",""Administration/Law""]]"	[1047]	Leadership	Administration/Law	administrator	0	0	[]	0	0	"[""substring_requires_transfer_review""]"		needs_review	low	author_candidate_previous_needs_review	"[""substring_requires_transfer_review""]"	0	freebase_bhht_author_lookup_v1	lookup_candidate_not_frozen	"[""Charlie Bumgarner"", ""Glenn Hubbard"", ""Henry Bauchau""]"
615	Bureaucrat	8	bureaucrat	author_exact	exact_unique	Leadership	Administration/Law	"[[""Leadership"",""Administration/Law""]]"	1	1	"[""bureaucrat""]"	[1063]	"[[""Leadership"",""Administration/Law""]]"	[1063]	Leadership	Administration/Law	bureaucrat	0	0	"[{""level1"":""Leadership"",""level2"":""Administration/Law"",""level3"":""bureaucrat"",""person_count"":84,""example_wikidata_codes"":""Q10891225|Q10918150|Q11361946""}]"	0	0	[]	Leadership	proposed	high	agrees_with_previous_llm	[]	0	freebase_bhht_author_lookup_v1	lookup_candidate_not_frozen	"[""Chuichi Iomi"", ""Clara G. McMillan"", ""François-David Cravenne""]"
616	Ethnologist	8	ethnologist	author_exact	exact_unique	Discovery/Science	Academia	"[[""Discovery/Science"",""Academia""]]"	1	1	"[""ethnologist""]"	[751]	"[[""Discovery/Science"",""Academia""]]"	[751]	Discovery/Science	Academia	ethnologist	0	0	"[{""level1"":""Discovery/Science"",""level2"":""Academia"",""level3"":""ethnologist"",""person_count"":410,""example_wikidata_codes"":""Q100640|Q101334|Q101733""}]"	0	0	[]	Discovery/Science	proposed	medium	agrees_with_previous_llm	[]	0	freebase_bhht_author_lookup_v1	lookup_candidate_not_frozen	"[""Claude Lévi-Strauss"", ""Fosco Maraini"", ""Hans Winfried Rohsmann""]"
617	Video game designer	8	video_game_designer	author_substring	substring_cross_l1_conflict			"[[""Culture"",""Culture-periphery""],[""Sports/Games"",""Sports/Games""]]"	2	2	"[""_game"",""video_game"",""designer""]"	[12,284,606]	"[[""Culture"",""Culture-periphery""],[""Sports/Games"",""Sports/Games""]]"	[12,284,606]	Sports/Games	Sports/Games	_game	0	0	[]	0	0	"[""substring_requires_transfer_review"",""multiple_author_l1_candidates""]"		needs_review	low	no_unique_author_l1_candidate	"[""substring_requires_transfer_review"",""multiple_author_l1_candidates""]"	0	freebase_bhht_author_lookup_v1	lookup_candidate_not_frozen	"[""Cliff Bleszinski"", ""Clive Barker"", ""Corwin VanHook""]"
618	Military engineer	8	military_engineer	author_substring	substring_cross_l1_conflict			"[[""Discovery/Science"",""Explorer/Inventor/Developer""],[""Leadership"",""Military""]]"	2	2	"[""engineer"",""militar""]"	[1187,1407]	"[[""Discovery/Science"",""Explorer/Inventor/Developer""],[""Leadership"",""Military""]]"	[1187,1407]	Discovery/Science	Explorer/Inventor/Developer	engineer	0	0	[]	0	0	"[""substring_requires_transfer_review"",""multiple_author_l1_candidates""]"	Discovery/Science	proposed	high	no_unique_author_l1_candidate	"[""substring_requires_transfer_review"",""multiple_author_l1_candidates""]"	0	freebase_bhht_author_lookup_v1	lookup_candidate_not_frozen	"[""David Gilroy"", ""Evgeny Menshikov"", ""Francisco de Arruda""]"
619	Theater Performer	8	theater_performer	author_substring	substring_unique_candidate	Culture	Culture-core	"[[""Culture"",""Culture-core""]]"	1	1	"[""performer"",""theater""]"	[488,549]	"[[""Culture"",""Culture-core""]]"	[488,549]	Culture	Culture-core	performer	0	0	[]	0	0	"[""substring_requires_transfer_review""]"	Culture	proposed	medium	agrees_with_previous_llm	"[""substring_requires_transfer_review""]"	0	freebase_bhht_author_lookup_v1	lookup_candidate_not_frozen	"[""George de la Peña"", ""Helen Sjöholm"", ""Judy Canova""]"
620	Bookseller	7	bookseller	author_exact	exact_unique	Other	Worker/Business (small)	"[[""Other"",""Worker/Business (small)""]]"	1	1	"[""bookseller""]"	[1537]	"[[""Other"",""Worker/Business (small)""]]"	[1537]	Other	Worker/Business (small)	bookseller	0	0	"[{""level1"":""Other"",""level2"":""Worker/Business (small)"",""level3"":""bookseller"",""person_count"":439,""example_wikidata_codes"":""Q10324629|Q103329|Q1036902""}]"	0	0	[]		out_of_scope	high	formal_author_other_previously_out_of_scope	[]	0	freebase_bhht_author_lookup_v1	lookup_candidate_not_frozen	"[""Aberjhani"", ""Adolf Karl Krabbe"", ""Gunnar August Josephson""]"
621	Forester	7	forester	author_exact	exact_unique	Other	Worker/Business (small)	"[[""Other"",""Worker/Business (small)""]]"	1	1	"[""forester""]"	[1596]	"[[""Other"",""Worker/Business (small)""]]"	[1596]	Other	Worker/Business (small)	forester	0	0	"[{""level1"":""Other"",""level2"":""Worker/Business (small)"",""level3"":""forester"",""person_count"":84,""example_wikidata_codes"":""Q1037610|Q1038839|Q1039577""}]"	0	0	[]		needs_review	low	author_candidate_previous_needs_review	[]	0	freebase_bhht_author_lookup_v1	lookup_candidate_not_frozen	"[""Adolph Murie"", ""Aldo Leopold"", ""Land ethic""]"
622	Weightlifter	7	weightlifter	author_exact	exact_unique	Sports/Games	Sports/Games	"[[""Sports/Games"",""Sports/Games""]]"	1	1	"[""weightlifter""]"	[291]	"[[""Sports/Games"",""Sports/Games""]]"	[291]	Sports/Games	Sports/Games	weightlifter	0	0	"[{""level1"":""Sports/Games"",""level2"":""Sports/Games"",""level3"":""weightlifter"",""person_count"":1845,""example_wikidata_codes"":""Q1000629|Q100359|Q1006007""}]"	0	0	[]	Sports/Games	proposed	medium	agrees_with_previous_llm	[]	0	freebase_bhht_author_lookup_v1	lookup_candidate_not_frozen	"[""Adrian Zieliński"", ""Holley Mangold"", ""Matthias Steiner""]"
623	Women's rights activist	7	women's_rights_activist	author_substring	substring_unique_candidate	Leadership	Politics	"[[""Leadership"",""Politics""]]"	1	1	"[""activist""]"	[939]	"[[""Leadership"",""Politics""]]"	[939]	Leadership	Politics	activist	0	0	[]	0	0	"[""substring_requires_transfer_review""]"		needs_review	low	author_candidate_previous_needs_review	"[""substring_requires_transfer_review""]"	0	freebase_bhht_author_lookup_v1	lookup_candidate_not_frozen	"[""Agnes von Zahn-Harnack"", ""Betty Ford"", ""Coretta Scott King""]"
624	Public intellectual	7	public_intellectual	author_substring	substring_unique_candidate	Discovery/Science	Academia	"[[""Discovery/Science"",""Academia""]]"	1	1	"[""intellectual""]"	[795]	"[[""Discovery/Science"",""Academia""]]"	[795]	Discovery/Science	Academia	intellectual	0	0	[]	0	0	"[""substring_requires_transfer_review""]"		needs_review	low	author_candidate_previous_needs_review	"[""substring_requires_transfer_review""]"	0	freebase_bhht_author_lookup_v1	lookup_candidate_not_frozen	"[""Alain Finkielkraut"", ""Amr Hamzawy"", ""Arthur M. Schlesinger, Jr.""]"
625	Aircraft designer	7	aircraft_designer	author_substring	substring_unique_candidate	Culture	Culture-periphery	"[[""Culture"",""Culture-periphery""]]"	1	1	"[""designer""]"	[606]	"[[""Culture"",""Culture-periphery""]]"	[606]	Culture	Culture-periphery	designer	0	0	[]	0	0	"[""substring_requires_transfer_review""]"	Discovery/Science	proposed	medium	differs_from_previous_llm	"[""substring_requires_transfer_review"",""previous_llm_l1_disagreement""]"	0	freebase_bhht_author_lookup_v1	lookup_candidate_not_frozen	"[""Alan Lee Klapmeier"", ""Dale Edward Klapmeier"", ""Eduardo Aldasoro""]"
626	Mineralogist	7	mineralogist	author_exact	exact_unique	Discovery/Science	Academia	"[[""Discovery/Science"",""Academia""]]"	1	1	"[""mineralogist""]"	[817]	"[[""Discovery/Science"",""Academia""]]"	[817]	Discovery/Science	Academia	mineralogist	0	0	"[{""level1"":""Discovery/Science"",""level2"":""Academia"",""level3"":""mineralogist"",""person_count"":395,""example_wikidata_codes"":""Q100280|Q100473|Q100644""}]"	0	0	[]	Discovery/Science	proposed	high	agrees_with_previous_llm	[]	0	freebase_bhht_author_lookup_v1	lookup_candidate_not_frozen	"[""Alexander Evgenievic von Lagorio"", ""Alexandre Brongniart"", ""Gregory Watt""]"
627	Bricklayer	7	bricklayer	author_exact	exact_unique	Other	Worker/Business (small)	"[[""Other"",""Worker/Business (small)""]]"	1	1	"[""bricklayer""]"	[1542]	"[[""Other"",""Worker/Business (small)""]]"	[1542]	Other	Worker/Business (small)	bricklayer	0	0	"[{""level1"":""Other"",""level2"":""Worker/Business (small)"",""level3"":""bricklayer"",""person_count"":3,""example_wikidata_codes"":""Q5171211|Q7148223|Q7328454""}]"	0	0	[]		out_of_scope	high	formal_author_other_previously_out_of_scope	[]	0	freebase_bhht_author_lookup_v1	lookup_candidate_not_frozen	"[""Alexey Ivanovich Gagarin"", ""Byron Stevens"", ""David Sharp (Bricklayer)""]"
628	Crown Princess	7	crown_princess	author_substring	substring_unique_candidate	Leadership	Nobility	"[[""Leadership"",""Nobility""]]"	1	1	"[""princess""]"	[1161]	"[[""Leadership"",""Nobility""]]"	[1161]	Leadership	Nobility	princess	0	0	[]	0	0	"[""substring_requires_transfer_review""]"	Leadership	proposed	medium	agrees_with_previous_llm	"[""substring_requires_transfer_review""]"	0	freebase_bhht_author_lookup_v1	lookup_candidate_not_frozen	"[""Ameera Al-Taweel"", ""Archduchess Adelheid of Austria"", ""Archduchess Charlotte of Austria""]"
629	Anesthesiologist	7	anesthesiologist	author_exact	exact_unique	Discovery/Science	Academia	"[[""Discovery/Science"",""Academia""]]"	1	1	"[""anesthesiologist""]"	[683]	"[[""Discovery/Science"",""Academia""]]"	[683]	Discovery/Science	Academia	anesthesiologist	0	0	"[{""level1"":""Discovery/Science"",""level2"":""Academia"",""level3"":""anesthesiologist"",""person_count"":6,""example_wikidata_codes"":""Q21095619|Q23303156|Q23855317""}]"	0	0	[]	Discovery/Science	proposed	high	agrees_with_previous_llm	[]	0	freebase_bhht_author_lookup_v1	lookup_candidate_not_frozen	"[""Amjad Mohammed Khan"", ""James Wilson Muggoch"", ""Jimmy Womack""]"
630	Obstetrician	7	obstetrician	author_exact	exact_unique	Discovery/Science	Academia	"[[""Discovery/Science"",""Academia""]]"	1	1	"[""obstetrician""]"	[830]	"[[""Discovery/Science"",""Academia""]]"	[830]	Discovery/Science	Academia	obstetrician	0	0	"[{""level1"":""Discovery/Science"",""level2"":""Academia"",""level3"":""obstetrician"",""person_count"":125,""example_wikidata_codes"":""Q111149|Q1279598|Q13360682""}]"	0	0	[]	Discovery/Science	proposed	high	agrees_with_previous_llm	[]	0	freebase_bhht_author_lookup_v1	lookup_candidate_not_frozen	"[""Andrew Laming"", ""Jed Goldberg"", ""John Benjamin Frankenberg""]"
631	Lieutenant	7	lieutenant	author_exact	exact_unique	Leadership	Military	"[[""Leadership"",""Military""]]"	1	1	"[""lieutenant""]"	[1402]	"[[""Leadership"",""Military""]]"	[1402]	Leadership	Military	lieutenant	0	0	"[{""level1"":""Leadership"",""level2"":""Military"",""level3"":""lieutenant"",""person_count"":973,""example_wikidata_codes"":""Q101874|Q102276|Q1028553""}]"	0	0	[]	Leadership	proposed	medium	agrees_with_previous_llm	[]	0	freebase_bhht_author_lookup_v1	lookup_candidate_not_frozen	"[""Andrzej Kaden-Bandrowski"", ""Hastings Russell, 12th Duke of Bedford"", ""James Callaghan""]"
632	Ventriloquist	7	ventriloquist	author_exact	exact_unique	Culture	Culture-core	"[[""Culture"",""Culture-core""]]"	1	1	"[""_ventriloquist""]"	[342]	"[[""Culture"",""Culture-core""]]"	[342]	Culture	Culture-core	_ventriloquist	0	0	"[{""level1"":""Culture"",""level2"":""Culture-core"",""level3"":""ventriloquist"",""person_count"":54,""example_wikidata_codes"":""Q11682463|Q1378461|Q14762946""}]"	0	0	[]	Culture	proposed	high	agrees_with_previous_llm	[]	0	freebase_bhht_author_lookup_v1	lookup_candidate_not_frozen	"[""Andy Gross (Actor)"", ""Edgar Bergen"", ""Jeff Dunham""]"
633	Governess	7	governess	no_author_rule	no_author_rule			[]	0	0	[]	[]	[]	[]				0	0	[]	0	0	"[""no_author_rule""]"		needs_review	low	no_unique_author_l1_candidate	"[""no_author_rule""]"	0	freebase_bhht_author_lookup_v1	lookup_candidate_not_frozen	"[""Anne Brontë"", ""Charlotte Brontë"", ""Dulcie Gray""]"
634	Animation Director	7	animation_director	author_substring	substring_unique_candidate	Culture	Culture-core	"[[""Culture"",""Culture-core""]]"	1	1	"[""animation""]"	[347]	"[[""Culture"",""Culture-core""]]"	[347]	Culture	Culture-core	animation	0	0	[]	0	0	"[""substring_requires_transfer_review""]"	Culture	proposed	medium	agrees_with_previous_llm	"[""substring_requires_transfer_review""]"	0	freebase_bhht_author_lookup_v1	lookup_candidate_not_frozen	"[""Attila Dargay"", ""Greg Colton"", ""Hayao Miyazaki""]"
635	Grocer	7	grocer	author_exact	exact_unique	Other	Worker/Business (small)	"[[""Other"",""Worker/Business (small)""]]"	1	1	"[""grocer""]"	[1604]	"[[""Other"",""Worker/Business (small)""]]"	[1604]	Other	Worker/Business (small)	grocer	0	0	"[{""level1"":""Other"",""level2"":""Worker/Business (small)"",""level3"":""grocer"",""person_count"":27,""example_wikidata_codes"":""Q1573976|Q16012054|Q1702091""}]"	0	0	[]		out_of_scope	high	formal_author_other_previously_out_of_scope	[]	0	freebase_bhht_author_lookup_v1	lookup_candidate_not_frozen	"[""Barry Lineker"", ""James Earl Carter, Sr."", ""John Augustine Feeney""]"
636	Ornithologist	7	ornithologist	author_exact	exact_unique	Discovery/Science	Academia	"[[""Discovery/Science"",""Academia""]]"	1	1	"[""ornithologist""]"	[838]	"[[""Discovery/Science"",""Academia""]]"	[838]	Discovery/Science	Academia	ornithologist	0	0	"[{""level1"":""Discovery/Science"",""level2"":""Academia"",""level3"":""ornithologist"",""person_count"":1033,""example_wikidata_codes"":""Q100348|Q101359|Q102007""}]"	0	0	[]	Discovery/Science	proposed	high	agrees_with_previous_llm	[]	0	freebase_bhht_author_lookup_v1	lookup_candidate_not_frozen	"[""Bill Oddie"", ""Einhard Bezzel"", ""Hastings Russell, 12th Duke of Bedford""]"
637	Presenter (Profession) #27	7	presenter_(profession)_#27	author_substring	substring_unique_candidate	Culture	Culture-periphery	"[[""Culture"",""Culture-periphery""]]"	1	1	"[""presenter""]"	[638]	"[[""Culture"",""Culture-periphery""]]"	[638]	Culture	Culture-periphery	presenter	0	0	[]	0	0	"[""substring_requires_transfer_review""]"	Culture	proposed	medium	agrees_with_previous_llm	"[""substring_requires_transfer_review""]"	0	freebase_bhht_author_lookup_v1	lookup_candidate_not_frozen	"[""Bong Revilla"", ""Clare Kramer"", ""Lani Mercado""]"
638	/m/02h65y5	7	/m/02h65y5	no_author_rule	no_author_rule			[]	0	0	[]	[]	[]	[]				0	0	[]	0	0	"[""no_author_rule""]"		needs_review	low	no_unique_author_l1_candidate	"[""no_author_rule""]"	0	freebase_bhht_author_lookup_v1	lookup_candidate_not_frozen	"[""Burt Rutan"", ""George Cayley"", ""George H. Prudden""]"
639	Justice of the peace	7	justice_of_the_peace	author_substring	substring_unique_candidate	Leadership	Administration/Law	"[[""Leadership"",""Administration/Law""]]"	1	1	"[""justice""]"	[1080]	"[[""Leadership"",""Administration/Law""]]"	[1080]	Leadership	Administration/Law	justice	0	0	[]	0	0	"[""substring_requires_transfer_review""]"	Leadership	proposed	high	agrees_with_previous_llm	"[""substring_requires_transfer_review""]"	0	freebase_bhht_author_lookup_v1	lookup_candidate_not_frozen	"[""Carol Barnes"", ""Daniel Waldron"", ""George Mason I""]"
640	Agronomist	7	agronomist	author_exact	exact_unique	Discovery/Science	Academia	"[[""Discovery/Science"",""Academia""]]"	1	1	"[""agronomist""]"	[677]	"[[""Discovery/Science"",""Academia""]]"	[677]	Discovery/Science	Academia	agronomist	0	0	"[{""level1"":""Discovery/Science"",""level2"":""Academia"",""level3"":""agronomist"",""person_count"":631,""example_wikidata_codes"":""Q100565|Q10274082|Q10285218""}]"	0	0	[]	Discovery/Science	proposed	medium	agrees_with_previous_llm	[]	0	freebase_bhht_author_lookup_v1	lookup_candidate_not_frozen	"[""Claude Bourguignon"", ""Heinrich Himmler"", ""Herman Funkquist""]"
641	Paramedic	7	paramedic	author_exact	exact_unique	Discovery/Science	Academia	"[[""Discovery/Science"",""Academia""]]"	1	1	"[""paramedic""]"	[847]	"[[""Discovery/Science"",""Academia""]]"	[847]	Discovery/Science	Academia	paramedic	0	0	"[{""level1"":""Discovery/Science"",""level2"":""Academia"",""level3"":""paramedic"",""person_count"":28,""example_wikidata_codes"":""Q16019810|Q163016|Q1701538""}]"	0	0	[]	Discovery/Science	proposed	high	agrees_with_previous_llm	[]	0	freebase_bhht_author_lookup_v1	lookup_candidate_not_frozen	"[""Cody Walker (Actor)"", ""David Lee Roth"", ""Elizabeth Moon""]"
642	Film Distributor	7	film_distributor	author_substring	substring_unique_candidate	Culture	Culture-core	"[[""Culture"",""Culture-core""]]"	1	1	"[""_film_""]"	[320]	"[[""Culture"",""Culture-core""]]"	[320]	Culture	Culture-core	_film_	0	0	[]	0	0	"[""substring_requires_transfer_review""]"		needs_review	low	author_candidate_previous_needs_review	"[""substring_requires_transfer_review""]"	0	freebase_bhht_author_lookup_v1	lookup_candidate_not_frozen	"[""Dan Sonney"", ""Lal"", ""Marshall Schacker""]"
643	Professional Wrestling Referee	7	professional_wrestling_referee	author_substring	substring_unique_candidate	Sports/Games	Sports/Games	"[[""Sports/Games"",""Sports/Games""]]"	1	1	"[""referee"",""wrestling""]"	[211,299]	"[[""Sports/Games"",""Sports/Games""]]"	[211,299]	Sports/Games	Sports/Games	referee	0	0	[]	0	0	"[""substring_requires_transfer_review""]"	Sports/Games	proposed	medium	agrees_with_previous_llm	"[""substring_requires_transfer_review""]"	0	freebase_bhht_author_lookup_v1	lookup_candidate_not_frozen	"[""Dave Hebner"", ""Dean Hart"", ""Garett Bischoff""]"
644	Strategist	7	strategist	no_author_rule	no_author_rule			[]	0	0	[]	[]	[]	[]				0	0	[]	0	0	"[""no_author_rule""]"		needs_review	low	no_unique_author_l1_candidate	"[""no_author_rule""]"	0	freebase_bhht_author_lookup_v1	lookup_candidate_not_frozen	"[""David Meerman Scott"", ""Joel Glenn Wright (Organisation leader) #1"", ""Margaret Hoover""]"
645	Ethicist	7	ethicist	author_exact	exact_unique	Discovery/Science	Academia	"[[""Discovery/Science"",""Academia""]]"	1	1	"[""ethicist""]"	[749]	"[[""Discovery/Science"",""Academia""]]"	[749]	Discovery/Science	Academia	ethicist	0	0	"[{""level1"":""Discovery/Science"",""level2"":""Academia"",""level3"":""ethicist"",""person_count"":43,""example_wikidata_codes"":""Q1279489|Q1328650|Q13522527""}]"	0	0	[]	Discovery/Science	proposed	high	agrees_with_previous_llm	[]	0	freebase_bhht_author_lookup_v1	lookup_candidate_not_frozen	"[""Derek Parfit"", ""Immanuel Kant"", ""John E. Thomas""]"
646	Usher	7	usher	author_exact	exact_unique	Other	Worker/Business (small)	"[[""Other"",""Worker/Business (small)""]]"	1	1	"[""_usher_""]"	[1497]	"[[""Other"",""Worker/Business (small)""]]"	[1497]	Other	Worker/Business (small)	_usher_	0	0	"[{""level1"":""Other"",""level2"":""Worker/Business (small)"",""level3"":""usher"",""person_count"":6,""example_wikidata_codes"":""Q19817677|Q19817678|Q19817692""}]"	0	0	[]		out_of_scope	medium	formal_author_other_previously_out_of_scope	[]	0	freebase_bhht_author_lookup_v1	lookup_candidate_not_frozen	"[""Edna Stillwell Skelton"", ""Gretchen Mol"", ""Jerry Butler (Pornographic actor)""]"
647	Financial Analyst	7	financial_analyst	author_substring	substring_unique_candidate	Other	Worker/Business (small)	"[[""Other"",""Worker/Business (small)""]]"	1	1	"[""analyst""]"	[1514]	"[[""Other"",""Worker/Business (small)""]]"	[1514]	Other	Worker/Business (small)	analyst	0	0	[]	0	0	"[""substring_requires_transfer_review""]"		needs_review	medium	author_candidate_previous_needs_review	"[""substring_requires_transfer_review""]"	0	freebase_bhht_author_lookup_v1	lookup_candidate_not_frozen	"[""Emiliano Salinas"", ""Hadassah Lieberman"", ""Jules B. Garfunkel""]"
648	Tenant farmer	7	tenant_farmer	author_substring	substring_unique_candidate	Other	Worker/Business (small)	"[[""Other"",""Worker/Business (small)""]]"	1	1	"[""farmer""]"	[1589]	"[[""Other"",""Worker/Business (small)""]]"	[1589]	Other	Worker/Business (small)	farmer	0	0	[]	0	0	"[""substring_requires_transfer_review""]"		out_of_scope	high	formal_author_other_previously_out_of_scope	"[""substring_requires_transfer_review""]"	0	freebase_bhht_author_lookup_v1	lookup_candidate_not_frozen	"[""Emmett Berry Murphy"", ""Isaiah Harris (Deceased Person)"", ""Josie Bell Killian""]"
649	Plastic Surgeon	7	plastic_surgeon	author_exact	exact_unique	Discovery/Science	Academia	"[[""Discovery/Science"",""Academia""]]"	1	1	"[""plastic_surgeon""]"	[873]	"[[""Discovery/Science"",""Academia""]]"	[873,908]	Discovery/Science	Academia	plastic_surgeon	0	0	"[{""level1"":""Discovery/Science"",""level2"":""Academia"",""level3"":""plastic_surgeon"",""person_count"":82,""example_wikidata_codes"":""Q119881|Q1442045|Q14656058""}]"	0	0	[]	Discovery/Science	proposed	medium	agrees_with_previous_llm	[]	0	freebase_bhht_author_lookup_v1	lookup_candidate_not_frozen	"[""Frank W. Masters"", ""Frederick Moore (Deceased Person)"", ""Harry Glassman""]"
650	Director of audiography	7	director_of_audiography	author_substring	substring_unique_candidate	Culture	Culture-periphery	"[[""Culture"",""Culture-periphery""]]"	1	1	"[""_audio""]"	[574]	"[[""Culture"",""Culture-periphery""]]"	[574]	Culture	Culture-periphery	_audio	0	0	[]	0	0	"[""substring_requires_transfer_review""]"	Culture	proposed	high	agrees_with_previous_llm	"[""substring_requires_transfer_review""]"	0	freebase_bhht_author_lookup_v1	lookup_candidate_not_frozen	"[""Jin Aketagawa"", ""Kazuhiko Inoue"", ""Kōji Tsujitani""]"
651	Gossip columnist	6	gossip_columnist	author_substring	substring_unique_candidate	Culture	Culture-periphery	"[[""Culture"",""Culture-periphery""]]"	1	1	"[""columnist""]"	[597]	"[[""Culture"",""Culture-periphery""]]"	[597]	Culture	Culture-periphery	columnist	0	0	[]	0	0	"[""substring_requires_transfer_review""]"	Culture	proposed	high	agrees_with_previous_llm	"[""substring_requires_transfer_review""]"	0	freebase_bhht_author_lookup_v1	lookup_candidate_not_frozen	"[""A. J. Benza"", ""Cindy Adams"", ""Hedda Hopper""]"
652	Webmaster	6	webmaster	no_author_rule	no_author_rule			[]	0	0	[]	[]	[]	[]				0	0	[]	0	0	"[""no_author_rule""]"		needs_review	low	no_unique_author_l1_candidate	"[""no_author_rule""]"	0	freebase_bhht_author_lookup_v1	lookup_candidate_not_frozen	"[""A.J. Marik"", ""David J"", ""Dino Andrade""]"
653	Maid	6	maid	no_author_rule	no_author_rule			[]	0	0	[]	[]	[]	[]				0	0	[]	0	0	"[""no_author_rule""]"		out_of_scope	high	no_unique_author_l1_candidate	"[""no_author_rule""]"	0	freebase_bhht_author_lookup_v1	lookup_candidate_not_frozen	"[""Ada Richards"", ""Anne Turner"", ""Christina Fack""]"
654	Acrobat	6	acrobat	no_author_rule	no_author_rule			[]	0	0	[]	[]	[]	[]				0	0	[]	0	0	"[""no_author_rule""]"	Culture	proposed	high	no_unique_author_l1_candidate	"[""no_author_rule""]"	0	freebase_bhht_author_lookup_v1	lookup_candidate_not_frozen	"[""Afonso Stuart"", ""Astrid Villaume"", ""Jennifer Bricker""]"
655	Ethnomusicologist	6	ethnomusicologist	author_substring	substring_unique_candidate	Discovery/Science	Academia	"[[""Discovery/Science"",""Academia""]]"	1	1	"[""musicologist""]"	[664]	"[[""Discovery/Science"",""Academia""]]"	[664]	Discovery/Science	Academia	musicologist	0	0	[]	0	0	"[""substring_requires_transfer_review""]"	Discovery/Science	proposed	medium	agrees_with_previous_llm	"[""substring_requires_transfer_review""]"	0	freebase_bhht_author_lookup_v1	lookup_candidate_not_frozen	"[""Alan Lomax"", ""Daniel Alomía Robles"", ""Geraldine Connor""]"
656	Executioner	6	executioner	author_exact	exact_unique	Leadership	Military	"[[""Leadership"",""Military""]]"	1	1	"[""executioner""]"	[1388]	"[[""Leadership"",""Military""]]"	[1388]	Leadership	Military	executioner	0	0	"[{""level1"":""Leadership"",""level2"":""Military"",""level3"":""executioner"",""person_count"":117,""example_wikidata_codes"":""Q100648|Q1038446|Q105501""}]"	0	0	[]		needs_review	low	author_candidate_previous_needs_review	[]	0	freebase_bhht_author_lookup_v1	lookup_candidate_not_frozen	"[""Albert Pierrepoint"", ""Henry Pierrepoint"", ""James Billington""]"
657	Muralist	6	muralist	author_exact	exact_unique	Culture	Culture-periphery	"[[""Culture"",""Culture-periphery""]]"	1	1	"[""muralist""]"	[635]	"[[""Culture"",""Culture-periphery""]]"	[635]	Culture	Culture-periphery	muralist	0	0	"[{""level1"":""Culture"",""level2"":""Culture-periphery"",""level3"":""muralist"",""person_count"":49,""example_wikidata_codes"":""Q12056548|Q12740452|Q15516987""}]"	0	0	[]	Culture	proposed	high	agrees_with_previous_llm	[]	0	freebase_bhht_author_lookup_v1	lookup_candidate_not_frozen	"[""Alejandro Obregón"", ""Daniel du Janerand"", ""Diego Rivera""]"
658	Furniture Designer	6	furniture_designer	author_substring	substring_unique_candidate	Culture	Culture-periphery	"[[""Culture"",""Culture-periphery""]]"	1	1	"[""designer""]"	[606]	"[[""Culture"",""Culture-periphery""]]"	[606]	Culture	Culture-periphery	designer	0	0	[]	0	0	"[""substring_requires_transfer_review""]"	Culture	proposed	medium	agrees_with_previous_llm	"[""substring_requires_transfer_review""]"	0	freebase_bhht_author_lookup_v1	lookup_candidate_not_frozen	"[""Alexis de la Falaise"", ""Marius Sheamus Berg"", ""Peter Cohen""]"
659	Railroad engineer	6	railroad_engineer	author_substring	substring_cross_l1_conflict			"[[""Discovery/Science"",""Explorer/Inventor/Developer""],[""Other"",""Worker/Business (small)""]]"	2	2	"[""engineer"",""railroad""]"	[1187,1677]	"[[""Discovery/Science"",""Explorer/Inventor/Developer""],[""Other"",""Worker/Business (small)""]]"	[1187,1677]	Discovery/Science	Explorer/Inventor/Developer	engineer	0	0	[]	0	0	"[""substring_requires_transfer_review"",""multiple_author_l1_candidates""]"		needs_review	low	no_unique_author_l1_candidate	"[""substring_requires_transfer_review"",""multiple_author_l1_candidates""]"	0	freebase_bhht_author_lookup_v1	lookup_candidate_not_frozen	"[""Alfred Lamert Dickens"", ""Axel Taube"", ""Fred Evans (Deceased Person) #1""]"
660	Auctioneer	6	auctioneer	author_exact	exact_unique	Other	Worker/Business (small)	"[[""Other"",""Worker/Business (small)""]]"	1	1	"[""auctioneer""]"	[1519]	"[[""Other"",""Worker/Business (small)""]]"	[1519]	Other	Worker/Business (small)	auctioneer	0	0	"[{""level1"":""Other"",""level2"":""Worker/Business (small)"",""level3"":""auctioneer"",""person_count"":48,""example_wikidata_codes"":""Q15435598|Q16866440|Q18161906""}]"	0	0	[]		out_of_scope	high	formal_author_other_previously_out_of_scope	[]	0	freebase_bhht_author_lookup_v1	lookup_candidate_not_frozen	"[""Alfred Marks"", ""Carlo Ferlinghetti"", ""Rob Lite Weiman""]"
661	Evolutionary Biologist	6	evolutionary_biologist	author_substring	substring_unique_candidate	Discovery/Science	Academia	"[[""Discovery/Science"",""Academia""]]"	1	1	"[""biologist""]"	[705]	"[[""Discovery/Science"",""Academia""]]"	[705]	Discovery/Science	Academia	biologist	0	0	[]	0	0	"[""substring_requires_transfer_review""]"	Discovery/Science	proposed	medium	agrees_with_previous_llm	"[""substring_requires_transfer_review""]"	0	freebase_bhht_author_lookup_v1	lookup_candidate_not_frozen	"[""Alfred Russel Wallace"", ""Jukka Jernvall"", ""Olivia Judson""]"
662	Internet Marketer	6	internet_marketer	no_author_rule	no_author_rule			[]	0	0	[]	[]	[]	[]				0	0	[]	0	0	"[""no_author_rule""]"		needs_review	medium	no_unique_author_l1_candidate	"[""no_author_rule""]"	0	freebase_bhht_author_lookup_v1	lookup_candidate_not_frozen	"[""Amarjeet Sharma"", ""Chris Graham (Web Designer)"", ""Ivan Garcia Estebanez""]"
663	Online Marketing Professional	6	online_marketing_professional	author_substring	substring_unique_candidate	Other	Worker/Business (small)	"[[""Other"",""Worker/Business (small)""]]"	1	1	"[""marketing""]"	[1649]	"[[""Other"",""Worker/Business (small)""]]"	[1649]	Other	Worker/Business (small)	marketing	0	0	[]	0	0	"[""substring_requires_transfer_review""]"		needs_review	low	author_candidate_previous_needs_review	"[""substring_requires_transfer_review""]"	0	freebase_bhht_author_lookup_v1	lookup_candidate_not_frozen	"[""Amarjeet Sharma"", ""Hans Willemse"", ""Malika Sharma""]"
664	Switchboard operator	6	switchboard_operator	author_substring	substring_unique_candidate	Other	Worker/Business (small)	"[[""Other"",""Worker/Business (small)""]]"	1	1	"[""operator""]"	[1661]	"[[""Other"",""Worker/Business (small)""]]"	[1661]	Other	Worker/Business (small)	operator	0	0	[]	0	0	"[""substring_requires_transfer_review""]"		out_of_scope	medium	formal_author_other_previously_out_of_scope	"[""substring_requires_transfer_review""]"	0	freebase_bhht_author_lookup_v1	lookup_candidate_not_frozen	"[""Andrea Heinemann Simon"", ""Ethel McGuire"", ""Jane Wyman""]"
665	Fight Choreographer	6	fight_choreographer	author_substring	substring_unique_candidate	Culture	Culture-core	"[[""Culture"",""Culture-core""]]"	1	1	"[""choreographer""]"	[382]	"[[""Culture"",""Culture-core""]]"	[382]	Culture	Culture-core	choreographer	0	0	[]	0	0	"[""substring_requires_transfer_review""]"	Culture	proposed	high	agrees_with_previous_llm	"[""substring_requires_transfer_review""]"	0	freebase_bhht_author_lookup_v1	lookup_candidate_not_frozen	"[""Andrew Dasz"", ""Ho-Sung Pak"", ""Iko Uwais""]"
666	Corporate lawyer	6	corporate_lawyer	author_substring	substring_unique_candidate	Leadership	Administration/Law	"[[""Leadership"",""Administration/Law""]]"	1	1	"[""_lawyer""]"	[1053]	"[[""Leadership"",""Administration/Law""]]"	[1053]	Leadership	Administration/Law	_lawyer	0	0	[]	0	0	"[""substring_requires_transfer_review""]"	Leadership	proposed	high	agrees_with_previous_llm	"[""substring_requires_transfer_review""]"	0	freebase_bhht_author_lookup_v1	lookup_candidate_not_frozen	"[""Anthony Pantaleoni"", ""Asa Danes"", ""David Mills""]"
667	Gynecologist	6	gynecologist	author_exact	exact_unique	Discovery/Science	Academia	"[[""Discovery/Science"",""Academia""]]"	1	1	"[""gynecologist""]"	[772]	"[[""Discovery/Science"",""Academia""],[""Leadership"",""Politics""]]"	[735,772,968]	Discovery/Science	Academia	ecologist	0	0	"[{""level1"":""Discovery/Science"",""level2"":""Academia"",""level3"":""gynecologist"",""person_count"":2,""example_wikidata_codes"":""Q19382693|Q3161363""}]"	0	0	[]	Discovery/Science	proposed	medium	agrees_with_previous_llm	[]	0	freebase_bhht_author_lookup_v1	lookup_candidate_not_frozen	"[""Anu Ansip"", ""Avner Hershlag"", ""François Olivennes""]"
668	Counselor	6	counselor	author_exact	exact_unique	Other	Worker/Business (small)	"[[""Other"",""Worker/Business (small)""]]"	1	1	"[""counselor""]"	[1571]	"[[""Other"",""Worker/Business (small)""]]"	[1571]	Other	Worker/Business (small)	counselor	0	0	"[{""level1"":""Other"",""level2"":""Worker/Business (small)"",""level3"":""counselor"",""person_count"":17,""example_wikidata_codes"":""Q18632838|Q20657501|Q20707427""}]"	0	0	[]		needs_review	low	author_candidate_previous_needs_review	[]	0	freebase_bhht_author_lookup_v1	lookup_candidate_not_frozen	"[""Barry Jerome Chase"", ""Hadassah Lieberman"", ""Henry B. Eyring""]"
669	Kindergarten Teacher	6	kindergarten_teacher	author_substring	substring_unique_candidate	Discovery/Science	Academia	"[[""Discovery/Science"",""Academia""]]"	1	1	"[""teacher_""]"	[910]	"[[""Discovery/Science"",""Academia""]]"	[910]	Discovery/Science	Academia	teacher_	0	0	[]	0	0	"[""substring_requires_transfer_review""]"	Discovery/Science	proposed	high	agrees_with_previous_llm	"[""substring_requires_transfer_review""]"	0	freebase_bhht_author_lookup_v1	lookup_candidate_not_frozen	"[""Becky McCook"", ""Helen Brugat"", ""Helen TenBroeck Storms Cornell""]"
670	Shoemaker	6	shoemaker	author_exact	exact_unique	Other	Worker/Business (small)	"[[""Other"",""Worker/Business (small)""]]"	1	1	"[""_shoemaker""]"	[1491]	"[[""Other"",""Worker/Business (small)""]]"	[1491]	Other	Worker/Business (small)	_shoemaker	0	0	"[{""level1"":""Other"",""level2"":""Worker/Business (small)"",""level3"":""shoemaker"",""person_count"":6,""example_wikidata_codes"":""Q105947|Q110120|Q19799190""}]"	0	0	[]		out_of_scope	medium	formal_author_other_previously_out_of_scope	[]	0	freebase_bhht_author_lookup_v1	lookup_candidate_not_frozen	"[""Benjamin Warner (Shoemaker)"", ""Besarion Jughashvili"", ""Hans Andersen""]"
671	Bounty hunter	6	bounty_hunter	author_substring	substring_unique_candidate	Other	Worker/Business (small)	"[[""Other"",""Worker/Business (small)""]]"	1	1	"[""_hunter""]"	[1465]	"[[""Other"",""Worker/Business (small)""]]"	[1465]	Other	Worker/Business (small)	_hunter	0	0	[]	0	0	"[""substring_requires_transfer_review""]"		needs_review	low	author_candidate_previous_needs_review	"[""substring_requires_transfer_review""]"	0	freebase_bhht_author_lookup_v1	lookup_candidate_not_frozen	"[""Beth Smith"", ""Domino Harvey"", ""Duane Lee  Chapman""]"
672	Instructor	6	instructor	author_exact	exact_unique	Discovery/Science	Academia	"[[""Discovery/Science"",""Academia""]]"	1	1	"[""instructor""]"	[794]	"[[""Discovery/Science"",""Academia""]]"	[794]	Discovery/Science	Academia	instructor	0	0	"[{""level1"":""Discovery/Science"",""level2"":""Academia"",""level3"":""instructor"",""person_count"":111,""example_wikidata_codes"":""Q1085793|Q110879|Q11349462""}]"	0	0	[]		needs_review	low	author_candidate_previous_needs_review	[]	0	freebase_bhht_author_lookup_v1	lookup_candidate_not_frozen	"[""Betty LaDuke"", ""Caitlin Clarke"", ""Christopher Atkins""]"
673	Public Relations	6	public_relations	no_author_rule	no_author_rule			[]	0	0	[]	[]	[]	[]				0	0	[]	0	0	"[""no_author_rule""]"		needs_review	low	no_unique_author_l1_candidate	"[""no_author_rule""]"	0	freebase_bhht_author_lookup_v1	lookup_candidate_not_frozen	"[""Betül Mardin"", ""Bob Bennett"", ""Joe Baca""]"
674	Mail carrier	6	mail_carrier	no_author_rule	no_author_rule			[]	0	0	[]	[]	[]	[]				0	0	[]	0	0	"[""no_author_rule""]"		out_of_scope	high	no_unique_author_l1_candidate	"[""no_author_rule""]"	0	freebase_bhht_author_lookup_v1	lookup_candidate_not_frozen	"[""Bill Smith (Man) #24"", ""Giovanni Sarto"", ""Johnson Flanagan Sr.""]"
675	Chauffeur	6	chauffeur	author_exact	exact_unique	Other	Worker/Business (small)	"[[""Other"",""Worker/Business (small)""]]"	1	1	"[""_chauffeur""]"	[1443]	"[[""Other"",""Worker/Business (small)""]]"	[1443]	Other	Worker/Business (small)	_chauffeur	0	0	"[{""level1"":""Other"",""level2"":""Worker/Business (small)"",""level3"":""chauffeur"",""person_count"":10,""example_wikidata_codes"":""Q1525715|Q17413814|Q2339431""}]"	0	0	[]		out_of_scope	high	formal_author_other_previously_out_of_scope	[]	0	freebase_bhht_author_lookup_v1	lookup_candidate_not_frozen	"[""Birger Ragnar Svenson"", ""Christopher Cabot"", ""Erwin Strittmatter""]"
676	Music publisher (Profession) #1	6	music_publisher_(profession)_#1	author_substring	substring_same_l1_multiple_l2	Culture		"[[""Culture"",""Culture-core""],[""Culture"",""Culture-periphery""]]"	1	2	"[""_music"",""publisher""]"	[325,643]	"[[""Culture"",""Culture-core""],[""Culture"",""Culture-periphery""]]"	[325,643]	Culture	Culture-core	_music	0	0	[]	0	0	"[""substring_requires_transfer_review"",""multiple_author_l2_candidates""]"	Culture	proposed	medium	agrees_with_previous_llm	"[""substring_requires_transfer_review"",""multiple_author_l2_candidates""]"	0	freebase_bhht_author_lookup_v1	lookup_candidate_not_frozen	"[""Bobby Crawford (Jockey)"", ""Carson Parks"", ""Giulio Ricordi""]"
677	Professional Chess Player	6	professional_chess_player	author_substring	substring_unique_candidate	Sports/Games	Sports/Games	"[[""Sports/Games"",""Sports/Games""]]"	1	1	"[""_chess"",""player""]"	[5,189]	"[[""Sports/Games"",""Sports/Games""]]"	[5,189]	Sports/Games	Sports/Games	_chess	0	0	[]	0	0	"[""substring_requires_transfer_review""]"	Sports/Games	proposed	high	agrees_with_previous_llm	"[""substring_requires_transfer_review""]"	0	freebase_bhht_author_lookup_v1	lookup_candidate_not_frozen	"[""Bobby Fischer"", ""Miyoko Watai"", ""Pendyala Harikrishna""]"
678	Military Leader	6	military_leader	author_substring	substring_unique_candidate	Leadership	Military	"[[""Leadership"",""Military""]]"	1	1	"[""militar""]"	[1407]	"[[""Leadership"",""Military""]]"	[1407]	Leadership	Military	militar	0	0	[]	0	0	"[""substring_requires_transfer_review""]"	Leadership	proposed	high	agrees_with_previous_llm	"[""substring_requires_transfer_review""]"	0	freebase_bhht_author_lookup_v1	lookup_candidate_not_frozen	"[""Bohdan Khmelnytsky"", ""Hans Jauch"", ""Henry Lee III""]"
679	Cook (Profession) #121	6	cook_(profession)_#121	author_substring	substring_unique_candidate	Other	Worker/Business (small)	"[[""Other"",""Worker/Business (small)""]]"	1	1	"[""_cook_""]"	[1449]	"[[""Other"",""Worker/Business (small)""]]"	[1449]	Other	Worker/Business (small)	_cook_	0	0	[]	0	0	"[""substring_requires_transfer_review""]"		out_of_scope	medium	formal_author_other_previously_out_of_scope	"[""substring_requires_transfer_review""]"	0	freebase_bhht_author_lookup_v1	lookup_candidate_not_frozen	"[""Charles Chan"", ""Gordon Ramsay"", ""Julia Child""]"
680	Traveler	6	traveler	author_exact	exact_unique	Discovery/Science	Explorer/Inventor/Developer	"[[""Discovery/Science"",""Explorer/Inventor/Developer""]]"	1	1	"[""traveler""]"	[1208]	"[[""Discovery/Science"",""Explorer/Inventor/Developer""]]"	[1208]	Discovery/Science	Explorer/Inventor/Developer	traveler	0	0	"[{""level1"":""Discovery/Science"",""level2"":""Explorer/Inventor/Developer"",""level3"":""traveler"",""person_count"":29,""example_wikidata_codes"":""Q13943905|Q1582852|Q16031430""}]"	0	0	[]		needs_review	low	author_candidate_previous_needs_review	[]	0	freebase_bhht_author_lookup_v1	lookup_candidate_not_frozen	"[""Charley Boorman"", ""Dervla Murphy"", ""Ferdinand von Richthofen""]"
681	Generalissimo	6	generalissimo	no_author_rule	no_author_rule			[]	0	0	[]	[]	[]	[]				0	0	[]	0	0	"[""no_author_rule""]"	Leadership	proposed	high	no_unique_author_l1_candidate	"[""no_author_rule""]"	0	freebase_bhht_author_lookup_v1	lookup_candidate_not_frozen	"[""Chiang Kai-shek"", ""John of Austria"", ""Miguel I of Portugal""]"
682	Bus driver	6	bus_driver	author_substring	substring_unique_candidate	Sports/Games	Sports/Games	"[[""Sports/Games"",""Sports/Games""]]"	1	1	"[""_driver_""]"	[9]	"[[""Sports/Games"",""Sports/Games""]]"	[9]	Sports/Games	Sports/Games	_driver_	0	0	[]	0	0	"[""substring_requires_transfer_review""]"		out_of_scope	medium	author_candidate_previous_out_of_scope	"[""substring_requires_transfer_review""]"	0	freebase_bhht_author_lookup_v1	lookup_candidate_not_frozen	"[""Chief Dan George"", ""Douglas Frederick Springsteen"", ""Jerome Jesse Berry""]"
683	Fashion Photographer	6	fashion_photographer	author_substring	substring_unique_candidate	Culture	Culture-core	"[[""Culture"",""Culture-core""]]"	1	1	"[""photographer""]"	[491]	"[[""Culture"",""Culture-core""]]"	[491]	Culture	Culture-core	photographer	0	0	[]	0	0	"[""substring_requires_transfer_review""]"	Culture	proposed	medium	agrees_with_previous_llm	"[""substring_requires_transfer_review""]"	0	freebase_bhht_author_lookup_v1	lookup_candidate_not_frozen	"[""Chris Kennedy (Man) #2"", ""Davide Sorrenti"", ""Gilles Bensimon""]"
684	Dubbing Director	6	dubbing_director	no_author_rule	no_author_rule			[]	0	0	[]	[]	[]	[]				0	0	[]	0	0	"[""no_author_rule""]"	Culture	proposed	high	no_unique_author_l1_candidate	"[""no_author_rule""]"	0	freebase_bhht_author_lookup_v1	lookup_candidate_not_frozen	"[""Cristiana Lionello"", ""Garcia Júnior"", ""Gianni Musy""]"
685	Conservator-restorer	6	conservator-restorer	author_substring	substring_unique_candidate	Culture	Culture-periphery	"[[""Culture"",""Culture-periphery""]]"	1	1	"[""restorer""]"	[649]	"[[""Culture"",""Culture-periphery""]]"	[649]	Culture	Culture-periphery	restorer	0	0	[]	0	0	"[""substring_requires_transfer_review""]"	Culture	proposed	medium	agrees_with_previous_llm	"[""substring_requires_transfer_review""]"	0	freebase_bhht_author_lookup_v1	lookup_candidate_not_frozen	"[""Cyril Diver"", ""György Tarr"", ""Mary Badham""]"
686	Watchmaker	6	watchmaker	author_exact	exact_unique	Other	Worker/Business (small)	"[[""Other"",""Worker/Business (small)""]]"	1	1	"[""watchmaker""]"	[1711]	"[[""Other"",""Worker/Business (small)""]]"	[1711]	Other	Worker/Business (small)	watchmaker	0	0	"[{""level1"":""Other"",""level2"":""Worker/Business (small)"",""level3"":""watchmaker"",""person_count"":240,""example_wikidata_codes"":""Q1030239|Q1039063|Q1040695""}]"	0	0	[]		out_of_scope	high	formal_author_other_previously_out_of_scope	[]	0	freebase_bhht_author_lookup_v1	lookup_candidate_not_frozen	"[""Dan Spitz"", ""Dietrich Gruen"", ""George J. Gruen""]"
687	Travel writer	6	travel_writer	author_substring	substring_unique_candidate	Culture	Culture-core	"[[""Culture"",""Culture-core""]]"	1	1	"[""_writer""]"	[343]	"[[""Culture"",""Culture-core""]]"	[343]	Culture	Culture-core	_writer	0	0	[]	0	0	"[""substring_requires_transfer_review""]"	Culture	proposed	high	agrees_with_previous_llm	"[""substring_requires_transfer_review""]"	0	freebase_bhht_author_lookup_v1	lookup_candidate_not_frozen	"[""Dana Lamb"", ""Hugo Williams"", ""Mary Shelley""]"
688	Chiropractor	6	chiropractor	no_author_rule	no_author_rule			[]	0	0	[]	[]	[]	[]				0	0	[]	0	0	"[""no_author_rule""]"	Discovery/Science	proposed	medium	no_unique_author_l1_candidate	"[""no_author_rule""]"	0	freebase_bhht_author_lookup_v1	lookup_candidate_not_frozen	"[""Daniel David Palmer"", ""Gus Mercurio"", ""Hilliard Beyerstein""]"
689	Interior Decorator	6	interior_decorator	author_substring	substring_unique_candidate	Culture	Culture-periphery	"[[""Culture"",""Culture-periphery""]]"	1	1	"[""decorator""]"	[605]	"[[""Culture"",""Culture-periphery""]]"	[605]	Culture	Culture-periphery	decorator	0	0	[]	0	0	"[""substring_requires_transfer_review""]"	Culture	proposed	medium	agrees_with_previous_llm	"[""substring_requires_transfer_review""]"	0	freebase_bhht_author_lookup_v1	lookup_candidate_not_frozen	"[""David Nightingale Hicks"", ""George Weber (Deceased Person)"", ""Jocasta Innes""]"
690	Sound Director	6	sound_director	no_author_rule	no_author_rule			[]	0	0	[]	[]	[]	[]				0	0	[]	0	0	"[""no_author_rule""]"	Culture	proposed	high	no_unique_author_l1_candidate	"[""no_author_rule""]"	0	freebase_bhht_author_lookup_v1	lookup_candidate_not_frozen	"[""Douglas Shearer"", ""Jacob Vander Ark"", ""Sadayoshi Fujino""]"
691	Drafter	6	drafter	no_author_rule	no_author_rule			[]	0	0	[]	[]	[]	[]				0	0	[]	0	0	"[""no_author_rule""]"		needs_review	low	no_unique_author_l1_candidate	"[""no_author_rule""]"	0	freebase_bhht_author_lookup_v1	lookup_candidate_not_frozen	"[""Elizabeth Murray"", ""Gordon Jackson"", ""Hall Caine""]"
692	Courtier	6	courtier	author_exact	exact_unique	Other	Worker/Business (small)	"[[""Other"",""Worker/Business (small)""]]"	1	1	"[""courtier""]"	[1572]	"[[""Other"",""Worker/Business (small)""]]"	[1572]	Other	Worker/Business (small)	courtier	0	0	"[{""level1"":""Other"",""level2"":""Worker/Business (small)"",""level3"":""courtier"",""person_count"":184,""example_wikidata_codes"":""Q11763814|Q11899469|Q12301777""}]"	0	0	[]		needs_review	low	author_candidate_previous_needs_review	[]	0	freebase_bhht_author_lookup_v1	lookup_candidate_not_frozen	"[""Elizabeth Savage, Countess Rivers"", ""Henry FitzAlan, 19th Earl of Arundel"", ""Izumi Shikibu""]"
693	Oceanographer	6	oceanographer	author_exact	exact_unique	Discovery/Science	Academia	"[[""Discovery/Science"",""Academia""]]"	1	1	"[""oceanographer""]"	[832]	"[[""Discovery/Science"",""Academia""]]"	[832]	Discovery/Science	Academia	oceanographer	0	0	"[{""level1"":""Discovery/Science"",""level2"":""Academia"",""level3"":""oceanographer"",""person_count"":184,""example_wikidata_codes"":""Q113081|Q11309859|Q12713503""}]"	0	0	[]	Discovery/Science	proposed	high	agrees_with_previous_llm	[]	0	freebase_bhht_author_lookup_v1	lookup_candidate_not_frozen	"[""Fabien Cousteau"", ""Henry Melson Stommel"", ""Jacques Cousteau""]"
694	Brewer	6	brewer	author_exact	exact_unique	Other	Worker/Business (small)	"[[""Other"",""Worker/Business (small)""]]"	1	1	"[""brewer""]"	[1541]	"[[""Other"",""Worker/Business (small)""]]"	[1541]	Other	Worker/Business (small)	brewer	0	0	"[{""level1"":""Other"",""level2"":""Worker/Business (small)"",""level3"":""brewer"",""person_count"":105,""example_wikidata_codes"":""Q102230|Q107965|Q1080305""}]"	0	0	[]		out_of_scope	medium	formal_author_other_previously_out_of_scope	[]	0	freebase_bhht_author_lookup_v1	lookup_candidate_not_frozen	"[""Frederic Austerlitz"", ""Hamar Alfred Bass"", ""Michael Bass, 1st Baron Burton""]"
695	Geophysicist	6	geophysicist	author_substring	substring_unique_candidate	Discovery/Science	Academia	"[[""Discovery/Science"",""Academia""]]"	1	1	"[""physicist""]"	[868]	"[[""Discovery/Science"",""Academia""]]"	[868]	Discovery/Science	Academia	physicist	0	0	[]	0	0	"[""substring_requires_transfer_review""]"	Discovery/Science	proposed	high	agrees_with_previous_llm	"[""substring_requires_transfer_review""]"	0	freebase_bhht_author_lookup_v1	lookup_candidate_not_frozen	"[""Gilbert Mead"", ""Janez K. Lapajne"", ""Maurice Hill (Geophysicist)""]"
696	Street artist	6	street_artist	author_substring	substring_unique_candidate	Culture	Culture-core	"[[""Culture"",""Culture-core""]]"	1	1	"[""_artist""]"	[304]	"[[""Culture"",""Culture-core""]]"	[304]	Culture	Culture-core	_artist	0	0	[]	0	0	"[""substring_requires_transfer_review""]"	Culture	proposed	high	agrees_with_previous_llm	"[""substring_requires_transfer_review""]"	0	freebase_bhht_author_lookup_v1	lookup_candidate_not_frozen	"[""Gustavo Pandolfo"", ""Jean-Michel Basquiat"", ""Kylie Ireland""]"
697	Rodeo performer	6	rodeo_performer	author_substring	substring_cross_l1_conflict			"[[""Culture"",""Culture-core""],[""Sports/Games"",""Sports/Games""]]"	2	2	"[""rodeo"",""performer""]"	[217,488]	"[[""Culture"",""Culture-core""],[""Sports/Games"",""Sports/Games""]]"	[217,488]	Sports/Games	Sports/Games	rodeo	0	0	[]	0	0	"[""substring_requires_transfer_review"",""multiple_author_l1_candidates""]"	Sports/Games	proposed	medium	no_unique_author_l1_candidate	"[""substring_requires_transfer_review"",""multiple_author_l1_candidates""]"	0	freebase_bhht_author_lookup_v1	lookup_candidate_not_frozen	"[""Helen Gibson"", ""Kitty Canutt"", ""Montie Montana Jr.""]"
698	Property Master	6	property_master	no_author_rule	no_author_rule			[]	0	0	[]	[]	[]	[]				0	0	[]	0	0	"[""no_author_rule""]"	Culture	proposed	high	no_unique_author_l1_candidate	"[""no_author_rule""]"	0	freebase_bhht_author_lookup_v1	lookup_candidate_not_frozen	"[""J. Robert Benton"", ""Joseph Badalucco Jr."", ""Julie Witherington""]"
699	Web Developer	6	web_developer	author_substring	substring_unique_candidate	Discovery/Science	Explorer/Inventor/Developer	"[[""Discovery/Science"",""Explorer/Inventor/Developer""]]"	1	1	"[""developer""]"	[1184]	"[[""Discovery/Science"",""Explorer/Inventor/Developer""]]"	[1184]	Discovery/Science	Explorer/Inventor/Developer	developer	0	0	[]	0	0	"[""substring_requires_transfer_review""]"	Discovery/Science	proposed	high	agrees_with_previous_llm	"[""substring_requires_transfer_review""]"	0	freebase_bhht_author_lookup_v1	lookup_candidate_not_frozen	"[""Mantas Malukas"", ""Michał Wróblewski"", ""Paul Scolnick""]"
700	Breeder	5	breeder	author_exact	exact_unique	Other	Worker/Business (small)	"[[""Other"",""Worker/Business (small)""]]"	1	1	"[""_breeder""]"	[1439]	"[[""Other"",""Worker/Business (small)""]]"	[1439]	Other	Worker/Business (small)	_breeder	0	0	"[{""level1"":""Other"",""level2"":""Worker/Business (small)"",""level3"":""breeder"",""person_count"":107,""example_wikidata_codes"":""Q1161485|Q1173895|Q1189401""}]"	0	0	[]		out_of_scope	medium	formal_author_other_previously_out_of_scope	[]	0	freebase_bhht_author_lookup_v1	lookup_candidate_not_frozen	"[""A. N. Hartley"", ""Carl Switzer"", ""Diana Muldaur""]"
701	Avatar of Vashanka	5	avatar_of_vashanka	no_author_rule	no_author_rule			[]	0	0	[]	[]	[]	[]				0	0	[]	0	0	"[""no_author_rule""]"		needs_review	low	no_unique_author_l1_candidate	"[""no_author_rule""]"	0	freebase_bhht_author_lookup_v1	lookup_candidate_not_frozen	"[""Abbas ibn Ali"", ""Ali"", ""David""]"
702	Son of the Storm God	5	son_of_the_storm_god	author_substring	substring_unique_candidate	Other	Family	"[[""Other"",""Family""]]"	1	1	"[""_son_""]"	[1724]	"[[""Other"",""Family""]]"	[1724]	Other	Family	_son_	0	0	[]	0	0	"[""substring_requires_transfer_review""]"		out_of_scope	high	formal_author_other_previously_out_of_scope	"[""substring_requires_transfer_review""]"	0	freebase_bhht_author_lookup_v1	lookup_candidate_not_frozen	"[""Abbas ibn Ali"", ""Ali"", ""David""]"
703	Warrior	5	warrior	author_exact	exact_unique	Leadership	Military	"[[""Leadership"",""Military""]]"	1	1	"[""warrior""]"	[1430]	"[[""Leadership"",""Military""]]"	[1430]	Leadership	Military	warrior	0	0	"[{""level1"":""Leadership"",""level2"":""Military"",""level3"":""warrior"",""person_count"":199,""example_wikidata_codes"":""Q11025877|Q11201468|Q11212388""},{""level1"":""Sports/Games"",""level2"":""Sports/Games"",""level3"":""warrior"",""person_count"":4,""example_wikidata_codes"":""Q20712897|Q20877125|Q20877250""}]"	1	1	"[""person_main_reference_disagrees_not_used_to_override""]"		needs_review	low	author_candidate_previous_needs_review	"[""person_main_reference_disagrees_not_used_to_override""]"	0	freebase_bhht_author_lookup_v1	lookup_candidate_not_frozen	"[""Abbas ibn Ali"", ""Ali"", ""David""]"
704	Boss	5	boss	no_author_rule	no_author_rule			[]	0	0	[]	[]	[]	[]				0	0	[]	0	0	"[""no_author_rule""]"		needs_review	low	no_unique_author_l1_candidate	"[""no_author_rule""]"	0	freebase_bhht_author_lookup_v1	lookup_candidate_not_frozen	"[""Abu Salem"", ""Carlo Gambino"", ""John Franzese""]"
705	Crystallographer	5	crystallographer	author_exact	exact_unique	Discovery/Science	Academia	"[[""Discovery/Science"",""Academia""]]"	1	1	"[""crystallographer""]"	[726]	"[[""Discovery/Science"",""Academia""]]"	[726]	Discovery/Science	Academia	crystallographer	0	0	"[{""level1"":""Discovery/Science"",""level2"":""Academia"",""level3"":""crystallographer"",""person_count"":30,""example_wikidata_codes"":""Q12083724|Q15995240|Q16210180""}]"	0	0	[]	Discovery/Science	proposed	high	agrees_with_previous_llm	[]	0	freebase_bhht_author_lookup_v1	lookup_candidate_not_frozen	"[""Ada Yonath"", ""John Kendrew"", ""Kathleen Lonsdale""]"
706	Foreman	5	foreman	author_exact	exact_unique	Other	Worker/Business (small)	"[[""Other"",""Worker/Business (small)""]]"	1	1	"[""_foreman""]"	[1459]	"[[""Other"",""Worker/Business (small)""]]"	[1459]	Other	Worker/Business (small)	_foreman	0	0	"[{""level1"":""Other"",""level2"":""Worker/Business (small)"",""level3"":""foreman"",""person_count"":7,""example_wikidata_codes"":""Q16058722|Q29378332|Q4935485""}]"	0	0	[]		needs_review	low	author_candidate_previous_needs_review	[]	0	freebase_bhht_author_lookup_v1	lookup_candidate_not_frozen	"[""Adam C. Sambora"", ""Byron John Barker"", ""Cliff Anderson (Deceased Person)""]"
707	Lumberjack	5	lumberjack	no_author_rule	no_author_rule			[]	0	0	[]	[]	[]	[]				0	0	[]	0	0	"[""no_author_rule""]"		out_of_scope	high	no_unique_author_l1_candidate	"[""no_author_rule""]"	0	freebase_bhht_author_lookup_v1	lookup_candidate_not_frozen	"[""Aksel Sandemose"", ""Chief Dan George"", ""Fred Ward""]"
708	Caricaturist	5	caricaturist	author_exact	exact_unique	Culture	Culture-periphery	"[[""Culture"",""Culture-periphery""]]"	1	1	"[""caricaturist""]"	[594]	"[[""Culture"",""Culture-periphery""]]"	[594]	Culture	Culture-periphery	caricaturist	0	0	"[{""level1"":""Culture"",""level2"":""Culture-periphery"",""level3"":""caricaturist"",""person_count"":429,""example_wikidata_codes"":""Q1000734|Q1066490|Q1068495""}]"	0	0	[]	Culture	proposed	high	agrees_with_previous_llm	[]	0	freebase_bhht_author_lookup_v1	lookup_candidate_not_frozen	"[""Al Hirschfeld"", ""Cabu"", ""Clive Francis""]"
709	Theoretical Physicist	5	theoretical_physicist	author_substring	substring_unique_candidate	Discovery/Science	Academia	"[[""Discovery/Science"",""Academia""]]"	1	1	"[""physicist""]"	[868]	"[[""Discovery/Science"",""Academia""]]"	[868]	Discovery/Science	Academia	physicist	0	0	[]	0	0	"[""substring_requires_transfer_review""]"	Discovery/Science	proposed	medium	agrees_with_previous_llm	"[""substring_requires_transfer_review""]"	0	freebase_bhht_author_lookup_v1	lookup_candidate_not_frozen	"[""Albert Einstein"", ""Frank Wilczek"", ""J. Robert Oppenheimer""]"
710	Anatomist	5	anatomist	author_exact	exact_unique	Discovery/Science	Academia	"[[""Discovery/Science"",""Academia""]]"	1	1	"[""anatomist""]"	[681]	"[[""Discovery/Science"",""Academia""]]"	[681]	Discovery/Science	Academia	anatomist	0	0	"[{""level1"":""Discovery/Science"",""level2"":""Academia"",""level3"":""anatomist"",""person_count"":376,""example_wikidata_codes"":""Q100685|Q100707|Q1042450""}]"	0	0	[]	Discovery/Science	proposed	high	agrees_with_previous_llm	[]	0	freebase_bhht_author_lookup_v1	lookup_candidate_not_frozen	"[""Albrecht von Haller"", ""Aureliano Maestre de San Juan"", ""Leonardo da Vinci""]"
711	College gymnast	5	college_gymnast	author_substring	substring_unique_candidate	Sports/Games	Sports/Games	"[[""Sports/Games"",""Sports/Games""]]"	1	1	"[""gymnast""]"	[123]	"[[""Sports/Games"",""Sports/Games""]]"	[123]	Sports/Games	Sports/Games	gymnast	0	0	[]	0	0	"[""substring_requires_transfer_review""]"	Sports/Games	proposed	high	agrees_with_previous_llm	"[""substring_requires_transfer_review""]"	0	freebase_bhht_author_lookup_v1	lookup_candidate_not_frozen	"[""Alex Waller (Professional Athlete) #1"", ""Brooklyn Doggette"", ""Kytra Hunter""]"
712	Pharmacologist	5	pharmacologist	author_exact	exact_unique	Discovery/Science	Academia	"[[""Discovery/Science"",""Academia""]]"	1	1	"[""pharmacologist""]"	[856]	"[[""Discovery/Science"",""Academia""]]"	[856]	Discovery/Science	Academia	pharmacologist	0	0	"[{""level1"":""Discovery/Science"",""level2"":""Academia"",""level3"":""pharmacologist"",""person_count"":389,""example_wikidata_codes"":""Q103675|Q1038989|Q1040071""}]"	0	0	[]	Discovery/Science	proposed	medium	agrees_with_previous_llm	[]	0	freebase_bhht_author_lookup_v1	lookup_candidate_not_frozen	"[""Alexander Fleming"", ""Carl Binz"", ""Ibrahim Abouleish""]"
713	Pamphleteer	5	pamphleteer	author_exact	exact_unique	Leadership	Politics	"[[""Leadership"",""Politics""]]"	1	1	"[""pamphleteer""]"	[1007]	"[[""Leadership"",""Politics""]]"	[1007]	Leadership	Politics	pamphleteer	0	0	"[{""level1"":""Leadership"",""level2"":""Politics"",""level3"":""pamphleteer"",""person_count"":23,""example_wikidata_codes"":""Q11805300|Q18562884|Q19043730""}]"	0	0	[]		needs_review	low	author_candidate_previous_needs_review	[]	0	freebase_bhht_author_lookup_v1	lookup_candidate_not_frozen	"[""Alexander Leighton"", ""Jonathan Swift"", ""Stewart Home""]"
714	Gospel singer	5	gospel_singer	author_substring	substring_unique_candidate	Culture	Culture-core	"[[""Culture"",""Culture-core""]]"	1	1	"[""singer""]"	[529]	"[[""Culture"",""Culture-core""]]"	[529]	Culture	Culture-core	singer	0	0	[]	0	0	"[""substring_requires_transfer_review""]"	Culture	proposed	high	agrees_with_previous_llm	"[""substring_requires_transfer_review""]"	0	freebase_bhht_author_lookup_v1	lookup_candidate_not_frozen	"[""Alfonso Freeman"", ""David Mann"", ""Merry Clayton""]"
715	Patent attorney	5	patent_attorney	author_substring	substring_cross_l1_conflict			"[[""Discovery/Science"",""Explorer/Inventor/Developer""],[""Leadership"",""Administration/Law""]]"	2	2	"[""attorney"",""patent""]"	[1060,1201]	"[[""Discovery/Science"",""Explorer/Inventor/Developer""],[""Leadership"",""Administration/Law""]]"	[1060,1201]	Leadership	Administration/Law	attorney	0	0	[]	0	0	"[""substring_requires_transfer_review"",""multiple_author_l1_candidates""]"	Leadership	proposed	medium	no_unique_author_l1_candidate	"[""substring_requires_transfer_review"",""multiple_author_l1_candidates""]"	0	freebase_bhht_author_lookup_v1	lookup_candidate_not_frozen	"[""Alfred Ely Beach"", ""George Griswold Frelinghuysen"", ""George Ticknor Curtis""]"
716	Porter	5	porter	no_author_rule	no_author_rule			[]	0	0	[]	[]	[]	[]				0	0	"[{""level1"":""Other"",""level2"":""Worker/Business (small)"",""level3"":""porter"",""person_count"":1,""example_wikidata_codes"":""Q5984185""}]"	0	0	"[""no_author_rule""]"		out_of_scope	high	no_unique_author_l1_candidate	"[""no_author_rule""]"	1	freebase_bhht_author_lookup_v1	lookup_candidate_not_frozen	"[""Alfred Lennon"", ""Dudley Henry Dickerson"", ""Edgar Nixon""]"
717	Customs officer	5	customs_officer	author_substring	substring_unique_candidate	Leadership	Military	"[[""Leadership"",""Military""]]"	1	1	"[""officer_""]"	[1412]	"[[""Leadership"",""Military""]]"	[1412]	Leadership	Military	officer_	0	0	[]	0	0	"[""substring_requires_transfer_review""]"	Leadership	proposed	high	agrees_with_previous_llm	"[""substring_requires_transfer_review""]"	0	freebase_bhht_author_lookup_v1	lookup_candidate_not_frozen	"[""Ali Rıza Efendi"", ""Alois Hitler"", ""Herman Melville""]"
718	Sideman	5	sideman	no_author_rule	no_author_rule			[]	0	0	[]	[]	[]	[]				0	0	[]	0	0	"[""no_author_rule""]"	Culture	proposed	medium	no_unique_author_l1_candidate	"[""no_author_rule""]"	0	freebase_bhht_author_lookup_v1	lookup_candidate_not_frozen	"[""Alice Coltrane"", ""Bobby Womack"", ""Eric Dolphy""]"
719	Diarist	5	diarist	author_exact	exact_unique	Culture	Culture-core	"[[""Culture"",""Culture-core""]]"	1	1	"[""_diarist_""]"	[315]	"[[""Culture"",""Culture-core""]]"	[315]	Culture	Culture-core	_diarist_	0	0	"[{""level1"":""Culture"",""level2"":""Culture-core"",""level3"":""diarist"",""person_count"":161,""example_wikidata_codes"":""Q11716750|Q1422497|Q14945431""}]"	0	0	[]	Culture	proposed	high	agrees_with_previous_llm	[]	0	freebase_bhht_author_lookup_v1	lookup_candidate_not_frozen	"[""Alice James"", ""Ned Rorem"", ""Tony Benn""]"
720	Stevedore	5	stevedore	no_author_rule	no_author_rule			[]	0	0	[]	[]	[]	[]				0	0	[]	0	0	"[""no_author_rule""]"		out_of_scope	high	no_unique_author_l1_candidate	"[""no_author_rule""]"	0	freebase_bhht_author_lookup_v1	lookup_candidate_not_frozen	"[""Allan Connors"", ""Chief Dan George"", ""Eric Hoffer""]"
721	Magician (Profession) #81	5	magician_(profession)_#81	author_substring	substring_unique_candidate	Other	Other	"[[""Other"",""Other""]]"	1	1	"[""magic""]"	[1833]	"[[""Other"",""Other""]]"	[1833]	Other	Other	magic	0	0	[]	0	0	"[""substring_requires_transfer_review""]"	Culture	proposed	medium	differs_from_previous_llm	"[""substring_requires_transfer_review"",""previous_llm_l1_disagreement""]"	0	freebase_bhht_author_lookup_v1	lookup_candidate_not_frozen	"[""Andy Gross (Actor)"", ""David Wood (Dramatist)"", ""Jeff Altman""]"
722	Music Historian	5	music_historian	author_substring	substring_cross_l1_conflict			"[[""Culture"",""Culture-core""],[""Discovery/Science"",""Academia""]]"	2	2	"[""_music"",""historian""]"	[325,783]	"[[""Culture"",""Culture-core""],[""Discovery/Science"",""Academia""]]"	[325,783]	Culture	Culture-core	_music	0	0	[]	0	0	"[""substring_requires_transfer_review"",""multiple_author_l1_candidates""]"	Discovery/Science	proposed	high	no_unique_author_l1_candidate	"[""substring_requires_transfer_review"",""multiple_author_l1_candidates""]"	0	freebase_bhht_author_lookup_v1	lookup_candidate_not_frozen	"[""Andy Zax"", ""Bernice Johnson Reagon"", ""Billy Vera""]"
723	Shoe designer	5	shoe_designer	author_substring	substring_unique_candidate	Culture	Culture-periphery	"[[""Culture"",""Culture-periphery""]]"	1	1	"[""designer""]"	[606]	"[[""Culture"",""Culture-periphery""]]"	[606]	Culture	Culture-periphery	designer	0	0	[]	0	0	"[""substring_requires_transfer_review""]"	Culture	proposed	high	agrees_with_previous_llm	"[""substring_requires_transfer_review""]"	0	freebase_bhht_author_lookup_v1	lookup_candidate_not_frozen	"[""Angela Simmons"", ""Fred de la Bretonière"", ""Johannes Huebl""]"
724	Pastoralist	5	pastoralist	author_substring	substring_unique_candidate	Leadership	Religious	"[[""Leadership"",""Religious""]]"	1	1	"[""pastor""]"	[1341]	"[[""Leadership"",""Religious""]]"	[1341]	Leadership	Religious	pastor	0	0	[]	0	0	"[""substring_requires_transfer_review""]"		out_of_scope	medium	author_candidate_previous_out_of_scope	"[""substring_requires_transfer_review""]"	0	freebase_bhht_author_lookup_v1	lookup_candidate_not_frozen	"[""Angus McLachlan"", ""Archibald Clunes Innes"", ""Edward Hamersley""]"
725	Retired	5	retired	no_author_rule	no_author_rule			[]	0	0	[]	[]	[]	[]				0	0	[]	0	0	"[""no_author_rule""]"		out_of_scope	high	no_unique_author_l1_candidate	"[""no_author_rule""]"	0	freebase_bhht_author_lookup_v1	lookup_candidate_not_frozen	"[""Ann Swinton"", ""Francis Franck"", ""Peteris Breikss (Retired person)""]"
726	Compositor	5	compositor	author_exact	exact_unique	Culture	Culture-core	"[[""Culture"",""Culture-core""]]"	1	1	"[""compositor""]"	[399]	"[[""Culture"",""Culture-core""]]"	[399]	Culture	Culture-core	compositor	0	0	[]	0	0	[]	Culture	proposed	high	agrees_with_previous_llm	[]	0	freebase_bhht_author_lookup_v1	lookup_candidate_not_frozen	"[""Anna Terekhova"", ""Jessica Amzoll"", ""Max Hattler""]"
727	Housekeeper	5	housekeeper	author_exact	exact_unique	Other	Worker/Business (small)	"[[""Other"",""Worker/Business (small)""]]"	1	1	"[""housekeeper""]"	[1624]	"[[""Other"",""Worker/Business (small)""]]"	[1624]	Other	Worker/Business (small)	housekeeper	0	0	"[{""level1"":""Other"",""level2"":""Worker/Business (small)"",""level3"":""housekeeper"",""person_count"":3,""example_wikidata_codes"":""Q4946606|Q6707627|Q70512""}]"	0	0	[]		out_of_scope	medium	formal_author_other_previously_out_of_scope	[]	0	freebase_bhht_author_lookup_v1	lookup_candidate_not_frozen	"[""Anne Davies (Deceased Person) #1"", ""Florence May"", ""Ilse Fischer""]"
728	Certified Public Accountant	5	certified_public_accountant	author_substring	substring_unique_candidate	Other	Worker/Business (small)	"[[""Other"",""Worker/Business (small)""]]"	1	1	"[""accountant""]"	[1504]	"[[""Other"",""Worker/Business (small)""]]"	[1504]	Other	Worker/Business (small)	accountant	0	0	[]	0	0	"[""substring_requires_transfer_review""]"		needs_review	low	author_candidate_previous_needs_review	"[""substring_requires_transfer_review""]"	0	freebase_bhht_author_lookup_v1	lookup_candidate_not_frozen	"[""Anne Kennedy Waymouth"", ""Beth Brooke"", ""Bobby Nelson""]"
729	Educationalist	5	educationalist	author_substring	substring_unique_candidate	Discovery/Science	Academia	"[[""Discovery/Science"",""Academia""]]"	1	1	"[""education""]"	[737]	"[[""Discovery/Science"",""Academia""]]"	[737]	Discovery/Science	Academia	education	0	0	[]	0	0	"[""substring_requires_transfer_review""]"	Discovery/Science	proposed	high	agrees_with_previous_llm	"[""substring_requires_transfer_review""]"	0	freebase_bhht_author_lookup_v1	lookup_candidate_not_frozen	"[""Anthony Burgess"", ""Caroline Benn"", ""Colin Mills""]"
730	Paralegal	5	paralegal	author_exact	exact_unique	Leadership	Administration/Law	"[[""Leadership"",""Administration/Law""]]"	1	1	"[""paralegal""]"	[1089]	"[[""Leadership"",""Administration/Law""]]"	[1089]	Leadership	Administration/Law	paralegal	0	0	"[{""level1"":""Leadership"",""level2"":""Administration/Law"",""level3"":""paralegal"",""person_count"":3,""example_wikidata_codes"":""Q126605|Q23016625|Q6396570""}]"	0	0	[]	Leadership	proposed	medium	agrees_with_previous_llm	[]	0	freebase_bhht_author_lookup_v1	lookup_candidate_not_frozen	"[""April Kee"", ""Erin Brockovich"", ""Mara Thompson""]"
731	Radio writer	5	radio_writer	author_substring	substring_same_l1_multiple_l2	Culture		"[[""Culture"",""Culture-core""],[""Culture"",""Culture-periphery""]]"	1	2	"[""_writer"",""_radio_""]"	[343,579]	"[[""Culture"",""Culture-core""],[""Culture"",""Culture-periphery""]]"	[343,579]	Culture	Culture-core	_writer	0	0	[]	0	0	"[""substring_requires_transfer_review"",""multiple_author_l2_candidates""]"	Culture	proposed	high	agrees_with_previous_llm	"[""substring_requires_transfer_review"",""multiple_author_l2_candidates""]"	0	freebase_bhht_author_lookup_v1	lookup_candidate_not_frozen	"[""Arch Hall, Sr."", ""Edward Sloman"", ""John Houseman""]"
732	Arranger (Profession)	5	arranger_(profession)	no_author_rule	no_author_rule			[]	0	0	[]	[]	[]	[]				0	0	[]	0	0	"[""no_author_rule""]"	Culture	proposed	high	no_unique_author_l1_candidate	"[""no_author_rule""]"	0	freebase_bhht_author_lookup_v1	lookup_candidate_not_frozen	"[""Arlen L. Card"", ""Gerard McBurney"", ""John Welsman""]"
733	Newspaper publisher	5	newspaper_publisher	author_substring	substring_unique_candidate	Culture	Culture-periphery	"[[""Culture"",""Culture-periphery""]]"	1	1	"[""publisher""]"	[643]	"[[""Culture"",""Culture-periphery""]]"	[643]	Culture	Culture-periphery	publisher	0	0	[]	0	0	"[""substring_requires_transfer_review""]"	Culture	proposed	medium	agrees_with_previous_llm	"[""substring_requires_transfer_review""]"	0	freebase_bhht_author_lookup_v1	lookup_candidate_not_frozen	"[""Arthur Hays Sulzberger"", ""Philip Dutartre Carter"", ""R. Beers Loos""]"
734	Retailer	5	retailer	author_exact	exact_unique	Other	Worker/Business (small)	"[[""Other"",""Worker/Business (small)""]]"	1	1	"[""_retailer""]"	[1488]	"[[""Other"",""Worker/Business (small)""]]"	[1488]	Other	Worker/Business (small)	_retailer	0	0	"[{""level1"":""Other"",""level2"":""Worker/Business (small)"",""level3"":""retailer"",""person_count"":23,""example_wikidata_codes"":""Q16008098|Q16091572|Q16732520""}]"	0	0	[]		needs_review	low	author_candidate_previous_needs_review	[]	0	freebase_bhht_author_lookup_v1	lookup_candidate_not_frozen	"[""Ascher \""Otto\"" Schechtel"", ""Cyril Magnin"", ""Hermann Kafka""]"
735	Level 10 gymnast	5	level_10_gymnast	author_substring	substring_unique_candidate	Sports/Games	Sports/Games	"[[""Sports/Games"",""Sports/Games""]]"	1	1	"[""gymnast""]"	[123]	"[[""Sports/Games"",""Sports/Games""]]"	[123]	Sports/Games	Sports/Games	gymnast	0	0	[]	0	0	"[""substring_requires_transfer_review""]"	Sports/Games	proposed	high	agrees_with_previous_llm	"[""substring_requires_transfer_review""]"	0	freebase_bhht_author_lookup_v1	lookup_candidate_not_frozen	"[""Ashley Szafranski"", ""Kaitlyn Szafranski"", ""McKenna Lane Kelley""]"
736	Saxophone player	5	saxophone_player	author_substring	substring_cross_l1_conflict			"[[""Culture"",""Culture-core""],[""Sports/Games"",""Sports/Games""]]"	2	2	"[""player"",""saxophone""]"	[189,517]	"[[""Culture"",""Culture-core""],[""Sports/Games"",""Sports/Games""]]"	[189,517]	Sports/Games	Sports/Games	player	0	0	[]	0	0	"[""substring_requires_transfer_review"",""multiple_author_l1_candidates""]"	Culture	proposed	medium	no_unique_author_l1_candidate	"[""substring_requires_transfer_review"",""multiple_author_l1_candidates""]"	0	freebase_bhht_author_lookup_v1	lookup_candidate_not_frozen	"[""Ayaka Hirahara"", ""Benjamin Koppel"", ""David Murray (Post-bop Artist)""]"
737	Climber	5	climber	author_substring	substring_unique_candidate	Sports/Games	Sports/Games	"[[""Sports/Games"",""Sports/Games""]]"	1	1	"[""climb""]"	[74]	"[[""Sports/Games"",""Sports/Games""]]"	[74]	Sports/Games	Sports/Games	climb	0	0	[]	0	0	"[""substring_requires_transfer_review""]"		needs_review	low	author_candidate_previous_needs_review	"[""substring_requires_transfer_review""]"	0	freebase_bhht_author_lookup_v1	lookup_candidate_not_frozen	"[""Barry Bishop"", ""Brent Bishop"", ""Jacek Berbeka""]"
738	Ecologist	5	ecologist	author_exact	exact_cross_l1_conflict			"[[""Discovery/Science"",""Academia""],[""Leadership"",""Politics""]]"	2	2	"[""ecologist""]"	[735,968]	"[[""Discovery/Science"",""Academia""],[""Leadership"",""Politics""]]"	[735,968]	Discovery/Science	Academia	ecologist	0	0	"[{""level1"":""Discovery/Science"",""level2"":""Academia"",""level3"":""ecologist"",""person_count"":973,""example_wikidata_codes"":""Q101003|Q102601|Q10281670""},{""level1"":""Leadership"",""level2"":""Politics"",""level3"":""ecologist"",""person_count"":49,""example_wikidata_codes"":""Q111803|Q1175569|Q15440496""}]"	0	0	"[""multiple_author_l1_candidates""]"		needs_review	low	no_unique_author_l1_candidate	"[""multiple_author_l1_candidates""]"	0	freebase_bhht_author_lookup_v1	lookup_candidate_not_frozen	"[""Barry Bishop"", ""Inés Mendoza"", ""Michael Schnitzler""]"
739	Syndicated columnist	5	syndicated_columnist	author_substring	substring_unique_candidate	Culture	Culture-periphery	"[[""Culture"",""Culture-periphery""]]"	1	1	"[""columnist""]"	[597]	"[[""Culture"",""Culture-periphery""]]"	[597]	Culture	Culture-periphery	columnist	0	0	[]	0	0	"[""substring_requires_transfer_review""]"	Culture	proposed	medium	agrees_with_previous_llm	"[""substring_requires_transfer_review""]"	0	freebase_bhht_author_lookup_v1	lookup_candidate_not_frozen	"[""Bertram M. Bacharach"", ""Charley Reese"", ""Joe Hyams""]"
740	Speech therapist	5	speech_therapist	author_substring	substring_unique_candidate	Discovery/Science	Academia	"[[""Discovery/Science"",""Academia""]]"	1	1	"[""therapist""]"	[916]	"[[""Discovery/Science"",""Academia""]]"	[916]	Discovery/Science	Academia	therapist	0	0	[]	0	0	"[""substring_requires_transfer_review""]"	Discovery/Science	proposed	high	agrees_with_previous_llm	"[""substring_requires_transfer_review""]"	0	freebase_bhht_author_lookup_v1	lookup_candidate_not_frozen	"[""Betty DeGeneres"", ""Betty Martin (Deceased Person)"", ""Katie Firth""]"
741	Video Artist	5	video_artist	author_substring	substring_unique_candidate	Culture	Culture-core	"[[""Culture"",""Culture-core""]]"	1	1	"[""_artist""]"	[304]	"[[""Culture"",""Culture-core""]]"	[304]	Culture	Culture-core	_artist	0	0	[]	0	0	"[""substring_requires_transfer_review""]"	Culture	proposed	high	agrees_with_previous_llm	"[""substring_requires_transfer_review""]"	0	freebase_bhht_author_lookup_v1	lookup_candidate_not_frozen	"[""Bill Viola"", ""Max Hattler"", ""Mercedes Helnwein""]"
742	Bowler	5	bowler	author_exact	exact_unique	Sports/Games	Sports/Games	"[[""Sports/Games"",""Sports/Games""]]"	1	1	"[""bowler""]"	[58]	"[[""Sports/Games"",""Sports/Games""]]"	[58]	Sports/Games	Sports/Games	bowler	0	0	"[{""level1"":""Sports/Games"",""level2"":""Sports/Games"",""level3"":""bowler"",""person_count"":513,""example_wikidata_codes"":""Q1090720|Q11875550|Q1209830""}]"	0	0	[]	Sports/Games	proposed	medium	agrees_with_previous_llm	[]	0	freebase_bhht_author_lookup_v1	lookup_candidate_not_frozen	"[""Billy Hardwick"", ""Chris Barnes (Spokesman)"", ""Dick Weber""]"
743	Voice coach	5	voice_coach	author_substring	substring_unique_candidate	Sports/Games	Sports/Games	"[[""Sports/Games"",""Sports/Games""]]"	1	1	"[""coach""]"	[75]	"[[""Sports/Games"",""Sports/Games""]]"	[75]	Sports/Games	Sports/Games	coach	0	0	[]	0	0	"[""substring_requires_transfer_review""]"	Culture	proposed	high	differs_from_previous_llm	"[""substring_requires_transfer_review"",""previous_llm_l1_disagreement""]"	0	freebase_bhht_author_lookup_v1	lookup_candidate_not_frozen	"[""Blake Shelton"", ""John W. Bullock"", ""Loredana Groza""]"
744	Production Manager (Band)	5	production_manager_(band)	author_substring	substring_cross_l1_conflict			"[[""Culture"",""Culture-core""],[""Leadership"",""Corporate/Executive/Business (large)""]]"	2	2	"[""production_manager"",""manager""]"	[508,1234]	"[[""Culture"",""Culture-core""],[""Leadership"",""Corporate/Executive/Business (large)""]]"	[508,1234]	Culture	Culture-core	production_manager	0	0	[]	0	0	"[""substring_requires_transfer_review"",""multiple_author_l1_candidates""]"	Culture	proposed	high	no_unique_author_l1_candidate	"[""substring_requires_transfer_review"",""multiple_author_l1_candidates""]"	0	freebase_bhht_author_lookup_v1	lookup_candidate_not_frozen	"[""Bluey Hill"", ""Florian Zapatka"", ""Hans Terofal""]"
745	Aerialist	5	aerialist	no_author_rule	no_author_rule			[]	0	0	[]	[]	[]	[]				0	0	[]	0	0	"[""no_author_rule""]"	Culture	proposed	medium	no_unique_author_l1_candidate	"[""no_author_rule""]"	0	freebase_bhht_author_lookup_v1	lookup_candidate_not_frozen	"[""Branca Ferrazo"", ""Carolyn Hennesy"", ""Charley Grapewin""]"
746	Gymnastics Coach	5	gymnastics_coach	author_substring	substring_unique_candidate	Sports/Games	Sports/Games	"[[""Sports/Games"",""Sports/Games""]]"	1	1	"[""coach"",""gymnast""]"	[75,123]	"[[""Sports/Games"",""Sports/Games""]]"	[75,123]	Sports/Games	Sports/Games	coach	0	0	[]	0	0	"[""substring_requires_transfer_review""]"	Sports/Games	proposed	medium	agrees_with_previous_llm	"[""substring_requires_transfer_review""]"	0	freebase_bhht_author_lookup_v1	lookup_candidate_not_frozen	"[""Brandy Johnson"", ""Chris Burdette"", ""Chris Waller (Olympic athlete)""]"
747	Public Relations Executive	5	public_relations_executive	author_substring	substring_unique_candidate	Leadership	Corporate/Executive/Business (large)	"[[""Leadership"",""Corporate/Executive/Business (large)""]]"	1	1	"[""executive""]"	[1223]	"[[""Leadership"",""Corporate/Executive/Business (large)""]]"	[1223]	Leadership	Corporate/Executive/Business (large)	executive	0	0	[]	0	0	"[""substring_requires_transfer_review""]"	Leadership	proposed	high	agrees_with_previous_llm	"[""substring_requires_transfer_review""]"	0	freebase_bhht_author_lookup_v1	lookup_candidate_not_frozen	"[""Bridget Watkins"", ""Desirée Rogers"", ""Eugenia Martínez de Irujo, 12th Duchess of Montoro""]"
748	Fine art artist	5	fine_art_artist	author_substring	substring_unique_candidate	Culture	Culture-core	"[[""Culture"",""Culture-core""]]"	1	1	"[""_artist""]"	[304]	"[[""Culture"",""Culture-core""]]"	[304]	Culture	Culture-core	_artist	0	0	[]	0	0	"[""substring_requires_transfer_review""]"	Culture	proposed	medium	agrees_with_previous_llm	"[""substring_requires_transfer_review""]"	0	freebase_bhht_author_lookup_v1	lookup_candidate_not_frozen	"[""Bruno Schulz"", ""Gottfried Helnwein"", ""Luther E. Vann""]"
749	Executive officer	5	executive_officer	author_substring	substring_same_l1_multiple_l2	Leadership		"[[""Leadership"",""Corporate/Executive/Business (large)""],[""Leadership"",""Military""]]"	1	2	"[""executive"",""officer_""]"	[1223,1412]	"[[""Leadership"",""Corporate/Executive/Business (large)""],[""Leadership"",""Military""]]"	[1223,1412]	Leadership	Corporate/Executive/Business (large)	executive	0	0	[]	0	0	"[""substring_requires_transfer_review"",""multiple_author_l2_candidates""]"	Leadership	proposed	high	agrees_with_previous_llm	"[""substring_requires_transfer_review"",""multiple_author_l2_candidates""]"	0	freebase_bhht_author_lookup_v1	lookup_candidate_not_frozen	"[""Carly Fiorina"", ""Cecil Muellerleile"", ""Freeda Foreman""]"
750	Flamenco Dancer	5	flamenco_dancer	author_substring	substring_unique_candidate	Culture	Culture-core	"[[""Culture"",""Culture-core""]]"	1	1	"[""dancer""]"	[410]	"[[""Culture"",""Culture-core""]]"	[410]	Culture	Culture-core	dancer	0	0	[]	0	0	"[""substring_requires_transfer_review""]"	Culture	proposed	high	agrees_with_previous_llm	"[""substring_requires_transfer_review""]"	0	freebase_bhht_author_lookup_v1	lookup_candidate_not_frozen	"[""Carmen Peers"", ""Cristina Galbó"", ""Enrique Esteve (Actor)""]"
751	Groom of the Stool	5	groom_of_the_stool	no_author_rule	no_author_rule			[]	0	0	[]	[]	[]	[]				0	0	[]	0	0	"[""no_author_rule""]"		needs_review	low	no_unique_author_l1_candidate	"[""no_author_rule""]"	0	freebase_bhht_author_lookup_v1	lookup_candidate_not_frozen	"[""Charles Spencer, 3rd Earl of Sunderland"", ""Henry Sydney, 1st Earl of Romney"", ""James Hamilton, 1st Duke of Abercorn""]"
752	Wrestling Promoter	5	wrestling_promoter	author_substring	substring_unique_candidate	Sports/Games	Sports/Games	"[[""Sports/Games"",""Sports/Games""]]"	1	1	"[""wrestling""]"	[299]	"[[""Sports/Games"",""Sports/Games""]]"	[299]	Sports/Games	Sports/Games	wrestling	0	0	[]	0	0	"[""substring_requires_transfer_review""]"	Sports/Games	proposed	medium	agrees_with_previous_llm	"[""substring_requires_transfer_review""]"	0	freebase_bhht_author_lookup_v1	lookup_candidate_not_frozen	"[""Chris Adams"", ""Dave Hebner"", ""Jess McMahon""]"
753	Welder	5	welder	author_exact	exact_unique	Other	Worker/Business (small)	"[[""Other"",""Worker/Business (small)""]]"	1	1	"[""_welder_""]"	[1501]	"[[""Other"",""Worker/Business (small)""]]"	[1501]	Other	Worker/Business (small)	_welder_	0	0	"[{""level1"":""Other"",""level2"":""Worker/Business (small)"",""level3"":""welder"",""person_count"":3,""example_wikidata_codes"":""Q2616969|Q5338585|Q7087425""}]"	0	0	[]		out_of_scope	high	formal_author_other_previously_out_of_scope	[]	0	freebase_bhht_author_lookup_v1	lookup_candidate_not_frozen	"[""Christian Brando"", ""Gordon Ramsay (Shopkeeper)"", ""Jesse James""]"
754	Lifeguard	5	lifeguard	author_exact	exact_unique	Other	Worker/Business (small)	"[[""Other"",""Worker/Business (small)""]]"	1	1	"[""lifeguard""]"	[1641]	"[[""Other"",""Worker/Business (small)""]]"	[1641]	Other	Worker/Business (small)	lifeguard	0	0	"[{""level1"":""Other"",""level2"":""Worker/Business (small)"",""level3"":""lifeguard"",""person_count"":5,""example_wikidata_codes"":""Q30604155|Q4908000|Q4977676""}]"	0	0	[]		out_of_scope	medium	formal_author_other_previously_out_of_scope	[]	0	freebase_bhht_author_lookup_v1	lookup_candidate_not_frozen	"[""Christopher Atkins"", ""Dave Bautista"", ""Jere Burns""]"
755	Stunt Double	5	stunt_double	author_substring	substring_unique_candidate	Culture	Culture-core	"[[""Culture"",""Culture-core""]]"	1	1	"[""_stunt_""]"	[340]	"[[""Culture"",""Culture-core""]]"	[340]	Culture	Culture-core	_stunt_	0	0	[]	0	0	"[""substring_requires_transfer_review""]"	Culture	proposed	high	agrees_with_previous_llm	"[""substring_requires_transfer_review""]"	0	freebase_bhht_author_lookup_v1	lookup_candidate_not_frozen	"[""Chuck Roberson"", ""Joe Rock"", ""Loyd Bateman""]"
756	Building contractor	5	building_contractor	no_author_rule	no_author_rule			[]	0	0	[]	[]	[]	[]				0	0	[]	0	0	"[""no_author_rule""]"		out_of_scope	high	no_unique_author_l1_candidate	"[""no_author_rule""]"	0	freebase_bhht_author_lookup_v1	lookup_candidate_not_frozen	"[""Colin Rowe (Deceased Person)"", ""Edward Tierney"", ""Jamie Spears""]"
757	Ironmaster	5	ironmaster	author_exact	exact_unique	Other	Worker/Business (small)	"[[""Other"",""Worker/Business (small)""]]"	1	1	"[""ironmaster""]"	[1628]	"[[""Other"",""Worker/Business (small)""]]"	[1628]	Other	Worker/Business (small)	ironmaster	0	0	"[{""level1"":""Other"",""level2"":""Worker/Business (small)"",""level3"":""ironmaster"",""person_count"":41,""example_wikidata_codes"":""Q11803699|Q15458829|Q16065485""}]"	0	0	[]		out_of_scope	medium	formal_author_other_previously_out_of_scope	[]	0	freebase_bhht_author_lookup_v1	lookup_candidate_not_frozen	"[""Curtis Grubb"", ""Edward Burd Grubb, Sr."", ""Henry Bates Grubb""]"
758	Cartographer	5	cartographer	author_exact	exact_unique	Discovery/Science	Academia	"[[""Discovery/Science"",""Academia""]]"	1	1	"[""cartographer""]"	[714]	"[[""Discovery/Science"",""Academia""]]"	[714]	Discovery/Science	Academia	cartographer	0	0	"[{""level1"":""Discovery/Science"",""level2"":""Academia"",""level3"":""cartographer"",""person_count"":529,""example_wikidata_codes"":""Q100447|Q101001|Q10266594""}]"	0	0	[]	Discovery/Science	proposed	high	agrees_with_previous_llm	[]	0	freebase_bhht_author_lookup_v1	lookup_candidate_not_frozen	"[""César-François Cassini de Thury"", ""Henry Pelham (Cartographer)"", ""Joyce Kozloff""]"
759	Weaver	5	weaver	author_exact	exact_unique	Other	Worker/Business (small)	"[[""Other"",""Worker/Business (small)""]]"	1	1	"[""_weaver_""]"	[1500]	"[[""Other"",""Worker/Business (small)""]]"	[1500]	Other	Worker/Business (small)	_weaver_	0	0	"[{""level1"":""Other"",""level2"":""Worker/Business (small)"",""level3"":""weaver"",""person_count"":73,""example_wikidata_codes"":""Q12747855|Q1394020|Q15446428""}]"	0	0	[]		out_of_scope	high	formal_author_other_previously_out_of_scope	[]	0	freebase_bhht_author_lookup_v1	lookup_candidate_not_frozen	"[""Daisy Bewes"", ""David Barrie (Deceased Person)"", ""Domenico Colombo""]"
760	Cognitive scientist	5	cognitive_scientist	author_substring	substring_unique_candidate	Discovery/Science	Academia	"[[""Discovery/Science"",""Academia""]]"	1	1	"[""scientist""]"	[894]	"[[""Discovery/Science"",""Academia""]]"	[894]	Discovery/Science	Academia	scientist	0	0	[]	0	0	"[""substring_requires_transfer_review""]"	Discovery/Science	proposed	medium	agrees_with_previous_llm	"[""substring_requires_transfer_review""]"	0	freebase_bhht_author_lookup_v1	lookup_candidate_not_frozen	"[""Dan Sperber"", ""Daniel Dennett"", ""John McCarthy""]"
761	Tennis coach	5	tennis_coach	author_substring	substring_unique_candidate	Sports/Games	Sports/Games	"[[""Sports/Games"",""Sports/Games""]]"	1	1	"[""coach"",""tennis""]"	[75,271]	"[[""Sports/Games"",""Sports/Games""]]"	[75,271]	Sports/Games	Sports/Games	coach	0	0	[]	0	0	"[""substring_requires_transfer_review""]"	Sports/Games	proposed	medium	agrees_with_previous_llm	"[""substring_requires_transfer_review""]"	0	freebase_bhht_author_lookup_v1	lookup_candidate_not_frozen	"[""Daniel Melo"", ""Judy Murray"", ""Madeline McCoy""]"
762	Security guard	5	security_guard	no_author_rule	no_author_rule			[]	0	0	[]	[]	[]	[]				0	0	[]	0	0	"[""no_author_rule""]"		out_of_scope	high	no_unique_author_l1_candidate	"[""no_author_rule""]"	0	freebase_bhht_author_lookup_v1	lookup_candidate_not_frozen	"[""Darlene Mowry"", ""Ken Lo"", ""Kevin Sorbo""]"
763	Rally Driver	5	rally_driver	author_substring	substring_unique_candidate	Sports/Games	Sports/Games	"[[""Sports/Games"",""Sports/Games""]]"	1	1	"[""_driver_""]"	[9]	"[[""Sports/Games"",""Sports/Games""]]"	[9]	Sports/Games	Sports/Games	_driver_	0	0	[]	0	0	"[""substring_requires_transfer_review""]"	Sports/Games	proposed	medium	agrees_with_previous_llm	"[""substring_requires_transfer_review""]"	0	freebase_bhht_author_lookup_v1	lookup_candidate_not_frozen	"[""Darren Le Gallo"", ""David Henrie"", ""Han Han""]"
764	Furniture Maker	5	furniture_maker	author_exact	exact_unique	Culture	Culture-periphery	"[[""Culture"",""Culture-periphery""]]"	1	1	"[""furniture_maker""]"	[619]	"[[""Culture"",""Culture-periphery""]]"	[619]	Culture	Culture-periphery	furniture_maker	0	0	"[{""level1"":""Culture"",""level2"":""Culture-periphery"",""level3"":""furniture_maker"",""person_count"":52,""example_wikidata_codes"":""Q1085465|Q1447550|Q14629881""}]"	0	0	[]		out_of_scope	high	author_candidate_previous_out_of_scope	[]	0	freebase_bhht_author_lookup_v1	lookup_candidate_not_frozen	"[""David Armstrong-Jones, Viscount Linley"", ""Francis Jourdain"", ""John Bastard (Architect)""]"
765	Still Photographer	5	still_photographer	author_substring	substring_unique_candidate	Culture	Culture-core	"[[""Culture"",""Culture-core""]]"	1	1	"[""photographer""]"	[491]	"[[""Culture"",""Culture-core""]]"	[491]	Culture	Culture-core	photographer	0	0	[]	0	0	"[""substring_requires_transfer_review""]"	Culture	proposed	high	agrees_with_previous_llm	"[""substring_requires_transfer_review""]"	0	freebase_bhht_author_lookup_v1	lookup_candidate_not_frozen	"[""Donata Wenders"", ""Eugene Kornman"", ""Hayley Catt""]"
766	Internist	5	internist	author_exact	exact_unique	Discovery/Science	Academia	"[[""Discovery/Science"",""Academia""]]"	1	1	"[""internist""]"	[797]	"[[""Discovery/Science"",""Academia""]]"	[797]	Discovery/Science	Academia	internist	0	0	"[{""level1"":""Discovery/Science"",""level2"":""Academia"",""level3"":""internist"",""person_count"":402,""example_wikidata_codes"":""Q100773|Q1022545|Q102295""}]"	0	0	[]	Discovery/Science	proposed	medium	agrees_with_previous_llm	[]	0	freebase_bhht_author_lookup_v1	lookup_candidate_not_frozen	"[""Dr. Milton Brothers"", ""Drew Pinsky"", ""Leonard Essman""]"
767	Psychic	5	psychic	author_exact	exact_unique	Other	Other	"[[""Other"",""Other""]]"	1	1	"[""psychic""]"	[1864]	"[[""Other"",""Other""]]"	[1864]	Other	Other	psychic	0	0	"[{""level1"":""Other"",""level2"":""Other"",""level3"":""psychic"",""person_count"":63,""example_wikidata_codes"":""Q11561356|Q1457046|Q15973612""}]"	0	0	[]		needs_review	low	author_candidate_previous_needs_review	[]	0	freebase_bhht_author_lookup_v1	lookup_candidate_not_frozen	"[""Edgar Cayce"", ""Gerard Croiset"", ""Linda and Terry Jamison""]"
768	Web Analyst	5	web_analyst	author_substring	substring_unique_candidate	Other	Worker/Business (small)	"[[""Other"",""Worker/Business (small)""]]"	1	1	"[""analyst""]"	[1514]	"[[""Other"",""Worker/Business (small)""]]"	[1514]	Other	Worker/Business (small)	analyst	0	0	[]	0	0	"[""substring_requires_transfer_review""]"		needs_review	low	author_candidate_previous_needs_review	"[""substring_requires_transfer_review""]"	0	freebase_bhht_author_lookup_v1	lookup_candidate_not_frozen	"[""Eduard Maeso"", ""Gretel Gutierrez"", ""Hans Willemse""]"
769	Seaman	5	seaman	author_exact	exact_unique	Discovery/Science	Explorer/Inventor/Developer	"[[""Discovery/Science"",""Explorer/Inventor/Developer""]]"	1	1	"[""_seaman""]"	[1177]	"[[""Discovery/Science"",""Explorer/Inventor/Developer""]]"	[1177]	Discovery/Science	Explorer/Inventor/Developer	_seaman	0	0	"[{""level1"":""Discovery/Science"",""level2"":""Explorer/Inventor/Developer"",""level3"":""seaman"",""person_count"":13,""example_wikidata_codes"":""Q1452483|Q16003677|Q16842997""}]"	0	0	[]		needs_review	low	author_candidate_previous_needs_review	[]	0	freebase_bhht_author_lookup_v1	lookup_candidate_not_frozen	"[""Edward Hanley"", ""Harry E. Ockelman"", ""Lee Dong-ho (Seaman)""]"
770	Criminologist	5	criminologist	author_exact	exact_unique	Discovery/Science	Academia	"[[""Discovery/Science"",""Academia""]]"	1	1	"[""criminologist""]"	[724]	"[[""Discovery/Science"",""Academia""]]"	[724]	Discovery/Science	Academia	criminologist	0	0	"[{""level1"":""Discovery/Science"",""level2"":""Academia"",""level3"":""criminologist"",""person_count"":260,""example_wikidata_codes"":""Q1030404|Q10336887|Q104834""}]"	0	0	[]	Discovery/Science	proposed	high	agrees_with_previous_llm	[]	0	freebase_bhht_author_lookup_v1	lookup_candidate_not_frozen	"[""Edwin J. Lukas"", ""F. Tennyson Jesse"", ""Jack Levin""]"
771	General practitioner	5	general_practitioner	author_exact	exact_unique	Discovery/Science	Academia	"[[""Discovery/Science"",""Academia""]]"	1	1	"[""general_practitioner""]"	[759]	"[[""Discovery/Science"",""Academia""]]"	[759]	Discovery/Science	Academia	general_practitioner	0	0	"[{""level1"":""Discovery/Science"",""level2"":""Academia"",""level3"":""general_practitioner"",""person_count"":122,""example_wikidata_codes"":""Q1037137|Q108085|Q11801055""}]"	0	0	[]	Discovery/Science	proposed	high	agrees_with_previous_llm	[]	0	freebase_bhht_author_lookup_v1	lookup_candidate_not_frozen	"[""Ewa Kopacz"", ""Harry Jenkins, Sr."", ""Kate McCann""]"
772	Music publisher	5	music_publisher	author_substring	substring_same_l1_multiple_l2	Culture		"[[""Culture"",""Culture-core""],[""Culture"",""Culture-periphery""]]"	1	2	"[""_music"",""publisher""]"	[325,643]	"[[""Culture"",""Culture-core""],[""Culture"",""Culture-periphery""]]"	[325,643]	Culture	Culture-core	_music	0	0	[]	0	0	"[""substring_requires_transfer_review"",""multiple_author_l2_candidates""]"	Culture	proposed	medium	agrees_with_previous_llm	"[""substring_requires_transfer_review"",""multiple_author_l2_candidates""]"	0	freebase_bhht_author_lookup_v1	lookup_candidate_not_frozen	"[""Fred Rose"", ""Henri Casadesus"", ""Jimmy Campbell (Actor) #3""]"
773	Egyptologist	5	egyptologist	author_exact	exact_unique	Discovery/Science	Academia	"[[""Discovery/Science"",""Academia""]]"	1	1	"[""egyptologist""]"	[739]	"[[""Discovery/Science"",""Academia""]]"	[739]	Discovery/Science	Academia	egyptologist	0	0	"[{""level1"":""Discovery/Science"",""level2"":""Academia"",""level3"":""egyptologist"",""person_count"":284,""example_wikidata_codes"":""Q101678|Q104258|Q107810""}]"	0	0	[]	Discovery/Science	proposed	high	agrees_with_previous_llm	[]	0	freebase_bhht_author_lookup_v1	lookup_candidate_not_frozen	"[""Georg Steindorff"", ""George Herbert, 5th Earl of Carnarvon"", ""Howard Carter""]"
774	Literary Scholar	5	literary_scholar	author_substring	substring_cross_l1_conflict			"[[""Culture"",""Culture-core""],[""Discovery/Science"",""Academia""]]"	2	2	"[""_literary_"",""scholar""]"	[323,890]	"[[""Culture"",""Culture-core""],[""Discovery/Science"",""Academia""]]"	[323,890]	Culture	Culture-core	_literary_	0	0	[]	0	0	"[""substring_requires_transfer_review"",""multiple_author_l1_candidates""]"	Discovery/Science	proposed	high	no_unique_author_l1_candidate	"[""substring_requires_transfer_review"",""multiple_author_l1_candidates""]"	0	freebase_bhht_author_lookup_v1	lookup_candidate_not_frozen	"[""George Whalley"", ""Marguerite Kuczynski"", ""Pavel Macedonski""]"
775	Guru	5	guru	author_exact	exact_unique	Leadership	Religious	"[[""Leadership"",""Religious""]]"	1	1	"[""_guru_""]"	[1257]	"[[""Leadership"",""Religious""]]"	[1257]	Leadership	Religious	_guru_	0	0	"[{""level1"":""Leadership"",""level2"":""Religious"",""level3"":""guru"",""person_count"":89,""example_wikidata_codes"":""Q12811033|Q1479144|Q16016133""}]"	0	0	[]	Leadership	proposed	medium	agrees_with_previous_llm	[]	0	freebase_bhht_author_lookup_v1	lookup_candidate_not_frozen	"[""Guru Arjan"", ""Guru Hargobind"", ""Guru Tegh Bahadur""]"
776	Sensei	5	sensei	no_author_rule	no_author_rule			[]	0	0	[]	[]	[]	[]				0	0	[]	0	0	"[""no_author_rule""]"		needs_review	low	no_unique_author_l1_candidate	"[""no_author_rule""]"	0	freebase_bhht_author_lookup_v1	lookup_candidate_not_frozen	"[""Gōzō Shioda"", ""Kisshomaru Ueshiba"", ""Koichi Tohei""]"
777	Horse breeding	5	horse_breeding	no_author_rule	no_author_rule			[]	0	0	[]	[]	[]	[]				0	0	[]	0	0	"[""no_author_rule""]"		out_of_scope	high	no_unique_author_l1_candidate	"[""no_author_rule""]"	0	freebase_bhht_author_lookup_v1	lookup_candidate_not_frozen	"[""Henry Clay McDowell"", ""Jerry Moss"", ""Thomas Clay McDowell""]"
778	Microbiologist	5	microbiologist	author_substring	substring_unique_candidate	Discovery/Science	Academia	"[[""Discovery/Science"",""Academia""]]"	1	1	"[""biologist""]"	[705]	"[[""Discovery/Science"",""Academia""]]"	[705]	Discovery/Science	Academia	biologist	0	0	[]	0	0	"[""substring_requires_transfer_review""]"	Discovery/Science	proposed	medium	agrees_with_previous_llm	"[""substring_requires_transfer_review""]"	0	freebase_bhht_author_lookup_v1	lookup_candidate_not_frozen	"[""Hermann Wagner (Microbiologist)"", ""Joshua Lederberg"", ""Louis Pasteur""]"
779	Flight instructor	5	flight_instructor	author_substring	substring_unique_candidate	Discovery/Science	Academia	"[[""Discovery/Science"",""Academia""]]"	1	1	"[""instructor""]"	[794]	"[[""Discovery/Science"",""Academia""]]"	[794]	Discovery/Science	Academia	instructor	0	0	[]	0	0	"[""substring_requires_transfer_review""]"	Discovery/Science	proposed	high	agrees_with_previous_llm	"[""substring_requires_transfer_review""]"	0	freebase_bhht_author_lookup_v1	lookup_candidate_not_frozen	"[""Howell M. Estes II"", ""Leslie George Chandler"", ""Mitr Chaibancha""]"
780	Marketing Consultant	5	marketing_consultant	author_substring	substring_unique_candidate	Other	Worker/Business (small)	"[[""Other"",""Worker/Business (small)""]]"	1	1	"[""consultant"",""marketing""]"	[1566,1649]	"[[""Other"",""Worker/Business (small)""]]"	[1566,1649]	Other	Worker/Business (small)	consultant	0	0	[]	0	0	"[""substring_requires_transfer_review""]"		needs_review	low	author_candidate_previous_needs_review	"[""substring_requires_transfer_review""]"	0	freebase_bhht_author_lookup_v1	lookup_candidate_not_frozen	"[""Jessica Jackley"", ""Kelly Breslin"", ""Libby Pataki""]"
781	Internet Entrepreneur	5	internet_entrepreneur	author_substring	substring_unique_candidate	Leadership	Corporate/Executive/Business (large)	"[[""Leadership"",""Corporate/Executive/Business (large)""]]"	1	1	"[""entrepreneur""]"	[1222]	"[[""Leadership"",""Corporate/Executive/Business (large)""]]"	[1222]	Leadership	Corporate/Executive/Business (large)	entrepreneur	0	0	[]	0	0	"[""substring_requires_transfer_review""]"	Leadership	proposed	medium	agrees_with_previous_llm	"[""substring_requires_transfer_review""]"	0	freebase_bhht_author_lookup_v1	lookup_candidate_not_frozen	"[""Jimmy Wales"", ""Keith Britton"", ""Larry Page""]"
782	Cantor	5	cantor	author_exact	exact_unique	Culture	Culture-core	"[[""Culture"",""Culture-core""]]"	1	1	"[""cantor""]"	[370]	"[[""Culture"",""Culture-core""]]"	[370]	Culture	Culture-core	cantor	0	0	[]	0	0	[]		needs_review	low	author_candidate_previous_needs_review	[]	0	freebase_bhht_author_lookup_v1	lookup_candidate_not_frozen	"[""Johann Sebastian Bach"", ""Lorna Patterson"", ""Moses Baline""]"
783	Sports analyst	5	sports_analyst	author_substring	substring_cross_l1_conflict			"[[""Other"",""Worker/Business (small)""],[""Sports/Games"",""Sports/Games""]]"	2	2	"[""_sport"",""analyst""]"	[24,1514]	"[[""Other"",""Worker/Business (small)""],[""Sports/Games"",""Sports/Games""]]"	[24,1514]	Sports/Games	Sports/Games	_sport	0	0	[]	0	0	"[""substring_requires_transfer_review"",""multiple_author_l1_candidates""]"		needs_review	low	no_unique_author_l1_candidate	"[""substring_requires_transfer_review"",""multiple_author_l1_candidates""]"	0	freebase_bhht_author_lookup_v1	lookup_candidate_not_frozen	"[""Johnny Miller"", ""Kristi Yamaguchi"", ""Marcus Allen""]"
784	Strongman	5	strongman	author_exact	exact_unique	Sports/Games	Sports/Games	"[[""Sports/Games"",""Sports/Games""]]"	1	1	"[""strongman""]"	[261]	"[[""Sports/Games"",""Sports/Games""]]"	[261]	Sports/Games	Sports/Games	strongman	0	0	"[{""level1"":""Sports/Games"",""level2"":""Sports/Games"",""level3"":""strongman"",""person_count"":90,""example_wikidata_codes"":""Q11834932|Q11975042|Q1223594""}]"	0	0	[]	Sports/Games	proposed	medium	agrees_with_previous_llm	[]	0	freebase_bhht_author_lookup_v1	lookup_candidate_not_frozen	"[""Karl Gillingham"", ""Ken Patera"", ""Mark Bell (Strongman)""]"
785	Lama	4	lama	author_exact	exact_unique	Leadership	Religious	"[[""Leadership"",""Religious""]]"	1	1	"[""_lama_""]"	[1258]	"[[""Leadership"",""Religious""]]"	[1258]	Leadership	Religious	_lama_	0	0	"[{""level1"":""Leadership"",""level2"":""Religious"",""level3"":""lama"",""person_count"":50,""example_wikidata_codes"":""Q1060749|Q1071512|Q1207571""}]"	0	0	[]	Leadership	proposed	high	agrees_with_previous_llm	[]	0	freebase_bhht_author_lookup_v1	lookup_candidate_not_frozen	"[""14th Dalai Lama"", ""Akong Rinpoche"", ""Thubten Jigme Norbu""]"
786	Promotional Model	4	promotional_model	author_substring	substring_unique_candidate	Culture	Culture-periphery	"[[""Culture"",""Culture-periphery""]]"	1	1	"[""_model_""]"	[577]	"[[""Culture"",""Culture-periphery""]]"	[577]	Culture	Culture-periphery	_model_	0	0	[]	0	0	"[""substring_requires_transfer_review""]"	Culture	proposed	high	agrees_with_previous_llm	"[""substring_requires_transfer_review""]"	0	freebase_bhht_author_lookup_v1	lookup_candidate_not_frozen	"[""AYAMI (Model)"", ""Gabor Steiner"", ""Phyllisha Anne""]"
787	Website content writer	4	website_content_writer	author_substring	substring_unique_candidate	Culture	Culture-core	"[[""Culture"",""Culture-core""]]"	1	1	"[""_writer""]"	[343]	"[[""Culture"",""Culture-core""]]"	[343]	Culture	Culture-core	_writer	0	0	[]	0	0	"[""substring_requires_transfer_review""]"	Culture	proposed	medium	agrees_with_previous_llm	"[""substring_requires_transfer_review""]"	0	freebase_bhht_author_lookup_v1	lookup_candidate_not_frozen	"[""Aberjhani"", ""Henry Baum"", ""Lijorocky Vadakedath Joseph""]"
788	Media consultant	4	media_consultant	author_substring	substring_cross_l1_conflict			"[[""Culture"",""Culture-periphery""],[""Other"",""Worker/Business (small)""]]"	2	2	"[""_media"",""consultant""]"	[576,1566]	"[[""Culture"",""Culture-periphery""],[""Other"",""Worker/Business (small)""]]"	[576,1566]	Culture	Culture-periphery	_media	0	0	[]	0	0	"[""substring_requires_transfer_review"",""multiple_author_l1_candidates""]"		needs_review	low	no_unique_author_l1_candidate	"[""substring_requires_transfer_review"",""multiple_author_l1_candidates""]"	0	freebase_bhht_author_lookup_v1	lookup_candidate_not_frozen	"[""Adam Klugman"", ""Jeri Kehn Thompson"", ""John Prescott Ellis""]"
789	Commoner	4	commoner	no_author_rule	no_author_rule			[]	0	0	[]	[]	[]	[]				0	0	[]	0	0	"[""no_author_rule""]"		out_of_scope	high	no_unique_author_l1_candidate	"[""no_author_rule""]"	0	freebase_bhht_author_lookup_v1	lookup_candidate_not_frozen	"[""Alex Rollin"", ""Elinor Ostrom"", ""Henry George""]"
790	Eastern Roman Emperor	4	eastern_roman_emperor	author_substring	substring_unique_candidate	Leadership	Nobility	"[[""Leadership"",""Nobility""]]"	1	1	"[""emperor""]"	[1139]	"[[""Leadership"",""Nobility""]]"	[1139]	Leadership	Nobility	emperor	0	0	[]	0	0	"[""substring_requires_transfer_review""]"	Leadership	proposed	medium	agrees_with_previous_llm	"[""substring_requires_transfer_review""]"	0	freebase_bhht_author_lookup_v1	lookup_candidate_not_frozen	"[""Alexios I Komnenos"", ""Arcadius"", ""Justinian I""]"
791	Sommelier	4	sommelier	author_exact	exact_unique	Other	Worker/Business (small)	"[[""Other"",""Worker/Business (small)""]]"	1	1	"[""sommelier""]"	[1690]	"[[""Other"",""Worker/Business (small)""]]"	[1690]	Other	Worker/Business (small)	sommelier	0	0	"[{""level1"":""Other"",""level2"":""Worker/Business (small)"",""level3"":""sommelier"",""person_count"":46,""example_wikidata_codes"":""Q109984|Q121305|Q15268086""}]"	0	0	[]		out_of_scope	high	formal_author_other_previously_out_of_scope	[]	0	freebase_bhht_author_lookup_v1	lookup_candidate_not_frozen	"[""Alfred Lennon"", ""John Dykins"", ""Josep Roca i Fontané""]"
792	Web designer	4	web_designer	author_exact	exact_unique	Culture	Culture-periphery	"[[""Culture"",""Culture-periphery""]]"	1	1	"[""web_designer""]"	[661]	"[[""Culture"",""Culture-periphery""]]"	[606,661]	Culture	Culture-periphery	designer	0	0	"[{""level1"":""Culture"",""level2"":""Culture-periphery"",""level3"":""web_designer"",""person_count"":10,""example_wikidata_codes"":""Q11365359|Q1176648|Q3461219""}]"	0	0	[]	Culture	proposed	high	agrees_with_previous_llm	[]	0	freebase_bhht_author_lookup_v1	lookup_candidate_not_frozen	"[""Alice Nellis"", ""Christian Sugiono"", ""David Louis Edelman""]"
793	Foley Artist	4	foley_artist	author_substring	substring_unique_candidate	Culture	Culture-core	"[[""Culture"",""Culture-core""]]"	1	1	"[""_artist""]"	[304]	"[[""Culture"",""Culture-core""]]"	[304]	Culture	Culture-core	_artist	0	0	[]	0	0	"[""substring_requires_transfer_review""]"	Culture	proposed	medium	agrees_with_previous_llm	"[""substring_requires_transfer_review""]"	0	freebase_bhht_author_lookup_v1	lookup_candidate_not_frozen	"[""Alyson Dee Moore"", ""Benjamin Glazer"", ""Jeaneane Leaver-Fay""]"
794	Court clerk	4	court_clerk	author_substring	substring_unique_candidate	Other	Worker/Business (small)	"[[""Other"",""Worker/Business (small)""]]"	1	1	"[""_clerk""]"	[1446]	"[[""Other"",""Worker/Business (small)""]]"	[1446]	Other	Worker/Business (small)	_clerk	0	0	[]	0	0	"[""substring_requires_transfer_review""]"	Leadership	proposed	high	differs_from_previous_llm	"[""substring_requires_transfer_review"",""previous_llm_l1_disagreement""]"	0	freebase_bhht_author_lookup_v1	lookup_candidate_not_frozen	"[""Amal Clooney"", ""John Baker White (Army officer)"", ""Nehemiah R. Knight""]"
795	Officer of the court	4	officer_of_the_court	author_substring	substring_unique_candidate	Leadership	Military	"[[""Leadership"",""Military""]]"	1	1	"[""officer_""]"	[1412]	"[[""Leadership"",""Military""]]"	[1412]	Leadership	Military	officer_	0	0	[]	0	0	"[""substring_requires_transfer_review""]"	Leadership	proposed	high	agrees_with_previous_llm	"[""substring_requires_transfer_review""]"	0	freebase_bhht_author_lookup_v1	lookup_candidate_not_frozen	"[""Amal Clooney"", ""John Baker White (Army officer)"", ""Nehemiah R. Knight""]"
796	Animal training	4	animal_training	no_author_rule	no_author_rule			[]	0	0	[]	[]	[]	[]				0	0	[]	0	0	"[""no_author_rule""]"		out_of_scope	medium	no_unique_author_l1_candidate	"[""no_author_rule""]"	0	freebase_bhht_author_lookup_v1	lookup_candidate_not_frozen	"[""Anatoly Durov"", ""Martin Lacey"", ""Martin Lacey, Jr.""]"
797	Technical advisor	4	technical_advisor	author_substring	substring_unique_candidate	Leadership	Politics	"[[""Leadership"",""Politics""]]"	1	1	"[""advisor""]"	[940]	"[[""Leadership"",""Politics""]]"	[940]	Leadership	Politics	advisor	0	0	[]	0	0	"[""substring_requires_transfer_review""]"		needs_review	low	author_candidate_previous_needs_review	"[""substring_requires_transfer_review""]"	0	freebase_bhht_author_lookup_v1	lookup_candidate_not_frozen	"[""Andy Redmond"", ""Doris Giannini"", ""Mike Stokey (Actor) #1""]"
798	Stenographer	4	stenographer	author_exact	exact_unique	Culture	Culture-core	"[[""Culture"",""Culture-core""]]"	1	1	"[""stenographer""]"	[542]	"[[""Culture"",""Culture-core""]]"	[542]	Culture	Culture-core	stenographer	0	0	"[{""level1"":""Culture"",""level2"":""Culture-core"",""level3"":""stenographer"",""person_count"":14,""example_wikidata_codes"":""Q13217461|Q18528685|Q18735136""}]"	0	0	[]		out_of_scope	high	author_candidate_previous_out_of_scope	[]	0	freebase_bhht_author_lookup_v1	lookup_candidate_not_frozen	"[""Anna Dostoyevskaya"", ""Florence Saunders"", ""Gladys Hope Christian""]"
799	Slave	4	slave	author_exact	exact_unique	Other	Other	"[[""Other"",""Other""]]"	1	1	"[""_slave_""]"	[1767]	"[[""Other"",""Other""]]"	[1767]	Other	Other	_slave_	0	0	"[{""level1"":""Other"",""level2"":""Other"",""level3"":""slave"",""person_count"":129,""example_wikidata_codes"":""Q1397714|Q143426|Q15136078""}]"	0	0	[]		out_of_scope	medium	formal_author_other_previously_out_of_scope	[]	0	freebase_bhht_author_lookup_v1	lookup_candidate_not_frozen	"[""Anna Kingsley"", ""James Hemings"", ""John Hemings""]"
800	Digital Compositor	4	digital_compositor	author_substring	substring_unique_candidate	Culture	Culture-core	"[[""Culture"",""Culture-core""]]"	1	1	"[""compositor""]"	[399]	"[[""Culture"",""Culture-core""]]"	[399]	Culture	Culture-core	compositor	0	0	[]	0	0	"[""substring_requires_transfer_review""]"	Culture	proposed	high	agrees_with_previous_llm	"[""substring_requires_transfer_review""]"	0	freebase_bhht_author_lookup_v1	lookup_candidate_not_frozen	"[""Anna Terekhova"", ""Max Hattler"", ""Paul Stodolny""]"
801	Lady-in-waiting	4	lady-in-waiting	no_author_rule	no_author_rule			[]	0	0	[]	[]	[]	[]				0	0	[]	0	0	"[""no_author_rule""]"		out_of_scope	high	no_unique_author_l1_candidate	"[""no_author_rule""]"	0	freebase_bhht_author_lookup_v1	lookup_candidate_not_frozen	"[""Anna Vyrubova"", ""Baroness Sophie Buxhoeveden"", ""Margarita Sergeevna Khitrovo""]"
802	Developmental Biologist	4	developmental_biologist	author_substring	substring_unique_candidate	Discovery/Science	Academia	"[[""Discovery/Science"",""Academia""]]"	1	1	"[""biologist""]"	[705]	"[[""Discovery/Science"",""Academia""]]"	[705]	Discovery/Science	Academia	biologist	0	0	[]	0	0	"[""substring_requires_transfer_review""]"	Discovery/Science	proposed	medium	agrees_with_previous_llm	"[""substring_requires_transfer_review""]"	0	freebase_bhht_author_lookup_v1	lookup_candidate_not_frozen	"[""Armand Marie Leroi"", ""C. H. Waddington"", ""Kevin Eggan""]"
803	Intellectual	4	intellectual	author_exact	exact_unique	Discovery/Science	Academia	"[[""Discovery/Science"",""Academia""]]"	1	1	"[""intellectual""]"	[795]	"[[""Discovery/Science"",""Academia""]]"	[795]	Discovery/Science	Academia	intellectual	0	0	"[{""level1"":""Discovery/Science"",""level2"":""Academia"",""level3"":""intellectual"",""person_count"":74,""example_wikidata_codes"":""Q10240|Q10799454|Q108889""}]"	0	0	[]		needs_review	low	author_candidate_previous_needs_review	[]	0	freebase_bhht_author_lookup_v1	lookup_candidate_not_frozen	"[""Ashfaq Ahmed"", ""Bano Qudsia"", ""Charles Van Doren""]"
804	Hypnotherapist	4	hypnotherapist	author_substring	substring_unique_candidate	Discovery/Science	Academia	"[[""Discovery/Science"",""Academia""]]"	1	1	"[""therapist""]"	[916]	"[[""Discovery/Science"",""Academia""]]"	[916]	Discovery/Science	Academia	therapist	0	0	[]	0	0	"[""substring_requires_transfer_review""]"	Discovery/Science	proposed	high	agrees_with_previous_llm	"[""substring_requires_transfer_review""]"	0	freebase_bhht_author_lookup_v1	lookup_candidate_not_frozen	"[""Ava Cadell"", ""Florence Henderson"", ""John Kappas""]"
805	Engineering technologist	4	engineering_technologist	author_substring	substring_unique_candidate	Discovery/Science	Explorer/Inventor/Developer	"[[""Discovery/Science"",""Explorer/Inventor/Developer""]]"	1	1	"[""engineer""]"	[1187]	"[[""Discovery/Science"",""Explorer/Inventor/Developer""]]"	[1187]	Discovery/Science	Explorer/Inventor/Developer	engineer	0	0	[]	0	0	"[""substring_requires_transfer_review""]"	Discovery/Science	proposed	medium	agrees_with_previous_llm	"[""substring_requires_transfer_review""]"	0	freebase_bhht_author_lookup_v1	lookup_candidate_not_frozen	"[""B. J. Habibie"", ""Jose Simoes"", ""Noah Harlan""]"
806	Belly Dancer	4	belly_dancer	author_substring	substring_unique_candidate	Culture	Culture-core	"[[""Culture"",""Culture-core""]]"	1	1	"[""dancer""]"	[410]	"[[""Culture"",""Culture-core""]]"	[410]	Culture	Culture-core	dancer	0	0	[]	0	0	"[""substring_requires_transfer_review""]"	Culture	proposed	high	agrees_with_previous_llm	"[""substring_requires_transfer_review""]"	0	freebase_bhht_author_lookup_v1	lookup_candidate_not_frozen	"[""Badia Masabni"", ""Hayatem"", ""Nagwa Fouad""]"
807	Hazzan	4	hazzan	author_exact	exact_unique	Leadership	Religious	"[[""Leadership"",""Religious""]]"	1	1	"[""hazzan""]"	[1312]	"[[""Leadership"",""Religious""]]"	[1312]	Leadership	Religious	hazzan	0	0	"[{""level1"":""Leadership"",""level2"":""Religious"",""level3"":""hazzan"",""person_count"":32,""example_wikidata_codes"":""Q10289257|Q12409833|Q1300845""}]"	0	0	[]	Leadership	proposed	high	agrees_with_previous_llm	[]	0	freebase_bhht_author_lookup_v1	lookup_candidate_not_frozen	"[""Baruch Leib Rosowsky"", ""Jan Peerce"", ""Lippe Birnbaum""]"
808	Oncologist	4	oncologist	author_exact	exact_unique	Discovery/Science	Academia	"[[""Discovery/Science"",""Academia""]]"	1	1	"[""oncologist""]"	[833]	"[[""Discovery/Science"",""Academia""]]"	[833]	Discovery/Science	Academia	oncologist	0	0	"[{""level1"":""Discovery/Science"",""level2"":""Academia"",""level3"":""oncologist"",""person_count"":224,""example_wikidata_codes"":""Q102793|Q1065232|Q1070735""}]"	0	0	[]	Discovery/Science	proposed	medium	agrees_with_previous_llm	[]	0	freebase_bhht_author_lookup_v1	lookup_candidate_not_frozen	"[""Bernard Lewinsky"", ""Jelena Melnikova"", ""Rjurik Melnikov""]"
809	Civil Rights Advocate	4	civil_rights_advocate	author_substring	substring_same_l1_multiple_l2	Leadership		"[[""Leadership"",""Administration/Law""],[""Leadership"",""Politics""]]"	1	2	"[""civil_rights"",""advocate""]"	[952,1058]	"[[""Leadership"",""Administration/Law""],[""Leadership"",""Politics""]]"	[952,1058]	Leadership	Politics	civil_rights	0	0	[]	0	0	"[""substring_requires_transfer_review"",""multiple_author_l2_candidates""]"		needs_review	low	author_candidate_previous_needs_review	"[""substring_requires_transfer_review"",""multiple_author_l2_candidates""]"	0	freebase_bhht_author_lookup_v1	lookup_candidate_not_frozen	"[""Betty Shabazz"", ""Clarence M. Mitchell, Jr."", ""Pauley Perrette""]"
810	Music Journalist	4	music_journalist	author_substring	substring_same_l1_multiple_l2	Culture		"[[""Culture"",""Culture-core""],[""Culture"",""Culture-periphery""]]"	1	2	"[""_music"",""journalist""]"	[325,629]	"[[""Culture"",""Culture-core""],[""Culture"",""Culture-periphery""]]"	[325,629]	Culture	Culture-core	_music	0	0	[]	0	0	"[""substring_requires_transfer_review"",""multiple_author_l2_candidates""]"	Culture	proposed	high	agrees_with_previous_llm	"[""substring_requires_transfer_review"",""multiple_author_l2_candidates""]"	0	freebase_bhht_author_lookup_v1	lookup_candidate_not_frozen	"[""Bill Adler"", ""Marcia Davenport"", ""Marilyn Manson""]"
811	Software Architect	4	software_architect	author_substring	substring_unique_candidate	Culture	Culture-periphery	"[[""Culture"",""Culture-periphery""]]"	1	1	"[""architect""]"	[586]	"[[""Culture"",""Culture-periphery""]]"	[586]	Culture	Culture-periphery	architect	0	0	[]	0	0	"[""substring_requires_transfer_review""]"	Discovery/Science	proposed	medium	differs_from_previous_llm	"[""substring_requires_transfer_review"",""previous_llm_l1_disagreement""]"	0	freebase_bhht_author_lookup_v1	lookup_candidate_not_frozen	"[""Bill Gates"", ""Brad Templeton"", ""Thomas Knoll""]"
812	Primatologist	4	primatologist	no_author_rule	no_author_rule			[]	0	0	[]	[]	[]	[]				0	0	[]	0	0	"[""no_author_rule""]"	Discovery/Science	proposed	high	no_unique_author_l1_candidate	"[""no_author_rule""]"	0	freebase_bhht_author_lookup_v1	lookup_candidate_not_frozen	"[""Birutė Galdikas"", ""Jane Goodall"", ""Patricia Wright""]"
813	Cossack	4	cossack	no_author_rule	no_author_rule			[]	0	0	[]	[]	[]	[]				0	0	[]	0	0	"[""no_author_rule""]"		out_of_scope	high	no_unique_author_l1_candidate	"[""no_author_rule""]"	0	freebase_bhht_author_lookup_v1	lookup_candidate_not_frozen	"[""Bohdan Khmelnytsky"", ""Kyrylo Rozumovskyi"", ""Tymofiy Khmelnytsky""]"
814	Visual Effects Producer	4	visual_effects_producer	author_substring	substring_unique_candidate	Culture	Culture-core	"[[""Culture"",""Culture-core""]]"	1	1	"[""producer"",""visual_effects""]"	[506,566]	"[[""Culture"",""Culture-core""]]"	[506,566]	Culture	Culture-core	producer	0	0	[]	0	0	"[""substring_requires_transfer_review""]"	Culture	proposed	medium	agrees_with_previous_llm	"[""substring_requires_transfer_review""]"	0	freebase_bhht_author_lookup_v1	lookup_candidate_not_frozen	"[""Bruce Jurgens"", ""Joshua Culp"", ""Lauren Ritchie""]"
815	Cultural Historian	4	cultural_historian	author_substring	substring_unique_candidate	Discovery/Science	Academia	"[[""Discovery/Science"",""Academia""]]"	1	1	"[""historian""]"	[783]	"[[""Discovery/Science"",""Academia""]]"	[783]	Discovery/Science	Academia	historian	0	0	[]	0	0	"[""substring_requires_transfer_review""]"	Discovery/Science	proposed	high	agrees_with_previous_llm	"[""substring_requires_transfer_review""]"	0	freebase_bhht_author_lookup_v1	lookup_candidate_not_frozen	"[""Bruce Shoop"", ""Mor Thiam"", ""Tonie Walsh""]"
816	Multimedia artist	4	multimedia_artist	author_substring	substring_unique_candidate	Culture	Culture-core	"[[""Culture"",""Culture-core""]]"	1	1	"[""_artist""]"	[304]	"[[""Culture"",""Culture-core""]]"	[304]	Culture	Culture-core	_artist	0	0	[]	0	0	"[""substring_requires_transfer_review""]"	Culture	proposed	high	agrees_with_previous_llm	"[""substring_requires_transfer_review""]"	0	freebase_bhht_author_lookup_v1	lookup_candidate_not_frozen	"[""Bruno Aveillan"", ""Chris Marker"", ""Mirko Krabbé""]"
817	Lithographer	4	lithographer	author_exact	exact_unique	Culture	Culture-core	"[[""Culture"",""Culture-core""]]"	1	1	"[""lithographer""]"	[460]	"[[""Culture"",""Culture-core""]]"	[460]	Culture	Culture-core	lithographer	0	0	"[{""level1"":""Culture"",""level2"":""Culture-core"",""level3"":""lithographer"",""person_count"":457,""example_wikidata_codes"":""Q10366317|Q1036899|Q1036960""}]"	0	0	[]	Culture	proposed	medium	agrees_with_previous_llm	[]	0	freebase_bhht_author_lookup_v1	lookup_candidate_not_frozen	"[""Bruno Bruni"", ""Edward Colker"", ""Henry Walton (Painting Artist) #2""]"
818	Second Unit Director	4	second_unit_director	no_author_rule	no_author_rule			[]	0	0	[]	[]	[]	[]				0	0	[]	0	0	"[""no_author_rule""]"	Culture	proposed	high	no_unique_author_l1_candidate	"[""no_author_rule""]"	0	freebase_bhht_author_lookup_v1	lookup_candidate_not_frozen	"[""Buddy Joe Hooker"", ""David Curtiz (Deceased Person)"", ""Francisco Pinhão Botelho""]"
819	Duchess	4	duchess	author_exact	exact_unique	Leadership	Nobility	"[[""Leadership"",""Nobility""]]"	1	1	"[""duchess""]"	[1135]	"[[""Leadership"",""Nobility""]]"	[1135]	Leadership	Nobility	duchess	0	0	"[{""level1"":""Leadership"",""level2"":""Nobility"",""level3"":""duchess"",""person_count"":209,""example_wikidata_codes"":""Q1002546|Q1032317|Q1032321""}]"	0	0	[]	Leadership	proposed	high	agrees_with_previous_llm	[]	0	freebase_bhht_author_lookup_v1	lookup_candidate_not_frozen	"[""Camilla, Duchess of Cornwall"", ""Infanta Adelgundes, Duchess of Guimarães"", ""Katharine, Duchess of Kent""]"
820	Military Historian	4	military_historian	author_substring	substring_cross_l1_conflict			"[[""Discovery/Science"",""Academia""],[""Leadership"",""Military""]]"	2	2	"[""historian"",""militar""]"	[783,1407]	"[[""Discovery/Science"",""Academia""],[""Leadership"",""Military""]]"	[783,1407]	Discovery/Science	Academia	historian	0	0	[]	0	0	"[""substring_requires_transfer_review"",""multiple_author_l1_candidates""]"	Discovery/Science	proposed	medium	no_unique_author_l1_candidate	"[""substring_requires_transfer_review"",""multiple_author_l1_candidates""]"	0	freebase_bhht_author_lookup_v1	lookup_candidate_not_frozen	"[""Carl von Clausewitz"", ""Jonathan Riley"", ""Rupert Allason""]"
821	Textile designer	4	textile_designer	author_substring	substring_unique_candidate	Culture	Culture-periphery	"[[""Culture"",""Culture-periphery""]]"	1	1	"[""designer""]"	[606]	"[[""Culture"",""Culture-periphery""]]"	[606]	Culture	Culture-periphery	designer	0	0	[]	0	0	"[""substring_requires_transfer_review""]"	Culture	proposed	high	agrees_with_previous_llm	"[""substring_requires_transfer_review""]"	0	freebase_bhht_author_lookup_v1	lookup_candidate_not_frozen	"[""Carla Danes"", ""Celia Birtwell"", ""Joseph Cornell (Merchant)""]"
822	Gamer	4	gamer	author_substring	substring_unique_candidate	Sports/Games	Sports/Games	"[[""Sports/Games"",""Sports/Games""]]"	1	1	"[""_game""]"	[12]	"[[""Sports/Games"",""Sports/Games""]]"	[12]	Sports/Games	Sports/Games	_game	0	0	[]	0	0	"[""substring_requires_transfer_review""]"		needs_review	low	author_candidate_previous_needs_review	"[""substring_requires_transfer_review""]"	0	freebase_bhht_author_lookup_v1	lookup_candidate_not_frozen	"[""Cha No-ah"", ""DJ Many (Electronic dance Artist)"", ""DJ Many (Pop Artist)""]"
823	Visual Effects Designer	4	visual_effects_designer	author_substring	substring_same_l1_multiple_l2	Culture		"[[""Culture"",""Culture-core""],[""Culture"",""Culture-periphery""]]"	1	2	"[""visual_effects"",""designer""]"	[566,606]	"[[""Culture"",""Culture-core""],[""Culture"",""Culture-periphery""]]"	[566,606]	Culture	Culture-core	visual_effects	0	0	[]	0	0	"[""substring_requires_transfer_review"",""multiple_author_l2_candidates""]"	Culture	proposed	medium	agrees_with_previous_llm	"[""substring_requires_transfer_review"",""multiple_author_l2_candidates""]"	0	freebase_bhht_author_lookup_v1	lookup_candidate_not_frozen	"[""Colin Strause"", ""Greg Strause"", ""Iginio Lardani""]"
824	Raconteur	4	raconteur	no_author_rule	no_author_rule			[]	0	0	[]	[]	[]	[]				0	0	[]	0	0	"[""no_author_rule""]"		needs_review	low	no_unique_author_l1_candidate	"[""no_author_rule""]"	0	freebase_bhht_author_lookup_v1	lookup_candidate_not_frozen	"[""Compton Mackenzie"", ""Jean Shepherd"", ""Noel Ferrier""]"
825	Unit production manager	4	unit_production_manager	author_substring	substring_cross_l1_conflict			"[[""Culture"",""Culture-core""],[""Leadership"",""Corporate/Executive/Business (large)""]]"	2	2	"[""production_manager"",""manager""]"	[508,1234]	"[[""Culture"",""Culture-core""],[""Leadership"",""Corporate/Executive/Business (large)""]]"	[508,1234]	Culture	Culture-core	production_manager	0	0	[]	0	0	"[""substring_requires_transfer_review"",""multiple_author_l1_candidates""]"		needs_review	low	no_unique_author_l1_candidate	"[""substring_requires_transfer_review"",""multiple_author_l1_candidates""]"	0	freebase_bhht_author_lookup_v1	lookup_candidate_not_frozen	"[""Conrad Hool"", ""Eva Kučerová"", ""Gary Downie""]"
826	Theatre practitioner	4	theatre_practitioner	author_substring	substring_unique_candidate	Culture	Culture-core	"[[""Culture"",""Culture-core""]]"	1	1	"[""theatre""]"	[550]	"[[""Culture"",""Culture-core""]]"	[550]	Culture	Culture-core	theatre	0	0	[]	0	0	"[""substring_requires_transfer_review""]"	Culture	proposed	medium	agrees_with_previous_llm	"[""substring_requires_transfer_review""]"	0	freebase_bhht_author_lookup_v1	lookup_candidate_not_frozen	"[""Constantin Stanislavski"", ""Edward Gordon Craig"", ""John Bell (Actor) #9""]"
827	Canon	4	canon	no_author_rule	no_author_rule			[]	0	0	[]	[]	[]	[]				0	0	[]	0	0	"[""no_author_rule""]"	Leadership	proposed	high	no_unique_author_l1_candidate	"[""no_author_rule""]"	0	freebase_bhht_author_lookup_v1	lookup_candidate_not_frozen	"[""Cornelis de Graeff II."", ""Edmund Wilson (Religious Leader)"", ""Samuel Barnett (Organisation founder)""]"
828	Plumber	4	plumber	author_exact	exact_unique	Other	Worker/Business (small)	"[[""Other"",""Worker/Business (small)""]]"	1	1	"[""_plumber""]"	[1482]	"[[""Other"",""Worker/Business (small)""]]"	[1482]	Other	Worker/Business (small)	_plumber	0	0	"[{""level1"":""Other"",""level2"":""Worker/Business (small)"",""level3"":""plumber"",""person_count"":12,""example_wikidata_codes"":""Q12332293|Q18441001|Q23617683""}]"	0	0	[]		out_of_scope	high	formal_author_other_previously_out_of_scope	[]	0	freebase_bhht_author_lookup_v1	lookup_candidate_not_frozen	"[""Craig McLachlan"", ""Ibrahim Balla"", ""Leser Moses Spanier""]"
829	Technical writer	4	technical_writer	author_substring	substring_unique_candidate	Culture	Culture-core	"[[""Culture"",""Culture-core""]]"	1	1	"[""_writer""]"	[343]	"[[""Culture"",""Culture-core""]]"	[343]	Culture	Culture-core	_writer	0	0	[]	0	0	"[""substring_requires_transfer_review""]"	Culture	proposed	medium	agrees_with_previous_llm	"[""substring_requires_transfer_review""]"	0	freebase_bhht_author_lookup_v1	lookup_candidate_not_frozen	"[""Cynthia Armistead"", ""Peter A. Sturgeon"", ""Ted Chiang""]"
830	Public Relations Consultant	4	public_relations_consultant	author_substring	substring_unique_candidate	Other	Worker/Business (small)	"[[""Other"",""Worker/Business (small)""]]"	1	1	"[""consultant""]"	[1566]	"[[""Other"",""Worker/Business (small)""]]"	[1566]	Other	Worker/Business (small)	consultant	0	0	[]	0	0	"[""substring_requires_transfer_review""]"		needs_review	medium	author_candidate_previous_needs_review	"[""substring_requires_transfer_review""]"	0	freebase_bhht_author_lookup_v1	lookup_candidate_not_frozen	"[""Cynthia Willard-Lewis"", ""Edward Bernays"", ""Ramon Hervey II""]"
831	m/0513qg_	4	m/0513qg_	no_author_rule	no_author_rule			[]	0	0	[]	[]	[]	[]				0	0	[]	0	0	"[""no_author_rule""]"		needs_review	low	no_unique_author_l1_candidate	"[""no_author_rule""]"	0	freebase_bhht_author_lookup_v1	lookup_candidate_not_frozen	"[""David Granditsky"", ""Jonathan Briley (Sound Engineer)"", ""Owen Griffiths""]"
832	Ballet Teacher	4	ballet_teacher	author_substring	substring_cross_l1_conflict			"[[""Culture"",""Culture-core""],[""Discovery/Science"",""Academia""]]"	2	2	"[""ballet"",""teacher_""]"	[355,910]	"[[""Culture"",""Culture-core""],[""Discovery/Science"",""Academia""]]"	[355,910]	Culture	Culture-core	ballet	0	0	[]	0	0	"[""substring_requires_transfer_review"",""multiple_author_l1_candidates""]"		needs_review	low	no_unique_author_l1_candidate	"[""substring_requires_transfer_review"",""multiple_author_l1_candidates""]"	0	freebase_bhht_author_lookup_v1	lookup_candidate_not_frozen	"[""Dawn Andrews"", ""Hope Shaw"", ""Mia Slavenska""]"
833	Pimp	4	pimp	no_author_rule	no_author_rule			[]	0	0	[]	[]	[]	[]				0	0	[]	0	0	"[""no_author_rule""]"		out_of_scope	high	no_unique_author_l1_candidate	"[""no_author_rule""]"	0	freebase_bhht_author_lookup_v1	lookup_candidate_not_frozen	"[""Dennis Hof"", ""Heidi Fleiss"", ""Maya Angelou""]"
834	Arts Administrator	4	arts_administrator	author_substring	substring_cross_l1_conflict			"[[""Culture"",""Culture-core""],[""Leadership"",""Administration/Law""]]"	2	2	"[""_arts_"",""administrator""]"	[305,1047]	"[[""Culture"",""Culture-core""],[""Leadership"",""Administration/Law""]]"	[305,1047]	Culture	Culture-core	_arts_	0	0	[]	0	0	"[""substring_requires_transfer_review"",""multiple_author_l1_candidates""]"		needs_review	low	no_unique_author_l1_candidate	"[""substring_requires_transfer_review"",""multiple_author_l1_candidates""]"	0	freebase_bhht_author_lookup_v1	lookup_candidate_not_frozen	"[""Dick Campbell (Dancer)"", ""Jörn Weisbrodt"", ""Omus Hirschbein""]"
835	Goldsmith	4	goldsmith	author_exact	exact_unique	Culture	Culture-periphery	"[[""Culture"",""Culture-periphery""]]"	1	1	"[""goldsmith""]"	[621]	"[[""Culture"",""Culture-periphery""]]"	[621]	Culture	Culture-periphery	goldsmith	0	0	"[{""level1"":""Culture"",""level2"":""Culture-periphery"",""level3"":""goldsmith"",""person_count"":320,""example_wikidata_codes"":""Q103753|Q1085228|Q109352""}]"	0	0	[]		needs_review	low	author_candidate_previous_needs_review	[]	0	freebase_bhht_author_lookup_v1	lookup_candidate_not_frozen	"[""Domenico Ghirlandaio"", ""Gil Vicente"", ""John Paul Miller (Jewelry designer)""]"
836	Endocrinologist	4	endocrinologist	author_exact	exact_unique	Discovery/Science	Academia	"[[""Discovery/Science"",""Academia""]]"	1	1	"[""endocrinologist""]"	[743]	"[[""Discovery/Science"",""Academia""]]"	[743]	Discovery/Science	Academia	endocrinologist	0	0	"[{""level1"":""Discovery/Science"",""level2"":""Academia"",""level3"":""endocrinologist"",""person_count"":93,""example_wikidata_codes"":""Q14948658|Q15222313|Q15437595""}]"	0	0	[]	Discovery/Science	proposed	high	agrees_with_previous_llm	[]	0	freebase_bhht_author_lookup_v1	lookup_candidate_not_frozen	"[""Dr. Milton Brothers"", ""Martin Sonenberg"", ""Richard Asher""]"
837	Bail bondsman	4	bail_bondsman	no_author_rule	no_author_rule			[]	0	0	[]	[]	[]	[]				0	0	[]	0	0	"[""no_author_rule""]"	Leadership	proposed	high	no_unique_author_l1_candidate	"[""no_author_rule""]"	0	freebase_bhht_author_lookup_v1	lookup_candidate_not_frozen	"[""Duane Lee  Chapman"", ""Hosea Williams"", ""Leland Blaine Chapman""]"
838	Pastry chef	4	pastry_chef	author_exact	exact_unique	Other	Worker/Business (small)	"[[""Other"",""Worker/Business (small)""]]"	1	1	"[""pastry_chef""]"	[1666]	"[[""Other"",""Worker/Business (small)""]]"	[1444,1666]	Other	Worker/Business (small)	_chef_	0	0	"[{""level1"":""Other"",""level2"":""Worker/Business (small)"",""level3"":""pastry_chef"",""person_count"":3,""example_wikidata_codes"":""Q36490554|Q41693977|Q41694011""}]"	0	0	[]		out_of_scope	medium	formal_author_other_previously_out_of_scope	[]	0	freebase_bhht_author_lookup_v1	lookup_candidate_not_frozen	"[""Elizabeth Falkner"", ""Gale Gand"", ""Gesine Bullock-Prado""]"
839	Script editor	4	script_editor	author_substring	substring_same_l1_multiple_l2	Culture		"[[""Culture"",""Culture-core""],[""Culture"",""Culture-periphery""]]"	1	2	"[""_script_"",""editor""]"	[332,612]	"[[""Culture"",""Culture-core""],[""Culture"",""Culture-periphery""]]"	[332,612]	Culture	Culture-core	_script_	0	0	[]	0	0	"[""substring_requires_transfer_review"",""multiple_author_l2_candidates""]"	Culture	proposed	high	agrees_with_previous_llm	"[""substring_requires_transfer_review"",""multiple_author_l2_candidates""]"	0	freebase_bhht_author_lookup_v1	lookup_candidate_not_frozen	"[""Emma Freud"", ""Jan Gogola Sr."", ""Michael Wearing""]"
840	Japanese idol	4	japanese_idol	author_substring	substring_unique_candidate	Culture	Culture-core	"[[""Culture"",""Culture-core""]]"	1	1	"[""_idol_""]"	[322]	"[[""Culture"",""Culture-core""]]"	[322]	Culture	Culture-core	_idol_	0	0	[]	0	0	"[""substring_requires_transfer_review""]"	Culture	proposed	high	agrees_with_previous_llm	"[""substring_requires_transfer_review""]"	0	freebase_bhht_author_lookup_v1	lookup_candidate_not_frozen	"[""Eri Imai"", ""Rina Nakanishi"", ""Saori Minami""]"
841	Farmworker	4	farmworker	author_substring	substring_unique_candidate	Other	Worker/Business (small)	"[[""Other"",""Worker/Business (small)""]]"	1	1	"[""worker""]"	[1716]	"[[""Other"",""Worker/Business (small)""]]"	[1716]	Other	Worker/Business (small)	worker	0	0	[]	0	0	"[""substring_requires_transfer_review""]"		out_of_scope	medium	formal_author_other_previously_out_of_scope	"[""substring_requires_transfer_review""]"	0	freebase_bhht_author_lookup_v1	lookup_candidate_not_frozen	"[""Francis A. Nixon"", ""Januário José dos Santos"", ""John Doyle (Deceased Person)""]"
842	Conquistador	4	conquistador	author_exact	exact_unique	Discovery/Science	Explorer/Inventor/Developer	"[[""Discovery/Science"",""Explorer/Inventor/Developer""]]"	1	1	"[""conquistador""]"	[1182]	"[[""Discovery/Science"",""Explorer/Inventor/Developer""]]"	[1182]	Discovery/Science	Explorer/Inventor/Developer	conquistador	0	0	"[{""level1"":""Discovery/Science"",""level2"":""Explorer/Inventor/Developer"",""level3"":""conquistador"",""person_count"":97,""example_wikidata_codes"":""Q10324619|Q1347049|Q1368256""}]"	0	0	[]		needs_review	low	author_candidate_previous_needs_review	[]	0	freebase_bhht_author_lookup_v1	lookup_candidate_not_frozen	"[""Francisco Pizarro"", ""Gonzalo Pizarro"", ""Hernando Pizarro""]"
843	Juggler	4	juggler	author_exact	exact_unique	Culture	Culture-core	"[[""Culture"",""Culture-core""]]"	1	1	"[""juggler""]"	[454]	"[[""Culture"",""Culture-core""]]"	[454]	Culture	Culture-core	juggler	0	0	"[{""level1"":""Culture"",""level2"":""Culture-core"",""level3"":""juggler"",""person_count"":6,""example_wikidata_codes"":""Q11720103|Q1456144|Q23579768""}]"	0	0	[]	Culture	proposed	high	agrees_with_previous_llm	[]	0	freebase_bhht_author_lookup_v1	lookup_candidate_not_frozen	"[""Frank Reynolds (Deceased Person) #1"", ""Kumar Pallana"", ""Teddy Knox""]"
844	Bard	4	bard	author_exact	exact_unique	Culture	Culture-core	"[[""Culture"",""Culture-core""]]"	1	1	"[""_bard_""]"	[307]	"[[""Culture"",""Culture-core""]]"	[307]	Culture	Culture-core	_bard_	0	0	"[{""level1"":""Culture"",""level2"":""Culture-core"",""level3"":""bard"",""person_count"":9,""example_wikidata_codes"":""Q18114832|Q20732758|Q20732761""}]"	0	0	[]	Culture	proposed	medium	agrees_with_previous_llm	[]	0	freebase_bhht_author_lookup_v1	lookup_candidate_not_frozen	"[""Gamzat Tsadasa"", ""Robert Burns"", ""Sergey Nikitin""]"
845	Chartered Accountant	4	chartered_accountant	author_substring	substring_unique_candidate	Other	Worker/Business (small)	"[[""Other"",""Worker/Business (small)""]]"	1	1	"[""accountant""]"	[1504]	"[[""Other"",""Worker/Business (small)""]]"	[1504]	Other	Worker/Business (small)	accountant	0	0	[]	0	0	"[""substring_requires_transfer_review""]"		needs_review	low	author_candidate_previous_needs_review	"[""substring_requires_transfer_review""]"	0	freebase_bhht_author_lookup_v1	lookup_candidate_not_frozen	"[""George Alexander Muthoot"", ""Kit Malthouse"", ""Piyush Goyal""]"
846	Military aviator	4	military_aviator	author_substring	substring_unique_candidate	Leadership	Military	"[[""Leadership"",""Military""]]"	1	1	"[""aviator"",""militar""]"	[1373,1407]	"[[""Leadership"",""Military""]]"	[1373,1407]	Leadership	Military	aviator	0	0	[]	0	0	"[""substring_requires_transfer_review""]"	Leadership	proposed	high	agrees_with_previous_llm	"[""substring_requires_transfer_review""]"	0	freebase_bhht_author_lookup_v1	lookup_candidate_not_frozen	"[""George H. W. Bush"", ""Neil Armstrong"", ""Robert L. Gibson""]"
847	Funeral director	4	funeral_director	no_author_rule	no_author_rule			[]	0	0	[]	[]	[]	[]				0	0	[]	0	0	"[""no_author_rule""]"		out_of_scope	medium	no_unique_author_l1_candidate	"[""no_author_rule""]"	0	freebase_bhht_author_lookup_v1	lookup_candidate_not_frozen	"[""Gerard Luz James"", ""J.O. Patterson, Jr."", ""J.O. Patterson, Sr.""]"
848	Tax collector	4	tax_collector	author_substring	substring_unique_candidate	Culture	Culture-core	"[[""Culture"",""Culture-core""]]"	1	1	"[""collector""]"	[391]	"[[""Culture"",""Culture-core""]]"	[391]	Culture	Culture-core	collector	0	0	[]	0	0	"[""substring_requires_transfer_review""]"	Leadership	proposed	high	differs_from_previous_llm	"[""substring_requires_transfer_review"",""previous_llm_l1_disagreement""]"	0	freebase_bhht_author_lookup_v1	lookup_candidate_not_frozen	"[""Geórgios Theotokópoulos"", ""Joseph-Aristide Bataille"", ""Leo Raubal""]"
849	Choreography	4	choreography	no_author_rule	no_author_rule			[]	0	0	[]	[]	[]	[]				0	0	[]	0	0	"[""no_author_rule""]"		needs_review	low	no_unique_author_l1_candidate	"[""no_author_rule""]"	0	freebase_bhht_author_lookup_v1	lookup_candidate_not_frozen	"[""Giuseppe Urbani"", ""Harry Pilcer"", ""Tristan MacManus""]"
850	Vlogger	4	vlogger	no_author_rule	no_author_rule			[]	0	0	[]	[]	[]	[]				0	0	[]	0	0	"[""no_author_rule""]"	Culture	proposed	medium	no_unique_author_l1_candidate	"[""no_author_rule""]"	0	freebase_bhht_author_lookup_v1	lookup_candidate_not_frozen	"[""Glenn Beck"", ""Hank Green"", ""Jack Harries""]"
851	Graffiti artist	4	graffiti_artist	author_substring	substring_unique_candidate	Culture	Culture-core	"[[""Culture"",""Culture-core""]]"	1	1	"[""_artist""]"	[304]	"[[""Culture"",""Culture-core""]]"	[304]	Culture	Culture-core	_artist	0	0	[]	0	0	"[""substring_requires_transfer_review""]"	Culture	proposed	high	agrees_with_previous_llm	"[""substring_requires_transfer_review""]"	0	freebase_bhht_author_lookup_v1	lookup_candidate_not_frozen	"[""Gustavo Pandolfo"", ""Otavio Pandolfo"", ""Saman Sadeghpour""]"
852	Special Effects Supervisor	4	special_effects_supervisor	author_substring	substring_unique_candidate	Culture	Culture-core	"[[""Culture"",""Culture-core""]]"	1	1	"[""special_effects""]"	[537]	"[[""Culture"",""Culture-core""]]"	[537]	Culture	Culture-core	special_effects	0	0	[]	0	0	"[""substring_requires_transfer_review""]"	Culture	proposed	high	agrees_with_previous_llm	"[""substring_requires_transfer_review""]"	0	freebase_bhht_author_lookup_v1	lookup_candidate_not_frozen	"[""Hajime Tsuburaya"", ""John Dykstra"", ""Kevin Yagher""]"
853	Planter	4	planter	author_exact	exact_unique	Other	Worker/Business (small)	"[[""Other"",""Worker/Business (small)""]]"	1	1	"[""_planter""]"	[1480]	"[[""Other"",""Worker/Business (small)""]]"	[1480]	Other	Worker/Business (small)	_planter	0	0	"[{""level1"":""Other"",""level2"":""Worker/Business (small)"",""level3"":""planter"",""person_count"":46,""example_wikidata_codes"":""Q15999395|Q16062223|Q16065883""}]"	0	0	[]		needs_review	low	author_candidate_previous_needs_review	[]	0	freebase_bhht_author_lookup_v1	lookup_candidate_not_frozen	"[""Henry Francis Carradine"", ""James Stephens Bulloch"", ""Robert E. Lee, Jr.""]"
854	Auditor	4	auditor	author_exact	exact_unique	Other	Worker/Business (small)	"[[""Other"",""Worker/Business (small)""]]"	1	1	"[""auditor""]"	[1520]	"[[""Other"",""Worker/Business (small)""]]"	[1520]	Other	Worker/Business (small)	auditor	0	0	"[{""level1"":""Other"",""level2"":""Worker/Business (small)"",""level3"":""auditor"",""person_count"":55,""example_wikidata_codes"":""Q1504496|Q1510371|Q1534740""}]"	0	0	[]		needs_review	low	author_candidate_previous_needs_review	[]	0	freebase_bhht_author_lookup_v1	lookup_candidate_not_frozen	"[""Herb Gleason"", ""Mary Ann Smyczynski"", ""Mikhail Yesipov""]"
855	Senior SEO Manager	4	senior_seo_manager	author_substring	substring_unique_candidate	Leadership	Corporate/Executive/Business (large)	"[[""Leadership"",""Corporate/Executive/Business (large)""]]"	1	1	"[""manager""]"	[1234]	"[[""Leadership"",""Corporate/Executive/Business (large)""]]"	[1234]	Leadership	Corporate/Executive/Business (large)	manager	0	0	[]	0	0	"[""substring_requires_transfer_review""]"		needs_review	low	author_candidate_previous_needs_review	"[""substring_requires_transfer_review""]"	0	freebase_bhht_author_lookup_v1	lookup_candidate_not_frozen	"[""Himanshu Suri (m/012vnkfv)"", ""Krystian Szastok (Hobbyist)"", ""Krystian Szastok (m/0zfhvhl)""]"
856	Political Economist	4	political_economist	author_substring	substring_cross_l1_conflict			"[[""Discovery/Science"",""Academia""],[""Leadership"",""Politics""]]"	2	2	"[""economist"",""political""]"	[736,1013]	"[[""Discovery/Science"",""Academia""],[""Leadership"",""Politics""]]"	[736,1013]	Discovery/Science	Academia	economist	0	0	[]	0	0	"[""substring_requires_transfer_review"",""multiple_author_l1_candidates""]"	Discovery/Science	proposed	medium	no_unique_author_l1_candidate	"[""substring_requires_transfer_review"",""multiple_author_l1_candidates""]"	0	freebase_bhht_author_lookup_v1	lookup_candidate_not_frozen	"[""Immanuel Wallerstein"", ""Moeletsi Mbeki"", ""Parakala Prabhakar""]"
857	Adventurer	4	adventurer	author_exact	exact_unique	Discovery/Science	Explorer/Inventor/Developer	"[[""Discovery/Science"",""Explorer/Inventor/Developer""]]"	1	1	"[""adventurer""]"	[1178]	"[[""Discovery/Science"",""Explorer/Inventor/Developer""]]"	[1178]	Discovery/Science	Explorer/Inventor/Developer	adventurer	0	0	"[{""level1"":""Discovery/Science"",""level2"":""Explorer/Inventor/Developer"",""level3"":""adventurer"",""person_count"":82,""example_wikidata_codes"":""Q10305079|Q1065772|Q10785098""}]"	0	0	[]		needs_review	low	author_candidate_previous_needs_review	[]	0	freebase_bhht_author_lookup_v1	lookup_candidate_not_frozen	"[""Jan Potocki"", ""Ross Thomas (Actor) #1"", ""Sir Michael William Selby Bruce""]"
858	Game creator	4	game_creator	author_substring	substring_cross_l1_conflict			"[[""Culture"",""Culture-core""],[""Sports/Games"",""Sports/Games""]]"	2	2	"[""_game"",""_creator_""]"	[12,313]	"[[""Culture"",""Culture-core""],[""Sports/Games"",""Sports/Games""]]"	[12,313]	Sports/Games	Sports/Games	_game	0	0	[]	0	0	"[""substring_requires_transfer_review"",""multiple_author_l1_candidates""]"		needs_review	low	no_unique_author_l1_candidate	"[""substring_requires_transfer_review"",""multiple_author_l1_candidates""]"	0	freebase_bhht_author_lookup_v1	lookup_candidate_not_frozen	"[""Jim Howard (Actor)"", ""Mamoru Oshii"", ""Richard Garriott""]"
859	Video game development	4	video_game_development	author_substring	substring_unique_candidate	Sports/Games	Sports/Games	"[[""Sports/Games"",""Sports/Games""]]"	1	1	"[""_game"",""video_game""]"	[12,284]	"[[""Sports/Games"",""Sports/Games""]]"	[12,284]	Sports/Games	Sports/Games	_game	0	0	[]	0	0	"[""substring_requires_transfer_review""]"		out_of_scope	medium	author_candidate_previous_out_of_scope	"[""substring_requires_transfer_review""]"	0	freebase_bhht_author_lookup_v1	lookup_candidate_not_frozen	"[""Jim Howard (Actor)"", ""Mamoru Oshii"", ""Richard Garriott""]"
860	Bibliophile	4	bibliophile	author_exact	exact_unique	Culture	Culture-core	"[[""Culture"",""Culture-core""]]"	1	1	"[""bibliophile""]"	[366]	"[[""Culture"",""Culture-core""]]"	[366]	Culture	Culture-core	bibliophile	0	0	"[{""level1"":""Culture"",""level2"":""Culture-core"",""level3"":""bibliophile"",""person_count"":49,""example_wikidata_codes"":""Q1158739|Q117539|Q1252888""}]"	0	0	[]		out_of_scope	high	author_candidate_previous_out_of_scope	[]	0	freebase_bhht_author_lookup_v1	lookup_candidate_not_frozen	"[""John Carter Brown"", ""John Nicholas Brown I"", ""Obadiah Rich""]"
861	Machinist	4	machinist	author_exact	exact_unique	Other	Worker/Business (small)	"[[""Other"",""Worker/Business (small)""]]"	1	1	"[""machinist""]"	[1646]	"[[""Other"",""Worker/Business (small)""]]"	[1646]	Other	Worker/Business (small)	machinist	0	0	"[{""level1"":""Other"",""level2"":""Worker/Business (small)"",""level3"":""machinist"",""person_count"":21,""example_wikidata_codes"":""Q1222261|Q1351437|Q15999001""}]"	0	0	[]		out_of_scope	high	formal_author_other_previously_out_of_scope	[]	0	freebase_bhht_author_lookup_v1	lookup_candidate_not_frozen	"[""Josip Broz Tito"", ""Morris Landau"", ""Nicolae Andruță Ceaușescu""]"
862	Vedette	4	vedette	no_author_rule	no_author_rule			[]	0	0	[]	[]	[]	[]				0	0	[]	0	0	"[""no_author_rule""]"	Culture	proposed	medium	no_unique_author_l1_candidate	"[""no_author_rule""]"	0	freebase_bhht_author_lookup_v1	lookup_candidate_not_frozen	"[""Lilián del Río"", ""María Turgenova"", ""Moria Casán""]"
863	SEO Professional (Profession) #1	4	seo_professional_(profession)_#1	no_author_rule	no_author_rule			[]	0	0	[]	[]	[]	[]				0	0	[]	0	0	"[""no_author_rule""]"		needs_review	medium	no_unique_author_l1_candidate	"[""no_author_rule""]"	0	freebase_bhht_author_lookup_v1	lookup_candidate_not_frozen	"[""Paul Scolnick"", ""ingenieroseo"", ""m/012hsfbl""]"
864	Newspaper	4	newspaper	no_author_rule	no_author_rule			[]	0	0	[]	[]	[]	[]				0	0	[]	0	0	"[""no_author_rule""]"		out_of_scope	high	no_unique_author_l1_candidate	"[""no_author_rule""]"	0	freebase_bhht_author_lookup_v1	lookup_candidate_not_frozen	"[""Vakkom Moulavi"", ""Walter E. Hussman, Jr."", ""Walter E. Hussman, Sr.""]"
865	Jazz Composer	3	jazz_composer	author_substring	substring_unique_candidate	Culture	Culture-core	"[[""Culture"",""Culture-core""]]"	1	1	"[""composer"",""jazz""]"	[398,451]	"[[""Culture"",""Culture-core""]]"	[398,451]	Culture	Culture-core	composer	0	0	[]	0	0	"[""substring_requires_transfer_review""]"	Culture	proposed	medium	agrees_with_previous_llm	"[""substring_requires_transfer_review""]"	0	freebase_bhht_author_lookup_v1	lookup_candidate_not_frozen	"[""Abbey Lincoln"", ""Anthony Braxton"", ""Hiromi""]"
866	Drama Coach	3	drama_coach	author_substring	substring_cross_l1_conflict			"[[""Culture"",""Culture-core""],[""Sports/Games"",""Sports/Games""]]"	2	2	"[""coach"",""_drama""]"	[75,318]	"[[""Culture"",""Culture-core""],[""Sports/Games"",""Sports/Games""]]"	[75,318]	Sports/Games	Sports/Games	coach	0	0	[]	0	0	"[""substring_requires_transfer_review"",""multiple_author_l1_candidates""]"	Culture	proposed	high	no_unique_author_l1_candidate	"[""substring_requires_transfer_review"",""multiple_author_l1_candidates""]"	0	freebase_bhht_author_lookup_v1	lookup_candidate_not_frozen	"[""Abner Biberman"", ""Helen Reaume"", ""Sessue Hayakawa""]"
867	Epidemiologist	3	epidemiologist	author_exact	exact_unique	Discovery/Science	Academia	"[[""Discovery/Science"",""Academia""]]"	1	1	"[""epidemiologist""]"	[746]	"[[""Discovery/Science"",""Academia""]]"	[746]	Discovery/Science	Academia	epidemiologist	0	0	"[{""level1"":""Discovery/Science"",""level2"":""Academia"",""level3"":""epidemiologist"",""person_count"":299,""example_wikidata_codes"":""Q1117095|Q114024|Q11482563""}]"	0	0	[]	Discovery/Science	proposed	high	agrees_with_previous_llm	[]	0	freebase_bhht_author_lookup_v1	lookup_candidate_not_frozen	"[""Achille Adrien Proust"", ""John Newmeyer"", ""Matthew Huxley""]"
868	Postmaster	3	postmaster	author_exact	exact_unique	Other	Worker/Business (small)	"[[""Other"",""Worker/Business (small)""]]"	1	1	"[""postmaster""]"	[1672]	"[[""Other"",""Worker/Business (small)""]]"	[1672]	Other	Worker/Business (small)	postmaster	0	0	"[{""level1"":""Other"",""level2"":""Worker/Business (small)"",""level3"":""postmaster"",""person_count"":49,""example_wikidata_codes"":""Q1289334|Q1311468|Q1334989""}]"	0	0	[]		needs_review	low	author_candidate_previous_needs_review	[]	0	freebase_bhht_author_lookup_v1	lookup_candidate_not_frozen	"[""Adam Egede-Nissen"", ""John Wilkinson (Lawyer)"", ""William Hodding Carter, I""]"
869	Virologist	3	virologist	author_exact	exact_unique	Discovery/Science	Academia	"[[""Discovery/Science"",""Academia""]]"	1	1	"[""virologist""]"	[924]	"[[""Discovery/Science"",""Academia""]]"	[924]	Discovery/Science	Academia	virologist	0	0	"[{""level1"":""Discovery/Science"",""level2"":""Academia"",""level3"":""virologist"",""person_count"":256,""example_wikidata_codes"":""Q102600|Q1063578|Q106360""}]"	0	0	[]	Discovery/Science	proposed	high	agrees_with_previous_llm	[]	0	freebase_bhht_author_lookup_v1	lookup_candidate_not_frozen	"[""Adele Maria Jemolo"", ""Frank Macfarlane Burnet"", ""Jonas Salk""]"
870	Spiritual teacher	3	spiritual_teacher	author_substring	substring_unique_candidate	Discovery/Science	Academia	"[[""Discovery/Science"",""Academia""]]"	1	1	"[""teacher_""]"	[910]	"[[""Discovery/Science"",""Academia""]]"	[910]	Discovery/Science	Academia	teacher_	0	0	[]	0	0	"[""substring_requires_transfer_review""]"		needs_review	low	author_candidate_previous_needs_review	"[""substring_requires_transfer_review""]"	0	freebase_bhht_author_lookup_v1	lookup_candidate_not_frozen	"[""Adi Da"", ""Omar Ali-Shah"", ""Reshad Feild""]"
871	Christian Theologian	3	christian_theologian	author_substring	substring_unique_candidate	Discovery/Science	Academia	"[[""Discovery/Science"",""Academia""]]"	1	1	"[""theologian""]"	[913]	"[[""Discovery/Science"",""Academia""]]"	[913]	Discovery/Science	Academia	theologian	0	0	[]	0	0	"[""substring_requires_transfer_review""]"	Discovery/Science	proposed	medium	agrees_with_previous_llm	"[""substring_requires_transfer_review""]"	0	freebase_bhht_author_lookup_v1	lookup_candidate_not_frozen	"[""Adolf von Harnack"", ""Heinrich Wilhelm Josias Thiersch"", ""Peter Kreeft""]"
872	Pretty Horsebreaker	3	pretty_horsebreaker	no_author_rule	no_author_rule			[]	0	0	[]	[]	[]	[]				0	0	[]	0	0	"[""no_author_rule""]"		needs_review	low	no_unique_author_l1_candidate	"[""no_author_rule""]"	0	freebase_bhht_author_lookup_v1	lookup_candidate_not_frozen	"[""Agnes Wyndham"", ""Catherine Walters"", ""Laura Bell (Celebrity)""]"
873	Racketeering	3	racketeering	author_substring	substring_unique_candidate	Other	Other	"[[""Other"",""Other""]]"	1	1	"[""racketeer""]"	[1868]	"[[""Other"",""Other""]]"	[1868]	Other	Other	racketeer	0	0	[]	0	0	"[""substring_requires_transfer_review""]"		out_of_scope	high	formal_author_other_previously_out_of_scope	"[""substring_requires_transfer_review""]"	0	freebase_bhht_author_lookup_v1	lookup_candidate_not_frozen	"[""Al Capone"", ""Carlo Gambino"", ""Sam Giancana""]"
874	Podiatrist	3	podiatrist	author_exact	exact_unique	Discovery/Science	Academia	"[[""Discovery/Science"",""Academia""]]"	1	1	"[""podiatrist""]"	[874]	"[[""Discovery/Science"",""Academia""]]"	[874]	Discovery/Science	Academia	podiatrist	0	0	"[{""level1"":""Discovery/Science"",""level2"":""Academia"",""level3"":""podiatrist"",""person_count"":7,""example_wikidata_codes"":""Q16194394|Q19863991|Q22278850""}]"	0	0	[]	Discovery/Science	proposed	medium	agrees_with_previous_llm	[]	0	freebase_bhht_author_lookup_v1	lookup_candidate_not_frozen	"[""Alex Kor"", ""Dana Costigan"", ""Lesley Richardson""]"
875	Concertmaster	3	concertmaster	author_exact	exact_unique	Culture	Culture-core	"[[""Culture"",""Culture-core""]]"	1	1	"[""concertmaster""]"	[400]	"[[""Culture"",""Culture-core""]]"	[400]	Culture	Culture-core	concertmaster	0	0	"[{""level1"":""Culture"",""level2"":""Culture-core"",""level3"":""concertmaster"",""person_count"":97,""example_wikidata_codes"":""Q10334154|Q105924|Q113338""}]"	0	0	[]	Culture	proposed	high	agrees_with_previous_llm	[]	0	freebase_bhht_author_lookup_v1	lookup_candidate_not_frozen	"[""Alexander Schneider"", ""John Corigliano, Sr."", ""Pietro Sordi""]"
876	Actor-manager	3	actor-manager	author_substring	substring_cross_l1_conflict			"[[""Culture"",""Culture-core""],[""Leadership"",""Corporate/Executive/Business (large)""]]"	2	2	"[""_actor"",""manager""]"	[303,1234]	"[[""Culture"",""Culture-core""],[""Leadership"",""Corporate/Executive/Business (large)""]]"	[303,1234]	Culture	Culture-core	_actor	0	0	[]	0	0	"[""substring_requires_transfer_review"",""multiple_author_l1_candidates""]"	Culture	proposed	high	no_unique_author_l1_candidate	"[""substring_requires_transfer_review"",""multiple_author_l1_candidates""]"	0	freebase_bhht_author_lookup_v1	lookup_candidate_not_frozen	"[""Alfred Dampier"", ""Arthur Bourchier"", ""Geoffrey Kendal""]"
877	Opera conductor	3	opera_conductor	author_substring	substring_unique_candidate	Culture	Culture-core	"[[""Culture"",""Culture-core""]]"	1	1	"[""_opera_"",""conductor""]"	[326,401]	"[[""Culture"",""Culture-core""]]"	[326,401]	Culture	Culture-core	_opera_	0	0	[]	0	0	"[""substring_requires_transfer_review""]"	Culture	proposed	medium	agrees_with_previous_llm	"[""substring_requires_transfer_review""]"	0	freebase_bhht_author_lookup_v1	lookup_candidate_not_frozen	"[""Alfred Sendrey"", ""Anton Coppola"", ""Fritz Reiner""]"
878	Consort	3	consort	author_exact	exact_unique	Leadership	Nobility	"[[""Leadership"",""Nobility""]]"	1	1	"[""consort""]"	[1131]	"[[""Leadership"",""Nobility""]]"	[1131]	Leadership	Nobility	consort	0	0	"[{""level1"":""Leadership"",""level2"":""Nobility"",""level3"":""consort"",""person_count"":285,""example_wikidata_codes"":""Q1036431|Q1036437|Q1036533""}]"	0	0	[]	Leadership	proposed	high	agrees_with_previous_llm	[]	0	freebase_bhht_author_lookup_v1	lookup_candidate_not_frozen	"[""Alma Mahler Gropius Werfel"", ""Empress Michiko"", ""Mozah bint Nasser Al Missned""]"
879	Creative consultant	3	creative_consultant	author_substring	substring_cross_l1_conflict			"[[""Culture"",""Culture-core""],[""Other"",""Worker/Business (small)""]]"	2	2	"[""creative"",""consultant""]"	[408,1566]	"[[""Culture"",""Culture-core""],[""Other"",""Worker/Business (small)""]]"	[408,1566]	Culture	Culture-core	creative	0	0	[]	0	0	"[""substring_requires_transfer_review"",""multiple_author_l1_candidates""]"	Culture	proposed	high	no_unique_author_l1_candidate	"[""substring_requires_transfer_review"",""multiple_author_l1_candidates""]"	0	freebase_bhht_author_lookup_v1	lookup_candidate_not_frozen	"[""Amanda Harlech"", ""Jocelyn Jones"", ""Raymond Gutierrez""]"
880	Biophysicist	3	biophysicist	author_substring	substring_unique_candidate	Discovery/Science	Academia	"[[""Discovery/Science"",""Academia""]]"	1	1	"[""physicist""]"	[868]	"[[""Discovery/Science"",""Academia""]]"	[868]	Discovery/Science	Academia	physicist	0	0	[]	0	0	"[""substring_requires_transfer_review""]"	Discovery/Science	proposed	medium	agrees_with_previous_llm	"[""substring_requires_transfer_review""]"	0	freebase_bhht_author_lookup_v1	lookup_candidate_not_frozen	"[""Andrew Huxley"", ""Professor Zurab D. Urushadze"", ""Sergey Nikitin""]"
881	Seismologist	3	seismologist	author_exact	exact_unique	Discovery/Science	Academia	"[[""Discovery/Science"",""Academia""]]"	1	1	"[""seismologist""]"	[895]	"[[""Discovery/Science"",""Academia""]]"	[895]	Discovery/Science	Academia	seismologist	0	0	"[{""level1"":""Discovery/Science"",""level2"":""Academia"",""level3"":""seismologist"",""person_count"":68,""example_wikidata_codes"":""Q11447156|Q11619582|Q11944607""}]"	0	0	[]	Discovery/Science	proposed	high	agrees_with_previous_llm	[]	0	freebase_bhht_author_lookup_v1	lookup_candidate_not_frozen	"[""Andrzej Zawada"", ""Janez K. Lapajne"", ""Richard Dixon Oldham""]"
882	Furrier	3	furrier	no_author_rule	no_author_rule			[]	0	0	[]	[]	[]	[]				0	0	[]	0	0	"[""no_author_rule""]"		out_of_scope	high	no_unique_author_l1_candidate	"[""no_author_rule""]"	0	freebase_bhht_author_lookup_v1	lookup_candidate_not_frozen	"[""André Ciganer"", ""Hendrik Roelof Citroen"", ""Wilhelm Henie""]"
883	Gallery Owner	3	gallery_owner	no_author_rule	no_author_rule			[]	0	0	[]	[]	[]	[]				0	0	[]	0	0	"[""no_author_rule""]"		needs_review	low	no_unique_author_l1_candidate	"[""no_author_rule""]"	0	freebase_bhht_author_lookup_v1	lookup_candidate_not_frozen	"[""André Emmerich"", ""Betty Asher (Art collector)"", ""Jean-Gabriel Mitterrand""]"
884	Classicist	3	classicist	author_exact	exact_unique	Discovery/Science	Academia	"[[""Discovery/Science"",""Academia""]]"	1	1	"[""_classicist_""]"	[667]	"[[""Discovery/Science"",""Academia""]]"	[667]	Discovery/Science	Academia	_classicist_	0	0	"[{""level1"":""Discovery/Science"",""level2"":""Academia"",""level3"":""classicist"",""person_count"":14,""example_wikidata_codes"":""Q1570300|Q16025214|Q18216966""}]"	0	0	[]	Discovery/Science	proposed	high	agrees_with_previous_llm	[]	0	freebase_bhht_author_lookup_v1	lookup_candidate_not_frozen	"[""Anne Carson"", ""Benjamin Dean Meritt"", ""Michael H. Jameson""]"
885	Nurse midwife	3	nurse_midwife	author_substring	substring_cross_l1_conflict			"[[""Discovery/Science"",""Academia""],[""Other"",""Worker/Business (small)""]]"	2	2	"[""nurse"",""midwife""]"	[828,1655]	"[[""Discovery/Science"",""Academia""],[""Other"",""Worker/Business (small)""]]"	[828,1655]	Discovery/Science	Academia	nurse	0	0	[]	0	0	"[""substring_requires_transfer_review"",""multiple_author_l1_candidates""]"	Discovery/Science	proposed	high	no_unique_author_l1_candidate	"[""substring_requires_transfer_review"",""multiple_author_l1_candidates""]"	0	freebase_bhht_author_lookup_v1	lookup_candidate_not_frozen	"[""Anne Murphy Roffey"", ""Ina May Gaskin"", ""Olga Vilchinskaya""]"
886	Legal secretary	3	legal_secretary	author_substring	substring_unique_candidate	Leadership	Politics	"[[""Leadership"",""Politics""]]"	1	1	"[""secretary""]"	[1022]	"[[""Leadership"",""Politics""]]"	[1022]	Leadership	Politics	secretary	0	0	[]	0	0	"[""substring_requires_transfer_review""]"	Leadership	proposed	medium	agrees_with_previous_llm	"[""substring_requires_transfer_review""]"	0	freebase_bhht_author_lookup_v1	lookup_candidate_not_frozen	"[""Anne-Marie Conley"", ""Irmelin Indenbirken"", ""Virginia Johnson (Deceased Person)""]"
887	Jeweller (Film job)	3	jeweller_(film_job)	author_substring	substring_unique_candidate	Other	Worker/Business (small)	"[[""Other"",""Worker/Business (small)""]]"	1	1	"[""jeweller""]"	[1632]	"[[""Other"",""Worker/Business (small)""]]"	[1632]	Other	Worker/Business (small)	jeweller	0	0	[]	0	0	"[""substring_requires_transfer_review""]"		needs_review	low	author_candidate_previous_needs_review	"[""substring_requires_transfer_review""]"	0	freebase_bhht_author_lookup_v1	lookup_candidate_not_frozen	"[""Anthony Havelock-Allan"", ""Martin Konigsberg"", ""William Hinds""]"
888	Actuary	3	actuary	author_exact	exact_unique	Other	Worker/Business (small)	"[[""Other"",""Worker/Business (small)""]]"	1	1	"[""actuary""]"	[1505]	"[[""Other"",""Worker/Business (small)""]]"	[1505]	Other	Worker/Business (small)	actuary	0	0	"[{""level1"":""Other"",""level2"":""Worker/Business (small)"",""level3"":""actuary"",""person_count"":45,""example_wikidata_codes"":""Q10393710|Q16025288|Q16030456""}]"	0	0	[]		needs_review	low	author_candidate_previous_needs_review	[]	0	freebase_bhht_author_lookup_v1	lookup_candidate_not_frozen	"[""Anthony Lowe"", ""Danil Khachaturov"", ""Humayun Akhtar Khan""]"
889	Virtuoso	3	virtuoso	no_author_rule	no_author_rule			[]	0	0	[]	[]	[]	[]				0	0	[]	0	0	"[""no_author_rule""]"	Culture	proposed	medium	no_unique_author_l1_candidate	"[""no_author_rule""]"	0	freebase_bhht_author_lookup_v1	lookup_candidate_not_frozen	"[""Arcadi Volodos"", ""Life of Franz Liszt"", ""Niccolò Paganini""]"
890	Entertainment Lawyer	3	entertainment_lawyer	author_substring	substring_unique_candidate	Leadership	Administration/Law	"[[""Leadership"",""Administration/Law""]]"	1	1	"[""_lawyer""]"	[1053]	"[[""Leadership"",""Administration/Law""]]"	[1053]	Leadership	Administration/Law	_lawyer	0	0	[]	0	0	"[""substring_requires_transfer_review""]"	Leadership	proposed	high	agrees_with_previous_llm	"[""substring_requires_transfer_review""]"	0	freebase_bhht_author_lookup_v1	lookup_candidate_not_frozen	"[""Arthur B. Krim"", ""Doug Davis (Organisation founder)"", ""Michael Collyer""]"
891	Garment Worker	3	garment_worker	author_substring	substring_unique_candidate	Other	Worker/Business (small)	"[[""Other"",""Worker/Business (small)""]]"	1	1	"[""worker""]"	[1716]	"[[""Other"",""Worker/Business (small)""]]"	[1716]	Other	Worker/Business (small)	worker	0	0	[]	0	0	"[""substring_requires_transfer_review""]"		out_of_scope	high	formal_author_other_previously_out_of_scope	"[""substring_requires_transfer_review""]"	0	freebase_bhht_author_lookup_v1	lookup_candidate_not_frozen	"[""Arthur Gellar"", ""Frank Wesley Meservey"", ""Rose Matthow""]"
892	Production Supervisor	3	production_supervisor	no_author_rule	no_author_rule			[]	0	0	[]	[]	[]	[]				0	0	[]	0	0	"[""no_author_rule""]"		needs_review	low	no_unique_author_l1_candidate	"[""no_author_rule""]"	0	freebase_bhht_author_lookup_v1	lookup_candidate_not_frozen	"[""Arthur Hornblow, Jr."", ""Jerry Adler"", ""Leo McCarey""]"
893	Prostitute	3	prostitute	author_exact	exact_unique	Other	Other	"[[""Other"",""Other""]]"	1	1	"[""prostitute""]"	[1861]	"[[""Other"",""Other""]]"	[1861]	Other	Other	prostitute	0	0	"[{""level1"":""Other"",""level2"":""Other"",""level3"":""prostitute"",""person_count"":120,""example_wikidata_codes"":""Q10287931|Q10346179|Q1153323""}]"	0	0	[]		out_of_scope	high	formal_author_other_previously_out_of_scope	[]	0	freebase_bhht_author_lookup_v1	lookup_candidate_not_frozen	"[""Ashley Alexandra Dupré"", ""Kathleen Maddox"", ""Maya Angelou""]"
894	Theoretician	3	theoretician	no_author_rule	no_author_rule			[]	0	0	[]	[]	[]	[]				0	0	[]	0	0	"[""no_author_rule""]"		needs_review	low	no_unique_author_l1_candidate	"[""no_author_rule""]"	0	freebase_bhht_author_lookup_v1	lookup_candidate_not_frozen	"[""Attar of Nishapur"", ""Herbert Blau"", ""Hollis Frampton""]"
895	Cardinal	3	cardinal	author_exact	exact_unique	Leadership	Religious	"[[""Leadership"",""Religious""]]"	1	1	"[""cardinal""]"	[1287]	"[[""Leadership"",""Religious""]]"	[1287]	Leadership	Religious	cardinal	0	0	"[{""level1"":""Leadership"",""level2"":""Religious"",""level3"":""cardinal"",""person_count"":810,""example_wikidata_codes"":""Q1026715|Q1029380|Q10324663""}]"	0	0	[]	Leadership	proposed	medium	agrees_with_previous_llm	[]	0	freebase_bhht_author_lookup_v1	lookup_candidate_not_frozen	"[""Avery Dulles"", ""Daniele Barbaro"", ""Ercole Gonzaga""]"
896	Architectural photographer	3	architectural_photographer	author_substring	substring_same_l1_multiple_l2	Culture		"[[""Culture"",""Culture-core""],[""Culture"",""Culture-periphery""]]"	1	2	"[""photographer"",""architect""]"	[491,586]	"[[""Culture"",""Culture-core""],[""Culture"",""Culture-periphery""]]"	[491,586]	Culture	Culture-core	photographer	0	0	[]	0	0	"[""substring_requires_transfer_review"",""multiple_author_l2_candidates""]"	Culture	proposed	medium	agrees_with_previous_llm	"[""substring_requires_transfer_review"",""multiple_author_l2_candidates""]"	0	freebase_bhht_author_lookup_v1	lookup_candidate_not_frozen	"[""Bedford Lemere (Organisation founder)"", ""Henry Bedford Lemere"", ""Roger Wulstan Park""]"
897	Radio jockey	3	radio_jockey	author_substring	substring_cross_l1_conflict			"[[""Culture"",""Culture-periphery""],[""Sports/Games"",""Sports/Games""]]"	2	2	"[""jockey"",""_radio_""]"	[144,579]	"[[""Culture"",""Culture-periphery""],[""Sports/Games"",""Sports/Games""]]"	[144,579]	Sports/Games	Sports/Games	jockey	0	0	[]	0	0	"[""substring_requires_transfer_review"",""multiple_author_l1_candidates""]"	Culture	proposed	high	no_unique_author_l1_candidate	"[""substring_requires_transfer_review"",""multiple_author_l1_candidates""]"	0	freebase_bhht_author_lookup_v1	lookup_candidate_not_frozen	"[""Behroze Sabzwari"", ""Senthil Kumar (Actor) #4"", ""Suchitra""]"
898	Personal organizer	3	personal_organizer	no_author_rule	no_author_rule			[]	0	0	[]	[]	[]	[]				0	0	[]	0	0	"[""no_author_rule""]"		out_of_scope	medium	no_unique_author_l1_candidate	"[""no_author_rule""]"	0	freebase_bhht_author_lookup_v1	lookup_candidate_not_frozen	"[""Ben Manski"", ""Michael Sládek"", ""Sarah Turner""]"
899	Airline Pilot	3	airline_pilot	author_exact	exact_unique	Other	Worker/Business (small)	"[[""Other"",""Worker/Business (small)""]]"	1	1	"[""airline_pilot""]"	[1513]	"[[""Other"",""Worker/Business (small)""]]"	[1513]	Other	Worker/Business (small)	airline_pilot	0	0	"[{""level1"":""Other"",""level2"":""Worker/Business (small)"",""level3"":""airline_pilot"",""person_count"":16,""example_wikidata_codes"":""Q1494858|Q16866748|Q2154926""}]"	0	0	[]		out_of_scope	high	formal_author_other_previously_out_of_scope	[]	0	freebase_bhht_author_lookup_v1	lookup_candidate_not_frozen	"[""Benjamin Clark"", ""David Bale"", ""Ingmar Bergman, Jr.""]"
900	Sculptor (Constellation)	3	sculptor_(constellation)	author_substring	substring_unique_candidate	Culture	Culture-core	"[[""Culture"",""Culture-core""]]"	1	1	"[""sculptor""]"	[525]	"[[""Culture"",""Culture-core""]]"	[525]	Culture	Culture-core	sculptor	0	0	[]	0	0	"[""substring_requires_transfer_review""]"		out_of_scope	high	author_candidate_previous_out_of_scope	"[""substring_requires_transfer_review""]"	0	freebase_bhht_author_lookup_v1	lookup_candidate_not_frozen	"[""Beth Stephens"", ""Carl Akeley"", ""Mimsy Farmer""]"
901	Textile worker	3	textile_worker	author_substring	substring_unique_candidate	Other	Worker/Business (small)	"[[""Other"",""Worker/Business (small)""]]"	1	1	"[""worker""]"	[1716]	"[[""Other"",""Worker/Business (small)""]]"	[1716]	Other	Worker/Business (small)	worker	0	0	[]	0	0	"[""substring_requires_transfer_review""]"		out_of_scope	medium	formal_author_other_previously_out_of_scope	"[""substring_requires_transfer_review""]"	0	freebase_bhht_author_lookup_v1	lookup_candidate_not_frozen	"[""Bruce Laming"", ""Bruna Benigni"", ""Ion Creangă""]"
902	Beekeeper	3	beekeeper	author_exact	exact_unique	Other	Worker/Business (small)	"[[""Other"",""Worker/Business (small)""]]"	1	1	"[""beekeeper""]"	[1433]	"[[""Other"",""Worker/Business (small)""]]"	[1433]	Other	Worker/Business (small)	beekeeper	0	0	"[{""level1"":""Other"",""level2"":""Worker/Business (small)"",""level3"":""beekeeper"",""person_count"":58,""example_wikidata_codes"":""Q1040166|Q112152|Q118044""}]"	0	0	[]		out_of_scope	high	formal_author_other_previously_out_of_scope	[]	0	freebase_bhht_author_lookup_v1	lookup_candidate_not_frozen	"[""Burt Shavitz"", ""Daniel David Palmer"", ""Steve Vai""]"
903	Stock trader	3	stock_trader	author_substring	substring_unique_candidate	Leadership	Corporate/Executive/Business (large)	"[[""Leadership"",""Corporate/Executive/Business (large)""]]"	1	1	"[""trader""]"	[1247]	"[[""Leadership"",""Corporate/Executive/Business (large)""]]"	[1247]	Leadership	Corporate/Executive/Business (large)	trader	0	0	[]	0	0	"[""substring_requires_transfer_review""]"		needs_review	low	author_candidate_previous_needs_review	"[""substring_requires_transfer_review""]"	0	freebase_bhht_author_lookup_v1	lookup_candidate_not_frozen	"[""Calvin J. Gooding"", ""Josh Brolin"", ""Larry R. Williams""]"
904	Draftsman	3	draftsman	author_exact	exact_unique	Culture	Culture-core	"[[""Culture"",""Culture-core""]]"	1	1	"[""_draftsman_""]"	[317]	"[[""Culture"",""Culture-core""]]"	[317]	Culture	Culture-core	_draftsman_	0	0	"[{""level1"":""Culture"",""level2"":""Culture-core"",""level3"":""draftsman"",""person_count"":6,""example_wikidata_codes"":""Q14957167|Q17026559|Q27460651""}]"	0	0	[]		needs_review	low	author_candidate_previous_needs_review	[]	0	freebase_bhht_author_lookup_v1	lookup_candidate_not_frozen	"[""Camille Pissarro"", ""Ferenc Cakó"", ""Lene Adler Petersen""]"
905	Cosmologist	3	cosmologist	no_author_rule	no_author_rule			[]	0	0	[]	[]	[]	[]				0	0	[]	0	0	"[""no_author_rule""]"	Discovery/Science	proposed	high	no_unique_author_l1_candidate	"[""no_author_rule""]"	0	freebase_bhht_author_lookup_v1	lookup_candidate_not_frozen	"[""Carl Sagan"", ""Jayant Narlikar"", ""Stephen Hawking""]"
906	Script doctor	3	script_doctor	author_substring	substring_cross_l1_conflict			"[[""Culture"",""Culture-core""],[""Discovery/Science"",""Academia""]]"	2	2	"[""_script_"",""doctor""]"	[332,733]	"[[""Culture"",""Culture-core""],[""Discovery/Science"",""Academia""]]"	[332,733]	Culture	Culture-core	_script_	0	0	[]	0	0	"[""substring_requires_transfer_review"",""multiple_author_l1_candidates""]"	Culture	proposed	high	no_unique_author_l1_candidate	"[""substring_requires_transfer_review"",""multiple_author_l1_candidates""]"	0	freebase_bhht_author_lookup_v1	lookup_candidate_not_frozen	"[""Carrie Fisher"", ""Thomas Lennon"", ""William Goldman""]"
907	Film distributor (Profession)	3	film_distributor_(profession)	author_substring	substring_unique_candidate	Culture	Culture-core	"[[""Culture"",""Culture-core""]]"	1	1	"[""_film_""]"	[320]	"[[""Culture"",""Culture-core""]]"	[320]	Culture	Culture-core	_film_	0	0	[]	0	0	"[""substring_requires_transfer_review""]"		needs_review	low	author_candidate_previous_needs_review	"[""substring_requires_transfer_review""]"	0	freebase_bhht_author_lookup_v1	lookup_candidate_not_frozen	"[""Charles Mintz"", ""Komal"", ""Lawrence Woolner""]"
908	Neurophysiologist	3	neurophysiologist	author_substring	substring_unique_candidate	Discovery/Science	Academia	"[[""Discovery/Science"",""Academia""]]"	1	1	"[""physiologist""]"	[870]	"[[""Discovery/Science"",""Academia""]]"	[870]	Discovery/Science	Academia	physiologist	0	0	[]	0	0	"[""substring_requires_transfer_review""]"	Discovery/Science	proposed	high	agrees_with_previous_llm	"[""substring_requires_transfer_review""]"	0	freebase_bhht_author_lookup_v1	lookup_candidate_not_frozen	"[""Charles Scott Sherrington"", ""John Eccles"", ""William Grey Walter""]"
909	Educational psychologist	3	educational_psychologist	author_substring	substring_unique_candidate	Discovery/Science	Academia	"[[""Discovery/Science"",""Academia""]]"	1	1	"[""education"",""psychologist""]"	[737,883]	"[[""Discovery/Science"",""Academia""]]"	[737,883]	Discovery/Science	Academia	education	0	0	[]	0	0	"[""substring_requires_transfer_review""]"	Discovery/Science	proposed	high	agrees_with_previous_llm	"[""substring_requires_transfer_review""]"	0	freebase_bhht_author_lookup_v1	lookup_candidate_not_frozen	"[""Charles William Kimmins"", ""Julia Baird"", ""Sara Netanyahu""]"
910	Clockmaker	3	clockmaker	author_exact	exact_unique	Other	Worker/Business (small)	"[[""Other"",""Worker/Business (small)""]]"	1	1	"[""clockmaker""]"	[1560]	"[[""Other"",""Worker/Business (small)""]]"	[1560]	Other	Worker/Business (small)	clockmaker	0	0	"[{""level1"":""Other"",""level2"":""Worker/Business (small)"",""level3"":""clockmaker"",""person_count"":82,""example_wikidata_codes"":""Q103677|Q110309|Q1176255""}]"	0	0	[]		out_of_scope	medium	formal_author_other_previously_out_of_scope	[]	0	freebase_bhht_author_lookup_v1	lookup_candidate_not_frozen	"[""Chauncey Jerome"", ""Eli Terry"", ""Simon Willard (Deceased Person) #1""]"
911	Hematologist	3	hematologist	author_exact	exact_unique	Discovery/Science	Academia	"[[""Discovery/Science"",""Academia""]]"	1	1	"[""hematologist""]"	[777]	"[[""Discovery/Science"",""Academia""]]"	[777]	Discovery/Science	Academia	hematologist	0	0	"[{""level1"":""Discovery/Science"",""level2"":""Academia"",""level3"":""hematologist"",""person_count"":64,""example_wikidata_codes"":""Q111708|Q11774595|Q1457211""}]"	0	0	[]	Discovery/Science	proposed	high	agrees_with_previous_llm	[]	0	freebase_bhht_author_lookup_v1	lookup_candidate_not_frozen	"[""Chen Saijuan"", ""Chen Zhu"", ""Richard Asher""]"
912	Action Director	3	action_director	no_author_rule	no_author_rule			[]	0	0	[]	[]	[]	[]				0	0	[]	0	0	"[""no_author_rule""]"	Culture	proposed	high	no_unique_author_l1_candidate	"[""no_author_rule""]"	0	freebase_bhht_author_lookup_v1	lookup_candidate_not_frozen	"[""Ching Siu-tung"", ""Donnie Yen"", ""Louis Fan""]"
913	Special Effects Technician	3	special_effects_technician	author_substring	substring_cross_l1_conflict			"[[""Culture"",""Culture-core""],[""Other"",""Worker/Business (small)""]]"	2	2	"[""special_effects"",""technician""]"	[537,1698]	"[[""Culture"",""Culture-core""],[""Other"",""Worker/Business (small)""]]"	[537,1698]	Culture	Culture-core	special_effects	0	0	[]	0	0	"[""substring_requires_transfer_review"",""multiple_author_l1_candidates""]"	Culture	proposed	medium	no_unique_author_l1_candidate	"[""substring_requires_transfer_review"",""multiple_author_l1_candidates""]"	0	freebase_bhht_author_lookup_v1	lookup_candidate_not_frozen	"[""Chris Corbould"", ""Morgan Guynes"", ""Rumen Stoychev""]"
914	Corporate officer	3	corporate_officer	author_substring	substring_unique_candidate	Leadership	Military	"[[""Leadership"",""Military""]]"	1	1	"[""officer_""]"	[1412]	"[[""Leadership"",""Military""]]"	[1412]	Leadership	Military	officer_	0	0	[]	0	0	"[""substring_requires_transfer_review""]"	Leadership	proposed	high	agrees_with_previous_llm	"[""substring_requires_transfer_review""]"	0	freebase_bhht_author_lookup_v1	lookup_candidate_not_frozen	"[""Chris Morris (Novelist)"", ""Moon Kook-jin"", ""Norbert Dave Singer""]"
915	Cloth merchant	3	cloth_merchant	author_substring	substring_unique_candidate	Leadership	Corporate/Executive/Business (large)	"[[""Leadership"",""Corporate/Executive/Business (large)""]]"	1	1	"[""merchant""]"	[1236]	"[[""Leadership"",""Corporate/Executive/Business (large)""]]"	[1236]	Leadership	Corporate/Executive/Business (large)	merchant	0	0	[]	0	0	"[""substring_requires_transfer_review""]"		out_of_scope	high	author_candidate_previous_out_of_scope	"[""substring_requires_transfer_review""]"	0	freebase_bhht_author_lookup_v1	lookup_candidate_not_frozen	"[""Christian Friedrich Böcklin"", ""Jakub Schulz"", ""Shaw Yuh Hsuen""]"
916	Sports Reporter	3	sports_reporter	author_substring	substring_cross_l1_conflict			"[[""Culture"",""Culture-periphery""],[""Sports/Games"",""Sports/Games""]]"	2	2	"[""_sport"",""reporter""]"	[24,648]	"[[""Culture"",""Culture-periphery""],[""Sports/Games"",""Sports/Games""]]"	[24,648]	Sports/Games	Sports/Games	_sport	0	0	[]	0	0	"[""substring_requires_transfer_review"",""multiple_author_l1_candidates""]"	Culture	proposed	medium	no_unique_author_l1_candidate	"[""substring_requires_transfer_review"",""multiple_author_l1_candidates""]"	0	freebase_bhht_author_lookup_v1	lookup_candidate_not_frozen	"[""Chuck Heaton"", ""Erin Hawksworth"", ""Knut Nesbø""]"
917	Native American activist	3	native_american_activist	author_substring	substring_unique_candidate	Leadership	Politics	"[[""Leadership"",""Politics""]]"	1	1	"[""activist""]"	[939]	"[[""Leadership"",""Politics""]]"	[939]	Leadership	Politics	activist	0	0	[]	0	0	"[""substring_requires_transfer_review""]"		needs_review	low	author_candidate_previous_needs_review	"[""substring_requires_transfer_review""]"	0	freebase_bhht_author_lookup_v1	lookup_candidate_not_frozen	"[""Clyde Bellecourt"", ""Sarah Winnemucca"", ""Vernon Bellecourt""]"
918	Mining Engineer	3	mining_engineer	author_substring	substring_unique_candidate	Discovery/Science	Explorer/Inventor/Developer	"[[""Discovery/Science"",""Explorer/Inventor/Developer""]]"	1	1	"[""engineer""]"	[1187]	"[[""Discovery/Science"",""Explorer/Inventor/Developer""]]"	[1187]	Discovery/Science	Explorer/Inventor/Developer	engineer	0	0	[]	0	0	"[""substring_requires_transfer_review""]"	Discovery/Science	proposed	high	agrees_with_previous_llm	"[""substring_requires_transfer_review""]"	0	freebase_bhht_author_lookup_v1	lookup_candidate_not_frozen	"[""Conrad Schlumberger"", ""Leopold Edward Krohn"", ""Monte Brice""]"
919	Life Coach	3	life_coach	author_substring	substring_unique_candidate	Sports/Games	Sports/Games	"[[""Sports/Games"",""Sports/Games""]]"	1	1	"[""coach""]"	[75]	"[[""Sports/Games"",""Sports/Games""]]"	[75]	Sports/Games	Sports/Games	coach	0	0	[]	0	0	"[""substring_requires_transfer_review""]"		needs_review	low	author_candidate_previous_needs_review	"[""substring_requires_transfer_review""]"	0	freebase_bhht_author_lookup_v1	lookup_candidate_not_frozen	"[""Corinne Camacho"", ""Loree Bischoff"", ""Randy Spelling""]"
920	Publicist (Profession) #5	3	publicist_(profession)_#5	author_substring	substring_unique_candidate	Culture	Culture-periphery	"[[""Culture"",""Culture-periphery""]]"	1	1	"[""publicist""]"	[641]	"[[""Culture"",""Culture-periphery""]]"	[641]	Culture	Culture-periphery	publicist	0	0	[]	0	0	"[""substring_requires_transfer_review""]"	Culture	proposed	medium	agrees_with_previous_llm	"[""substring_requires_transfer_review""]"	0	freebase_bhht_author_lookup_v1	lookup_candidate_not_frozen	"[""Cristina Pataky Medianu"", ""Ion Pillat"", ""Lydia Chukovskaya""]"
921	Pioneer	3	pioneer	no_author_rule	no_author_rule			[]	0	0	[]	[]	[]	[]				0	0	[]	0	0	"[""no_author_rule""]"		needs_review	low	no_unique_author_l1_candidate	"[""no_author_rule""]"	0	freebase_bhht_author_lookup_v1	lookup_candidate_not_frozen	"[""Cyrus West Field"", ""Jim Bowie"", ""Wallace McCutcheon, Sr.""]"
922	Bioethicist	3	bioethicist	author_substring	substring_unique_candidate	Discovery/Science	Academia	"[[""Discovery/Science"",""Academia""]]"	1	1	"[""ethicist""]"	[749]	"[[""Discovery/Science"",""Academia""]]"	[749]	Discovery/Science	Academia	ethicist	0	0	[]	0	0	"[""substring_requires_transfer_review""]"	Discovery/Science	proposed	medium	agrees_with_previous_llm	"[""substring_requires_transfer_review""]"	0	freebase_bhht_author_lookup_v1	lookup_candidate_not_frozen	"[""Daniel Callahan"", ""Jacob M. Appel"", ""Miyako Takagi""]"
923	Network administrator	3	network_administrator	author_substring	substring_unique_candidate	Leadership	Administration/Law	"[[""Leadership"",""Administration/Law""]]"	1	1	"[""administrator""]"	[1047]	"[[""Leadership"",""Administration/Law""]]"	[1047]	Leadership	Administration/Law	administrator	0	0	[]	0	0	"[""substring_requires_transfer_review""]"		needs_review	low	author_candidate_previous_needs_review	"[""substring_requires_transfer_review""]"	0	freebase_bhht_author_lookup_v1	lookup_candidate_not_frozen	"[""Daniel Podgaichenko"", ""Joseph Odipo"", ""Vali Mohammed Babi""]"
924	Medical research	3	medical_research	author_substring	substring_unique_candidate	Discovery/Science	Academia	"[[""Discovery/Science"",""Academia""]]"	1	1	"[""medical"",""research""]"	[812,887]	"[[""Discovery/Science"",""Academia""]]"	[812,887]	Discovery/Science	Academia	medical	0	0	[]	0	0	"[""substring_requires_transfer_review""]"		needs_review	low	author_candidate_previous_needs_review	"[""substring_requires_transfer_review""]"	0	freebase_bhht_author_lookup_v1	lookup_candidate_not_frozen	"[""David Shrayer-Petrov"", ""Henry Heimlich"", ""Michel Chrétien""]"
925	News analyst	3	news_analyst	author_substring	substring_unique_candidate	Other	Worker/Business (small)	"[[""Other"",""Worker/Business (small)""]]"	1	1	"[""analyst""]"	[1514]	"[[""Other"",""Worker/Business (small)""]]"	[1514]	Other	Worker/Business (small)	analyst	0	0	[]	0	0	"[""substring_requires_transfer_review""]"	Culture	proposed	medium	differs_from_previous_llm	"[""substring_requires_transfer_review"",""previous_llm_l1_disagreement""]"	0	freebase_bhht_author_lookup_v1	lookup_candidate_not_frozen	"[""Dee Dee Myers"", ""Haynes Johnson"", ""Marvin Kalb""]"
926	Radio announcer	3	radio_announcer	author_substring	substring_unique_candidate	Culture	Culture-periphery	"[[""Culture"",""Culture-periphery""]]"	1	1	"[""_radio_"",""announcer""]"	[579,585]	"[[""Culture"",""Culture-periphery""]]"	[579,585]	Culture	Culture-periphery	_radio_	0	0	[]	0	0	"[""substring_requires_transfer_review""]"	Culture	proposed	medium	agrees_with_previous_llm	"[""substring_requires_transfer_review""]"	0	freebase_bhht_author_lookup_v1	lookup_candidate_not_frozen	"[""Dick Van Dyke"", ""Mária Tasnádi Fekete"", ""Tedi Thurman""]"
927	Midwife	3	midwife	author_exact	exact_unique	Other	Worker/Business (small)	"[[""Other"",""Worker/Business (small)""]]"	1	1	"[""midwife""]"	[1655]	"[[""Other"",""Worker/Business (small)""]]"	[1655]	Other	Worker/Business (small)	midwife	0	0	"[{""level1"":""Other"",""level2"":""Worker/Business (small)"",""level3"":""midwife"",""person_count"":113,""example_wikidata_codes"":""Q108907|Q121994|Q14240059""}]"	0	0	[]	Discovery/Science	proposed	high	differs_from_previous_llm	"[""previous_llm_l1_disagreement""]"	0	freebase_bhht_author_lookup_v1	lookup_candidate_not_frozen	"[""Dorothy Ella"", ""Joanne Ridley"", ""Sharon Robinson (Educator)""]"
928	Neurosurgeon	3	neurosurgeon	author_substring	substring_unique_candidate	Discovery/Science	Academia	"[[""Discovery/Science"",""Academia""]]"	1	1	"[""surgeon""]"	[908]	"[[""Discovery/Science"",""Academia""]]"	[908]	Discovery/Science	Academia	surgeon	0	0	[]	0	0	"[""substring_requires_transfer_review""]"	Discovery/Science	proposed	medium	agrees_with_previous_llm	"[""substring_requires_transfer_review""]"	0	freebase_bhht_author_lookup_v1	lookup_candidate_not_frozen	"[""Dr. Griffith R. Harsh IV"", ""Dr. Sanford Rothenberg"", ""Jörn Kubicki""]"
929	Boxing Trainer	3	boxing_trainer	author_substring	substring_unique_candidate	Sports/Games	Sports/Games	"[[""Sports/Games"",""Sports/Games""]]"	1	1	"[""boxing"",""trainer""]"	[60,277]	"[[""Sports/Games"",""Sports/Games""]]"	[60,277]	Sports/Games	Sports/Games	boxing	0	0	[]	0	0	"[""substring_requires_transfer_review""]"	Sports/Games	proposed	medium	agrees_with_previous_llm	"[""substring_requires_transfer_review""]"	0	freebase_bhht_author_lookup_v1	lookup_candidate_not_frozen	"[""Drew Bundini Brown"", ""Pepper Roach"", ""Shane McGuigan""]"
930	Investment broker	3	investment_broker	author_substring	substring_cross_l1_conflict			"[[""Leadership"",""Corporate/Executive/Business (large)""],[""Other"",""Worker/Business (small)""]]"	2	2	"[""investment"",""broker""]"	[1229,1543]	"[[""Leadership"",""Corporate/Executive/Business (large)""],[""Other"",""Worker/Business (small)""]]"	[1229,1543]	Leadership	Corporate/Executive/Business (large)	investment	0	0	[]	0	0	"[""substring_requires_transfer_review"",""multiple_author_l1_candidates""]"		needs_review	low	no_unique_author_l1_candidate	"[""substring_requires_transfer_review"",""multiple_author_l1_candidates""]"	0	freebase_bhht_author_lookup_v1	lookup_candidate_not_frozen	"[""Edgar Bethune Ward"", ""Jim Moran"", ""Nigel Doughty""]"
931	Union organizer	3	union_organizer	no_author_rule	no_author_rule			[]	0	0	[]	[]	[]	[]				0	0	[]	0	0	"[""no_author_rule""]"	Leadership	proposed	medium	no_unique_author_l1_candidate	"[""no_author_rule""]"	0	freebase_bhht_author_lookup_v1	lookup_candidate_not_frozen	"[""Edgar Nixon"", ""Gilles Duceppe"", ""Mary Harris Jones""]"
932	Children's book illustrator	3	children's_book_illustrator	author_substring	substring_unique_candidate	Culture	Culture-periphery	"[[""Culture"",""Culture-periphery""]]"	1	1	"[""illustrator""]"	[626]	"[[""Culture"",""Culture-periphery""]]"	[626]	Culture	Culture-periphery	illustrator	0	0	[]	0	0	"[""substring_requires_transfer_review""]"	Culture	proposed	high	agrees_with_previous_llm	"[""substring_requires_transfer_review""]"	0	freebase_bhht_author_lookup_v1	lookup_candidate_not_frozen	"[""Edgar Parin d'Aulaire"", ""Kate Greenaway"", ""Randolph Caldecott""]"
933	Bookmaker	3	bookmaker	author_exact	exact_unique	Other	Worker/Business (small)	"[[""Other"",""Worker/Business (small)""]]"	1	1	"[""bookmaker""]"	[1536]	"[[""Other"",""Worker/Business (small)""]]"	[1536]	Other	Worker/Business (small)	bookmaker	0	0	"[{""level1"":""Other"",""level2"":""Worker/Business (small)"",""level3"":""bookmaker"",""person_count"":29,""example_wikidata_codes"":""Q16106258|Q16106845|Q16735058""}]"	0	0	[]		needs_review	low	author_candidate_previous_needs_review	[]	0	freebase_bhht_author_lookup_v1	lookup_candidate_not_frozen	"[""Edward Butler"", ""George Toogood Smith"", ""Martin Joseph Evans""]"
934	Gambler	3	gambler	author_exact	exact_unique	Other	Other	"[[""Other"",""Other""]]"	1	1	"[""gambler""]"	[1804]	"[[""Other"",""Other""]]"	[1804]	Other	Other	gambler	0	0	"[{""level1"":""Other"",""level2"":""Other"",""level3"":""gambler"",""person_count"":36,""example_wikidata_codes"":""Q11339945|Q15439712|Q16011141""}]"	0	0	[]		out_of_scope	medium	formal_author_other_previously_out_of_scope	[]	0	freebase_bhht_author_lookup_v1	lookup_candidate_not_frozen	"[""Edward O. Thorp"", ""Jake Jacobs (Writer)"", ""Joran van der Sloot""]"
935	Nanny	3	nanny	author_exact	exact_unique	Other	Worker/Business (small)	"[[""Other"",""Worker/Business (small)""]]"	1	1	"[""_nanny_""]"	[1478]	"[[""Other"",""Worker/Business (small)""]]"	[1478]	Other	Worker/Business (small)	_nanny_	0	0	"[{""level1"":""Other"",""level2"":""Worker/Business (small)"",""level3"":""nanny"",""person_count"":14,""example_wikidata_codes"":""Q11532306|Q1325712|Q16835909""}]"	0	0	[]		out_of_scope	high	formal_author_other_previously_out_of_scope	[]	0	freebase_bhht_author_lookup_v1	lookup_candidate_not_frozen	"[""Elin Nordegren"", ""Jami Ferrell"", ""Jo Frost""]"
936	Professional Wrestling Booker	3	professional_wrestling_booker	author_substring	substring_unique_candidate	Sports/Games	Sports/Games	"[[""Sports/Games"",""Sports/Games""]]"	1	1	"[""wrestling""]"	[299]	"[[""Sports/Games"",""Sports/Games""]]"	[299]	Sports/Games	Sports/Games	wrestling	0	0	[]	0	0	"[""substring_requires_transfer_review""]"	Sports/Games	proposed	high	agrees_with_previous_llm	"[""substring_requires_transfer_review""]"	0	freebase_bhht_author_lookup_v1	lookup_candidate_not_frozen	"[""Eric Bischoff"", ""Gorilla Monsoon"", ""Triple H""]"
937	Sports Anchor	3	sports_anchor	author_substring	substring_cross_l1_conflict			"[[""Culture"",""Culture-periphery""],[""Sports/Games"",""Sports/Games""]]"	2	2	"[""_sport"",""_anchor_""]"	[24,573]	"[[""Culture"",""Culture-periphery""],[""Sports/Games"",""Sports/Games""]]"	[24,573]	Sports/Games	Sports/Games	_sport	0	0	[]	0	0	"[""substring_requires_transfer_review"",""multiple_author_l1_candidates""]"	Culture	proposed	medium	no_unique_author_l1_candidate	"[""substring_requires_transfer_review"",""multiple_author_l1_candidates""]"	0	freebase_bhht_author_lookup_v1	lookup_candidate_not_frozen	"[""Erin Hawksworth"", ""Lindsay Czarniak"", ""Rafer Weigel""]"
938	Dominatrix	3	dominatrix	no_author_rule	no_author_rule			[]	0	0	[]	[]	[]	[]				0	0	[]	0	0	"[""no_author_rule""]"		out_of_scope	high	no_unique_author_l1_candidate	"[""no_author_rule""]"	0	freebase_bhht_author_lookup_v1	lookup_candidate_not_frozen	"[""Eva Norvind"", ""Karin Winslow"", ""Michelle Belanger""]"
939	Dubber	3	dubber	no_author_rule	no_author_rule			[]	0	0	[]	[]	[]	[]				0	0	[]	0	0	"[""no_author_rule""]"	Culture	proposed	high	no_unique_author_l1_candidate	"[""no_author_rule""]"	0	freebase_bhht_author_lookup_v1	lookup_candidate_not_frozen	"[""Federica Bomba"", ""Francesca Braggiotti"", ""Francesco Giuffrè""]"
940	Statistical graphics	3	statistical_graphics	no_author_rule	no_author_rule			[]	0	0	[]	[]	[]	[]				0	0	[]	0	0	"[""no_author_rule""]"		out_of_scope	medium	no_unique_author_l1_candidate	"[""no_author_rule""]"	0	freebase_bhht_author_lookup_v1	lookup_candidate_not_frozen	"[""Florence Nightingale"", ""Otto Neurath"", ""William Playfair""]"
941	Railroad worker	3	railroad_worker	author_substring	substring_unique_candidate	Other	Worker/Business (small)	"[[""Other"",""Worker/Business (small)""]]"	1	1	"[""railroad"",""worker""]"	[1677,1716]	"[[""Other"",""Worker/Business (small)""]]"	[1677,1716]	Other	Worker/Business (small)	railroad	0	0	[]	0	0	"[""substring_requires_transfer_review""]"		out_of_scope	high	formal_author_other_previously_out_of_scope	"[""substring_requires_transfer_review""]"	0	freebase_bhht_author_lookup_v1	lookup_candidate_not_frozen	"[""Frank McDonald (Theatrical producer)"", ""James Thomas Mitchum"", ""Robert Earl Jones""]"
942	Detective	3	detective	author_exact	exact_unique	Other	Worker/Business (small)	"[[""Other"",""Worker/Business (small)""]]"	1	1	"[""_detective""]"	[1451]	"[[""Other"",""Worker/Business (small)""]]"	[1451]	Other	Worker/Business (small)	_detective	0	0	"[{""level1"":""Other"",""level2"":""Worker/Business (small)"",""level3"":""detective"",""person_count"":41,""example_wikidata_codes"":""Q122818|Q15991575|Q16018908""}]"	0	0	[]	Leadership	proposed	high	differs_from_previous_llm	"[""previous_llm_l1_disagreement""]"	0	freebase_bhht_author_lookup_v1	lookup_candidate_not_frozen	"[""Frank Serpico"", ""Richard Romano"", ""Rudy Diaz (Actor)""]"
943	Concert Producer	3	concert_producer	author_substring	substring_unique_candidate	Culture	Culture-core	"[[""Culture"",""Culture-core""]]"	1	1	"[""producer""]"	[506]	"[[""Culture"",""Culture-core""]]"	[506]	Culture	Culture-core	producer	0	0	[]	0	0	"[""substring_requires_transfer_review""]"	Culture	proposed	medium	agrees_with_previous_llm	"[""substring_requires_transfer_review""]"	0	freebase_bhht_author_lookup_v1	lookup_candidate_not_frozen	"[""Franklin Lett"", ""Jomari Yllana"", ""Libby Titus""]"
944	Calligrapher	3	calligrapher	author_exact	exact_unique	Culture	Culture-periphery	"[[""Culture"",""Culture-periphery""]]"	1	1	"[""calligrapher""]"	[593]	"[[""Culture"",""Culture-periphery""]]"	[593]	Culture	Culture-periphery	calligrapher	0	0	"[{""level1"":""Culture"",""level2"":""Culture-periphery"",""level3"":""calligrapher"",""person_count"":153,""example_wikidata_codes"":""Q1018002|Q1062686|Q10829464""}]"	0	0	[]	Culture	proposed	high	agrees_with_previous_llm	[]	0	freebase_bhht_author_lookup_v1	lookup_candidate_not_frozen	"[""François Cheng"", ""Mohammad-Reza Shajarian"", ""Su Shi""]"
945	Go Player	3	go_player	author_exact	exact_unique	Sports/Games	Sports/Games	"[[""Sports/Games"",""Sports/Games""]]"	1	1	"[""go_player""]"	[114]	"[[""Sports/Games"",""Sports/Games""]]"	[114,189]	Sports/Games	Sports/Games	go_player	0	0	"[{""level1"":""Sports/Games"",""level2"":""Sports/Games"",""level3"":""go_player"",""person_count"":160,""example_wikidata_codes"":""Q1014313|Q1017577|Q1019213""}]"	0	0	[]	Sports/Games	proposed	high	agrees_with_previous_llm	[]	0	freebase_bhht_author_lookup_v1	lookup_candidate_not_frozen	"[""Fumiko Kita"", ""Tomoko Ogawa"", ""Wang Ming-wan""]"
946	Wine Critic	3	wine_critic	author_substring	substring_unique_candidate	Culture	Culture-periphery	"[[""Culture"",""Culture-periphery""]]"	1	1	"[""critic""]"	[604]	"[[""Culture"",""Culture-periphery""]]"	[604]	Culture	Culture-periphery	critic	0	0	[]	0	0	"[""substring_requires_transfer_review""]"	Culture	proposed	medium	agrees_with_previous_llm	"[""substring_requires_transfer_review""]"	0	freebase_bhht_author_lookup_v1	lookup_candidate_not_frozen	"[""Gary Vaynerchuk"", ""Jancis Robinson"", ""Monica Larner""]"
947	telecommunications expert	3	telecommunications_expert	author_substring	substring_unique_candidate	Other	Worker/Business (small)	"[[""Other"",""Worker/Business (small)""]]"	1	1	"[""communication""]"	[1564]	"[[""Other"",""Worker/Business (small)""]]"	[1564]	Other	Worker/Business (small)	communication	0	0	[]	0	0	"[""substring_requires_transfer_review""]"	Discovery/Science	proposed	high	differs_from_previous_llm	"[""substring_requires_transfer_review"",""previous_llm_l1_disagreement""]"	0	freebase_bhht_author_lookup_v1	lookup_candidate_not_frozen	"[""Gene Autry"", ""Lyudmila Garmash"", ""Pierre Clémenti""]"
948	Historian of Science	3	historian_of_science	author_substring	substring_unique_candidate	Discovery/Science	Academia	"[[""Discovery/Science"",""Academia""]]"	1	1	"[""historian"",""science""]"	[783,892]	"[[""Discovery/Science"",""Academia""]]"	[783,892]	Discovery/Science	Academia	historian	0	0	[]	0	0	"[""substring_requires_transfer_review""]"	Discovery/Science	proposed	high	agrees_with_previous_llm	"[""substring_requires_transfer_review""]"	0	freebase_bhht_author_lookup_v1	lookup_candidate_not_frozen	"[""George Sarton"", ""Horace Freeland Judson"", ""Peter Galison""]"
949	Scenic Artist	3	scenic_artist	author_exact	exact_unique	Culture	Culture-core	"[[""Culture"",""Culture-core""]]"	1	1	"[""scenic_artist""]"	[520]	"[[""Culture"",""Culture-core""]]"	[304,520]	Culture	Culture-core	_artist	0	0	[]	0	0	[]	Culture	proposed	medium	agrees_with_previous_llm	[]	0	freebase_bhht_author_lookup_v1	lookup_candidate_not_frozen	"[""George Tarr"", ""Kevin Scott Mack"", ""Paul Fanning""]"
950	Haberdasher	3	haberdasher	no_author_rule	no_author_rule			[]	0	0	[]	[]	[]	[]				0	0	[]	0	0	"[""no_author_rule""]"		needs_review	low	no_unique_author_l1_candidate	"[""no_author_rule""]"	0	freebase_bhht_author_lookup_v1	lookup_candidate_not_frozen	"[""Gilbert Shakespeare"", ""Harry S. Truman"", ""Mitchell Siegel""]"
951	Information Technologist	3	information_technologist	no_author_rule	no_author_rule			[]	0	0	[]	[]	[]	[]				0	0	[]	0	0	"[""no_author_rule""]"	Discovery/Science	proposed	high	no_unique_author_l1_candidate	"[""no_author_rule""]"	0	freebase_bhht_author_lookup_v1	lookup_candidate_not_frozen	"[""Gitanjali Jogia"", ""Mark D. Kingdon"", ""Sujata Maharaj""]"
952	College Administrator	3	college_administrator	author_substring	substring_unique_candidate	Leadership	Administration/Law	"[[""Leadership"",""Administration/Law""]]"	1	1	"[""administrator""]"	[1047]	"[[""Leadership"",""Administration/Law""]]"	[1047]	Leadership	Administration/Law	administrator	0	0	[]	0	0	"[""substring_requires_transfer_review""]"	Leadership	proposed	medium	agrees_with_previous_llm	"[""substring_requires_transfer_review""]"	0	freebase_bhht_author_lookup_v1	lookup_candidate_not_frozen	"[""Glenn Hubbard"", ""Lester B. Pearson"", ""Susan Greenfield, Baroness Greenfield""]"
953	Picture editor	3	picture_editor	author_substring	substring_unique_candidate	Culture	Culture-periphery	"[[""Culture"",""Culture-periphery""]]"	1	1	"[""editor""]"	[612]	"[[""Culture"",""Culture-periphery""]]"	[612]	Culture	Culture-periphery	editor	0	0	[]	0	0	"[""substring_requires_transfer_review""]"	Culture	proposed	high	agrees_with_previous_llm	"[""substring_requires_transfer_review""]"	0	freebase_bhht_author_lookup_v1	lookup_candidate_not_frozen	"[""Grace Coddington"", ""Joan Mills Kerr"", ""John G. Morris""]"
954	Marine engineer	3	marine_engineer	author_substring	substring_cross_l1_conflict			"[[""Discovery/Science"",""Explorer/Inventor/Developer""],[""Leadership"",""Military""]]"	2	2	"[""engineer"",""_marine""]"	[1187,1403]	"[[""Discovery/Science"",""Explorer/Inventor/Developer""],[""Leadership"",""Military""]]"	[1187,1403]	Discovery/Science	Explorer/Inventor/Developer	engineer	0	0	[]	0	0	"[""substring_requires_transfer_review"",""multiple_author_l1_candidates""]"	Discovery/Science	proposed	high	no_unique_author_l1_candidate	"[""substring_requires_transfer_review"",""multiple_author_l1_candidates""]"	0	freebase_bhht_author_lookup_v1	lookup_candidate_not_frozen	"[""Graham Hawkes"", ""Samuel Hartt Pook"", ""Samuel M. Pook""]"
955	Cyberneticist	3	cyberneticist	no_author_rule	no_author_rule			[]	0	0	[]	[]	[]	[]				0	0	[]	0	0	"[""no_author_rule""]"	Discovery/Science	proposed	medium	no_unique_author_l1_candidate	"[""no_author_rule""]"	0	freebase_bhht_author_lookup_v1	lookup_candidate_not_frozen	"[""Gregory Bateson"", ""Kevin Warwick"", ""Oswald Wiener""]"
956	Agriculturist	3	agriculturist	author_exact	exact_unique	Other	Worker/Business (small)	"[[""Other"",""Worker/Business (small)""]]"	1	1	"[""agriculturist""]"	[1510]	"[[""Other"",""Worker/Business (small)""]]"	[1510]	Other	Worker/Business (small)	agriculturist	0	0	"[{""level1"":""Other"",""level2"":""Worker/Business (small)"",""level3"":""agriculturist"",""person_count"":13,""example_wikidata_codes"":""Q16065725|Q18672023|Q23199304""}]"	0	0	[]		needs_review	low	author_candidate_previous_needs_review	[]	0	freebase_bhht_author_lookup_v1	lookup_candidate_not_frozen	"[""H. D. Kumaraswamy"", ""Hakim Ali Zardari"", ""S. Balasubramanian""]"
957	Minstrel	3	minstrel	no_author_rule	no_author_rule			[]	0	0	[]	[]	[]	[]				0	0	[]	0	0	"[""no_author_rule""]"	Culture	proposed	high	no_unique_author_l1_candidate	"[""no_author_rule""]"	0	freebase_bhht_author_lookup_v1	lookup_candidate_not_frozen	"[""Harry Barlow (Man)"", ""Milt G. Barlow"", ""Reginald Barlow""]"
958	Special Effects	3	special_effects	author_exact	exact_unique	Culture	Culture-core	"[[""Culture"",""Culture-core""]]"	1	1	"[""special_effects""]"	[537]	"[[""Culture"",""Culture-core""]]"	[537]	Culture	Culture-core	special_effects	0	0	"[{""level1"":""Culture"",""level2"":""Culture-core"",""level3"":""special_effects"",""person_count"":82,""example_wikidata_codes"":""Q1022442|Q11964847|Q12059144""}]"	0	0	[]		needs_review	low	author_candidate_previous_needs_review	[]	0	freebase_bhht_author_lookup_v1	lookup_candidate_not_frozen	"[""Harry Redmond, Jr."", ""Morgan Holly"", ""Peter Wallach""]"
959	Scholar-official	3	scholar-official	author_substring	substring_unique_candidate	Discovery/Science	Academia	"[[""Discovery/Science"",""Academia""]]"	1	1	"[""scholar""]"	[890]	"[[""Discovery/Science"",""Academia""]]"	[890]	Discovery/Science	Academia	scholar	0	0	[]	0	0	"[""substring_requires_transfer_review""]"	Leadership	proposed	high	differs_from_previous_llm	"[""substring_requires_transfer_review"",""previous_llm_l1_disagreement""]"	0	freebase_bhht_author_lookup_v1	lookup_candidate_not_frozen	"[""He Yan"", ""Moshe Greenberg"", ""Paul Pimsleur""]"
960	Theatrical Set Designer	3	theatrical_set_designer	author_substring	substring_same_l1_multiple_l2	Culture		"[[""Culture"",""Culture-core""],[""Culture"",""Culture-periphery""]]"	1	2	"[""theatrical"",""designer""]"	[551,606]	"[[""Culture"",""Culture-core""],[""Culture"",""Culture-periphery""]]"	[551,606]	Culture	Culture-core	theatrical	0	0	[]	0	0	"[""substring_requires_transfer_review"",""multiple_author_l2_candidates""]"	Culture	proposed	high	agrees_with_previous_llm	"[""substring_requires_transfer_review"",""multiple_author_l2_candidates""]"	0	freebase_bhht_author_lookup_v1	lookup_candidate_not_frozen	"[""Heidi Ettinger"", ""Peer Boysen"", ""Romualdas Lukšas""]"
961	Architectural historian	3	architectural_historian	author_substring	substring_cross_l1_conflict			"[[""Culture"",""Culture-periphery""],[""Discovery/Science"",""Academia""]]"	2	2	"[""architect"",""historian""]"	[586,783]	"[[""Culture"",""Culture-periphery""],[""Discovery/Science"",""Academia""]]"	[586,783]	Culture	Culture-periphery	architect	0	0	[]	0	0	"[""substring_requires_transfer_review"",""multiple_author_l1_candidates""]"	Discovery/Science	proposed	medium	no_unique_author_l1_candidate	"[""substring_requires_transfer_review"",""multiple_author_l1_candidates""]"	0	freebase_bhht_author_lookup_v1	lookup_candidate_not_frozen	"[""Heinrich von Geymüller"", ""Paul Laspeyres"", ""Sarah McPhee""]"
962	Immunologist	3	immunologist	author_exact	exact_unique	Discovery/Science	Academia	"[[""Discovery/Science"",""Academia""]]"	1	1	"[""immunologist""]"	[792]	"[[""Discovery/Science"",""Academia""]]"	[792]	Discovery/Science	Academia	immunologist	0	0	"[{""level1"":""Discovery/Science"",""level2"":""Academia"",""level3"":""immunologist"",""person_count"":306,""example_wikidata_codes"":""Q103150|Q1037710|Q1065040""}]"	0	0	[]	Discovery/Science	proposed	high	agrees_with_previous_llm	[]	0	freebase_bhht_author_lookup_v1	lookup_candidate_not_frozen	"[""Hermann Wagner (Microbiologist)"", ""John H. Humphrey"", ""Maya Benbarak""]"
963	Political strategist	3	political_strategist	author_substring	substring_unique_candidate	Leadership	Politics	"[[""Leadership"",""Politics""]]"	1	1	"[""political""]"	[1013]	"[[""Leadership"",""Politics""]]"	[1013]	Leadership	Politics	political	0	0	[]	0	0	"[""substring_requires_transfer_review""]"	Leadership	proposed	high	agrees_with_previous_llm	"[""substring_requires_transfer_review""]"	0	freebase_bhht_author_lookup_v1	lookup_candidate_not_frozen	"[""Hilary Rosen"", ""Louis Howe"", ""Stan Greenberg""]"
964	News producer	3	news_producer	author_substring	substring_unique_candidate	Culture	Culture-core	"[[""Culture"",""Culture-core""]]"	1	1	"[""producer""]"	[506]	"[[""Culture"",""Culture-core""]]"	[506]	Culture	Culture-core	producer	0	0	[]	0	0	"[""substring_requires_transfer_review""]"	Culture	proposed	medium	agrees_with_previous_llm	"[""substring_requires_transfer_review""]"	0	freebase_bhht_author_lookup_v1	lookup_candidate_not_frozen	"[""Howie Masters"", ""Josh Mankiewicz"", ""Joyce Caruso""]"
965	Dental technician	3	dental_technician	author_exact	exact_unique	Other	Worker/Business (small)	"[[""Other"",""Worker/Business (small)""]]"	1	1	"[""dental_technician""]"	[1577]	"[[""Other"",""Worker/Business (small)""]]"	[1577,1698]	Other	Worker/Business (small)	dental_technician	0	0	"[{""level1"":""Other"",""level2"":""Worker/Business (small)"",""level3"":""dental_technician"",""person_count"":4,""example_wikidata_codes"":""Q19279800|Q2020520|Q27229932""}]"	0	0	[]		needs_review	low	author_candidate_previous_needs_review	[]	0	freebase_bhht_author_lookup_v1	lookup_candidate_not_frozen	"[""Iqbal al-Hilli"", ""Olaf Ittenbach"", ""Winton Dean (Man)""]"
966	Horticulturalist	3	horticulturalist	author_exact	exact_unique	Other	Worker/Business (small)	"[[""Other"",""Worker/Business (small)""]]"	1	1	"[""horticulturalist""]"	[1617]	"[[""Other"",""Worker/Business (small)""]]"	[1617]	Other	Worker/Business (small)	horticulturalist	0	0	"[{""level1"":""Other"",""level2"":""Worker/Business (small)"",""level3"":""horticulturalist"",""person_count"":17,""example_wikidata_codes"":""Q113282|Q16031210|Q16857270""}]"	0	0	[]		needs_review	low	author_candidate_previous_needs_review	[]	0	freebase_bhht_author_lookup_v1	lookup_candidate_not_frozen	"[""Isaac Fresco"", ""Pierre de Beaumarchais"", ""Roger de Vilmorin""]"
967	Flight engineer	3	flight_engineer	author_substring	substring_unique_candidate	Discovery/Science	Explorer/Inventor/Developer	"[[""Discovery/Science"",""Explorer/Inventor/Developer""]]"	1	1	"[""engineer""]"	[1187]	"[[""Discovery/Science"",""Explorer/Inventor/Developer""]]"	[1187]	Discovery/Science	Explorer/Inventor/Developer	engineer	0	0	[]	0	0	"[""substring_requires_transfer_review""]"	Discovery/Science	proposed	medium	agrees_with_previous_llm	"[""substring_requires_transfer_review""]"	0	freebase_bhht_author_lookup_v1	lookup_candidate_not_frozen	"[""Jack Brabham"", ""Scott Kelly"", ""Shannon Walker""]"
968	Ski Racer	3	ski_racer	author_substring	substring_unique_candidate	Sports/Games	Sports/Games	"[[""Sports/Games"",""Sports/Games""]]"	1	1	"[""_racer_"",""_ski_""]"	[18,23]	"[[""Sports/Games"",""Sports/Games""]]"	[18,23]	Sports/Games	Sports/Games	_racer_	0	0	[]	0	0	"[""substring_requires_transfer_review""]"	Sports/Games	proposed	high	agrees_with_previous_llm	"[""substring_requires_transfer_review""]"	0	freebase_bhht_author_lookup_v1	lookup_candidate_not_frozen	"[""Jack Reddish (Olympic athlete)"", ""Jean-Claude Killy"", ""Willy Bogner, Jr.""]"
969	Hacker	3	hacker	author_exact	exact_unique	Other	Other	"[[""Other"",""Other""]]"	1	1	"[""_hacker_""]"	[1757]	"[[""Other"",""Other""]]"	[1757]	Other	Other	_hacker_	0	0	"[{""level1"":""Other"",""level2"":""Other"",""level3"":""hacker"",""person_count"":57,""example_wikidata_codes"":""Q100244|Q10263989|Q112389""}]"	0	0	[]		out_of_scope	high	formal_author_other_previously_out_of_scope	[]	0	freebase_bhht_author_lookup_v1	lookup_candidate_not_frozen	"[""Jacob Appelbaum"", ""Julian Assange"", ""Virgil Griffith""]"
970	Ethologist	3	ethologist	author_exact	exact_unique	Discovery/Science	Academia	"[[""Discovery/Science"",""Academia""]]"	1	1	"[""ethologist""]"	[752]	"[[""Discovery/Science"",""Academia""]]"	[752]	Discovery/Science	Academia	ethologist	0	0	"[{""level1"":""Discovery/Science"",""level2"":""Academia"",""level3"":""ethologist"",""person_count"":55,""example_wikidata_codes"":""Q1082850|Q1279810|Q1281694""}]"	0	0	[]	Discovery/Science	proposed	medium	agrees_with_previous_llm	[]	0	freebase_bhht_author_lookup_v1	lookup_candidate_not_frozen	"[""Jane Goodall"", ""Marian Dawkins"", ""Richard Dawkins""]"
971	Mental health professional	3	mental_health_professional	no_author_rule	no_author_rule			[]	0	0	[]	[]	[]	[]				0	0	[]	0	0	"[""no_author_rule""]"	Discovery/Science	proposed	high	no_unique_author_l1_candidate	"[""no_author_rule""]"	0	freebase_bhht_author_lookup_v1	lookup_candidate_not_frozen	"[""Je'Niece Childress"", ""Kathy Cronkite"", ""Kent S. Slayton""]"
972	Digital Marketing Strategist	3	digital_marketing_strategist	author_substring	substring_unique_candidate	Other	Worker/Business (small)	"[[""Other"",""Worker/Business (small)""]]"	1	1	"[""marketing""]"	[1649]	"[[""Other"",""Worker/Business (small)""]]"	[1649]	Other	Worker/Business (small)	marketing	0	0	[]	0	0	"[""substring_requires_transfer_review""]"		needs_review	low	author_candidate_previous_needs_review	"[""substring_requires_transfer_review""]"	0	freebase_bhht_author_lookup_v1	lookup_candidate_not_frozen	"[""Jeremy Niedt"", ""Malika Sharma"", ""Yad Bhatti""]"
973	Combat medic	3	combat_medic	no_author_rule	no_author_rule			[]	0	0	[]	[]	[]	[]				0	0	[]	0	0	"[""no_author_rule""]"	Discovery/Science	proposed	medium	no_unique_author_l1_candidate	"[""no_author_rule""]"	0	freebase_bhht_author_lookup_v1	lookup_candidate_not_frozen	"[""John Bradley"", ""Mykel Hawke"", ""Sașa Pană""]"
974	Letterer	3	letterer	no_author_rule	no_author_rule			[]	0	0	[]	[]	[]	[]				0	0	[]	0	0	"[""no_author_rule""]"	Culture	proposed	high	no_unique_author_l1_candidate	"[""no_author_rule""]"	0	freebase_bhht_author_lookup_v1	lookup_candidate_not_frozen	"[""John Byrne"", ""Julia Warhola"", ""Noëlle Châtelet""]"
975	Game programmer	3	game_programmer	author_substring	substring_cross_l1_conflict			"[[""Discovery/Science"",""Explorer/Inventor/Developer""],[""Sports/Games"",""Sports/Games""]]"	2	2	"[""_game"",""programmer""]"	[12,1202]	"[[""Discovery/Science"",""Explorer/Inventor/Developer""],[""Sports/Games"",""Sports/Games""]]"	[12,1202]	Sports/Games	Sports/Games	_game	0	0	[]	0	0	"[""substring_requires_transfer_review"",""multiple_author_l1_candidates""]"	Discovery/Science	proposed	high	no_unique_author_l1_candidate	"[""substring_requires_transfer_review"",""multiple_author_l1_candidates""]"	0	freebase_bhht_author_lookup_v1	lookup_candidate_not_frozen	"[""John Romero"", ""Ken Williams"", ""Sid Meier""]"
976	Private investigator	3	private_investigator	author_exact	exact_unique	Other	Worker/Business (small)	"[[""Other"",""Worker/Business (small)""]]"	1	1	"[""private_investigator""]"	[1675]	"[[""Other"",""Worker/Business (small)""]]"	[1467,1675]	Other	Worker/Business (small)	_investigator	0	0	"[{""level1"":""Other"",""level2"":""Worker/Business (small)"",""level3"":""private_investigator"",""person_count"":7,""example_wikidata_codes"":""Q17489556|Q19665766|Q24456717""}]"	0	0	[]		needs_review	low	author_candidate_previous_needs_review	[]	0	freebase_bhht_author_lookup_v1	lookup_candidate_not_frozen	"[""John Walsh"", ""Richard Lee Lambert"", ""Shirley Glass""]"
977	Special Agent	3	special_agent	no_author_rule	no_author_rule			[]	0	0	[]	[]	[]	[]				0	0	[]	0	0	"[""no_author_rule""]"		needs_review	low	no_unique_author_l1_candidate	"[""no_author_rule""]"	0	freebase_bhht_author_lookup_v1	lookup_candidate_not_frozen	"[""Jona von Ustinov"", ""Lorraine Copeland"", ""Miles Copeland Jr.""]"
978	A&R executive	3	a&r_executive	author_substring	substring_unique_candidate	Leadership	Corporate/Executive/Business (large)	"[[""Leadership"",""Corporate/Executive/Business (large)""]]"	1	1	"[""executive""]"	[1223]	"[[""Leadership"",""Corporate/Executive/Business (large)""]]"	[1223]	Leadership	Corporate/Executive/Business (large)	executive	0	0	[]	0	0	"[""substring_requires_transfer_review""]"	Leadership	proposed	high	agrees_with_previous_llm	"[""substring_requires_transfer_review""]"	0	freebase_bhht_author_lookup_v1	lookup_candidate_not_frozen	"[""Jordan Bratman"", ""Randy Jackson"", ""Simon Cowell""]"
979	Assistant Property Master	3	assistant_property_master	no_author_rule	no_author_rule			[]	0	0	[]	[]	[]	[]				0	0	[]	0	0	"[""no_author_rule""]"		needs_review	low	no_unique_author_l1_candidate	"[""no_author_rule""]"	0	freebase_bhht_author_lookup_v1	lookup_candidate_not_frozen	"[""Joseph Badalucco Jr."", ""Julie Witherington"", ""Kevin Hughes (Set Decorator)""]"
980	Information Technology Consultant	3	information_technology_consultant	author_substring	substring_unique_candidate	Other	Worker/Business (small)	"[[""Other"",""Worker/Business (small)""]]"	1	1	"[""consultant""]"	[1566]	"[[""Other"",""Worker/Business (small)""]]"	[1566]	Other	Worker/Business (small)	consultant	0	0	[]	0	0	"[""substring_requires_transfer_review""]"		needs_review	medium	author_candidate_previous_needs_review	"[""substring_requires_transfer_review""]"	0	freebase_bhht_author_lookup_v1	lookup_candidate_not_frozen	"[""Joseph Odipo"", ""Martin Henwood"", ""Paul Haines""]"
981	Freelance Writer	3	freelance_writer	author_substring	substring_unique_candidate	Culture	Culture-core	"[[""Culture"",""Culture-core""]]"	1	1	"[""_writer""]"	[343]	"[[""Culture"",""Culture-core""]]"	[343]	Culture	Culture-core	_writer	0	0	[]	0	0	"[""substring_requires_transfer_review""]"	Culture	proposed	high	agrees_with_previous_llm	"[""substring_requires_transfer_review""]"	0	freebase_bhht_author_lookup_v1	lookup_candidate_not_frozen	"[""Judith Huxley"", ""Vanessa Macias"", ""Şerban Foarţă""]"
982	Hatter	3	hatter	author_exact	exact_unique	Other	Worker/Business (small)	"[[""Other"",""Worker/Business (small)""]]"	1	1	"[""_hatter"",""hatter""]"	[1462,1611]	"[[""Other"",""Worker/Business (small)""]]"	[1462,1611]	Other	Worker/Business (small)	_hatter	0	0	"[{""level1"":""Other"",""level2"":""Worker/Business (small)"",""level3"":""hatter"",""person_count"":25,""example_wikidata_codes"":""Q15854729|Q16731791|Q18132151""}]"	0	0	[]		out_of_scope	medium	formal_author_other_previously_out_of_scope	[]	0	freebase_bhht_author_lookup_v1	lookup_candidate_not_frozen	"[""Judy Bentinck"", ""Tatiana Yakovleva du Plessix Liberman"", ""William Laurie""]"
983	Political writer	3	political_writer	author_substring	substring_cross_l1_conflict			"[[""Culture"",""Culture-core""],[""Leadership"",""Politics""]]"	2	2	"[""_writer"",""political""]"	[343,1013]	"[[""Culture"",""Culture-core""],[""Leadership"",""Politics""]]"	[343,1013]	Culture	Culture-core	_writer	0	0	[]	0	0	"[""substring_requires_transfer_review"",""multiple_author_l1_candidates""]"	Culture	proposed	high	no_unique_author_l1_candidate	"[""substring_requires_transfer_review"",""multiple_author_l1_candidates""]"	0	freebase_bhht_author_lookup_v1	lookup_candidate_not_frozen	"[""Karl Rove"", ""Matt Taibbi"", ""Naomi Klein""]"
984	Bouncer	3	bouncer	no_author_rule	no_author_rule			[]	0	0	[]	[]	[]	[]				0	0	[]	0	0	"[""no_author_rule""]"		out_of_scope	high	no_unique_author_l1_candidate	"[""no_author_rule""]"	0	freebase_bhht_author_lookup_v1	lookup_candidate_not_frozen	"[""Ken Lo"", ""Kevin Sorbo"", ""Wally Watkins""]"
985	Basketball Analyst	3	basketball_analyst	author_substring	substring_cross_l1_conflict			"[[""Other"",""Worker/Business (small)""],[""Sports/Games"",""Sports/Games""]]"	2	2	"[""basket"",""analyst""]"	[42,1514]	"[[""Other"",""Worker/Business (small)""],[""Sports/Games"",""Sports/Games""]]"	[42,1514]	Sports/Games	Sports/Games	basket	0	0	[]	0	0	"[""substring_requires_transfer_review"",""multiple_author_l1_candidates""]"	Culture	proposed	medium	no_unique_author_l1_candidate	"[""substring_requires_transfer_review"",""multiple_author_l1_candidates""]"	0	freebase_bhht_author_lookup_v1	lookup_candidate_not_frozen	"[""Kris Johnson"", ""Marques Johnson"", ""Rebecca Lobo""]"
986	Helicopter Pilot	3	helicopter_pilot	no_author_rule	no_author_rule			[]	0	0	[]	[]	[]	[]				0	0	[]	0	0	"[""no_author_rule""]"		needs_review	low	no_unique_author_l1_candidate	"[""no_author_rule""]"	0	freebase_bhht_author_lookup_v1	lookup_candidate_not_frozen	"[""Kris Kristofferson"", ""Robert 'Bobby Z' Zajonc"", ""Tim Ward-Booth""]"
987	Hypnotist	3	hypnotist	no_author_rule	no_author_rule			[]	0	0	[]	[]	[]	[]				0	0	[]	0	0	"[""no_author_rule""]"		needs_review	low	no_unique_author_l1_candidate	"[""no_author_rule""]"	0	freebase_bhht_author_lookup_v1	lookup_candidate_not_frozen	"[""Lawrence M. Schoen"", ""Michael Grant, 12th Baron de Longueuil"", ""Paul Goldin""]"
988	White-collar worker	3	white-collar_worker	author_substring	substring_unique_candidate	Other	Worker/Business (small)	"[[""Other"",""Worker/Business (small)""]]"	1	1	"[""worker""]"	[1716]	"[[""Other"",""Worker/Business (small)""]]"	[1716]	Other	Worker/Business (small)	worker	0	0	[]	0	0	"[""substring_requires_transfer_review""]"		out_of_scope	medium	formal_author_other_previously_out_of_scope	"[""substring_requires_transfer_review""]"	0	freebase_bhht_author_lookup_v1	lookup_candidate_not_frozen	"[""Leslie Howard"", ""Tage Schaffer"", ""Warren Bradley (Deceased Person)""]"
989	Burlesque stripper	3	burlesque_stripper	author_substring	substring_unique_candidate	Other	Other	"[[""Other"",""Other""]]"	1	1	"[""stripper""]"	[1878]	"[[""Other"",""Other""]]"	[1878]	Other	Other	stripper	0	0	[]	0	0	"[""substring_requires_transfer_review""]"	Culture	proposed	high	differs_from_previous_llm	"[""substring_requires_transfer_review"",""previous_llm_l1_disagreement""]"	0	freebase_bhht_author_lookup_v1	lookup_candidate_not_frozen	"[""Lili St. Cyr"", ""Zen (Actor)"", ""Zero (Actor)""]"
990	Fashion Editor	3	fashion_editor	author_substring	substring_unique_candidate	Culture	Culture-periphery	"[[""Culture"",""Culture-periphery""]]"	1	1	"[""editor""]"	[612]	"[[""Culture"",""Culture-periphery""]]"	[612]	Culture	Culture-periphery	editor	0	0	[]	0	0	"[""substring_requires_transfer_review""]"	Culture	proposed	high	agrees_with_previous_llm	"[""substring_requires_transfer_review""]"	0	freebase_bhht_author_lookup_v1	lookup_candidate_not_frozen	"[""Lydia McLaughlin"", ""Roxanna Bina"", ""Sally Kirkland (Deceased Person)""]"
991	Angel investor	3	angel_investor	author_substring	substring_unique_candidate	Leadership	Corporate/Executive/Business (large)	"[[""Leadership"",""Corporate/Executive/Business (large)""]]"	1	1	"[""investor""]"	[1230]	"[[""Leadership"",""Corporate/Executive/Business (large)""]]"	[1230]	Leadership	Corporate/Executive/Business (large)	investor	0	0	[]	0	0	"[""substring_requires_transfer_review""]"		needs_review	low	author_candidate_previous_needs_review	"[""substring_requires_transfer_review""]"	0	freebase_bhht_author_lookup_v1	lookup_candidate_not_frozen	"[""Mark D. Kingdon"", ""Neil Patel (Organisation founder)"", ""Rajeev Motwani""]"
992	Parliamentarian	3	parliamentarian	author_substring	substring_unique_candidate	Leadership	Politics	"[[""Leadership"",""Politics""]]"	1	1	"[""parliament""]"	[1008]	"[[""Leadership"",""Politics""]]"	[1008]	Leadership	Politics	parliament	0	0	[]	0	0	"[""substring_requires_transfer_review""]"	Leadership	proposed	high	agrees_with_previous_llm	"[""substring_requires_transfer_review""]"	0	freebase_bhht_author_lookup_v1	lookup_candidate_not_frozen	"[""Mary C. Seward"", ""Maurice Peston, Baron Peston"", ""Mohammad Mosaddegh""]"
993	Blogger (Website)	3	blogger_(website)	author_substring	substring_unique_candidate	Culture	Culture-periphery	"[[""Culture"",""Culture-periphery""]]"	1	1	"[""blogger""]"	[589]	"[[""Culture"",""Culture-periphery""]]"	[589]	Culture	Culture-periphery	blogger	0	0	[]	0	0	"[""substring_requires_transfer_review""]"	Culture	proposed	high	agrees_with_previous_llm	"[""substring_requires_transfer_review""]"	0	freebase_bhht_author_lookup_v1	lookup_candidate_not_frozen	"[""Matthew Woodward"", ""Mukil Elango"", ""Yves Bole""]"
994	Test pilot	3	test_pilot	author_exact	exact_unique	Leadership	Military	"[[""Leadership"",""Military""]]"	1	1	"[""test_pilot""]"	[1426]	"[[""Leadership"",""Military""]]"	[1426]	Leadership	Military	test_pilot	0	0	"[{""level1"":""Leadership"",""level2"":""Military"",""level3"":""test_pilot"",""person_count"":189,""example_wikidata_codes"":""Q1082284|Q11288719|Q1256348""}]"	0	0	[]	Discovery/Science	proposed	medium	differs_from_previous_llm	"[""previous_llm_l1_disagreement""]"	0	freebase_bhht_author_lookup_v1	lookup_candidate_not_frozen	"[""Michael Collins"", ""Neil Armstrong"", ""W. Paul Thayer""]"
995	Ophthalmologist	3	ophthalmologist	author_exact	exact_unique	Discovery/Science	Academia	"[[""Discovery/Science"",""Academia""]]"	1	1	"[""ophthalmologist""]"	[834]	"[[""Discovery/Science"",""Academia""]]"	[834]	Discovery/Science	Academia	ophthalmologist	0	0	"[{""level1"":""Discovery/Science"",""level2"":""Academia"",""level3"":""ophthalmologist"",""person_count"":558,""example_wikidata_codes"":""Q100745|Q1025306|Q1040563""}]"	0	0	[]	Discovery/Science	proposed	high	agrees_with_previous_llm	[]	0	freebase_bhht_author_lookup_v1	lookup_candidate_not_frozen	"[""Nathan Roth"", ""Ona Jablonskytė-Landsbergienė"", ""Zarifa Aliyeva""]"
996	Marine biologist	3	marine_biologist	author_substring	substring_cross_l1_conflict			"[[""Discovery/Science"",""Academia""],[""Leadership"",""Military""]]"	2	2	"[""biologist"",""_marine""]"	[705,1403]	"[[""Discovery/Science"",""Academia""],[""Leadership"",""Military""]]"	[705,1403]	Discovery/Science	Academia	biologist	0	0	[]	0	0	"[""substring_requires_transfer_review"",""multiple_author_l1_candidates""]"	Discovery/Science	proposed	high	no_unique_author_l1_candidate	"[""substring_requires_transfer_review"",""multiple_author_l1_candidates""]"	0	freebase_bhht_author_lookup_v1	lookup_candidate_not_frozen	"[""Nicholas Hughes"", ""Rachel Carson"", ""William Beebe""]"
997	Construction Engineer	3	construction_engineer	author_substring	substring_cross_l1_conflict			"[[""Discovery/Science"",""Explorer/Inventor/Developer""],[""Leadership"",""Corporate/Executive/Business (large)""]]"	2	2	"[""engineer"",""_construction""]"	[1187,1210]	"[[""Discovery/Science"",""Explorer/Inventor/Developer""],[""Leadership"",""Corporate/Executive/Business (large)""]]"	[1187,1210]	Discovery/Science	Explorer/Inventor/Developer	engineer	0	0	[]	0	0	"[""substring_requires_transfer_review"",""multiple_author_l1_candidates""]"	Discovery/Science	proposed	medium	no_unique_author_l1_candidate	"[""substring_requires_transfer_review"",""multiple_author_l1_candidates""]"	0	freebase_bhht_author_lookup_v1	lookup_candidate_not_frozen	"[""Riccardo Scicolone"", ""Robert Carnahan"", ""Robert Olson (Soldier)""]"
998	Set Production Assistant	2	set_production_assistant	no_author_rule	no_author_rule			[]	0	0	[]	[]	[]	[]				0	0	[]	0	0	"[""no_author_rule""]"		needs_review	low	no_unique_author_l1_candidate	"[""no_author_rule""]"	0	freebase_bhht_author_lookup_v1	lookup_candidate_not_frozen	"[""Aaron Horwitz"", ""Olivia McCallum""]"
999	Mufti	2	mufti	author_exact	exact_unique	Leadership	Religious	"[[""Leadership"",""Religious""]]"	1	1	"[""mufti""]"	[1334]	"[[""Leadership"",""Religious""]]"	[1334]	Leadership	Religious	mufti	0	0	"[{""level1"":""Leadership"",""level2"":""Religious"",""level3"":""mufti"",""person_count"":75,""example_wikidata_codes"":""Q1053285|Q10978480|Q12189297""}]"	0	0	[]	Leadership	proposed	high	agrees_with_previous_llm	[]	0	freebase_bhht_author_lookup_v1	lookup_candidate_not_frozen	"[""Abd al-Aziz ibn Baz"", ""Abdul-Aziz ibn Abdullah Al ash-Sheikh""]"
1000	Special Effects Designer	2	special_effects_designer	author_substring	substring_same_l1_multiple_l2	Culture		"[[""Culture"",""Culture-core""],[""Culture"",""Culture-periphery""]]"	1	2	"[""special_effects"",""designer""]"	[537,606]	"[[""Culture"",""Culture-core""],[""Culture"",""Culture-periphery""]]"	[537,606]	Culture	Culture-core	special_effects	0	0	[]	0	0	"[""substring_requires_transfer_review"",""multiple_author_l2_candidates""]"	Culture	proposed	medium	agrees_with_previous_llm	"[""substring_requires_transfer_review"",""multiple_author_l2_candidates""]"	0	freebase_bhht_author_lookup_v1	lookup_candidate_not_frozen	"[""Adam Savage"", ""Jesse J. Clarkson""]"
1001	Rector	2	rector	author_exact	exact_unique	Discovery/Science	Academia	"[[""Discovery/Science"",""Academia""]]"	1	1	"[""_rector_""]"	[669]	"[[""Discovery/Science"",""Academia""]]"	[669]	Discovery/Science	Academia	_rector_	0	0	"[{""level1"":""Discovery/Science"",""level2"":""Academia"",""level3"":""rector"",""person_count"":152,""example_wikidata_codes"":""Q10389324|Q11684992|Q11978874""}]"	0	0	[]		needs_review	low	author_candidate_previous_needs_review	[]	0	freebase_bhht_author_lookup_v1	lookup_candidate_not_frozen	"[""Adolfas Jucys"", ""Lawrence Washington""]"
1002	Wildlife biologist	2	wildlife_biologist	author_substring	substring_unique_candidate	Discovery/Science	Academia	"[[""Discovery/Science"",""Academia""]]"	1	1	"[""biologist""]"	[705]	"[[""Discovery/Science"",""Academia""]]"	[705]	Discovery/Science	Academia	biologist	0	0	[]	0	0	"[""substring_requires_transfer_review""]"	Discovery/Science	proposed	high	agrees_with_previous_llm	"[""substring_requires_transfer_review""]"	0	freebase_bhht_author_lookup_v1	lookup_candidate_not_frozen	"[""Adolph Murie"", ""Olaus Murie""]"
1003	Station master	2	station_master	no_author_rule	no_author_rule			[]	0	0	[]	[]	[]	[]				0	0	[]	0	0	"[""no_author_rule""]"		out_of_scope	medium	no_unique_author_l1_candidate	"[""no_author_rule""]"	0	freebase_bhht_author_lookup_v1	lookup_candidate_not_frozen	"[""Adolph Schiele"", ""Louis R Hanks""]"
1004	TV Meteorologist	2	tv_meteorologist	author_substring	substring_unique_candidate	Discovery/Science	Academia	"[[""Discovery/Science"",""Academia""]]"	1	1	"[""meteorologist""]"	[815]	"[[""Discovery/Science"",""Academia""]]"	[815]	Discovery/Science	Academia	meteorologist	0	0	[]	0	0	"[""substring_requires_transfer_review""]"		needs_review	low	author_candidate_previous_needs_review	"[""substring_requires_transfer_review""]"	0	freebase_bhht_author_lookup_v1	lookup_candidate_not_frozen	"[""Al Roker"", ""Storm Field""]"
1005	Information systems technician	2	information_systems_technician	author_substring	substring_unique_candidate	Other	Worker/Business (small)	"[[""Other"",""Worker/Business (small)""]]"	1	1	"[""technician""]"	[1698]	"[[""Other"",""Worker/Business (small)""]]"	[1698]	Other	Worker/Business (small)	technician	0	0	[]	0	0	"[""substring_requires_transfer_review""]"		needs_review	low	author_candidate_previous_needs_review	"[""substring_requires_transfer_review""]"	0	freebase_bhht_author_lookup_v1	lookup_candidate_not_frozen	"[""Alan David Moss"", ""Jonathan W Lowe""]"
1006	Tour manager	2	tour_manager	author_substring	substring_unique_candidate	Leadership	Corporate/Executive/Business (large)	"[[""Leadership"",""Corporate/Executive/Business (large)""]]"	1	1	"[""manager""]"	[1234]	"[[""Leadership"",""Corporate/Executive/Business (large)""]]"	[1234]	Leadership	Corporate/Executive/Business (large)	manager	0	0	[]	0	0	"[""substring_requires_transfer_review""]"		needs_review	low	author_candidate_previous_needs_review	"[""substring_requires_transfer_review""]"	0	freebase_bhht_author_lookup_v1	lookup_candidate_not_frozen	"[""Alan Leeds"", ""Smith Puget""]"
1007	Alchemist	2	alchemist	author_substring	substring_unique_candidate	Discovery/Science	Academia	"[[""Discovery/Science"",""Academia""]]"	1	1	"[""chemist""]"	[715]	"[[""Discovery/Science"",""Academia""]]"	[715]	Discovery/Science	Academia	chemist	0	0	"[{""level1"":""Discovery/Science"",""level2"":""Academia"",""level3"":""alchemist"",""person_count"":1,""example_wikidata_codes"":""Q23839812""}]"	0	0	"[""substring_requires_transfer_review""]"		needs_review	low	author_candidate_previous_needs_review	"[""substring_requires_transfer_review""]"	0	freebase_bhht_author_lookup_v1	lookup_candidate_not_frozen	"[""Albert Łaski"", ""Giambattista della Porta""]"
1008	Lighting technician	2	lighting_technician	author_substring	substring_unique_candidate	Other	Worker/Business (small)	"[[""Other"",""Worker/Business (small)""]]"	1	1	"[""technician""]"	[1698]	"[[""Other"",""Worker/Business (small)""]]"	[1698]	Other	Worker/Business (small)	technician	0	0	[]	0	0	"[""substring_requires_transfer_review""]"		out_of_scope	high	formal_author_other_previously_out_of_scope	"[""substring_requires_transfer_review""]"	0	freebase_bhht_author_lookup_v1	lookup_candidate_not_frozen	"[""Alejandro Luna"", ""David Elwell""]"
1009	Political philosopher	2	political_philosopher	author_substring	substring_cross_l1_conflict			"[[""Discovery/Science"",""Academia""],[""Leadership"",""Politics""]]"	2	2	"[""philosopher"",""political""]"	[861,1013]	"[[""Discovery/Science"",""Academia""],[""Leadership"",""Politics""]]"	[861,1013]	Discovery/Science	Academia	philosopher	0	0	[]	0	0	"[""substring_requires_transfer_review"",""multiple_author_l1_candidates""]"	Discovery/Science	proposed	medium	no_unique_author_l1_candidate	"[""substring_requires_transfer_review"",""multiple_author_l1_candidates""]"	0	freebase_bhht_author_lookup_v1	lookup_candidate_not_frozen	"[""Alex Callinicos"", ""William Godwin""]"
1010	Cinematography	2	cinematography	author_substring	substring_unique_candidate	Culture	Culture-core	"[[""Culture"",""Culture-core""]]"	1	1	"[""cinema""]"	[385]	"[[""Culture"",""Culture-core""]]"	[385]	Culture	Culture-core	cinema	0	0	[]	0	0	"[""substring_requires_transfer_review""]"		needs_review	low	author_candidate_previous_needs_review	"[""substring_requires_transfer_review""]"	0	freebase_bhht_author_lookup_v1	lookup_candidate_not_frozen	"[""Alexander L'iravíkmela Giorgisdzé Matcharashvili"", ""Jane Campion""]"
1011	Aeronautical Engineer	2	aeronautical_engineer	author_substring	substring_same_l1_multiple_l2	Discovery/Science		"[[""Discovery/Science"",""Academia""],[""Discovery/Science"",""Explorer/Inventor/Developer""]]"	1	2	"[""aeronautical"",""engineer""]"	[674,1187]	"[[""Discovery/Science"",""Academia""],[""Discovery/Science"",""Explorer/Inventor/Developer""]]"	[674,1187]	Discovery/Science	Academia	aeronautical	0	0	[]	0	0	"[""substring_requires_transfer_review"",""multiple_author_l2_candidates""]"	Discovery/Science	proposed	high	agrees_with_previous_llm	"[""substring_requires_transfer_review"",""multiple_author_l2_candidates""]"	0	freebase_bhht_author_lookup_v1	lookup_candidate_not_frozen	"[""Alfred Roy Carey"", ""Katsuji Miyazaki""]"
1012	Literary executor	2	literary_executor	author_substring	substring_unique_candidate	Culture	Culture-core	"[[""Culture"",""Culture-core""]]"	1	1	"[""_literary_""]"	[323]	"[[""Culture"",""Culture-core""]]"	[323]	Culture	Culture-core	_literary_	0	0	[]	0	0	"[""substring_requires_transfer_review""]"		needs_review	low	author_candidate_previous_needs_review	"[""substring_requires_transfer_review""]"	0	freebase_bhht_author_lookup_v1	lookup_candidate_not_frozen	"[""Alice Methfessel"", ""Florence Balcombe""]"
1013	Digital Artist	2	digital_artist	author_substring	substring_unique_candidate	Culture	Culture-core	"[[""Culture"",""Culture-core""]]"	1	1	"[""_artist""]"	[304]	"[[""Culture"",""Culture-core""]]"	[304]	Culture	Culture-core	_artist	0	0	[]	0	0	"[""substring_requires_transfer_review""]"	Culture	proposed	high	agrees_with_previous_llm	"[""substring_requires_transfer_review""]"	0	freebase_bhht_author_lookup_v1	lookup_candidate_not_frozen	"[""Alicia Grimaldi"", ""Peter Nye (Film crewmember)""]"
1014	Pro-life activist	2	pro-life_activist	author_substring	substring_unique_candidate	Leadership	Politics	"[[""Leadership"",""Politics""]]"	1	1	"[""activist""]"	[939]	"[[""Leadership"",""Politics""]]"	[939]	Leadership	Politics	activist	0	0	[]	0	0	"[""substring_requires_transfer_review""]"		needs_review	low	author_candidate_previous_needs_review	"[""substring_requires_transfer_review""]"	0	freebase_bhht_author_lookup_v1	lookup_candidate_not_frozen	"[""Alveda King"", ""Sargent Shriver""]"
1015	Set Dresser	2	set_dresser	no_author_rule	no_author_rule			[]	0	0	[]	[]	[]	[]				0	0	[]	0	0	"[""no_author_rule""]"	Culture	proposed	medium	no_unique_author_l1_candidate	"[""no_author_rule""]"	0	freebase_bhht_author_lookup_v1	lookup_candidate_not_frozen	"[""Amal Allana"", ""Robert Shipman""]"
1016	Registrar	2	registrar	no_author_rule	no_author_rule			[]	0	0	[]	[]	[]	[]				0	0	[]	0	0	"[""no_author_rule""]"		needs_review	low	no_unique_author_l1_candidate	"[""no_author_rule""]"	0	freebase_bhht_author_lookup_v1	lookup_candidate_not_frozen	"[""Amelita Ramos"", ""Dorothy Joplin""]"
1017	Plus-size model	2	plus-size_model	author_substring	substring_unique_candidate	Culture	Culture-periphery	"[[""Culture"",""Culture-periphery""]]"	1	1	"[""_model_""]"	[577]	"[[""Culture"",""Culture-periphery""]]"	[577]	Culture	Culture-periphery	_model_	0	0	[]	0	0	"[""substring_requires_transfer_review""]"	Culture	proposed	high	agrees_with_previous_llm	"[""substring_requires_transfer_review""]"	0	freebase_bhht_author_lookup_v1	lookup_candidate_not_frozen	"[""Anansa Sims"", ""Mia Tyler""]"
1018	Commissar	2	commissar	no_author_rule	no_author_rule			[]	0	0	[]	[]	[]	[]				0	0	[]	0	0	"[""no_author_rule""]"	Leadership	proposed	medium	no_unique_author_l1_candidate	"[""no_author_rule""]"	0	freebase_bhht_author_lookup_v1	lookup_candidate_not_frozen	"[""Anastas Mikoyan"", ""Aziz Aliyev""]"
1019	Music criticism	2	music_criticism	author_substring	substring_same_l1_multiple_l2	Culture		"[[""Culture"",""Culture-core""],[""Culture"",""Culture-periphery""]]"	1	2	"[""_music"",""critic""]"	[325,604]	"[[""Culture"",""Culture-core""],[""Culture"",""Culture-periphery""]]"	[325,604]	Culture	Culture-core	_music	0	0	[]	0	0	"[""substring_requires_transfer_review"",""multiple_author_l2_candidates""]"		needs_review	low	author_candidate_previous_needs_review	"[""substring_requires_transfer_review"",""multiple_author_l2_candidates""]"	0	freebase_bhht_author_lookup_v1	lookup_candidate_not_frozen	"[""Andrew Porter"", ""Peter Barakan""]"
1020	Sound Effects Editor	2	sound_effects_editor	author_substring	substring_unique_candidate	Culture	Culture-periphery	"[[""Culture"",""Culture-periphery""]]"	1	1	"[""editor""]"	[612]	"[[""Culture"",""Culture-periphery""]]"	[612]	Culture	Culture-periphery	editor	0	0	[]	0	0	"[""substring_requires_transfer_review""]"	Culture	proposed	high	agrees_with_previous_llm	"[""substring_requires_transfer_review""]"	0	freebase_bhht_author_lookup_v1	lookup_candidate_not_frozen	"[""Ann Kroeber"", ""Wayne Allwine""]"
1021	Court reporter	2	court_reporter	author_substring	substring_unique_candidate	Culture	Culture-periphery	"[[""Culture"",""Culture-periphery""]]"	1	1	"[""reporter""]"	[648]	"[[""Culture"",""Culture-periphery""]]"	[648]	Culture	Culture-periphery	reporter	0	0	[]	0	0	"[""substring_requires_transfer_review""]"		needs_review	low	author_candidate_previous_needs_review	"[""substring_requires_transfer_review""]"	0	freebase_bhht_author_lookup_v1	lookup_candidate_not_frozen	"[""Anna Dostoyevskaya"", ""Robert Andrews Millikan""]"
1022	People's Artist of Ukraine	2	people's_artist_of_ukraine	author_substring	substring_unique_candidate	Culture	Culture-core	"[[""Culture"",""Culture-core""]]"	1	1	"[""_artist""]"	[304]	"[[""Culture"",""Culture-core""]]"	[304]	Culture	Culture-core	_artist	0	0	[]	0	0	"[""substring_requires_transfer_review""]"		needs_review	low	author_candidate_previous_needs_review	"[""substring_requires_transfer_review""]"	0	freebase_bhht_author_lookup_v1	lookup_candidate_not_frozen	"[""Anna Ivanovna Opanasenko-Sumskaya"", ""Vyacheslav Ignatievich Sumskoy""]"
1023	Human computer	2	human_computer	no_author_rule	no_author_rule			[]	0	0	[]	[]	[]	[]				0	0	[]	0	0	"[""no_author_rule""]"		out_of_scope	high	no_unique_author_l1_candidate	"[""no_author_rule""]"	0	freebase_bhht_author_lookup_v1	lookup_candidate_not_frozen	"[""Annie Jump Cannon"", ""Jérôme Lalande""]"
1024	Sex Educator	2	sex_educator	author_substring	substring_unique_candidate	Discovery/Science	Academia	"[[""Discovery/Science"",""Academia""]]"	1	1	"[""educator""]"	[738]	"[[""Discovery/Science"",""Academia""]]"	[738]	Discovery/Science	Academia	educator	0	0	[]	0	0	"[""substring_requires_transfer_review""]"	Discovery/Science	proposed	medium	agrees_with_previous_llm	"[""substring_requires_transfer_review""]"	0	freebase_bhht_author_lookup_v1	lookup_candidate_not_frozen	"[""Annie Sprinkle"", ""Laura Berman""]"
1025	Partisan	2	partisan	no_author_rule	no_author_rule			[]	0	0	[]	[]	[]	[]				0	0	[]	0	0	"[""no_author_rule""]"		needs_review	low	no_unique_author_l1_candidate	"[""no_author_rule""]"	0	freebase_bhht_author_lookup_v1	lookup_candidate_not_frozen	"[""Ante Novak (Deceased Person)"", ""Folco Lulli""]"
1026	Army officer (retired)	2	army_officer_(retired)	author_substring	substring_unique_candidate	Leadership	Military	"[[""Leadership"",""Military""]]"	1	1	"[""_army_"",""officer_""]"	[1364,1412]	"[[""Leadership"",""Military""]]"	[1364,1412]	Leadership	Military	_army_	0	0	[]	0	0	"[""substring_requires_transfer_review""]"	Leadership	proposed	high	agrees_with_previous_llm	"[""substring_requires_transfer_review""]"	0	freebase_bhht_author_lookup_v1	lookup_candidate_not_frozen	"[""Anthony Pullen Shaw"", ""Louis Gabriel Venant Le Bailly de La Falaise""]"
1027	Floral Designer	2	floral_designer	author_substring	substring_unique_candidate	Culture	Culture-periphery	"[[""Culture"",""Culture-periphery""]]"	1	1	"[""designer""]"	[606]	"[[""Culture"",""Culture-periphery""]]"	[606]	Culture	Culture-periphery	designer	0	0	[]	0	0	"[""substring_requires_transfer_review""]"	Culture	proposed	medium	agrees_with_previous_llm	"[""substring_requires_transfer_review""]"	0	freebase_bhht_author_lookup_v1	lookup_candidate_not_frozen	"[""Anulka Dziubinska"", ""Virginia Innis""]"
1028	Public figure	2	public_figure	no_author_rule	no_author_rule			[]	0	0	[]	[]	[]	[]				0	0	[]	0	0	"[""no_author_rule""]"		out_of_scope	high	no_unique_author_l1_candidate	"[""no_author_rule""]"	0	freebase_bhht_author_lookup_v1	lookup_candidate_not_frozen	"[""Arthur Balfour"", ""Stefan Bogoridi""]"
1029	Etymologist	2	etymologist	no_author_rule	no_author_rule			[]	0	0	[]	[]	[]	[]				0	0	[]	0	0	"[""no_author_rule""]"	Discovery/Science	proposed	high	no_unique_author_l1_candidate	"[""no_author_rule""]"	0	freebase_bhht_author_lookup_v1	lookup_candidate_not_frozen	"[""Ashley Judd"", ""O. W. Fischer""]"
1030	Kannushi	2	kannushi	no_author_rule	no_author_rule			[]	0	0	[]	[]	[]	[]				0	0	[]	0	0	"[""no_author_rule""]"	Leadership	proposed	medium	no_unique_author_l1_candidate	"[""no_author_rule""]"	0	freebase_bhht_author_lookup_v1	lookup_candidate_not_frozen	"[""Atsuko Ikeda"", ""Kazuko Takatsukasa""]"
1031	Jazz Artist/Singer	2	jazz_artist/singer	author_substring	substring_unique_candidate	Culture	Culture-core	"[[""Culture"",""Culture-core""]]"	1	1	"[""_artist"",""jazz"",""singer""]"	[304,451,529]	"[[""Culture"",""Culture-core""]]"	[304,451,529]	Culture	Culture-core	_artist	0	0	[]	0	0	"[""substring_requires_transfer_review""]"	Culture	proposed	high	agrees_with_previous_llm	"[""substring_requires_transfer_review""]"	0	freebase_bhht_author_lookup_v1	lookup_candidate_not_frozen	"[""Aura Urziceanu Rully"", ""Mattie Shaw""]"
1032	Server	2	server	no_author_rule	no_author_rule			[]	0	0	[]	[]	[]	[]				0	0	[]	0	0	"[""no_author_rule""]"		out_of_scope	high	no_unique_author_l1_candidate	"[""no_author_rule""]"	0	freebase_bhht_author_lookup_v1	lookup_candidate_not_frozen	"[""Austin Allen (Music Composer)"", ""Darlene Elizabeth Ferrin""]"
1033	Search engine technology	2	search_engine_technology	no_author_rule	no_author_rule			[]	0	0	[]	[]	[]	[]				0	0	[]	0	0	"[""no_author_rule""]"		out_of_scope	medium	no_unique_author_l1_candidate	"[""no_author_rule""]"	0	freebase_bhht_author_lookup_v1	lookup_candidate_not_frozen	"[""BIll Slawski"", ""m/012zvydj""]"
1034	Film Journalist	2	film_journalist	author_substring	substring_same_l1_multiple_l2	Culture		"[[""Culture"",""Culture-core""],[""Culture"",""Culture-periphery""]]"	1	2	"[""_film_"",""journalist""]"	[320,629]	"[[""Culture"",""Culture-core""],[""Culture"",""Culture-periphery""]]"	[320,629]	Culture	Culture-core	_film_	0	0	[]	0	0	"[""substring_requires_transfer_review"",""multiple_author_l2_candidates""]"	Culture	proposed	medium	agrees_with_previous_llm	"[""substring_requires_transfer_review"",""multiple_author_l2_candidates""]"	0	freebase_bhht_author_lookup_v1	lookup_candidate_not_frozen	"[""Baldev Raj Chopra"", ""Edmond T. Gréville""]"
1035	Dental assistant	2	dental_assistant	no_author_rule	no_author_rule			[]	0	0	[]	[]	[]	[]				0	0	[]	0	0	"[""no_author_rule""]"		needs_review	low	no_unique_author_l1_candidate	"[""no_author_rule""]"	0	freebase_bhht_author_lookup_v1	lookup_candidate_not_frozen	"[""Barbara Ann Knudson"", ""Pamela Putnam (Woman)""]"
1036	Visionary	2	visionary	no_author_rule	no_author_rule			[]	0	0	[]	[]	[]	[]				0	0	[]	0	0	"[""no_author_rule""]"		needs_review	low	no_unique_author_l1_candidate	"[""no_author_rule""]"	0	freebase_bhht_author_lookup_v1	lookup_candidate_not_frozen	"[""Barbara Marx Hubbard"", ""Buckminster Fuller""]"
1037	Magnate	2	magnate	author_exact	exact_unique	Leadership	Corporate/Executive/Business (large)	"[[""Leadership"",""Corporate/Executive/Business (large)""]]"	1	1	"[""_magnate_""]"	[1212]	"[[""Leadership"",""Corporate/Executive/Business (large)""]]"	[1212]	Leadership	Corporate/Executive/Business (large)	_magnate_	0	0	"[{""level1"":""Leadership"",""level2"":""Corporate/Executive/Business (large)"",""level3"":""magnate"",""person_count"":124,""example_wikidata_codes"":""Q1141740|Q11802201|Q12752154""}]"	0	0	[]	Leadership	proposed	high	agrees_with_previous_llm	[]	0	freebase_bhht_author_lookup_v1	lookup_candidate_not_frozen	"[""Barron Hilton"", ""William Wrigley, Jr.""]"
1038	Climatologist	2	climatologist	author_exact	exact_unique	Discovery/Science	Academia	"[[""Discovery/Science"",""Academia""]]"	1	1	"[""climatologist""]"	[717]	"[[""Discovery/Science"",""Academia""]]"	[717]	Discovery/Science	Academia	climatologist	0	0	"[{""level1"":""Discovery/Science"",""level2"":""Academia"",""level3"":""climatologist"",""person_count"":101,""example_wikidata_codes"":""Q1038902|Q1147667|Q11683157""}]"	0	0	[]	Discovery/Science	proposed	high	agrees_with_previous_llm	[]	0	freebase_bhht_author_lookup_v1	lookup_candidate_not_frozen	"[""Barry Bishop"", ""Leslie Holdridge""]"
1039	Mountain guide	2	mountain_guide	author_exact	exact_unique	Sports/Games	Sports/Games	"[[""Sports/Games"",""Sports/Games""]]"	1	1	"[""mountain_guide""]"	[169]	"[[""Other"",""Worker/Business (small)""],[""Sports/Games"",""Sports/Games""]]"	[169,1461]	Sports/Games	Sports/Games	mountain_guide	0	0	"[{""level1"":""Sports/Games"",""level2"":""Sports/Games"",""level3"":""mountain_guide"",""person_count"":148,""example_wikidata_codes"":""Q1086388|Q110069|Q116320""}]"	0	0	[]		out_of_scope	medium	author_candidate_previous_out_of_scope	[]	0	freebase_bhht_author_lookup_v1	lookup_candidate_not_frozen	"[""Barry Bishop"", ""Robert Jasper""]"
1040	Greengrocer	2	greengrocer	author_substring	substring_unique_candidate	Other	Worker/Business (small)	"[[""Other"",""Worker/Business (small)""]]"	1	1	"[""grocer""]"	[1604]	"[[""Other"",""Worker/Business (small)""]]"	[1604]	Other	Worker/Business (small)	grocer	0	0	[]	0	0	"[""substring_requires_transfer_review""]"		needs_review	low	author_candidate_previous_needs_review	"[""substring_requires_transfer_review""]"	0	freebase_bhht_author_lookup_v1	lookup_candidate_not_frozen	"[""Barry Lineker"", ""William Hitchcock""]"
1041	Volcanologist	2	volcanologist	no_author_rule	no_author_rule			[]	0	0	[]	[]	[]	[]				0	0	[]	0	0	"[""no_author_rule""]"	Discovery/Science	proposed	high	no_unique_author_l1_candidate	"[""no_author_rule""]"	0	freebase_bhht_author_lookup_v1	lookup_candidate_not_frozen	"[""Barry Voight"", ""James Dwight Dana""]"
1042	Cardiac surgeon	2	cardiac_surgeon	author_substring	substring_unique_candidate	Discovery/Science	Academia	"[[""Discovery/Science"",""Academia""]]"	1	1	"[""surgeon""]"	[908]	"[[""Discovery/Science"",""Academia""]]"	[908]	Discovery/Science	Academia	surgeon	0	0	[]	0	0	"[""substring_requires_transfer_review""]"	Discovery/Science	proposed	medium	agrees_with_previous_llm	"[""substring_requires_transfer_review""]"	0	freebase_bhht_author_lookup_v1	lookup_candidate_not_frozen	"[""Belmont DeForest Bogart"", ""Mehmet Oz""]"
1043	Art Conservator	2	art_conservator	no_author_rule	no_author_rule			[]	0	0	[]	[]	[]	[]				0	0	[]	0	0	"[""no_author_rule""]"	Culture	proposed	high	no_unique_author_l1_candidate	"[""no_author_rule""]"	0	freebase_bhht_author_lookup_v1	lookup_candidate_not_frozen	"[""Ben Fino-Radin"", ""Dragan Espenschied""]"
1044	Consul	2	consul	author_exact	exact_unique	Leadership	Politics	"[[""Leadership"",""Politics""]]"	1	1	"[""consul_""]"	[958]	"[[""Leadership"",""Politics""]]"	[958]	Leadership	Politics	consul_	0	0	"[{""level1"":""Leadership"",""level2"":""Politics"",""level3"":""consul"",""person_count"":119,""example_wikidata_codes"":""Q1001947|Q10382186|Q1079324""}]"	0	0	[]	Leadership	proposed	high	agrees_with_previous_llm	[]	0	freebase_bhht_author_lookup_v1	lookup_candidate_not_frozen	"[""Benedict Hayum Salomon Goldschmidt"", ""José Maria de Eça de Queirós""]"
1045	Quantitative analyst	2	quantitative_analyst	author_substring	substring_unique_candidate	Other	Worker/Business (small)	"[[""Other"",""Worker/Business (small)""]]"	1	1	"[""analyst""]"	[1514]	"[[""Other"",""Worker/Business (small)""]]"	[1514]	Other	Worker/Business (small)	analyst	0	0	[]	0	0	"[""substring_requires_transfer_review""]"	Discovery/Science	proposed	medium	differs_from_previous_llm	"[""substring_requires_transfer_review"",""previous_llm_l1_disagreement""]"	0	freebase_bhht_author_lookup_v1	lookup_candidate_not_frozen	"[""Benjamin Azose"", ""Jesse Robert Stone""]"
1046	Confidence artist	2	confidence_artist	author_substring	substring_unique_candidate	Culture	Culture-core	"[[""Culture"",""Culture-core""]]"	1	1	"[""_artist""]"	[304]	"[[""Culture"",""Culture-core""]]"	[304]	Culture	Culture-core	_artist	0	0	[]	0	0	"[""substring_requires_transfer_review""]"		out_of_scope	high	author_candidate_previous_out_of_scope	"[""substring_requires_transfer_review""]"	0	freebase_bhht_author_lookup_v1	lookup_candidate_not_frozen	"[""Bernard Cornfeld"", ""William Rockefeller Sr.""]"
1047	Methodist minister	2	methodist_minister	author_substring	substring_unique_candidate	Leadership	Politics	"[[""Leadership"",""Politics""]]"	1	1	"[""minister""]"	[1000]	"[[""Leadership"",""Politics""]]"	[1000]	Leadership	Politics	minister	0	0	[]	0	0	"[""substring_requires_transfer_review""]"	Leadership	proposed	high	agrees_with_previous_llm	"[""substring_requires_transfer_review""]"	0	freebase_bhht_author_lookup_v1	lookup_candidate_not_frozen	"[""Beverly Carradine"", ""Joshua Van""]"
1048	Pitchman	2	pitchman	no_author_rule	no_author_rule			[]	0	0	[]	[]	[]	[]				0	0	[]	0	0	"[""no_author_rule""]"		needs_review	low	no_unique_author_l1_candidate	"[""no_author_rule""]"	0	freebase_bhht_author_lookup_v1	lookup_candidate_not_frozen	"[""Bill Mumy"", ""Merlin Olsen""]"
1049	Podcaster	2	podcaster	author_exact	exact_unique	Culture	Culture-core	"[[""Culture"",""Culture-core""]]"	1	1	"[""podcaster""]"	[500]	"[[""Culture"",""Culture-core""]]"	[500]	Culture	Culture-core	podcaster	0	0	"[{""level1"":""Culture"",""level2"":""Culture-core"",""level3"":""podcaster"",""person_count"":94,""example_wikidata_codes"":""Q102053|Q11882399|Q14197786""}]"	0	0	[]	Culture	proposed	high	agrees_with_previous_llm	[]	0	freebase_bhht_author_lookup_v1	lookup_candidate_not_frozen	"[""Bill Simmons"", ""Larry Miller""]"
1050	Sports Columnist	2	sports_columnist	author_substring	substring_cross_l1_conflict			"[[""Culture"",""Culture-periphery""],[""Sports/Games"",""Sports/Games""]]"	2	2	"[""_sport"",""columnist""]"	[24,597]	"[[""Culture"",""Culture-periphery""],[""Sports/Games"",""Sports/Games""]]"	[24,597]	Sports/Games	Sports/Games	_sport	0	0	[]	0	0	"[""substring_requires_transfer_review"",""multiple_author_l1_candidates""]"	Culture	proposed	high	no_unique_author_l1_candidate	"[""substring_requires_transfer_review"",""multiple_author_l1_candidates""]"	0	freebase_bhht_author_lookup_v1	lookup_candidate_not_frozen	"[""Bill Simmons"", ""George Vecsey""]"
1051	Boilermaker	2	boilermaker	author_exact	exact_unique	Other	Worker/Business (small)	"[[""Other"",""Worker/Business (small)""]]"	1	1	"[""boilermaker""]"	[1532]	"[[""Other"",""Worker/Business (small)""]]"	[1532]	Other	Worker/Business (small)	boilermaker	0	0	"[{""level1"":""Other"",""level2"":""Worker/Business (small)"",""level3"":""boilermaker"",""person_count"":4,""example_wikidata_codes"":""Q15781295|Q27865885|Q3163940""}]"	0	0	[]		out_of_scope	medium	formal_author_other_previously_out_of_scope	[]	0	freebase_bhht_author_lookup_v1	lookup_candidate_not_frozen	"[""Billy Connolly"", ""Francesc Gaudí i Serra""]"
1052	Lineman	2	lineman	no_author_rule	no_author_rule			[]	0	0	[]	[]	[]	[]				0	0	[]	0	0	"[""no_author_rule""]"		needs_review	low	no_unique_author_l1_candidate	"[""no_author_rule""]"	0	freebase_bhht_author_lookup_v1	lookup_candidate_not_frozen	"[""Bob Hope"", ""Henry Durrell Ball""]"
1053	Medical Doctor	2	medical_doctor	author_substring	substring_unique_candidate	Discovery/Science	Academia	"[[""Discovery/Science"",""Academia""]]"	1	1	"[""doctor"",""medical""]"	[733,812]	"[[""Discovery/Science"",""Academia""]]"	[733,812]	Discovery/Science	Academia	doctor	0	0	[]	0	0	"[""substring_requires_transfer_review""]"	Discovery/Science	proposed	high	agrees_with_previous_llm	"[""substring_requires_transfer_review""]"	0	freebase_bhht_author_lookup_v1	lookup_candidate_not_frozen	"[""Bodo Thyssen"", ""Carlos Humberto Valenzuela Priego""]"
1054	Lacrosse Player	2	lacrosse_player	author_substring	substring_unique_candidate	Sports/Games	Sports/Games	"[[""Sports/Games"",""Sports/Games""]]"	1	1	"[""lacrosse"",""player""]"	[155,189]	"[[""Sports/Games"",""Sports/Games""]]"	[155,189]	Sports/Games	Sports/Games	lacrosse	0	0	[]	0	0	"[""substring_requires_transfer_review""]"	Sports/Games	proposed	medium	agrees_with_previous_llm	"[""substring_requires_transfer_review""]"	0	freebase_bhht_author_lookup_v1	lookup_candidate_not_frozen	"[""Brian J. White"", ""Phil Newland""]"
1055	Regent	2	regent	author_exact	exact_unique	Leadership	Nobility	"[[""Leadership"",""Nobility""]]"	1	1	"[""regent""]"	[1162]	"[[""Leadership"",""Nobility""]]"	[1162]	Leadership	Nobility	regent	0	0	"[{""level1"":""Leadership"",""level2"":""Nobility"",""level3"":""regent"",""person_count"":426,""example_wikidata_codes"":""Q1028811|Q1038456|Q1055224""}]"	0	0	[]	Leadership	proposed	high	agrees_with_previous_llm	[]	0	freebase_bhht_author_lookup_v1	lookup_candidate_not_frozen	"[""Béla II of Hungary"", ""Pieter de Graeff""]"
1056	Biblical Scholar	2	biblical_scholar	author_substring	substring_cross_l1_conflict			"[[""Discovery/Science"",""Academia""],[""Leadership"",""Religious""]]"	2	2	"[""scholar"",""biblical""]"	[890,1279]	"[[""Discovery/Science"",""Academia""],[""Leadership"",""Religious""]]"	[890,1279]	Discovery/Science	Academia	scholar	0	0	[]	0	0	"[""substring_requires_transfer_review"",""multiple_author_l1_candidates""]"	Discovery/Science	proposed	high	no_unique_author_l1_candidate	"[""substring_requires_transfer_review"",""multiple_author_l1_candidates""]"	0	freebase_bhht_author_lookup_v1	lookup_candidate_not_frozen	"[""Calvin Ellis Stowe"", ""George Grove (Musicologist)""]"
1057	Nature Photographer	2	nature_photographer	author_substring	substring_unique_candidate	Culture	Culture-core	"[[""Culture"",""Culture-core""]]"	1	1	"[""photographer""]"	[491]	"[[""Culture"",""Culture-core""]]"	[491]	Culture	Culture-core	photographer	0	0	[]	0	0	"[""substring_requires_transfer_review""]"	Culture	proposed	medium	agrees_with_previous_llm	"[""substring_requires_transfer_review""]"	0	freebase_bhht_author_lookup_v1	lookup_candidate_not_frozen	"[""Carl Akeley"", ""Chris Packham""]"
1058	Carpenter	2	carpenter	author_exact	exact_unique	Other	Worker/Business (small)	"[[""Other"",""Worker/Business (small)""]]"	1	1	"[""carpenter""]"	[1550]	"[[""Other"",""Worker/Business (small)""]]"	[1550]	Other	Worker/Business (small)	carpenter	0	0	"[{""level1"":""Other"",""level2"":""Worker/Business (small)"",""level3"":""carpenter"",""person_count"":155,""example_wikidata_codes"":""Q1038086|Q115384|Q11627944""}]"	0	0	[]		out_of_scope	high	formal_author_other_previously_out_of_scope	[]	0	freebase_bhht_author_lookup_v1	lookup_candidate_not_frozen	"[""Carl Chambers Sr."", ""Nick Offerman""]"
1059	Dermatologist	2	dermatologist	author_exact	exact_unique	Discovery/Science	Academia	"[[""Discovery/Science"",""Academia""]]"	1	1	"[""dermatologist""]"	[730]	"[[""Discovery/Science"",""Academia""]]"	[730]	Discovery/Science	Academia	dermatologist	0	0	"[{""level1"":""Discovery/Science"",""level2"":""Academia"",""level3"":""dermatologist"",""person_count"":251,""example_wikidata_codes"":""Q103631|Q1037173|Q1037977""}]"	0	0	[]	Discovery/Science	proposed	high	agrees_with_previous_llm	[]	0	freebase_bhht_author_lookup_v1	lookup_candidate_not_frozen	"[""Carl Cronquist"", ""Han Su-min (Woman)""]"
1060	Athletic trainer	2	athletic_trainer	author_substring	substring_unique_candidate	Sports/Games	Sports/Games	"[[""Sports/Games"",""Sports/Games""]]"	1	1	"[""athletic"",""trainer""]"	[33,277]	"[[""Sports/Games"",""Sports/Games""]]"	[33,277]	Sports/Games	Sports/Games	athletic	0	0	[]	0	0	"[""substring_requires_transfer_review""]"		needs_review	low	author_candidate_previous_needs_review	"[""substring_requires_transfer_review""]"	0	freebase_bhht_author_lookup_v1	lookup_candidate_not_frozen	"[""Carlon Colker"", ""Mike Murphy (American Football Head Coach)""]"
1061	Handyman	2	handyman	author_exact	exact_unique	Other	Worker/Business (small)	"[[""Other"",""Worker/Business (small)""]]"	1	1	"[""handyman""]"	[1608]	"[[""Other"",""Worker/Business (small)""]]"	[1608]	Other	Worker/Business (small)	handyman	0	0	"[{""level1"":""Other"",""level2"":""Worker/Business (small)"",""level3"":""handyman"",""person_count"":3,""example_wikidata_codes"":""Q16733753|Q16850999|Q5728431""}]"	0	0	[]		out_of_scope	high	formal_author_other_previously_out_of_scope	[]	0	freebase_bhht_author_lookup_v1	lookup_candidate_not_frozen	"[""Carlton Myron Brainerd"", ""Steve Kinnaman""]"
1062	Bookbinder	2	bookbinder	author_exact	exact_unique	Other	Worker/Business (small)	"[[""Other"",""Worker/Business (small)""]]"	1	1	"[""bookbinder""]"	[1534]	"[[""Other"",""Worker/Business (small)""]]"	[1534]	Other	Worker/Business (small)	bookbinder	0	0	"[{""level1"":""Other"",""level2"":""Worker/Business (small)"",""level3"":""bookbinder"",""person_count"":99,""example_wikidata_codes"":""Q10555363|Q10856490|Q108948""}]"	0	0	[]		needs_review	low	author_candidate_previous_needs_review	[]	0	freebase_bhht_author_lookup_v1	lookup_candidate_not_frozen	"[""Carolee Campbell"", ""Douglas Cockerell""]"
1063	Legal Scholar	2	legal_scholar	author_substring	substring_unique_candidate	Discovery/Science	Academia	"[[""Discovery/Science"",""Academia""]]"	1	1	"[""scholar""]"	[890]	"[[""Discovery/Science"",""Academia""]]"	[890]	Discovery/Science	Academia	scholar	0	0	[]	0	0	"[""substring_requires_transfer_review""]"	Discovery/Science	proposed	medium	agrees_with_previous_llm	"[""substring_requires_transfer_review""]"	0	freebase_bhht_author_lookup_v1	lookup_candidate_not_frozen	"[""Cass Sunstein"", ""Tove Stang Dahl""]"
1064	Occupational Therapist	2	occupational_therapist	author_substring	substring_unique_candidate	Discovery/Science	Academia	"[[""Discovery/Science"",""Academia""]]"	1	1	"[""therapist""]"	[916]	"[[""Discovery/Science"",""Academia""]]"	[916]	Discovery/Science	Academia	therapist	0	0	[]	0	0	"[""substring_requires_transfer_review""]"	Discovery/Science	proposed	high	agrees_with_previous_llm	"[""substring_requires_transfer_review""]"	0	freebase_bhht_author_lookup_v1	lookup_candidate_not_frozen	"[""Catherine Elizabeth Collyer"", ""Elizabeth Upham Davis""]"
1065	Spymaster	2	spymaster	author_exact	exact_unique	Leadership	Military	"[[""Leadership"",""Military""]]"	1	1	"[""spymaster""]"	[1425]	"[[""Leadership"",""Military""]]"	[1425]	Leadership	Military	spymaster	0	0	"[{""level1"":""Leadership"",""level2"":""Military"",""level3"":""spymaster"",""person_count"":7,""example_wikidata_codes"":""Q1557536|Q5055933|Q5234907""}]"	0	0	[]	Leadership	proposed	high	agrees_with_previous_llm	[]	0	freebase_bhht_author_lookup_v1	lookup_candidate_not_frozen	"[""Cecil Aylmer Cameron"", ""Francis Walsingham""]"
1066	Dog trainer	2	dog_trainer	author_substring	substring_unique_candidate	Sports/Games	Sports/Games	"[[""Sports/Games"",""Sports/Games""]]"	1	1	"[""trainer""]"	[277]	"[[""Sports/Games"",""Sports/Games""]]"	[277]	Sports/Games	Sports/Games	trainer	0	0	[]	0	0	"[""substring_requires_transfer_review""]"		needs_review	low	author_candidate_previous_needs_review	"[""substring_requires_transfer_review""]"	0	freebase_bhht_author_lookup_v1	lookup_candidate_not_frozen	"[""Cesar Millan"", ""Luke Rubenfeld""]"
1067	Shepherd	2	shepherd	no_author_rule	no_author_rule			[]	0	0	[]	[]	[]	[]				0	0	[]	0	0	"[""no_author_rule""]"		out_of_scope	high	no_unique_author_l1_candidate	"[""no_author_rule""]"	0	freebase_bhht_author_lookup_v1	lookup_candidate_not_frozen	"[""Charles Alexander Lyon Mundell Laurie"", ""William Charles Bottle""]"
1068	Criminal (Profession) #15	2	criminal_(profession)_#15	author_substring	substring_unique_candidate	Other	Other	"[[""Other"",""Other""]]"	1	1	"[""criminal""]"	[1792]	"[[""Other"",""Other""]]"	[1792]	Other	Other	criminal	0	0	[]	0	0	"[""substring_requires_transfer_review""]"		out_of_scope	high	formal_author_other_previously_out_of_scope	"[""substring_requires_transfer_review""]"	0	freebase_bhht_author_lookup_v1	lookup_candidate_not_frozen	"[""Charles Manson"", ""Ted Bundy""]"
1069	Labor Union Leader	2	labor_union_leader	no_author_rule	no_author_rule			[]	0	0	[]	[]	[]	[]				0	0	[]	0	0	"[""no_author_rule""]"	Leadership	proposed	medium	no_unique_author_l1_candidate	"[""no_author_rule""]"	0	freebase_bhht_author_lookup_v1	lookup_candidate_not_frozen	"[""Chester F. Duncan"", ""Richard  D, Acton""]"
1070	Semantic Web	2	semantic_web	no_author_rule	no_author_rule			[]	0	0	[]	[]	[]	[]				0	0	[]	0	0	"[""no_author_rule""]"		needs_review	low	no_unique_author_l1_candidate	"[""no_author_rule""]"	0	freebase_bhht_author_lookup_v1	lookup_candidate_not_frozen	"[""Chris Graham (Web Designer)"", ""Ivan Herman""]"
1071	Radio DJ	2	radio_dj	author_substring	substring_unique_candidate	Culture	Culture-periphery	"[[""Culture"",""Culture-periphery""]]"	1	1	"[""_dj_"",""_radio_""]"	[575,579]	"[[""Culture"",""Culture-periphery""]]"	[575,579]	Culture	Culture-periphery	_dj_	0	0	[]	0	0	"[""substring_requires_transfer_review""]"	Culture	proposed	high	agrees_with_previous_llm	"[""substring_requires_transfer_review""]"	0	freebase_bhht_author_lookup_v1	lookup_candidate_not_frozen	"[""Chris Hardwick"", ""Joy Rene Smith""]"
1072	Defense policy analyst	2	defense_policy_analyst	author_substring	substring_unique_candidate	Other	Worker/Business (small)	"[[""Other"",""Worker/Business (small)""]]"	1	1	"[""analyst""]"	[1514]	"[[""Other"",""Worker/Business (small)""]]"	[1514]	Other	Worker/Business (small)	analyst	0	0	[]	0	0	"[""substring_requires_transfer_review""]"	Leadership	proposed	medium	differs_from_previous_llm	"[""substring_requires_transfer_review"",""previous_llm_l1_disagreement""]"	0	freebase_bhht_author_lookup_v1	lookup_candidate_not_frozen	"[""Chris Morris (Novelist)"", ""Janet Morris""]"
1073	Gamekeeper	2	gamekeeper	author_substring	substring_unique_candidate	Sports/Games	Sports/Games	"[[""Sports/Games"",""Sports/Games""]]"	1	1	"[""_game""]"	[12]	"[[""Sports/Games"",""Sports/Games""]]"	[12]	Sports/Games	Sports/Games	_game	0	0	[]	0	0	"[""substring_requires_transfer_review""]"		out_of_scope	high	author_candidate_previous_out_of_scope	"[""substring_requires_transfer_review""]"	0	freebase_bhht_author_lookup_v1	lookup_candidate_not_frozen	"[""Chuck Franco"", ""Jacob Fiennes""]"
1074	News director	2	news_director	no_author_rule	no_author_rule			[]	0	0	[]	[]	[]	[]				0	0	[]	0	0	"[""no_author_rule""]"	Culture	proposed	high	no_unique_author_l1_candidate	"[""no_author_rule""]"	0	freebase_bhht_author_lookup_v1	lookup_candidate_not_frozen	"[""Claire Chazal"", ""Terry McElhatton""]"
1075	Glovemaker	2	glovemaker	no_author_rule	no_author_rule			[]	0	0	[]	[]	[]	[]				0	0	[]	0	0	"[""no_author_rule""]"		out_of_scope	medium	no_unique_author_l1_candidate	"[""no_author_rule""]"	0	freebase_bhht_author_lookup_v1	lookup_candidate_not_frozen	"[""Cornelia James"", ""John Shakespeare""]"
1076	Fashion entrepreneur	2	fashion_entrepreneur	author_substring	substring_unique_candidate	Leadership	Corporate/Executive/Business (large)	"[[""Leadership"",""Corporate/Executive/Business (large)""]]"	1	1	"[""entrepreneur""]"	[1222]	"[[""Leadership"",""Corporate/Executive/Business (large)""]]"	[1222]	Leadership	Corporate/Executive/Business (large)	entrepreneur	0	0	[]	0	0	"[""substring_requires_transfer_review""]"	Leadership	proposed	high	agrees_with_previous_llm	"[""substring_requires_transfer_review""]"	0	freebase_bhht_author_lookup_v1	lookup_candidate_not_frozen	"[""Cristiano Ronaldo"", ""Randy Hubbard Parker""]"
1077	Software Tester	2	software_tester	no_author_rule	no_author_rule			[]	0	0	[]	[]	[]	[]				0	0	[]	0	0	"[""no_author_rule""]"	Discovery/Science	proposed	high	no_unique_author_l1_candidate	"[""no_author_rule""]"	0	freebase_bhht_author_lookup_v1	lookup_candidate_not_frozen	"[""Cynthia Armistead"", ""Özer Kavak""]"
1078	Conservation	2	conservation	no_author_rule	no_author_rule			[]	0	0	[]	[]	[]	[]				0	0	[]	0	0	"[""no_author_rule""]"		needs_review	low	no_unique_author_l1_candidate	"[""no_author_rule""]"	0	freebase_bhht_author_lookup_v1	lookup_candidate_not_frozen	"[""Cyril Diver"", ""Mualla Eyüboğlu""]"
1079	Bushranger	2	bushranger	author_exact	exact_unique	Other	Other	"[[""Other"",""Other""]]"	1	1	"[""bushranger_""]"	[1780]	"[[""Other"",""Other""]]"	[1780]	Other	Other	bushranger_	0	0	"[{""level1"":""Other"",""level2"":""Other"",""level3"":""bushranger"",""person_count"":23,""example_wikidata_codes"":""Q12858646|Q12858648|Q12858650""}]"	0	0	[]		out_of_scope	high	formal_author_other_previously_out_of_scope	[]	0	freebase_bhht_author_lookup_v1	lookup_candidate_not_frozen	"[""Dan Kelly (Bushranger)"", ""Ned Kelly""]"
1080	Managing Director	2	managing_director	no_author_rule	no_author_rule			[]	0	0	[]	[]	[]	[]				0	0	[]	0	0	"[""no_author_rule""]"	Leadership	proposed	high	no_unique_author_l1_candidate	"[""no_author_rule""]"	0	freebase_bhht_author_lookup_v1	lookup_candidate_not_frozen	"[""Dan Siroker (m/0130fb82)"", ""Matthew Woodward""]"
1081	Executive Management	2	executive_management	author_substring	substring_unique_candidate	Leadership	Corporate/Executive/Business (large)	"[[""Leadership"",""Corporate/Executive/Business (large)""]]"	1	1	"[""executive"",""management""]"	[1223,1233]	"[[""Leadership"",""Corporate/Executive/Business (large)""]]"	[1223,1233]	Leadership	Corporate/Executive/Business (large)	executive	0	0	[]	0	0	"[""substring_requires_transfer_review""]"		needs_review	low	author_candidate_previous_needs_review	"[""substring_requires_transfer_review""]"	0	freebase_bhht_author_lookup_v1	lookup_candidate_not_frozen	"[""Dan Topping, Jr."", ""Sergey Brin""]"
1082	Emergency medical technician	2	emergency_medical_technician	author_substring	substring_cross_l1_conflict			"[[""Discovery/Science"",""Academia""],[""Other"",""Worker/Business (small)""]]"	2	2	"[""medical"",""technician""]"	[812,1698]	"[[""Discovery/Science"",""Academia""],[""Other"",""Worker/Business (small)""]]"	[812,1698]	Discovery/Science	Academia	medical	0	0	[]	0	0	"[""substring_requires_transfer_review"",""multiple_author_l1_candidates""]"	Discovery/Science	proposed	high	no_unique_author_l1_candidate	"[""substring_requires_transfer_review"",""multiple_author_l1_candidates""]"	0	freebase_bhht_author_lookup_v1	lookup_candidate_not_frozen	"[""Danuta Siedzikówna"", ""Patricia Seagal""]"
1083	Political campaigner	2	political_campaigner	author_substring	substring_unique_candidate	Leadership	Politics	"[[""Leadership"",""Politics""]]"	1	1	"[""campaign"",""political""]"	[948,1013]	"[[""Leadership"",""Politics""]]"	[948,1013]	Leadership	Politics	campaign	0	0	[]	0	0	"[""substring_requires_transfer_review""]"	Leadership	proposed	high	agrees_with_previous_llm	"[""substring_requires_transfer_review""]"	0	freebase_bhht_author_lookup_v1	lookup_candidate_not_frozen	"[""Dario Fo"", ""Ted Bundy""]"
1084	Shop Owner	2	shop_owner	no_author_rule	no_author_rule			[]	0	0	[]	[]	[]	[]				0	0	[]	0	0	"[""no_author_rule""]"		out_of_scope	medium	no_unique_author_l1_candidate	"[""no_author_rule""]"	0	freebase_bhht_author_lookup_v1	lookup_candidate_not_frozen	"[""David Jacob Eisenhower"", ""Mary Clyde (Deceased Person)""]"
1085	Environmental health officer	2	environmental_health_officer	author_substring	substring_unique_candidate	Leadership	Military	"[[""Leadership"",""Military""]]"	1	1	"[""officer_""]"	[1412]	"[[""Leadership"",""Military""]]"	[1412]	Leadership	Military	officer_	0	0	[]	0	0	"[""substring_requires_transfer_review""]"	Discovery/Science	proposed	high	differs_from_previous_llm	"[""substring_requires_transfer_review"",""previous_llm_l1_disagreement""]"	0	freebase_bhht_author_lookup_v1	lookup_candidate_not_frozen	"[""Denise Williams (Person)"", ""Paul Williams (Person) #16""]"
1086	Television executive producer	2	television_executive_producer	author_substring	substring_cross_l1_conflict			"[[""Culture"",""Culture-core""],[""Culture"",""Culture-periphery""],[""Leadership"",""Corporate/Executive/Business (large)""]]"	2	3	"[""producer"",""television"",""executive""]"	[506,655,1223]	"[[""Culture"",""Culture-core""],[""Culture"",""Culture-periphery""],[""Leadership"",""Corporate/Executive/Business (large)""]]"	[506,655,1223]	Culture	Culture-core	producer	0	0	[]	0	0	"[""substring_requires_transfer_review"",""multiple_author_l1_candidates""]"	Culture	proposed	high	no_unique_author_l1_candidate	"[""substring_requires_transfer_review"",""multiple_author_l1_candidates""]"	0	freebase_bhht_author_lookup_v1	lookup_candidate_not_frozen	"[""Dick Ebersol"", ""Jimmy Osmond""]"
1087	Fetish model	2	fetish_model	author_substring	substring_unique_candidate	Culture	Culture-periphery	"[[""Culture"",""Culture-periphery""]]"	1	1	"[""_model_""]"	[577]	"[[""Culture"",""Culture-periphery""]]"	[577]	Culture	Culture-periphery	_model_	0	0	[]	0	0	"[""substring_requires_transfer_review""]"	Culture	proposed	medium	agrees_with_previous_llm	"[""substring_requires_transfer_review""]"	0	freebase_bhht_author_lookup_v1	lookup_candidate_not_frozen	"[""Dita Von Teese"", ""Linse Kessler""]"
1088	Drag queen	2	drag_queen	author_substring	substring_unique_candidate	Leadership	Nobility	"[[""Leadership"",""Nobility""]]"	1	1	"[""_queen_""]"	[1122]	"[[""Leadership"",""Nobility""]]"	[1122]	Leadership	Nobility	_queen_	0	0	[]	0	0	"[""substring_requires_transfer_review""]"	Culture	proposed	high	differs_from_previous_llm	"[""substring_requires_transfer_review"",""previous_llm_l1_disagreement""]"	0	freebase_bhht_author_lookup_v1	lookup_candidate_not_frozen	"[""Divine"", ""James St. James""]"
1089	Acrobatics	2	acrobatics	no_author_rule	no_author_rule			[]	0	0	[]	[]	[]	[]				0	0	[]	0	0	"[""no_author_rule""]"		out_of_scope	high	no_unique_author_l1_candidate	"[""no_author_rule""]"	0	freebase_bhht_author_lookup_v1	lookup_candidate_not_frozen	"[""Dixie Ross"", ""Guillaume Lemay-Thivierge""]"
1090	Contortionist	2	contortionist	author_exact	exact_unique	Culture	Culture-core	"[[""Culture"",""Culture-core""]]"	1	1	"[""contortionist""]"	[402]	"[[""Culture"",""Culture-core""]]"	[402]	Culture	Culture-core	contortionist	0	0	"[{""level1"":""Culture"",""level2"":""Culture-core"",""level3"":""contortionist"",""person_count"":5,""example_wikidata_codes"":""Q16226548|Q23887613|Q4721315""}]"	0	0	[]	Culture	proposed	medium	agrees_with_previous_llm	[]	0	freebase_bhht_author_lookup_v1	lookup_candidate_not_frozen	"[""Dixie Ross"", ""Ignatius Jones""]"
1091	American Football Official	2	american_football_official	author_substring	substring_unique_candidate	Sports/Games	Sports/Games	"[[""Sports/Games"",""Sports/Games""]]"	1	1	"[""football""]"	[101]	"[[""Sports/Games"",""Sports/Games""]]"	[101]	Sports/Games	Sports/Games	football	0	0	[]	0	0	"[""substring_requires_transfer_review""]"	Sports/Games	proposed	high	agrees_with_previous_llm	"[""substring_requires_transfer_review""]"	0	freebase_bhht_author_lookup_v1	lookup_candidate_not_frozen	"[""Don Carey (American Football Official)"", ""Mike Carey (Referee)""]"
1092	Puppet Designer	2	puppet_designer	author_substring	substring_unique_candidate	Culture	Culture-periphery	"[[""Culture"",""Culture-periphery""]]"	1	1	"[""designer""]"	[606]	"[[""Culture"",""Culture-periphery""]]"	[606]	Culture	Culture-periphery	designer	0	0	[]	0	0	"[""substring_requires_transfer_review""]"	Culture	proposed	high	agrees_with_previous_llm	"[""substring_requires_transfer_review""]"	0	freebase_bhht_author_lookup_v1	lookup_candidate_not_frozen	"[""Don Sahlin"", ""Norman Hetherington""]"
1093	English Professor	2	english_professor	author_substring	substring_unique_candidate	Discovery/Science	Academia	"[[""Discovery/Science"",""Academia""]]"	1	1	"[""professor""]"	[878]	"[[""Discovery/Science"",""Academia""]]"	[878]	Discovery/Science	Academia	professor	0	0	[]	0	0	"[""substring_requires_transfer_review""]"	Discovery/Science	proposed	medium	agrees_with_previous_llm	"[""substring_requires_transfer_review""]"	0	freebase_bhht_author_lookup_v1	lookup_candidate_not_frozen	"[""Donald S. Cheney"", ""Sheila Cabase""]"
1094	Fireman	2	fireman	author_exact	exact_unique	Other	Worker/Business (small)	"[[""Other"",""Worker/Business (small)""]]"	1	1	"[""fireman_""]"	[1592]	"[[""Other"",""Worker/Business (small)""]]"	[1592]	Other	Worker/Business (small)	fireman_	0	0	"[{""level1"":""Other"",""level2"":""Worker/Business (small)"",""level3"":""fireman"",""person_count"":10,""example_wikidata_codes"":""Q15995963|Q22935783|Q5234737""}]"	0	0	[]		needs_review	low	author_candidate_previous_needs_review	[]	0	freebase_bhht_author_lookup_v1	lookup_candidate_not_frozen	"[""Dorsey Wiles Huckabee"", ""Roy Emerton""]"
1095	Graphic Novelist	2	graphic_novelist	author_substring	substring_unique_candidate	Culture	Culture-core	"[[""Culture"",""Culture-core""]]"	1	1	"[""novelist""]"	[474]	"[[""Culture"",""Culture-core""]]"	[474]	Culture	Culture-core	novelist	0	0	[]	0	0	"[""substring_requires_transfer_review""]"	Culture	proposed	high	agrees_with_previous_llm	"[""substring_requires_transfer_review""]"	0	freebase_bhht_author_lookup_v1	lookup_candidate_not_frozen	"[""Douglas Rushkoff"", ""Neil Gaiman""]"
1096	Co-founder and Business Executive	2	co-founder_and_business_executive	author_substring	substring_unique_candidate	Leadership	Corporate/Executive/Business (large)	"[[""Leadership"",""Corporate/Executive/Business (large)""]]"	1	1	"[""business"",""executive""]"	[1218,1223]	"[[""Leadership"",""Corporate/Executive/Business (large)""]]"	[1218,1223]	Leadership	Corporate/Executive/Business (large)	business	0	0	[]	0	0	"[""substring_requires_transfer_review""]"	Leadership	proposed	medium	agrees_with_previous_llm	"[""substring_requires_transfer_review""]"	0	freebase_bhht_author_lookup_v1	lookup_candidate_not_frozen	"[""Drew Harden"", ""Harry Marvin""]"
1097	Prelate	2	prelate	author_exact	exact_unique	Leadership	Religious	"[[""Leadership"",""Religious""]]"	1	1	"[""prelate""]"	[1344]	"[[""Leadership"",""Religious""]]"	[1344]	Leadership	Religious	prelate	0	0	"[{""level1"":""Leadership"",""level2"":""Religious"",""level3"":""prelate"",""person_count"":3901,""example_wikidata_codes"":""Q101454|Q102403|Q10277635""}]"	0	0	[]	Leadership	proposed	high	agrees_with_previous_llm	[]	0	freebase_bhht_author_lookup_v1	lookup_candidate_not_frozen	"[""Dudley Cary-Elwes"", ""Robert Leighton""]"
1098	Dental hygienist	2	dental_hygienist	no_author_rule	no_author_rule			[]	0	0	[]	[]	[]	[]				0	0	[]	0	0	"[""no_author_rule""]"	Discovery/Science	proposed	high	no_unique_author_l1_candidate	"[""no_author_rule""]"	0	freebase_bhht_author_lookup_v1	lookup_candidate_not_frozen	"[""Dusty Dawn Bowman"", ""Lauren M. Weimar Tornetta""]"
1099	Paranormal Investigator	2	paranormal_investigator	author_substring	substring_unique_candidate	Other	Worker/Business (small)	"[[""Other"",""Worker/Business (small)""]]"	1	1	"[""_investigator""]"	[1467]	"[[""Other"",""Worker/Business (small)""]]"	[1467]	Other	Worker/Business (small)	_investigator	0	0	[]	0	0	"[""substring_requires_transfer_review""]"		needs_review	low	author_candidate_previous_needs_review	"[""substring_requires_transfer_review""]"	0	freebase_bhht_author_lookup_v1	lookup_candidate_not_frozen	"[""Ed Warren"", ""Lorraine Warren""]"
1100	Civil Rights Leader	2	civil_rights_leader	author_substring	substring_unique_candidate	Leadership	Politics	"[[""Leadership"",""Politics""]]"	1	1	"[""civil_rights""]"	[952]	"[[""Leadership"",""Politics""]]"	[952]	Leadership	Politics	civil_rights	0	0	[]	0	0	"[""substring_requires_transfer_review""]"	Leadership	proposed	high	agrees_with_previous_llm	"[""substring_requires_transfer_review""]"	0	freebase_bhht_author_lookup_v1	lookup_candidate_not_frozen	"[""Edgar Nixon"", ""James Forman""]"
1101	Kapellmeister	2	kapellmeister	author_exact	exact_unique	Leadership	Religious	"[[""Leadership"",""Religious""]]"	1	1	"[""kapellmeister""]"	[1323]	"[[""Leadership"",""Religious""]]"	[1323]	Leadership	Religious	kapellmeister	0	0	"[{""level1"":""Leadership"",""level2"":""Religious"",""level3"":""kapellmeister"",""person_count"":48,""example_wikidata_codes"":""Q11934934|Q1304665|Q1306512""}]"	0	0	[]		needs_review	low	author_candidate_previous_needs_review	[]	0	freebase_bhht_author_lookup_v1	lookup_candidate_not_frozen	"[""Egon Kjerrman"", ""Monica Dominique""]"
1102	Theater Actress	2	theater_actress	author_substring	substring_unique_candidate	Culture	Culture-core	"[[""Culture"",""Culture-core""]]"	1	1	"[""actress"",""theater""]"	[345,549]	"[[""Culture"",""Culture-core""]]"	[345,549]	Culture	Culture-core	actress	0	0	[]	0	0	"[""substring_requires_transfer_review""]"	Culture	proposed	medium	agrees_with_previous_llm	"[""substring_requires_transfer_review""]"	0	freebase_bhht_author_lookup_v1	lookup_candidate_not_frozen	"[""Eliza Poe"", ""Florette Hillier""]"
1103	Charwoman	2	charwoman	no_author_rule	no_author_rule			[]	0	0	[]	[]	[]	[]				0	0	[]	0	0	"[""no_author_rule""]"		out_of_scope	high	no_unique_author_l1_candidate	"[""no_author_rule""]"	0	freebase_bhht_author_lookup_v1	lookup_candidate_not_frozen	"[""Ellen Maria Burchell"", ""Olwen Jones""]"
1104	Materials Scientist	2	materials_scientist	author_substring	substring_unique_candidate	Discovery/Science	Academia	"[[""Discovery/Science"",""Academia""]]"	1	1	"[""scientist""]"	[894]	"[[""Discovery/Science"",""Academia""]]"	[894]	Discovery/Science	Academia	scientist	0	0	[]	0	0	"[""substring_requires_transfer_review""]"	Discovery/Science	proposed	high	agrees_with_previous_llm	"[""substring_requires_transfer_review""]"	0	freebase_bhht_author_lookup_v1	lookup_candidate_not_frozen	"[""Erik Winfree"", ""Steve Acquah""]"
1105	Enzymologist	2	enzymologist	no_author_rule	no_author_rule			[]	0	0	[]	[]	[]	[]				0	0	[]	0	0	"[""no_author_rule""]"	Discovery/Science	proposed	medium	no_unique_author_l1_candidate	"[""no_author_rule""]"	0	freebase_bhht_author_lookup_v1	lookup_candidate_not_frozen	"[""Ernest Sym"", ""Jacques Monod""]"
1106	Zookeeper	2	zookeeper	author_exact	exact_unique	Other	Worker/Business (small)	"[[""Other"",""Worker/Business (small)""]]"	1	1	"[""zookeeper""]"	[1718]	"[[""Other"",""Worker/Business (small)""]]"	[1718]	Other	Worker/Business (small)	zookeeper	0	0	"[{""level1"":""Other"",""level2"":""Worker/Business (small)"",""level3"":""zookeeper"",""person_count"":22,""example_wikidata_codes"":""Q1291970|Q1555825|Q1577147""}]"	0	0	[]		out_of_scope	high	formal_author_other_previously_out_of_scope	[]	0	freebase_bhht_author_lookup_v1	lookup_candidate_not_frozen	"[""Erwin Strittmatter"", ""Gerald Durrell""]"
1107	Network executive	2	network_executive	author_substring	substring_unique_candidate	Leadership	Corporate/Executive/Business (large)	"[[""Leadership"",""Corporate/Executive/Business (large)""]]"	1	1	"[""executive""]"	[1223]	"[[""Leadership"",""Corporate/Executive/Business (large)""]]"	[1223]	Leadership	Corporate/Executive/Business (large)	executive	0	0	[]	0	0	"[""substring_requires_transfer_review""]"	Leadership	proposed	high	agrees_with_previous_llm	"[""substring_requires_transfer_review""]"	0	freebase_bhht_author_lookup_v1	lookup_candidate_not_frozen	"[""Eugene Pleshette"", ""Ted Harbert""]"
1108	Shop assistant	2	shop_assistant	no_author_rule	no_author_rule			[]	0	0	[]	[]	[]	[]				0	0	[]	0	0	"[""no_author_rule""]"		out_of_scope	medium	no_unique_author_l1_candidate	"[""no_author_rule""]"	0	freebase_bhht_author_lookup_v1	lookup_candidate_not_frozen	"[""Eva Braun"", ""Stella Stoppelman""]"
1109	Guest speaker	2	guest_speaker	no_author_rule	no_author_rule			[]	0	0	[]	[]	[]	[]				0	0	[]	0	0	"[""no_author_rule""]"		needs_review	low	no_unique_author_l1_candidate	"[""no_author_rule""]"	0	freebase_bhht_author_lookup_v1	lookup_candidate_not_frozen	"[""Eva Schloss"", ""Hannah Pik-Goslar""]"
1110	Child singer	2	child_singer	author_substring	substring_cross_l1_conflict			"[[""Culture"",""Culture-core""],[""Other"",""Family""]]"	2	2	"[""singer"",""child_""]"	[529,1727]	"[[""Culture"",""Culture-core""],[""Other"",""Family""]]"	[529,1727]	Culture	Culture-core	singer	0	0	[]	0	0	"[""substring_requires_transfer_review"",""multiple_author_l1_candidates""]"	Culture	proposed	high	no_unique_author_l1_candidate	"[""substring_requires_transfer_review"",""multiple_author_l1_candidates""]"	0	freebase_bhht_author_lookup_v1	lookup_candidate_not_frozen	"[""Famie Kaufman"", ""Sarthak Kalyani""]"
1111	Bibliographer	2	bibliographer	author_exact	exact_unique	Culture	Culture-core	"[[""Culture"",""Culture-core""]]"	1	1	"[""bibliographer""]"	[365]	"[[""Culture"",""Culture-core""]]"	[365]	Culture	Culture-core	bibliographer	0	0	"[{""level1"":""Culture"",""level2"":""Culture-core"",""level3"":""bibliographer"",""person_count"":152,""example_wikidata_codes"":""Q10310867|Q1058991|Q1082317""}]"	0	0	[]		needs_review	low	author_candidate_previous_needs_review	[]	0	freebase_bhht_author_lookup_v1	lookup_candidate_not_frozen	"[""Ferdinand Columbus"", ""Nathan Zalmanovich Strugatsky""]"
1112	Dialogue Editor	2	dialogue_editor	author_substring	substring_unique_candidate	Culture	Culture-periphery	"[[""Culture"",""Culture-periphery""]]"	1	1	"[""editor""]"	[612]	"[[""Culture"",""Culture-periphery""]]"	[612]	Culture	Culture-periphery	editor	0	0	[]	0	0	"[""substring_requires_transfer_review""]"	Culture	proposed	high	agrees_with_previous_llm	"[""substring_requires_transfer_review""]"	0	freebase_bhht_author_lookup_v1	lookup_candidate_not_frozen	"[""Fiamma Maglione"", ""Kira Roessler""]"
1113	Friar	2	friar	author_exact	exact_unique	Leadership	Religious	"[[""Leadership"",""Religious""]]"	1	1	"[""_friar_""]"	[1256]	"[[""Leadership"",""Religious""]]"	[1256]	Leadership	Religious	_friar_	0	0	"[{""level1"":""Leadership"",""level2"":""Religious"",""level3"":""friar"",""person_count"":192,""example_wikidata_codes"":""Q1019464|Q10279133|Q10284772""}]"	0	0	[]	Leadership	proposed	high	agrees_with_previous_llm	[]	0	freebase_bhht_author_lookup_v1	lookup_candidate_not_frozen	"[""Filippino Lippi"", ""Francis of Assisi""]"
1114	Government agent	2	government_agent	author_substring	substring_unique_candidate	Leadership	Politics	"[[""Leadership"",""Politics""]]"	1	1	"[""government""]"	[982]	"[[""Leadership"",""Politics""]]"	[982]	Leadership	Politics	government	0	0	[]	0	0	"[""substring_requires_transfer_review""]"		needs_review	low	author_candidate_previous_needs_review	"[""substring_requires_transfer_review""]"	0	freebase_bhht_author_lookup_v1	lookup_candidate_not_frozen	"[""Floyd Eaton Chalkley"", ""G. Gordon Liddy""]"
1115	Civil law notary	2	civil_law_notary	author_substring	substring_unique_candidate	Leadership	Administration/Law	"[[""Leadership"",""Administration/Law""]]"	1	1	"[""_law_"",""notary""]"	[1052,1088]	"[[""Leadership"",""Administration/Law""]]"	[1052,1088]	Leadership	Administration/Law	_law_	0	0	[]	0	0	"[""substring_requires_transfer_review""]"	Leadership	proposed	high	agrees_with_previous_llm	"[""substring_requires_transfer_review""]"	0	freebase_bhht_author_lookup_v1	lookup_candidate_not_frozen	"[""Francesc de Paula Espriu i Torres"", ""Ioana Băsescu""]"
1116	Script supervisor	2	script_supervisor	author_substring	substring_unique_candidate	Culture	Culture-core	"[[""Culture"",""Culture-core""]]"	1	1	"[""_script_""]"	[332]	"[[""Culture"",""Culture-core""]]"	[332]	Culture	Culture-core	_script_	0	0	[]	0	0	"[""substring_requires_transfer_review""]"	Culture	proposed	high	agrees_with_previous_llm	"[""substring_requires_transfer_review""]"	0	freebase_bhht_author_lookup_v1	lookup_candidate_not_frozen	"[""Francisco Pinhão Botelho"", ""Lucie Lichtig""]"
1117	Airman	2	airman	author_exact	exact_unique	Leadership	Military	"[[""Leadership"",""Military""]]"	1	1	"[""_airman""]"	[1372]	"[[""Leadership"",""Military""]]"	[1372]	Leadership	Military	_airman	0	0	"[{""level1"":""Leadership"",""level2"":""Military"",""level3"":""airman"",""person_count"":112,""example_wikidata_codes"":""Q10298705|Q11140018|Q1227071""}]"	0	0	[]	Leadership	proposed	medium	agrees_with_previous_llm	[]	0	freebase_bhht_author_lookup_v1	lookup_candidate_not_frozen	"[""Frank Kurtz"", ""Nigel Tangye""]"
1118	TV Art Director	2	tv_art_director	author_substring	substring_unique_candidate	Culture	Culture-core	"[[""Culture"",""Culture-core""]]"	1	1	"[""art_director""]"	[351]	"[[""Culture"",""Culture-core""]]"	[351]	Culture	Culture-core	art_director	0	0	[]	0	0	"[""substring_requires_transfer_review""]"	Culture	proposed	high	agrees_with_previous_llm	"[""substring_requires_transfer_review""]"	0	freebase_bhht_author_lookup_v1	lookup_candidate_not_frozen	"[""Frank White (Production Designer)"", ""Jane Musky""]"
1119	Agricultural Scientist	2	agricultural_scientist	author_substring	substring_unique_candidate	Discovery/Science	Academia	"[[""Discovery/Science"",""Academia""]]"	1	1	"[""scientist""]"	[894]	"[[""Discovery/Science"",""Academia""]]"	[894]	Discovery/Science	Academia	scientist	0	0	[]	0	0	"[""substring_requires_transfer_review""]"	Discovery/Science	proposed	high	agrees_with_previous_llm	"[""substring_requires_transfer_review""]"	0	freebase_bhht_author_lookup_v1	lookup_candidate_not_frozen	"[""Franklin Hiram King"", ""Norman Borlaug""]"
1120	Big-game hunter	2	big-game_hunter	author_substring	substring_unique_candidate	Other	Worker/Business (small)	"[[""Other"",""Worker/Business (small)""]]"	1	1	"[""_hunter""]"	[1465]	"[[""Other"",""Worker/Business (small)""]]"	[1465]	Other	Worker/Business (small)	_hunter	0	0	[]	0	0	"[""substring_requires_transfer_review""]"		out_of_scope	medium	formal_author_other_previously_out_of_scope	"[""substring_requires_transfer_review""]"	0	freebase_bhht_author_lookup_v1	lookup_candidate_not_frozen	"[""Frederick Selous"", ""Patrick Hemingway""]"
1121	Archeologist	2	archeologist	author_exact	exact_unique	Discovery/Science	Academia	"[[""Discovery/Science"",""Academia""]]"	1	1	"[""archeologist""]"	[693]	"[[""Discovery/Science"",""Academia""]]"	[693]	Discovery/Science	Academia	archeologist	0	0	"[{""level1"":""Discovery/Science"",""level2"":""Academia"",""level3"":""archeologist"",""person_count"":7,""example_wikidata_codes"":""Q13092891|Q1786546|Q3131432""}]"	0	0	[]	Discovery/Science	proposed	high	agrees_with_previous_llm	[]	0	freebase_bhht_author_lookup_v1	lookup_candidate_not_frozen	"[""Friedrich von Thiersch"", ""William Henry Goodyear""]"
1122	Telegraphist	2	telegraphist	author_exact	exact_unique	Other	Worker/Business (small)	"[[""Other"",""Worker/Business (small)""]]"	1	1	"[""telegraphist""]"	[1699]	"[[""Other"",""Worker/Business (small)""]]"	[1699]	Other	Worker/Business (small)	telegraphist	0	0	"[{""level1"":""Other"",""level2"":""Worker/Business (small)"",""level3"":""telegraphist"",""person_count"":8,""example_wikidata_codes"":""Q122748|Q3032849|Q3083440""}]"	0	0	[]		out_of_scope	high	formal_author_other_previously_out_of_scope	[]	0	freebase_bhht_author_lookup_v1	lookup_candidate_not_frozen	"[""Gene Autry"", ""Pierre Clémenti""]"
1123	Character Designer	2	character_designer	author_substring	substring_unique_candidate	Culture	Culture-periphery	"[[""Culture"",""Culture-periphery""]]"	1	1	"[""designer""]"	[606]	"[[""Culture"",""Culture-periphery""]]"	[606]	Culture	Culture-periphery	designer	0	0	[]	0	0	"[""substring_requires_transfer_review""]"	Culture	proposed	medium	agrees_with_previous_llm	"[""substring_requires_transfer_review""]"	0	freebase_bhht_author_lookup_v1	lookup_candidate_not_frozen	"[""Gene Barretta"", ""Keita Amemiya""]"
1124	Filibuster	2	filibuster	no_author_rule	no_author_rule			[]	0	0	[]	[]	[]	[]				0	0	[]	0	0	"[""no_author_rule""]"		needs_review	low	no_unique_author_l1_candidate	"[""no_author_rule""]"	0	freebase_bhht_author_lookup_v1	lookup_candidate_not_frozen	"[""George Rogers Clark"", ""William Blount""]"
1125	Parapsychologist	2	parapsychologist	author_substring	substring_unique_candidate	Discovery/Science	Academia	"[[""Discovery/Science"",""Academia""]]"	1	1	"[""psychologist""]"	[883]	"[[""Discovery/Science"",""Academia""]]"	[883]	Discovery/Science	Academia	psychologist	0	0	[]	0	0	"[""substring_requires_transfer_review""]"	Discovery/Science	proposed	high	agrees_with_previous_llm	"[""substring_requires_transfer_review""]"	0	freebase_bhht_author_lookup_v1	lookup_candidate_not_frozen	"[""Gerard Croiset"", ""John Beloff""]"
1126	noblewoman	2	noblewoman	author_substring	substring_unique_candidate	Leadership	Nobility	"[[""Leadership"",""Nobility""]]"	1	1	"[""noble""]"	[1158]	"[[""Leadership"",""Nobility""]]"	[1158]	Leadership	Nobility	noble	0	0	[]	0	0	"[""substring_requires_transfer_review""]"	Leadership	proposed	medium	agrees_with_previous_llm	"[""substring_requires_transfer_review""]"	0	freebase_bhht_author_lookup_v1	lookup_candidate_not_frozen	"[""Gertrud von Hindenburg"", ""Walburga Habsburg Douglas""]"
1127	Digital Marketing Consultant (Profession) #1	2	digital_marketing_consultant_(profession)_#1	author_substring	substring_unique_candidate	Other	Worker/Business (small)	"[[""Other"",""Worker/Business (small)""]]"	1	1	"[""consultant"",""marketing""]"	[1566,1649]	"[[""Other"",""Worker/Business (small)""]]"	[1566,1649]	Other	Worker/Business (small)	consultant	0	0	[]	0	0	"[""substring_requires_transfer_review""]"		needs_review	medium	author_candidate_previous_needs_review	"[""substring_requires_transfer_review""]"	0	freebase_bhht_author_lookup_v1	lookup_candidate_not_frozen	"[""Ghanshyam Shah (m/012zmpg_)"", ""m/012zyjjh""]"
1128	Soubrette	2	soubrette	no_author_rule	no_author_rule			[]	0	0	[]	[]	[]	[]				0	0	[]	0	0	"[""no_author_rule""]"	Culture	proposed	high	no_unique_author_l1_candidate	"[""no_author_rule""]"	0	freebase_bhht_author_lookup_v1	lookup_candidate_not_frozen	"[""Gianna Giuffré"", ""Teresa Rossi Passante""]"
1129	Theatre teacher	2	theatre_teacher	author_substring	substring_cross_l1_conflict			"[[""Culture"",""Culture-core""],[""Discovery/Science"",""Academia""]]"	2	2	"[""theatre"",""teacher_""]"	[550,910]	"[[""Culture"",""Culture-core""],[""Discovery/Science"",""Academia""]]"	[550,910]	Culture	Culture-core	theatre	0	0	[]	0	0	"[""substring_requires_transfer_review"",""multiple_author_l1_candidates""]"		needs_review	low	no_unique_author_l1_candidate	"[""substring_requires_transfer_review"",""multiple_author_l1_candidates""]"	0	freebase_bhht_author_lookup_v1	lookup_candidate_not_frozen	"[""Grant Dodwell"", ""Michael Emerson""]"
1130	Systems Programmer	2	systems_programmer	author_substring	substring_unique_candidate	Discovery/Science	Explorer/Inventor/Developer	"[[""Discovery/Science"",""Explorer/Inventor/Developer""]]"	1	1	"[""programmer""]"	[1202]	"[[""Discovery/Science"",""Explorer/Inventor/Developer""]]"	[1202]	Discovery/Science	Explorer/Inventor/Developer	programmer	0	0	[]	0	0	"[""substring_requires_transfer_review""]"	Discovery/Science	proposed	high	agrees_with_previous_llm	"[""substring_requires_transfer_review""]"	0	freebase_bhht_author_lookup_v1	lookup_candidate_not_frozen	"[""Guido van Rossum"", ""John Bäckstrand""]"
1131	Social Psychologist	2	social_psychologist	author_substring	substring_unique_candidate	Discovery/Science	Academia	"[[""Discovery/Science"",""Academia""]]"	1	1	"[""psychologist""]"	[883]	"[[""Discovery/Science"",""Academia""]]"	[883]	Discovery/Science	Academia	psychologist	0	0	[]	0	0	"[""substring_requires_transfer_review""]"	Discovery/Science	proposed	high	agrees_with_previous_llm	"[""substring_requires_transfer_review""]"	0	freebase_bhht_author_lookup_v1	lookup_candidate_not_frozen	"[""Gustave Le Bon"", ""Jennifer Eberhardt""]"
1132	Ship-owner	2	ship-owner	no_author_rule	no_author_rule			[]	0	0	[]	[]	[]	[]				0	0	[]	0	0	"[""no_author_rule""]"		out_of_scope	medium	no_unique_author_l1_candidate	"[""no_author_rule""]"	0	freebase_bhht_author_lookup_v1	lookup_candidate_not_frozen	"[""Hans Eleonardus Møller"", ""Vane Ivanović""]"
1133	Janitor	2	janitor	author_exact	exact_unique	Other	Worker/Business (small)	"[[""Other"",""Worker/Business (small)""]]"	1	1	"[""janitor""]"	[1630]	"[[""Other"",""Worker/Business (small)""]]"	[1630]	Other	Worker/Business (small)	janitor	0	0	"[{""level1"":""Other"",""level2"":""Worker/Business (small)"",""level3"":""janitor"",""person_count"":5,""example_wikidata_codes"":""Q16078976|Q4933038|Q5004461""}]"	0	0	[]		out_of_scope	high	formal_author_other_previously_out_of_scope	[]	0	freebase_bhht_author_lookup_v1	lookup_candidate_not_frozen	"[""Harold Higgins"", ""Samuel Leventhal (Deceased Person)""]"
1134	Geochemist	2	geochemist	author_substring	substring_unique_candidate	Discovery/Science	Academia	"[[""Discovery/Science"",""Academia""]]"	1	1	"[""chemist""]"	[715]	"[[""Discovery/Science"",""Academia""]]"	[715]	Discovery/Science	Academia	chemist	0	0	[]	0	0	"[""substring_requires_transfer_review""]"	Discovery/Science	proposed	high	agrees_with_previous_llm	"[""substring_requires_transfer_review""]"	0	freebase_bhht_author_lookup_v1	lookup_candidate_not_frozen	"[""Harrison Brown"", ""Vladimir Vernadsky""]"
1135	m/05hmb8k	2	m/05hmb8k	no_author_rule	no_author_rule			[]	0	0	[]	[]	[]	[]				0	0	[]	0	0	"[""no_author_rule""]"		needs_review	low	no_unique_author_l1_candidate	"[""no_author_rule""]"	0	freebase_bhht_author_lookup_v1	lookup_candidate_not_frozen	"[""Harry Blackstone, Jr."", ""Harry Blackstone, Sr.""]"
1136	Florist	2	florist	author_exact	exact_unique	Other	Worker/Business (small)	"[[""Other"",""Worker/Business (small)""]]"	1	1	"[""_florist""]"	[1458]	"[[""Other"",""Worker/Business (small)""]]"	[1458]	Other	Worker/Business (small)	_florist	0	0	"[{""level1"":""Other"",""level2"":""Worker/Business (small)"",""level3"":""florist"",""person_count"":12,""example_wikidata_codes"":""Q19335490|Q19668668|Q219946""}]"	0	0	[]		out_of_scope	high	formal_author_other_previously_out_of_scope	[]	0	freebase_bhht_author_lookup_v1	lookup_candidate_not_frozen	"[""Harry Joe Letterman"", ""Tisha Sterling""]"
1137	Folk Artist	2	folk_artist	author_substring	substring_unique_candidate	Culture	Culture-core	"[[""Culture"",""Culture-core""]]"	1	1	"[""_artist""]"	[304]	"[[""Culture"",""Culture-core""]]"	[304]	Culture	Culture-core	_artist	0	0	[]	0	0	"[""substring_requires_transfer_review""]"	Culture	proposed	high	agrees_with_previous_llm	"[""substring_requires_transfer_review""]"	0	freebase_bhht_author_lookup_v1	lookup_candidate_not_frozen	"[""Haydée Scull"", ""Sahara Scull""]"
1138	Tax advisor	2	tax_advisor	author_substring	substring_unique_candidate	Leadership	Politics	"[[""Leadership"",""Politics""]]"	1	1	"[""advisor""]"	[940]	"[[""Leadership"",""Politics""]]"	[940]	Leadership	Politics	advisor	0	0	[]	0	0	"[""substring_requires_transfer_review""]"		needs_review	low	author_candidate_previous_needs_review	"[""substring_requires_transfer_review""]"	0	freebase_bhht_author_lookup_v1	lookup_candidate_not_frozen	"[""Heather Biggs"", ""Robert Moszkowicz""]"
1139	Orthopaedist	2	orthopaedist	no_author_rule	no_author_rule			[]	0	0	[]	[]	[]	[]				0	0	[]	0	0	"[""no_author_rule""]"	Discovery/Science	proposed	high	no_unique_author_l1_candidate	"[""no_author_rule""]"	0	freebase_bhht_author_lookup_v1	lookup_candidate_not_frozen	"[""Heinz-Horst Deichmann"", ""Werner Bastians""]"
1140	Clerk (Profession) #147	2	clerk_(profession)_#147	author_substring	substring_unique_candidate	Other	Worker/Business (small)	"[[""Other"",""Worker/Business (small)""]]"	1	1	"[""_clerk""]"	[1446]	"[[""Other"",""Worker/Business (small)""]]"	[1446]	Other	Worker/Business (small)	_clerk	0	0	[]	0	0	"[""substring_requires_transfer_review""]"		needs_review	low	author_candidate_previous_needs_review	"[""substring_requires_transfer_review""]"	0	freebase_bhht_author_lookup_v1	lookup_candidate_not_frozen	"[""Henry Fowke Burnaby"", ""Jared Tallent""]"
1141	Tool and die maker	2	tool_and_die_maker	no_author_rule	no_author_rule			[]	0	0	[]	[]	[]	[]				0	0	[]	0	0	"[""no_author_rule""]"		out_of_scope	medium	no_unique_author_l1_candidate	"[""no_author_rule""]"	0	freebase_bhht_author_lookup_v1	lookup_candidate_not_frozen	"[""Henry Maudslay"", ""Joseph Stone""]"
1142	Chartered Surveyor	2	chartered_surveyor	author_substring	substring_unique_candidate	Other	Worker/Business (small)	"[[""Other"",""Worker/Business (small)""]]"	1	1	"[""surveyor""]"	[1694]	"[[""Other"",""Worker/Business (small)""]]"	[1694]	Other	Worker/Business (small)	surveyor	0	0	[]	0	0	"[""substring_requires_transfer_review""]"		needs_review	low	author_candidate_previous_needs_review	"[""substring_requires_transfer_review""]"	0	freebase_bhht_author_lookup_v1	lookup_candidate_not_frozen	"[""Henry Somerset, Marquess of Worcester"", ""Tim Aitchison""]"
1143	Chief mate	2	chief_mate	no_author_rule	no_author_rule			[]	0	0	[]	[]	[]	[]				0	0	[]	0	0	"[""no_author_rule""]"		needs_review	low	no_unique_author_l1_candidate	"[""no_author_rule""]"	0	freebase_bhht_author_lookup_v1	lookup_candidate_not_frozen	"[""Henry Tingle Wilde"", ""William McMaster Murdoch""]"
1144	Architectural historian (Profession) #1	2	architectural_historian_(profession)_#1	author_substring	substring_cross_l1_conflict			"[[""Culture"",""Culture-periphery""],[""Discovery/Science"",""Academia""]]"	2	2	"[""architect"",""historian""]"	[586,783]	"[[""Culture"",""Culture-periphery""],[""Discovery/Science"",""Academia""]]"	[586,783]	Culture	Culture-periphery	architect	0	0	[]	0	0	"[""substring_requires_transfer_review"",""multiple_author_l1_candidates""]"	Discovery/Science	proposed	medium	no_unique_author_l1_candidate	"[""substring_requires_transfer_review"",""multiple_author_l1_candidates""]"	0	freebase_bhht_author_lookup_v1	lookup_candidate_not_frozen	"[""Henry-Russell Hitchcock"", ""Sir Banister Fletcher""]"
1145	Peking opera	2	peking_opera	author_substring	substring_unique_candidate	Culture	Culture-core	"[[""Culture"",""Culture-core""]]"	1	1	"[""_opera_""]"	[326]	"[[""Culture"",""Culture-core""]]"	[326]	Culture	Culture-core	_opera_	0	0	[]	0	0	"[""substring_requires_transfer_review""]"	Culture	proposed	high	agrees_with_previous_llm	"[""substring_requires_transfer_review""]"	0	freebase_bhht_author_lookup_v1	lookup_candidate_not_frozen	"[""Hoi-Yung Shin"", ""Yu Ming Kui""]"
1146	Road manager	2	road_manager	author_substring	substring_unique_candidate	Leadership	Corporate/Executive/Business (large)	"[[""Leadership"",""Corporate/Executive/Business (large)""]]"	1	1	"[""manager""]"	[1234]	"[[""Leadership"",""Corporate/Executive/Business (large)""]]"	[1234]	Leadership	Corporate/Executive/Business (large)	manager	0	0	[]	0	0	"[""substring_requires_transfer_review""]"	Culture	proposed	high	differs_from_previous_llm	"[""substring_requires_transfer_review"",""previous_llm_l1_disagreement""]"	0	freebase_bhht_author_lookup_v1	lookup_candidate_not_frozen	"[""Howard Bellamy"", ""Peter Watts (Audio engineer)""]"
1147	Pilot officer	2	pilot_officer	author_exact	exact_unique	Leadership	Military	"[[""Leadership"",""Military""]]"	1	1	"[""pilot_officer""]"	[1415]	"[[""Leadership"",""Military""]]"	[1412,1415]	Leadership	Military	officer_	0	0	"[{""level1"":""Leadership"",""level2"":""Military"",""level3"":""pilot_officer"",""person_count"":11,""example_wikidata_codes"":""Q1077574|Q18343572|Q18530999""}]"	0	0	[]	Leadership	proposed	medium	agrees_with_previous_llm	[]	0	freebase_bhht_author_lookup_v1	lookup_candidate_not_frozen	"[""Hughie Green"", ""Simon Barrington-Ward""]"
1148	Hermit (Profession)	2	hermit_(profession)	author_substring	substring_unique_candidate	Leadership	Religious	"[[""Leadership"",""Religious""]]"	1	1	"[""hermit""]"	[1314]	"[[""Leadership"",""Religious""]]"	[1314]	Leadership	Religious	hermit	0	0	[]	0	0	"[""substring_requires_transfer_review""]"		out_of_scope	high	author_candidate_previous_out_of_scope	"[""substring_requires_transfer_review""]"	0	freebase_bhht_author_lookup_v1	lookup_candidate_not_frozen	"[""Ignatius of Loyola"", ""Saint Tarsicia of Rodez""]"
1149	Highwayman	2	highwayman	author_exact	exact_unique	Other	Worker/Business (small)	"[[""Other"",""Worker/Business (small)""]]"	1	1	"[""highwayman""]"	[1613]	"[[""Other"",""Worker/Business (small)""]]"	[1613]	Other	Worker/Business (small)	highwayman	0	0	"[{""level1"":""Other"",""level2"":""Worker/Business (small)"",""level3"":""highwayman"",""person_count"":14,""example_wikidata_codes"":""Q16198644|Q18161114|Q18527104""}]"	0	0	[]		out_of_scope	high	formal_author_other_previously_out_of_scope	[]	0	freebase_bhht_author_lookup_v1	lookup_candidate_not_frozen	"[""Impenitent thief"", ""Penitent thief""]"
1150	Naval Architect	2	naval_architect	author_substring	substring_cross_l1_conflict			"[[""Culture"",""Culture-periphery""],[""Leadership"",""Military""]]"	2	2	"[""architect"",""naval_""]"	[586,1409]	"[[""Culture"",""Culture-periphery""],[""Leadership"",""Military""]]"	[586,1409]	Culture	Culture-periphery	architect	0	0	[]	0	0	"[""substring_requires_transfer_review"",""multiple_author_l1_candidates""]"	Discovery/Science	proposed	medium	no_unique_author_l1_candidate	"[""substring_requires_transfer_review"",""multiple_author_l1_candidates""]"	0	freebase_bhht_author_lookup_v1	lookup_candidate_not_frozen	"[""Irina Konstantinova-Bontemps"", ""Joel White""]"
1151	Art History Professor	2	art_history_professor	author_substring	substring_unique_candidate	Discovery/Science	Academia	"[[""Discovery/Science"",""Academia""]]"	1	1	"[""professor""]"	[878]	"[[""Discovery/Science"",""Academia""]]"	[878]	Discovery/Science	Academia	professor	0	0	[]	0	0	"[""substring_requires_transfer_review""]"	Discovery/Science	proposed	high	agrees_with_previous_llm	"[""substring_requires_transfer_review""]"	0	freebase_bhht_author_lookup_v1	lookup_candidate_not_frozen	"[""Iris Hofmeister Cheney"", ""Nina Tumarkin""]"
1152	Optician	2	optician	author_exact	exact_unique	Other	Worker/Business (small)	"[[""Other"",""Worker/Business (small)""]]"	1	1	"[""_optician""]"	[1479]	"[[""Other"",""Worker/Business (small)""]]"	[1479]	Other	Worker/Business (small)	_optician	0	0	"[{""level1"":""Other"",""level2"":""Worker/Business (small)"",""level3"":""optician"",""person_count"":62,""example_wikidata_codes"":""Q105240|Q11291078|Q1293089""}]"	0	0	[]		needs_review	low	author_candidate_previous_needs_review	[]	0	freebase_bhht_author_lookup_v1	lookup_candidate_not_frozen	"[""Jacob Metius"", ""Robin Scott Cicconi""]"
1153	Castellan	2	castellan	author_exact	exact_unique	Leadership	Nobility	"[[""Leadership"",""Nobility""]]"	1	1	"[""castellan""]"	[1128]	"[[""Leadership"",""Nobility""]]"	[1128]	Leadership	Nobility	castellan	0	0	"[{""level1"":""Leadership"",""level2"":""Nobility"",""level3"":""castellan"",""person_count"":8,""example_wikidata_codes"":""Q1376667|Q22256071|Q22256392""}]"	0	0	[]		needs_review	low	author_candidate_previous_needs_review	[]	0	freebase_bhht_author_lookup_v1	lookup_candidate_not_frozen	"[""Jan Boży Krasicki"", ""Karol Aleksander Krasicki""]"
1154	SEO Consultant	2	seo_consultant	author_substring	substring_unique_candidate	Other	Worker/Business (small)	"[[""Other"",""Worker/Business (small)""]]"	1	1	"[""consultant""]"	[1566]	"[[""Other"",""Worker/Business (small)""]]"	[1566]	Other	Worker/Business (small)	consultant	0	0	[]	0	0	"[""substring_requires_transfer_review""]"		needs_review	medium	author_candidate_previous_needs_review	"[""substring_requires_transfer_review""]"	0	freebase_bhht_author_lookup_v1	lookup_candidate_not_frozen	"[""Jason BARNARD"", ""m/012zyjjh""]"
1155	Mental health counselor	2	mental_health_counselor	author_substring	substring_unique_candidate	Other	Worker/Business (small)	"[[""Other"",""Worker/Business (small)""]]"	1	1	"[""counselor""]"	[1571]	"[[""Other"",""Worker/Business (small)""]]"	[1571]	Other	Worker/Business (small)	counselor	0	0	[]	0	0	"[""substring_requires_transfer_review""]"	Discovery/Science	proposed	high	differs_from_previous_llm	"[""substring_requires_transfer_review"",""previous_llm_l1_disagreement""]"	0	freebase_bhht_author_lookup_v1	lookup_candidate_not_frozen	"[""Je'Niece Childress"", ""Kent S. Slayton""]"
1156	Colonel	2	colonel	author_exact	exact_unique	Leadership	Military	"[[""Leadership"",""Military""]]"	1	1	"[""colonel""]"	[1380]	"[[""Leadership"",""Military""]]"	[1380]	Leadership	Military	colonel	0	0	"[{""level1"":""Leadership"",""level2"":""Military"",""level3"":""colonel"",""person_count"":424,""example_wikidata_codes"":""Q101050|Q10800398|Q10829617""}]"	0	0	[]	Leadership	proposed	high	agrees_with_previous_llm	[]	0	freebase_bhht_author_lookup_v1	lookup_candidate_not_frozen	"[""Jean-Marie Ardant"", ""Prince Philip, Duke of Edinburgh""]"
1157	Softball Player	2	softball_player	author_substring	substring_unique_candidate	Sports/Games	Sports/Games	"[[""Sports/Games"",""Sports/Games""]]"	1	1	"[""player"",""softball""]"	[189,251]	"[[""Sports/Games"",""Sports/Games""]]"	[189,251]	Sports/Games	Sports/Games	player	0	0	[]	0	0	"[""substring_requires_transfer_review""]"	Sports/Games	proposed	high	agrees_with_previous_llm	"[""substring_requires_transfer_review""]"	0	freebase_bhht_author_lookup_v1	lookup_candidate_not_frozen	"[""Jennie Finch"", ""Marjorie Lorraine Dickey""]"
1158	Storekeeper	2	storekeeper	author_exact	exact_unique	Other	Worker/Business (small)	"[[""Other"",""Worker/Business (small)""]]"	1	1	"[""storekeeper""]"	[1693]	"[[""Other"",""Worker/Business (small)""]]"	[1693]	Other	Worker/Business (small)	storekeeper	0	0	"[{""level1"":""Other"",""level2"":""Worker/Business (small)"",""level3"":""storekeeper"",""person_count"":12,""example_wikidata_codes"":""Q16030918|Q16043448|Q16065644""}]"	0	0	[]		out_of_scope	high	formal_author_other_previously_out_of_scope	[]	0	freebase_bhht_author_lookup_v1	lookup_candidate_not_frozen	"[""Jesse Ventura"", ""Melvin \""Ted\"" Webb""]"
1159	Broker	2	broker	author_exact	exact_unique	Other	Worker/Business (small)	"[[""Other"",""Worker/Business (small)""]]"	1	1	"[""broker""]"	[1543]	"[[""Other"",""Worker/Business (small)""]]"	[1543]	Other	Worker/Business (small)	broker	0	0	"[{""level1"":""Other"",""level2"":""Worker/Business (small)"",""level3"":""broker"",""person_count"":66,""example_wikidata_codes"":""Q1085137|Q125920|Q1329025""}]"	0	0	[]		needs_review	low	author_candidate_previous_needs_review	[]	0	freebase_bhht_author_lookup_v1	lookup_candidate_not_frozen	"[""Jim Bunning"", ""Michael Pattemore""]"
1160	Bioinformatician	2	bioinformatician	author_exact	exact_unique	Discovery/Science	Academia	"[[""Discovery/Science"",""Academia""]]"	1	1	"[""bioinformatician""]"	[704]	"[[""Discovery/Science"",""Academia""]]"	[704]	Discovery/Science	Academia	bioinformatician	0	0	"[{""level1"":""Discovery/Science"",""level2"":""Academia"",""level3"":""bioinformatician"",""person_count"":100,""example_wikidata_codes"":""Q10937|Q11588|Q11604""}]"	0	0	[]	Discovery/Science	proposed	high	agrees_with_previous_llm	[]	0	freebase_bhht_author_lookup_v1	lookup_candidate_not_frozen	"[""Jim Kent"", ""Stephen Altschul""]"
1161	Special Needs Counsellor	2	special_needs_counsellor	author_substring	substring_unique_candidate	Other	Worker/Business (small)	"[[""Other"",""Worker/Business (small)""]]"	1	1	"[""counsellor""]"	[1570]	"[[""Other"",""Worker/Business (small)""]]"	[1570]	Other	Worker/Business (small)	counsellor	0	0	[]	0	0	"[""substring_requires_transfer_review""]"	Discovery/Science	proposed	high	differs_from_previous_llm	"[""substring_requires_transfer_review"",""previous_llm_l1_disagreement""]"	0	freebase_bhht_author_lookup_v1	lookup_candidate_not_frozen	"[""Jocelyn Hammer"", ""Lucinda Gail Finlayson""]"
1162	Business Owner	2	business_owner	author_substring	substring_unique_candidate	Leadership	Corporate/Executive/Business (large)	"[[""Leadership"",""Corporate/Executive/Business (large)""]]"	1	1	"[""business""]"	[1218]	"[[""Leadership"",""Corporate/Executive/Business (large)""]]"	[1218]	Leadership	Corporate/Executive/Business (large)	business	0	0	[]	0	0	"[""substring_requires_transfer_review""]"	Leadership	proposed	medium	agrees_with_previous_llm	"[""substring_requires_transfer_review""]"	0	freebase_bhht_author_lookup_v1	lookup_candidate_not_frozen	"[""Joel Glenn Wright (Organisation leader) #1"", ""Sherry Pollex""]"
1163	Digital marketing	2	digital_marketing	author_substring	substring_unique_candidate	Other	Worker/Business (small)	"[[""Other"",""Worker/Business (small)""]]"	1	1	"[""marketing""]"	[1649]	"[[""Other"",""Worker/Business (small)""]]"	[1649]	Other	Worker/Business (small)	marketing	0	0	[]	0	0	"[""substring_requires_transfer_review""]"		needs_review	low	author_candidate_previous_needs_review	"[""substring_requires_transfer_review""]"	0	freebase_bhht_author_lookup_v1	lookup_candidate_not_frozen	"[""Joel Glenn Wright (Organisation leader) #1"", ""Melissa Harden""]"
1164	Search Engine Optimization (Industry) #1	2	search_engine_optimization_(industry)_#1	no_author_rule	no_author_rule			[]	0	0	[]	[]	[]	[]				0	0	[]	0	0	"[""no_author_rule""]"		out_of_scope	high	no_unique_author_l1_candidate	"[""no_author_rule""]"	0	freebase_bhht_author_lookup_v1	lookup_candidate_not_frozen	"[""Joel Glenn Wright (Organisation leader) #1"", ""Melissa Harden""]"
1165	Competitive Eater	2	competitive_eater	no_author_rule	no_author_rule			[]	0	0	[]	[]	[]	[]				0	0	[]	0	0	"[""no_author_rule""]"	Sports/Games	proposed	medium	no_unique_author_l1_candidate	"[""no_author_rule""]"	0	freebase_bhht_author_lookup_v1	lookup_candidate_not_frozen	"[""Joey Chestnut"", ""Neslie Ricasa""]"
1166	Java Developer	2	java_developer	author_substring	substring_unique_candidate	Discovery/Science	Explorer/Inventor/Developer	"[[""Discovery/Science"",""Explorer/Inventor/Developer""]]"	1	1	"[""developer""]"	[1184]	"[[""Discovery/Science"",""Explorer/Inventor/Developer""]]"	[1184]	Discovery/Science	Explorer/Inventor/Developer	developer	0	0	[]	0	0	"[""substring_requires_transfer_review""]"	Discovery/Science	proposed	high	agrees_with_previous_llm	"[""substring_requires_transfer_review""]"	0	freebase_bhht_author_lookup_v1	lookup_candidate_not_frozen	"[""John Bäckstrand"", ""Timothy Fisher""]"
1167	Theater Manager	2	theater_manager	author_substring	substring_cross_l1_conflict			"[[""Culture"",""Culture-core""],[""Leadership"",""Corporate/Executive/Business (large)""]]"	2	2	"[""theater"",""manager""]"	[549,1234]	"[[""Culture"",""Culture-core""],[""Leadership"",""Corporate/Executive/Business (large)""]]"	[549,1234]	Culture	Culture-core	theater	0	0	[]	0	0	"[""substring_requires_transfer_review"",""multiple_author_l1_candidates""]"		needs_review	low	no_unique_author_l1_candidate	"[""substring_requires_transfer_review"",""multiple_author_l1_candidates""]"	0	freebase_bhht_author_lookup_v1	lookup_candidate_not_frozen	"[""John Houseman"", ""Maximilian Steiner""]"
1168	Emergency physician	2	emergency_physician	author_substring	substring_unique_candidate	Discovery/Science	Academia	"[[""Discovery/Science"",""Academia""]]"	1	1	"[""physician""]"	[867]	"[[""Discovery/Science"",""Academia""]]"	[867]	Discovery/Science	Academia	physician	0	0	[]	0	0	"[""substring_requires_transfer_review""]"	Discovery/Science	proposed	medium	agrees_with_previous_llm	"[""substring_requires_transfer_review""]"	0	freebase_bhht_author_lookup_v1	lookup_candidate_not_frozen	"[""John Kitzhaber"", ""Skylar Satenstein""]"
1169	Lieutenant colonel	2	lieutenant_colonel	author_substring	substring_unique_candidate	Leadership	Military	"[[""Leadership"",""Military""]]"	1	1	"[""colonel"",""lieutenant""]"	[1380,1402]	"[[""Leadership"",""Military""]]"	[1380,1402]	Leadership	Military	colonel	0	0	[]	0	0	"[""substring_requires_transfer_review""]"	Leadership	proposed	high	agrees_with_previous_llm	"[""substring_requires_transfer_review""]"	0	freebase_bhht_author_lookup_v1	lookup_candidate_not_frozen	"[""John McCrae"", ""William Stewart Walker""]"
1170	Publican	2	publican	no_author_rule	no_author_rule			[]	0	0	[]	[]	[]	[]				0	0	[]	0	0	"[""no_author_rule""]"		needs_review	low	no_unique_author_l1_candidate	"[""no_author_rule""]"	0	freebase_bhht_author_lookup_v1	lookup_candidate_not_frozen	"[""John Ryan (Critic)"", ""W. T. Cosgrave""]"
1171	Admiral	2	admiral	author_exact	exact_unique	Leadership	Military	"[[""Leadership"",""Military""]]"	1	1	"[""admiral""]"	[1368]	"[[""Leadership"",""Military""]]"	[1368]	Leadership	Military	admiral	0	0	"[{""level1"":""Leadership"",""level2"":""Military"",""level3"":""admiral"",""person_count"":648,""example_wikidata_codes"":""Q102314|Q10294702|Q1030879""}]"	0	0	[]	Leadership	proposed	medium	agrees_with_previous_llm	[]	0	freebase_bhht_author_lookup_v1	lookup_candidate_not_frozen	"[""John S. McCain Sr."", ""Vladimir I. Butakov""]"
1172	Vietnam veteran	2	vietnam_veteran	author_substring	substring_unique_candidate	Leadership	Military	"[[""Leadership"",""Military""]]"	1	1	"[""veteran""]"	[1427]	"[[""Leadership"",""Military""]]"	[1427]	Leadership	Military	veteran	0	0	[]	0	0	"[""substring_requires_transfer_review""]"		needs_review	low	author_candidate_previous_needs_review	"[""substring_requires_transfer_review""]"	0	freebase_bhht_author_lookup_v1	lookup_candidate_not_frozen	"[""John Wojtowicz"", ""Robert S. Woods""]"
1173	Aquanaut	2	aquanaut	no_author_rule	no_author_rule			[]	0	0	[]	[]	[]	[]				0	0	[]	0	0	"[""no_author_rule""]"	Discovery/Science	proposed	high	no_unique_author_l1_candidate	"[""no_author_rule""]"	0	freebase_bhht_author_lookup_v1	lookup_candidate_not_frozen	"[""Jon Lindbergh"", ""Sylvia Earle""]"
1174	Used Car Dealer	2	used_car_dealer	no_author_rule	no_author_rule			[]	0	0	[]	[]	[]	[]				0	0	[]	0	0	"[""no_author_rule""]"		needs_review	low	no_unique_author_l1_candidate	"[""no_author_rule""]"	0	freebase_bhht_author_lookup_v1	lookup_candidate_not_frozen	"[""Joseph R. Biden Sr."", ""Richard Shelton (Deceased Person)""]"
1175	Clothing manufacturer	2	clothing_manufacturer	author_substring	substring_unique_candidate	Leadership	Corporate/Executive/Business (large)	"[[""Leadership"",""Corporate/Executive/Business (large)""]]"	1	1	"[""manufacturer""]"	[1235]	"[[""Leadership"",""Corporate/Executive/Business (large)""]]"	[1235]	Leadership	Corporate/Executive/Business (large)	manufacturer	0	0	[]	0	0	"[""substring_requires_transfer_review""]"		needs_review	low	author_candidate_previous_needs_review	"[""substring_requires_transfer_review""]"	0	freebase_bhht_author_lookup_v1	lookup_candidate_not_frozen	"[""Joseph Shatner"", ""Lester Freedman (Deceased Person) #1""]"
1176	Labour leader	2	labour_leader	no_author_rule	no_author_rule			[]	0	0	[]	[]	[]	[]				0	0	[]	0	0	"[""no_author_rule""]"	Leadership	proposed	high	no_unique_author_l1_candidate	"[""no_author_rule""]"	0	freebase_bhht_author_lookup_v1	lookup_candidate_not_frozen	"[""Joseph Yablonski"", ""Moe Foner""]"
1177	Paratrooper	2	paratrooper	author_exact	exact_unique	Leadership	Military	"[[""Leadership"",""Military""]]"	1	1	"[""paratrooper""]"	[1413]	"[[""Leadership"",""Military""]]"	[1413]	Leadership	Military	paratrooper	0	0	"[{""level1"":""Leadership"",""level2"":""Military"",""level3"":""paratrooper"",""person_count"":65,""example_wikidata_codes"":""Q101891|Q116589|Q121466""}]"	0	0	[]	Leadership	proposed	medium	agrees_with_previous_llm	[]	0	freebase_bhht_author_lookup_v1	lookup_candidate_not_frozen	"[""Juarez Roberts"", ""Rudy Diaz (Actor)""]"
1178	Human Rights Lawyer	2	human_rights_lawyer	author_substring	substring_unique_candidate	Leadership	Administration/Law	"[[""Leadership"",""Administration/Law""]]"	1	1	"[""_lawyer""]"	[1053]	"[[""Leadership"",""Administration/Law""]]"	[1053]	Leadership	Administration/Law	_lawyer	0	0	[]	0	0	"[""substring_requires_transfer_review""]"	Leadership	proposed	high	agrees_with_previous_llm	"[""substring_requires_transfer_review""]"	0	freebase_bhht_author_lookup_v1	lookup_candidate_not_frozen	"[""Judith Chomsky"", ""Radhia Nasraoui""]"
1179	Typeface designer	2	typeface_designer	author_substring	substring_unique_candidate	Culture	Culture-periphery	"[[""Culture"",""Culture-periphery""]]"	1	1	"[""designer""]"	[606]	"[[""Culture"",""Culture-periphery""]]"	[606]	Culture	Culture-periphery	designer	0	0	[]	0	0	"[""substring_requires_transfer_review""]"	Culture	proposed	high	agrees_with_previous_llm	"[""substring_requires_transfer_review""]"	0	freebase_bhht_author_lookup_v1	lookup_candidate_not_frozen	"[""Just van Rossum"", ""William Dana Orcutt""]"
1180	Lecturer	2	lecturer	author_exact	exact_unique	Discovery/Science	Academia	"[[""Discovery/Science"",""Academia""]]"	1	1	"[""lecturer""]"	[801]	"[[""Discovery/Science"",""Academia""]]"	[801]	Discovery/Science	Academia	lecturer	0	0	"[{""level1"":""Discovery/Science"",""level2"":""Academia"",""level3"":""lecturer"",""person_count"":320,""example_wikidata_codes"":""Q1030829|Q1086721|Q1111486""}]"	0	0	[]	Discovery/Science	proposed	medium	agrees_with_previous_llm	[]	0	freebase_bhht_author_lookup_v1	lookup_candidate_not_frozen	"[""Kadi Sesay"", ""Vicky Darling""]"
1181	Historian of Philosophy and Religion	2	historian_of_philosophy_and_religion	author_substring	substring_unique_candidate	Discovery/Science	Academia	"[[""Discovery/Science"",""Academia""]]"	1	1	"[""historian"",""philosophy""]"	[783,864]	"[[""Discovery/Science"",""Academia""]]"	[783,864]	Discovery/Science	Academia	historian	0	0	[]	0	0	"[""substring_requires_transfer_review""]"	Discovery/Science	proposed	high	agrees_with_previous_llm	"[""substring_requires_transfer_review""]"	0	freebase_bhht_author_lookup_v1	lookup_candidate_not_frozen	"[""Kamil Sipowicz"", ""Leszek Kołakowski""]"
1182	Petroleum geologist	2	petroleum_geologist	author_substring	substring_unique_candidate	Discovery/Science	Academia	"[[""Discovery/Science"",""Academia""]]"	1	1	"[""geologist""]"	[765]	"[[""Discovery/Science"",""Academia""]]"	[765]	Discovery/Science	Academia	geologist	0	0	[]	0	0	"[""substring_requires_transfer_review""]"	Discovery/Science	proposed	high	agrees_with_previous_llm	"[""substring_requires_transfer_review""]"	0	freebase_bhht_author_lookup_v1	lookup_candidate_not_frozen	"[""Kevin Duncan (Man)"", ""Terry Kramer (Businessperson)""]"
1183	Voice Director	2	voice_director	no_author_rule	no_author_rule			[]	0	0	[]	[]	[]	[]				0	0	[]	0	0	"[""no_author_rule""]"	Culture	proposed	medium	no_unique_author_l1_candidate	"[""no_author_rule""]"	0	freebase_bhht_author_lookup_v1	lookup_candidate_not_frozen	"[""Kris Zimmerman"", ""Sam Riegel""]"
1184	Silversmith	2	silversmith	author_exact	exact_unique	Culture	Culture-core	"[[""Culture"",""Culture-core""]]"	1	1	"[""silversmith""]"	[528]	"[[""Culture"",""Culture-core""]]"	[528]	Culture	Culture-core	silversmith	0	0	"[{""level1"":""Culture"",""level2"":""Culture-core"",""level3"":""silversmith"",""person_count"":161,""example_wikidata_codes"":""Q12053067|Q12981883|Q13560677""}]"	0	0	[]		out_of_scope	high	author_candidate_previous_out_of_scope	[]	0	freebase_bhht_author_lookup_v1	lookup_candidate_not_frozen	"[""Kustaa Sakarinpoika Palmu"", ""Mary R. Koch (Businessperson)""]"
1185	Line producer	2	line_producer	author_substring	substring_unique_candidate	Culture	Culture-core	"[[""Culture"",""Culture-core""]]"	1	1	"[""producer""]"	[506]	"[[""Culture"",""Culture-core""]]"	[506]	Culture	Culture-core	producer	0	0	[]	0	0	"[""substring_requires_transfer_review""]"	Culture	proposed	high	agrees_with_previous_llm	"[""substring_requires_transfer_review""]"	0	freebase_bhht_author_lookup_v1	lookup_candidate_not_frozen	"[""Laura Bailey"", ""Lucio Trentini""]"
1186	Stage management	2	stage_management	author_substring	substring_cross_l1_conflict			"[[""Culture"",""Culture-core""],[""Leadership"",""Corporate/Executive/Business (large)""]]"	2	2	"[""_stage_"",""management""]"	[338,1233]	"[[""Culture"",""Culture-core""],[""Leadership"",""Corporate/Executive/Business (large)""]]"	[338,1233]	Culture	Culture-core	_stage_	0	0	[]	0	0	"[""substring_requires_transfer_review"",""multiple_author_l1_candidates""]"		needs_review	low	no_unique_author_l1_candidate	"[""substring_requires_transfer_review"",""multiple_author_l1_candidates""]"	0	freebase_bhht_author_lookup_v1	lookup_candidate_not_frozen	"[""Lawrence Kasha"", ""Trevor Bentham""]"
1187	Typesetting	2	typesetting	no_author_rule	no_author_rule			[]	0	0	[]	[]	[]	[]				0	0	[]	0	0	"[""no_author_rule""]"		needs_review	low	no_unique_author_l1_candidate	"[""no_author_rule""]"	0	freebase_bhht_author_lookup_v1	lookup_candidate_not_frozen	"[""Leo Alcide Kerouac"", ""Mario-Cezar Popescu""]"
1188	Expert	2	expert	no_author_rule	no_author_rule			[]	0	0	[]	[]	[]	[]				0	0	[]	0	0	"[""no_author_rule""]"		needs_review	low	no_unique_author_l1_candidate	"[""no_author_rule""]"	0	freebase_bhht_author_lookup_v1	lookup_candidate_not_frozen	"[""Letitia Baldrige"", ""Nicolas Belfrage""]"
1189	Online Marketing Strategist	2	online_marketing_strategist	author_substring	substring_unique_candidate	Other	Worker/Business (small)	"[[""Other"",""Worker/Business (small)""]]"	1	1	"[""marketing""]"	[1649]	"[[""Other"",""Worker/Business (small)""]]"	[1649]	Other	Worker/Business (small)	marketing	0	0	[]	0	0	"[""substring_requires_transfer_review""]"		needs_review	low	author_candidate_previous_needs_review	"[""substring_requires_transfer_review""]"	0	freebase_bhht_author_lookup_v1	lookup_candidate_not_frozen	"[""Lijorocky Vadakedath Joseph"", ""m/012zvydj""]"
1190	Broadway Producer	2	broadway_producer	author_substring	substring_unique_candidate	Culture	Culture-core	"[[""Culture"",""Culture-core""]]"	1	1	"[""producer""]"	[506]	"[[""Culture"",""Culture-core""]]"	[506]	Culture	Culture-core	producer	0	0	[]	0	0	"[""substring_requires_transfer_review""]"	Culture	proposed	high	agrees_with_previous_llm	"[""substring_requires_transfer_review""]"	0	freebase_bhht_author_lookup_v1	lookup_candidate_not_frozen	"[""Liska March"", ""Peggy Fears""]"
1191	Caterer	2	caterer	no_author_rule	no_author_rule			[]	0	0	[]	[]	[]	[]				0	0	[]	0	0	"[""no_author_rule""]"		out_of_scope	high	no_unique_author_l1_candidate	"[""no_author_rule""]"	0	freebase_bhht_author_lookup_v1	lookup_candidate_not_frozen	"[""Lyn Peters"", ""Ted Kantrow""]"
1192	Title Designer	2	title_designer	author_substring	substring_unique_candidate	Culture	Culture-periphery	"[[""Culture"",""Culture-periphery""]]"	1	1	"[""designer""]"	[606]	"[[""Culture"",""Culture-periphery""]]"	[606]	Culture	Culture-periphery	designer	0	0	[]	0	0	"[""substring_requires_transfer_review""]"	Culture	proposed	medium	agrees_with_previous_llm	"[""substring_requires_transfer_review""]"	0	freebase_bhht_author_lookup_v1	lookup_candidate_not_frozen	"[""Marcus Ringrose"", ""Pablo Ferro""]"
1193	Cultural Anthropologist	2	cultural_anthropologist	author_substring	substring_unique_candidate	Discovery/Science	Academia	"[[""Discovery/Science"",""Academia""]]"	1	1	"[""anthropologist""]"	[685]	"[[""Discovery/Science"",""Academia""]]"	[685]	Discovery/Science	Academia	anthropologist	0	0	[]	0	0	"[""substring_requires_transfer_review""]"	Discovery/Science	proposed	high	agrees_with_previous_llm	"[""substring_requires_transfer_review""]"	0	freebase_bhht_author_lookup_v1	lookup_candidate_not_frozen	"[""Margaret Mead"", ""Mary Catherine Bateson""]"
1194	Pilgrim Fathers	2	pilgrim_fathers	no_author_rule	no_author_rule			[]	0	0	[]	[]	[]	[]				0	0	[]	0	0	"[""no_author_rule""]"		out_of_scope	high	no_unique_author_l1_candidate	"[""no_author_rule""]"	0	freebase_bhht_author_lookup_v1	lookup_candidate_not_frozen	"[""Mary Brewster"", ""William Brewster""]"
1195	Tour promoter	2	tour_promoter	no_author_rule	no_author_rule			[]	0	0	[]	[]	[]	[]				0	0	[]	0	0	"[""no_author_rule""]"		needs_review	low	no_unique_author_l1_candidate	"[""no_author_rule""]"	0	freebase_bhht_author_lookup_v1	lookup_candidate_not_frozen	"[""Michael Edgley"", ""Michael Lang""]"
1196	Mercenary	2	mercenary	author_exact	exact_unique	Leadership	Military	"[[""Leadership"",""Military""]]"	1	1	"[""mercenary""]"	[1406]	"[[""Leadership"",""Military""]]"	[1406]	Leadership	Military	mercenary	0	0	"[{""level1"":""Leadership"",""level2"":""Military"",""level3"":""mercenary"",""person_count"":103,""example_wikidata_codes"":""Q10285579|Q10307842|Q1063172""}]"	0	0	[]	Leadership	proposed	high	agrees_with_previous_llm	[]	0	freebase_bhht_author_lookup_v1	lookup_candidate_not_frozen	"[""Miguel Treviño Morales"", ""Omar Treviño Morales""]"
1197	Ecommerce Consultant	2	ecommerce_consultant	author_substring	substring_unique_candidate	Other	Worker/Business (small)	"[[""Other"",""Worker/Business (small)""]]"	1	1	"[""consultant""]"	[1566]	"[[""Other"",""Worker/Business (small)""]]"	[1566]	Other	Worker/Business (small)	consultant	0	0	[]	0	0	"[""substring_requires_transfer_review""]"		needs_review	low	author_candidate_previous_needs_review	"[""substring_requires_transfer_review""]"	0	freebase_bhht_author_lookup_v1	lookup_candidate_not_frozen	"[""Natzir Turrado"", ""m/012hsfbl""]"
1198	Theater Arts Educator	2	theater_arts_educator	author_substring	substring_cross_l1_conflict			"[[""Culture"",""Culture-core""],[""Discovery/Science"",""Academia""]]"	2	2	"[""_arts_"",""theater"",""educator""]"	[305,549,738]	"[[""Culture"",""Culture-core""],[""Discovery/Science"",""Academia""]]"	[305,549,738]	Culture	Culture-core	_arts_	0	0	[]	0	0	"[""substring_requires_transfer_review"",""multiple_author_l1_candidates""]"		needs_review	low	no_unique_author_l1_candidate	"[""substring_requires_transfer_review"",""multiple_author_l1_candidates""]"	0	freebase_bhht_author_lookup_v1	lookup_candidate_not_frozen	"[""Naum Kleiman"", ""Stanislav Rostotsky""]"
1199	Senior lieutenant	2	senior_lieutenant	author_substring	substring_unique_candidate	Leadership	Military	"[[""Leadership"",""Military""]]"	1	1	"[""lieutenant""]"	[1402]	"[[""Leadership"",""Military""]]"	[1402]	Leadership	Military	lieutenant	0	0	[]	0	0	"[""substring_requires_transfer_review""]"	Leadership	proposed	high	agrees_with_previous_llm	"[""substring_requires_transfer_review""]"	0	freebase_bhht_author_lookup_v1	lookup_candidate_not_frozen	"[""Naval Officer Butakov Alexander Ivanovich"", ""Pavel Voronov""]"
1200	United States Naval Aviator	2	united_states_naval_aviator	author_substring	substring_unique_candidate	Leadership	Military	"[[""Leadership"",""Military""]]"	1	1	"[""aviator"",""naval_""]"	[1373,1409]	"[[""Leadership"",""Military""]]"	[1373,1409]	Leadership	Military	aviator	0	0	[]	0	0	"[""substring_requires_transfer_review""]"	Leadership	proposed	high	agrees_with_previous_llm	"[""substring_requires_transfer_review""]"	0	freebase_bhht_author_lookup_v1	lookup_candidate_not_frozen	"[""Neil Armstrong"", ""Robert L. Gibson""]"
1201	Independent contractor	2	independent_contractor	no_author_rule	no_author_rule			[]	0	0	[]	[]	[]	[]				0	0	[]	0	0	"[""no_author_rule""]"		out_of_scope	medium	no_unique_author_l1_candidate	"[""no_author_rule""]"	0	freebase_bhht_author_lookup_v1	lookup_candidate_not_frozen	"[""Nick Berg"", ""Omar bin Laden""]"
1202	Pilot trainer	2	pilot_trainer	author_substring	substring_unique_candidate	Sports/Games	Sports/Games	"[[""Sports/Games"",""Sports/Games""]]"	1	1	"[""trainer""]"	[277]	"[[""Sports/Games"",""Sports/Games""]]"	[277]	Sports/Games	Sports/Games	trainer	0	0	[]	0	0	"[""substring_requires_transfer_review""]"	Discovery/Science	proposed	high	differs_from_previous_llm	"[""substring_requires_transfer_review"",""previous_llm_l1_disagreement""]"	0	freebase_bhht_author_lookup_v1	lookup_candidate_not_frozen	"[""Orville Wright"", ""Wilbur Wright""]"
1203	Speech-language pathologist	2	speech-language_pathologist	author_substring	substring_unique_candidate	Discovery/Science	Academia	"[[""Discovery/Science"",""Academia""]]"	1	1	"[""pathologist""]"	[849]	"[[""Discovery/Science"",""Academia""]]"	[849]	Discovery/Science	Academia	pathologist	0	0	[]	0	0	"[""substring_requires_transfer_review""]"	Discovery/Science	proposed	high	agrees_with_previous_llm	"[""substring_requires_transfer_review""]"	0	freebase_bhht_author_lookup_v1	lookup_candidate_not_frozen	"[""Patricia Mae Hewitt"", ""Rebecca Judd""]"
1204	Human Resources Officer	2	human_resources_officer	author_substring	substring_unique_candidate	Leadership	Military	"[[""Leadership"",""Military""]]"	1	1	"[""officer_""]"	[1412]	"[[""Leadership"",""Military""]]"	[1412]	Leadership	Military	officer_	0	0	[]	0	0	"[""substring_requires_transfer_review""]"		needs_review	low	author_candidate_previous_needs_review	"[""substring_requires_transfer_review""]"	0	freebase_bhht_author_lookup_v1	lookup_candidate_not_frozen	"[""Peter Palzis"", ""Samantha Jensen (Person)""]"
1205	Shipwright	2	shipwright	author_exact	exact_unique	Other	Worker/Business (small)	"[[""Other"",""Worker/Business (small)""]]"	1	1	"[""shipwright""]"	[1688]	"[[""Other"",""Worker/Business (small)""]]"	[1688]	Other	Worker/Business (small)	shipwright	0	0	"[{""level1"":""Other"",""level2"":""Worker/Business (small)"",""level3"":""shipwright"",""person_count"":9,""example_wikidata_codes"":""Q19667889|Q246135|Q3376095""}]"	0	0	[]		out_of_scope	high	formal_author_other_previously_out_of_scope	[]	0	freebase_bhht_author_lookup_v1	lookup_candidate_not_frozen	"[""Peter Pett"", ""Phineas Pett""]"
1206	Germanist	2	germanist	author_exact	exact_unique	Discovery/Science	Academia	"[[""Discovery/Science"",""Academia""]]"	1	1	"[""germanist""]"	[768]	"[[""Discovery/Science"",""Academia""]]"	[768]	Discovery/Science	Academia	germanist	0	0	"[{""level1"":""Discovery/Science"",""level2"":""Academia"",""level3"":""germanist"",""person_count"":488,""example_wikidata_codes"":""Q100999|Q1015032|Q1017126""}]"	0	0	[]	Discovery/Science	proposed	high	agrees_with_previous_llm	[]	0	freebase_bhht_author_lookup_v1	lookup_candidate_not_frozen	"[""Philipp Wackernagel"", ""Wilhelm Wackernagel""]"
1207	Lyric poet	2	lyric_poet	author_substring	substring_unique_candidate	Culture	Culture-core	"[[""Culture"",""Culture-core""]]"	1	1	"[""_poet""]"	[329]	"[[""Culture"",""Culture-core""]]"	[329]	Culture	Culture-core	_poet	0	0	[]	0	0	"[""substring_requires_transfer_review""]"	Culture	proposed	medium	agrees_with_previous_llm	"[""substring_requires_transfer_review""]"	0	freebase_bhht_author_lookup_v1	lookup_candidate_not_frozen	"[""Philitas of Cos"", ""Sappho""]"
1208	Notary public	2	notary_public	author_substring	substring_unique_candidate	Leadership	Administration/Law	"[[""Leadership"",""Administration/Law""]]"	1	1	"[""notary""]"	[1088]	"[[""Leadership"",""Administration/Law""]]"	[1088]	Leadership	Administration/Law	notary	0	0	[]	0	0	"[""substring_requires_transfer_review""]"	Leadership	proposed	high	agrees_with_previous_llm	"[""substring_requires_transfer_review""]"	0	freebase_bhht_author_lookup_v1	lookup_candidate_not_frozen	"[""Piero Fruosino di Antonio da Vinci"", ""m/010nw66j""]"
1209	Bassoonist	2	bassoonist	author_exact	exact_unique	Culture	Culture-core	"[[""Culture"",""Culture-core""]]"	1	1	"[""bassoonist""]"	[362]	"[[""Culture"",""Culture-core""]]"	[362]	Culture	Culture-core	bassoonist	0	0	"[{""level1"":""Culture"",""level2"":""Culture-core"",""level3"":""bassoonist"",""person_count"":55,""example_wikidata_codes"":""Q15487037|Q1576201|Q15840109""}]"	0	0	[]	Culture	proposed	high	agrees_with_previous_llm	[]	0	freebase_bhht_author_lookup_v1	lookup_candidate_not_frozen	"[""Pierre Mercure"", ""Sylvia Deutscher""]"
1210	Lepidopterist	2	lepidopterist	author_exact	exact_unique	Discovery/Science	Academia	"[[""Discovery/Science"",""Academia""]]"	1	1	"[""lepidopterist""]"	[802]	"[[""Discovery/Science"",""Academia""]]"	[802]	Discovery/Science	Academia	lepidopterist	0	0	"[{""level1"":""Discovery/Science"",""level2"":""Academia"",""level3"":""lepidopterist"",""person_count"":227,""example_wikidata_codes"":""Q103843|Q104241|Q104248""}]"	0	0	[]	Discovery/Science	proposed	medium	agrees_with_previous_llm	[]	0	freebase_bhht_author_lookup_v1	lookup_candidate_not_frozen	"[""Princess Olga, Duchess of Apulia"", ""Vladimir Vladimirovich Nabokov""]"
1211	Software development	2	software_development	no_author_rule	no_author_rule			[]	0	0	[]	[]	[]	[]				0	0	[]	0	0	"[""no_author_rule""]"		needs_review	low	no_unique_author_l1_candidate	"[""no_author_rule""]"	0	freebase_bhht_author_lookup_v1	lookup_candidate_not_frozen	"[""Rashmi Rathi"", ""Uttam Ujjwal""]"
1212	Financial planner	2	financial_planner	no_author_rule	no_author_rule			[]	0	0	[]	[]	[]	[]				0	0	[]	0	0	"[""no_author_rule""]"		needs_review	low	no_unique_author_l1_candidate	"[""no_author_rule""]"	0	freebase_bhht_author_lookup_v1	lookup_candidate_not_frozen	"[""Richard Luthman"", ""William Poehler""]"
1213	Councillor	2	councillor	author_exact	exact_unique	Leadership	Politics	"[[""Leadership"",""Politics""]]"	1	1	"[""councillor""]"	[960]	"[[""Leadership"",""Politics""]]"	[960]	Leadership	Politics	councillor	0	0	"[{""level1"":""Leadership"",""level2"":""Politics"",""level3"":""councillor"",""person_count"":79,""example_wikidata_codes"":""Q1034102|Q1070088|Q1079656""}]"	0	0	[]	Leadership	proposed	medium	agrees_with_previous_llm	[]	0	freebase_bhht_author_lookup_v1	lookup_candidate_not_frozen	"[""Richard Waldron"", ""Wilhelm Vischer (Organisation member)""]"
1214	Urologist	2	urologist	author_exact	exact_unique	Discovery/Science	Academia	"[[""Discovery/Science"",""Academia""]]"	1	1	"[""urologist""]"	[921]	"[[""Discovery/Science"",""Academia""]]"	[921]	Discovery/Science	Academia	urologist	0	0	"[{""level1"":""Discovery/Science"",""level2"":""Academia"",""level3"":""urologist"",""person_count"":111,""example_wikidata_codes"":""Q107723|Q1079012|Q11667291""}]"	0	0	[]	Discovery/Science	proposed	high	agrees_with_previous_llm	[]	0	freebase_bhht_author_lookup_v1	lookup_candidate_not_frozen	"[""Robert Hepburn"", ""Thomas Hepburn (Physician)""]"
1215	Oil Executive	2	oil_executive	author_substring	substring_unique_candidate	Leadership	Corporate/Executive/Business (large)	"[[""Leadership"",""Corporate/Executive/Business (large)""]]"	1	1	"[""executive""]"	[1223]	"[[""Leadership"",""Corporate/Executive/Business (large)""]]"	[1223]	Leadership	Corporate/Executive/Business (large)	executive	0	0	[]	0	0	"[""substring_requires_transfer_review""]"	Leadership	proposed	high	agrees_with_previous_llm	"[""substring_requires_transfer_review""]"	0	freebase_bhht_author_lookup_v1	lookup_candidate_not_frozen	"[""Robert Kenaston"", ""W. Howard Lee""]"
1216	Demographer	2	demographer	author_exact	exact_unique	Discovery/Science	Academia	"[[""Discovery/Science"",""Academia""]]"	1	1	"[""demographer""]"	[728]	"[[""Discovery/Science"",""Academia""]]"	[728]	Discovery/Science	Academia	demographer	0	0	"[{""level1"":""Discovery/Science"",""level2"":""Academia"",""level3"":""demographer"",""person_count"":43,""example_wikidata_codes"":""Q15440593|Q16089977|Q16145734""}]"	0	0	[]	Discovery/Science	proposed	medium	agrees_with_previous_llm	[]	0	freebase_bhht_author_lookup_v1	lookup_candidate_not_frozen	"[""Robert René Kuczynski"", ""Thomas Robert Malthus""]"
1217	Roboticist	2	roboticist	no_author_rule	no_author_rule			[]	0	0	[]	[]	[]	[]				0	0	[]	0	0	"[""no_author_rule""]"	Discovery/Science	proposed	high	no_unique_author_l1_candidate	"[""no_author_rule""]"	0	freebase_bhht_author_lookup_v1	lookup_candidate_not_frozen	"[""Rodney Brooks"", ""William Grey Walter""]"
1218	Canadian football player	2	canadian_football_player	author_substring	substring_unique_candidate	Sports/Games	Sports/Games	"[[""Sports/Games"",""Sports/Games""]]"	1	1	"[""football"",""player""]"	[101,189]	"[[""Sports/Games"",""Sports/Games""]]"	[101,189]	Sports/Games	Sports/Games	football	0	0	[]	0	0	"[""substring_requires_transfer_review""]"	Sports/Games	proposed	high	agrees_with_previous_llm	"[""substring_requires_transfer_review""]"	0	freebase_bhht_author_lookup_v1	lookup_candidate_not_frozen	"[""Roger Kramer"", ""Roy Jenson""]"
1219	Didgeridooist	2	didgeridooist	no_author_rule	no_author_rule			[]	0	0	[]	[]	[]	[]				0	0	[]	0	0	"[""no_author_rule""]"	Culture	proposed	medium	no_unique_author_l1_candidate	"[""no_author_rule""]"	0	freebase_bhht_author_lookup_v1	lookup_candidate_not_frozen	"[""Rolf Harris"", ""Wycliffe Gordon""]"
1220	Professional Wrestling Promoter	2	professional_wrestling_promoter	author_substring	substring_unique_candidate	Sports/Games	Sports/Games	"[[""Sports/Games"",""Sports/Games""]]"	1	1	"[""wrestling""]"	[299]	"[[""Sports/Games"",""Sports/Games""]]"	[299]	Sports/Games	Sports/Games	wrestling	0	0	[]	0	0	"[""substring_requires_transfer_review""]"	Sports/Games	proposed	medium	agrees_with_previous_llm	"[""substring_requires_transfer_review""]"	0	freebase_bhht_author_lookup_v1	lookup_candidate_not_frozen	"[""Ross Hart"", ""Vince McMahon""]"
1221	Draper	2	draper	author_exact	exact_unique	Other	Worker/Business (small)	"[[""Other"",""Worker/Business (small)""]]"	1	1	"[""_draper_""]"	[1454]	"[[""Other"",""Worker/Business (small)""]]"	[1454]	Other	Worker/Business (small)	_draper_	0	0	"[{""level1"":""Other"",""level2"":""Worker/Business (small)"",""level3"":""draper"",""person_count"":15,""example_wikidata_codes"":""Q16228828|Q20712943|Q3170274""}]"	0	0	[]		out_of_scope	high	formal_author_other_previously_out_of_scope	[]	0	freebase_bhht_author_lookup_v1	lookup_candidate_not_frozen	"[""Rudolf Bischoff-Merian"", ""g/1203n4834""]"
1222	Homeopath	2	homeopath	author_exact	exact_unique	Discovery/Science	Academia	"[[""Discovery/Science"",""Academia""]]"	1	1	"[""homeopath""]"	[786]	"[[""Discovery/Science"",""Academia""]]"	[786]	Discovery/Science	Academia	homeopath	0	0	"[{""level1"":""Discovery/Science"",""level2"":""Academia"",""level3"":""homeopath"",""person_count"":81,""example_wikidata_codes"":""Q103060|Q1115711|Q1387957""}]"	0	0	[]		needs_review	low	author_candidate_previous_needs_review	[]	0	freebase_bhht_author_lookup_v1	lookup_candidate_not_frozen	"[""Samuel Hahnemann"", ""Thomas Roupell Everest""]"
1223	Travel Agent	2	travel_agent	author_exact	exact_unique	Other	Worker/Business (small)	"[[""Other"",""Worker/Business (small)""]]"	1	1	"[""travel_agent""]"	[1704]	"[[""Other"",""Worker/Business (small)""]]"	[1704]	Other	Worker/Business (small)	travel_agent	0	0	"[{""level1"":""Other"",""level2"":""Worker/Business (small)"",""level3"":""travel_agent"",""person_count"":4,""example_wikidata_codes"":""Q24731530|Q38898965|Q6526015""}]"	0	0	[]		out_of_scope	high	formal_author_other_previously_out_of_scope	[]	0	freebase_bhht_author_lookup_v1	lookup_candidate_not_frozen	"[""Sandra Simons (Singer)"", ""Ulrike Elizabeth Pulay""]"
1224	Appraiser	2	appraiser	no_author_rule	no_author_rule			[]	0	0	[]	[]	[]	[]				0	0	[]	0	0	"[""no_author_rule""]"		out_of_scope	high	no_unique_author_l1_candidate	"[""no_author_rule""]"	0	freebase_bhht_author_lookup_v1	lookup_candidate_not_frozen	"[""Silvia Gašparovičová"", ""Tom Norton (Writer)""]"
1225	Window dresser	2	window_dresser	no_author_rule	no_author_rule			[]	0	0	[]	[]	[]	[]				0	0	[]	0	0	"[""no_author_rule""]"	Culture	proposed	medium	no_unique_author_l1_candidate	"[""no_author_rule""]"	0	freebase_bhht_author_lookup_v1	lookup_candidate_not_frozen	"[""Simon Doonan"", ""Victor Hugo (Celebrity)""]"
1226	Editorial Writer	2	editorial_writer	author_substring	substring_same_l1_multiple_l2	Culture		"[[""Culture"",""Culture-core""],[""Culture"",""Culture-periphery""]]"	1	2	"[""_writer"",""editor""]"	[343,612]	"[[""Culture"",""Culture-core""],[""Culture"",""Culture-periphery""]]"	[343,612]	Culture	Culture-core	_writer	0	0	[]	0	0	"[""substring_requires_transfer_review"",""multiple_author_l2_candidates""]"	Culture	proposed	medium	agrees_with_previous_llm	"[""substring_requires_transfer_review"",""multiple_author_l2_candidates""]"	0	freebase_bhht_author_lookup_v1	lookup_candidate_not_frozen	"[""Temple Poteat"", ""Wellington Charles Wales""]"
1227	Cabinet maker	2	cabinet_maker	author_exact	exact_unique	Culture	Culture-core	"[[""Culture"",""Culture-core""]]"	1	1	"[""cabinet_maker""]"	[369]	"[[""Culture"",""Culture-core""]]"	[369]	Culture	Culture-core	cabinet_maker	0	0	"[{""level1"":""Culture"",""level2"":""Culture-core"",""level3"":""cabinet_maker"",""person_count"":6,""example_wikidata_codes"":""Q16199945|Q314278|Q5075010""}]"	0	0	[]		out_of_scope	high	author_candidate_previous_out_of_scope	[]	0	freebase_bhht_author_lookup_v1	lookup_candidate_not_frozen	"[""Thomas Cook"", ""Tommy Pigott""]"
1228	Liaison officer	2	liaison_officer	author_substring	substring_unique_candidate	Leadership	Military	"[[""Leadership"",""Military""]]"	1	1	"[""officer_""]"	[1412]	"[[""Leadership"",""Military""]]"	[1412]	Leadership	Military	officer_	0	0	[]	0	0	"[""substring_requires_transfer_review""]"		needs_review	low	author_candidate_previous_needs_review	"[""substring_requires_transfer_review""]"	0	freebase_bhht_author_lookup_v1	lookup_candidate_not_frozen	"[""Thuthukile Xolile Nomonde Zuma"", ""William Taliaferro Close""]"
1229	Adjunct Professor	2	adjunct_professor	author_substring	substring_unique_candidate	Discovery/Science	Academia	"[[""Discovery/Science"",""Academia""]]"	1	1	"[""professor""]"	[878]	"[[""Discovery/Science"",""Academia""]]"	[878]	Discovery/Science	Academia	professor	0	0	[]	0	0	"[""substring_requires_transfer_review""]"	Discovery/Science	proposed	high	agrees_with_previous_llm	"[""substring_requires_transfer_review""]"	0	freebase_bhht_author_lookup_v1	lookup_candidate_not_frozen	"[""Tony Edward"", ""Yad Bhatti""]"
1230	Driller	2	driller	no_author_rule	no_author_rule			[]	0	0	[]	[]	[]	[]				0	0	[]	0	0	"[""no_author_rule""]"		out_of_scope	high	no_unique_author_l1_candidate	"[""no_author_rule""]"	0	freebase_bhht_author_lookup_v1	lookup_candidate_not_frozen	"[""W H Helmerich III"", ""William Henry Gable""]"
1231	Turntablist	1	turntablist	no_author_rule	no_author_rule			[]	0	0	[]	[]	[]	[]				0	0	[]	0	0	"[""no_author_rule""]"	Culture	proposed	medium	no_unique_author_l1_candidate	"[""no_author_rule""]"	0	freebase_bhht_author_lookup_v1	lookup_candidate_not_frozen	"[""A-Trak""]"
1232	Commissioner of Baseball	1	commissioner_of_baseball	author_substring	substring_cross_l1_conflict			"[[""Leadership"",""Administration/Law""],[""Sports/Games"",""Sports/Games""]]"	2	2	"[""baseball"",""commissioner""]"	[40,1067]	"[[""Leadership"",""Administration/Law""],[""Sports/Games"",""Sports/Games""]]"	[40,1067]	Sports/Games	Sports/Games	baseball	0	0	[]	0	0	"[""substring_requires_transfer_review"",""multiple_author_l1_candidates""]"	Sports/Games	proposed	medium	no_unique_author_l1_candidate	"[""substring_requires_transfer_review"",""multiple_author_l1_candidates""]"	0	freebase_bhht_author_lookup_v1	lookup_candidate_not_frozen	"[""A. Bartlett Giamatti""]"
1233	Payroll (Profession)	1	payroll_(profession)	no_author_rule	no_author_rule			[]	0	0	[]	[]	[]	[]				0	0	[]	0	0	"[""no_author_rule""]"		out_of_scope	high	no_unique_author_l1_candidate	"[""no_author_rule""]"	0	freebase_bhht_author_lookup_v1	lookup_candidate_not_frozen	"[""AIbert Abraham Cauvern""]"
1234	Indologist	1	indologist	author_exact	exact_unique	Discovery/Science	Academia	"[[""Discovery/Science"",""Academia""]]"	1	1	"[""indologist""]"	[793]	"[[""Discovery/Science"",""Academia""]]"	[793]	Discovery/Science	Academia	indologist	0	0	"[{""level1"":""Discovery/Science"",""level2"":""Academia"",""level3"":""indologist"",""person_count"":202,""example_wikidata_codes"":""Q100587|Q101954|Q102541""}]"	0	0	[]	Discovery/Science	proposed	medium	agrees_with_previous_llm	[]	0	freebase_bhht_author_lookup_v1	lookup_candidate_not_frozen	"[""Alain Daniélou""]"
1235	primary school headmaster	1	primary_school_headmaster	author_substring	substring_unique_candidate	Leadership	Corporate/Executive/Business (large)	"[[""Leadership"",""Corporate/Executive/Business (large)""]]"	1	1	"[""headmaster""]"	[1226]	"[[""Leadership"",""Corporate/Executive/Business (large)""]]"	[1226]	Leadership	Corporate/Executive/Business (large)	headmaster	0	0	[]	0	0	"[""substring_requires_transfer_review""]"		needs_review	low	author_candidate_previous_needs_review	"[""substring_requires_transfer_review""]"	0	freebase_bhht_author_lookup_v1	lookup_candidate_not_frozen	"[""Albert Enoch Powell""]"
1236	glass artist	1	glass_artist	author_substring	substring_unique_candidate	Culture	Culture-core	"[[""Culture"",""Culture-core""]]"	1	1	"[""_artist""]"	[304]	"[[""Culture"",""Culture-core""]]"	[304]	Culture	Culture-core	_artist	0	0	[]	0	0	"[""substring_requires_transfer_review""]"	Culture	proposed	high	agrees_with_previous_llm	"[""substring_requires_transfer_review""]"	0	freebase_bhht_author_lookup_v1	lookup_candidate_not_frozen	"[""Aleksandra Yarmolnik""]"
1237	Open source/Internet technologist	1	open_source/internet_technologist	no_author_rule	no_author_rule			[]	0	0	[]	[]	[]	[]				0	0	[]	0	0	"[""no_author_rule""]"	Discovery/Science	proposed	medium	no_unique_author_l1_candidate	"[""no_author_rule""]"	0	freebase_bhht_author_lookup_v1	lookup_candidate_not_frozen	"[""Alex Bayley""]"
1238	Master Quarrier	1	master_quarrier	no_author_rule	no_author_rule			[]	0	0	[]	[]	[]	[]				0	0	[]	0	0	"[""no_author_rule""]"		out_of_scope	high	no_unique_author_l1_candidate	"[""no_author_rule""]"	0	freebase_bhht_author_lookup_v1	lookup_candidate_not_frozen	"[""Alexander Cross (Deceased Person)""]"
1239	Developer	1	developer	author_exact	exact_unique	Discovery/Science	Explorer/Inventor/Developer	"[[""Discovery/Science"",""Explorer/Inventor/Developer""]]"	1	1	"[""developer""]"	[1184]	"[[""Discovery/Science"",""Explorer/Inventor/Developer""]]"	[1184]	Discovery/Science	Explorer/Inventor/Developer	developer	0	0	"[{""level1"":""Discovery/Science"",""level2"":""Explorer/Inventor/Developer"",""level3"":""developer"",""person_count"":158,""example_wikidata_codes"":""Q1086856|Q1173391|Q1423753""}]"	0	0	[]		needs_review	low	author_candidate_previous_needs_review	[]	0	freebase_bhht_author_lookup_v1	lookup_candidate_not_frozen	"[""Alexander L'iravíkmela Giorgisdzé Matcharashvili""]"
1240	Film Photographer	1	film_photographer	author_substring	substring_unique_candidate	Culture	Culture-core	"[[""Culture"",""Culture-core""]]"	1	1	"[""_film_"",""photographer""]"	[320,491]	"[[""Culture"",""Culture-core""]]"	[320,491]	Culture	Culture-core	_film_	0	0	[]	0	0	"[""substring_requires_transfer_review""]"	Culture	proposed	medium	agrees_with_previous_llm	"[""substring_requires_transfer_review""]"	0	freebase_bhht_author_lookup_v1	lookup_candidate_not_frozen	"[""Alexander von Lagorio""]"
1241	Bellhop	1	bellhop	no_author_rule	no_author_rule			[]	0	0	[]	[]	[]	[]				0	0	[]	0	0	"[""no_author_rule""]"		out_of_scope	high	no_unique_author_l1_candidate	"[""no_author_rule""]"	0	freebase_bhht_author_lookup_v1	lookup_candidate_not_frozen	"[""Alfred Lennon""]"
1242	Classical Indian Music Performer	1	classical_indian_music_performer	author_substring	substring_unique_candidate	Culture	Culture-core	"[[""Culture"",""Culture-core""]]"	1	1	"[""_music"",""performer""]"	[325,488]	"[[""Culture"",""Culture-core""]]"	[325,488]	Culture	Culture-core	_music	0	0	[]	0	0	"[""substring_requires_transfer_review""]"	Culture	proposed	high	agrees_with_previous_llm	"[""substring_requires_transfer_review""]"	0	freebase_bhht_author_lookup_v1	lookup_candidate_not_frozen	"[""Ali Akbar Khan""]"
1243	Toxicologist	1	toxicologist	author_exact	exact_unique	Discovery/Science	Academia	"[[""Discovery/Science"",""Academia""]]"	1	1	"[""toxicologist""]"	[918]	"[[""Discovery/Science"",""Academia""]]"	[918]	Discovery/Science	Academia	toxicologist	0	0	"[{""level1"":""Discovery/Science"",""level2"":""Academia"",""level3"":""toxicologist"",""person_count"":50,""example_wikidata_codes"":""Q111456|Q1289725|Q1358445""}]"	0	0	[]	Discovery/Science	proposed	medium	agrees_with_previous_llm	[]	0	freebase_bhht_author_lookup_v1	lookup_candidate_not_frozen	"[""Alice Hamilton""]"
1244	Cosmetics	1	cosmetics	no_author_rule	no_author_rule			[]	0	0	[]	[]	[]	[]				0	0	[]	0	0	"[""no_author_rule""]"		needs_review	low	no_unique_author_l1_candidate	"[""no_author_rule""]"	0	freebase_bhht_author_lookup_v1	lookup_candidate_not_frozen	"[""Alina Tytarenko""]"
1245	Handmade soap	1	handmade_soap	no_author_rule	no_author_rule			[]	0	0	[]	[]	[]	[]				0	0	[]	0	0	"[""no_author_rule""]"		out_of_scope	high	no_unique_author_l1_candidate	"[""no_author_rule""]"	0	freebase_bhht_author_lookup_v1	lookup_candidate_not_frozen	"[""Alina Tytarenko""]"
1246	Soap Maker	1	soap_maker	no_author_rule	no_author_rule			[]	0	0	[]	[]	[]	[]				0	0	[]	0	0	"[""no_author_rule""]"		out_of_scope	medium	no_unique_author_l1_candidate	"[""no_author_rule""]"	0	freebase_bhht_author_lookup_v1	lookup_candidate_not_frozen	"[""Alina Tytarenko""]"
1247	Audiologist	1	audiologist	author_substring	substring_unique_candidate	Culture	Culture-periphery	"[[""Culture"",""Culture-periphery""]]"	1	1	"[""_audio""]"	[574]	"[[""Culture"",""Culture-periphery""]]"	[574]	Culture	Culture-periphery	_audio	0	0	[]	0	0	"[""substring_requires_transfer_review""]"	Discovery/Science	proposed	high	differs_from_previous_llm	"[""substring_requires_transfer_review"",""previous_llm_l1_disagreement""]"	0	freebase_bhht_author_lookup_v1	lookup_candidate_not_frozen	"[""Alma Powell""]"
1248	Computer Graphics Animator	1	computer_graphics_animator	author_substring	substring_unique_candidate	Culture	Culture-core	"[[""Culture"",""Culture-core""]]"	1	1	"[""animator""]"	[348]	"[[""Culture"",""Culture-core""]]"	[348]	Culture	Culture-core	animator	0	0	[]	0	0	"[""substring_requires_transfer_review""]"	Culture	proposed	high	agrees_with_previous_llm	"[""substring_requires_transfer_review""]"	0	freebase_bhht_author_lookup_v1	lookup_candidate_not_frozen	"[""Alvy Ray Smith""]"
1249	Digital Marketing Consultant	1	digital_marketing_consultant	author_substring	substring_unique_candidate	Other	Worker/Business (small)	"[[""Other"",""Worker/Business (small)""]]"	1	1	"[""consultant"",""marketing""]"	[1566,1649]	"[[""Other"",""Worker/Business (small)""]]"	[1566,1649]	Other	Worker/Business (small)	consultant	0	0	[]	0	0	"[""substring_requires_transfer_review""]"		needs_review	low	author_candidate_previous_needs_review	"[""substring_requires_transfer_review""]"	0	freebase_bhht_author_lookup_v1	lookup_candidate_not_frozen	"[""Amarjeet Sharma""]"
1250	Fashion Illustrator	1	fashion_illustrator	author_substring	substring_unique_candidate	Culture	Culture-periphery	"[[""Culture"",""Culture-periphery""]]"	1	1	"[""illustrator""]"	[626]	"[[""Culture"",""Culture-periphery""]]"	[626]	Culture	Culture-periphery	illustrator	0	0	[]	0	0	"[""substring_requires_transfer_review""]"	Culture	proposed	high	agrees_with_previous_llm	"[""substring_requires_transfer_review""]"	0	freebase_bhht_author_lookup_v1	lookup_candidate_not_frozen	"[""Amy Davis (Actor)""]"
1251	Genetics Counselor	1	genetics_counselor	author_substring	substring_cross_l1_conflict			"[[""Discovery/Science"",""Academia""],[""Other"",""Worker/Business (small)""]]"	2	2	"[""genetics"",""counselor""]"	[761,1571]	"[[""Discovery/Science"",""Academia""],[""Other"",""Worker/Business (small)""]]"	[761,1571]	Discovery/Science	Academia	genetics	0	0	[]	0	0	"[""substring_requires_transfer_review"",""multiple_author_l1_candidates""]"	Discovery/Science	proposed	high	no_unique_author_l1_candidate	"[""substring_requires_transfer_review"",""multiple_author_l1_candidates""]"	0	freebase_bhht_author_lookup_v1	lookup_candidate_not_frozen	"[""Anabel Stenzel""]"
1252	Boom Operator	1	boom_operator	author_substring	substring_unique_candidate	Other	Worker/Business (small)	"[[""Other"",""Worker/Business (small)""]]"	1	1	"[""operator""]"	[1661]	"[[""Other"",""Worker/Business (small)""]]"	[1661]	Other	Worker/Business (small)	operator	0	0	[]	0	0	"[""substring_requires_transfer_review""]"	Culture	proposed	medium	differs_from_previous_llm	"[""substring_requires_transfer_review"",""previous_llm_l1_disagreement""]"	0	freebase_bhht_author_lookup_v1	lookup_candidate_not_frozen	"[""Andi Arsenie""]"
1253	Make-Up Designer	1	make-up_designer	author_substring	substring_unique_candidate	Culture	Culture-periphery	"[[""Culture"",""Culture-periphery""]]"	1	1	"[""designer""]"	[606]	"[[""Culture"",""Culture-periphery""]]"	[606]	Culture	Culture-periphery	designer	0	0	[]	0	0	"[""substring_requires_transfer_review""]"	Culture	proposed	high	agrees_with_previous_llm	"[""substring_requires_transfer_review""]"	0	freebase_bhht_author_lookup_v1	lookup_candidate_not_frozen	"[""Andrea Sorrentino""]"
1254	Nuclear Physicist	1	nuclear_physicist	author_substring	substring_unique_candidate	Discovery/Science	Academia	"[[""Discovery/Science"",""Academia""]]"	1	1	"[""physicist""]"	[868]	"[[""Discovery/Science"",""Academia""]]"	[868]	Discovery/Science	Academia	physicist	0	0	[]	0	0	"[""substring_requires_transfer_review""]"	Discovery/Science	proposed	high	agrees_with_previous_llm	"[""substring_requires_transfer_review""]"	0	freebase_bhht_author_lookup_v1	lookup_candidate_not_frozen	"[""Andrei Sakharov""]"
1255	Orthodontist	1	orthodontist	author_exact	exact_unique	Other	Worker/Business (small)	"[[""Other"",""Worker/Business (small)""]]"	1	1	"[""orthodontist""]"	[1665]	"[[""Other"",""Worker/Business (small)""]]"	[1665]	Other	Worker/Business (small)	orthodontist	0	0	"[{""level1"":""Other"",""level2"":""Worker/Business (small)"",""level3"":""orthodontist"",""person_count"":71,""example_wikidata_codes"":""Q18739122|Q21069967|Q21078143""}]"	0	0	[]	Discovery/Science	proposed	medium	differs_from_previous_llm	"[""previous_llm_l1_disagreement""]"	0	freebase_bhht_author_lookup_v1	lookup_candidate_not_frozen	"[""Andrew Arthur Allen Sr.""]"
1256	Visual Effects Technician	1	visual_effects_technician	author_substring	substring_cross_l1_conflict			"[[""Culture"",""Culture-core""],[""Other"",""Worker/Business (small)""]]"	2	2	"[""visual_effects"",""technician""]"	[566,1698]	"[[""Culture"",""Culture-core""],[""Other"",""Worker/Business (small)""]]"	[566,1698]	Culture	Culture-core	visual_effects	0	0	[]	0	0	"[""substring_requires_transfer_review"",""multiple_author_l1_candidates""]"	Culture	proposed	high	no_unique_author_l1_candidate	"[""substring_requires_transfer_review"",""multiple_author_l1_candidates""]"	0	freebase_bhht_author_lookup_v1	lookup_candidate_not_frozen	"[""Andrew Cymek""]"
1257	Real Tennis Professional	1	real_tennis_professional	author_substring	substring_unique_candidate	Sports/Games	Sports/Games	"[[""Sports/Games"",""Sports/Games""]]"	1	1	"[""tennis""]"	[271]	"[[""Sports/Games"",""Sports/Games""]]"	[271]	Sports/Games	Sports/Games	tennis	0	0	[]	0	0	"[""substring_requires_transfer_review""]"	Sports/Games	proposed	high	agrees_with_previous_llm	"[""substring_requires_transfer_review""]"	0	freebase_bhht_author_lookup_v1	lookup_candidate_not_frozen	"[""Ann Lesley Pearson Ronaldson""]"
1258	Intellectual Historian	1	intellectual_historian	author_substring	substring_unique_candidate	Discovery/Science	Academia	"[[""Discovery/Science"",""Academia""]]"	1	1	"[""historian"",""intellectual""]"	[783,795]	"[[""Discovery/Science"",""Academia""]]"	[783,795]	Discovery/Science	Academia	historian	0	0	[]	0	0	"[""substring_requires_transfer_review""]"	Discovery/Science	proposed	medium	agrees_with_previous_llm	"[""substring_requires_transfer_review""]"	0	freebase_bhht_author_lookup_v1	lookup_candidate_not_frozen	"[""Ann M. Blair""]"
1259	Corrector	1	corrector	no_author_rule	no_author_rule			[]	0	0	[]	[]	[]	[]				0	0	[]	0	0	"[""no_author_rule""]"		needs_review	low	no_unique_author_l1_candidate	"[""no_author_rule""]"	0	freebase_bhht_author_lookup_v1	lookup_candidate_not_frozen	"[""Anna Izryadnova""]"
1260	Plantation owner	1	plantation_owner	no_author_rule	no_author_rule			[]	0	0	[]	[]	[]	[]				0	0	[]	0	0	"[""no_author_rule""]"	Leadership	proposed	high	no_unique_author_l1_candidate	"[""no_author_rule""]"	0	freebase_bhht_author_lookup_v1	lookup_candidate_not_frozen	"[""Anna Kingsley""]"
1261	Milkmaid	1	milkmaid	no_author_rule	no_author_rule			[]	0	0	[]	[]	[]	[]				0	0	[]	0	0	"[""no_author_rule""]"		out_of_scope	medium	no_unique_author_l1_candidate	"[""no_author_rule""]"	0	freebase_bhht_author_lookup_v1	lookup_candidate_not_frozen	"[""Anna Timofeyevna Gagarina""]"
1262	Sinologist	1	sinologist	author_exact	exact_unique	Discovery/Science	Academia	"[[""Discovery/Science"",""Academia""]]"	1	1	"[""sinologist""]"	[900]	"[[""Discovery/Science"",""Academia""]]"	[900]	Discovery/Science	Academia	sinologist	0	0	"[{""level1"":""Discovery/Science"",""level2"":""Academia"",""level3"":""sinologist"",""person_count"":229,""example_wikidata_codes"":""Q1036782|Q105546|Q109734""}]"	0	0	[]	Discovery/Science	proposed	high	agrees_with_previous_llm	[]	0	freebase_bhht_author_lookup_v1	lookup_candidate_not_frozen	"[""Anne Cheng""]"
1263	Babysitter	1	babysitter	no_author_rule	no_author_rule			[]	0	0	[]	[]	[]	[]				0	0	[]	0	0	"[""no_author_rule""]"		out_of_scope	high	no_unique_author_l1_candidate	"[""no_author_rule""]"	0	freebase_bhht_author_lookup_v1	lookup_candidate_not_frozen	"[""Anne Frank""]"
1264	Nurse practitioner	1	nurse_practitioner	author_substring	substring_unique_candidate	Discovery/Science	Academia	"[[""Discovery/Science"",""Academia""]]"	1	1	"[""nurse""]"	[828]	"[[""Discovery/Science"",""Academia""]]"	[828]	Discovery/Science	Academia	nurse	0	0	[]	0	0	"[""substring_requires_transfer_review""]"	Discovery/Science	proposed	medium	agrees_with_previous_llm	"[""substring_requires_transfer_review""]"	0	freebase_bhht_author_lookup_v1	lookup_candidate_not_frozen	"[""Anne Murphy Roffey""]"
1265	Diagnostic radiographer	1	diagnostic_radiographer	no_author_rule	no_author_rule			[]	0	0	[]	[]	[]	[]				0	0	[]	0	0	"[""no_author_rule""]"	Discovery/Science	proposed	high	no_unique_author_l1_candidate	"[""no_author_rule""]"	0	freebase_bhht_author_lookup_v1	lookup_candidate_not_frozen	"[""Anthony Earl Numkena""]"
1266	Hospital corpsman	1	hospital_corpsman	no_author_rule	no_author_rule			[]	0	0	[]	[]	[]	[]				0	0	[]	0	0	"[""no_author_rule""]"		out_of_scope	high	no_unique_author_l1_candidate	"[""no_author_rule""]"	0	freebase_bhht_author_lookup_v1	lookup_candidate_not_frozen	"[""Anthony Earl Numkena""]"
1267	Children's writer	1	children's_writer	author_substring	substring_unique_candidate	Culture	Culture-core	"[[""Culture"",""Culture-core""]]"	1	1	"[""_writer""]"	[343]	"[[""Culture"",""Culture-core""]]"	[343]	Culture	Culture-core	_writer	0	0	[]	0	0	"[""substring_requires_transfer_review""]"	Culture	proposed	medium	agrees_with_previous_llm	"[""substring_requires_transfer_review""]"	0	freebase_bhht_author_lookup_v1	lookup_candidate_not_frozen	"[""Anthony Horowitz""]"
1268	VFX creative director	1	vfx_creative_director	author_substring	substring_unique_candidate	Culture	Culture-core	"[[""Culture"",""Culture-core""]]"	1	1	"[""creative""]"	[408]	"[[""Culture"",""Culture-core""]]"	[408]	Culture	Culture-core	creative	0	0	[]	0	0	"[""substring_requires_transfer_review""]"	Culture	proposed	high	agrees_with_previous_llm	"[""substring_requires_transfer_review""]"	0	freebase_bhht_author_lookup_v1	lookup_candidate_not_frozen	"[""Anthony Mandler""]"
1269	Construction Foreman	1	construction_foreman	author_substring	substring_cross_l1_conflict			"[[""Leadership"",""Corporate/Executive/Business (large)""],[""Other"",""Worker/Business (small)""]]"	2	2	"[""_construction"",""_foreman""]"	[1210,1459]	"[[""Leadership"",""Corporate/Executive/Business (large)""],[""Other"",""Worker/Business (small)""]]"	[1210,1459]	Leadership	Corporate/Executive/Business (large)	_construction	0	0	[]	0	0	"[""substring_requires_transfer_review"",""multiple_author_l1_candidates""]"		needs_review	low	no_unique_author_l1_candidate	"[""substring_requires_transfer_review"",""multiple_author_l1_candidates""]"	0	freebase_bhht_author_lookup_v1	lookup_candidate_not_frozen	"[""Anthony Orville Brokaw""]"
1270	Parson	1	parson	author_exact	exact_unique	Leadership	Religious	"[[""Leadership"",""Religious""]]"	1	1	"[""parson""]"	[1340]	"[[""Leadership"",""Religious""]]"	[1340]	Leadership	Religious	parson	0	0	"[{""level1"":""Leadership"",""level2"":""Religious"",""level3"":""parson"",""person_count"":275,""example_wikidata_codes"":""Q1019350|Q103776|Q1039547""}]"	0	0	[]	Leadership	proposed	medium	agrees_with_previous_llm	[]	0	freebase_bhht_author_lookup_v1	lookup_candidate_not_frozen	"[""Anton Corbijn van Willenswaard""]"
1271	Grammarian	1	grammarian	author_exact	exact_unique	Discovery/Science	Academia	"[[""Discovery/Science"",""Academia""]]"	1	1	"[""grammarian""]"	[770]	"[[""Discovery/Science"",""Academia""]]"	[770]	Discovery/Science	Academia	grammarian	0	0	"[{""level1"":""Discovery/Science"",""level2"":""Academia"",""level3"":""grammarian"",""person_count"":108,""example_wikidata_codes"":""Q1056198|Q1063429|Q117841""}]"	0	0	[]	Discovery/Science	proposed	high	agrees_with_previous_llm	[]	0	freebase_bhht_author_lookup_v1	lookup_candidate_not_frozen	"[""Antun Mažuranić""]"
1272	Graphic Artist (Film job) #1	1	graphic_artist_(film_job)_#1	author_substring	substring_unique_candidate	Culture	Culture-core	"[[""Culture"",""Culture-core""]]"	1	1	"[""_artist""]"	[304]	"[[""Culture"",""Culture-core""]]"	[304]	Culture	Culture-core	_artist	0	0	[]	0	0	"[""substring_requires_transfer_review""]"	Culture	proposed	high	agrees_with_previous_llm	"[""substring_requires_transfer_review""]"	0	freebase_bhht_author_lookup_v1	lookup_candidate_not_frozen	"[""Asuka Sugiyama""]"
1273	Gerontologist	1	gerontologist	author_exact	exact_unique	Discovery/Science	Academia	"[[""Discovery/Science"",""Academia""]]"	1	1	"[""gerontologist""]"	[769]	"[[""Discovery/Science"",""Academia""]]"	[769]	Discovery/Science	Academia	gerontologist	0	0	"[{""level1"":""Discovery/Science"",""level2"":""Academia"",""level3"":""gerontologist"",""person_count"":29,""example_wikidata_codes"":""Q1594427|Q16013173|Q16013695""}]"	0	0	[]	Discovery/Science	proposed	medium	agrees_with_previous_llm	[]	0	freebase_bhht_author_lookup_v1	lookup_candidate_not_frozen	"[""Aubrey de Grey""]"
1274	Costume Supervisor	1	costume_supervisor	no_author_rule	no_author_rule			[]	0	0	[]	[]	[]	[]				0	0	[]	0	0	"[""no_author_rule""]"	Culture	proposed	high	no_unique_author_l1_candidate	"[""no_author_rule""]"	0	freebase_bhht_author_lookup_v1	lookup_candidate_not_frozen	"[""Audrey Tannenbaum""]"
1275	Software Engineering	1	software_engineering	author_substring	substring_unique_candidate	Discovery/Science	Explorer/Inventor/Developer	"[[""Discovery/Science"",""Explorer/Inventor/Developer""]]"	1	1	"[""engineer""]"	[1187]	"[[""Discovery/Science"",""Explorer/Inventor/Developer""]]"	[1187]	Discovery/Science	Explorer/Inventor/Developer	engineer	0	0	[]	0	0	"[""substring_requires_transfer_review""]"		needs_review	low	author_candidate_previous_needs_review	"[""substring_requires_transfer_review""]"	0	freebase_bhht_author_lookup_v1	lookup_candidate_not_frozen	"[""Austin Cameron (Organisation founder)""]"
1276	Certified Sex Therapist	1	certified_sex_therapist	author_substring	substring_unique_candidate	Discovery/Science	Academia	"[[""Discovery/Science"",""Academia""]]"	1	1	"[""therapist""]"	[916]	"[[""Discovery/Science"",""Academia""]]"	[916]	Discovery/Science	Academia	therapist	0	0	[]	0	0	"[""substring_requires_transfer_review""]"	Discovery/Science	proposed	medium	agrees_with_previous_llm	"[""substring_requires_transfer_review""]"	0	freebase_bhht_author_lookup_v1	lookup_candidate_not_frozen	"[""Ava Cadell""]"
1277	Headmaster	1	headmaster	author_exact	exact_unique	Leadership	Corporate/Executive/Business (large)	"[[""Leadership"",""Corporate/Executive/Business (large)""]]"	1	1	"[""headmaster""]"	[1226]	"[[""Leadership"",""Corporate/Executive/Business (large)""]]"	[1226]	Leadership	Corporate/Executive/Business (large)	headmaster	0	0	"[{""level1"":""Leadership"",""level2"":""Corporate/Executive/Business (large)"",""level3"":""headmaster"",""person_count"":49,""example_wikidata_codes"":""Q14945651|Q14949214|Q15989865""}]"	0	0	[]		needs_review	low	author_candidate_previous_needs_review	[]	0	freebase_bhht_author_lookup_v1	lookup_candidate_not_frozen	"[""Ba Win""]"
1278	Silent Film Actress	1	silent_film_actress	author_substring	substring_unique_candidate	Culture	Culture-core	"[[""Culture"",""Culture-core""]]"	1	1	"[""_film_"",""actress""]"	[320,345]	"[[""Culture"",""Culture-core""]]"	[320,345]	Culture	Culture-core	_film_	0	0	[]	0	0	"[""substring_requires_transfer_review""]"	Culture	proposed	high	agrees_with_previous_llm	"[""substring_requires_transfer_review""]"	0	freebase_bhht_author_lookup_v1	lookup_candidate_not_frozen	"[""Barbara La Marr""]"
1279	Majordomo	1	majordomo	no_author_rule	no_author_rule			[]	0	0	[]	[]	[]	[]				0	0	[]	0	0	"[""no_author_rule""]"		out_of_scope	medium	no_unique_author_l1_candidate	"[""no_author_rule""]"	0	freebase_bhht_author_lookup_v1	lookup_candidate_not_frozen	"[""Barry Comden""]"
1280	Makeup Effects Artist	1	makeup_effects_artist	author_substring	substring_unique_candidate	Culture	Culture-core	"[[""Culture"",""Culture-core""]]"	1	1	"[""_artist""]"	[304]	"[[""Culture"",""Culture-core""]]"	[304]	Culture	Culture-core	_artist	0	0	[]	0	0	"[""substring_requires_transfer_review""]"	Culture	proposed	high	agrees_with_previous_llm	"[""substring_requires_transfer_review""]"	0	freebase_bhht_author_lookup_v1	lookup_candidate_not_frozen	"[""Bart Mixon""]"
1281	Special Makeup Effects Artist	1	special_makeup_effects_artist	author_substring	substring_unique_candidate	Culture	Culture-core	"[[""Culture"",""Culture-core""]]"	1	1	"[""_artist""]"	[304]	"[[""Culture"",""Culture-core""]]"	[304]	Culture	Culture-core	_artist	0	0	[]	0	0	"[""substring_requires_transfer_review""]"	Culture	proposed	high	agrees_with_previous_llm	"[""substring_requires_transfer_review""]"	0	freebase_bhht_author_lookup_v1	lookup_candidate_not_frozen	"[""Bart Mixon""]"
1282	supermarket executive	1	supermarket_executive	author_substring	substring_unique_candidate	Leadership	Corporate/Executive/Business (large)	"[[""Leadership"",""Corporate/Executive/Business (large)""]]"	1	1	"[""executive""]"	[1223]	"[[""Leadership"",""Corporate/Executive/Business (large)""]]"	[1223]	Leadership	Corporate/Executive/Business (large)	executive	0	0	[]	0	0	"[""substring_requires_transfer_review""]"	Leadership	proposed	medium	agrees_with_previous_llm	"[""substring_requires_transfer_review""]"	0	freebase_bhht_author_lookup_v1	lookup_candidate_not_frozen	"[""Benjamin Saget""]"
1283	United States Post Office Department	1	united_states_post_office_department	no_author_rule	no_author_rule			[]	0	0	[]	[]	[]	[]				0	0	[]	0	0	"[""no_author_rule""]"		needs_review	low	no_unique_author_l1_candidate	"[""no_author_rule""]"	0	freebase_bhht_author_lookup_v1	lookup_candidate_not_frozen	"[""Bernard Baral""]"
1284	FLMI	1	flmi	no_author_rule	no_author_rule			[]	0	0	[]	[]	[]	[]				0	0	[]	0	0	"[""no_author_rule""]"		out_of_scope	high	no_unique_author_l1_candidate	"[""no_author_rule""]"	0	freebase_bhht_author_lookup_v1	lookup_candidate_not_frozen	"[""Beth Brooke""]"
1285	Rock Climber	1	rock_climber	author_substring	substring_cross_l1_conflict			"[[""Culture"",""Culture-core""],[""Sports/Games"",""Sports/Games""]]"	2	2	"[""climb"",""_rock_""]"	[74,331]	"[[""Culture"",""Culture-core""],[""Sports/Games"",""Sports/Games""]]"	[74,331]	Sports/Games	Sports/Games	climb	0	0	[]	0	0	"[""substring_requires_transfer_review"",""multiple_author_l1_candidates""]"	Sports/Games	proposed	medium	no_unique_author_l1_candidate	"[""substring_requires_transfer_review"",""multiple_author_l1_candidates""]"	0	freebase_bhht_author_lookup_v1	lookup_candidate_not_frozen	"[""Beverly Johnson (Woman) #4""]"
1286	Fashion Director	1	fashion_director	no_author_rule	no_author_rule			[]	0	0	[]	[]	[]	[]				0	0	[]	0	0	"[""no_author_rule""]"	Culture	proposed	high	no_unique_author_l1_candidate	"[""no_author_rule""]"	0	freebase_bhht_author_lookup_v1	lookup_candidate_not_frozen	"[""Bijie Martin""]"
1287	Muezzin	1	muezzin	no_author_rule	no_author_rule			[]	0	0	[]	[]	[]	[]				0	0	[]	0	0	"[""no_author_rule""]"	Leadership	proposed	high	no_unique_author_l1_candidate	"[""no_author_rule""]"	0	freebase_bhht_author_lookup_v1	lookup_candidate_not_frozen	"[""Bilal Ibn Rabah""]"
1288	Scout	1	scout	author_exact	exact_unique	Other	Other	"[[""Other"",""Other""]]"	1	1	"[""_scout_""]"	[1766]	"[[""Other"",""Other""]]"	[1766]	Other	Other	_scout_	0	0	"[{""level1"":""Other"",""level2"":""Other"",""level3"":""scout"",""person_count"":237,""example_wikidata_codes"":""Q10336171|Q1068244|Q10995103""}]"	0	0	[]		needs_review	low	author_candidate_previous_needs_review	[]	0	freebase_bhht_author_lookup_v1	lookup_candidate_not_frozen	"[""Bill Nunn (Journalist)""]"
1289	Rural Mail Carrier	1	rural_mail_carrier	no_author_rule	no_author_rule			[]	0	0	[]	[]	[]	[]				0	0	[]	0	0	"[""no_author_rule""]"		out_of_scope	high	no_unique_author_l1_candidate	"[""no_author_rule""]"	0	freebase_bhht_author_lookup_v1	lookup_candidate_not_frozen	"[""Bill Smith (Man) #24""]"
1290	Light Artist	1	light_artist	author_substring	substring_unique_candidate	Culture	Culture-core	"[[""Culture"",""Culture-core""]]"	1	1	"[""_artist""]"	[304]	"[[""Culture"",""Culture-core""]]"	[304]	Culture	Culture-core	_artist	0	0	[]	0	0	"[""substring_requires_transfer_review""]"	Culture	proposed	high	agrees_with_previous_llm	"[""substring_requires_transfer_review""]"	0	freebase_bhht_author_lookup_v1	lookup_candidate_not_frozen	"[""Bjorn von Schlebrügge""]"
1291	Child Psychologist	1	child_psychologist	author_substring	substring_cross_l1_conflict			"[[""Discovery/Science"",""Academia""],[""Other"",""Family""]]"	2	2	"[""psychologist"",""child_""]"	[883,1727]	"[[""Discovery/Science"",""Academia""],[""Other"",""Family""]]"	[883,1727]	Discovery/Science	Academia	psychologist	0	0	[]	0	0	"[""substring_requires_transfer_review"",""multiple_author_l1_candidates""]"	Discovery/Science	proposed	medium	no_unique_author_l1_candidate	"[""substring_requires_transfer_review"",""multiple_author_l1_candidates""]"	0	freebase_bhht_author_lookup_v1	lookup_candidate_not_frozen	"[""Bloeme Evers-Emden""]"
1292	Colourist	1	colourist	author_exact	exact_unique	Culture	Culture-periphery	"[[""Culture"",""Culture-periphery""]]"	1	1	"[""colourist""]"	[596]	"[[""Culture"",""Culture-periphery""]]"	[596]	Culture	Culture-periphery	colourist	0	0	"[{""level1"":""Culture"",""level2"":""Culture-periphery"",""level3"":""colourist"",""person_count"":16,""example_wikidata_codes"":""Q16013454|Q17640365|Q18222160""}]"	0	0	[]		needs_review	low	author_candidate_previous_needs_review	[]	0	freebase_bhht_author_lookup_v1	lookup_candidate_not_frozen	"[""Bob McCay""]"
1293	Online Marketing Consultant	1	online_marketing_consultant	author_substring	substring_unique_candidate	Other	Worker/Business (small)	"[[""Other"",""Worker/Business (small)""]]"	1	1	"[""consultant"",""marketing""]"	[1566,1649]	"[[""Other"",""Worker/Business (small)""]]"	[1566,1649]	Other	Worker/Business (small)	consultant	0	0	[]	0	0	"[""substring_requires_transfer_review""]"		needs_review	low	author_candidate_previous_needs_review	"[""substring_requires_transfer_review""]"	0	freebase_bhht_author_lookup_v1	lookup_candidate_not_frozen	"[""Bogdan Lytvyn""]"
1294	Senior Consultant	1	senior_consultant	author_substring	substring_unique_candidate	Other	Worker/Business (small)	"[[""Other"",""Worker/Business (small)""]]"	1	1	"[""consultant""]"	[1566]	"[[""Other"",""Worker/Business (small)""]]"	[1566]	Other	Worker/Business (small)	consultant	0	0	[]	0	0	"[""substring_requires_transfer_review""]"		needs_review	low	author_candidate_previous_needs_review	"[""substring_requires_transfer_review""]"	0	freebase_bhht_author_lookup_v1	lookup_candidate_not_frozen	"[""Brant Gurganus""]"
1295	Grip	1	grip	no_author_rule	no_author_rule			[]	0	0	[]	[]	[]	[]				0	0	[]	0	0	"[""no_author_rule""]"	Culture	proposed	high	no_unique_author_l1_candidate	"[""no_author_rule""]"	0	freebase_bhht_author_lookup_v1	lookup_candidate_not_frozen	"[""Braverijah Gregg""]"
1296	Wool classing	1	wool_classing	no_author_rule	no_author_rule			[]	0	0	[]	[]	[]	[]				0	0	[]	0	0	"[""no_author_rule""]"		out_of_scope	high	no_unique_author_l1_candidate	"[""no_author_rule""]"	0	freebase_bhht_author_lookup_v1	lookup_candidate_not_frozen	"[""Bruce Laming""]"
1297	Lightworker	1	lightworker	author_substring	substring_unique_candidate	Other	Worker/Business (small)	"[[""Other"",""Worker/Business (small)""]]"	1	1	"[""worker""]"	[1716]	"[[""Other"",""Worker/Business (small)""]]"	[1716]	Other	Worker/Business (small)	worker	0	0	[]	0	0	"[""substring_requires_transfer_review""]"		needs_review	low	author_candidate_previous_needs_review	"[""substring_requires_transfer_review""]"	0	freebase_bhht_author_lookup_v1	lookup_candidate_not_frozen	"[""Bruce Shoop""]"
1298	Plantsman	1	plantsman	no_author_rule	no_author_rule			[]	0	0	[]	[]	[]	[]				0	0	[]	0	0	"[""no_author_rule""]"		needs_review	low	no_unique_author_l1_candidate	"[""no_author_rule""]"	0	freebase_bhht_author_lookup_v1	lookup_candidate_not_frozen	"[""Burbage Harrison""]"
1299	Dermatology	1	dermatology	no_author_rule	no_author_rule			[]	0	0	[]	[]	[]	[]				0	0	[]	0	0	"[""no_author_rule""]"		needs_review	low	no_unique_author_l1_candidate	"[""no_author_rule""]"	0	freebase_bhht_author_lookup_v1	lookup_candidate_not_frozen	"[""Camila Krysicka Janniger""]"
1300	Taxidermist	1	taxidermist	no_author_rule	no_author_rule			[]	0	0	[]	[]	[]	[]				0	0	[]	0	0	"[""no_author_rule""]"		out_of_scope	medium	no_unique_author_l1_candidate	"[""no_author_rule""]"	0	freebase_bhht_author_lookup_v1	lookup_candidate_not_frozen	"[""Carl Akeley""]"
1301	Astrobiologist	1	astrobiologist	author_substring	substring_unique_candidate	Discovery/Science	Academia	"[[""Discovery/Science"",""Academia""]]"	1	1	"[""biologist""]"	[705]	"[[""Discovery/Science"",""Academia""]]"	[705]	Discovery/Science	Academia	biologist	0	0	[]	0	0	"[""substring_requires_transfer_review""]"	Discovery/Science	proposed	high	agrees_with_previous_llm	"[""substring_requires_transfer_review""]"	0	freebase_bhht_author_lookup_v1	lookup_candidate_not_frozen	"[""Carl Sagan""]"
1302	Planetary scientist	1	planetary_scientist	author_substring	substring_unique_candidate	Discovery/Science	Academia	"[[""Discovery/Science"",""Academia""]]"	1	1	"[""scientist""]"	[894]	"[[""Discovery/Science"",""Academia""]]"	[894]	Discovery/Science	Academia	scientist	0	0	[]	0	0	"[""substring_requires_transfer_review""]"	Discovery/Science	proposed	high	agrees_with_previous_llm	"[""substring_requires_transfer_review""]"	0	freebase_bhht_author_lookup_v1	lookup_candidate_not_frozen	"[""Carl Sagan""]"
1303	Clinician	1	clinician	author_exact	exact_unique	Discovery/Science	Academia	"[[""Discovery/Science"",""Academia""]]"	1	1	"[""clinician""]"	[718]	"[[""Discovery/Science"",""Academia""]]"	[718]	Discovery/Science	Academia	clinician	0	0	"[{""level1"":""Discovery/Science"",""level2"":""Academia"",""level3"":""clinician"",""person_count"":2,""example_wikidata_codes"":""Q13407647|Q38013957""}]"	0	0	[]	Discovery/Science	proposed	medium	agrees_with_previous_llm	[]	0	freebase_bhht_author_lookup_v1	lookup_candidate_not_frozen	"[""Carlos Chagas""]"
1304	Event planner	1	event_planner	author_exact	exact_unique	Culture	Culture-periphery	"[[""Culture"",""Culture-periphery""]]"	1	1	"[""event_planner""]"	[613]	"[[""Culture"",""Culture-periphery""]]"	[613]	Culture	Culture-periphery	event_planner	0	0	"[{""level1"":""Culture"",""level2"":""Culture-periphery"",""level3"":""event_planner"",""person_count"":2,""example_wikidata_codes"":""Q30310683|Q7491447""}]"	0	0	[]		needs_review	low	author_candidate_previous_needs_review	[]	0	freebase_bhht_author_lookup_v1	lookup_candidate_not_frozen	"[""Carol McCain""]"
1305	Massage therapist	1	massage_therapist	author_substring	substring_unique_candidate	Discovery/Science	Academia	"[[""Discovery/Science"",""Academia""]]"	1	1	"[""therapist""]"	[916]	"[[""Discovery/Science"",""Academia""]]"	[916]	Discovery/Science	Academia	therapist	0	0	[]	0	0	"[""substring_requires_transfer_review""]"		needs_review	low	author_candidate_previous_needs_review	"[""substring_requires_transfer_review""]"	0	freebase_bhht_author_lookup_v1	lookup_candidate_not_frozen	"[""Catherine Bell""]"
1306	Canine Professional	1	canine_professional	no_author_rule	no_author_rule			[]	0	0	[]	[]	[]	[]				0	0	[]	0	0	"[""no_author_rule""]"		needs_review	low	no_unique_author_l1_candidate	"[""no_author_rule""]"	0	freebase_bhht_author_lookup_v1	lookup_candidate_not_frozen	"[""Cesar Millan""]"
1307	Tenor Saxophonist	1	tenor_saxophonist	author_substring	substring_unique_candidate	Culture	Culture-core	"[[""Culture"",""Culture-core""]]"	1	1	"[""_tenor_"",""saxophonist""]"	[341,518]	"[[""Culture"",""Culture-core""]]"	[341,518]	Culture	Culture-core	_tenor_	0	0	[]	0	0	"[""substring_requires_transfer_review""]"	Culture	proposed	high	agrees_with_previous_llm	"[""substring_requires_transfer_review""]"	0	freebase_bhht_author_lookup_v1	lookup_candidate_not_frozen	"[""Charles Axton""]"
1308	Hitman	1	hitman	author_exact	exact_unique	Other	Other	"[[""Other"",""Other""]]"	1	1	"[""_hitman_""]"	[1760]	"[[""Other"",""Other""]]"	[1760]	Other	Other	_hitman_	0	0	"[{""level1"":""Other"",""level2"":""Other"",""level3"":""hitman"",""person_count"":15,""example_wikidata_codes"":""Q1065641|Q2275917|Q2556172""}]"	0	0	[]		out_of_scope	high	formal_author_other_previously_out_of_scope	[]	0	freebase_bhht_author_lookup_v1	lookup_candidate_not_frozen	"[""Charles Harrelson""]"
1309	Speculative writer	1	speculative_writer	author_substring	substring_unique_candidate	Culture	Culture-core	"[[""Culture"",""Culture-core""]]"	1	1	"[""_writer""]"	[343]	"[[""Culture"",""Culture-core""]]"	[343]	Culture	Culture-core	_writer	0	0	[]	0	0	"[""substring_requires_transfer_review""]"	Culture	proposed	medium	agrees_with_previous_llm	"[""substring_requires_transfer_review""]"	0	freebase_bhht_author_lookup_v1	lookup_candidate_not_frozen	"[""Cheryl Gray (Science-fiction writer)""]"
1310	Tokoyama	1	tokoyama	no_author_rule	no_author_rule			[]	0	0	[]	[]	[]	[]				0	0	[]	0	0	"[""no_author_rule""]"		needs_review	low	no_unique_author_l1_candidate	"[""no_author_rule""]"	0	freebase_bhht_author_lookup_v1	lookup_candidate_not_frozen	"[""Chiharu Kato""]"
1311	Web design	1	web_design	no_author_rule	no_author_rule			[]	0	0	[]	[]	[]	[]				0	0	[]	0	0	"[""no_author_rule""]"		needs_review	low	no_unique_author_l1_candidate	"[""no_author_rule""]"	0	freebase_bhht_author_lookup_v1	lookup_candidate_not_frozen	"[""Chris Graham (Web Designer)""]"
1312	Art therapist	1	art_therapist	author_substring	substring_unique_candidate	Discovery/Science	Academia	"[[""Discovery/Science"",""Academia""]]"	1	1	"[""therapist""]"	[916]	"[[""Discovery/Science"",""Academia""]]"	[916]	Discovery/Science	Academia	therapist	0	0	[]	0	0	"[""substring_requires_transfer_review""]"		needs_review	low	author_candidate_previous_needs_review	"[""substring_requires_transfer_review""]"	0	freebase_bhht_author_lookup_v1	lookup_candidate_not_frozen	"[""Chris Stamp""]"
1313	Horologist	1	horologist	author_exact	exact_unique	Culture	Culture-core	"[[""Culture"",""Culture-core""]]"	1	1	"[""horologist""]"	[439]	"[[""Culture"",""Culture-core""]]"	[439]	Culture	Culture-core	horologist	0	0	"[{""level1"":""Culture"",""level2"":""Culture-core"",""level3"":""horologist"",""person_count"":4,""example_wikidata_codes"":""Q17436594|Q21070328|Q42887496""}]"	0	0	[]	Discovery/Science	proposed	high	differs_from_previous_llm	"[""previous_llm_l1_disagreement""]"	0	freebase_bhht_author_lookup_v1	lookup_candidate_not_frozen	"[""Christiaan Huygens""]"
1314	Poltician	1	poltician	no_author_rule	no_author_rule			[]	0	0	[]	[]	[]	[]				0	0	[]	0	0	"[""no_author_rule""]"		needs_review	low	no_unique_author_l1_candidate	"[""no_author_rule""]"	0	freebase_bhht_author_lookup_v1	lookup_candidate_not_frozen	"[""Christian Simenon""]"
1315	Information scientist	1	information_scientist	author_substring	substring_unique_candidate	Discovery/Science	Academia	"[[""Discovery/Science"",""Academia""]]"	1	1	"[""scientist""]"	[894]	"[[""Discovery/Science"",""Academia""]]"	[894]	Discovery/Science	Academia	scientist	0	0	[]	0	0	"[""substring_requires_transfer_review""]"	Discovery/Science	proposed	medium	agrees_with_previous_llm	"[""substring_requires_transfer_review""]"	0	freebase_bhht_author_lookup_v1	lookup_candidate_not_frozen	"[""Christine JM Connors""]"
1316	Prison officer	1	prison_officer	author_substring	substring_unique_candidate	Leadership	Military	"[[""Leadership"",""Military""]]"	1	1	"[""officer_""]"	[1412]	"[[""Leadership"",""Military""]]"	[1412]	Leadership	Military	officer_	0	0	[]	0	0	"[""substring_requires_transfer_review""]"	Leadership	proposed	high	agrees_with_previous_llm	"[""substring_requires_transfer_review""]"	0	freebase_bhht_author_lookup_v1	lookup_candidate_not_frozen	"[""Clinton Brown""]"
1317	Sketch Artist	1	sketch_artist	author_substring	substring_unique_candidate	Culture	Culture-core	"[[""Culture"",""Culture-core""]]"	1	1	"[""_artist""]"	[304]	"[[""Culture"",""Culture-core""]]"	[304]	Culture	Culture-core	_artist	0	0	[]	0	0	"[""substring_requires_transfer_review""]"	Culture	proposed	high	agrees_with_previous_llm	"[""substring_requires_transfer_review""]"	0	freebase_bhht_author_lookup_v1	lookup_candidate_not_frozen	"[""Dale Hennesy""]"
1318	Production coordinator	1	production_coordinator	no_author_rule	no_author_rule			[]	0	0	[]	[]	[]	[]				0	0	[]	0	0	"[""no_author_rule""]"		needs_review	low	no_unique_author_l1_candidate	"[""no_author_rule""]"	0	freebase_bhht_author_lookup_v1	lookup_candidate_not_frozen	"[""Damian Anderson""]"
1319	Griot	1	griot	author_exact	exact_unique	Culture	Culture-core	"[[""Culture"",""Culture-core""]]"	1	1	"[""griot""]"	[432]	"[[""Culture"",""Culture-core""]]"	[432]	Culture	Culture-core	griot	0	0	"[{""level1"":""Culture"",""level2"":""Culture-core"",""level3"":""griot"",""person_count"":6,""example_wikidata_codes"":""Q16181804|Q16727796|Q28790287""}]"	0	0	[]	Culture	proposed	high	agrees_with_previous_llm	[]	0	freebase_bhht_author_lookup_v1	lookup_candidate_not_frozen	"[""Dani Kouyaté""]"
1320	Non-commissioned officer	1	non-commissioned_officer	author_substring	substring_unique_candidate	Leadership	Military	"[[""Leadership"",""Military""]]"	1	1	"[""officer_""]"	[1412]	"[[""Leadership"",""Military""]]"	[1412]	Leadership	Military	officer_	0	0	[]	0	0	"[""substring_requires_transfer_review""]"	Leadership	proposed	high	agrees_with_previous_llm	"[""substring_requires_transfer_review""]"	0	freebase_bhht_author_lookup_v1	lookup_candidate_not_frozen	"[""Darlene Mowry""]"
1321	Artistic Director (Job title)	1	artistic_director_(job_title)	author_substring	substring_unique_candidate	Culture	Culture-core	"[[""Culture"",""Culture-core""]]"	1	1	"[""_artist""]"	[304]	"[[""Culture"",""Culture-core""]]"	[304]	Culture	Culture-core	_artist	0	0	[]	0	0	"[""substring_requires_transfer_review""]"	Culture	proposed	medium	agrees_with_previous_llm	"[""substring_requires_transfer_review""]"	0	freebase_bhht_author_lookup_v1	lookup_candidate_not_frozen	"[""David Campbell""]"
1322	College Student	1	college_student	no_author_rule	no_author_rule			[]	0	0	[]	[]	[]	[]				0	0	[]	0	0	"[""no_author_rule""]"		out_of_scope	high	no_unique_author_l1_candidate	"[""no_author_rule""]"	0	freebase_bhht_author_lookup_v1	lookup_candidate_not_frozen	"[""David Eugene Cole II""]"
1323	Music Programmer	1	music_programmer	author_substring	substring_cross_l1_conflict			"[[""Culture"",""Culture-core""],[""Discovery/Science"",""Explorer/Inventor/Developer""]]"	2	2	"[""_music"",""programmer""]"	[325,1202]	"[[""Culture"",""Culture-core""],[""Discovery/Science"",""Explorer/Inventor/Developer""]]"	[325,1202]	Culture	Culture-core	_music	0	0	[]	0	0	"[""substring_requires_transfer_review"",""multiple_author_l1_candidates""]"	Culture	proposed	high	no_unique_author_l1_candidate	"[""substring_requires_transfer_review"",""multiple_author_l1_candidates""]"	0	freebase_bhht_author_lookup_v1	lookup_candidate_not_frozen	"[""David Gilmour""]"
1324	Cavalryman	1	cavalryman	no_author_rule	no_author_rule			[]	0	0	[]	[]	[]	[]				0	0	[]	0	0	"[""no_author_rule""]"	Leadership	proposed	medium	no_unique_author_l1_candidate	"[""no_author_rule""]"	0	freebase_bhht_author_lookup_v1	lookup_candidate_not_frozen	"[""David Mironovich Turok""]"
1325	Commanding General, Multi-National Force - Iraq	1	commanding_general,_multi-national_force_-_iraq	author_substring	substring_unique_candidate	Leadership	Military	"[[""Leadership"",""Military""]]"	1	1	"[""_force_""]"	[1365]	"[[""Leadership"",""Military""]]"	[1365]	Leadership	Military	_force_	0	0	[]	0	0	"[""substring_requires_transfer_review""]"	Leadership	proposed	high	agrees_with_previous_llm	"[""substring_requires_transfer_review""]"	0	freebase_bhht_author_lookup_v1	lookup_candidate_not_frozen	"[""David Petraeus""]"
1326	Psychedelic art	1	psychedelic_art	no_author_rule	no_author_rule			[]	0	0	[]	[]	[]	[]				0	0	[]	0	0	"[""no_author_rule""]"		needs_review	low	no_unique_author_l1_candidate	"[""no_author_rule""]"	0	freebase_bhht_author_lookup_v1	lookup_candidate_not_frozen	"[""David Vaughan (Man)""]"
1327	Industrial Supplies Merchant Wholesalers	1	industrial_supplies_merchant_wholesalers	author_substring	substring_cross_l1_conflict			"[[""Leadership"",""Corporate/Executive/Business (large)""],[""Other"",""Worker/Business (small)""]]"	2	2	"[""industrial"",""merchant"",""wholesale""]"	[1227,1236,1714]	"[[""Leadership"",""Corporate/Executive/Business (large)""],[""Other"",""Worker/Business (small)""]]"	[1227,1236,1714]	Leadership	Corporate/Executive/Business (large)	industrial	0	0	[]	0	0	"[""substring_requires_transfer_review"",""multiple_author_l1_candidates""]"		out_of_scope	medium	no_unique_author_l1_candidate	"[""substring_requires_transfer_review"",""multiple_author_l1_candidates""]"	0	freebase_bhht_author_lookup_v1	lookup_candidate_not_frozen	"[""David Yates (Deceased Person)""]"
1328	Car Worker	1	car_worker	author_substring	substring_unique_candidate	Other	Worker/Business (small)	"[[""Other"",""Worker/Business (small)""]]"	1	1	"[""worker""]"	[1716]	"[[""Other"",""Worker/Business (small)""]]"	[1716]	Other	Worker/Business (small)	worker	0	0	[]	0	0	"[""substring_requires_transfer_review""]"		out_of_scope	high	formal_author_other_previously_out_of_scope	"[""substring_requires_transfer_review""]"	0	freebase_bhht_author_lookup_v1	lookup_candidate_not_frozen	"[""Dean Cox (Man)""]"
1329	Deli Manager	1	deli_manager	author_substring	substring_unique_candidate	Leadership	Corporate/Executive/Business (large)	"[[""Leadership"",""Corporate/Executive/Business (large)""]]"	1	1	"[""manager""]"	[1234]	"[[""Leadership"",""Corporate/Executive/Business (large)""]]"	[1234]	Leadership	Corporate/Executive/Business (large)	manager	0	0	[]	0	0	"[""substring_requires_transfer_review""]"		out_of_scope	high	author_candidate_previous_out_of_scope	"[""substring_requires_transfer_review""]"	0	freebase_bhht_author_lookup_v1	lookup_candidate_not_frozen	"[""Deanna Kimberly""]"
1330	Historian of Photography	1	historian_of_photography	author_substring	substring_cross_l1_conflict			"[[""Culture"",""Culture-core""],[""Discovery/Science"",""Academia""]]"	2	2	"[""photography"",""historian""]"	[493,783]	"[[""Culture"",""Culture-core""],[""Discovery/Science"",""Academia""]]"	[493,783]	Culture	Culture-core	photography	0	0	[]	0	0	"[""substring_requires_transfer_review"",""multiple_author_l1_candidates""]"	Discovery/Science	proposed	medium	no_unique_author_l1_candidate	"[""substring_requires_transfer_review"",""multiple_author_l1_candidates""]"	0	freebase_bhht_author_lookup_v1	lookup_candidate_not_frozen	"[""Deborah Willis""]"
1331	Horse trader	1	horse_trader	author_substring	substring_unique_candidate	Leadership	Corporate/Executive/Business (large)	"[[""Leadership"",""Corporate/Executive/Business (large)""]]"	1	1	"[""trader""]"	[1247]	"[[""Leadership"",""Corporate/Executive/Business (large)""]]"	[1247]	Leadership	Corporate/Executive/Business (large)	trader	0	0	[]	0	0	"[""substring_requires_transfer_review""]"		needs_review	low	author_candidate_previous_needs_review	"[""substring_requires_transfer_review""]"	0	freebase_bhht_author_lookup_v1	lookup_candidate_not_frozen	"[""Diki Tsering""]"
1332	Swimming coach	1	swimming_coach	author_substring	substring_unique_candidate	Sports/Games	Sports/Games	"[[""Sports/Games"",""Sports/Games""]]"	1	1	"[""coach"",""swimming""]"	[75,265]	"[[""Sports/Games"",""Sports/Games""]]"	[75,265]	Sports/Games	Sports/Games	coach	0	0	[]	0	0	"[""substring_requires_transfer_review""]"	Sports/Games	proposed	high	agrees_with_previous_llm	"[""substring_requires_transfer_review""]"	0	freebase_bhht_author_lookup_v1	lookup_candidate_not_frozen	"[""Don Talbot""]"
1333	Merchant navy	1	merchant_navy	author_substring	substring_same_l1_multiple_l2	Leadership		"[[""Leadership"",""Corporate/Executive/Business (large)""],[""Leadership"",""Military""]]"	1	2	"[""merchant"",""navy""]"	[1236,1410]	"[[""Leadership"",""Corporate/Executive/Business (large)""],[""Leadership"",""Military""]]"	[1236,1410]	Leadership	Corporate/Executive/Business (large)	merchant	0	0	[]	0	0	"[""substring_requires_transfer_review"",""multiple_author_l2_candidates""]"		needs_review	low	author_candidate_previous_needs_review	"[""substring_requires_transfer_review"",""multiple_author_l2_candidates""]"	0	freebase_bhht_author_lookup_v1	lookup_candidate_not_frozen	"[""Donald Edwin King""]"
1334	Script coordinator	1	script_coordinator	author_substring	substring_unique_candidate	Culture	Culture-core	"[[""Culture"",""Culture-core""]]"	1	1	"[""_script_""]"	[332]	"[[""Culture"",""Culture-core""]]"	[332]	Culture	Culture-core	_script_	0	0	[]	0	0	"[""substring_requires_transfer_review""]"	Culture	proposed	high	agrees_with_previous_llm	"[""substring_requires_transfer_review""]"	0	freebase_bhht_author_lookup_v1	lookup_candidate_not_frozen	"[""Donald Spencer""]"
1335	musician, mastering engineer	1	musician,_mastering_engineer	author_substring	substring_cross_l1_conflict			"[[""Culture"",""Culture-core""],[""Discovery/Science"",""Explorer/Inventor/Developer""]]"	2	2	"[""_music"",""musician"",""engineer""]"	[325,473,1187]	"[[""Culture"",""Culture-core""],[""Discovery/Science"",""Explorer/Inventor/Developer""]]"	[325,473,1187]	Culture	Culture-core	_music	0	0	[]	0	0	"[""substring_requires_transfer_review"",""multiple_author_l1_candidates""]"	Culture	proposed	high	no_unique_author_l1_candidate	"[""substring_requires_transfer_review"",""multiple_author_l1_candidates""]"	0	freebase_bhht_author_lookup_v1	lookup_candidate_not_frozen	"[""Donald Tardy""]"
1336	Special Effects Creator	1	special_effects_creator	author_substring	substring_unique_candidate	Culture	Culture-core	"[[""Culture"",""Culture-core""]]"	1	1	"[""_creator_"",""special_effects""]"	[313,537]	"[[""Culture"",""Culture-core""]]"	[313,537]	Culture	Culture-core	_creator_	0	0	[]	0	0	"[""substring_requires_transfer_review""]"	Culture	proposed	medium	agrees_with_previous_llm	"[""substring_requires_transfer_review""]"	0	freebase_bhht_author_lookup_v1	lookup_candidate_not_frozen	"[""Donald Trumbull""]"
1337	Teamster	1	teamster	author_exact	exact_unique	Other	Worker/Business (small)	"[[""Other"",""Worker/Business (small)""]]"	1	1	"[""teamster""]"	[1697]	"[[""Other"",""Worker/Business (small)""]]"	[1697]	Other	Worker/Business (small)	teamster	0	0	"[{""level1"":""Other"",""level2"":""Worker/Business (small)"",""level3"":""teamster"",""person_count"":7,""example_wikidata_codes"":""Q1492602|Q16732049|Q18385472""}]"	0	0	[]		out_of_scope	high	formal_author_other_previously_out_of_scope	[]	0	freebase_bhht_author_lookup_v1	lookup_candidate_not_frozen	"[""Donald Wahlberg""]"
1338	Environmental Writer	1	environmental_writer	author_substring	substring_unique_candidate	Culture	Culture-core	"[[""Culture"",""Culture-core""]]"	1	1	"[""_writer""]"	[343]	"[[""Culture"",""Culture-core""]]"	[343]	Culture	Culture-core	_writer	0	0	[]	0	0	"[""substring_requires_transfer_review""]"	Culture	proposed	high	agrees_with_previous_llm	"[""substring_requires_transfer_review""]"	0	freebase_bhht_author_lookup_v1	lookup_candidate_not_frozen	"[""Donella Meadows""]"
1339	Karate Instructor	1	karate_instructor	author_substring	substring_cross_l1_conflict			"[[""Discovery/Science"",""Academia""],[""Sports/Games"",""Sports/Games""]]"	2	2	"[""karate"",""instructor""]"	[147,794]	"[[""Discovery/Science"",""Academia""],[""Sports/Games"",""Sports/Games""]]"	[147,794]	Sports/Games	Sports/Games	karate	0	0	[]	0	0	"[""substring_requires_transfer_review"",""multiple_author_l1_candidates""]"	Sports/Games	proposed	medium	no_unique_author_l1_candidate	"[""substring_requires_transfer_review"",""multiple_author_l1_candidates""]"	0	freebase_bhht_author_lookup_v1	lookup_candidate_not_frozen	"[""Dorothea Hurley""]"
1340	Dormitory Matron	1	dormitory_matron	no_author_rule	no_author_rule			[]	0	0	[]	[]	[]	[]				0	0	[]	0	0	"[""no_author_rule""]"		needs_review	medium	no_unique_author_l1_candidate	"[""no_author_rule""]"	0	freebase_bhht_author_lookup_v1	lookup_candidate_not_frozen	"[""Dorothy Marie Webb""]"
1341	Fashion Consultant	1	fashion_consultant	author_substring	substring_unique_candidate	Other	Worker/Business (small)	"[[""Other"",""Worker/Business (small)""]]"	1	1	"[""consultant""]"	[1566]	"[[""Other"",""Worker/Business (small)""]]"	[1566]	Other	Worker/Business (small)	consultant	0	0	[]	0	0	"[""substring_requires_transfer_review""]"	Culture	proposed	high	differs_from_previous_llm	"[""substring_requires_transfer_review"",""previous_llm_l1_disagreement""]"	0	freebase_bhht_author_lookup_v1	lookup_candidate_not_frozen	"[""Drena De Niro""]"
1342	Product Designer	1	product_designer	author_substring	substring_unique_candidate	Culture	Culture-periphery	"[[""Culture"",""Culture-periphery""]]"	1	1	"[""designer""]"	[606]	"[[""Culture"",""Culture-periphery""]]"	[606]	Culture	Culture-periphery	designer	0	0	[]	0	0	"[""substring_requires_transfer_review""]"		needs_review	low	author_candidate_previous_needs_review	"[""substring_requires_transfer_review""]"	0	freebase_bhht_author_lookup_v1	lookup_candidate_not_frozen	"[""Ed Tsuwaki""]"
1343	Seashore Hotel	1	seashore_hotel	no_author_rule	no_author_rule			[]	0	0	[]	[]	[]	[]				0	0	[]	0	0	"[""no_author_rule""]"		needs_review	low	no_unique_author_l1_candidate	"[""no_author_rule""]"	0	freebase_bhht_author_lookup_v1	lookup_candidate_not_frozen	"[""Edgar Latimer Hinton II, Sr.""]"
1344	Deputy mayor	1	deputy_mayor	author_substring	substring_unique_candidate	Leadership	Politics	"[[""Leadership"",""Politics""]]"	1	1	"[""deputy"",""mayor""]"	[965,998]	"[[""Leadership"",""Politics""]]"	[965,998]	Leadership	Politics	deputy	0	0	[]	0	0	"[""substring_requires_transfer_review""]"	Leadership	proposed	high	agrees_with_previous_llm	"[""substring_requires_transfer_review""]"	0	freebase_bhht_author_lookup_v1	lookup_candidate_not_frozen	"[""Edmundas Zenonas Malūkas""]"
1345	System Administrator	1	system_administrator	author_substring	substring_unique_candidate	Leadership	Administration/Law	"[[""Leadership"",""Administration/Law""]]"	1	1	"[""administrator""]"	[1047]	"[[""Leadership"",""Administration/Law""]]"	[1047]	Leadership	Administration/Law	administrator	0	0	[]	0	0	"[""substring_requires_transfer_review""]"		needs_review	low	author_candidate_previous_needs_review	"[""substring_requires_transfer_review""]"	0	freebase_bhht_author_lookup_v1	lookup_candidate_not_frozen	"[""Edward Snowden""]"
1346	Agricultural Agent	1	agricultural_agent	no_author_rule	no_author_rule			[]	0	0	[]	[]	[]	[]				0	0	[]	0	0	"[""no_author_rule""]"		needs_review	low	no_unique_author_l1_candidate	"[""no_author_rule""]"	0	freebase_bhht_author_lookup_v1	lookup_candidate_not_frozen	"[""Edwin Arnold Spacek, Sr.""]"
1347	Metalsmith	1	metalsmith	no_author_rule	no_author_rule			[]	0	0	[]	[]	[]	[]				0	0	[]	0	0	"[""no_author_rule""]"		out_of_scope	high	no_unique_author_l1_candidate	"[""no_author_rule""]"	0	freebase_bhht_author_lookup_v1	lookup_candidate_not_frozen	"[""Eigil Jens Karl""]"
1348	machineworker	1	machineworker	author_substring	substring_unique_candidate	Other	Worker/Business (small)	"[[""Other"",""Worker/Business (small)""]]"	1	1	"[""worker""]"	[1716]	"[[""Other"",""Worker/Business (small)""]]"	[1716]	Other	Worker/Business (small)	worker	0	0	[]	0	0	"[""substring_requires_transfer_review""]"		out_of_scope	medium	formal_author_other_previously_out_of_scope	"[""substring_requires_transfer_review""]"	0	freebase_bhht_author_lookup_v1	lookup_candidate_not_frozen	"[""Eigil Jens Karl""]"
1349	Director of Special Effects	1	director_of_special_effects	author_substring	substring_unique_candidate	Culture	Culture-core	"[[""Culture"",""Culture-core""]]"	1	1	"[""special_effects""]"	[537]	"[[""Culture"",""Culture-core""]]"	[537]	Culture	Culture-core	special_effects	0	0	[]	0	0	"[""substring_requires_transfer_review""]"	Culture	proposed	high	agrees_with_previous_llm	"[""substring_requires_transfer_review""]"	0	freebase_bhht_author_lookup_v1	lookup_candidate_not_frozen	"[""Eiji Tsuburaya""]"
1350	Film cinematographer	1	film_cinematographer	author_substring	substring_unique_candidate	Culture	Culture-core	"[[""Culture"",""Culture-core""]]"	1	1	"[""_film_"",""cinema"",""cinematographer""]"	[320,385,386]	"[[""Culture"",""Culture-core""]]"	[320,385,386]	Culture	Culture-core	_film_	0	0	[]	0	0	"[""substring_requires_transfer_review""]"	Culture	proposed	high	agrees_with_previous_llm	"[""substring_requires_transfer_review""]"	0	freebase_bhht_author_lookup_v1	lookup_candidate_not_frozen	"[""Eino Heino""]"
1351	Distillery Worker	1	distillery_worker	author_substring	substring_unique_candidate	Other	Worker/Business (small)	"[[""Other"",""Worker/Business (small)""]]"	1	1	"[""distiller"",""worker""]"	[1580,1716]	"[[""Other"",""Worker/Business (small)""]]"	[1580,1716]	Other	Worker/Business (small)	distiller	0	0	[]	0	0	"[""substring_requires_transfer_review""]"		out_of_scope	medium	formal_author_other_previously_out_of_scope	"[""substring_requires_transfer_review""]"	0	freebase_bhht_author_lookup_v1	lookup_candidate_not_frozen	"[""Elbert E. Stephens""]"
1352	Logger	1	logger	no_author_rule	no_author_rule			[]	0	0	[]	[]	[]	[]				0	0	[]	0	0	"[""no_author_rule""]"		out_of_scope	high	no_unique_author_l1_candidate	"[""no_author_rule""]"	0	freebase_bhht_author_lookup_v1	lookup_candidate_not_frozen	"[""Elbert Loren Kingdon""]"
1353	Company Secretary	1	company_secretary	author_substring	substring_unique_candidate	Leadership	Politics	"[[""Leadership"",""Politics""]]"	1	1	"[""secretary""]"	[1022]	"[[""Leadership"",""Politics""]]"	[1022]	Leadership	Politics	secretary	0	0	[]	0	0	"[""substring_requires_transfer_review""]"	Leadership	proposed	high	agrees_with_previous_llm	"[""substring_requires_transfer_review""]"	0	freebase_bhht_author_lookup_v1	lookup_candidate_not_frozen	"[""Eleanor \""Sis\"" Daley""]"
1354	Cognitive Psychologist	1	cognitive_psychologist	author_substring	substring_unique_candidate	Discovery/Science	Academia	"[[""Discovery/Science"",""Academia""]]"	1	1	"[""psychologist""]"	[883]	"[[""Discovery/Science"",""Academia""]]"	[883]	Discovery/Science	Academia	psychologist	0	0	[]	0	0	"[""substring_requires_transfer_review""]"	Discovery/Science	proposed	medium	agrees_with_previous_llm	"[""substring_requires_transfer_review""]"	0	freebase_bhht_author_lookup_v1	lookup_candidate_not_frozen	"[""Eleanor Duckworth""]"
1355	Gymnastics Teacher	1	gymnastics_teacher	author_substring	substring_cross_l1_conflict			"[[""Discovery/Science"",""Academia""],[""Sports/Games"",""Sports/Games""]]"	2	2	"[""gymnast"",""teacher_""]"	[123,910]	"[[""Discovery/Science"",""Academia""],[""Sports/Games"",""Sports/Games""]]"	[123,910]	Sports/Games	Sports/Games	gymnast	0	0	[]	0	0	"[""substring_requires_transfer_review"",""multiple_author_l1_candidates""]"	Sports/Games	proposed	medium	no_unique_author_l1_candidate	"[""substring_requires_transfer_review"",""multiple_author_l1_candidates""]"	0	freebase_bhht_author_lookup_v1	lookup_candidate_not_frozen	"[""Eleonora Vallone""]"
1356	Courtesan	1	courtesan	author_exact	exact_unique	Leadership	Nobility	"[[""Leadership"",""Nobility""]]"	1	1	"[""courtesan""]"	[1133]	"[[""Leadership"",""Nobility""]]"	[1133]	Leadership	Nobility	courtesan	0	0	"[{""level1"":""Leadership"",""level2"":""Nobility"",""level3"":""courtesan"",""person_count"":24,""example_wikidata_codes"":""Q14918722|Q16203754|Q16594564""}]"	0	0	[]		out_of_scope	high	author_candidate_previous_out_of_scope	[]	0	freebase_bhht_author_lookup_v1	lookup_candidate_not_frozen	"[""Elizabeth Armistead""]"
1357	Clinical Systems Analyst	1	clinical_systems_analyst	author_substring	substring_unique_candidate	Other	Worker/Business (small)	"[[""Other"",""Worker/Business (small)""]]"	1	1	"[""analyst""]"	[1514]	"[[""Other"",""Worker/Business (small)""]]"	[1514]	Other	Worker/Business (small)	analyst	0	0	[]	0	0	"[""substring_requires_transfer_review""]"	Discovery/Science	proposed	medium	differs_from_previous_llm	"[""substring_requires_transfer_review"",""previous_llm_l1_disagreement""]"	0	freebase_bhht_author_lookup_v1	lookup_candidate_not_frozen	"[""Elizabeth Marks (Actor)""]"
1358	Occupational Therapy Educator	1	occupational_therapy_educator	author_substring	substring_unique_candidate	Discovery/Science	Academia	"[[""Discovery/Science"",""Academia""]]"	1	1	"[""educator""]"	[738]	"[[""Discovery/Science"",""Academia""]]"	[738]	Discovery/Science	Academia	educator	0	0	[]	0	0	"[""substring_requires_transfer_review""]"	Discovery/Science	proposed	high	agrees_with_previous_llm	"[""substring_requires_transfer_review""]"	0	freebase_bhht_author_lookup_v1	lookup_candidate_not_frozen	"[""Elizabeth Upham Davis""]"
1359	Surgical Nurse	1	surgical_nurse	author_substring	substring_unique_candidate	Discovery/Science	Academia	"[[""Discovery/Science"",""Academia""]]"	1	1	"[""nurse""]"	[828]	"[[""Discovery/Science"",""Academia""]]"	[828]	Discovery/Science	Academia	nurse	0	0	[]	0	0	"[""substring_requires_transfer_review""]"	Discovery/Science	proposed	high	agrees_with_previous_llm	"[""substring_requires_transfer_review""]"	0	freebase_bhht_author_lookup_v1	lookup_candidate_not_frozen	"[""Elizabeth Young (Deceased Person) #4""]"
1360	Child Psychiatrist	1	child_psychiatrist	author_substring	substring_cross_l1_conflict			"[[""Discovery/Science"",""Academia""],[""Other"",""Family""]]"	2	2	"[""psychiatrist"",""child_""]"	[880,1727]	"[[""Discovery/Science"",""Academia""],[""Other"",""Family""]]"	[880,1727]	Discovery/Science	Academia	psychiatrist	0	0	[]	0	0	"[""substring_requires_transfer_review"",""multiple_author_l1_candidates""]"	Discovery/Science	proposed	medium	no_unique_author_l1_candidate	"[""substring_requires_transfer_review"",""multiple_author_l1_candidates""]"	0	freebase_bhht_author_lookup_v1	lookup_candidate_not_frozen	"[""Emanuel Miller""]"
1361	Drama Critic	1	drama_critic	author_substring	substring_same_l1_multiple_l2	Culture		"[[""Culture"",""Culture-core""],[""Culture"",""Culture-periphery""]]"	1	2	"[""_drama"",""critic""]"	[318,604]	"[[""Culture"",""Culture-core""],[""Culture"",""Culture-periphery""]]"	[318,604]	Culture	Culture-core	_drama	0	0	[]	0	0	"[""substring_requires_transfer_review"",""multiple_author_l2_candidates""]"	Culture	proposed	medium	agrees_with_previous_llm	"[""substring_requires_transfer_review"",""multiple_author_l2_candidates""]"	0	freebase_bhht_author_lookup_v1	lookup_candidate_not_frozen	"[""Ennio Flaiano""]"
1362	Automotive design	1	automotive_design	no_author_rule	no_author_rule			[]	0	0	[]	[]	[]	[]				0	0	[]	0	0	"[""no_author_rule""]"		needs_review	low	no_unique_author_l1_candidate	"[""no_author_rule""]"	0	freebase_bhht_author_lookup_v1	lookup_candidate_not_frozen	"[""Enzo Ferrari""]"
1363	Electrical contractor	1	electrical_contractor	no_author_rule	no_author_rule			[]	0	0	[]	[]	[]	[]				0	0	[]	0	0	"[""no_author_rule""]"		out_of_scope	medium	no_unique_author_l1_candidate	"[""no_author_rule""]"	0	freebase_bhht_author_lookup_v1	lookup_candidate_not_frozen	"[""Eric Crawford (Deceased Person)""]"
1364	Transient laborer	1	transient_laborer	author_substring	substring_unique_candidate	Other	Worker/Business (small)	"[[""Other"",""Worker/Business (small)""]]"	1	1	"[""laborer""]"	[1636]	"[[""Other"",""Worker/Business (small)""]]"	[1636]	Other	Worker/Business (small)	laborer	0	0	[]	0	0	"[""substring_requires_transfer_review""]"		out_of_scope	high	formal_author_other_previously_out_of_scope	"[""substring_requires_transfer_review""]"	0	freebase_bhht_author_lookup_v1	lookup_candidate_not_frozen	"[""Eric Hoffer""]"
1365	First Assistant Director	1	first_assistant_director	no_author_rule	no_author_rule			[]	0	0	[]	[]	[]	[]				0	0	[]	0	0	"[""no_author_rule""]"	Culture	proposed	high	no_unique_author_l1_candidate	"[""no_author_rule""]"	0	freebase_bhht_author_lookup_v1	lookup_candidate_not_frozen	"[""Erich von Stroheim Jr.""]"
1366	Assistant Director	1	assistant_director	no_author_rule	no_author_rule			[]	0	0	[]	[]	[]	[]				0	0	[]	0	0	"[""no_author_rule""]"	Culture	proposed	medium	no_unique_author_l1_candidate	"[""no_author_rule""]"	0	freebase_bhht_author_lookup_v1	lookup_candidate_not_frozen	"[""Erik Leijonborg""]"
1367	port worker	1	port_worker	author_substring	substring_unique_candidate	Other	Worker/Business (small)	"[[""Other"",""Worker/Business (small)""]]"	1	1	"[""worker""]"	[1716]	"[[""Other"",""Worker/Business (small)""]]"	[1716]	Other	Worker/Business (small)	worker	0	0	[]	0	0	"[""substring_requires_transfer_review""]"		out_of_scope	high	formal_author_other_previously_out_of_scope	"[""substring_requires_transfer_review""]"	0	freebase_bhht_author_lookup_v1	lookup_candidate_not_frozen	"[""Erling Berens""]"
1368	Stage combat	1	stage_combat	author_substring	substring_unique_candidate	Culture	Culture-core	"[[""Culture"",""Culture-core""]]"	1	1	"[""_stage_""]"	[338]	"[[""Culture"",""Culture-core""]]"	[338]	Culture	Culture-core	_stage_	0	0	[]	0	0	"[""substring_requires_transfer_review""]"		needs_review	low	author_candidate_previous_needs_review	"[""substring_requires_transfer_review""]"	0	freebase_bhht_author_lookup_v1	lookup_candidate_not_frozen	"[""Ernie Reyes, Jr.""]"
1369	Woodcutter	1	woodcutter	no_author_rule	no_author_rule			[]	0	0	[]	[]	[]	[]				0	0	[]	0	0	"[""no_author_rule""]"		out_of_scope	medium	no_unique_author_l1_candidate	"[""no_author_rule""]"	0	freebase_bhht_author_lookup_v1	lookup_candidate_not_frozen	"[""Esther Bensusan Pissarro""]"
1370	Aeronautics instructor	1	aeronautics_instructor	author_substring	substring_unique_candidate	Discovery/Science	Academia	"[[""Discovery/Science"",""Academia""]]"	1	1	"[""instructor""]"	[794]	"[[""Discovery/Science"",""Academia""]]"	[794]	Discovery/Science	Academia	instructor	0	0	[]	0	0	"[""substring_requires_transfer_review""]"	Discovery/Science	proposed	high	agrees_with_previous_llm	"[""substring_requires_transfer_review""]"	0	freebase_bhht_author_lookup_v1	lookup_candidate_not_frozen	"[""Eugene Luther Vidal""]"
1371	Pool Player	1	pool_player	author_substring	substring_unique_candidate	Sports/Games	Sports/Games	"[[""Sports/Games"",""Sports/Games""]]"	1	1	"[""player""]"	[189]	"[[""Sports/Games"",""Sports/Games""]]"	[189]	Sports/Games	Sports/Games	player	0	0	[]	0	0	"[""substring_requires_transfer_review""]"	Sports/Games	proposed	high	agrees_with_previous_llm	"[""substring_requires_transfer_review""]"	0	freebase_bhht_author_lookup_v1	lookup_candidate_not_frozen	"[""Ewa Laurance""]"
1372	Bioengineer	1	bioengineer	author_substring	substring_unique_candidate	Discovery/Science	Explorer/Inventor/Developer	"[[""Discovery/Science"",""Explorer/Inventor/Developer""]]"	1	1	"[""engineer""]"	[1187]	"[[""Discovery/Science"",""Explorer/Inventor/Developer""]]"	[1187]	Discovery/Science	Explorer/Inventor/Developer	engineer	0	0	[]	0	0	"[""substring_requires_transfer_review""]"	Discovery/Science	proposed	medium	agrees_with_previous_llm	"[""substring_requires_transfer_review""]"	0	freebase_bhht_author_lookup_v1	lookup_candidate_not_frozen	"[""Feng Zhang""]"
1373	Cornerman	1	cornerman	no_author_rule	no_author_rule			[]	0	0	[]	[]	[]	[]				0	0	[]	0	0	"[""no_author_rule""]"		needs_review	low	no_unique_author_l1_candidate	"[""no_author_rule""]"	0	freebase_bhht_author_lookup_v1	lookup_candidate_not_frozen	"[""Ferdie Pacheco""]"
1374	Carmelite Friar	1	carmelite_friar	author_substring	substring_unique_candidate	Leadership	Religious	"[[""Leadership"",""Religious""]]"	1	1	"[""_friar_"",""carmelite""]"	[1256,1288]	"[[""Leadership"",""Religious""]]"	[1256,1288]	Leadership	Religious	_friar_	0	0	[]	0	0	"[""substring_requires_transfer_review""]"	Leadership	proposed	high	agrees_with_previous_llm	"[""substring_requires_transfer_review""]"	0	freebase_bhht_author_lookup_v1	lookup_candidate_not_frozen	"[""Filippino Lippi""]"
1375	Federal Government of Canada	1	federal_government_of_canada	author_substring	substring_unique_candidate	Leadership	Politics	"[[""Leadership"",""Politics""]]"	1	1	"[""government""]"	[982]	"[[""Leadership"",""Politics""]]"	[982]	Leadership	Politics	government	0	0	[]	0	0	"[""substring_requires_transfer_review""]"		out_of_scope	medium	author_candidate_previous_out_of_scope	"[""substring_requires_transfer_review""]"	0	freebase_bhht_author_lookup_v1	lookup_candidate_not_frozen	"[""Floyd J. Tufts""]"
1376	Buccaneer	1	buccaneer	no_author_rule	no_author_rule			[]	0	0	[]	[]	[]	[]				0	0	[]	0	0	"[""no_author_rule""]"		out_of_scope	high	no_unique_author_l1_candidate	"[""no_author_rule""]"	0	freebase_bhht_author_lookup_v1	lookup_candidate_not_frozen	"[""Francis Drake""]"
1377	Assayer	1	assayer	no_author_rule	no_author_rule			[]	0	0	[]	[]	[]	[]				0	0	[]	0	0	"[""no_author_rule""]"	Discovery/Science	proposed	high	no_unique_author_l1_candidate	"[""no_author_rule""]"	0	freebase_bhht_author_lookup_v1	lookup_candidate_not_frozen	"[""Francis George Claudet""]"
1378	Frame Gilder	1	frame_gilder	no_author_rule	no_author_rule			[]	0	0	[]	[]	[]	[]				0	0	[]	0	0	"[""no_author_rule""]"		out_of_scope	medium	no_unique_author_l1_candidate	"[""no_author_rule""]"	0	freebase_bhht_author_lookup_v1	lookup_candidate_not_frozen	"[""Francisco Constantino Augusto da Silva""]"
1379	Maritime Archaeologist	1	maritime_archaeologist	author_substring	substring_unique_candidate	Discovery/Science	Academia	"[[""Discovery/Science"",""Academia""]]"	1	1	"[""archaeologist""]"	[690]	"[[""Discovery/Science"",""Academia""]]"	[690]	Discovery/Science	Academia	archaeologist	0	0	[]	0	0	"[""substring_requires_transfer_review""]"	Discovery/Science	proposed	high	agrees_with_previous_llm	"[""substring_requires_transfer_review""]"	0	freebase_bhht_author_lookup_v1	lookup_candidate_not_frozen	"[""Frank Pope""]"
1380	Clasics Violin Teacher	1	clasics_violin_teacher	author_substring	substring_cross_l1_conflict			"[[""Culture"",""Culture-core""],[""Discovery/Science"",""Academia""]]"	2	2	"[""violin"",""teacher_""]"	[563,910]	"[[""Culture"",""Culture-core""],[""Discovery/Science"",""Academia""]]"	[563,910]	Culture	Culture-core	violin	0	0	[]	0	0	"[""substring_requires_transfer_review"",""multiple_author_l1_candidates""]"		needs_review	low	no_unique_author_l1_candidate	"[""substring_requires_transfer_review"",""multiple_author_l1_candidates""]"	0	freebase_bhht_author_lookup_v1	lookup_candidate_not_frozen	"[""Franz von Lampe""]"
1381	Fencing master	1	fencing_master	author_substring	substring_unique_candidate	Sports/Games	Sports/Games	"[[""Sports/Games"",""Sports/Games""]]"	1	1	"[""fencing""]"	[95]	"[[""Sports/Games"",""Sports/Games""]]"	[95]	Sports/Games	Sports/Games	fencing	0	0	[]	0	0	"[""substring_requires_transfer_review""]"	Sports/Games	proposed	medium	agrees_with_previous_llm	"[""substring_requires_transfer_review""]"	0	freebase_bhht_author_lookup_v1	lookup_candidate_not_frozen	"[""Fred Cavens""]"
1382	Deacon	1	deacon	author_exact	exact_unique	Leadership	Religious	"[[""Leadership"",""Religious""]]"	1	1	"[""deacon""]"	[1300]	"[[""Leadership"",""Religious""]]"	[1300]	Leadership	Religious	deacon	0	0	"[{""level1"":""Leadership"",""level2"":""Religious"",""level3"":""deacon"",""person_count"":254,""example_wikidata_codes"":""Q100530|Q10292834|Q103566""}]"	0	0	[]	Leadership	proposed	high	agrees_with_previous_llm	[]	0	freebase_bhht_author_lookup_v1	lookup_candidate_not_frozen	"[""Fred Secombe""]"
1383	Herpetologist	1	herpetologist	author_exact	exact_unique	Discovery/Science	Academia	"[[""Discovery/Science"",""Academia""]]"	1	1	"[""herpetologist""]"	[780]	"[[""Discovery/Science"",""Academia""]]"	[780]	Discovery/Science	Academia	herpetologist	0	0	"[{""level1"":""Discovery/Science"",""level2"":""Academia"",""level3"":""herpetologist"",""person_count"":182,""example_wikidata_codes"":""Q104930|Q11738825|Q12643551""}]"	0	0	[]	Discovery/Science	proposed	high	agrees_with_previous_llm	[]	0	freebase_bhht_author_lookup_v1	lookup_candidate_not_frozen	"[""Frederick A. Shannon""]"
1384	Cavalry Officer	1	cavalry_officer	author_substring	substring_unique_candidate	Leadership	Military	"[[""Leadership"",""Military""]]"	1	1	"[""officer_""]"	[1412]	"[[""Leadership"",""Military""]]"	[1412]	Leadership	Military	officer_	0	0	[]	0	0	"[""substring_requires_transfer_review""]"	Leadership	proposed	medium	agrees_with_previous_llm	"[""substring_requires_transfer_review""]"	0	freebase_bhht_author_lookup_v1	lookup_candidate_not_frozen	"[""Friedrich Karl Johannes von Schlebrügge""]"
1385	Go professional	1	go_professional	author_exact	exact_unique	Sports/Games	Sports/Games	"[[""Sports/Games"",""Sports/Games""]]"	1	1	"[""go_professional""]"	[115]	"[[""Sports/Games"",""Sports/Games""]]"	[115]	Sports/Games	Sports/Games	go_professional	0	0	"[{""level1"":""Sports/Games"",""level2"":""Sports/Games"",""level3"":""go_professional"",""person_count"":112,""example_wikidata_codes"":""Q10499350|Q11116148|Q1126753""}]"	0	0	[]	Sports/Games	proposed	high	agrees_with_previous_llm	[]	0	freebase_bhht_author_lookup_v1	lookup_candidate_not_frozen	"[""Fumiko Kita""]"
1386	PR Expert	1	pr_expert	no_author_rule	no_author_rule			[]	0	0	[]	[]	[]	[]				0	0	[]	0	0	"[""no_author_rule""]"		needs_review	low	no_unique_author_l1_candidate	"[""no_author_rule""]"	0	freebase_bhht_author_lookup_v1	lookup_candidate_not_frozen	"[""GARAI Judit""]"
1387	Mastering engineer	1	mastering_engineer	author_substring	substring_unique_candidate	Discovery/Science	Explorer/Inventor/Developer	"[[""Discovery/Science"",""Explorer/Inventor/Developer""]]"	1	1	"[""engineer""]"	[1187]	"[[""Discovery/Science"",""Explorer/Inventor/Developer""]]"	[1187]	Discovery/Science	Explorer/Inventor/Developer	engineer	0	0	[]	0	0	"[""substring_requires_transfer_review""]"	Culture	proposed	medium	differs_from_previous_llm	"[""substring_requires_transfer_review"",""previous_llm_l1_disagreement""]"	0	freebase_bhht_author_lookup_v1	lookup_candidate_not_frozen	"[""Gene Paul""]"
1388	Mercer	1	mercer	author_exact	exact_unique	Other	Worker/Business (small)	"[[""Other"",""Worker/Business (small)""]]"	1	1	"[""_mercer_""]"	[1475]	"[[""Other"",""Worker/Business (small)""]]"	[1475]	Other	Worker/Business (small)	_mercer_	0	0	"[{""level1"":""Other"",""level2"":""Worker/Business (small)"",""level3"":""mercer"",""person_count"":5,""example_wikidata_codes"":""Q5342768|Q5723114|Q5901702""}]"	0	0	[]		needs_review	low	author_candidate_previous_needs_review	[]	0	freebase_bhht_author_lookup_v1	lookup_candidate_not_frozen	"[""Geoffrey Boleyn""]"
1389	Metallurgist	1	metallurgist	author_exact	exact_unique	Other	Worker/Business (small)	"[[""Other"",""Worker/Business (small)""]]"	1	1	"[""metallurgist""]"	[1654]	"[[""Other"",""Worker/Business (small)""]]"	[1654]	Other	Worker/Business (small)	metallurgist	0	0	"[{""level1"":""Other"",""level2"":""Worker/Business (small)"",""level3"":""metallurgist"",""person_count"":285,""example_wikidata_codes"":""Q101277|Q10324135|Q10346278""}]"	0	0	[]		needs_review	low	author_candidate_previous_needs_review	[]	0	freebase_bhht_author_lookup_v1	lookup_candidate_not_frozen	"[""George Boole Hinton""]"
1390	Herald	1	herald	no_author_rule	no_author_rule			[]	0	0	[]	[]	[]	[]				0	0	[]	0	0	"[""no_author_rule""]"		needs_review	low	no_unique_author_l1_candidate	"[""no_author_rule""]"	0	freebase_bhht_author_lookup_v1	lookup_candidate_not_frozen	"[""George Owen (Deceased Person)""]"
1391	Rum-running	1	rum-running	author_substring	substring_unique_candidate	Sports/Games	Sports/Games	"[[""Sports/Games"",""Sports/Games""]]"	1	1	"[""running""]"	[222]	"[[""Sports/Games"",""Sports/Games""]]"	[222]	Sports/Games	Sports/Games	running	0	0	[]	0	0	"[""substring_requires_transfer_review""]"		out_of_scope	high	author_candidate_previous_out_of_scope	"[""substring_requires_transfer_review""]"	0	freebase_bhht_author_lookup_v1	lookup_candidate_not_frozen	"[""George Remus""]"
1392	Speculator	1	speculator	author_exact	exact_unique	Leadership	Corporate/Executive/Business (large)	"[[""Leadership"",""Corporate/Executive/Business (large)""]]"	1	1	"[""_speculator_""]"	[1214]	"[[""Leadership"",""Corporate/Executive/Business (large)""]]"	[1214]	Leadership	Corporate/Executive/Business (large)	_speculator_	0	0	"[{""level1"":""Leadership"",""level2"":""Corporate/Executive/Business (large)"",""level3"":""speculator"",""person_count"":3,""example_wikidata_codes"":""Q17309049|Q20709308|Q5238375""}]"	0	0	[]		needs_review	low	author_candidate_previous_needs_review	[]	0	freebase_bhht_author_lookup_v1	lookup_candidate_not_frozen	"[""George Soros""]"
1393	Upholsterer	1	upholsterer	no_author_rule	no_author_rule			[]	0	0	[]	[]	[]	[]				0	0	[]	0	0	"[""no_author_rule""]"		out_of_scope	medium	no_unique_author_l1_candidate	"[""no_author_rule""]"	0	freebase_bhht_author_lookup_v1	lookup_candidate_not_frozen	"[""George Weber (Deceased Person)""]"
1394	Neurobiologist	1	neurobiologist	author_substring	substring_unique_candidate	Discovery/Science	Academia	"[[""Discovery/Science"",""Academia""]]"	1	1	"[""biologist""]"	[705]	"[[""Discovery/Science"",""Academia""]]"	[705]	Discovery/Science	Academia	biologist	0	0	[]	0	0	"[""substring_requires_transfer_review""]"	Discovery/Science	proposed	high	agrees_with_previous_llm	"[""substring_requires_transfer_review""]"	0	freebase_bhht_author_lookup_v1	lookup_candidate_not_frozen	"[""George Zweig""]"
1395	Shoemaking	1	shoemaking	no_author_rule	no_author_rule			[]	0	0	[]	[]	[]	[]				0	0	[]	0	0	"[""no_author_rule""]"		out_of_scope	high	no_unique_author_l1_candidate	"[""no_author_rule""]"	0	freebase_bhht_author_lookup_v1	lookup_candidate_not_frozen	"[""Georges Méliès""]"
1396	Toy maker	1	toy_maker	author_exact	exact_unique	Other	Worker/Business (small)	"[[""Other"",""Worker/Business (small)""]]"	1	1	"[""toy_maker""]"	[1702]	"[[""Other"",""Worker/Business (small)""]]"	[1702]	Other	Worker/Business (small)	toy_maker	0	0	"[{""level1"":""Other"",""level2"":""Worker/Business (small)"",""level3"":""toy_maker"",""person_count"":3,""example_wikidata_codes"":""Q53594140|Q6687785|Q6766211""}]"	0	0	[]		out_of_scope	medium	formal_author_other_previously_out_of_scope	[]	0	freebase_bhht_author_lookup_v1	lookup_candidate_not_frozen	"[""Georges Méliès""]"
1397	Administrator	1	administrator	author_exact	exact_unique	Leadership	Administration/Law	"[[""Leadership"",""Administration/Law""]]"	1	1	"[""administrator""]"	[1047]	"[[""Leadership"",""Administration/Law""]]"	[1047]	Leadership	Administration/Law	administrator	0	0	"[{""level1"":""Leadership"",""level2"":""Administration/Law"",""level3"":""administrator"",""person_count"":567,""example_wikidata_codes"":""Q1012601|Q10285257|Q10285341""}]"	0	0	[]		needs_review	low	author_candidate_previous_needs_review	[]	0	freebase_bhht_author_lookup_v1	lookup_candidate_not_frozen	"[""Gilbert Monckton, 2nd Viscount Monckton of Brenchley""]"
1398	Apothecary	1	apothecary	author_exact	exact_unique	Discovery/Science	Academia	"[[""Discovery/Science"",""Academia""]]"	1	1	"[""apothecary""]"	[686]	"[[""Discovery/Science"",""Academia""]]"	[686]	Discovery/Science	Academia	apothecary	0	0	"[{""level1"":""Discovery/Science"",""level2"":""Academia"",""level3"":""apothecary"",""person_count"":20,""example_wikidata_codes"":""Q12300030|Q15493874|Q16857603""}]"	0	0	[]	Discovery/Science	proposed	high	agrees_with_previous_llm	[]	0	freebase_bhht_author_lookup_v1	lookup_candidate_not_frozen	"[""Giulio Goldoni""]"
1399	Church of Aphrodite	1	church_of_aphrodite	author_substring	substring_unique_candidate	Leadership	Religious	"[[""Leadership"",""Religious""]]"	1	1	"[""_church""]"	[1292]	"[[""Leadership"",""Religious""]]"	[1292]	Leadership	Religious	_church	0	0	[]	0	0	"[""substring_requires_transfer_review""]"		out_of_scope	medium	author_candidate_previous_out_of_scope	"[""substring_requires_transfer_review""]"	0	freebase_bhht_author_lookup_v1	lookup_candidate_not_frozen	"[""Gleb Botkin""]"
1400	Clinical Psychiatrist	1	clinical_psychiatrist	author_substring	substring_unique_candidate	Discovery/Science	Academia	"[[""Discovery/Science"",""Academia""]]"	1	1	"[""psychiatrist""]"	[880]	"[[""Discovery/Science"",""Academia""]]"	[880]	Discovery/Science	Academia	psychiatrist	0	0	[]	0	0	"[""substring_requires_transfer_review""]"	Discovery/Science	proposed	high	agrees_with_previous_llm	"[""substring_requires_transfer_review""]"	0	freebase_bhht_author_lookup_v1	lookup_candidate_not_frozen	"[""Glen Gabbard""]"
1401	Landscaper	1	landscaper	author_exact	exact_unique	Other	Worker/Business (small)	"[[""Other"",""Worker/Business (small)""]]"	1	1	"[""_landscaper""]"	[1470]	"[[""Other"",""Worker/Business (small)""]]"	[1470]	Other	Worker/Business (small)	_landscaper	0	0	"[{""level1"":""Other"",""level2"":""Worker/Business (small)"",""level3"":""landscaper"",""person_count"":3,""example_wikidata_codes"":""Q26220765|Q5367431|Q7782107""}]"	0	0	[]		out_of_scope	high	formal_author_other_previously_out_of_scope	[]	0	freebase_bhht_author_lookup_v1	lookup_candidate_not_frozen	"[""Gorō Miyazaki""]"
1402	Multi Media Artist	1	multi_media_artist	author_substring	substring_same_l1_multiple_l2	Culture		"[[""Culture"",""Culture-core""],[""Culture"",""Culture-periphery""]]"	1	2	"[""_artist"",""_media""]"	[304,576]	"[[""Culture"",""Culture-core""],[""Culture"",""Culture-periphery""]]"	[304,576]	Culture	Culture-core	_artist	0	0	[]	0	0	"[""substring_requires_transfer_review"",""multiple_author_l2_candidates""]"	Culture	proposed	medium	agrees_with_previous_llm	"[""substring_requires_transfer_review"",""multiple_author_l2_candidates""]"	0	freebase_bhht_author_lookup_v1	lookup_candidate_not_frozen	"[""Gottfried Helnwein""]"
1403	Business Manager	1	business_manager	author_substring	substring_unique_candidate	Leadership	Corporate/Executive/Business (large)	"[[""Leadership"",""Corporate/Executive/Business (large)""]]"	1	1	"[""business"",""manager""]"	[1218,1234]	"[[""Leadership"",""Corporate/Executive/Business (large)""]]"	[1218,1234]	Leadership	Corporate/Executive/Business (large)	business	0	0	[]	0	0	"[""substring_requires_transfer_review""]"	Leadership	proposed	high	agrees_with_previous_llm	"[""substring_requires_transfer_review""]"	0	freebase_bhht_author_lookup_v1	lookup_candidate_not_frozen	"[""Grace Massa Langlois""]"
1404	Proofreader	1	proofreader	no_author_rule	no_author_rule			[]	0	0	[]	[]	[]	[]				0	0	[]	0	0	"[""no_author_rule""]"	Culture	proposed	high	no_unique_author_l1_candidate	"[""no_author_rule""]"	0	freebase_bhht_author_lookup_v1	lookup_candidate_not_frozen	"[""Graham Maby""]"
1405	Security Firm Chief	1	security_firm_chief	no_author_rule	no_author_rule			[]	0	0	[]	[]	[]	[]				0	0	[]	0	0	"[""no_author_rule""]"	Leadership	proposed	medium	no_unique_author_l1_candidate	"[""no_author_rule""]"	0	freebase_bhht_author_lookup_v1	lookup_candidate_not_frozen	"[""Graham Quinn""]"
1406	Backing vocalist	1	backing_vocalist	author_substring	substring_unique_candidate	Culture	Culture-core	"[[""Culture"",""Culture-core""]]"	1	1	"[""vocalist""]"	[567]	"[[""Culture"",""Culture-core""]]"	[567]	Culture	Culture-core	vocalist	0	0	[]	0	0	"[""substring_requires_transfer_review""]"	Culture	proposed	high	agrees_with_previous_llm	"[""substring_requires_transfer_review""]"	0	freebase_bhht_author_lookup_v1	lookup_candidate_not_frozen	"[""Gregg Tribbett""]"
1407	Joomla developer	1	joomla_developer	author_substring	substring_unique_candidate	Discovery/Science	Explorer/Inventor/Developer	"[[""Discovery/Science"",""Explorer/Inventor/Developer""]]"	1	1	"[""developer""]"	[1184]	"[[""Discovery/Science"",""Explorer/Inventor/Developer""]]"	[1184]	Discovery/Science	Explorer/Inventor/Developer	developer	0	0	[]	0	0	"[""substring_requires_transfer_review""]"	Discovery/Science	proposed	medium	agrees_with_previous_llm	"[""substring_requires_transfer_review""]"	0	freebase_bhht_author_lookup_v1	lookup_candidate_not_frozen	"[""Gretel Gutierrez""]"
1408	Trampoline Gymnast	1	trampoline_gymnast	author_substring	substring_unique_candidate	Sports/Games	Sports/Games	"[[""Sports/Games"",""Sports/Games""]]"	1	1	"[""gymnast""]"	[123]	"[[""Sports/Games"",""Sports/Games""]]"	[123]	Sports/Games	Sports/Games	gymnast	0	0	[]	0	0	"[""substring_requires_transfer_review""]"	Sports/Games	proposed	medium	agrees_with_previous_llm	"[""substring_requires_transfer_review""]"	0	freebase_bhht_author_lookup_v1	lookup_candidate_not_frozen	"[""Gurimu Narita""]"
1409	Intendant	1	intendant	author_exact	exact_unique	Leadership	Administration/Law	"[[""Leadership"",""Administration/Law""]]"	1	1	"[""intendant""]"	[1075]	"[[""Leadership"",""Administration/Law""]]"	[1075]	Leadership	Administration/Law	intendant	0	0	"[{""level1"":""Leadership"",""level2"":""Administration/Law"",""level3"":""intendant"",""person_count"":73,""example_wikidata_codes"":""Q1082568|Q1085415|Q1085597""}]"	0	0	[]	Leadership	proposed	high	agrees_with_previous_llm	[]	0	freebase_bhht_author_lookup_v1	lookup_candidate_not_frozen	"[""Gustaf Gründgens""]"
1410	UI Designer	1	ui_designer	author_substring	substring_unique_candidate	Culture	Culture-periphery	"[[""Culture"",""Culture-periphery""]]"	1	1	"[""designer""]"	[606]	"[[""Culture"",""Culture-periphery""]]"	[606]	Culture	Culture-periphery	designer	0	0	[]	0	0	"[""substring_requires_transfer_review""]"	Culture	proposed	high	agrees_with_previous_llm	"[""substring_requires_transfer_review""]"	0	freebase_bhht_author_lookup_v1	lookup_candidate_not_frozen	"[""Han, Jae-Il""]"
1411	Events Organiser	1	events_organiser	no_author_rule	no_author_rule			[]	0	0	[]	[]	[]	[]				0	0	[]	0	0	"[""no_author_rule""]"		needs_review	low	no_unique_author_l1_candidate	"[""no_author_rule""]"	0	freebase_bhht_author_lookup_v1	lookup_candidate_not_frozen	"[""Hannah Bronwen Snow""]"
1412	Professor (Profession) #40	1	professor_(profession)_#40	author_substring	substring_unique_candidate	Discovery/Science	Academia	"[[""Discovery/Science"",""Academia""]]"	1	1	"[""professor""]"	[878]	"[[""Discovery/Science"",""Academia""]]"	[878]	Discovery/Science	Academia	professor	0	0	[]	0	0	"[""substring_requires_transfer_review""]"	Discovery/Science	proposed	high	agrees_with_previous_llm	"[""substring_requires_transfer_review""]"	0	freebase_bhht_author_lookup_v1	lookup_candidate_not_frozen	"[""Hans Köchler""]"
1413	Conversion rate optimization specialist	1	conversion_rate_optimization_specialist	no_author_rule	no_author_rule			[]	0	0	[]	[]	[]	[]				0	0	[]	0	0	"[""no_author_rule""]"		needs_review	low	no_unique_author_l1_candidate	"[""no_author_rule""]"	0	freebase_bhht_author_lookup_v1	lookup_candidate_not_frozen	"[""Hans Willemse""]"
1414	Recording Director	1	recording_director	no_author_rule	no_author_rule			[]	0	0	[]	[]	[]	[]				0	0	[]	0	0	"[""no_author_rule""]"	Culture	proposed	medium	no_unique_author_l1_candidate	"[""no_author_rule""]"	0	freebase_bhht_author_lookup_v1	lookup_candidate_not_frozen	"[""Harold V. King""]"
1415	Escapology	1	escapology	no_author_rule	no_author_rule			[]	0	0	[]	[]	[]	[]				0	0	[]	0	0	"[""no_author_rule""]"		needs_review	low	no_unique_author_l1_candidate	"[""no_author_rule""]"	0	freebase_bhht_author_lookup_v1	lookup_candidate_not_frozen	"[""Harry Houdini""]"
1416	Jazz guitarist	1	jazz_guitarist	author_substring	substring_unique_candidate	Culture	Culture-core	"[[""Culture"",""Culture-core""]]"	1	1	"[""guitar"",""jazz""]"	[434,451]	"[[""Culture"",""Culture-core""]]"	[434,451]	Culture	Culture-core	guitar	0	0	[]	0	0	"[""substring_requires_transfer_review""]"	Culture	proposed	high	agrees_with_previous_llm	"[""substring_requires_transfer_review""]"	0	freebase_bhht_author_lookup_v1	lookup_candidate_not_frozen	"[""Haruhiko Takauchi""]"
1417	Neurosurgery	1	neurosurgery	no_author_rule	no_author_rule			[]	0	0	[]	[]	[]	[]				0	0	[]	0	0	"[""no_author_rule""]"		out_of_scope	medium	no_unique_author_l1_candidate	"[""no_author_rule""]"	0	freebase_bhht_author_lookup_v1	lookup_candidate_not_frozen	"[""Harvey Cushing""]"
1418	Recruitment Officer	1	recruitment_officer	author_substring	substring_unique_candidate	Leadership	Military	"[[""Leadership"",""Military""]]"	1	1	"[""officer_""]"	[1412]	"[[""Leadership"",""Military""]]"	[1412]	Leadership	Military	officer_	0	0	[]	0	0	"[""substring_requires_transfer_review""]"	Leadership	proposed	high	agrees_with_previous_llm	"[""substring_requires_transfer_review""]"	0	freebase_bhht_author_lookup_v1	lookup_candidate_not_frozen	"[""Hayley Walsh""]"
1419	Houseware designer	1	houseware_designer	author_substring	substring_unique_candidate	Culture	Culture-periphery	"[[""Culture"",""Culture-periphery""]]"	1	1	"[""designer""]"	[606]	"[[""Culture"",""Culture-periphery""]]"	[606]	Culture	Culture-periphery	designer	0	0	[]	0	0	"[""substring_requires_transfer_review""]"	Culture	proposed	high	agrees_with_previous_llm	"[""substring_requires_transfer_review""]"	0	freebase_bhht_author_lookup_v1	lookup_candidate_not_frozen	"[""Heather McCartney""]"
1420	Prima donna	1	prima_donna	no_author_rule	no_author_rule			[]	0	0	[]	[]	[]	[]				0	0	[]	0	0	"[""no_author_rule""]"	Culture	proposed	medium	no_unique_author_l1_candidate	"[""no_author_rule""]"	0	freebase_bhht_author_lookup_v1	lookup_candidate_not_frozen	"[""Hedwig Kindermann""]"
1421	Benshi	1	benshi	no_author_rule	no_author_rule			[]	0	0	[]	[]	[]	[]				0	0	[]	0	0	"[""no_author_rule""]"	Culture	proposed	high	no_unique_author_l1_candidate	"[""no_author_rule""]"	0	freebase_bhht_author_lookup_v1	lookup_candidate_not_frozen	"[""Heigo Kurosawa""]"
1422	internet business consultant	1	internet_business_consultant	author_substring	substring_cross_l1_conflict			"[[""Leadership"",""Corporate/Executive/Business (large)""],[""Other"",""Worker/Business (small)""]]"	2	2	"[""business"",""consultant""]"	[1218,1566]	"[[""Leadership"",""Corporate/Executive/Business (large)""],[""Other"",""Worker/Business (small)""]]"	[1218,1566]	Leadership	Corporate/Executive/Business (large)	business	0	0	[]	0	0	"[""substring_requires_transfer_review"",""multiple_author_l1_candidates""]"		needs_review	low	no_unique_author_l1_candidate	"[""substring_requires_transfer_review"",""multiple_author_l1_candidates""]"	0	freebase_bhht_author_lookup_v1	lookup_candidate_not_frozen	"[""Helga Haas""]"
1423	Military Strategist	1	military_strategist	author_substring	substring_unique_candidate	Leadership	Military	"[[""Leadership"",""Military""]]"	1	1	"[""militar""]"	[1407]	"[[""Leadership"",""Military""]]"	[1407]	Leadership	Military	militar	0	0	[]	0	0	"[""substring_requires_transfer_review""]"	Leadership	proposed	medium	agrees_with_previous_llm	"[""substring_requires_transfer_review""]"	0	freebase_bhht_author_lookup_v1	lookup_candidate_not_frozen	"[""Helmuth von Moltke the Elder""]"
1424	Reverand	1	reverand	no_author_rule	no_author_rule			[]	0	0	[]	[]	[]	[]				0	0	[]	0	0	"[""no_author_rule""]"		needs_review	low	no_unique_author_l1_candidate	"[""no_author_rule""]"	0	freebase_bhht_author_lookup_v1	lookup_candidate_not_frozen	"[""Henry Beard Delany""]"
1425	High Court Judge	1	high_court_judge	author_substring	substring_unique_candidate	Leadership	Administration/Law	"[[""Leadership"",""Administration/Law""]]"	1	1	"[""judge""]"	[1076]	"[[""Leadership"",""Administration/Law""]]"	[1076]	Leadership	Administration/Law	judge	0	0	[]	0	0	"[""substring_requires_transfer_review""]"	Leadership	proposed	high	agrees_with_previous_llm	"[""substring_requires_transfer_review""]"	0	freebase_bhht_author_lookup_v1	lookup_candidate_not_frozen	"[""Henry Hodge""]"
1426	Reconnaissance	1	reconnaissance	no_author_rule	no_author_rule			[]	0	0	[]	[]	[]	[]				0	0	[]	0	0	"[""no_author_rule""]"		out_of_scope	medium	no_unique_author_l1_candidate	"[""no_author_rule""]"	0	freebase_bhht_author_lookup_v1	lookup_candidate_not_frozen	"[""Henry Kissinger""]"
1427	Machine Tool operator	1	machine_tool_operator	author_substring	substring_unique_candidate	Other	Worker/Business (small)	"[[""Other"",""Worker/Business (small)""]]"	1	1	"[""operator""]"	[1661]	"[[""Other"",""Worker/Business (small)""]]"	[1661]	Other	Worker/Business (small)	operator	0	0	[]	0	0	"[""substring_requires_transfer_review""]"		out_of_scope	high	formal_author_other_previously_out_of_scope	"[""substring_requires_transfer_review""]"	0	freebase_bhht_author_lookup_v1	lookup_candidate_not_frozen	"[""Henry Maudslay""]"
1428	Pharmaceutical Entrepreneur	1	pharmaceutical_entrepreneur	author_substring	substring_unique_candidate	Leadership	Corporate/Executive/Business (large)	"[[""Leadership"",""Corporate/Executive/Business (large)""]]"	1	1	"[""entrepreneur""]"	[1222]	"[[""Leadership"",""Corporate/Executive/Business (large)""]]"	[1222]	Leadership	Corporate/Executive/Business (large)	entrepreneur	0	0	[]	0	0	"[""substring_requires_transfer_review""]"	Leadership	proposed	high	agrees_with_previous_llm	"[""substring_requires_transfer_review""]"	0	freebase_bhht_author_lookup_v1	lookup_candidate_not_frozen	"[""Henry Wellcome""]"
1429	First Lady of Chile	1	first_lady_of_chile	author_substring	substring_unique_candidate	Leadership	Politics	"[[""Leadership"",""Politics""]]"	1	1	"[""first_lady""]"	[973]	"[[""Leadership"",""Politics""]]"	[973]	Leadership	Politics	first_lady	0	0	[]	0	0	"[""substring_requires_transfer_review""]"		out_of_scope	medium	author_candidate_previous_out_of_scope	"[""substring_requires_transfer_review""]"	0	freebase_bhht_author_lookup_v1	lookup_candidate_not_frozen	"[""Hortensia Bussi""]"
1430	Shock jock	1	shock_jock	no_author_rule	no_author_rule			[]	0	0	[]	[]	[]	[]				0	0	[]	0	0	"[""no_author_rule""]"	Culture	proposed	high	no_unique_author_l1_candidate	"[""no_author_rule""]"	0	freebase_bhht_author_lookup_v1	lookup_candidate_not_frozen	"[""Howard Stern""]"
1431	Road agent	1	road_agent	no_author_rule	no_author_rule			[]	0	0	[]	[]	[]	[]				0	0	[]	0	0	"[""no_author_rule""]"		out_of_scope	high	no_unique_author_l1_candidate	"[""no_author_rule""]"	0	freebase_bhht_author_lookup_v1	lookup_candidate_not_frozen	"[""Héctor Guerrero""]"
1432	Theatre consultant	1	theatre_consultant	author_substring	substring_cross_l1_conflict			"[[""Culture"",""Culture-core""],[""Other"",""Worker/Business (small)""]]"	2	2	"[""theatre"",""consultant""]"	[550,1566]	"[[""Culture"",""Culture-core""],[""Other"",""Worker/Business (small)""]]"	[550,1566]	Culture	Culture-core	theatre	0	0	[]	0	0	"[""substring_requires_transfer_review"",""multiple_author_l1_candidates""]"		needs_review	low	no_unique_author_l1_candidate	"[""substring_requires_transfer_review"",""multiple_author_l1_candidates""]"	0	freebase_bhht_author_lookup_v1	lookup_candidate_not_frozen	"[""Ian Albery""]"
1433	Faqīh	1	faqīh	no_author_rule	no_author_rule			[]	0	0	[]	[]	[]	[]				0	0	[]	0	0	"[""no_author_rule""]"	Discovery/Science	proposed	high	no_unique_author_l1_candidate	"[""no_author_rule""]"	0	freebase_bhht_author_lookup_v1	lookup_candidate_not_frozen	"[""Ibn Kathir""]"
1434	Employment counsellor	1	employment_counsellor	author_substring	substring_unique_candidate	Other	Worker/Business (small)	"[[""Other"",""Worker/Business (small)""]]"	1	1	"[""counsellor""]"	[1570]	"[[""Other"",""Worker/Business (small)""]]"	[1570]	Other	Worker/Business (small)	counsellor	0	0	[]	0	0	"[""substring_requires_transfer_review""]"		needs_review	low	author_candidate_previous_needs_review	"[""substring_requires_transfer_review""]"	0	freebase_bhht_author_lookup_v1	lookup_candidate_not_frozen	"[""Ikezawa Schoenbaum Naomi""]"
1435	Medical assistant	1	medical_assistant	author_substring	substring_unique_candidate	Discovery/Science	Academia	"[[""Discovery/Science"",""Academia""]]"	1	1	"[""medical""]"	[812]	"[[""Discovery/Science"",""Academia""]]"	[812]	Discovery/Science	Academia	medical	0	0	[]	0	0	"[""substring_requires_transfer_review""]"		needs_review	low	author_candidate_previous_needs_review	"[""substring_requires_transfer_review""]"	0	freebase_bhht_author_lookup_v1	lookup_candidate_not_frozen	"[""Ilse Braun""]"
1436	Robber	1	robber	author_exact	exact_unique	Other	Other	"[[""Other"",""Other""]]"	1	1	"[""_robber_""]"	[1765]	"[[""Other"",""Other""]]"	[1765]	Other	Other	_robber_	0	0	"[{""level1"":""Other"",""level2"":""Other"",""level3"":""robber"",""person_count"":56,""example_wikidata_codes"":""Q1335393|Q16007361|Q16008791""}]"	0	0	[]		out_of_scope	high	formal_author_other_previously_out_of_scope	[]	0	freebase_bhht_author_lookup_v1	lookup_candidate_not_frozen	"[""Impenitent thief""]"
1437	Lord Chamberlain	1	lord_chamberlain	author_substring	substring_unique_candidate	Leadership	Nobility	"[[""Leadership"",""Nobility""]]"	1	1	"[""_lord"",""chamberlain""]"	[1120,1129]	"[[""Leadership"",""Nobility""]]"	[1120,1129]	Leadership	Nobility	_lord	0	0	[]	0	0	"[""substring_requires_transfer_review""]"	Leadership	proposed	high	agrees_with_previous_llm	"[""substring_requires_transfer_review""]"	0	freebase_bhht_author_lookup_v1	lookup_candidate_not_frozen	"[""Imre Madách (Landlord)""]"
1438	Freedom fighter	1	freedom_fighter	author_exact	exact_unique	Leadership	Politics	"[[""Leadership"",""Politics""]]"	1	1	"[""freedom_fighter""]"	[978]	"[[""Leadership"",""Military""],[""Leadership"",""Politics""],[""Sports/Games"",""Sports/Games""]]"	[96,978,1390]	Sports/Games	Sports/Games	fighter	1	1	"[{""level1"":""Leadership"",""level2"":""Politics"",""level3"":""freedom_fighter"",""person_count"":130,""example_wikidata_codes"":""Q12517001|Q12606437|Q12810870""}]"	0	0	"[""exact_lookup_differs_from_full_author_first_match""]"	Leadership	proposed	medium	agrees_with_previous_llm	"[""exact_lookup_differs_from_full_author_first_match""]"	0	freebase_bhht_author_lookup_v1	lookup_candidate_not_frozen	"[""Indrani Devi""]"
1439	Medicine man	1	medicine_man	author_substring	substring_unique_candidate	Discovery/Science	Academia	"[[""Discovery/Science"",""Academia""]]"	1	1	"[""medicine""]"	[813]	"[[""Discovery/Science"",""Academia""]]"	[813]	Discovery/Science	Academia	medicine	0	0	[]	0	0	"[""substring_requires_transfer_review""]"		needs_review	low	author_candidate_previous_needs_review	"[""substring_requires_transfer_review""]"	0	freebase_bhht_author_lookup_v1	lookup_candidate_not_frozen	"[""Iron Jacket""]"
1440	Head Master	1	head_master	no_author_rule	no_author_rule			[]	0	0	[]	[]	[]	[]				0	0	[]	0	0	"[""no_author_rule""]"		needs_review	low	no_unique_author_l1_candidate	"[""no_author_rule""]"	0	freebase_bhht_author_lookup_v1	lookup_candidate_not_frozen	"[""Israel Oludotun Ransome-Kuti""]"
1441	Crewman	1	crewman	no_author_rule	no_author_rule			[]	0	0	[]	[]	[]	[]				0	0	[]	0	0	"[""no_author_rule""]"		out_of_scope	medium	no_unique_author_l1_candidate	"[""no_author_rule""]"	0	freebase_bhht_author_lookup_v1	lookup_candidate_not_frozen	"[""Ivan Dmitriyevich Sednev""]"
1442	Lackey (Profession)	1	lackey_(profession)	no_author_rule	no_author_rule			[]	0	0	[]	[]	[]	[]				0	0	[]	0	0	"[""no_author_rule""]"		out_of_scope	high	no_unique_author_l1_candidate	"[""no_author_rule""]"	0	freebase_bhht_author_lookup_v1	lookup_candidate_not_frozen	"[""Ivan Dmitriyevich Sednev""]"
1443	Social media strategist	1	social_media_strategist	author_substring	substring_unique_candidate	Culture	Culture-periphery	"[[""Culture"",""Culture-periphery""]]"	1	1	"[""_media""]"	[576]	"[[""Culture"",""Culture-periphery""]]"	[576]	Culture	Culture-periphery	_media	0	0	[]	0	0	"[""substring_requires_transfer_review""]"		needs_review	low	author_candidate_previous_needs_review	"[""substring_requires_transfer_review""]"	0	freebase_bhht_author_lookup_v1	lookup_candidate_not_frozen	"[""Ivan Garcia Estebanez""]"
1444	Vice admiral	1	vice_admiral	author_substring	substring_unique_candidate	Leadership	Military	"[[""Leadership"",""Military""]]"	1	1	"[""admiral""]"	[1368]	"[[""Leadership"",""Military""]]"	[1368]	Leadership	Military	admiral	0	0	[]	0	0	"[""substring_requires_transfer_review""]"	Leadership	proposed	medium	agrees_with_previous_llm	"[""substring_requires_transfer_review""]"	0	freebase_bhht_author_lookup_v1	lookup_candidate_not_frozen	"[""Ivan Ivanovich Butakov""]"
1445	Key grip	1	key_grip	no_author_rule	no_author_rule			[]	0	0	[]	[]	[]	[]				0	0	[]	0	0	"[""no_author_rule""]"	Culture	proposed	high	no_unique_author_l1_candidate	"[""no_author_rule""]"	0	freebase_bhht_author_lookup_v1	lookup_candidate_not_frozen	"[""J. Patrick Daily (Man)""]"
1446	B-boy	1	b-boy	no_author_rule	no_author_rule			[]	0	0	[]	[]	[]	[]				0	0	[]	0	0	"[""no_author_rule""]"	Culture	proposed	medium	no_unique_author_l1_candidate	"[""no_author_rule""]"	0	freebase_bhht_author_lookup_v1	lookup_candidate_not_frozen	"[""JAQ""]"
1447	burglar	1	burglar	author_exact	exact_unique	Other	Other	"[[""Other"",""Other""]]"	1	1	"[""_burglar_""]"	[1751]	"[[""Other"",""Other""]]"	[1751]	Other	Other	_burglar_	0	0	"[{""level1"":""Other"",""level2"":""Other"",""level3"":""burglar"",""person_count"":14,""example_wikidata_codes"":""Q4356917|Q4580410|Q46586355""}]"	0	0	[]		out_of_scope	medium	formal_author_other_previously_out_of_scope	[]	0	freebase_bhht_author_lookup_v1	lookup_candidate_not_frozen	"[""Jack Black (Writer)""]"
1448	Basketball Official	1	basketball_official	author_substring	substring_unique_candidate	Sports/Games	Sports/Games	"[[""Sports/Games"",""Sports/Games""]]"	1	1	"[""basket""]"	[42]	"[[""Sports/Games"",""Sports/Games""]]"	[42]	Sports/Games	Sports/Games	basket	0	0	[]	0	0	"[""substring_requires_transfer_review""]"	Sports/Games	proposed	high	agrees_with_previous_llm	"[""substring_requires_transfer_review""]"	0	freebase_bhht_author_lookup_v1	lookup_candidate_not_frozen	"[""Jack Nies""]"
1449	Toolmaker	1	toolmaker	author_exact	exact_unique	Other	Worker/Business (small)	"[[""Other"",""Worker/Business (small)""]]"	1	1	"[""toolmaker""]"	[1701]	"[[""Other"",""Worker/Business (small)""]]"	[1701]	Other	Worker/Business (small)	toolmaker	0	0	"[{""level1"":""Other"",""level2"":""Worker/Business (small)"",""level3"":""toolmaker"",""person_count"":1,""example_wikidata_codes"":""Q7349329""}]"	0	0	[]		out_of_scope	high	formal_author_other_previously_out_of_scope	[]	0	freebase_bhht_author_lookup_v1	lookup_candidate_not_frozen	"[""Jack Osbourne (Deceased Person)""]"
1450	Fur Trader	1	fur_trader	author_substring	substring_unique_candidate	Leadership	Corporate/Executive/Business (large)	"[[""Leadership"",""Corporate/Executive/Business (large)""]]"	1	1	"[""trader""]"	[1247]	"[[""Leadership"",""Corporate/Executive/Business (large)""]]"	[1247]	Leadership	Corporate/Executive/Business (large)	trader	0	0	[]	0	0	"[""substring_requires_transfer_review""]"		needs_review	low	author_candidate_previous_needs_review	"[""substring_requires_transfer_review""]"	0	freebase_bhht_author_lookup_v1	lookup_candidate_not_frozen	"[""Jack Rosenblatt""]"
1451	Aircraft maintenance technician	1	aircraft_maintenance_technician	author_substring	substring_unique_candidate	Other	Worker/Business (small)	"[[""Other"",""Worker/Business (small)""]]"	1	1	"[""technician""]"	[1698]	"[[""Other"",""Worker/Business (small)""]]"	[1698]	Other	Worker/Business (small)	technician	0	0	[]	0	0	"[""substring_requires_transfer_review""]"		out_of_scope	high	formal_author_other_previously_out_of_scope	"[""substring_requires_transfer_review""]"	0	freebase_bhht_author_lookup_v1	lookup_candidate_not_frozen	"[""Jack Ruby""]"
1452	Physical Training Instructor	1	physical_training_instructor	author_substring	substring_unique_candidate	Discovery/Science	Academia	"[[""Discovery/Science"",""Academia""]]"	1	1	"[""instructor""]"	[794]	"[[""Discovery/Science"",""Academia""]]"	[794]	Discovery/Science	Academia	instructor	0	0	[]	0	0	"[""substring_requires_transfer_review""]"	Sports/Games	proposed	high	differs_from_previous_llm	"[""substring_requires_transfer_review"",""previous_llm_l1_disagreement""]"	0	freebase_bhht_author_lookup_v1	lookup_candidate_not_frozen	"[""Jack Watson""]"
1453	Sexton	1	sexton	no_author_rule	no_author_rule			[]	0	0	[]	[]	[]	[]				0	0	[]	0	0	"[""no_author_rule""]"	Leadership	proposed	medium	no_unique_author_l1_candidate	"[""no_author_rule""]"	0	freebase_bhht_author_lookup_v1	lookup_candidate_not_frozen	"[""Jacob Johnson""]"
1454	Chansonnier	1	chansonnier	author_exact	exact_unique	Culture	Culture-core	"[[""Culture"",""Culture-core""]]"	1	1	"[""chansonnier""]"	[378]	"[[""Culture"",""Culture-core""]]"	[378]	Culture	Culture-core	chansonnier	0	0	"[{""level1"":""Culture"",""level2"":""Culture-core"",""level3"":""chansonnier"",""person_count"":138,""example_wikidata_codes"":""Q1287601|Q1346280|Q1371399""}]"	0	0	[]	Culture	proposed	high	agrees_with_previous_llm	[]	0	freebase_bhht_author_lookup_v1	lookup_candidate_not_frozen	"[""Jacques Bodoin (Singer)""]"
1455	Dance Educator	1	dance_educator	author_substring	substring_cross_l1_conflict			"[[""Culture"",""Culture-core""],[""Discovery/Science"",""Academia""]]"	2	2	"[""_dance_"",""educator""]"	[314,738]	"[[""Culture"",""Culture-core""],[""Discovery/Science"",""Academia""]]"	[314,738]	Culture	Culture-core	_dance_	0	0	[]	0	0	"[""substring_requires_transfer_review"",""multiple_author_l1_candidates""]"		needs_review	low	no_unique_author_l1_candidate	"[""substring_requires_transfer_review"",""multiple_author_l1_candidates""]"	0	freebase_bhht_author_lookup_v1	lookup_candidate_not_frozen	"[""Jacques d'Amboise""]"
1456	Stunt Assistant	1	stunt_assistant	author_substring	substring_unique_candidate	Culture	Culture-core	"[[""Culture"",""Culture-core""]]"	1	1	"[""_stunt_""]"	[340]	"[[""Culture"",""Culture-core""]]"	[340]	Culture	Culture-core	_stunt_	0	0	[]	0	0	"[""substring_requires_transfer_review""]"		needs_review	low	author_candidate_previous_needs_review	"[""substring_requires_transfer_review""]"	0	freebase_bhht_author_lookup_v1	lookup_candidate_not_frozen	"[""Jade Gordon""]"
1457	Pharmacy technician	1	pharmacy_technician	author_substring	substring_unique_candidate	Other	Worker/Business (small)	"[[""Other"",""Worker/Business (small)""]]"	1	1	"[""technician""]"	[1698]	"[[""Other"",""Worker/Business (small)""]]"	[1698]	Other	Worker/Business (small)	technician	0	0	[]	0	0	"[""substring_requires_transfer_review""]"		needs_review	low	author_candidate_previous_needs_review	"[""substring_requires_transfer_review""]"	0	freebase_bhht_author_lookup_v1	lookup_candidate_not_frozen	"[""Jade Michael LaFont""]"
1458	Laity	1	laity	no_author_rule	no_author_rule			[]	0	0	[]	[]	[]	[]				0	0	[]	0	0	"[""no_author_rule""]"		out_of_scope	high	no_unique_author_l1_candidate	"[""no_author_rule""]"	0	freebase_bhht_author_lookup_v1	lookup_candidate_not_frozen	"[""James A. Garfield""]"
1459	Barista	1	barista	no_author_rule	no_author_rule			[]	0	0	[]	[]	[]	[]				0	0	[]	0	0	"[""no_author_rule""]"		out_of_scope	medium	no_unique_author_l1_candidate	"[""no_author_rule""]"	0	freebase_bhht_author_lookup_v1	lookup_candidate_not_frozen	"[""James A. Moore""]"
1460	Commodore (Military rank) #12	1	commodore_(military_rank)_#12	author_substring	substring_unique_candidate	Leadership	Military	"[[""Leadership"",""Military""]]"	1	1	"[""militar""]"	[1407]	"[[""Leadership"",""Military""]]"	[1407]	Leadership	Military	militar	0	0	[]	0	0	"[""substring_requires_transfer_review""]"	Leadership	proposed	high	agrees_with_previous_llm	"[""substring_requires_transfer_review""]"	0	freebase_bhht_author_lookup_v1	lookup_candidate_not_frozen	"[""James Fanshawe (Military Person)""]"
1461	Gymterneter	1	gymterneter	no_author_rule	no_author_rule			[]	0	0	[]	[]	[]	[]				0	0	[]	0	0	"[""no_author_rule""]"		needs_review	low	no_unique_author_l1_candidate	"[""no_author_rule""]"	0	freebase_bhht_author_lookup_v1	lookup_candidate_not_frozen	"[""James Greaves""]"
1462	Most Eligible	1	most_eligible	no_author_rule	no_author_rule			[]	0	0	[]	[]	[]	[]				0	0	[]	0	0	"[""no_author_rule""]"		out_of_scope	medium	no_unique_author_l1_candidate	"[""no_author_rule""]"	0	freebase_bhht_author_lookup_v1	lookup_candidate_not_frozen	"[""James Greaves""]"
1463	Post Office Worker	1	post_office_worker	author_substring	substring_unique_candidate	Other	Worker/Business (small)	"[[""Other"",""Worker/Business (small)""]]"	1	1	"[""worker""]"	[1716]	"[[""Other"",""Worker/Business (small)""]]"	[1716]	Other	Worker/Business (small)	worker	0	0	[]	0	0	"[""substring_requires_transfer_review""]"		out_of_scope	high	formal_author_other_previously_out_of_scope	"[""substring_requires_transfer_review""]"	0	freebase_bhht_author_lookup_v1	lookup_candidate_not_frozen	"[""James Millard Hopper""]"
1464	Light Sculptor	1	light_sculptor	author_substring	substring_unique_candidate	Culture	Culture-core	"[[""Culture"",""Culture-core""]]"	1	1	"[""sculptor""]"	[525]	"[[""Culture"",""Culture-core""]]"	[525]	Culture	Culture-core	sculptor	0	0	[]	0	0	"[""substring_requires_transfer_review""]"	Culture	proposed	high	agrees_with_previous_llm	"[""substring_requires_transfer_review""]"	0	freebase_bhht_author_lookup_v1	lookup_candidate_not_frozen	"[""James Turrell""]"
1465	Attaché	1	attaché	no_author_rule	no_author_rule			[]	0	0	[]	[]	[]	[]				0	0	[]	0	0	"[""no_author_rule""]"	Leadership	proposed	medium	no_unique_author_l1_candidate	"[""no_author_rule""]"	0	freebase_bhht_author_lookup_v1	lookup_candidate_not_frozen	"[""Jan Arvesen""]"
1466	Courier	1	courier	no_author_rule	no_author_rule			[]	0	0	[]	[]	[]	[]				0	0	[]	0	0	"[""no_author_rule""]"		out_of_scope	high	no_unique_author_l1_candidate	"[""no_author_rule""]"	0	freebase_bhht_author_lookup_v1	lookup_candidate_not_frozen	"[""Jan Karski""]"
1467	Chairty Worker	1	chairty_worker	author_substring	substring_unique_candidate	Other	Worker/Business (small)	"[[""Other"",""Worker/Business (small)""]]"	1	1	"[""worker""]"	[1716]	"[[""Other"",""Worker/Business (small)""]]"	[1716]	Other	Worker/Business (small)	worker	0	0	[]	0	0	"[""substring_requires_transfer_review""]"		out_of_scope	high	formal_author_other_previously_out_of_scope	"[""substring_requires_transfer_review""]"	0	freebase_bhht_author_lookup_v1	lookup_candidate_not_frozen	"[""Jane Ellison (Woman)""]"
1468	School counselor	1	school_counselor	author_substring	substring_unique_candidate	Other	Worker/Business (small)	"[[""Other"",""Worker/Business (small)""]]"	1	1	"[""counselor""]"	[1571]	"[[""Other"",""Worker/Business (small)""]]"	[1571]	Other	Worker/Business (small)	counselor	0	0	[]	0	0	"[""substring_requires_transfer_review""]"	Discovery/Science	proposed	medium	differs_from_previous_llm	"[""substring_requires_transfer_review"",""previous_llm_l1_disagreement""]"	0	freebase_bhht_author_lookup_v1	lookup_candidate_not_frozen	"[""Jane Etta Pitt""]"
1469	Lead vocalist	1	lead_vocalist	author_substring	substring_unique_candidate	Culture	Culture-core	"[[""Culture"",""Culture-core""]]"	1	1	"[""vocalist""]"	[567]	"[[""Culture"",""Culture-core""]]"	[567]	Culture	Culture-core	vocalist	0	0	[]	0	0	"[""substring_requires_transfer_review""]"	Culture	proposed	high	agrees_with_previous_llm	"[""substring_requires_transfer_review""]"	0	freebase_bhht_author_lookup_v1	lookup_candidate_not_frozen	"[""Jared Leto""]"
1470	Vibraphonist	1	vibraphonist	no_author_rule	no_author_rule			[]	0	0	[]	[]	[]	[]				0	0	[]	0	0	"[""no_author_rule""]"	Culture	proposed	high	no_unique_author_l1_candidate	"[""no_author_rule""]"	0	freebase_bhht_author_lookup_v1	lookup_candidate_not_frozen	"[""Jason Marsalis""]"
1471	Underwriting	1	underwriting	no_author_rule	no_author_rule			[]	0	0	[]	[]	[]	[]				0	0	[]	0	0	"[""no_author_rule""]"		out_of_scope	medium	no_unique_author_l1_candidate	"[""no_author_rule""]"	0	freebase_bhht_author_lookup_v1	lookup_candidate_not_frozen	"[""Jaya Shah""]"
1472	Fashion Commentator	1	fashion_commentator	author_substring	substring_unique_candidate	Culture	Culture-periphery	"[[""Culture"",""Culture-periphery""]]"	1	1	"[""commentator""]"	[599]	"[[""Culture"",""Culture-periphery""]]"	[599]	Culture	Culture-periphery	commentator	0	0	[]	0	0	"[""substring_requires_transfer_review""]"	Culture	proposed	high	agrees_with_previous_llm	"[""substring_requires_transfer_review""]"	0	freebase_bhht_author_lookup_v1	lookup_candidate_not_frozen	"[""Jeanne Cagney""]"
1473	Perfumer	1	perfumer	author_exact	exact_unique	Other	Other	"[[""Other"",""Other""]]"	1	1	"[""perfumer""]"	[1851]	"[[""Other"",""Other""]]"	[1851]	Other	Other	perfumer	0	0	"[{""level1"":""Other"",""level2"":""Other"",""level3"":""perfumer"",""person_count"":74,""example_wikidata_codes"":""Q1356245|Q1528109|Q15406945""}]"	0	0	[]		out_of_scope	high	formal_author_other_previously_out_of_scope	[]	0	freebase_bhht_author_lookup_v1	lookup_candidate_not_frozen	"[""Jennifer Lopez""]"
1474	Clinical Social Worker	1	clinical_social_worker	author_substring	substring_unique_candidate	Other	Worker/Business (small)	"[[""Other"",""Worker/Business (small)""]]"	1	1	"[""worker""]"	[1716]	"[[""Other"",""Worker/Business (small)""]]"	[1716]	Other	Worker/Business (small)	worker	0	0	[]	0	0	"[""substring_requires_transfer_review""]"	Discovery/Science	proposed	medium	differs_from_previous_llm	"[""substring_requires_transfer_review"",""previous_llm_l1_disagreement""]"	0	freebase_bhht_author_lookup_v1	lookup_candidate_not_frozen	"[""Jerome G. Miller""]"
1475	Hospital Attendant	1	hospital_attendant	no_author_rule	no_author_rule			[]	0	0	[]	[]	[]	[]				0	0	[]	0	0	"[""no_author_rule""]"		out_of_scope	high	no_unique_author_l1_candidate	"[""no_author_rule""]"	0	freebase_bhht_author_lookup_v1	lookup_candidate_not_frozen	"[""Jerome Jesse Berry""]"
1476	Trapper	1	trapper	author_substring	substring_unique_candidate	Culture	Culture-core	"[[""Culture"",""Culture-core""]]"	1	1	"[""rapper""]"	[512]	"[[""Culture"",""Culture-core""]]"	[512]	Culture	Culture-core	rapper	0	0	[]	0	0	"[""substring_requires_transfer_review""]"		out_of_scope	high	author_candidate_previous_out_of_scope	"[""substring_requires_transfer_review""]"	0	freebase_bhht_author_lookup_v1	lookup_candidate_not_frozen	"[""Jerome Leland-St. John""]"
1477	Tinsmith	1	tinsmith	author_exact	exact_unique	Other	Worker/Business (small)	"[[""Other"",""Worker/Business (small)""]]"	1	1	"[""tinsmith""]"	[1700]	"[[""Other"",""Worker/Business (small)""]]"	[1700]	Other	Worker/Business (small)	tinsmith	0	0	"[{""level1"":""Other"",""level2"":""Worker/Business (small)"",""level3"":""tinsmith"",""person_count"":9,""example_wikidata_codes"":""Q1411258|Q15455018|Q18224164""}]"	0	0	[]		out_of_scope	medium	formal_author_other_previously_out_of_scope	[]	0	freebase_bhht_author_lookup_v1	lookup_candidate_not_frozen	"[""Jerzy Chalupec""]"
1478	Drama Theorist	1	drama_theorist	author_substring	substring_cross_l1_conflict			"[[""Culture"",""Culture-core""],[""Discovery/Science"",""Academia""]]"	2	2	"[""_drama"",""theorist""]"	[318,914]	"[[""Culture"",""Culture-core""],[""Discovery/Science"",""Academia""]]"	[318,914]	Culture	Culture-core	_drama	0	0	[]	0	0	"[""substring_requires_transfer_review"",""multiple_author_l1_candidates""]"	Discovery/Science	proposed	high	no_unique_author_l1_candidate	"[""substring_requires_transfer_review"",""multiple_author_l1_candidates""]"	0	freebase_bhht_author_lookup_v1	lookup_candidate_not_frozen	"[""Jerzy Grotowski""]"
1479	Rock Musician	1	rock_musician	author_substring	substring_unique_candidate	Culture	Culture-core	"[[""Culture"",""Culture-core""]]"	1	1	"[""_music"",""_rock_"",""musician""]"	[325,331,473]	"[[""Culture"",""Culture-core""]]"	[325,331,473]	Culture	Culture-core	_music	0	0	[]	0	0	"[""substring_requires_transfer_review""]"	Culture	proposed	high	agrees_with_previous_llm	"[""substring_requires_transfer_review""]"	0	freebase_bhht_author_lookup_v1	lookup_candidate_not_frozen	"[""Jesse Blaze Snider""]"
1480	Engineering Drafter	1	engineering_drafter	author_substring	substring_unique_candidate	Discovery/Science	Explorer/Inventor/Developer	"[[""Discovery/Science"",""Explorer/Inventor/Developer""]]"	1	1	"[""engineer""]"	[1187]	"[[""Discovery/Science"",""Explorer/Inventor/Developer""]]"	[1187]	Discovery/Science	Explorer/Inventor/Developer	engineer	0	0	[]	0	0	"[""substring_requires_transfer_review""]"		needs_review	low	author_candidate_previous_needs_review	"[""substring_requires_transfer_review""]"	0	freebase_bhht_author_lookup_v1	lookup_candidate_not_frozen	"[""Jesse Wayne Swayze""]"
1481	Agrarian	1	agrarian	no_author_rule	no_author_rule			[]	0	0	[]	[]	[]	[]				0	0	[]	0	0	"[""no_author_rule""]"		needs_review	low	no_unique_author_l1_candidate	"[""no_author_rule""]"	0	freebase_bhht_author_lookup_v1	lookup_candidate_not_frozen	"[""Jethro Tull (Inventor)""]"
1482	Custodian	1	custodian	no_author_rule	no_author_rule			[]	0	0	[]	[]	[]	[]				0	0	[]	0	0	"[""no_author_rule""]"		out_of_scope	high	no_unique_author_l1_candidate	"[""no_author_rule""]"	0	freebase_bhht_author_lookup_v1	lookup_candidate_not_frozen	"[""Jimmy Lee Simpson""]"
1483	Counsellor	1	counsellor	author_exact	exact_unique	Other	Worker/Business (small)	"[[""Other"",""Worker/Business (small)""]]"	1	1	"[""counsellor""]"	[1570]	"[[""Other"",""Worker/Business (small)""]]"	[1570]	Other	Worker/Business (small)	counsellor	0	0	"[{""level1"":""Other"",""level2"":""Worker/Business (small)"",""level3"":""counsellor"",""person_count"":7,""example_wikidata_codes"":""Q24952421|Q2903694|Q4773750""}]"	0	0	[]		needs_review	low	author_candidate_previous_needs_review	[]	0	freebase_bhht_author_lookup_v1	lookup_candidate_not_frozen	"[""Joan Claridge""]"
1484	Counsellor in Norwich	1	counsellor_in_norwich	author_substring	substring_unique_candidate	Other	Worker/Business (small)	"[[""Other"",""Worker/Business (small)""]]"	1	1	"[""counsellor""]"	[1570]	"[[""Other"",""Worker/Business (small)""]]"	[1570]	Other	Worker/Business (small)	counsellor	0	0	[]	0	0	"[""substring_requires_transfer_review""]"		needs_review	low	author_candidate_previous_needs_review	"[""substring_requires_transfer_review""]"	0	freebase_bhht_author_lookup_v1	lookup_candidate_not_frozen	"[""Joan Claridge""]"
1485	Dramatic colouratura	1	dramatic_colouratura	author_substring	substring_unique_candidate	Culture	Culture-core	"[[""Culture"",""Culture-core""]]"	1	1	"[""_drama""]"	[318]	"[[""Culture"",""Culture-core""]]"	[318]	Culture	Culture-core	_drama	0	0	[]	0	0	"[""substring_requires_transfer_review""]"	Culture	proposed	high	agrees_with_previous_llm	"[""substring_requires_transfer_review""]"	0	freebase_bhht_author_lookup_v1	lookup_candidate_not_frozen	"[""Joan Sutherland""]"
1486	Wardrobe Assistant	1	wardrobe_assistant	no_author_rule	no_author_rule			[]	0	0	[]	[]	[]	[]				0	0	[]	0	0	"[""no_author_rule""]"		needs_review	low	no_unique_author_l1_candidate	"[""no_author_rule""]"	0	freebase_bhht_author_lookup_v1	lookup_candidate_not_frozen	"[""Joana Pinhão Botelho""]"
1487	Forklift operator	1	forklift_operator	author_substring	substring_unique_candidate	Other	Worker/Business (small)	"[[""Other"",""Worker/Business (small)""]]"	1	1	"[""operator""]"	[1661]	"[[""Other"",""Worker/Business (small)""]]"	[1661]	Other	Worker/Business (small)	operator	0	0	[]	0	0	"[""substring_requires_transfer_review""]"		out_of_scope	high	formal_author_other_previously_out_of_scope	"[""substring_requires_transfer_review""]"	0	freebase_bhht_author_lookup_v1	lookup_candidate_not_frozen	"[""Joe Isaak""]"
1488	Trainer	1	trainer	author_exact	exact_unique	Sports/Games	Sports/Games	"[[""Sports/Games"",""Sports/Games""]]"	1	1	"[""trainer""]"	[277]	"[[""Sports/Games"",""Sports/Games""]]"	[277]	Sports/Games	Sports/Games	trainer	0	0	"[{""level1"":""Sports/Games"",""level2"":""Sports/Games"",""level3"":""trainer"",""person_count"":232,""example_wikidata_codes"":""Q1101302|Q1168947|Q120628""}]"	0	0	[]		needs_review	low	author_candidate_previous_needs_review	[]	0	freebase_bhht_author_lookup_v1	lookup_candidate_not_frozen	"[""Joe Weider""]"
1489	Business Coach	1	business_coach	author_substring	substring_cross_l1_conflict			"[[""Leadership"",""Corporate/Executive/Business (large)""],[""Sports/Games"",""Sports/Games""]]"	2	2	"[""coach"",""business""]"	[75,1218]	"[[""Leadership"",""Corporate/Executive/Business (large)""],[""Sports/Games"",""Sports/Games""]]"	[75,1218]	Sports/Games	Sports/Games	coach	0	0	[]	0	0	"[""substring_requires_transfer_review"",""multiple_author_l1_candidates""]"		needs_review	low	no_unique_author_l1_candidate	"[""substring_requires_transfer_review"",""multiple_author_l1_candidates""]"	0	freebase_bhht_author_lookup_v1	lookup_candidate_not_frozen	"[""Joel Glenn Wright (Organisation leader) #1""]"
1490	Business consultant	1	business_consultant	author_substring	substring_cross_l1_conflict			"[[""Leadership"",""Corporate/Executive/Business (large)""],[""Other"",""Worker/Business (small)""]]"	2	2	"[""business"",""consultant""]"	[1218,1566]	"[[""Leadership"",""Corporate/Executive/Business (large)""],[""Other"",""Worker/Business (small)""]]"	[1218,1566]	Leadership	Corporate/Executive/Business (large)	business	0	0	[]	0	0	"[""substring_requires_transfer_review"",""multiple_author_l1_candidates""]"		needs_review	low	no_unique_author_l1_candidate	"[""substring_requires_transfer_review"",""multiple_author_l1_candidates""]"	0	freebase_bhht_author_lookup_v1	lookup_candidate_not_frozen	"[""Joel Glenn Wright (Organisation leader) #1""]"
1491	Entrepreneurship	1	entrepreneurship	author_substring	substring_unique_candidate	Leadership	Corporate/Executive/Business (large)	"[[""Leadership"",""Corporate/Executive/Business (large)""]]"	1	1	"[""entrepreneur""]"	[1222]	"[[""Leadership"",""Corporate/Executive/Business (large)""]]"	[1222]	Leadership	Corporate/Executive/Business (large)	entrepreneur	0	0	[]	0	0	"[""substring_requires_transfer_review""]"		out_of_scope	high	author_candidate_previous_out_of_scope	"[""substring_requires_transfer_review""]"	0	freebase_bhht_author_lookup_v1	lookup_candidate_not_frozen	"[""Joel Glenn Wright (Organisation leader) #1""]"
1492	School superintendent	1	school_superintendent	author_substring	substring_unique_candidate	Leadership	Administration/Law	"[[""Leadership"",""Administration/Law""]]"	1	1	"[""superintendent""]"	[1103]	"[[""Leadership"",""Administration/Law""]]"	[1103]	Leadership	Administration/Law	superintendent	0	0	[]	0	0	"[""substring_requires_transfer_review""]"		needs_review	low	author_candidate_previous_needs_review	"[""substring_requires_transfer_review""]"	0	freebase_bhht_author_lookup_v1	lookup_candidate_not_frozen	"[""Joel Klein""]"
1493	Set Painter	1	set_painter	author_substring	substring_unique_candidate	Culture	Culture-core	"[[""Culture"",""Culture-core""]]"	1	1	"[""painter""]"	[483]	"[[""Culture"",""Culture-core""]]"	[483]	Culture	Culture-core	painter	0	0	[]	0	0	"[""substring_requires_transfer_review""]"	Culture	proposed	high	agrees_with_previous_llm	"[""substring_requires_transfer_review""]"	0	freebase_bhht_author_lookup_v1	lookup_candidate_not_frozen	"[""Joey Genitempo""]"
1494	Laryngologist	1	laryngologist	no_author_rule	no_author_rule			[]	0	0	[]	[]	[]	[]				0	0	[]	0	0	"[""no_author_rule""]"	Discovery/Science	proposed	high	no_unique_author_l1_candidate	"[""no_author_rule""]"	0	freebase_bhht_author_lookup_v1	lookup_candidate_not_frozen	"[""Johann Schnitzler""]"
1495	Media scholar	1	media_scholar	author_substring	substring_cross_l1_conflict			"[[""Culture"",""Culture-periphery""],[""Discovery/Science"",""Academia""]]"	2	2	"[""_media"",""scholar""]"	[576,890]	"[[""Culture"",""Culture-periphery""],[""Discovery/Science"",""Academia""]]"	[576,890]	Culture	Culture-periphery	_media	0	0	[]	0	0	"[""substring_requires_transfer_review"",""multiple_author_l1_candidates""]"	Discovery/Science	proposed	medium	no_unique_author_l1_candidate	"[""substring_requires_transfer_review"",""multiple_author_l1_candidates""]"	0	freebase_bhht_author_lookup_v1	lookup_candidate_not_frozen	"[""Johannes Wahlstrom""]"
1496	Australian rules football coach	1	australian_rules_football_coach	author_substring	substring_unique_candidate	Sports/Games	Sports/Games	"[[""Sports/Games"",""Sports/Games""]]"	1	1	"[""coach"",""football""]"	[75,101]	"[[""Sports/Games"",""Sports/Games""]]"	[75,101]	Sports/Games	Sports/Games	coach	0	0	[]	0	0	"[""substring_requires_transfer_review""]"	Sports/Games	proposed	medium	agrees_with_previous_llm	"[""substring_requires_transfer_review""]"	0	freebase_bhht_author_lookup_v1	lookup_candidate_not_frozen	"[""John Blair (Professional Athlete)""]"
1497	Optometrist	1	optometrist	author_exact	exact_unique	Discovery/Science	Academia	"[[""Discovery/Science"",""Academia""]]"	1	1	"[""optometrist""]"	[835]	"[[""Discovery/Science"",""Academia""]]"	[835]	Discovery/Science	Academia	optometrist	0	0	"[{""level1"":""Discovery/Science"",""level2"":""Academia"",""level3"":""optometrist"",""person_count"":23,""example_wikidata_codes"":""Q15429385|Q16011226|Q16015520""}]"	0	0	[]	Discovery/Science	proposed	high	agrees_with_previous_llm	[]	0	freebase_bhht_author_lookup_v1	lookup_candidate_not_frozen	"[""John Boozman""]"
1498	Army	1	army	author_exact	exact_unique	Leadership	Military	"[[""Leadership"",""Military""]]"	1	1	"[""_army_""]"	[1364]	"[[""Leadership"",""Military""]]"	[1364]	Leadership	Military	_army_	0	0	"[{""level1"":""Leadership"",""level2"":""Military"",""level3"":""army"",""person_count"":2549,""example_wikidata_codes"":""Q1000761|Q1022196|Q1022204""}]"	0	0	[]		needs_review	low	author_candidate_previous_needs_review	[]	0	freebase_bhht_author_lookup_v1	lookup_candidate_not_frozen	"[""John E. Olson""]"
1499	Bankruptcy Lawyer	1	bankruptcy_lawyer	author_substring	substring_same_l1_multiple_l2	Leadership		"[[""Leadership"",""Administration/Law""],[""Leadership"",""Corporate/Executive/Business (large)""]]"	1	2	"[""_lawyer"",""bank""]"	[1053,1215]	"[[""Leadership"",""Administration/Law""],[""Leadership"",""Corporate/Executive/Business (large)""]]"	[1053,1215]	Leadership	Administration/Law	_lawyer	0	0	[]	0	0	"[""substring_requires_transfer_review"",""multiple_author_l2_candidates""]"	Leadership	proposed	high	agrees_with_previous_llm	"[""substring_requires_transfer_review"",""multiple_author_l2_candidates""]"	0	freebase_bhht_author_lookup_v1	lookup_candidate_not_frozen	"[""John Keenan (Lawyer)""]"
1500	divorce lawyer	1	divorce_lawyer	author_substring	substring_unique_candidate	Leadership	Administration/Law	"[[""Leadership"",""Administration/Law""]]"	1	1	"[""_lawyer""]"	[1053]	"[[""Leadership"",""Administration/Law""]]"	[1053]	Leadership	Administration/Law	_lawyer	0	0	[]	0	0	"[""substring_requires_transfer_review""]"	Leadership	proposed	high	agrees_with_previous_llm	"[""substring_requires_transfer_review""]"	0	freebase_bhht_author_lookup_v1	lookup_candidate_not_frozen	"[""John Keenan (Lawyer)""]"
1501	Federal judge	1	federal_judge	author_substring	substring_unique_candidate	Leadership	Administration/Law	"[[""Leadership"",""Administration/Law""]]"	1	1	"[""judge""]"	[1076]	"[[""Leadership"",""Administration/Law""]]"	[1076]	Leadership	Administration/Law	judge	0	0	[]	0	0	"[""substring_requires_transfer_review""]"	Leadership	proposed	high	agrees_with_previous_llm	"[""substring_requires_transfer_review""]"	0	freebase_bhht_author_lookup_v1	lookup_candidate_not_frozen	"[""John Lewis Smith, Jr.""]"
1502	Carpet cleaning	1	carpet_cleaning	no_author_rule	no_author_rule			[]	0	0	[]	[]	[]	[]				0	0	[]	0	0	"[""no_author_rule""]"		out_of_scope	high	no_unique_author_l1_candidate	"[""no_author_rule""]"	0	freebase_bhht_author_lookup_v1	lookup_candidate_not_frozen	"[""John Mascia""]"
1503	UX & Semantic Search Consultant	1	ux_&_semantic_search_consultant	author_substring	substring_unique_candidate	Other	Worker/Business (small)	"[[""Other"",""Worker/Business (small)""]]"	1	1	"[""consultant""]"	[1566]	"[[""Other"",""Worker/Business (small)""]]"	[1566]	Other	Worker/Business (small)	consultant	0	0	[]	0	0	"[""substring_requires_transfer_review""]"		needs_review	low	author_candidate_previous_needs_review	"[""substring_requires_transfer_review""]"	0	freebase_bhht_author_lookup_v1	lookup_candidate_not_frozen	"[""John S. Britsios""]"
1504	Professor of Elocution	1	professor_of_elocution	author_substring	substring_unique_candidate	Discovery/Science	Academia	"[[""Discovery/Science"",""Academia""]]"	1	1	"[""professor""]"	[878]	"[[""Discovery/Science"",""Academia""]]"	[878]	Discovery/Science	Academia	professor	0	0	[]	0	0	"[""substring_requires_transfer_review""]"	Discovery/Science	proposed	medium	agrees_with_previous_llm	"[""substring_requires_transfer_review""]"	0	freebase_bhht_author_lookup_v1	lookup_candidate_not_frozen	"[""John Walker (Lexicographer)""]"
1505	Genealogist	1	genealogist	author_exact	exact_unique	Discovery/Science	Academia	"[[""Discovery/Science"",""Academia""]]"	1	1	"[""genealogist""]"	[758]	"[[""Discovery/Science"",""Academia""]]"	[758]	Discovery/Science	Academia	genealogist	0	0	"[{""level1"":""Discovery/Science"",""level2"":""Academia"",""level3"":""genealogist"",""person_count"":263,""example_wikidata_codes"":""Q102023|Q10363714|Q1079563""}]"	0	0	[]	Discovery/Science	proposed	high	agrees_with_previous_llm	[]	0	freebase_bhht_author_lookup_v1	lookup_candidate_not_frozen	"[""Jon Lauritz Quisling""]"
1506	Online producer	1	online_producer	author_substring	substring_unique_candidate	Culture	Culture-core	"[[""Culture"",""Culture-core""]]"	1	1	"[""producer""]"	[506]	"[[""Culture"",""Culture-core""]]"	[506]	Culture	Culture-core	producer	0	0	[]	0	0	"[""substring_requires_transfer_review""]"		needs_review	low	author_candidate_previous_needs_review	"[""substring_requires_transfer_review""]"	0	freebase_bhht_author_lookup_v1	lookup_candidate_not_frozen	"[""Jon Schwartz""]"
1507	Medical researcher	1	medical_researcher	author_substring	substring_unique_candidate	Discovery/Science	Academia	"[[""Discovery/Science"",""Academia""]]"	1	1	"[""medical"",""research""]"	[812,887]	"[[""Discovery/Science"",""Academia""]]"	[812,887]	Discovery/Science	Academia	medical	0	0	[]	0	0	"[""substring_requires_transfer_review""]"	Discovery/Science	proposed	medium	agrees_with_previous_llm	"[""substring_requires_transfer_review""]"	0	freebase_bhht_author_lookup_v1	lookup_candidate_not_frozen	"[""Jonas Salk""]"
1508	Epistemologist	1	epistemologist	no_author_rule	no_author_rule			[]	0	0	[]	[]	[]	[]				0	0	[]	0	0	"[""no_author_rule""]"	Discovery/Science	proposed	high	no_unique_author_l1_candidate	"[""no_author_rule""]"	0	freebase_bhht_author_lookup_v1	lookup_candidate_not_frozen	"[""Jonathan Dancy""]"
1509	Paymaster	1	paymaster	no_author_rule	no_author_rule			[]	0	0	[]	[]	[]	[]				0	0	[]	0	0	"[""no_author_rule""]"		out_of_scope	high	no_unique_author_l1_candidate	"[""no_author_rule""]"	0	freebase_bhht_author_lookup_v1	lookup_candidate_not_frozen	"[""Jonathan Trumbull, Jr.""]"
1510	Computer game designer	1	computer_game_designer	author_substring	substring_cross_l1_conflict			"[[""Culture"",""Culture-periphery""],[""Sports/Games"",""Sports/Games""]]"	2	2	"[""_game"",""designer""]"	[12,606]	"[[""Culture"",""Culture-periphery""],[""Sports/Games"",""Sports/Games""]]"	[12,606]	Sports/Games	Sports/Games	_game	0	0	[]	0	0	"[""substring_requires_transfer_review"",""multiple_author_l1_candidates""]"		needs_review	low	no_unique_author_l1_candidate	"[""substring_requires_transfer_review"",""multiple_author_l1_candidates""]"	0	freebase_bhht_author_lookup_v1	lookup_candidate_not_frozen	"[""Jordan Mechner""]"
1511	Gambist	1	gambist	no_author_rule	no_author_rule			[]	0	0	[]	[]	[]	[]				0	0	[]	0	0	"[""no_author_rule""]"	Culture	proposed	high	no_unique_author_l1_candidate	"[""no_author_rule""]"	0	freebase_bhht_author_lookup_v1	lookup_candidate_not_frozen	"[""Jordi Savall""]"
1512	Otolaryngologist	1	otolaryngologist	author_exact	exact_unique	Discovery/Science	Academia	"[[""Discovery/Science"",""Academia""]]"	1	1	"[""otolaryngologist""]"	[841]	"[[""Discovery/Science"",""Academia""]]"	[841]	Discovery/Science	Academia	otolaryngologist	0	0	"[{""level1"":""Discovery/Science"",""level2"":""Academia"",""level3"":""otolaryngologist"",""person_count"":43,""example_wikidata_codes"":""Q12670788|Q1318581|Q1350957""}]"	0	0	[]	Discovery/Science	proposed	high	agrees_with_previous_llm	[]	0	freebase_bhht_author_lookup_v1	lookup_candidate_not_frozen	"[""Jorge Drexler""]"
1513	Serial entrepreneur	1	serial_entrepreneur	author_substring	substring_unique_candidate	Leadership	Corporate/Executive/Business (large)	"[[""Leadership"",""Corporate/Executive/Business (large)""]]"	1	1	"[""entrepreneur""]"	[1222]	"[[""Leadership"",""Corporate/Executive/Business (large)""]]"	[1222]	Leadership	Corporate/Executive/Business (large)	entrepreneur	0	0	[]	0	0	"[""substring_requires_transfer_review""]"	Leadership	proposed	medium	agrees_with_previous_llm	"[""substring_requires_transfer_review""]"	0	freebase_bhht_author_lookup_v1	lookup_candidate_not_frozen	"[""Jose Simoes""]"
1514	Locksmith	1	locksmith	author_exact	exact_unique	Other	Worker/Business (small)	"[[""Other"",""Worker/Business (small)""]]"	1	1	"[""_locksmith""]"	[1471]	"[[""Other"",""Worker/Business (small)""]]"	[1471]	Other	Worker/Business (small)	_locksmith	0	0	"[{""level1"":""Other"",""level2"":""Worker/Business (small)"",""level3"":""locksmith"",""person_count"":20,""example_wikidata_codes"":""Q15450408|Q1576429|Q16018867""}]"	0	0	[]		out_of_scope	high	formal_author_other_previously_out_of_scope	[]	0	freebase_bhht_author_lookup_v1	lookup_candidate_not_frozen	"[""Joseph Bramah""]"
1515	Hospital Driver	1	hospital_driver	author_substring	substring_unique_candidate	Sports/Games	Sports/Games	"[[""Sports/Games"",""Sports/Games""]]"	1	1	"[""_driver_""]"	[9]	"[[""Sports/Games"",""Sports/Games""]]"	[9]	Sports/Games	Sports/Games	_driver_	0	0	[]	0	0	"[""substring_requires_transfer_review""]"		out_of_scope	high	author_candidate_previous_out_of_scope	"[""substring_requires_transfer_review""]"	0	freebase_bhht_author_lookup_v1	lookup_candidate_not_frozen	"[""Joseph Mallam""]"
1516	Information security	1	information_security	no_author_rule	no_author_rule			[]	0	0	[]	[]	[]	[]				0	0	[]	0	0	"[""no_author_rule""]"		out_of_scope	medium	no_unique_author_l1_candidate	"[""no_author_rule""]"	0	freebase_bhht_author_lookup_v1	lookup_candidate_not_frozen	"[""Joseph Odipo""]"
1517	Online Editor	1	online_editor	author_substring	substring_unique_candidate	Culture	Culture-periphery	"[[""Culture"",""Culture-periphery""]]"	1	1	"[""editor""]"	[612]	"[[""Culture"",""Culture-periphery""]]"	[612]	Culture	Culture-periphery	editor	0	0	[]	0	0	"[""substring_requires_transfer_review""]"	Culture	proposed	medium	agrees_with_previous_llm	"[""substring_requires_transfer_review""]"	0	freebase_bhht_author_lookup_v1	lookup_candidate_not_frozen	"[""Joseph Odipo""]"
1518	Legal writer	1	legal_writer	author_substring	substring_unique_candidate	Culture	Culture-core	"[[""Culture"",""Culture-core""]]"	1	1	"[""_writer""]"	[343]	"[[""Culture"",""Culture-core""]]"	[343]	Culture	Culture-core	_writer	0	0	[]	0	0	"[""substring_requires_transfer_review""]"	Culture	proposed	high	agrees_with_previous_llm	"[""substring_requires_transfer_review""]"	0	freebase_bhht_author_lookup_v1	lookup_candidate_not_frozen	"[""Joseph Reed (Politician)""]"
1519	Mayor of Montazels	1	mayor_of_montazels	author_substring	substring_unique_candidate	Leadership	Politics	"[[""Leadership"",""Politics""]]"	1	1	"[""mayor""]"	[998]	"[[""Leadership"",""Politics""]]"	[998]	Leadership	Politics	mayor	0	0	[]	0	0	"[""substring_requires_transfer_review""]"	Leadership	proposed	medium	agrees_with_previous_llm	"[""substring_requires_transfer_review""]"	0	freebase_bhht_author_lookup_v1	lookup_candidate_not_frozen	"[""Joseph Saunière (Deceased Person)""]"
1520	Software Developer (Profession)	1	software_developer_(profession)	author_substring	substring_unique_candidate	Discovery/Science	Explorer/Inventor/Developer	"[[""Discovery/Science"",""Explorer/Inventor/Developer""]]"	1	1	"[""developer""]"	[1184]	"[[""Discovery/Science"",""Explorer/Inventor/Developer""]]"	[1184]	Discovery/Science	Explorer/Inventor/Developer	developer	0	0	[]	0	0	"[""substring_requires_transfer_review""]"	Discovery/Science	proposed	high	agrees_with_previous_llm	"[""substring_requires_transfer_review""]"	0	freebase_bhht_author_lookup_v1	lookup_candidate_not_frozen	"[""Joseph Wolff (m/012l9p86)""]"
1521	Video journalist	1	video_journalist	author_substring	substring_unique_candidate	Culture	Culture-periphery	"[[""Culture"",""Culture-periphery""]]"	1	1	"[""journalist""]"	[629]	"[[""Culture"",""Culture-periphery""]]"	[629]	Culture	Culture-periphery	journalist	0	0	[]	0	0	"[""substring_requires_transfer_review""]"	Culture	proposed	high	agrees_with_previous_llm	"[""substring_requires_transfer_review""]"	0	freebase_bhht_author_lookup_v1	lookup_candidate_not_frozen	"[""Josh Wolf""]"
1522	City council	1	city_council	author_exact	exact_unique	Leadership	Politics	"[[""Leadership"",""Politics""]]"	1	1	"[""city_council""]"	[950]	"[[""Leadership"",""Politics""]]"	[950]	Leadership	Politics	city_council	0	0	"[{""level1"":""Leadership"",""level2"":""Politics"",""level3"":""city_council"",""person_count"":139,""example_wikidata_codes"":""Q14951388|Q15269797|Q15443034""}]"	0	0	[]	Leadership	proposed	medium	agrees_with_previous_llm	[]	0	freebase_bhht_author_lookup_v1	lookup_candidate_not_frozen	"[""Julian Castro""]"
1523	Neuroscience	1	neuroscience	author_substring	substring_unique_candidate	Discovery/Science	Academia	"[[""Discovery/Science"",""Academia""]]"	1	1	"[""science""]"	[892]	"[[""Discovery/Science"",""Academia""]]"	[892]	Discovery/Science	Academia	science	0	0	[]	0	0	"[""substring_requires_transfer_review""]"		needs_review	low	author_candidate_previous_needs_review	"[""substring_requires_transfer_review""]"	0	freebase_bhht_author_lookup_v1	lookup_candidate_not_frozen	"[""Julian de Ajuriaguerra""]"
1524	Sound Artist	1	sound_artist	author_substring	substring_unique_candidate	Culture	Culture-core	"[[""Culture"",""Culture-core""]]"	1	1	"[""_artist""]"	[304]	"[[""Culture"",""Culture-core""]]"	[304]	Culture	Culture-core	_artist	0	0	[]	0	0	"[""substring_requires_transfer_review""]"	Culture	proposed	high	agrees_with_previous_llm	"[""substring_requires_transfer_review""]"	0	freebase_bhht_author_lookup_v1	lookup_candidate_not_frozen	"[""Jörn Donner""]"
1525	Caver	1	caver	author_exact	exact_unique	Discovery/Science	Academia	"[[""Discovery/Science"",""Academia""]]"	1	1	"[""_caver""]"	[666]	"[[""Discovery/Science"",""Academia""]]"	[666]	Discovery/Science	Academia	_caver	0	0	"[{""level1"":""Discovery/Science"",""level2"":""Academia"",""level3"":""caver"",""person_count"":2,""example_wikidata_codes"":""Q21176198|Q442777""}]"	0	0	[]		needs_review	low	author_candidate_previous_needs_review	[]	0	freebase_bhht_author_lookup_v1	lookup_candidate_not_frozen	"[""Karel Divíšek""]"
1526	Social entrepreneur	1	social_entrepreneur	author_substring	substring_unique_candidate	Leadership	Corporate/Executive/Business (large)	"[[""Leadership"",""Corporate/Executive/Business (large)""]]"	1	1	"[""entrepreneur""]"	[1222]	"[[""Leadership"",""Corporate/Executive/Business (large)""]]"	[1222]	Leadership	Corporate/Executive/Business (large)	entrepreneur	0	0	[]	0	0	"[""substring_requires_transfer_review""]"		needs_review	low	author_candidate_previous_needs_review	"[""substring_requires_transfer_review""]"	0	freebase_bhht_author_lookup_v1	lookup_candidate_not_frozen	"[""Karen Spencer, Countess Spencer""]"
1527	Economic historian	1	economic_historian	author_substring	substring_unique_candidate	Discovery/Science	Academia	"[[""Discovery/Science"",""Academia""]]"	1	1	"[""historian""]"	[783]	"[[""Discovery/Science"",""Academia""]]"	[783]	Discovery/Science	Academia	historian	0	0	[]	0	0	"[""substring_requires_transfer_review""]"	Discovery/Science	proposed	high	agrees_with_previous_llm	"[""substring_requires_transfer_review""]"	0	freebase_bhht_author_lookup_v1	lookup_candidate_not_frozen	"[""Karl Polanyi""]"
1528	Colonel general	1	colonel_general	author_substring	substring_unique_candidate	Leadership	Military	"[[""Leadership"",""Military""]]"	1	1	"[""colonel""]"	[1380]	"[[""Leadership"",""Military""]]"	[1380]	Leadership	Military	colonel	0	0	[]	0	0	"[""substring_requires_transfer_review""]"	Leadership	proposed	medium	agrees_with_previous_llm	"[""substring_requires_transfer_review""]"	0	freebase_bhht_author_lookup_v1	lookup_candidate_not_frozen	"[""Kazys Grinius (Deceased Person)""]"
1529	Printmaker (Music Artist)	1	printmaker_(music_artist)	author_substring	substring_unique_candidate	Culture	Culture-core	"[[""Culture"",""Culture-core""]]"	1	1	"[""_artist"",""printmaker""]"	[304,504]	"[[""Culture"",""Culture-core""]]"	[304,504]	Culture	Culture-core	_artist	0	0	[]	0	0	"[""substring_requires_transfer_review""]"	Culture	proposed	high	agrees_with_previous_llm	"[""substring_requires_transfer_review""]"	0	freebase_bhht_author_lookup_v1	lookup_candidate_not_frozen	"[""Keisuke Miyazaki""]"
1530	Vocal Arranger	1	vocal_arranger	no_author_rule	no_author_rule			[]	0	0	[]	[]	[]	[]				0	0	[]	0	0	"[""no_author_rule""]"	Culture	proposed	high	no_unique_author_l1_candidate	"[""no_author_rule""]"	0	freebase_bhht_author_lookup_v1	lookup_candidate_not_frozen	"[""Ken Darby""]"
1531	Tax Preparer	1	tax_preparer	no_author_rule	no_author_rule			[]	0	0	[]	[]	[]	[]				0	0	[]	0	0	"[""no_author_rule""]"		out_of_scope	medium	no_unique_author_l1_candidate	"[""no_author_rule""]"	0	freebase_bhht_author_lookup_v1	lookup_candidate_not_frozen	"[""Kent Damon""]"
1532	Dietitian	1	dietitian	author_exact	exact_unique	Other	Worker/Business (small)	"[[""Other"",""Worker/Business (small)""]]"	1	1	"[""dietitian""]"	[1579]	"[[""Other"",""Worker/Business (small)""]]"	[1579]	Other	Worker/Business (small)	dietitian	0	0	"[{""level1"":""Other"",""level2"":""Worker/Business (small)"",""level3"":""dietitian"",""person_count"":17,""example_wikidata_codes"":""Q14954469|Q14954470|Q16197142""}]"	0	0	[]	Discovery/Science	proposed	medium	differs_from_previous_llm	"[""previous_llm_l1_disagreement""]"	0	freebase_bhht_author_lookup_v1	lookup_candidate_not_frozen	"[""Keren Gilbert""]"
1533	Radiologist	1	radiologist	author_exact	exact_unique	Discovery/Science	Academia	"[[""Discovery/Science"",""Academia""]]"	1	1	"[""radiologist""]"	[886]	"[[""Discovery/Science"",""Academia""]]"	[886]	Discovery/Science	Academia	radiologist	0	0	"[{""level1"":""Discovery/Science"",""level2"":""Academia"",""level3"":""radiologist"",""person_count"":119,""example_wikidata_codes"":""Q1010399|Q1095477|Q11611590""}]"	0	0	[]	Discovery/Science	proposed	high	agrees_with_previous_llm	[]	0	freebase_bhht_author_lookup_v1	lookup_candidate_not_frozen	"[""Kevin Dickey""]"
1534	Gyōji	1	gyōji	no_author_rule	no_author_rule			[]	0	0	[]	[]	[]	[]				0	0	[]	0	0	"[""no_author_rule""]"	Sports/Games	proposed	medium	no_unique_author_l1_candidate	"[""no_author_rule""]"	0	freebase_bhht_author_lookup_v1	lookup_candidate_not_frozen	"[""Kimura Hisanosuke""]"
1535	Air Force Officer	1	air_force_officer	author_substring	substring_unique_candidate	Leadership	Military	"[[""Leadership"",""Military""]]"	1	1	"[""_force_"",""air_force"",""officer_""]"	[1365,1370,1412]	"[[""Leadership"",""Military""]]"	[1365,1370,1412]	Leadership	Military	_force_	0	0	[]	0	0	"[""substring_requires_transfer_review""]"	Leadership	proposed	high	agrees_with_previous_llm	"[""substring_requires_transfer_review""]"	0	freebase_bhht_author_lookup_v1	lookup_candidate_not_frozen	"[""Kingman Douglass""]"
1536	Doshu	1	doshu	no_author_rule	no_author_rule			[]	0	0	[]	[]	[]	[]				0	0	[]	0	0	"[""no_author_rule""]"		needs_review	low	no_unique_author_l1_candidate	"[""no_author_rule""]"	0	freebase_bhht_author_lookup_v1	lookup_candidate_not_frozen	"[""Kisshomaru Ueshiba""]"
1537	Animation Engineer	1	animation_engineer	author_substring	substring_cross_l1_conflict			"[[""Culture"",""Culture-core""],[""Discovery/Science"",""Explorer/Inventor/Developer""]]"	2	2	"[""animation"",""engineer""]"	[347,1187]	"[[""Culture"",""Culture-core""],[""Discovery/Science"",""Explorer/Inventor/Developer""]]"	[347,1187]	Culture	Culture-core	animation	0	0	[]	0	0	"[""substring_requires_transfer_review"",""multiple_author_l1_candidates""]"	Discovery/Science	proposed	medium	no_unique_author_l1_candidate	"[""substring_requires_transfer_review"",""multiple_author_l1_candidates""]"	0	freebase_bhht_author_lookup_v1	lookup_candidate_not_frozen	"[""Kitt Hirasaki""]"
1538	Bonesetter	1	bonesetter	no_author_rule	no_author_rule			[]	0	0	[]	[]	[]	[]				0	0	[]	0	0	"[""no_author_rule""]"		needs_review	low	no_unique_author_l1_candidate	"[""no_author_rule""]"	0	freebase_bhht_author_lookup_v1	lookup_candidate_not_frozen	"[""Kiyoshi Hayashishita""]"
1539	Secretary-General of the United Nations	1	secretary-general_of_the_united_nations	author_substring	substring_unique_candidate	Leadership	Politics	"[[""Leadership"",""Politics""]]"	1	1	"[""secretary"",""united_nation""]"	[1022,1042]	"[[""Leadership"",""Politics""]]"	[1022,1042]	Leadership	Politics	secretary	0	0	[]	0	0	"[""substring_requires_transfer_review""]"	Leadership	proposed	high	agrees_with_previous_llm	"[""substring_requires_transfer_review""]"	0	freebase_bhht_author_lookup_v1	lookup_candidate_not_frozen	"[""Kofi Annan""]"
1540	Design Engineer	1	design_engineer	author_substring	substring_unique_candidate	Discovery/Science	Explorer/Inventor/Developer	"[[""Discovery/Science"",""Explorer/Inventor/Developer""]]"	1	1	"[""engineer""]"	[1187]	"[[""Discovery/Science"",""Explorer/Inventor/Developer""]]"	[1187]	Discovery/Science	Explorer/Inventor/Developer	engineer	0	0	[]	0	0	"[""substring_requires_transfer_review""]"	Discovery/Science	proposed	medium	agrees_with_previous_llm	"[""substring_requires_transfer_review""]"	0	freebase_bhht_author_lookup_v1	lookup_candidate_not_frozen	"[""Kokilodaya Chaitra""]"
1541	Artillery Officer	1	artillery_officer	author_substring	substring_unique_candidate	Leadership	Military	"[[""Leadership"",""Military""]]"	1	1	"[""officer_""]"	[1412]	"[[""Leadership"",""Military""]]"	[1412]	Leadership	Military	officer_	0	0	[]	0	0	"[""substring_requires_transfer_review""]"	Leadership	proposed	high	agrees_with_previous_llm	"[""substring_requires_transfer_review""]"	0	freebase_bhht_author_lookup_v1	lookup_candidate_not_frozen	"[""Konstantine Khitrovo""]"
1542	Jazz Violinist	1	jazz_violinist	author_substring	substring_unique_candidate	Culture	Culture-core	"[[""Culture"",""Culture-core""]]"	1	1	"[""jazz"",""violin""]"	[451,563]	"[[""Culture"",""Culture-core""]]"	[451,563]	Culture	Culture-core	jazz	0	0	[]	0	0	"[""substring_requires_transfer_review""]"	Culture	proposed	high	agrees_with_previous_llm	"[""substring_requires_transfer_review""]"	0	freebase_bhht_author_lookup_v1	lookup_candidate_not_frozen	"[""Krzesimir Dębski""]"
1543	Martial Artist Teacher	1	martial_artist_teacher	author_substring	substring_cross_l1_conflict			"[[""Culture"",""Culture-core""],[""Discovery/Science"",""Academia""],[""Sports/Games"",""Sports/Games""]]"	3	3	"[""martial_art"",""_artist"",""teacher_""]"	[160,304,910]	"[[""Culture"",""Culture-core""],[""Discovery/Science"",""Academia""],[""Sports/Games"",""Sports/Games""]]"	[160,304,910]	Sports/Games	Sports/Games	martial_art	0	0	[]	0	0	"[""substring_requires_transfer_review"",""multiple_author_l1_candidates""]"	Sports/Games	proposed	medium	no_unique_author_l1_candidate	"[""substring_requires_transfer_review"",""multiple_author_l1_candidates""]"	0	freebase_bhht_author_lookup_v1	lookup_candidate_not_frozen	"[""Kwoklyn Wan""]"
1544	CNR (Composition)	1	cnr_(composition)	no_author_rule	no_author_rule			[]	0	0	[]	[]	[]	[]				0	0	[]	0	0	"[""no_author_rule""]"		needs_review	low	no_unique_author_l1_candidate	"[""no_author_rule""]"	0	freebase_bhht_author_lookup_v1	lookup_candidate_not_frozen	"[""LJ Duplacey""]"
1545	Manicurist	1	manicurist	no_author_rule	no_author_rule			[]	0	0	[]	[]	[]	[]				0	0	[]	0	0	"[""no_author_rule""]"		out_of_scope	high	no_unique_author_l1_candidate	"[""no_author_rule""]"	0	freebase_bhht_author_lookup_v1	lookup_candidate_not_frozen	"[""Laila Ali""]"
1546	Woman	1	woman	no_author_rule	no_author_rule			[]	0	0	[]	[]	[]	[]				0	0	[]	0	0	"[""no_author_rule""]"		out_of_scope	medium	no_unique_author_l1_candidate	"[""no_author_rule""]"	0	freebase_bhht_author_lookup_v1	lookup_candidate_not_frozen	"[""Lauren Greaves""]"
1547	Music Collector	1	music_collector	author_substring	substring_unique_candidate	Culture	Culture-core	"[[""Culture"",""Culture-core""]]"	1	1	"[""_music"",""collector""]"	[325,391]	"[[""Culture"",""Culture-core""]]"	[325,391]	Culture	Culture-core	_music	0	0	[]	0	0	"[""substring_requires_transfer_review""]"		needs_review	low	author_candidate_previous_needs_review	"[""substring_requires_transfer_review""]"	0	freebase_bhht_author_lookup_v1	lookup_candidate_not_frozen	"[""Lawrence Gellert""]"
1548	Conceptual Artist	1	conceptual_artist	author_substring	substring_unique_candidate	Culture	Culture-core	"[[""Culture"",""Culture-core""]]"	1	1	"[""_artist""]"	[304]	"[[""Culture"",""Culture-core""]]"	[304]	Culture	Culture-core	_artist	0	0	[]	0	0	"[""substring_requires_transfer_review""]"	Culture	proposed	high	agrees_with_previous_llm	"[""substring_requires_transfer_review""]"	0	freebase_bhht_author_lookup_v1	lookup_candidate_not_frozen	"[""LeAnn Bartok""]"
1549	Infantry Weapons Officer	1	infantry_weapons_officer	author_substring	substring_unique_candidate	Leadership	Military	"[[""Leadership"",""Military""]]"	1	1	"[""infantry"",""officer_""]"	[1399,1412]	"[[""Leadership"",""Military""]]"	[1399,1412]	Leadership	Military	infantry	0	0	[]	0	0	"[""substring_requires_transfer_review""]"	Leadership	proposed	medium	agrees_with_previous_llm	"[""substring_requires_transfer_review""]"	0	freebase_bhht_author_lookup_v1	lookup_candidate_not_frozen	"[""Leo Beek (Disaster victim)""]"
1550	FBI Agent	1	fbi_agent	author_exact	exact_unique	Leadership	Administration/Law	"[[""Leadership"",""Administration/Law""]]"	1	1	"[""fbi_agent""]"	[1071]	"[[""Leadership"",""Administration/Law""]]"	[1071]	Leadership	Administration/Law	fbi_agent	0	0	"[{""level1"":""Leadership"",""level2"":""Administration/Law"",""level3"":""fbi_agent"",""person_count"":7,""example_wikidata_codes"":""Q33059380|Q33133757|Q4722399""}]"	0	0	[]	Leadership	proposed	high	agrees_with_previous_llm	[]	0	freebase_bhht_author_lookup_v1	lookup_candidate_not_frozen	"[""Leon G. Turrou""]"
1551	Secret police	1	secret_police	author_substring	substring_unique_candidate	Leadership	Administration/Law	"[[""Leadership"",""Administration/Law""]]"	1	1	"[""_police_""]"	[1056]	"[[""Leadership"",""Administration/Law""]]"	[1056]	Leadership	Administration/Law	_police_	0	0	[]	0	0	"[""substring_requires_transfer_review""]"	Leadership	proposed	high	agrees_with_previous_llm	"[""substring_requires_transfer_review""]"	0	freebase_bhht_author_lookup_v1	lookup_candidate_not_frozen	"[""Lev Knipper""]"
1552	SEO Analyst	1	seo_analyst	author_substring	substring_unique_candidate	Other	Worker/Business (small)	"[[""Other"",""Worker/Business (small)""]]"	1	1	"[""analyst""]"	[1514]	"[[""Other"",""Worker/Business (small)""]]"	[1514]	Other	Worker/Business (small)	analyst	0	0	[]	0	0	"[""substring_requires_transfer_review""]"		needs_review	low	author_candidate_previous_needs_review	"[""substring_requires_transfer_review""]"	0	freebase_bhht_author_lookup_v1	lookup_candidate_not_frozen	"[""Lijorocky Vadakedath Joseph""]"
1553	Geological engineer	1	geological_engineer	author_substring	substring_unique_candidate	Discovery/Science	Explorer/Inventor/Developer	"[[""Discovery/Science"",""Explorer/Inventor/Developer""]]"	1	1	"[""engineer""]"	[1187]	"[[""Discovery/Science"",""Explorer/Inventor/Developer""]]"	[1187]	Discovery/Science	Explorer/Inventor/Developer	engineer	0	0	[]	0	0	"[""substring_requires_transfer_review""]"	Discovery/Science	proposed	high	agrees_with_previous_llm	"[""substring_requires_transfer_review""]"	0	freebase_bhht_author_lookup_v1	lookup_candidate_not_frozen	"[""Liliya Yastrebova""]"
1554	Quantum chemist	1	quantum_chemist	author_substring	substring_unique_candidate	Discovery/Science	Academia	"[[""Discovery/Science"",""Academia""]]"	1	1	"[""chemist"",""quantum""]"	[715,885]	"[[""Discovery/Science"",""Academia""]]"	[715,885]	Discovery/Science	Academia	chemist	0	0	[]	0	0	"[""substring_requires_transfer_review""]"	Discovery/Science	proposed	high	agrees_with_previous_llm	"[""substring_requires_transfer_review""]"	0	freebase_bhht_author_lookup_v1	lookup_candidate_not_frozen	"[""Linus Pauling""]"
1555	Legal analyst	1	legal_analyst	author_substring	substring_unique_candidate	Other	Worker/Business (small)	"[[""Other"",""Worker/Business (small)""]]"	1	1	"[""analyst""]"	[1514]	"[[""Other"",""Worker/Business (small)""]]"	[1514]	Other	Worker/Business (small)	analyst	0	0	[]	0	0	"[""substring_requires_transfer_review""]"	Leadership	proposed	medium	differs_from_previous_llm	"[""substring_requires_transfer_review"",""previous_llm_l1_disagreement""]"	0	freebase_bhht_author_lookup_v1	lookup_candidate_not_frozen	"[""Lis Wiehl""]"
1556	Hair and Makeup Artist	1	hair_and_makeup_artist	author_substring	substring_same_l1_multiple_l2	Culture		"[[""Culture"",""Culture-core""],[""Culture"",""Culture-periphery""]]"	1	2	"[""_artist"",""makeup_artist""]"	[304,631]	"[[""Culture"",""Culture-core""],[""Culture"",""Culture-periphery""]]"	[304,631]	Culture	Culture-core	_artist	0	0	[]	0	0	"[""substring_requires_transfer_review"",""multiple_author_l2_candidates""]"	Culture	proposed	high	agrees_with_previous_llm	"[""substring_requires_transfer_review"",""multiple_author_l2_candidates""]"	0	freebase_bhht_author_lookup_v1	lookup_candidate_not_frozen	"[""Lorraine Altamura""]"
1557	Military police	1	military_police	author_substring	substring_same_l1_multiple_l2	Leadership		"[[""Leadership"",""Administration/Law""],[""Leadership"",""Military""]]"	1	2	"[""_police_"",""militar""]"	[1056,1407]	"[[""Leadership"",""Administration/Law""],[""Leadership"",""Military""]]"	[1056,1407]	Leadership	Administration/Law	_police_	0	0	[]	0	0	"[""substring_requires_transfer_review"",""multiple_author_l2_candidates""]"	Leadership	proposed	high	agrees_with_previous_llm	"[""substring_requires_transfer_review"",""multiple_author_l2_candidates""]"	0	freebase_bhht_author_lookup_v1	lookup_candidate_not_frozen	"[""Louis Erich Otto Dietrich""]"
1558	Ontologist	1	ontologist	no_author_rule	no_author_rule			[]	0	0	[]	[]	[]	[]				0	0	[]	0	0	"[""no_author_rule""]"	Discovery/Science	proposed	medium	no_unique_author_l1_candidate	"[""no_author_rule""]"	0	freebase_bhht_author_lookup_v1	lookup_candidate_not_frozen	"[""Lowell Vizenor""]"
1559	ADR Script Writer	1	adr_script_writer	author_substring	substring_unique_candidate	Culture	Culture-core	"[[""Culture"",""Culture-core""]]"	1	1	"[""_script_"",""_writer""]"	[332,343]	"[[""Culture"",""Culture-core""]]"	[332,343]	Culture	Culture-core	_script_	0	0	[]	0	0	"[""substring_requires_transfer_review""]"	Culture	proposed	high	agrees_with_previous_llm	"[""substring_requires_transfer_review""]"	0	freebase_bhht_author_lookup_v1	lookup_candidate_not_frozen	"[""Luci Christian""]"
1560	Couturier	1	couturier	author_exact	exact_unique	Other	Worker/Business (small)	"[[""Other"",""Worker/Business (small)""]]"	1	1	"[""_couturier_""]"	[1450]	"[[""Other"",""Worker/Business (small)""]]"	[1450]	Other	Worker/Business (small)	_couturier_	0	0	"[{""level1"":""Other"",""level2"":""Worker/Business (small)"",""level3"":""couturier"",""person_count"":20,""example_wikidata_codes"":""Q16224815|Q2060487|Q21130177""}]"	0	0	[]	Culture	proposed	high	differs_from_previous_llm	"[""previous_llm_l1_disagreement""]"	0	freebase_bhht_author_lookup_v1	lookup_candidate_not_frozen	"[""Lucien Lelong""]"
1561	Assistant Teacher	1	assistant_teacher	author_substring	substring_unique_candidate	Discovery/Science	Academia	"[[""Discovery/Science"",""Academia""]]"	1	1	"[""teacher_""]"	[910]	"[[""Discovery/Science"",""Academia""]]"	[910]	Discovery/Science	Academia	teacher_	0	0	[]	0	0	"[""substring_requires_transfer_review""]"	Discovery/Science	proposed	medium	agrees_with_previous_llm	"[""substring_requires_transfer_review""]"	0	freebase_bhht_author_lookup_v1	lookup_candidate_not_frozen	"[""Lucille Davis (Woman)""]"
1562	Stonemason	1	stonemason	author_exact	exact_unique	Other	Worker/Business (small)	"[[""Other"",""Worker/Business (small)""]]"	1	1	"[""stonemason""]"	[1692]	"[[""Other"",""Worker/Business (small)""]]"	[1692]	Other	Worker/Business (small)	stonemason	0	0	"[{""level1"":""Other"",""level2"":""Worker/Business (small)"",""level3"":""stonemason"",""person_count"":90,""example_wikidata_codes"":""Q1079930|Q12295493|Q1237168""}]"	0	0	[]		out_of_scope	high	formal_author_other_previously_out_of_scope	[]	0	freebase_bhht_author_lookup_v1	lookup_candidate_not_frozen	"[""Luigi Borzaga""]"
1563	Exile	1	exile	no_author_rule	no_author_rule			[]	0	0	[]	[]	[]	[]				0	0	[]	0	0	"[""no_author_rule""]"		out_of_scope	high	no_unique_author_l1_candidate	"[""no_author_rule""]"	0	freebase_bhht_author_lookup_v1	lookup_candidate_not_frozen	"[""Luigi Picchioni""]"
1564	Credit control	1	credit_control	no_author_rule	no_author_rule			[]	0	0	[]	[]	[]	[]				0	0	[]	0	0	"[""no_author_rule""]"		out_of_scope	medium	no_unique_author_l1_candidate	"[""no_author_rule""]"	0	freebase_bhht_author_lookup_v1	lookup_candidate_not_frozen	"[""Lynne Isidoro""]"
1565	Dispatcher	1	dispatcher	no_author_rule	no_author_rule			[]	0	0	[]	[]	[]	[]				0	0	[]	0	0	"[""no_author_rule""]"		out_of_scope	high	no_unique_author_l1_candidate	"[""no_author_rule""]"	0	freebase_bhht_author_lookup_v1	lookup_candidate_not_frozen	"[""Lyudmila Garmash""]"
1566	Kaymakam	1	kaymakam	no_author_rule	no_author_rule			[]	0	0	[]	[]	[]	[]				0	0	[]	0	0	"[""no_author_rule""]"	Leadership	proposed	high	no_unique_author_l1_candidate	"[""no_author_rule""]"	0	freebase_bhht_author_lookup_v1	lookup_candidate_not_frozen	"[""Lütfi Uraz""]"
1567	Impressionist (Profession) #3	1	impressionist_(profession)_#3	author_substring	substring_unique_candidate	Culture	Culture-core	"[[""Culture"",""Culture-core""]]"	1	1	"[""impressionist""]"	[448]	"[[""Culture"",""Culture-core""]]"	[448]	Culture	Culture-core	impressionist	0	0	[]	0	0	"[""substring_requires_transfer_review""]"	Culture	proposed	medium	agrees_with_previous_llm	"[""substring_requires_transfer_review""]"	0	freebase_bhht_author_lookup_v1	lookup_candidate_not_frozen	"[""Maciej Stuhr""]"
1568	Scribe	1	scribe	author_exact	exact_unique	Leadership	Administration/Law	"[[""Leadership"",""Administration/Law""]]"	1	1	"[""_scribe""]"	[1096]	"[[""Leadership"",""Administration/Law""]]"	[1096]	Leadership	Administration/Law	_scribe	0	0	"[{""level1"":""Leadership"",""level2"":""Administration/Law"",""level3"":""scribe"",""person_count"":66,""example_wikidata_codes"":""Q10281402|Q1073335|Q118759""}]"	0	0	[]		needs_review	low	author_candidate_previous_needs_review	[]	0	freebase_bhht_author_lookup_v1	lookup_candidate_not_frozen	"[""Maggie McNamara""]"
1569	Politician & Trade Unionist	1	politician_&_trade_unionist	author_substring	substring_unique_candidate	Leadership	Politics	"[[""Leadership"",""Politics""]]"	1	1	"[""politician"",""trade_union"",""unionist""]"	[1014,1038,1041]	"[[""Leadership"",""Politics""]]"	[1014,1038,1041]	Leadership	Politics	politician	0	0	[]	0	0	"[""substring_requires_transfer_review""]"	Leadership	proposed	high	agrees_with_previous_llm	"[""substring_requires_transfer_review""]"	0	freebase_bhht_author_lookup_v1	lookup_candidate_not_frozen	"[""Mahendra Sukhdeo""]"
1570	Country Doctor	1	country_doctor	author_substring	substring_unique_candidate	Discovery/Science	Academia	"[[""Discovery/Science"",""Academia""]]"	1	1	"[""doctor""]"	[733]	"[[""Discovery/Science"",""Academia""]]"	[733]	Discovery/Science	Academia	doctor	0	0	[]	0	0	"[""substring_requires_transfer_review""]"	Discovery/Science	proposed	medium	agrees_with_previous_llm	"[""substring_requires_transfer_review""]"	0	freebase_bhht_author_lookup_v1	lookup_candidate_not_frozen	"[""Manfred Eichinger""]"
1571	Performer-Songwriter-Musical Director	1	performer-songwriter-musical_director	author_substring	substring_unique_candidate	Culture	Culture-core	"[[""Culture"",""Culture-core""]]"	1	1	"[""musical_director"",""performer"",""songwriter""]"	[472,488,535]	"[[""Culture"",""Culture-core""]]"	[472,488,535]	Culture	Culture-core	musical_director	0	0	[]	0	0	"[""substring_requires_transfer_review""]"	Culture	proposed	high	agrees_with_previous_llm	"[""substring_requires_transfer_review""]"	0	freebase_bhht_author_lookup_v1	lookup_candidate_not_frozen	"[""Manuel Kabajar Cabase""]"
1572	Web builder	1	web_builder	no_author_rule	no_author_rule			[]	0	0	[]	[]	[]	[]				0	0	[]	0	0	"[""no_author_rule""]"		needs_review	low	no_unique_author_l1_candidate	"[""no_author_rule""]"	0	freebase_bhht_author_lookup_v1	lookup_candidate_not_frozen	"[""Manuel Vila""]"
1573	Food writer	1	food_writer	author_substring	substring_unique_candidate	Culture	Culture-core	"[[""Culture"",""Culture-core""]]"	1	1	"[""_writer""]"	[343]	"[[""Culture"",""Culture-core""]]"	[343]	Culture	Culture-core	_writer	0	0	[]	0	0	"[""substring_requires_transfer_review""]"	Culture	proposed	medium	agrees_with_previous_llm	"[""substring_requires_transfer_review""]"	0	freebase_bhht_author_lookup_v1	lookup_candidate_not_frozen	"[""Mapie de Toulouse-Lautrec""]"
1574	Police commissioner	1	police_commissioner	author_substring	substring_unique_candidate	Leadership	Administration/Law	"[[""Leadership"",""Administration/Law""]]"	1	1	"[""_police_"",""commissioner""]"	[1056,1067]	"[[""Leadership"",""Administration/Law""]]"	[1056,1067]	Leadership	Administration/Law	_police_	0	0	[]	0	0	"[""substring_requires_transfer_review""]"	Leadership	proposed	high	agrees_with_previous_llm	"[""substring_requires_transfer_review""]"	0	freebase_bhht_author_lookup_v1	lookup_candidate_not_frozen	"[""Marcin Ostrowski""]"
1575	Garden designer	1	garden_designer	author_substring	substring_unique_candidate	Culture	Culture-periphery	"[[""Culture"",""Culture-periphery""]]"	1	1	"[""designer""]"	[606]	"[[""Culture"",""Culture-periphery""]]"	[606]	Culture	Culture-periphery	designer	0	0	[]	0	0	"[""substring_requires_transfer_review""]"	Culture	proposed	high	agrees_with_previous_llm	"[""substring_requires_transfer_review""]"	0	freebase_bhht_author_lookup_v1	lookup_candidate_not_frozen	"[""Marella Agnelli""]"
1576	American Historian	1	american_historian	author_substring	substring_unique_candidate	Discovery/Science	Academia	"[[""Discovery/Science"",""Academia""]]"	1	1	"[""historian""]"	[783]	"[[""Discovery/Science"",""Academia""]]"	[783]	Discovery/Science	Academia	historian	0	0	[]	0	0	"[""substring_requires_transfer_review""]"	Discovery/Science	proposed	medium	agrees_with_previous_llm	"[""substring_requires_transfer_review""]"	0	freebase_bhht_author_lookup_v1	lookup_candidate_not_frozen	"[""Mari Jo Buhle""]"
1577	Paint Artist	1	paint_artist	author_substring	substring_unique_candidate	Culture	Culture-core	"[[""Culture"",""Culture-core""]]"	1	1	"[""_artist"",""_paint_""]"	[304,328]	"[[""Culture"",""Culture-core""]]"	[304,328]	Culture	Culture-core	_artist	0	0	[]	0	0	"[""substring_requires_transfer_review""]"	Culture	proposed	high	agrees_with_previous_llm	"[""substring_requires_transfer_review""]"	0	freebase_bhht_author_lookup_v1	lookup_candidate_not_frozen	"[""Marie E. Johnston""]"
1578	Molecular Geneticist	1	molecular_geneticist	author_substring	substring_unique_candidate	Discovery/Science	Academia	"[[""Discovery/Science"",""Academia""]]"	1	1	"[""geneticist""]"	[760]	"[[""Discovery/Science"",""Academia""]]"	[760]	Discovery/Science	Academia	geneticist	0	0	[]	0	0	"[""substring_requires_transfer_review""]"	Discovery/Science	proposed	high	agrees_with_previous_llm	"[""substring_requires_transfer_review""]"	0	freebase_bhht_author_lookup_v1	lookup_candidate_not_frozen	"[""Mario Capecchi""]"
1579	Political Assistant	1	political_assistant	author_substring	substring_unique_candidate	Leadership	Politics	"[[""Leadership"",""Politics""]]"	1	1	"[""political""]"	[1013]	"[[""Leadership"",""Politics""]]"	[1013]	Leadership	Politics	political	0	0	[]	0	0	"[""substring_requires_transfer_review""]"	Leadership	proposed	medium	agrees_with_previous_llm	"[""substring_requires_transfer_review""]"	0	freebase_bhht_author_lookup_v1	lookup_candidate_not_frozen	"[""Mario Díaz-Balart""]"
1580	Internet Executive	1	internet_executive	author_substring	substring_unique_candidate	Leadership	Corporate/Executive/Business (large)	"[[""Leadership"",""Corporate/Executive/Business (large)""]]"	1	1	"[""executive""]"	[1223]	"[[""Leadership"",""Corporate/Executive/Business (large)""]]"	[1223]	Leadership	Corporate/Executive/Business (large)	executive	0	0	[]	0	0	"[""substring_requires_transfer_review""]"	Leadership	proposed	high	agrees_with_previous_llm	"[""substring_requires_transfer_review""]"	0	freebase_bhht_author_lookup_v1	lookup_candidate_not_frozen	"[""Mark D. Kingdon""]"
1581	Information technology management	1	information_technology_management	author_substring	substring_unique_candidate	Leadership	Corporate/Executive/Business (large)	"[[""Leadership"",""Corporate/Executive/Business (large)""]]"	1	1	"[""management""]"	[1233]	"[[""Leadership"",""Corporate/Executive/Business (large)""]]"	[1233]	Leadership	Corporate/Executive/Business (large)	management	0	0	[]	0	0	"[""substring_requires_transfer_review""]"		needs_review	low	author_candidate_previous_needs_review	"[""substring_requires_transfer_review""]"	0	freebase_bhht_author_lookup_v1	lookup_candidate_not_frozen	"[""Mark Miller (Organisation leader) #4""]"
1582	Stonecutter	1	stonecutter	no_author_rule	no_author_rule			[]	0	0	[]	[]	[]	[]				0	0	[]	0	0	"[""no_author_rule""]"		out_of_scope	medium	no_unique_author_l1_candidate	"[""no_author_rule""]"	0	freebase_bhht_author_lookup_v1	lookup_candidate_not_frozen	"[""Markus Helenius""]"
1583	Secret Intelligence Service officer	1	secret_intelligence_service_officer	author_substring	substring_cross_l1_conflict			"[[""Discovery/Science"",""Academia""],[""Leadership"",""Military""]]"	2	2	"[""intelligence"",""intelligence_service"",""officer_""]"	[796,1400,1412]	"[[""Discovery/Science"",""Academia""],[""Leadership"",""Military""]]"	[796,1400,1412]	Discovery/Science	Academia	intelligence	0	0	[]	0	0	"[""substring_requires_transfer_review"",""multiple_author_l1_candidates""]"	Leadership	proposed	high	no_unique_author_l1_candidate	"[""substring_requires_transfer_review"",""multiple_author_l1_candidates""]"	0	freebase_bhht_author_lookup_v1	lookup_candidate_not_frozen	"[""Markus Wolf""]"
1584	Ghost singer	1	ghost_singer	author_substring	substring_unique_candidate	Culture	Culture-core	"[[""Culture"",""Culture-core""]]"	1	1	"[""singer""]"	[529]	"[[""Culture"",""Culture-core""]]"	[529]	Culture	Culture-core	singer	0	0	[]	0	0	"[""substring_requires_transfer_review""]"	Culture	proposed	high	agrees_with_previous_llm	"[""substring_requires_transfer_review""]"	0	freebase_bhht_author_lookup_v1	lookup_candidate_not_frozen	"[""Marni Nixon""]"
1585	Camera Assistant	1	camera_assistant	no_author_rule	no_author_rule			[]	0	0	[]	[]	[]	[]				0	0	[]	0	0	"[""no_author_rule""]"	Culture	proposed	medium	no_unique_author_l1_candidate	"[""no_author_rule""]"	0	freebase_bhht_author_lookup_v1	lookup_candidate_not_frozen	"[""Martin Glouner""]"
1586	Health Authority Wages Clerk	1	health_authority_wages_clerk	author_substring	substring_cross_l1_conflict			"[[""Culture"",""Culture-core""],[""Other"",""Worker/Business (small)""]]"	2	2	"[""author"",""_clerk""]"	[352,1446]	"[[""Culture"",""Culture-core""],[""Other"",""Worker/Business (small)""]]"	[352,1446]	Culture	Culture-core	author	0	0	[]	0	0	"[""substring_requires_transfer_review"",""multiple_author_l1_candidates""]"		needs_review	low	no_unique_author_l1_candidate	"[""substring_requires_transfer_review"",""multiple_author_l1_candidates""]"	0	freebase_bhht_author_lookup_v1	lookup_candidate_not_frozen	"[""Martin Joseph Evans""]"
1587	Electronics technician	1	electronics_technician	author_substring	substring_unique_candidate	Other	Worker/Business (small)	"[[""Other"",""Worker/Business (small)""]]"	1	1	"[""technician""]"	[1698]	"[[""Other"",""Worker/Business (small)""]]"	[1698]	Other	Worker/Business (small)	technician	0	0	[]	0	0	"[""substring_requires_transfer_review""]"		out_of_scope	high	formal_author_other_previously_out_of_scope	"[""substring_requires_transfer_review""]"	0	freebase_bhht_author_lookup_v1	lookup_candidate_not_frozen	"[""Martin Kühner""]"
1588	Digital Marketing Analyst	1	digital_marketing_analyst	author_substring	substring_unique_candidate	Other	Worker/Business (small)	"[[""Other"",""Worker/Business (small)""]]"	1	1	"[""analyst"",""marketing""]"	[1514,1649]	"[[""Other"",""Worker/Business (small)""]]"	[1514,1649]	Other	Worker/Business (small)	analyst	0	0	[]	0	0	"[""substring_requires_transfer_review""]"		needs_review	low	author_candidate_previous_needs_review	"[""substring_requires_transfer_review""]"	0	freebase_bhht_author_lookup_v1	lookup_candidate_not_frozen	"[""Martin Šimko""]"
1589	Page-boy	1	page-boy	no_author_rule	no_author_rule			[]	0	0	[]	[]	[]	[]				0	0	[]	0	0	"[""no_author_rule""]"		out_of_scope	high	no_unique_author_l1_candidate	"[""no_author_rule""]"	0	freebase_bhht_author_lookup_v1	lookup_candidate_not_frozen	"[""Martín Cortés""]"
1590	Special Education Teacher	1	special_education_teacher	author_substring	substring_unique_candidate	Discovery/Science	Academia	"[[""Discovery/Science"",""Academia""]]"	1	1	"[""education"",""teacher_""]"	[737,910]	"[[""Discovery/Science"",""Academia""]]"	[737,910]	Discovery/Science	Academia	education	0	0	[]	0	0	"[""substring_requires_transfer_review""]"	Discovery/Science	proposed	high	agrees_with_previous_llm	"[""substring_requires_transfer_review""]"	0	freebase_bhht_author_lookup_v1	lookup_candidate_not_frozen	"[""Mary Ann Smyczynski""]"
1591	Midwife (Film subject)	1	midwife_(film_subject)	author_substring	substring_unique_candidate	Other	Worker/Business (small)	"[[""Other"",""Worker/Business (small)""]]"	1	1	"[""midwife""]"	[1655]	"[[""Other"",""Worker/Business (small)""]]"	[1655]	Other	Worker/Business (small)	midwife	0	0	[]	0	0	"[""substring_requires_transfer_review""]"		needs_review	low	author_candidate_previous_needs_review	"[""substring_requires_transfer_review""]"	0	freebase_bhht_author_lookup_v1	lookup_candidate_not_frozen	"[""Mary Carson Breckinridge""]"
1592	Management Theorist	1	management_theorist	author_substring	substring_cross_l1_conflict			"[[""Discovery/Science"",""Academia""],[""Leadership"",""Corporate/Executive/Business (large)""]]"	2	2	"[""theorist"",""management""]"	[914,1233]	"[[""Discovery/Science"",""Academia""],[""Leadership"",""Corporate/Executive/Business (large)""]]"	[914,1233]	Discovery/Science	Academia	theorist	0	0	[]	0	0	"[""substring_requires_transfer_review"",""multiple_author_l1_candidates""]"	Discovery/Science	proposed	high	no_unique_author_l1_candidate	"[""substring_requires_transfer_review"",""multiple_author_l1_candidates""]"	0	freebase_bhht_author_lookup_v1	lookup_candidate_not_frozen	"[""Mary Parker Follett""]"
1593	media & culture scientist	1	media_&_culture_scientist	author_substring	substring_cross_l1_conflict			"[[""Culture"",""Culture-periphery""],[""Discovery/Science"",""Academia""]]"	2	2	"[""_media"",""scientist""]"	[576,894]	"[[""Culture"",""Culture-periphery""],[""Discovery/Science"",""Academia""]]"	[576,894]	Culture	Culture-periphery	_media	0	0	[]	0	0	"[""substring_requires_transfer_review"",""multiple_author_l1_candidates""]"	Discovery/Science	proposed	high	no_unique_author_l1_candidate	"[""substring_requires_transfer_review"",""multiple_author_l1_candidates""]"	0	freebase_bhht_author_lookup_v1	lookup_candidate_not_frozen	"[""Mashya Deirdre Boon""]"
1594	Keirin Racer	1	keirin_racer	author_substring	substring_unique_candidate	Sports/Games	Sports/Games	"[[""Sports/Games"",""Sports/Games""]]"	1	1	"[""_racer_""]"	[18]	"[[""Sports/Games"",""Sports/Games""]]"	[18]	Sports/Games	Sports/Games	_racer_	0	0	[]	0	0	"[""substring_requires_transfer_review""]"	Sports/Games	proposed	medium	agrees_with_previous_llm	"[""substring_requires_transfer_review""]"	0	freebase_bhht_author_lookup_v1	lookup_candidate_not_frozen	"[""Masuo Tominaga""]"
1595	Wheelwright	1	wheelwright	no_author_rule	no_author_rule			[]	0	0	[]	[]	[]	[]				0	0	[]	0	0	"[""no_author_rule""]"		out_of_scope	high	no_unique_author_l1_candidate	"[""no_author_rule""]"	0	freebase_bhht_author_lookup_v1	lookup_candidate_not_frozen	"[""Mathias Haydn""]"
1596	Air traffic controller	1	air_traffic_controller	author_exact	exact_unique	Other	Worker/Business (small)	"[[""Other"",""Worker/Business (small)""]]"	1	1	"[""air_traffic_controller""]"	[1511]	"[[""Other"",""Worker/Business (small)""]]"	[1511]	Other	Worker/Business (small)	air_traffic_controller	0	0	"[{""level1"":""Other"",""level2"":""Worker/Business (small)"",""level3"":""air_traffic_controller"",""person_count"":6,""example_wikidata_codes"":""Q22279124|Q24053439|Q28091720""}]"	0	0	[]		out_of_scope	high	formal_author_other_previously_out_of_scope	[]	0	freebase_bhht_author_lookup_v1	lookup_candidate_not_frozen	"[""Matthew Creed""]"
1597	Arms Control Analyst	1	arms_control_analyst	author_substring	substring_unique_candidate	Other	Worker/Business (small)	"[[""Other"",""Worker/Business (small)""]]"	1	1	"[""analyst""]"	[1514]	"[[""Other"",""Worker/Business (small)""]]"	[1514]	Other	Worker/Business (small)	analyst	0	0	[]	0	0	"[""substring_requires_transfer_review""]"	Leadership	proposed	medium	differs_from_previous_llm	"[""substring_requires_transfer_review"",""previous_llm_l1_disagreement""]"	0	freebase_bhht_author_lookup_v1	lookup_candidate_not_frozen	"[""Matthew Meselson""]"
1598	Internet Marketing	1	internet_marketing	author_substring	substring_unique_candidate	Other	Worker/Business (small)	"[[""Other"",""Worker/Business (small)""]]"	1	1	"[""marketing""]"	[1649]	"[[""Other"",""Worker/Business (small)""]]"	[1649]	Other	Worker/Business (small)	marketing	0	0	[]	0	0	"[""substring_requires_transfer_review""]"		needs_review	low	author_candidate_previous_needs_review	"[""substring_requires_transfer_review""]"	0	freebase_bhht_author_lookup_v1	lookup_candidate_not_frozen	"[""Matthew Woodward""]"
1599	Chimney sweep	1	chimney_sweep	no_author_rule	no_author_rule			[]	0	0	[]	[]	[]	[]				0	0	[]	0	0	"[""no_author_rule""]"		out_of_scope	high	no_unique_author_l1_candidate	"[""no_author_rule""]"	0	freebase_bhht_author_lookup_v1	lookup_candidate_not_frozen	"[""Matti Berenett""]"
1600	Waste collector	1	waste_collector	author_substring	substring_unique_candidate	Culture	Culture-core	"[[""Culture"",""Culture-core""]]"	1	1	"[""collector""]"	[391]	"[[""Culture"",""Culture-core""]]"	[391]	Culture	Culture-core	collector	0	0	[]	0	0	"[""substring_requires_transfer_review""]"		out_of_scope	medium	author_candidate_previous_out_of_scope	"[""substring_requires_transfer_review""]"	0	freebase_bhht_author_lookup_v1	lookup_candidate_not_frozen	"[""Matty Iadanza""]"
1601	Reno (Profession)	1	reno_(profession)	no_author_rule	no_author_rule			[]	0	0	[]	[]	[]	[]				0	0	[]	0	0	"[""no_author_rule""]"		needs_review	low	no_unique_author_l1_candidate	"[""no_author_rule""]"	0	freebase_bhht_author_lookup_v1	lookup_candidate_not_frozen	"[""Meghann Hamilton-Ritson""]"
1602	Social Historian	1	social_historian	author_substring	substring_unique_candidate	Discovery/Science	Academia	"[[""Discovery/Science"",""Academia""]]"	1	1	"[""historian""]"	[783]	"[[""Discovery/Science"",""Academia""]]"	[783]	Discovery/Science	Academia	historian	0	0	[]	0	0	"[""substring_requires_transfer_review""]"	Discovery/Science	proposed	high	agrees_with_previous_llm	"[""substring_requires_transfer_review""]"	0	freebase_bhht_author_lookup_v1	lookup_candidate_not_frozen	"[""Michael Barone""]"
1603	Professor of Ancient Greek History and Classical Studies	1	professor_of_ancient_greek_history_and_classical_studies	author_substring	substring_unique_candidate	Discovery/Science	Academia	"[[""Discovery/Science"",""Academia""]]"	1	1	"[""professor"",""studies""]"	[878,907]	"[[""Discovery/Science"",""Academia""]]"	[878,907]	Discovery/Science	Academia	professor	0	0	[]	0	0	"[""substring_requires_transfer_review""]"	Discovery/Science	proposed	medium	agrees_with_previous_llm	"[""substring_requires_transfer_review""]"	0	freebase_bhht_author_lookup_v1	lookup_candidate_not_frozen	"[""Michael H. Jameson""]"
1604	Psycholinguist	1	psycholinguist	author_substring	substring_unique_candidate	Discovery/Science	Academia	"[[""Discovery/Science"",""Academia""]]"	1	1	"[""linguist""]"	[805]	"[[""Discovery/Science"",""Academia""]]"	[805]	Discovery/Science	Academia	linguist	0	0	[]	0	0	"[""substring_requires_transfer_review""]"	Discovery/Science	proposed	high	agrees_with_previous_llm	"[""substring_requires_transfer_review""]"	0	freebase_bhht_author_lookup_v1	lookup_candidate_not_frozen	"[""Michael Tanenhaus""]"
1605	Investment advisor	1	investment_advisor	author_substring	substring_same_l1_multiple_l2	Leadership		"[[""Leadership"",""Corporate/Executive/Business (large)""],[""Leadership"",""Politics""]]"	1	2	"[""advisor"",""investment""]"	[940,1229]	"[[""Leadership"",""Corporate/Executive/Business (large)""],[""Leadership"",""Politics""]]"	[940,1229]	Leadership	Politics	advisor	0	0	[]	0	0	"[""substring_requires_transfer_review"",""multiple_author_l2_candidates""]"		needs_review	low	author_candidate_previous_needs_review	"[""substring_requires_transfer_review"",""multiple_author_l2_candidates""]"	0	freebase_bhht_author_lookup_v1	lookup_candidate_not_frozen	"[""Michael Wittenberg""]"
1606	Video editor	1	video_editor	author_substring	substring_unique_candidate	Culture	Culture-periphery	"[[""Culture"",""Culture-periphery""]]"	1	1	"[""editor""]"	[612]	"[[""Culture"",""Culture-periphery""]]"	[612]	Culture	Culture-periphery	editor	0	0	[]	0	0	"[""substring_requires_transfer_review""]"	Culture	proposed	medium	agrees_with_previous_llm	"[""substring_requires_transfer_review""]"	0	freebase_bhht_author_lookup_v1	lookup_candidate_not_frozen	"[""Michał Wróblewski""]"
1607	Black belt	1	black_belt	no_author_rule	no_author_rule			[]	0	0	[]	[]	[]	[]				0	0	[]	0	0	"[""no_author_rule""]"		needs_review	low	no_unique_author_l1_candidate	"[""no_author_rule""]"	0	freebase_bhht_author_lookup_v1	lookup_candidate_not_frozen	"[""Michelle Edwards (Woman) #2""]"
1608	Usurper	1	usurper	no_author_rule	no_author_rule			[]	0	0	[]	[]	[]	[]				0	0	[]	0	0	"[""no_author_rule""]"		out_of_scope	high	no_unique_author_l1_candidate	"[""no_author_rule""]"	0	freebase_bhht_author_lookup_v1	lookup_candidate_not_frozen	"[""Miguel I of Portugal""]"
1609	Character Modeler	1	character_modeler	no_author_rule	no_author_rule			[]	0	0	[]	[]	[]	[]				0	0	[]	0	0	"[""no_author_rule""]"	Culture	proposed	medium	no_unique_author_l1_candidate	"[""no_author_rule""]"	0	freebase_bhht_author_lookup_v1	lookup_candidate_not_frozen	"[""Mike Altman""]"
1610	Modeler	1	modeler	no_author_rule	no_author_rule			[]	0	0	[]	[]	[]	[]				0	0	[]	0	0	"[""no_author_rule""]"		needs_review	low	no_unique_author_l1_candidate	"[""no_author_rule""]"	0	freebase_bhht_author_lookup_v1	lookup_candidate_not_frozen	"[""Mike Altman""]"
1611	Restaurant Mgt.	1	restaurant_mgt.	no_author_rule	no_author_rule			[]	0	0	[]	[]	[]	[]				0	0	[]	0	0	"[""no_author_rule""]"		needs_review	low	no_unique_author_l1_candidate	"[""no_author_rule""]"	0	freebase_bhht_author_lookup_v1	lookup_candidate_not_frozen	"[""Mike Hallinan""]"
1612	County court bailiff	1	county_court_bailiff	author_substring	substring_unique_candidate	Leadership	Administration/Law	"[[""Leadership"",""Administration/Law""]]"	1	1	"[""bailiff""]"	[1061]	"[[""Leadership"",""Administration/Law""]]"	[1061]	Leadership	Administration/Law	bailiff	0	0	[]	0	0	"[""substring_requires_transfer_review""]"	Leadership	proposed	medium	agrees_with_previous_llm	"[""substring_requires_transfer_review""]"	0	freebase_bhht_author_lookup_v1	lookup_candidate_not_frozen	"[""Mikołaj Mickiewicz""]"
1613	Street sweeper	1	street_sweeper	author_substring	substring_unique_candidate	Other	Worker/Business (small)	"[[""Other"",""Worker/Business (small)""]]"	1	1	"[""_sweeper""]"	[1495]	"[[""Other"",""Worker/Business (small)""]]"	[1495]	Other	Worker/Business (small)	_sweeper	0	0	[]	0	0	"[""substring_requires_transfer_review""]"		out_of_scope	high	formal_author_other_previously_out_of_scope	"[""substring_requires_transfer_review""]"	0	freebase_bhht_author_lookup_v1	lookup_candidate_not_frozen	"[""Miles Woods""]"
1614	Private Secretary	1	private_secretary	author_substring	substring_unique_candidate	Leadership	Politics	"[[""Leadership"",""Politics""]]"	1	1	"[""secretary""]"	[1022]	"[[""Leadership"",""Politics""]]"	[1022]	Leadership	Politics	secretary	0	0	[]	0	0	"[""substring_requires_transfer_review""]"		needs_review	low	author_candidate_previous_needs_review	"[""substring_requires_transfer_review""]"	0	freebase_bhht_author_lookup_v1	lookup_candidate_not_frozen	"[""Mimi Smith""]"
1615	Dramaturgist	1	dramaturgist	author_substring	substring_unique_candidate	Culture	Culture-core	"[[""Culture"",""Culture-core""]]"	1	1	"[""_drama""]"	[318]	"[[""Culture"",""Culture-core""]]"	[318]	Culture	Culture-core	_drama	0	0	[]	0	0	"[""substring_requires_transfer_review""]"	Culture	proposed	medium	agrees_with_previous_llm	"[""substring_requires_transfer_review""]"	0	freebase_bhht_author_lookup_v1	lookup_candidate_not_frozen	"[""Miodrag Zalica""]"
1616	Informant	1	informant	no_author_rule	no_author_rule			[]	0	0	[]	[]	[]	[]				0	0	[]	0	0	"[""no_author_rule""]"		needs_review	low	no_unique_author_l1_candidate	"[""no_author_rule""]"	0	freebase_bhht_author_lookup_v1	lookup_candidate_not_frozen	"[""Molly Childers""]"
1617	Miscellaneous Crew	1	miscellaneous_crew	no_author_rule	no_author_rule			[]	0	0	[]	[]	[]	[]				0	0	[]	0	0	"[""no_author_rule""]"		out_of_scope	high	no_unique_author_l1_candidate	"[""no_author_rule""]"	0	freebase_bhht_author_lookup_v1	lookup_candidate_not_frozen	"[""Morgan Holly""]"
1618	Production Stage Manager	1	production_stage_manager	author_substring	substring_cross_l1_conflict			"[[""Culture"",""Culture-core""],[""Leadership"",""Corporate/Executive/Business (large)""]]"	2	2	"[""_stage_"",""stage_manager"",""manager""]"	[338,541,1234]	"[[""Culture"",""Culture-core""],[""Leadership"",""Corporate/Executive/Business (large)""]]"	[338,541,1234]	Culture	Culture-core	_stage_	0	0	[]	0	0	"[""substring_requires_transfer_review"",""multiple_author_l1_candidates""]"		needs_review	low	no_unique_author_l1_candidate	"[""substring_requires_transfer_review"",""multiple_author_l1_candidates""]"	0	freebase_bhht_author_lookup_v1	lookup_candidate_not_frozen	"[""Mortimer Halpern""]"
1619	Naval Systems Analyst	1	naval_systems_analyst	author_substring	substring_cross_l1_conflict			"[[""Leadership"",""Military""],[""Other"",""Worker/Business (small)""]]"	2	2	"[""naval_"",""analyst""]"	[1409,1514]	"[[""Leadership"",""Military""],[""Other"",""Worker/Business (small)""]]"	[1409,1514]	Leadership	Military	naval_	0	0	[]	0	0	"[""substring_requires_transfer_review"",""multiple_author_l1_candidates""]"		needs_review	low	no_unique_author_l1_candidate	"[""substring_requires_transfer_review"",""multiple_author_l1_candidates""]"	0	freebase_bhht_author_lookup_v1	lookup_candidate_not_frozen	"[""Morty Drescher""]"
1620	Freelancer	1	freelancer	author_exact	exact_unique	Culture	Culture-periphery	"[[""Culture"",""Culture-periphery""]]"	1	1	"[""freelancer""]"	[618]	"[[""Culture"",""Culture-periphery""]]"	[618]	Culture	Culture-periphery	freelancer	0	0	"[{""level1"":""Culture"",""level2"":""Culture-periphery"",""level3"":""freelancer"",""person_count"":8,""example_wikidata_codes"":""Q10317406|Q16204527|Q5772458""}]"	0	0	[]		out_of_scope	high	author_candidate_previous_out_of_scope	[]	0	freebase_bhht_author_lookup_v1	lookup_candidate_not_frozen	"[""Mukil Elango""]"
1621	Scout Leader	1	scout_leader	author_substring	substring_unique_candidate	Other	Other	"[[""Other"",""Other""]]"	1	1	"[""_scout_""]"	[1766]	"[[""Other"",""Other""]]"	[1766]	Other	Other	_scout_	0	0	[]	0	0	"[""substring_requires_transfer_review""]"		needs_review	low	author_candidate_previous_needs_review	"[""substring_requires_transfer_review""]"	0	freebase_bhht_author_lookup_v1	lookup_candidate_not_frozen	"[""Mukil Elango""]"
1622	Philosopher of Science	1	philosopher_of_science	author_substring	substring_unique_candidate	Discovery/Science	Academia	"[[""Discovery/Science"",""Academia""]]"	1	1	"[""philosopher"",""science""]"	[861,892]	"[[""Discovery/Science"",""Academia""]]"	[861,892]	Discovery/Science	Academia	philosopher	0	0	[]	0	0	"[""substring_requires_transfer_review""]"	Discovery/Science	proposed	high	agrees_with_previous_llm	"[""substring_requires_transfer_review""]"	0	freebase_bhht_author_lookup_v1	lookup_candidate_not_frozen	"[""Nancy Cartwright (Philosopher)""]"
1623	Suit actor	1	suit_actor	author_substring	substring_unique_candidate	Culture	Culture-core	"[[""Culture"",""Culture-core""]]"	1	1	"[""_actor""]"	[303]	"[[""Culture"",""Culture-core""]]"	[303]	Culture	Culture-core	_actor	0	0	[]	0	0	"[""substring_requires_transfer_review""]"		needs_review	low	author_candidate_previous_needs_review	"[""substring_requires_transfer_review""]"	0	freebase_bhht_author_lookup_v1	lookup_candidate_not_frozen	"[""Naoko Kamio""]"
1624	Pyrotechnics Supervisor	1	pyrotechnics_supervisor	no_author_rule	no_author_rule			[]	0	0	[]	[]	[]	[]				0	0	[]	0	0	"[""no_author_rule""]"		needs_review	low	no_unique_author_l1_candidate	"[""no_author_rule""]"	0	freebase_bhht_author_lookup_v1	lookup_candidate_not_frozen	"[""Neil Corbould""]"
1625	Professor of Malayalam	1	professor_of_malayalam	author_substring	substring_unique_candidate	Discovery/Science	Academia	"[[""Discovery/Science"",""Academia""]]"	1	1	"[""professor""]"	[878]	"[[""Discovery/Science"",""Academia""]]"	[878]	Discovery/Science	Academia	professor	0	0	[]	0	0	"[""substring_requires_transfer_review""]"	Discovery/Science	proposed	high	agrees_with_previous_llm	"[""substring_requires_transfer_review""]"	0	freebase_bhht_author_lookup_v1	lookup_candidate_not_frozen	"[""Nellikkal Muraleedharan""]"
1626	Stonemasonry	1	stonemasonry	author_substring	substring_unique_candidate	Other	Worker/Business (small)	"[[""Other"",""Worker/Business (small)""]]"	1	1	"[""masonry"",""stonemason""]"	[1650,1692]	"[[""Other"",""Worker/Business (small)""]]"	[1650,1692]	Other	Worker/Business (small)	masonry	0	0	[]	0	0	"[""substring_requires_transfer_review""]"		out_of_scope	high	formal_author_other_previously_out_of_scope	"[""substring_requires_transfer_review""]"	0	freebase_bhht_author_lookup_v1	lookup_candidate_not_frozen	"[""Nick Corfield""]"
1627	Wine Expert	1	wine_expert	no_author_rule	no_author_rule			[]	0	0	[]	[]	[]	[]				0	0	[]	0	0	"[""no_author_rule""]"		needs_review	low	no_unique_author_l1_candidate	"[""no_author_rule""]"	0	freebase_bhht_author_lookup_v1	lookup_candidate_not_frozen	"[""Nicolas Belfrage""]"
1628	Diving instructor	1	diving_instructor	author_substring	substring_cross_l1_conflict			"[[""Discovery/Science"",""Academia""],[""Sports/Games"",""Sports/Games""]]"	2	2	"[""diving"",""instructor""]"	[90,794]	"[[""Discovery/Science"",""Academia""],[""Sports/Games"",""Sports/Games""]]"	[90,794]	Sports/Games	Sports/Games	diving	0	0	[]	0	0	"[""substring_requires_transfer_review"",""multiple_author_l1_candidates""]"		needs_review	low	no_unique_author_l1_candidate	"[""substring_requires_transfer_review"",""multiple_author_l1_candidates""]"	0	freebase_bhht_author_lookup_v1	lookup_candidate_not_frozen	"[""Nicolas Coster""]"
1629	Qualified Flying Instructor	1	qualified_flying_instructor	author_substring	substring_unique_candidate	Discovery/Science	Academia	"[[""Discovery/Science"",""Academia""]]"	1	1	"[""instructor""]"	[794]	"[[""Discovery/Science"",""Academia""]]"	[794]	Discovery/Science	Academia	instructor	0	0	[]	0	0	"[""substring_requires_transfer_review""]"	Discovery/Science	proposed	high	agrees_with_previous_llm	"[""substring_requires_transfer_review""]"	0	freebase_bhht_author_lookup_v1	lookup_candidate_not_frozen	"[""Nicolas Ivanoff""]"
1630	Mother (Profession)	1	mother_(profession)	no_author_rule	no_author_rule			[]	0	0	[]	[]	[]	[]				0	0	[]	0	0	"[""no_author_rule""]"		out_of_scope	medium	no_unique_author_l1_candidate	"[""no_author_rule""]"	0	freebase_bhht_author_lookup_v1	lookup_candidate_not_frozen	"[""Nikohl Vandel""]"
1631	ADR Editor	1	adr_editor	author_substring	substring_unique_candidate	Culture	Culture-periphery	"[[""Culture"",""Culture-periphery""]]"	1	1	"[""editor""]"	[612]	"[[""Culture"",""Culture-periphery""]]"	[612]	Culture	Culture-periphery	editor	0	0	[]	0	0	"[""substring_requires_transfer_review""]"	Culture	proposed	high	agrees_with_previous_llm	"[""substring_requires_transfer_review""]"	0	freebase_bhht_author_lookup_v1	lookup_candidate_not_frozen	"[""Norval D. Crutcher (Film crewmember)""]"
1632	Plantation Overseer	1	plantation_overseer	no_author_rule	no_author_rule			[]	0	0	[]	[]	[]	[]				0	0	[]	0	0	"[""no_author_rule""]"		out_of_scope	high	no_unique_author_l1_candidate	"[""no_author_rule""]"	0	freebase_bhht_author_lookup_v1	lookup_candidate_not_frozen	"[""Norval Marley""]"
1633	Figurative Sculptor	1	figurative_sculptor	author_substring	substring_unique_candidate	Culture	Culture-core	"[[""Culture"",""Culture-core""]]"	1	1	"[""sculptor""]"	[525]	"[[""Culture"",""Culture-core""]]"	[525]	Culture	Culture-core	sculptor	0	0	[]	0	0	"[""substring_requires_transfer_review""]"	Culture	proposed	medium	agrees_with_previous_llm	"[""substring_requires_transfer_review""]"	0	freebase_bhht_author_lookup_v1	lookup_candidate_not_frozen	"[""Nosratallah Karimi""]"
1634	Make-up artist	1	make-up_artist	author_substring	substring_unique_candidate	Culture	Culture-core	"[[""Culture"",""Culture-core""]]"	1	1	"[""_artist""]"	[304]	"[[""Culture"",""Culture-core""]]"	[304]	Culture	Culture-core	_artist	0	0	[]	0	0	"[""substring_requires_transfer_review""]"	Culture	proposed	high	agrees_with_previous_llm	"[""substring_requires_transfer_review""]"	0	freebase_bhht_author_lookup_v1	lookup_candidate_not_frozen	"[""Nosratallah Karimi""]"
1635	Internet Visionary	1	internet_visionary	no_author_rule	no_author_rule			[]	0	0	[]	[]	[]	[]				0	0	[]	0	0	"[""no_author_rule""]"		needs_review	low	no_unique_author_l1_candidate	"[""no_author_rule""]"	0	freebase_bhht_author_lookup_v1	lookup_candidate_not_frozen	"[""Nova Spivack""]"
1636	Child-Care Solicitor	1	child-care_solicitor	author_substring	substring_unique_candidate	Leadership	Administration/Law	"[[""Leadership"",""Administration/Law""]]"	1	1	"[""solicitor""]"	[1100]	"[[""Leadership"",""Administration/Law""]]"	[1100]	Leadership	Administration/Law	solicitor	0	0	[]	0	0	"[""substring_requires_transfer_review""]"	Leadership	proposed	medium	agrees_with_previous_llm	"[""substring_requires_transfer_review""]"	0	freebase_bhht_author_lookup_v1	lookup_candidate_not_frozen	"[""Oilen Wan""]"
1637	Cornetist	1	cornetist	author_exact	exact_unique	Culture	Culture-core	"[[""Culture"",""Culture-core""]]"	1	1	"[""cornetist""]"	[404]	"[[""Culture"",""Culture-core""]]"	[404]	Culture	Culture-core	cornetist	0	0	"[{""level1"":""Culture"",""level2"":""Culture-core"",""level3"":""cornetist"",""person_count"":2,""example_wikidata_codes"":""Q11975170|Q5080170""}]"	0	0	[]	Culture	proposed	high	agrees_with_previous_llm	[]	0	freebase_bhht_author_lookup_v1	lookup_candidate_not_frozen	"[""Olu Dara""]"
1638	Kidnapping	1	kidnapping	no_author_rule	no_author_rule			[]	0	0	[]	[]	[]	[]				0	0	[]	0	0	"[""no_author_rule""]"		out_of_scope	high	no_unique_author_l1_candidate	"[""no_author_rule""]"	0	freebase_bhht_author_lookup_v1	lookup_candidate_not_frozen	"[""Omar Treviño Morales""]"
1639	Dayan (Religious Leadership Title)	1	dayan_(religious_leadership_title)	author_substring	substring_unique_candidate	Leadership	Religious	"[[""Leadership"",""Religious""]]"	1	1	"[""religious""]"	[1351]	"[[""Leadership"",""Religious""]]"	[1351]	Leadership	Religious	religious	0	0	[]	0	0	"[""substring_requires_transfer_review""]"	Leadership	proposed	medium	agrees_with_previous_llm	"[""substring_requires_transfer_review""]"	0	freebase_bhht_author_lookup_v1	lookup_candidate_not_frozen	"[""Oser Loewe""]"
1640	Religious Judge	1	religious_judge	author_substring	substring_same_l1_multiple_l2	Leadership		"[[""Leadership"",""Administration/Law""],[""Leadership"",""Religious""]]"	1	2	"[""judge"",""religious""]"	[1076,1351]	"[[""Leadership"",""Administration/Law""],[""Leadership"",""Religious""]]"	[1076,1351]	Leadership	Administration/Law	judge	0	0	[]	0	0	"[""substring_requires_transfer_review"",""multiple_author_l2_candidates""]"	Leadership	proposed	high	agrees_with_previous_llm	"[""substring_requires_transfer_review"",""multiple_author_l2_candidates""]"	0	freebase_bhht_author_lookup_v1	lookup_candidate_not_frozen	"[""Oser Loewe""]"
1641	Distiller	1	distiller	author_exact	exact_unique	Other	Worker/Business (small)	"[[""Other"",""Worker/Business (small)""]]"	1	1	"[""distiller""]"	[1580]	"[[""Other"",""Worker/Business (small)""]]"	[1580]	Other	Worker/Business (small)	distiller	0	0	"[{""level1"":""Other"",""level2"":""Worker/Business (small)"",""level3"":""distiller"",""person_count"":22,""example_wikidata_codes"":""Q1376398|Q16031238|Q16202720""}]"	0	0	[]		out_of_scope	high	formal_author_other_previously_out_of_scope	[]	0	freebase_bhht_author_lookup_v1	lookup_candidate_not_frozen	"[""Outerbridge Horsey IV""]"
1642	Production Manager	1	production_manager	author_exact	exact_unique	Culture	Culture-core	"[[""Culture"",""Culture-core""]]"	1	1	"[""production_manager""]"	[508]	"[[""Culture"",""Culture-core""],[""Leadership"",""Corporate/Executive/Business (large)""]]"	[508,1234]	Culture	Culture-core	production_manager	0	0	"[{""level1"":""Culture"",""level2"":""Culture-core"",""level3"":""production_manager"",""person_count"":12,""example_wikidata_codes"":""Q1524001|Q16028524|Q16911812""}]"	0	0	[]		needs_review	low	author_candidate_previous_needs_review	[]	0	freebase_bhht_author_lookup_v1	lookup_candidate_not_frozen	"[""Pandro S. Berman""]"
1643	Bank manager	1	bank_manager	author_substring	substring_unique_candidate	Leadership	Corporate/Executive/Business (large)	"[[""Leadership"",""Corporate/Executive/Business (large)""]]"	1	1	"[""bank"",""manager""]"	[1215,1234]	"[[""Leadership"",""Corporate/Executive/Business (large)""]]"	[1215,1234]	Leadership	Corporate/Executive/Business (large)	bank	0	0	[]	0	0	"[""substring_requires_transfer_review""]"	Leadership	proposed	high	agrees_with_previous_llm	"[""substring_requires_transfer_review""]"	0	freebase_bhht_author_lookup_v1	lookup_candidate_not_frozen	"[""Patrick Daldry""]"
1644	Assistant Sound Editor	1	assistant_sound_editor	author_substring	substring_unique_candidate	Culture	Culture-periphery	"[[""Culture"",""Culture-periphery""]]"	1	1	"[""editor""]"	[612]	"[[""Culture"",""Culture-periphery""]]"	[612]	Culture	Culture-periphery	editor	0	0	[]	0	0	"[""substring_requires_transfer_review""]"	Culture	proposed	high	agrees_with_previous_llm	"[""substring_requires_transfer_review""]"	0	freebase_bhht_author_lookup_v1	lookup_candidate_not_frozen	"[""Paul Apted""]"
1645	Medical Anthropologist	1	medical_anthropologist	author_substring	substring_unique_candidate	Discovery/Science	Academia	"[[""Discovery/Science"",""Academia""]]"	1	1	"[""anthropologist"",""medical""]"	[685,812]	"[[""Discovery/Science"",""Academia""]]"	[685,812]	Discovery/Science	Academia	anthropologist	0	0	[]	0	0	"[""substring_requires_transfer_review""]"	Discovery/Science	proposed	medium	agrees_with_previous_llm	"[""substring_requires_transfer_review""]"	0	freebase_bhht_author_lookup_v1	lookup_candidate_not_frozen	"[""Paul Farmer""]"
1646	Population Biologist	1	population_biologist	author_substring	substring_unique_candidate	Discovery/Science	Academia	"[[""Discovery/Science"",""Academia""]]"	1	1	"[""biologist""]"	[705]	"[[""Discovery/Science"",""Academia""]]"	[705]	Discovery/Science	Academia	biologist	0	0	[]	0	0	"[""substring_requires_transfer_review""]"	Discovery/Science	proposed	high	agrees_with_previous_llm	"[""substring_requires_transfer_review""]"	0	freebase_bhht_author_lookup_v1	lookup_candidate_not_frozen	"[""Paul R. Ehrlich""]"
1647	Standart officer	1	standart_officer	author_substring	substring_unique_candidate	Leadership	Military	"[[""Leadership"",""Military""]]"	1	1	"[""officer_""]"	[1412]	"[[""Leadership"",""Military""]]"	[1412]	Leadership	Military	officer_	0	0	[]	0	0	"[""substring_requires_transfer_review""]"		out_of_scope	high	author_candidate_previous_out_of_scope	"[""substring_requires_transfer_review""]"	0	freebase_bhht_author_lookup_v1	lookup_candidate_not_frozen	"[""Pavel Voronov""]"
1648	Entrepreneur (Profession) #6	1	entrepreneur_(profession)_#6	author_substring	substring_unique_candidate	Leadership	Corporate/Executive/Business (large)	"[[""Leadership"",""Corporate/Executive/Business (large)""]]"	1	1	"[""entrepreneur""]"	[1222]	"[[""Leadership"",""Corporate/Executive/Business (large)""]]"	[1222]	Leadership	Corporate/Executive/Business (large)	entrepreneur	0	0	[]	0	0	"[""substring_requires_transfer_review""]"	Leadership	proposed	medium	agrees_with_previous_llm	"[""substring_requires_transfer_review""]"	0	freebase_bhht_author_lookup_v1	lookup_candidate_not_frozen	"[""Pedro Rousseff""]"
1649	Water Conservation Specialist	1	water_conservation_specialist	no_author_rule	no_author_rule			[]	0	0	[]	[]	[]	[]				0	0	[]	0	0	"[""no_author_rule""]"	Discovery/Science	proposed	high	no_unique_author_l1_candidate	"[""no_author_rule""]"	0	freebase_bhht_author_lookup_v1	lookup_candidate_not_frozen	"[""Peter Gleick""]"
1650	Electronic Engineer	1	electronic_engineer	author_substring	substring_unique_candidate	Discovery/Science	Explorer/Inventor/Developer	"[[""Discovery/Science"",""Explorer/Inventor/Developer""]]"	1	1	"[""engineer""]"	[1187]	"[[""Discovery/Science"",""Explorer/Inventor/Developer""]]"	[1187]	Discovery/Science	Explorer/Inventor/Developer	engineer	0	0	[]	0	0	"[""substring_requires_transfer_review""]"	Discovery/Science	proposed	high	agrees_with_previous_llm	"[""substring_requires_transfer_review""]"	0	freebase_bhht_author_lookup_v1	lookup_candidate_not_frozen	"[""Peter Harold Cole""]"
1651	User experience design	1	user_experience_design	no_author_rule	no_author_rule			[]	0	0	[]	[]	[]	[]				0	0	[]	0	0	"[""no_author_rule""]"		needs_review	low	no_unique_author_l1_candidate	"[""no_author_rule""]"	0	freebase_bhht_author_lookup_v1	lookup_candidate_not_frozen	"[""Phil Gribbon""]"
1652	Pub Owner	1	pub_owner	no_author_rule	no_author_rule			[]	0	0	[]	[]	[]	[]				0	0	[]	0	0	"[""no_author_rule""]"		needs_review	low	no_unique_author_l1_candidate	"[""no_author_rule""]"	0	freebase_bhht_author_lookup_v1	lookup_candidate_not_frozen	"[""Philip Thompson (Deceased Person)""]"
1653	Hymnology	1	hymnology	no_author_rule	no_author_rule			[]	0	0	[]	[]	[]	[]				0	0	[]	0	0	"[""no_author_rule""]"		needs_review	low	no_unique_author_l1_candidate	"[""no_author_rule""]"	0	freebase_bhht_author_lookup_v1	lookup_candidate_not_frozen	"[""Philipp Wackernagel""]"
1654	Wardrobe supervisor	1	wardrobe_supervisor	no_author_rule	no_author_rule			[]	0	0	[]	[]	[]	[]				0	0	[]	0	0	"[""no_author_rule""]"		needs_review	low	no_unique_author_l1_candidate	"[""no_author_rule""]"	0	freebase_bhht_author_lookup_v1	lookup_candidate_not_frozen	"[""Phyllis Garr""]"
1655	Receiver general	1	receiver_general	no_author_rule	no_author_rule			[]	0	0	[]	[]	[]	[]				0	0	[]	0	0	"[""no_author_rule""]"	Leadership	proposed	high	no_unique_author_l1_candidate	"[""no_author_rule""]"	0	freebase_bhht_author_lookup_v1	lookup_candidate_not_frozen	"[""Pierre Perrault (Scientist)""]"
1656	Arms Dealer	1	arms_dealer	no_author_rule	no_author_rule			[]	0	0	[]	[]	[]	[]				0	0	[]	0	0	"[""no_author_rule""]"		out_of_scope	high	no_unique_author_l1_candidate	"[""no_author_rule""]"	0	freebase_bhht_author_lookup_v1	lookup_candidate_not_frozen	"[""Pierre de Beaumarchais""]"
1657	Adjudicator	1	adjudicator	no_author_rule	no_author_rule			[]	0	0	[]	[]	[]	[]				0	0	[]	0	0	"[""no_author_rule""]"		needs_review	low	no_unique_author_l1_candidate	"[""no_author_rule""]"	0	freebase_bhht_author_lookup_v1	lookup_candidate_not_frozen	"[""Piers Morgan""]"
1658	Bailiff	1	bailiff	author_exact	exact_unique	Leadership	Administration/Law	"[[""Leadership"",""Administration/Law""]]"	1	1	"[""bailiff""]"	[1061]	"[[""Leadership"",""Administration/Law""]]"	[1061]	Leadership	Administration/Law	bailiff	0	0	"[{""level1"":""Leadership"",""level2"":""Administration/Law"",""level3"":""bailiff"",""person_count"":24,""example_wikidata_codes"":""Q10281385|Q15428787|Q15452387""}]"	0	0	[]	Leadership	proposed	high	agrees_with_previous_llm	[]	0	freebase_bhht_author_lookup_v1	lookup_candidate_not_frozen	"[""Piotr Kochanowski (Nobleman)""]"
1659	Park ranger	1	park_ranger	no_author_rule	no_author_rule			[]	0	0	[]	[]	[]	[]				0	0	[]	0	0	"[""no_author_rule""]"		needs_review	low	no_unique_author_l1_candidate	"[""no_author_rule""]"	0	freebase_bhht_author_lookup_v1	lookup_candidate_not_frozen	"[""Pranas Stankevičius""]"
1660	Prince of Hesse and by Rhine	1	prince_of_hesse_and_by_rhine	author_substring	substring_unique_candidate	Leadership	Nobility	"[[""Leadership"",""Nobility""]]"	1	1	"[""prince_""]"	[1160]	"[[""Leadership"",""Nobility""]]"	[1160]	Leadership	Nobility	prince_	0	0	[]	0	0	"[""substring_requires_transfer_review""]"	Leadership	proposed	medium	agrees_with_previous_llm	"[""substring_requires_transfer_review""]"	0	freebase_bhht_author_lookup_v1	lookup_candidate_not_frozen	"[""Prince Friedrich of Hesse and by Rhine""]"
1661	Fleet admiral	1	fleet_admiral	author_substring	substring_unique_candidate	Leadership	Military	"[[""Leadership"",""Military""]]"	1	1	"[""admiral""]"	[1368]	"[[""Leadership"",""Military""]]"	[1368]	Leadership	Military	admiral	0	0	[]	0	0	"[""substring_requires_transfer_review""]"	Leadership	proposed	high	agrees_with_previous_llm	"[""substring_requires_transfer_review""]"	0	freebase_bhht_author_lookup_v1	lookup_candidate_not_frozen	"[""Prince Philip, Duke of Edinburgh""]"
1662	Plastic arts	1	plastic_arts	author_substring	substring_unique_candidate	Culture	Culture-core	"[[""Culture"",""Culture-core""]]"	1	1	"[""_arts_""]"	[305]	"[[""Culture"",""Culture-core""]]"	[305]	Culture	Culture-core	_arts_	0	0	[]	0	0	"[""substring_requires_transfer_review""]"		needs_review	low	author_candidate_previous_needs_review	"[""substring_requires_transfer_review""]"	0	freebase_bhht_author_lookup_v1	lookup_candidate_not_frozen	"[""Princess Maria da Gloria, Duchess of Segorbe""]"
1663	Herder	1	herder	no_author_rule	no_author_rule			[]	0	0	[]	[]	[]	[]				0	0	[]	0	0	"[""no_author_rule""]"		out_of_scope	medium	no_unique_author_l1_candidate	"[""no_author_rule""]"	0	freebase_bhht_author_lookup_v1	lookup_candidate_not_frozen	"[""Ram Singh (Security guard)""]"
1664	Football Analyst	1	football_analyst	author_substring	substring_cross_l1_conflict			"[[""Other"",""Worker/Business (small)""],[""Sports/Games"",""Sports/Games""]]"	2	2	"[""football"",""analyst""]"	[101,1514]	"[[""Other"",""Worker/Business (small)""],[""Sports/Games"",""Sports/Games""]]"	[101,1514]	Sports/Games	Sports/Games	football	0	0	[]	0	0	"[""substring_requires_transfer_review"",""multiple_author_l1_candidates""]"		needs_review	low	no_unique_author_l1_candidate	"[""substring_requires_transfer_review"",""multiple_author_l1_candidates""]"	0	freebase_bhht_author_lookup_v1	lookup_candidate_not_frozen	"[""Randy Cross""]"
1665	Kathak Dancer	1	kathak_dancer	author_substring	substring_unique_candidate	Culture	Culture-core	"[[""Culture"",""Culture-core""]]"	1	1	"[""dancer""]"	[410]	"[[""Culture"",""Culture-core""]]"	[410]	Culture	Culture-core	dancer	0	0	[]	0	0	"[""substring_requires_transfer_review""]"	Culture	proposed	high	agrees_with_previous_llm	"[""substring_requires_transfer_review""]"	0	freebase_bhht_author_lookup_v1	lookup_candidate_not_frozen	"[""Reba Vidyarthi""]"
1666	Showrunner	1	showrunner	author_substring	substring_unique_candidate	Sports/Games	Sports/Games	"[[""Sports/Games"",""Sports/Games""]]"	1	1	"[""runner""]"	[221]	"[[""Sports/Games"",""Sports/Games""]]"	[221]	Sports/Games	Sports/Games	runner	0	0	[]	0	0	"[""substring_requires_transfer_review""]"	Culture	proposed	medium	differs_from_previous_llm	"[""substring_requires_transfer_review"",""previous_llm_l1_disagreement""]"	0	freebase_bhht_author_lookup_v1	lookup_candidate_not_frozen	"[""Rebecca Rand Kirshner""]"
1667	IT service management	1	it_service_management	author_substring	substring_unique_candidate	Leadership	Corporate/Executive/Business (large)	"[[""Leadership"",""Corporate/Executive/Business (large)""]]"	1	1	"[""management""]"	[1233]	"[[""Leadership"",""Corporate/Executive/Business (large)""]]"	[1233]	Leadership	Corporate/Executive/Business (large)	management	0	0	[]	0	0	"[""substring_requires_transfer_review""]"		needs_review	low	author_candidate_previous_needs_review	"[""substring_requires_transfer_review""]"	0	freebase_bhht_author_lookup_v1	lookup_candidate_not_frozen	"[""Remek Elek""]"
1668	Legal nurse consultant	1	legal_nurse_consultant	author_substring	substring_cross_l1_conflict			"[[""Discovery/Science"",""Academia""],[""Other"",""Worker/Business (small)""]]"	2	2	"[""nurse"",""consultant""]"	[828,1566]	"[[""Discovery/Science"",""Academia""],[""Other"",""Worker/Business (small)""]]"	[828,1566]	Discovery/Science	Academia	nurse	0	0	[]	0	0	"[""substring_requires_transfer_review"",""multiple_author_l1_candidates""]"	Discovery/Science	proposed	high	no_unique_author_l1_candidate	"[""substring_requires_transfer_review"",""multiple_author_l1_candidates""]"	0	freebase_bhht_author_lookup_v1	lookup_candidate_not_frozen	"[""Renea Burns""]"
1669	Direct marketing	1	direct_marketing	author_substring	substring_unique_candidate	Other	Worker/Business (small)	"[[""Other"",""Worker/Business (small)""]]"	1	1	"[""marketing""]"	[1649]	"[[""Other"",""Worker/Business (small)""]]"	[1649]	Other	Worker/Business (small)	marketing	0	0	[]	0	0	"[""substring_requires_transfer_review""]"		out_of_scope	medium	formal_author_other_previously_out_of_scope	"[""substring_requires_transfer_review""]"	0	freebase_bhht_author_lookup_v1	lookup_candidate_not_frozen	"[""Richard J. Tornetta""]"
1670	Inbound Marketing	1	inbound_marketing	author_substring	substring_unique_candidate	Other	Worker/Business (small)	"[[""Other"",""Worker/Business (small)""]]"	1	1	"[""marketing""]"	[1649]	"[[""Other"",""Worker/Business (small)""]]"	[1649]	Other	Worker/Business (small)	marketing	0	0	[]	0	0	"[""substring_requires_transfer_review""]"		needs_review	low	author_candidate_previous_needs_review	"[""substring_requires_transfer_review""]"	0	freebase_bhht_author_lookup_v1	lookup_candidate_not_frozen	"[""Richard J. Tornetta""]"
1671	Atmospheric scientist	1	atmospheric_scientist	author_substring	substring_unique_candidate	Discovery/Science	Academia	"[[""Discovery/Science"",""Academia""]]"	1	1	"[""scientist""]"	[894]	"[[""Discovery/Science"",""Academia""]]"	[894]	Discovery/Science	Academia	scientist	0	0	[]	0	0	"[""substring_requires_transfer_review""]"	Discovery/Science	proposed	high	agrees_with_previous_llm	"[""substring_requires_transfer_review""]"	0	freebase_bhht_author_lookup_v1	lookup_candidate_not_frozen	"[""Richard Turco""]"
1672	United States Ambassador to Seychelles	1	united_states_ambassador_to_seychelles	author_substring	substring_unique_candidate	Leadership	Administration/Law	"[[""Leadership"",""Administration/Law""]]"	1	1	"[""ambassador""]"	[1048]	"[[""Leadership"",""Administration/Law""]]"	[1048]	Leadership	Administration/Law	ambassador	0	0	[]	0	0	"[""substring_requires_transfer_review""]"	Leadership	proposed	medium	agrees_with_previous_llm	"[""substring_requires_transfer_review""]"	0	freebase_bhht_author_lookup_v1	lookup_candidate_not_frozen	"[""Richard Warner Carlson""]"
1673	Mandolinist	1	mandolinist	author_exact	exact_unique	Culture	Culture-core	"[[""Culture"",""Culture-core""]]"	1	1	"[""mandolinist""]"	[464]	"[[""Culture"",""Culture-core""]]"	[464]	Culture	Culture-core	mandolinist	0	0	"[{""level1"":""Culture"",""level2"":""Culture-core"",""level3"":""mandolinist"",""person_count"":76,""example_wikidata_codes"":""Q14985622|Q1510651|Q15429973""}]"	0	0	[]	Culture	proposed	high	agrees_with_previous_llm	[]	0	freebase_bhht_author_lookup_v1	lookup_candidate_not_frozen	"[""Ricky Skaggs""]"
1674	Nailist	1	nailist	no_author_rule	no_author_rule			[]	0	0	[]	[]	[]	[]				0	0	[]	0	0	"[""no_author_rule""]"		out_of_scope	high	no_unique_author_l1_candidate	"[""no_author_rule""]"	0	freebase_bhht_author_lookup_v1	lookup_candidate_not_frozen	"[""Rie Imaoka""]"
1675	Curriculum Director	1	curriculum_director	no_author_rule	no_author_rule			[]	0	0	[]	[]	[]	[]				0	0	[]	0	0	"[""no_author_rule""]"		needs_review	low	no_unique_author_l1_candidate	"[""no_author_rule""]"	0	freebase_bhht_author_lookup_v1	lookup_candidate_not_frozen	"[""Rita Polen""]"
1676	Image consultant	1	image_consultant	author_substring	substring_unique_candidate	Other	Worker/Business (small)	"[[""Other"",""Worker/Business (small)""]]"	1	1	"[""consultant""]"	[1566]	"[[""Other"",""Worker/Business (small)""]]"	[1566]	Other	Worker/Business (small)	consultant	0	0	[]	0	0	"[""substring_requires_transfer_review""]"		needs_review	low	author_candidate_previous_needs_review	"[""substring_requires_transfer_review""]"	0	freebase_bhht_author_lookup_v1	lookup_candidate_not_frozen	"[""Rita Verreos""]"
1677	Boat builder	1	boat_builder	no_author_rule	no_author_rule			[]	0	0	[]	[]	[]	[]				0	0	[]	0	0	"[""no_author_rule""]"		out_of_scope	high	no_unique_author_l1_candidate	"[""no_author_rule""]"	0	freebase_bhht_author_lookup_v1	lookup_candidate_not_frozen	"[""Robb White IV""]"
1678	Master mariner	1	master_mariner	author_substring	substring_unique_candidate	Leadership	Military	"[[""Leadership"",""Military""]]"	1	1	"[""_marine""]"	[1403]	"[[""Leadership"",""Military""]]"	[1403]	Leadership	Military	_marine	0	0	[]	0	0	"[""substring_requires_transfer_review""]"		needs_review	low	author_candidate_previous_needs_review	"[""substring_requires_transfer_review""]"	0	freebase_bhht_author_lookup_v1	lookup_candidate_not_frozen	"[""Robert Baikie Linklater""]"
1679	European Historian	1	european_historian	author_substring	substring_unique_candidate	Discovery/Science	Academia	"[[""Discovery/Science"",""Academia""]]"	1	1	"[""historian""]"	[783]	"[[""Discovery/Science"",""Academia""]]"	[783]	Discovery/Science	Academia	historian	0	0	[]	0	0	"[""substring_requires_transfer_review""]"	Discovery/Science	proposed	high	agrees_with_previous_llm	"[""substring_requires_transfer_review""]"	0	freebase_bhht_author_lookup_v1	lookup_candidate_not_frozen	"[""Robert Darnton""]"
1680	Butler	1	butler	author_exact	exact_unique	Other	Worker/Business (small)	"[[""Other"",""Worker/Business (small)""]]"	1	1	"[""butler""]"	[1545]	"[[""Other"",""Worker/Business (small)""]]"	[1545]	Other	Worker/Business (small)	butler	0	0	"[{""level1"":""Other"",""level2"":""Worker/Business (small)"",""level3"":""butler"",""person_count"":60,""example_wikidata_codes"":""Q10292581|Q1572114|Q15985294""}]"	0	0	[]		out_of_scope	high	formal_author_other_previously_out_of_scope	[]	0	freebase_bhht_author_lookup_v1	lookup_candidate_not_frozen	"[""Robert Earl Jones""]"
1681	Entrepreneur (Small Business) Nightclub and Auto Paint and Body Shops	1	entrepreneur_(small_business)_nightclub_and_auto_paint_and_body_shops	author_substring	substring_cross_l1_conflict			"[[""Culture"",""Culture-core""],[""Leadership"",""Corporate/Executive/Business (large)""]]"	2	2	"[""_paint_"",""business"",""entrepreneur""]"	[328,1218,1222]	"[[""Culture"",""Culture-core""],[""Leadership"",""Corporate/Executive/Business (large)""]]"	[328,1218,1222]	Culture	Culture-core	_paint_	0	0	[]	0	0	"[""substring_requires_transfer_review"",""multiple_author_l1_candidates""]"		needs_review	low	no_unique_author_l1_candidate	"[""substring_requires_transfer_review"",""multiple_author_l1_candidates""]"	0	freebase_bhht_author_lookup_v1	lookup_candidate_not_frozen	"[""Robert J. Quinn (Person)""]"
1682	Sociologist of Science	1	sociologist_of_science	author_substring	substring_unique_candidate	Discovery/Science	Academia	"[[""Discovery/Science"",""Academia""]]"	1	1	"[""science"",""sociologist""]"	[892,902]	"[[""Discovery/Science"",""Academia""]]"	[892,902]	Discovery/Science	Academia	science	0	0	[]	0	0	"[""substring_requires_transfer_review""]"	Discovery/Science	proposed	high	agrees_with_previous_llm	"[""substring_requires_transfer_review""]"	0	freebase_bhht_author_lookup_v1	lookup_candidate_not_frozen	"[""Robert K. Merton""]"
1683	Test engineer	1	test_engineer	author_substring	substring_unique_candidate	Discovery/Science	Explorer/Inventor/Developer	"[[""Discovery/Science"",""Explorer/Inventor/Developer""]]"	1	1	"[""engineer""]"	[1187]	"[[""Discovery/Science"",""Explorer/Inventor/Developer""]]"	[1187]	Discovery/Science	Explorer/Inventor/Developer	engineer	0	0	[]	0	0	"[""substring_requires_transfer_review""]"	Discovery/Science	proposed	high	agrees_with_previous_llm	"[""substring_requires_transfer_review""]"	0	freebase_bhht_author_lookup_v1	lookup_candidate_not_frozen	"[""Robert L. Behnken""]"
1684	Botanical Explorer	1	botanical_explorer	author_substring	substring_unique_candidate	Discovery/Science	Explorer/Inventor/Developer	"[[""Discovery/Science"",""Explorer/Inventor/Developer""]]"	1	1	"[""explorer""]"	[1189]	"[[""Discovery/Science"",""Explorer/Inventor/Developer""]]"	[1189]	Discovery/Science	Explorer/Inventor/Developer	explorer	0	0	[]	0	0	"[""substring_requires_transfer_review""]"	Discovery/Science	proposed	medium	agrees_with_previous_llm	"[""substring_requires_transfer_review""]"	0	freebase_bhht_author_lookup_v1	lookup_candidate_not_frozen	"[""Robert McKenzie Cross""]"
1685	Media Entrepreneur	1	media_entrepreneur	author_substring	substring_cross_l1_conflict			"[[""Culture"",""Culture-periphery""],[""Leadership"",""Corporate/Executive/Business (large)""]]"	2	2	"[""_media"",""entrepreneur""]"	[576,1222]	"[[""Culture"",""Culture-periphery""],[""Leadership"",""Corporate/Executive/Business (large)""]]"	[576,1222]	Culture	Culture-periphery	_media	0	0	[]	0	0	"[""substring_requires_transfer_review"",""multiple_author_l1_candidates""]"	Leadership	proposed	high	no_unique_author_l1_candidate	"[""substring_requires_transfer_review"",""multiple_author_l1_candidates""]"	0	freebase_bhht_author_lookup_v1	lookup_candidate_not_frozen	"[""Robert N. Fried""]"
1686	Neuroendocrinologist	1	neuroendocrinologist	author_substring	substring_unique_candidate	Discovery/Science	Academia	"[[""Discovery/Science"",""Academia""]]"	1	1	"[""endocrinologist""]"	[743]	"[[""Discovery/Science"",""Academia""]]"	[743]	Discovery/Science	Academia	endocrinologist	0	0	[]	0	0	"[""substring_requires_transfer_review""]"	Discovery/Science	proposed	high	agrees_with_previous_llm	"[""substring_requires_transfer_review""]"	0	freebase_bhht_author_lookup_v1	lookup_candidate_not_frozen	"[""Robert Sapolsky""]"
1687	Geheimrat	1	geheimrat	author_exact	exact_unique	Leadership	Nobility	"[[""Leadership"",""Nobility""]]"	1	1	"[""geheimrat""]"	[1142]	"[[""Leadership"",""Nobility""]]"	[1142]	Leadership	Nobility	geheimrat	0	0	"[{""level1"":""Leadership"",""level2"":""Nobility"",""level3"":""geheimrat"",""person_count"":428,""example_wikidata_codes"":""Q1037354|Q1040081|Q104058""}]"	0	0	[]		needs_review	low	author_candidate_previous_needs_review	[]	0	freebase_bhht_author_lookup_v1	lookup_candidate_not_frozen	"[""Robert von Zahn""]"
1688	Botonist	1	botonist	no_author_rule	no_author_rule			[]	0	0	[]	[]	[]	[]				0	0	[]	0	0	"[""no_author_rule""]"		needs_review	low	no_unique_author_l1_candidate	"[""no_author_rule""]"	0	freebase_bhht_author_lookup_v1	lookup_candidate_not_frozen	"[""Roberto Burle Marx""]"
1689	Manager For a Catering Contractor	1	manager_for_a_catering_contractor	author_substring	substring_unique_candidate	Leadership	Corporate/Executive/Business (large)	"[[""Leadership"",""Corporate/Executive/Business (large)""]]"	1	1	"[""manager""]"	[1234]	"[[""Leadership"",""Corporate/Executive/Business (large)""]]"	[1234]	Leadership	Corporate/Executive/Business (large)	manager	0	0	[]	0	0	"[""substring_requires_transfer_review""]"		needs_review	low	author_candidate_previous_needs_review	"[""substring_requires_transfer_review""]"	0	freebase_bhht_author_lookup_v1	lookup_candidate_not_frozen	"[""Rodger Oscar Webb""]"
1690	Arts Educator	1	arts_educator	author_substring	substring_cross_l1_conflict			"[[""Culture"",""Culture-core""],[""Discovery/Science"",""Academia""]]"	2	2	"[""_arts_"",""educator""]"	[305,738]	"[[""Culture"",""Culture-core""],[""Discovery/Science"",""Academia""]]"	[305,738]	Culture	Culture-core	_arts_	0	0	[]	0	0	"[""substring_requires_transfer_review"",""multiple_author_l1_candidates""]"		needs_review	low	no_unique_author_l1_candidate	"[""substring_requires_transfer_review"",""multiple_author_l1_candidates""]"	0	freebase_bhht_author_lookup_v1	lookup_candidate_not_frozen	"[""Roelof Paul Citroen""]"
1691	Structural biologist	1	structural_biologist	author_substring	substring_unique_candidate	Discovery/Science	Academia	"[[""Discovery/Science"",""Academia""]]"	1	1	"[""biologist""]"	[705]	"[[""Discovery/Science"",""Academia""]]"	[705]	Discovery/Science	Academia	biologist	0	0	[]	0	0	"[""substring_requires_transfer_review""]"	Discovery/Science	proposed	high	agrees_with_previous_llm	"[""substring_requires_transfer_review""]"	0	freebase_bhht_author_lookup_v1	lookup_candidate_not_frozen	"[""Roger D. Kornberg""]"
1692	Information professional	1	information_professional	no_author_rule	no_author_rule			[]	0	0	[]	[]	[]	[]				0	0	[]	0	0	"[""no_author_rule""]"		needs_review	low	no_unique_author_l1_candidate	"[""no_author_rule""]"	0	freebase_bhht_author_lookup_v1	lookup_candidate_not_frozen	"[""Roger K. Summit""]"
1693	Soundtrack Composer	1	soundtrack_composer	author_substring	substring_unique_candidate	Culture	Culture-core	"[[""Culture"",""Culture-core""]]"	1	1	"[""composer""]"	[398]	"[[""Culture"",""Culture-core""]]"	[398]	Culture	Culture-core	composer	0	0	[]	0	0	"[""substring_requires_transfer_review""]"	Culture	proposed	medium	agrees_with_previous_llm	"[""substring_requires_transfer_review""]"	0	freebase_bhht_author_lookup_v1	lookup_candidate_not_frozen	"[""Roger Wolfe Kahn""]"
1694	Lutenist	1	lutenist	author_exact	exact_unique	Culture	Culture-core	"[[""Culture"",""Culture-core""]]"	1	1	"[""lutenist""]"	[461]	"[[""Culture"",""Culture-core""]]"	[461]	Culture	Culture-core	lutenist	0	0	"[{""level1"":""Culture"",""level2"":""Culture-core"",""level3"":""lutenist"",""person_count"":60,""example_wikidata_codes"":""Q11893286|Q1355349|Q16213750""}]"	0	0	[]	Culture	proposed	high	agrees_with_previous_llm	[]	0	freebase_bhht_author_lookup_v1	lookup_candidate_not_frozen	"[""Roman Turovsky-Savchuk""]"
1695	Nursing Graduate	1	nursing_graduate	no_author_rule	no_author_rule			[]	0	0	[]	[]	[]	[]				0	0	[]	0	0	"[""no_author_rule""]"		out_of_scope	high	no_unique_author_l1_candidate	"[""no_author_rule""]"	0	freebase_bhht_author_lookup_v1	lookup_candidate_not_frozen	"[""Roscelle Jhoyce Miñoza""]"
1696	Stage mother	1	stage_mother	author_substring	substring_unique_candidate	Culture	Culture-core	"[[""Culture"",""Culture-core""]]"	1	1	"[""_stage_""]"	[338]	"[[""Culture"",""Culture-core""]]"	[338]	Culture	Culture-core	_stage_	0	0	[]	0	0	"[""substring_requires_transfer_review""]"		needs_review	low	author_candidate_previous_needs_review	"[""substring_requires_transfer_review""]"	0	freebase_bhht_author_lookup_v1	lookup_candidate_not_frozen	"[""Rose Thompson Hovick""]"
1697	Personal injury lawyer	1	personal_injury_lawyer	author_substring	substring_unique_candidate	Leadership	Administration/Law	"[[""Leadership"",""Administration/Law""]]"	1	1	"[""_lawyer""]"	[1053]	"[[""Leadership"",""Administration/Law""]]"	[1053]	Leadership	Administration/Law	_lawyer	0	0	[]	0	0	"[""substring_requires_transfer_review""]"	Leadership	proposed	high	agrees_with_previous_llm	"[""substring_requires_transfer_review""]"	0	freebase_bhht_author_lookup_v1	lookup_candidate_not_frozen	"[""Ross C. Goodman""]"
1698	Information retrieval	1	information_retrieval	no_author_rule	no_author_rule			[]	0	0	[]	[]	[]	[]				0	0	[]	0	0	"[""no_author_rule""]"		needs_review	low	no_unique_author_l1_candidate	"[""no_author_rule""]"	0	freebase_bhht_author_lookup_v1	lookup_candidate_not_frozen	"[""Russell M Wright""]"
1699	Salonnieres	1	salonnieres	no_author_rule	no_author_rule			[]	0	0	[]	[]	[]	[]				0	0	[]	0	0	"[""no_author_rule""]"		needs_review	low	no_unique_author_l1_candidate	"[""no_author_rule""]"	0	freebase_bhht_author_lookup_v1	lookup_candidate_not_frozen	"[""Ruth Ford""]"
1700	m/0qcntlr	1	m/0qcntlr	no_author_rule	no_author_rule			[]	0	0	[]	[]	[]	[]				0	0	[]	0	0	"[""no_author_rule""]"		needs_review	low	no_unique_author_l1_candidate	"[""no_author_rule""]"	0	freebase_bhht_author_lookup_v1	lookup_candidate_not_frozen	"[""Rómulo León""]"
1701	Political analyst	1	political_analyst	author_substring	substring_cross_l1_conflict			"[[""Leadership"",""Politics""],[""Other"",""Worker/Business (small)""]]"	2	2	"[""political"",""analyst""]"	[1013,1514]	"[[""Leadership"",""Politics""],[""Other"",""Worker/Business (small)""]]"	[1013,1514]	Leadership	Politics	political	0	0	[]	0	0	"[""substring_requires_transfer_review"",""multiple_author_l1_candidates""]"	Leadership	proposed	high	no_unique_author_l1_candidate	"[""substring_requires_transfer_review"",""multiple_author_l1_candidates""]"	0	freebase_bhht_author_lookup_v1	lookup_candidate_not_frozen	"[""S. Balasubramanian""]"
1702	Illegal drug dealer	1	illegal_drug_dealer	no_author_rule	no_author_rule			[]	0	0	[]	[]	[]	[]				0	0	[]	0	0	"[""no_author_rule""]"		out_of_scope	medium	no_unique_author_l1_candidate	"[""no_author_rule""]"	0	freebase_bhht_author_lookup_v1	lookup_candidate_not_frozen	"[""Sabrina Jackson""]"
1703	Party leader	1	party_leader	no_author_rule	no_author_rule			[]	0	0	[]	[]	[]	[]				0	0	[]	0	0	"[""no_author_rule""]"	Leadership	proposed	high	no_unique_author_l1_candidate	"[""no_author_rule""]"	0	freebase_bhht_author_lookup_v1	lookup_candidate_not_frozen	"[""Saddam Hussein""]"
1704	Android software development	1	android_software_development	no_author_rule	no_author_rule			[]	0	0	[]	[]	[]	[]				0	0	[]	0	0	"[""no_author_rule""]"		needs_review	low	no_unique_author_l1_candidate	"[""no_author_rule""]"	0	freebase_bhht_author_lookup_v1	lookup_candidate_not_frozen	"[""Sahil Kumar""]"
1705	Help Desk Coordinator	1	help_desk_coordinator	no_author_rule	no_author_rule			[]	0	0	[]	[]	[]	[]				0	0	[]	0	0	"[""no_author_rule""]"		out_of_scope	medium	no_unique_author_l1_candidate	"[""no_author_rule""]"	0	freebase_bhht_author_lookup_v1	lookup_candidate_not_frozen	"[""Sam Chupp""]"
1706	Personal chef	1	personal_chef	author_substring	substring_unique_candidate	Other	Worker/Business (small)	"[[""Other"",""Worker/Business (small)""]]"	1	1	"[""_chef_""]"	[1444]	"[[""Other"",""Worker/Business (small)""]]"	[1444]	Other	Worker/Business (small)	_chef_	0	0	[]	0	0	"[""substring_requires_transfer_review""]"		out_of_scope	high	formal_author_other_previously_out_of_scope	"[""substring_requires_transfer_review""]"	0	freebase_bhht_author_lookup_v1	lookup_candidate_not_frozen	"[""Sam Kass (Businessperson)""]"
1707	Policy Consultant	1	policy_consultant	author_substring	substring_unique_candidate	Other	Worker/Business (small)	"[[""Other"",""Worker/Business (small)""]]"	1	1	"[""consultant""]"	[1566]	"[[""Other"",""Worker/Business (small)""]]"	[1566]	Other	Worker/Business (small)	consultant	0	0	[]	0	0	"[""substring_requires_transfer_review""]"	Leadership	proposed	high	differs_from_previous_llm	"[""substring_requires_transfer_review"",""previous_llm_l1_disagreement""]"	0	freebase_bhht_author_lookup_v1	lookup_candidate_not_frozen	"[""Samantha Fenty""]"
1708	Medical technologist	1	medical_technologist	author_substring	substring_unique_candidate	Discovery/Science	Academia	"[[""Discovery/Science"",""Academia""]]"	1	1	"[""medical""]"	[812]	"[[""Discovery/Science"",""Academia""]]"	[812]	Discovery/Science	Academia	medical	0	0	[]	0	0	"[""substring_requires_transfer_review""]"	Discovery/Science	proposed	medium	agrees_with_previous_llm	"[""substring_requires_transfer_review""]"	0	freebase_bhht_author_lookup_v1	lookup_candidate_not_frozen	"[""Samaria (Mitcham) Bailey""]"
1709	Painting	1	painting	author_exact	exact_unique	Culture	Culture-core	"[[""Culture"",""Culture-core""]]"	1	1	"[""painting""]"	[484]	"[[""Culture"",""Culture-core""]]"	[484]	Culture	Culture-core	painting	0	0	"[{""level1"":""Culture"",""level2"":""Culture-core"",""level3"":""painting"",""person_count"":28,""example_wikidata_codes"":""Q1283407|Q17018610|Q17198921""}]"	0	0	[]		needs_review	low	author_candidate_previous_needs_review	[]	0	freebase_bhht_author_lookup_v1	lookup_candidate_not_frozen	"[""Sandro Botticelli""]"
1710	Yoga Consultant	1	yoga_consultant	author_substring	substring_unique_candidate	Other	Worker/Business (small)	"[[""Other"",""Worker/Business (small)""]]"	1	1	"[""consultant""]"	[1566]	"[[""Other"",""Worker/Business (small)""]]"	[1566]	Other	Worker/Business (small)	consultant	0	0	[]	0	0	"[""substring_requires_transfer_review""]"		needs_review	low	author_candidate_previous_needs_review	"[""substring_requires_transfer_review""]"	0	freebase_bhht_author_lookup_v1	lookup_candidate_not_frozen	"[""Sangeeta Kalyani""]"
1711	Rob Gibsun	1	rob_gibsun	no_author_rule	no_author_rule			[]	0	0	[]	[]	[]	[]				0	0	[]	0	0	"[""no_author_rule""]"		needs_review	low	no_unique_author_l1_candidate	"[""no_author_rule""]"	0	freebase_bhht_author_lookup_v1	lookup_candidate_not_frozen	"[""Saul Williams""]"
1712	On-set Dresser	1	on-set_dresser	no_author_rule	no_author_rule			[]	0	0	[]	[]	[]	[]				0	0	[]	0	0	"[""no_author_rule""]"	Culture	proposed	high	no_unique_author_l1_candidate	"[""no_author_rule""]"	0	freebase_bhht_author_lookup_v1	lookup_candidate_not_frozen	"[""Scott Getzinger""]"
1713	Computer repair technician	1	computer_repair_technician	author_substring	substring_unique_candidate	Other	Worker/Business (small)	"[[""Other"",""Worker/Business (small)""]]"	1	1	"[""technician""]"	[1698]	"[[""Other"",""Worker/Business (small)""]]"	[1698]	Other	Worker/Business (small)	technician	0	0	[]	0	0	"[""substring_requires_transfer_review""]"		needs_review	low	author_candidate_previous_needs_review	"[""substring_requires_transfer_review""]"	0	freebase_bhht_author_lookup_v1	lookup_candidate_not_frozen	"[""Shane Kosugi""]"
1714	Roller Skater	1	roller_skater	author_substring	substring_unique_candidate	Sports/Games	Sports/Games	"[[""Sports/Games"",""Sports/Games""]]"	1	1	"[""skater""]"	[234]	"[[""Sports/Games"",""Sports/Games""]]"	[234]	Sports/Games	Sports/Games	skater	0	0	[]	0	0	"[""substring_requires_transfer_review""]"	Sports/Games	proposed	medium	agrees_with_previous_llm	"[""substring_requires_transfer_review""]"	0	freebase_bhht_author_lookup_v1	lookup_candidate_not_frozen	"[""Shanna Moakler""]"
1715	Computer Tech	1	computer_tech	no_author_rule	no_author_rule			[]	0	0	[]	[]	[]	[]				0	0	[]	0	0	"[""no_author_rule""]"		needs_review	low	no_unique_author_l1_candidate	"[""no_author_rule""]"	0	freebase_bhht_author_lookup_v1	lookup_candidate_not_frozen	"[""Sheila Ingamells""]"
1716	Biomedical Engineer	1	biomedical_engineer	author_substring	substring_same_l1_multiple_l2	Discovery/Science		"[[""Discovery/Science"",""Academia""],[""Discovery/Science"",""Explorer/Inventor/Developer""]]"	1	2	"[""biomedical"",""medical"",""engineer""]"	[706,812,1187]	"[[""Discovery/Science"",""Academia""],[""Discovery/Science"",""Explorer/Inventor/Developer""]]"	[706,812,1187]	Discovery/Science	Academia	biomedical	0	0	[]	0	0	"[""substring_requires_transfer_review"",""multiple_author_l2_candidates""]"	Discovery/Science	proposed	high	agrees_with_previous_llm	"[""substring_requires_transfer_review"",""multiple_author_l2_candidates""]"	0	freebase_bhht_author_lookup_v1	lookup_candidate_not_frozen	"[""Sheldon Weinbaum""]"
1717	Computer professional	1	computer_professional	no_author_rule	no_author_rule			[]	0	0	[]	[]	[]	[]				0	0	[]	0	0	"[""no_author_rule""]"		needs_review	low	no_unique_author_l1_candidate	"[""no_author_rule""]"	0	freebase_bhht_author_lookup_v1	lookup_candidate_not_frozen	"[""Shivani (Programmer)""]"
1718	Arms Policy Analyst	1	arms_policy_analyst	author_substring	substring_unique_candidate	Other	Worker/Business (small)	"[[""Other"",""Worker/Business (small)""]]"	1	1	"[""analyst""]"	[1514]	"[[""Other"",""Worker/Business (small)""]]"	[1514]	Other	Worker/Business (small)	analyst	0	0	[]	0	0	"[""substring_requires_transfer_review""]"		needs_review	low	author_candidate_previous_needs_review	"[""substring_requires_transfer_review""]"	0	freebase_bhht_author_lookup_v1	lookup_candidate_not_frozen	"[""Sidney Drell""]"
1719	Navy pilot	1	navy_pilot	author_substring	substring_unique_candidate	Leadership	Military	"[[""Leadership"",""Military""]]"	1	1	"[""navy""]"	[1410]	"[[""Leadership"",""Military""]]"	[1410]	Leadership	Military	navy	0	0	[]	0	0	"[""substring_requires_transfer_review""]"	Leadership	proposed	high	agrees_with_previous_llm	"[""substring_requires_transfer_review""]"	0	freebase_bhht_author_lookup_v1	lookup_candidate_not_frozen	"[""Simon Scott Thomas""]"
1720	Pipefitter	1	pipefitter	no_author_rule	no_author_rule			[]	0	0	[]	[]	[]	[]				0	0	[]	0	0	"[""no_author_rule""]"		out_of_scope	medium	no_unique_author_l1_candidate	"[""no_author_rule""]"	0	freebase_bhht_author_lookup_v1	lookup_candidate_not_frozen	"[""Sixty Rayburn""]"
1721	Nude model	1	nude_model	author_substring	substring_unique_candidate	Culture	Culture-periphery	"[[""Culture"",""Culture-periphery""]]"	1	1	"[""_model_""]"	[577]	"[[""Culture"",""Culture-periphery""]]"	[577]	Culture	Culture-periphery	_model_	0	0	[]	0	0	"[""substring_requires_transfer_review""]"	Culture	proposed	medium	agrees_with_previous_llm	"[""substring_requires_transfer_review""]"	0	freebase_bhht_author_lookup_v1	lookup_candidate_not_frozen	"[""Skin Diamond""]"
1722	Rodeo clown	1	rodeo_clown	author_substring	substring_cross_l1_conflict			"[[""Culture"",""Culture-core""],[""Sports/Games"",""Sports/Games""]]"	2	2	"[""rodeo"",""_clown_""]"	[217,310]	"[[""Culture"",""Culture-core""],[""Sports/Games"",""Sports/Games""]]"	[217,310]	Sports/Games	Sports/Games	rodeo	0	0	[]	0	0	"[""substring_requires_transfer_review"",""multiple_author_l1_candidates""]"		needs_review	low	no_unique_author_l1_candidate	"[""substring_requires_transfer_review"",""multiple_author_l1_candidates""]"	0	freebase_bhht_author_lookup_v1	lookup_candidate_not_frozen	"[""Slim Pickens""]"
1723	Business process outsourcing	1	business_process_outsourcing	author_substring	substring_unique_candidate	Leadership	Corporate/Executive/Business (large)	"[[""Leadership"",""Corporate/Executive/Business (large)""]]"	1	1	"[""business""]"	[1218]	"[[""Leadership"",""Corporate/Executive/Business (large)""]]"	[1218]	Leadership	Corporate/Executive/Business (large)	business	0	0	[]	0	0	"[""substring_requires_transfer_review""]"		out_of_scope	medium	author_candidate_previous_out_of_scope	"[""substring_requires_transfer_review""]"	0	freebase_bhht_author_lookup_v1	lookup_candidate_not_frozen	"[""Smita Nair Jain""]"
1724	Financial Services	1	financial_services	no_author_rule	no_author_rule			[]	0	0	[]	[]	[]	[]				0	0	[]	0	0	"[""no_author_rule""]"		needs_review	low	no_unique_author_l1_candidate	"[""no_author_rule""]"	0	freebase_bhht_author_lookup_v1	lookup_candidate_not_frozen	"[""Smita Nair Jain""]"
1725	Information technology	1	information_technology	no_author_rule	no_author_rule			[]	0	0	[]	[]	[]	[]				0	0	[]	0	0	"[""no_author_rule""]"		needs_review	low	no_unique_author_l1_candidate	"[""no_author_rule""]"	0	freebase_bhht_author_lookup_v1	lookup_candidate_not_frozen	"[""Smita Nair Jain""]"
1726	Investment banking	1	investment_banking	author_substring	substring_unique_candidate	Leadership	Corporate/Executive/Business (large)	"[[""Leadership"",""Corporate/Executive/Business (large)""]]"	1	1	"[""bank"",""investment""]"	[1215,1229]	"[[""Leadership"",""Corporate/Executive/Business (large)""]]"	[1215,1229]	Leadership	Corporate/Executive/Business (large)	bank	0	0	[]	0	0	"[""substring_requires_transfer_review""]"		out_of_scope	medium	author_candidate_previous_out_of_scope	"[""substring_requires_transfer_review""]"	0	freebase_bhht_author_lookup_v1	lookup_candidate_not_frozen	"[""Smita Nair Jain""]"
1727	Wrestling Booker	1	wrestling_booker	author_substring	substring_unique_candidate	Sports/Games	Sports/Games	"[[""Sports/Games"",""Sports/Games""]]"	1	1	"[""wrestling""]"	[299]	"[[""Sports/Games"",""Sports/Games""]]"	[299]	Sports/Games	Sports/Games	wrestling	0	0	[]	0	0	"[""substring_requires_transfer_review""]"	Sports/Games	proposed	medium	agrees_with_previous_llm	"[""substring_requires_transfer_review""]"	0	freebase_bhht_author_lookup_v1	lookup_candidate_not_frozen	"[""Smith Hart""]"
1728	Taluk Office	1	taluk_office	no_author_rule	no_author_rule			[]	0	0	[]	[]	[]	[]				0	0	[]	0	0	"[""no_author_rule""]"		needs_review	low	no_unique_author_l1_candidate	"[""no_author_rule""]"	0	freebase_bhht_author_lookup_v1	lookup_candidate_not_frozen	"[""Smrithi Muralidhar""]"
1729	Promotional model	1	promotional_model	author_substring	substring_unique_candidate	Culture	Culture-periphery	"[[""Culture"",""Culture-periphery""]]"	1	1	"[""_model_""]"	[577]	"[[""Culture"",""Culture-periphery""]]"	[577]	Culture	Culture-periphery	_model_	0	0	[]	0	0	"[""substring_requires_transfer_review""]"	Culture	proposed	medium	agrees_with_previous_llm	"[""substring_requires_transfer_review""]"	0	freebase_bhht_author_lookup_v1	lookup_candidate_not_frozen	"[""Sneha""]"
1730	Oficer-Major of King Zog  I	1	oficer-major_of_king_zog__i	author_substring	substring_unique_candidate	Leadership	Nobility	"[[""Leadership"",""Nobility""]]"	1	1	"[""_king_""]"	[1119]	"[[""Leadership"",""Nobility""]]"	[1119]	Leadership	Nobility	_king_	0	0	[]	0	0	"[""substring_requires_transfer_review""]"	Leadership	proposed	high	agrees_with_previous_llm	"[""substring_requires_transfer_review""]"	0	freebase_bhht_author_lookup_v1	lookup_candidate_not_frozen	"[""Spiro Zheji""]"
1731	ADR Recordist	1	adr_recordist	no_author_rule	no_author_rule			[]	0	0	[]	[]	[]	[]				0	0	[]	0	0	"[""no_author_rule""]"	Culture	proposed	high	no_unique_author_l1_candidate	"[""no_author_rule""]"	0	freebase_bhht_author_lookup_v1	lookup_candidate_not_frozen	"[""Stephen Hoff""]"
1732	Aerial Coordinator	1	aerial_coordinator	no_author_rule	no_author_rule			[]	0	0	[]	[]	[]	[]				0	0	[]	0	0	"[""no_author_rule""]"		needs_review	low	no_unique_author_l1_candidate	"[""no_author_rule""]"	0	freebase_bhht_author_lookup_v1	lookup_candidate_not_frozen	"[""Steve Stafford""]"
1733	Solicitor advocate	1	solicitor_advocate	author_substring	substring_unique_candidate	Leadership	Administration/Law	"[[""Leadership"",""Administration/Law""]]"	1	1	"[""advocate"",""solicitor""]"	[1058,1100]	"[[""Leadership"",""Administration/Law""]]"	[1058,1100]	Leadership	Administration/Law	advocate	0	0	[]	0	0	"[""substring_requires_transfer_review""]"	Leadership	proposed	high	agrees_with_previous_llm	"[""substring_requires_transfer_review""]"	0	freebase_bhht_author_lookup_v1	lookup_candidate_not_frozen	"[""Stuart Ripley""]"
1734	Porcelain painter	1	porcelain_painter	author_substring	substring_unique_candidate	Culture	Culture-core	"[[""Culture"",""Culture-core""]]"	1	1	"[""painter""]"	[483]	"[[""Culture"",""Culture-core""]]"	[483]	Culture	Culture-core	painter	0	0	[]	0	0	"[""substring_requires_transfer_review""]"	Culture	proposed	high	agrees_with_previous_llm	"[""substring_requires_transfer_review""]"	0	freebase_bhht_author_lookup_v1	lookup_candidate_not_frozen	"[""Susanna Amalie Berri""]"
1735	Watercolor paint	1	watercolor_paint	author_substring	substring_unique_candidate	Culture	Culture-core	"[[""Culture"",""Culture-core""]]"	1	1	"[""_paint_""]"	[328]	"[[""Culture"",""Culture-core""]]"	[328]	Culture	Culture-core	_paint_	0	0	[]	0	0	"[""substring_requires_transfer_review""]"		out_of_scope	medium	author_candidate_previous_out_of_scope	"[""substring_requires_transfer_review""]"	0	freebase_bhht_author_lookup_v1	lookup_candidate_not_frozen	"[""Susanna Amalie Berri""]"
1736	CG Artist	1	cg_artist	author_substring	substring_unique_candidate	Culture	Culture-core	"[[""Culture"",""Culture-core""]]"	1	1	"[""_artist""]"	[304]	"[[""Culture"",""Culture-core""]]"	[304]	Culture	Culture-core	_artist	0	0	[]	0	0	"[""substring_requires_transfer_review""]"	Culture	proposed	high	agrees_with_previous_llm	"[""substring_requires_transfer_review""]"	0	freebase_bhht_author_lookup_v1	lookup_candidate_not_frozen	"[""Susumu Hirasawa""]"
1737	Business journalist	1	business_journalist	author_substring	substring_cross_l1_conflict			"[[""Culture"",""Culture-periphery""],[""Leadership"",""Corporate/Executive/Business (large)""]]"	2	2	"[""journalist"",""business""]"	[629,1218]	"[[""Culture"",""Culture-periphery""],[""Leadership"",""Corporate/Executive/Business (large)""]]"	[629,1218]	Culture	Culture-periphery	journalist	0	0	[]	0	0	"[""substring_requires_transfer_review"",""multiple_author_l1_candidates""]"	Culture	proposed	high	no_unique_author_l1_candidate	"[""substring_requires_transfer_review"",""multiple_author_l1_candidates""]"	0	freebase_bhht_author_lookup_v1	lookup_candidate_not_frozen	"[""Suzy Welch""]"
1738	Free speech activist	1	free_speech_activist	author_substring	substring_unique_candidate	Leadership	Politics	"[[""Leadership"",""Politics""]]"	1	1	"[""activist""]"	[939]	"[[""Leadership"",""Politics""]]"	[939]	Leadership	Politics	activist	0	0	[]	0	0	"[""substring_requires_transfer_review""]"	Leadership	proposed	medium	agrees_with_previous_llm	"[""substring_requires_transfer_review""]"	0	freebase_bhht_author_lookup_v1	lookup_candidate_not_frozen	"[""Sydnee Steele""]"
1739	Salsa Dancer	1	salsa_dancer	author_substring	substring_unique_candidate	Culture	Culture-core	"[[""Culture"",""Culture-core""]]"	1	1	"[""dancer""]"	[410]	"[[""Culture"",""Culture-core""]]"	[410]	Culture	Culture-core	dancer	0	0	[]	0	0	"[""substring_requires_transfer_review""]"	Culture	proposed	high	agrees_with_previous_llm	"[""substring_requires_transfer_review""]"	0	freebase_bhht_author_lookup_v1	lookup_candidate_not_frozen	"[""Takeshi Young""]"
1740	First Gentleman	1	first_gentleman	author_substring	substring_unique_candidate	Other	Other	"[[""Other"",""Other""]]"	1	1	"[""gentleman""]"	[1807]	"[[""Other"",""Other""]]"	[1807]	Other	Other	gentleman	0	0	[]	0	0	"[""substring_requires_transfer_review""]"		out_of_scope	high	formal_author_other_previously_out_of_scope	"[""substring_requires_transfer_review""]"	0	freebase_bhht_author_lookup_v1	lookup_candidate_not_frozen	"[""Taufiq Kiemas""]"
1741	geodesist	1	geodesist	author_exact	exact_unique	Discovery/Science	Academia	"[[""Discovery/Science"",""Academia""]]"	1	1	"[""geodesist""]"	[762]	"[[""Discovery/Science"",""Academia""]]"	[762]	Discovery/Science	Academia	geodesist	0	0	"[{""level1"":""Discovery/Science"",""level2"":""Academia"",""level3"":""geodesist"",""person_count"":174,""example_wikidata_codes"":""Q1039264|Q1040181|Q105248""}]"	0	0	[]	Discovery/Science	proposed	medium	agrees_with_previous_llm	[]	0	freebase_bhht_author_lookup_v1	lookup_candidate_not_frozen	"[""Tauno Honkasalo""]"
1742	Ethnobotanist	1	ethnobotanist	author_substring	substring_unique_candidate	Discovery/Science	Academia	"[[""Discovery/Science"",""Academia""]]"	1	1	"[""botanist""]"	[708]	"[[""Discovery/Science"",""Academia""]]"	[708]	Discovery/Science	Academia	botanist	0	0	[]	0	0	"[""substring_requires_transfer_review""]"	Discovery/Science	proposed	high	agrees_with_previous_llm	"[""substring_requires_transfer_review""]"	0	freebase_bhht_author_lookup_v1	lookup_candidate_not_frozen	"[""Terence McKenna""]"
1743	Singer/Songwriter/Producer/Filmmaker	1	singer/songwriter/producer/filmmaker	author_substring	substring_unique_candidate	Culture	Culture-core	"[[""Culture"",""Culture-core""]]"	1	1	"[""filmmaker"",""producer"",""singer"",""songwriter""]"	[424,506,529,535]	"[[""Culture"",""Culture-core""]]"	[424,506,529,535]	Culture	Culture-core	filmmaker	0	0	[]	0	0	"[""substring_requires_transfer_review""]"	Culture	proposed	high	agrees_with_previous_llm	"[""substring_requires_transfer_review""]"	0	freebase_bhht_author_lookup_v1	lookup_candidate_not_frozen	"[""The Bullitts""]"
1744	Taxonomist	1	taxonomist	author_exact	exact_unique	Discovery/Science	Academia	"[[""Discovery/Science"",""Academia""]]"	1	1	"[""taxonomist""]"	[909]	"[[""Discovery/Science"",""Academia""]]"	[909]	Discovery/Science	Academia	taxonomist	0	0	"[{""level1"":""Discovery/Science"",""level2"":""Academia"",""level3"":""taxonomist"",""person_count"":9,""example_wikidata_codes"":""Q15839344|Q16106246|Q1758674""}]"	0	0	[]	Discovery/Science	proposed	medium	agrees_with_previous_llm	[]	0	freebase_bhht_author_lookup_v1	lookup_candidate_not_frozen	"[""Theodore Dru Alison Cockerell""]"
1745	Chapmen	1	chapmen	no_author_rule	no_author_rule			[]	0	0	[]	[]	[]	[]				0	0	[]	0	0	"[""no_author_rule""]"		needs_review	medium	no_unique_author_l1_candidate	"[""no_author_rule""]"	0	freebase_bhht_author_lookup_v1	lookup_candidate_not_frozen	"[""Thomas Bunyan""]"
1746	Plant Biologist	1	plant_biologist	author_substring	substring_unique_candidate	Discovery/Science	Academia	"[[""Discovery/Science"",""Academia""]]"	1	1	"[""biologist""]"	[705]	"[[""Discovery/Science"",""Academia""]]"	[705]	Discovery/Science	Academia	biologist	0	0	[]	0	0	"[""substring_requires_transfer_review""]"	Discovery/Science	proposed	high	agrees_with_previous_llm	"[""substring_requires_transfer_review""]"	0	freebase_bhht_author_lookup_v1	lookup_candidate_not_frozen	"[""Thomas Laxton (Deceased Person)""]"
1747	Founder/President T. Mellon & Sons Bank	1	founder/president_t._mellon_&_sons_bank	author_substring	substring_cross_l1_conflict			"[[""Leadership"",""Corporate/Executive/Business (large)""],[""Other"",""Family""]]"	2	2	"[""bank"",""_sons_""]"	[1215,1725]	"[[""Leadership"",""Corporate/Executive/Business (large)""],[""Other"",""Family""]]"	[1215,1725]	Leadership	Corporate/Executive/Business (large)	bank	0	0	[]	0	0	"[""substring_requires_transfer_review"",""multiple_author_l1_candidates""]"	Leadership	proposed	medium	no_unique_author_l1_candidate	"[""substring_requires_transfer_review"",""multiple_author_l1_candidates""]"	0	freebase_bhht_author_lookup_v1	lookup_candidate_not_frozen	"[""Thomas Mellon""]"
1748	Stylist	1	stylist	author_exact	exact_unique	Culture	Culture-periphery	"[[""Culture"",""Culture-periphery""]]"	1	1	"[""_stylist_""]"	[580]	"[[""Culture"",""Culture-periphery""]]"	[580]	Culture	Culture-periphery	_stylist_	0	0	"[{""level1"":""Culture"",""level2"":""Culture-periphery"",""level3"":""stylist"",""person_count"":80,""example_wikidata_codes"":""Q11679841|Q16204957|Q16205671""}]"	0	0	[]		needs_review	low	author_candidate_previous_needs_review	[]	0	freebase_bhht_author_lookup_v1	lookup_candidate_not_frozen	"[""Thomasina Campbell (Woman)""]"
1749	Pyrotechnician	1	pyrotechnician	author_substring	substring_unique_candidate	Other	Worker/Business (small)	"[[""Other"",""Worker/Business (small)""]]"	1	1	"[""technician""]"	[1698]	"[[""Other"",""Worker/Business (small)""]]"	[1698]	Other	Worker/Business (small)	technician	0	0	[]	0	0	"[""substring_requires_transfer_review""]"		needs_review	low	author_candidate_previous_needs_review	"[""substring_requires_transfer_review""]"	0	freebase_bhht_author_lookup_v1	lookup_candidate_not_frozen	"[""Till Lindemann""]"
1750	Rails Developer	1	rails_developer	author_substring	substring_unique_candidate	Discovery/Science	Explorer/Inventor/Developer	"[[""Discovery/Science"",""Explorer/Inventor/Developer""]]"	1	1	"[""developer""]"	[1184]	"[[""Discovery/Science"",""Explorer/Inventor/Developer""]]"	[1184]	Discovery/Science	Explorer/Inventor/Developer	developer	0	0	[]	0	0	"[""substring_requires_transfer_review""]"	Discovery/Science	proposed	medium	agrees_with_previous_llm	"[""substring_requires_transfer_review""]"	0	freebase_bhht_author_lookup_v1	lookup_candidate_not_frozen	"[""Timothy Fisher""]"
1751	Ruby Developer	1	ruby_developer	author_substring	substring_unique_candidate	Discovery/Science	Explorer/Inventor/Developer	"[[""Discovery/Science"",""Explorer/Inventor/Developer""]]"	1	1	"[""developer""]"	[1184]	"[[""Discovery/Science"",""Explorer/Inventor/Developer""]]"	[1184]	Discovery/Science	Explorer/Inventor/Developer	developer	0	0	[]	0	0	"[""substring_requires_transfer_review""]"	Discovery/Science	proposed	high	agrees_with_previous_llm	"[""substring_requires_transfer_review""]"	0	freebase_bhht_author_lookup_v1	lookup_candidate_not_frozen	"[""Timothy Fisher""]"
1752	Sound Re-Recordist	1	sound_re-recordist	no_author_rule	no_author_rule			[]	0	0	[]	[]	[]	[]				0	0	[]	0	0	"[""no_author_rule""]"	Culture	proposed	high	no_unique_author_l1_candidate	"[""no_author_rule""]"	0	freebase_bhht_author_lookup_v1	lookup_candidate_not_frozen	"[""Tom Fleischman""]"
1753	Penologist	1	penologist	author_exact	exact_unique	Discovery/Science	Academia	"[[""Discovery/Science"",""Academia""]]"	1	1	"[""penologist""]"	[854]	"[[""Discovery/Science"",""Academia""]]"	[854]	Discovery/Science	Academia	penologist	0	0	"[{""level1"":""Discovery/Science"",""level2"":""Academia"",""level3"":""penologist"",""person_count"":3,""example_wikidata_codes"":""Q115021|Q215052|Q6752983""}]"	0	0	[]	Discovery/Science	proposed	medium	agrees_with_previous_llm	[]	0	freebase_bhht_author_lookup_v1	lookup_candidate_not_frozen	"[""Tom Stacey""]"
1754	Party organizer	1	party_organizer	no_author_rule	no_author_rule			[]	0	0	[]	[]	[]	[]				0	0	[]	0	0	"[""no_author_rule""]"	Leadership	proposed	high	no_unique_author_l1_candidate	"[""no_author_rule""]"	0	freebase_bhht_author_lookup_v1	lookup_candidate_not_frozen	"[""Tony Truman""]"
1755	Outreach worker	1	outreach_worker	author_substring	substring_unique_candidate	Other	Worker/Business (small)	"[[""Other"",""Worker/Business (small)""]]"	1	1	"[""worker""]"	[1716]	"[[""Other"",""Worker/Business (small)""]]"	[1716]	Other	Worker/Business (small)	worker	0	0	[]	0	0	"[""substring_requires_transfer_review""]"		out_of_scope	high	formal_author_other_previously_out_of_scope	"[""substring_requires_transfer_review""]"	0	freebase_bhht_author_lookup_v1	lookup_candidate_not_frozen	"[""Tony Wilkinson (Businessperson)""]"
1756	Youth worker	1	youth_worker	author_substring	substring_unique_candidate	Other	Worker/Business (small)	"[[""Other"",""Worker/Business (small)""]]"	1	1	"[""worker""]"	[1716]	"[[""Other"",""Worker/Business (small)""]]"	[1716]	Other	Worker/Business (small)	worker	0	0	[]	0	0	"[""substring_requires_transfer_review""]"		out_of_scope	medium	formal_author_other_previously_out_of_scope	"[""substring_requires_transfer_review""]"	0	freebase_bhht_author_lookup_v1	lookup_candidate_not_frozen	"[""Tony Wilkinson (Businessperson)""]"
1757	Veterinary Technician	1	veterinary_technician	author_substring	substring_unique_candidate	Other	Worker/Business (small)	"[[""Other"",""Worker/Business (small)""]]"	1	1	"[""technician""]"	[1698]	"[[""Other"",""Worker/Business (small)""]]"	[1698]	Other	Worker/Business (small)	technician	0	0	[]	0	0	"[""substring_requires_transfer_review""]"		needs_review	low	author_candidate_previous_needs_review	"[""substring_requires_transfer_review""]"	0	freebase_bhht_author_lookup_v1	lookup_candidate_not_frozen	"[""Tracey McShane""]"
1758	Divemaster	1	divemaster	no_author_rule	no_author_rule			[]	0	0	[]	[]	[]	[]				0	0	[]	0	0	"[""no_author_rule""]"		out_of_scope	high	no_unique_author_l1_candidate	"[""no_author_rule""]"	0	freebase_bhht_author_lookup_v1	lookup_candidate_not_frozen	"[""Tracy Griffith""]"
1759	Hacker (TV subject)	1	hacker_(tv_subject)	author_substring	substring_unique_candidate	Other	Other	"[[""Other"",""Other""]]"	1	1	"[""_hacker_""]"	[1757]	"[[""Other"",""Other""]]"	[1757]	Other	Other	_hacker_	0	0	[]	0	0	"[""substring_requires_transfer_review""]"		needs_review	low	author_candidate_previous_needs_review	"[""substring_requires_transfer_review""]"	0	freebase_bhht_author_lookup_v1	lookup_candidate_not_frozen	"[""Uttam Ujjwal""]"
1760	Advocate General	1	advocate_general	author_substring	substring_unique_candidate	Leadership	Administration/Law	"[[""Leadership"",""Administration/Law""]]"	1	1	"[""advocate""]"	[1058]	"[[""Leadership"",""Administration/Law""]]"	[1058]	Leadership	Administration/Law	advocate	0	0	[]	0	0	"[""substring_requires_transfer_review""]"	Leadership	proposed	high	agrees_with_previous_llm	"[""substring_requires_transfer_review""]"	0	freebase_bhht_author_lookup_v1	lookup_candidate_not_frozen	"[""V. P. Raman""]"
1761	Central Intelligence Agency Officer	1	central_intelligence_agency_officer	author_substring	substring_cross_l1_conflict			"[[""Discovery/Science"",""Academia""],[""Leadership"",""Military""]]"	2	2	"[""intelligence"",""officer_""]"	[796,1412]	"[[""Discovery/Science"",""Academia""],[""Leadership"",""Military""]]"	[796,1412]	Discovery/Science	Academia	intelligence	0	0	[]	0	0	"[""substring_requires_transfer_review"",""multiple_author_l1_candidates""]"	Leadership	proposed	high	no_unique_author_l1_candidate	"[""substring_requires_transfer_review"",""multiple_author_l1_candidates""]"	0	freebase_bhht_author_lookup_v1	lookup_candidate_not_frozen	"[""Valerie Plame""]"
1762	Staff	1	staff	no_author_rule	no_author_rule			[]	0	0	[]	[]	[]	[]				0	0	[]	0	0	"[""no_author_rule""]"		out_of_scope	medium	no_unique_author_l1_candidate	"[""no_author_rule""]"	0	freebase_bhht_author_lookup_v1	lookup_candidate_not_frozen	"[""Valerie Plame""]"
1763	Singer (Profession) #212	1	singer_(profession)_#212	author_substring	substring_unique_candidate	Culture	Culture-core	"[[""Culture"",""Culture-core""]]"	1	1	"[""singer""]"	[529]	"[[""Culture"",""Culture-core""]]"	[529]	Culture	Culture-core	singer	0	0	[]	0	0	"[""substring_requires_transfer_review""]"	Culture	proposed	high	agrees_with_previous_llm	"[""substring_requires_transfer_review""]"	0	freebase_bhht_author_lookup_v1	lookup_candidate_not_frozen	"[""Valerie Simpson""]"
1764	Nature Historian	1	nature_historian	author_substring	substring_unique_candidate	Discovery/Science	Academia	"[[""Discovery/Science"",""Academia""]]"	1	1	"[""historian""]"	[783]	"[[""Discovery/Science"",""Academia""]]"	[783]	Discovery/Science	Academia	historian	0	0	[]	0	0	"[""substring_requires_transfer_review""]"	Discovery/Science	proposed	high	agrees_with_previous_llm	"[""substring_requires_transfer_review""]"	0	freebase_bhht_author_lookup_v1	lookup_candidate_not_frozen	"[""Valmik Thapar""]"
1765	Prince of Novgorod	1	prince_of_novgorod	author_substring	substring_unique_candidate	Leadership	Nobility	"[[""Leadership"",""Nobility""]]"	1	1	"[""prince_""]"	[1160]	"[[""Leadership"",""Nobility""]]"	[1160]	Leadership	Nobility	prince_	0	0	[]	0	0	"[""substring_requires_transfer_review""]"	Leadership	proposed	medium	agrees_with_previous_llm	"[""substring_requires_transfer_review""]"	0	freebase_bhht_author_lookup_v1	lookup_candidate_not_frozen	"[""Vasily Aleksandrovich""]"
1766	Call Center Agent	1	call_center_agent	no_author_rule	no_author_rule			[]	0	0	[]	[]	[]	[]				0	0	[]	0	0	"[""no_author_rule""]"		out_of_scope	high	no_unique_author_l1_candidate	"[""no_author_rule""]"	0	freebase_bhht_author_lookup_v1	lookup_candidate_not_frozen	"[""Vicky Pattison""]"
1767	Communications Consultant	1	communications_consultant	author_substring	substring_unique_candidate	Other	Worker/Business (small)	"[[""Other"",""Worker/Business (small)""]]"	1	1	"[""communication"",""consultant""]"	[1564,1566]	"[[""Other"",""Worker/Business (small)""]]"	[1564,1566]	Other	Worker/Business (small)	communication	0	0	[]	0	0	"[""substring_requires_transfer_review""]"		needs_review	low	author_candidate_previous_needs_review	"[""substring_requires_transfer_review""]"	0	freebase_bhht_author_lookup_v1	lookup_candidate_not_frozen	"[""Victoria C. Clarke""]"
1768	Architectural Critic	1	architectural_critic	author_substring	substring_unique_candidate	Culture	Culture-periphery	"[[""Culture"",""Culture-periphery""]]"	1	1	"[""architect"",""critic""]"	[586,604]	"[[""Culture"",""Culture-periphery""]]"	[586,604]	Culture	Culture-periphery	architect	0	0	[]	0	0	"[""substring_requires_transfer_review""]"	Culture	proposed	medium	agrees_with_previous_llm	"[""substring_requires_transfer_review""]"	0	freebase_bhht_author_lookup_v1	lookup_candidate_not_frozen	"[""Vincent Barrett Price""]"
1769	Sheriff officer	1	sheriff_officer	author_substring	substring_same_l1_multiple_l2	Leadership		"[[""Leadership"",""Administration/Law""],[""Leadership"",""Military""]]"	1	2	"[""sheriff"",""officer_""]"	[1099,1412]	"[[""Leadership"",""Administration/Law""],[""Leadership"",""Military""]]"	[1099,1412]	Leadership	Administration/Law	sheriff	0	0	[]	0	0	"[""substring_requires_transfer_review"",""multiple_author_l2_candidates""]"	Leadership	proposed	high	agrees_with_previous_llm	"[""substring_requires_transfer_review"",""multiple_author_l2_candidates""]"	0	freebase_bhht_author_lookup_v1	lookup_candidate_not_frozen	"[""Virgie Mae Hogan""]"
1770	Nurse anesthetist	1	nurse_anesthetist	author_substring	substring_unique_candidate	Discovery/Science	Academia	"[[""Discovery/Science"",""Academia""]]"	1	1	"[""nurse""]"	[828]	"[[""Discovery/Science"",""Academia""]]"	[828]	Discovery/Science	Academia	nurse	0	0	[]	0	0	"[""substring_requires_transfer_review""]"	Discovery/Science	proposed	high	agrees_with_previous_llm	"[""substring_requires_transfer_review""]"	0	freebase_bhht_author_lookup_v1	lookup_candidate_not_frozen	"[""Virginia Clinton Kelley""]"
1771	pedagogue assistant	1	pedagogue_assistant	author_substring	substring_unique_candidate	Discovery/Science	Academia	"[[""Discovery/Science"",""Academia""]]"	1	1	"[""pedagogue""]"	[851]	"[[""Discovery/Science"",""Academia""]]"	[851]	Discovery/Science	Academia	pedagogue	0	0	[]	0	0	"[""substring_requires_transfer_review""]"	Discovery/Science	proposed	medium	agrees_with_previous_llm	"[""substring_requires_transfer_review""]"	0	freebase_bhht_author_lookup_v1	lookup_candidate_not_frozen	"[""Vivi Berens""]"
1772	Physician assistant	1	physician_assistant	author_substring	substring_unique_candidate	Discovery/Science	Academia	"[[""Discovery/Science"",""Academia""]]"	1	1	"[""physician""]"	[867]	"[[""Discovery/Science"",""Academia""]]"	[867]	Discovery/Science	Academia	physician	0	0	[]	0	0	"[""substring_requires_transfer_review""]"	Discovery/Science	proposed	high	agrees_with_previous_llm	"[""substring_requires_transfer_review""]"	0	freebase_bhht_author_lookup_v1	lookup_candidate_not_frozen	"[""Vladimir Derevenko""]"
1773	Hydrographer	1	hydrographer	author_exact	exact_unique	Discovery/Science	Academia	"[[""Discovery/Science"",""Academia""]]"	1	1	"[""hydrographer""]"	[789]	"[[""Discovery/Science"",""Academia""]]"	[789]	Discovery/Science	Academia	hydrographer	0	0	"[{""level1"":""Discovery/Science"",""level2"":""Academia"",""level3"":""hydrographer"",""person_count"":19,""example_wikidata_codes"":""Q15504853|Q15994699|Q16729315""}]"	0	0	[]	Discovery/Science	proposed	high	agrees_with_previous_llm	[]	0	freebase_bhht_author_lookup_v1	lookup_candidate_not_frozen	"[""Voin Rimsky-Korsakov""]"
1774	Hydrogeologist	1	hydrogeologist	author_substring	substring_unique_candidate	Discovery/Science	Academia	"[[""Discovery/Science"",""Academia""]]"	1	1	"[""geologist""]"	[765]	"[[""Discovery/Science"",""Academia""]]"	[765]	Discovery/Science	Academia	geologist	0	0	[]	0	0	"[""substring_requires_transfer_review""]"	Discovery/Science	proposed	medium	agrees_with_previous_llm	"[""substring_requires_transfer_review""]"	0	freebase_bhht_author_lookup_v1	lookup_candidate_not_frozen	"[""Vsevolod Shestakov""]"
1775	Methodist Preacher (Profession)	1	methodist_preacher_(profession)	author_substring	substring_unique_candidate	Leadership	Religious	"[[""Leadership"",""Religious""]]"	1	1	"[""preacher""]"	[1343]	"[[""Leadership"",""Religious""]]"	[1343]	Leadership	Religious	preacher	0	0	[]	0	0	"[""substring_requires_transfer_review""]"	Leadership	proposed	high	agrees_with_previous_llm	"[""substring_requires_transfer_review""]"	0	freebase_bhht_author_lookup_v1	lookup_candidate_not_frozen	"[""W.L. Clark""]"
1776	Bootseller	1	bootseller	no_author_rule	no_author_rule			[]	0	0	[]	[]	[]	[]				0	0	[]	0	0	"[""no_author_rule""]"		out_of_scope	high	no_unique_author_l1_candidate	"[""no_author_rule""]"	0	freebase_bhht_author_lookup_v1	lookup_candidate_not_frozen	"[""Walter Thomas (Deceased Person)""]"
1777	Rocket scientist	1	rocket_scientist	author_substring	substring_unique_candidate	Discovery/Science	Academia	"[[""Discovery/Science"",""Academia""]]"	1	1	"[""scientist""]"	[894]	"[[""Discovery/Science"",""Academia""]]"	[894]	Discovery/Science	Academia	scientist	0	0	[]	0	0	"[""substring_requires_transfer_review""]"	Discovery/Science	proposed	medium	agrees_with_previous_llm	"[""substring_requires_transfer_review""]"	0	freebase_bhht_author_lookup_v1	lookup_candidate_not_frozen	"[""Wernher von Braun""]"
1778	Wrangler	1	wrangler	no_author_rule	no_author_rule			[]	0	0	[]	[]	[]	[]				0	0	[]	0	0	"[""no_author_rule""]"		needs_review	low	no_unique_author_l1_candidate	"[""no_author_rule""]"	0	freebase_bhht_author_lookup_v1	lookup_candidate_not_frozen	"[""Wilford Brimley""]"
1779	Figure skating coach	1	figure_skating_coach	author_substring	substring_unique_candidate	Sports/Games	Sports/Games	"[[""Sports/Games"",""Sports/Games""]]"	1	1	"[""coach"",""skating""]"	[75,235]	"[[""Sports/Games"",""Sports/Games""]]"	[75,235]	Sports/Games	Sports/Games	coach	0	0	[]	0	0	"[""substring_requires_transfer_review""]"	Sports/Games	proposed	high	agrees_with_previous_llm	"[""substring_requires_transfer_review""]"	0	freebase_bhht_author_lookup_v1	lookup_candidate_not_frozen	"[""Wilhelm Henie""]"
1780	Puzzle designer	1	puzzle_designer	author_substring	substring_unique_candidate	Culture	Culture-periphery	"[[""Culture"",""Culture-periphery""]]"	1	1	"[""designer""]"	[606]	"[[""Culture"",""Culture-periphery""]]"	[606]	Culture	Culture-periphery	designer	0	0	[]	0	0	"[""substring_requires_transfer_review""]"		needs_review	low	author_candidate_previous_needs_review	"[""substring_requires_transfer_review""]"	0	freebase_bhht_author_lookup_v1	lookup_candidate_not_frozen	"[""Will Shortz""]"
1781	Refrigeration Engineer	1	refrigeration_engineer	author_substring	substring_unique_candidate	Discovery/Science	Explorer/Inventor/Developer	"[[""Discovery/Science"",""Explorer/Inventor/Developer""]]"	1	1	"[""engineer""]"	[1187]	"[[""Discovery/Science"",""Explorer/Inventor/Developer""]]"	[1187]	Discovery/Science	Explorer/Inventor/Developer	engineer	0	0	[]	0	0	"[""substring_requires_transfer_review""]"	Discovery/Science	proposed	high	agrees_with_previous_llm	"[""substring_requires_transfer_review""]"	0	freebase_bhht_author_lookup_v1	lookup_candidate_not_frozen	"[""Willard Christopher Smith, Sr.""]"
1782	Architectural Sculptor	1	architectural_sculptor	author_substring	substring_same_l1_multiple_l2	Culture		"[[""Culture"",""Culture-core""],[""Culture"",""Culture-periphery""]]"	1	2	"[""sculptor"",""architect""]"	[525,586]	"[[""Culture"",""Culture-core""],[""Culture"",""Culture-periphery""]]"	[525,586]	Culture	Culture-core	sculptor	0	0	[]	0	0	"[""substring_requires_transfer_review"",""multiple_author_l2_candidates""]"	Culture	proposed	high	agrees_with_previous_llm	"[""substring_requires_transfer_review"",""multiple_author_l2_candidates""]"	0	freebase_bhht_author_lookup_v1	lookup_candidate_not_frozen	"[""William Aumonier (Deceased Person)""]"
1783	Settler	1	settler	author_exact	exact_unique	Discovery/Science	Explorer/Inventor/Developer	"[[""Discovery/Science"",""Explorer/Inventor/Developer""]]"	1	1	"[""settler""]"	[1207]	"[[""Discovery/Science"",""Explorer/Inventor/Developer""]]"	[1207]	Discovery/Science	Explorer/Inventor/Developer	settler	0	0	"[{""level1"":""Discovery/Science"",""level2"":""Explorer/Inventor/Developer"",""level3"":""settler"",""person_count"":161,""example_wikidata_codes"":""Q1044481|Q11175420|Q1331295""}]"	0	0	[]		out_of_scope	medium	author_candidate_previous_out_of_scope	[]	0	freebase_bhht_author_lookup_v1	lookup_candidate_not_frozen	"[""William Brewster""]"
1784	Palaeontologist (Profession) #1	1	palaeontologist_(profession)_#1	author_substring	substring_unique_candidate	Discovery/Science	Academia	"[[""Discovery/Science"",""Academia""]]"	1	1	"[""palaeontologist""]"	[844]	"[[""Discovery/Science"",""Academia""]]"	[844]	Discovery/Science	Academia	palaeontologist	0	0	[]	0	0	"[""substring_requires_transfer_review""]"	Discovery/Science	proposed	high	agrees_with_previous_llm	"[""substring_requires_transfer_review""]"	0	freebase_bhht_author_lookup_v1	lookup_candidate_not_frozen	"[""William Cole, 3rd Earl of Enniskillen""]"
1785	Book Designer	1	book_designer	author_substring	substring_unique_candidate	Culture	Culture-periphery	"[[""Culture"",""Culture-periphery""]]"	1	1	"[""designer""]"	[606]	"[[""Culture"",""Culture-periphery""]]"	[606]	Culture	Culture-periphery	designer	0	0	[]	0	0	"[""substring_requires_transfer_review""]"	Culture	proposed	high	agrees_with_previous_llm	"[""substring_requires_transfer_review""]"	0	freebase_bhht_author_lookup_v1	lookup_candidate_not_frozen	"[""William Dana Orcutt""]"
1786	Joiner	1	joiner	author_exact	exact_unique	Other	Worker/Business (small)	"[[""Other"",""Worker/Business (small)""]]"	1	1	"[""_joiner_""]"	[1469]	"[[""Other"",""Worker/Business (small)""]]"	[1469]	Other	Worker/Business (small)	_joiner_	0	0	"[{""level1"":""Other"",""level2"":""Worker/Business (small)"",""level3"":""joiner"",""person_count"":121,""example_wikidata_codes"":""Q101455|Q1039406|Q1079776""}]"	0	0	[]		out_of_scope	medium	formal_author_other_previously_out_of_scope	[]	0	freebase_bhht_author_lookup_v1	lookup_candidate_not_frozen	"[""William Henry Hughes""]"
1787	Moneylender	1	moneylender	no_author_rule	no_author_rule			[]	0	0	[]	[]	[]	[]				0	0	[]	0	0	"[""no_author_rule""]"		needs_review	medium	no_unique_author_l1_candidate	"[""no_author_rule""]"	0	freebase_bhht_author_lookup_v1	lookup_candidate_not_frozen	"[""William James (Deceased Person)""]"
1788	Peddler	1	peddler	no_author_rule	no_author_rule			[]	0	0	[]	[]	[]	[]				0	0	[]	0	0	"[""no_author_rule""]"		out_of_scope	high	no_unique_author_l1_candidate	"[""no_author_rule""]"	0	freebase_bhht_author_lookup_v1	lookup_candidate_not_frozen	"[""William Jefferson Blythe Jr.""]"
1789	Orientalist	1	orientalist	author_exact	exact_unique	Discovery/Science	Academia	"[[""Discovery/Science"",""Academia""]]"	1	1	"[""orientalist""]"	[837]	"[[""Discovery/Science"",""Academia""]]"	[837]	Discovery/Science	Academia	orientalist	0	0	"[{""level1"":""Discovery/Science"",""level2"":""Academia"",""level3"":""orientalist"",""person_count"":551,""example_wikidata_codes"":""Q1001845|Q100719|Q101743""}]"	0	0	[]	Discovery/Science	proposed	medium	agrees_with_previous_llm	[]	0	freebase_bhht_author_lookup_v1	lookup_candidate_not_frozen	"[""William Ouseley""]"
1790	Train Conductor	1	train_conductor	author_substring	substring_unique_candidate	Culture	Culture-core	"[[""Culture"",""Culture-core""]]"	1	1	"[""conductor""]"	[401]	"[[""Culture"",""Culture-core""]]"	[401]	Culture	Culture-core	conductor	0	0	[]	0	0	"[""substring_requires_transfer_review""]"		needs_review	low	author_candidate_previous_needs_review	"[""substring_requires_transfer_review""]"	0	freebase_bhht_author_lookup_v1	lookup_candidate_not_frozen	"[""William Wallace Wagner""]"
1791	Diocesan bishop	1	diocesan_bishop	author_substring	substring_unique_candidate	Leadership	Religious	"[[""Leadership"",""Religious""]]"	1	1	"[""bishop""]"	[1280]	"[[""Leadership"",""Religious""]]"	[1280]	Leadership	Religious	bishop	0	0	[]	0	0	"[""substring_requires_transfer_review""]"	Leadership	proposed	high	agrees_with_previous_llm	"[""substring_requires_transfer_review""]"	0	freebase_bhht_author_lookup_v1	lookup_candidate_not_frozen	"[""Willie L. Porter""]"
1792	Gunslinger	1	gunslinger	no_author_rule	no_author_rule			[]	0	0	[]	[]	[]	[]				0	0	[]	0	0	"[""no_author_rule""]"		out_of_scope	medium	no_unique_author_l1_candidate	"[""no_author_rule""]"	0	freebase_bhht_author_lookup_v1	lookup_candidate_not_frozen	"[""Wyatt Earp""]"
1793	Marksman	1	marksman	no_author_rule	no_author_rule			[]	0	0	[]	[]	[]	[]				0	0	[]	0	0	"[""no_author_rule""]"		needs_review	low	no_unique_author_l1_candidate	"[""no_author_rule""]"	0	freebase_bhht_author_lookup_v1	lookup_candidate_not_frozen	"[""Wyatt Earp""]"
1794	Animal control service	1	animal_control_service	no_author_rule	no_author_rule			[]	0	0	[]	[]	[]	[]				0	0	[]	0	0	"[""no_author_rule""]"		out_of_scope	high	no_unique_author_l1_candidate	"[""no_author_rule""]"	0	freebase_bhht_author_lookup_v1	lookup_candidate_not_frozen	"[""Yassim al-Jemoni""]"
1795	Goatherd	1	goatherd	no_author_rule	no_author_rule			[]	0	0	[]	[]	[]	[]				0	0	[]	0	0	"[""no_author_rule""]"		out_of_scope	medium	no_unique_author_l1_candidate	"[""no_author_rule""]"	0	freebase_bhht_author_lookup_v1	lookup_candidate_not_frozen	"[""Yassim al-Jemoni""]"
1796	Actor (Profession) #80	1	actor_(profession)_#80	author_substring	substring_unique_candidate	Culture	Culture-core	"[[""Culture"",""Culture-core""]]"	1	1	"[""_actor""]"	[303]	"[[""Culture"",""Culture-core""]]"	[303]	Culture	Culture-core	_actor	0	0	[]	0	0	"[""substring_requires_transfer_review""]"	Culture	proposed	high	agrees_with_previous_llm	"[""substring_requires_transfer_review""]"	0	freebase_bhht_author_lookup_v1	lookup_candidate_not_frozen	"[""Young Dirrt""]"
1797	Ringmaster	1	ringmaster	no_author_rule	no_author_rule			[]	0	0	[]	[]	[]	[]				0	0	[]	0	0	"[""no_author_rule""]"	Culture	proposed	high	no_unique_author_l1_candidate	"[""no_author_rule""]"	0	freebase_bhht_author_lookup_v1	lookup_candidate_not_frozen	"[""Yuri Nikulin""]"
1798	Audio Dramatist	1	audio_dramatist	author_substring	substring_same_l1_multiple_l2	Culture		"[[""Culture"",""Culture-core""],[""Culture"",""Culture-periphery""]]"	1	2	"[""_drama"",""dramatist"",""_audio""]"	[318,412,574]	"[[""Culture"",""Culture-core""],[""Culture"",""Culture-periphery""]]"	[318,412,574]	Culture	Culture-core	_drama	0	0	[]	0	0	"[""substring_requires_transfer_review"",""multiple_author_l2_candidates""]"	Culture	proposed	medium	agrees_with_previous_llm	"[""substring_requires_transfer_review"",""multiple_author_l2_candidates""]"	0	freebase_bhht_author_lookup_v1	lookup_candidate_not_frozen	"[""Yuri Rasovsky""]"
1799	Rector (Profession)	1	rector_(profession)	author_substring	substring_unique_candidate	Discovery/Science	Academia	"[[""Discovery/Science"",""Academia""]]"	1	1	"[""_rector_""]"	[669]	"[[""Discovery/Science"",""Academia""]]"	[669]	Discovery/Science	Academia	_rector_	0	0	[]	0	0	"[""substring_requires_transfer_review""]"		needs_review	low	author_candidate_previous_needs_review	"[""substring_requires_transfer_review""]"	0	freebase_bhht_author_lookup_v1	lookup_candidate_not_frozen	"[""Zachris Topelius""]"
1800	elder	1	elder	no_author_rule	no_author_rule			[]	0	0	[]	[]	[]	[]				0	0	[]	0	0	"[""no_author_rule""]"		needs_review	low	no_unique_author_l1_candidate	"[""no_author_rule""]"	0	freebase_bhht_author_lookup_v1	lookup_candidate_not_frozen	"[""Zedekiah Monda Matundura""]"
1801	Slave Trader	1	slave_trader	author_substring	substring_cross_l1_conflict			"[[""Leadership"",""Corporate/Executive/Business (large)""],[""Other"",""Other""]]"	2	2	"[""trader"",""_slave_""]"	[1247,1767]	"[[""Leadership"",""Corporate/Executive/Business (large)""],[""Other"",""Other""]]"	[1247,1767]	Leadership	Corporate/Executive/Business (large)	trader	0	0	[]	0	0	"[""substring_requires_transfer_review"",""multiple_author_l1_candidates""]"		out_of_scope	medium	no_unique_author_l1_candidate	"[""substring_requires_transfer_review"",""multiple_author_l1_candidates""]"	0	freebase_bhht_author_lookup_v1	lookup_candidate_not_frozen	"[""Zephaniah Kingsley""]"
1802	Stamp designer	1	stamp_designer	author_substring	substring_unique_candidate	Culture	Culture-periphery	"[[""Culture"",""Culture-periphery""]]"	1	1	"[""designer""]"	[606]	"[[""Culture"",""Culture-periphery""]]"	[606]	Culture	Culture-periphery	designer	0	0	[]	0	0	"[""substring_requires_transfer_review""]"	Culture	proposed	high	agrees_with_previous_llm	"[""substring_requires_transfer_review""]"	0	freebase_bhht_author_lookup_v1	lookup_candidate_not_frozen	"[""Zoltan Nagy (Graphic Designer)""]"
1803	Antropology	1	antropology	no_author_rule	no_author_rule			[]	0	0	[]	[]	[]	[]				0	0	[]	0	0	"[""no_author_rule""]"		needs_review	low	no_unique_author_l1_candidate	"[""no_author_rule""]"	0	freebase_bhht_author_lookup_v1	lookup_candidate_not_frozen	"[""g/1q6m2nbpt""]"
1804	Professional Artist	1	professional_artist	author_substring	substring_unique_candidate	Culture	Culture-core	"[[""Culture"",""Culture-core""]]"	1	1	"[""_artist""]"	[304]	"[[""Culture"",""Culture-core""]]"	[304]	Culture	Culture-core	_artist	0	0	[]	0	0	"[""substring_requires_transfer_review""]"	Culture	proposed	medium	agrees_with_previous_llm	"[""substring_requires_transfer_review""]"	0	freebase_bhht_author_lookup_v1	lookup_candidate_not_frozen	"[""kerbyrosanes""]"
1805	Conversion Rate Optimisation	1	conversion_rate_optimisation	no_author_rule	no_author_rule			[]	0	0	[]	[]	[]	[]				0	0	[]	0	0	"[""no_author_rule""]"		needs_review	low	no_unique_author_l1_candidate	"[""no_author_rule""]"	0	freebase_bhht_author_lookup_v1	lookup_candidate_not_frozen	"[""kylenewsam""]"
1806	Management	1	management	author_exact	exact_unique	Leadership	Corporate/Executive/Business (large)	"[[""Leadership"",""Corporate/Executive/Business (large)""]]"	1	1	"[""management""]"	[1233]	"[[""Leadership"",""Corporate/Executive/Business (large)""]]"	[1233]	Leadership	Corporate/Executive/Business (large)	management	0	0	"[{""level1"":""Leadership"",""level2"":""Corporate/Executive/Business (large)"",""level3"":""management"",""person_count"":175,""example_wikidata_codes"":""Q10769908|Q107863|Q1174689""}]"	0	0	[]		needs_review	low	author_candidate_previous_needs_review	[]	0	freebase_bhht_author_lookup_v1	lookup_candidate_not_frozen	"[""m/0125qgs3""]"
1807	Pediatrics	1	pediatrics	author_exact	exact_unique	Discovery/Science	Academia	"[[""Discovery/Science"",""Academia""]]"	1	1	"[""pediatrics""]"	[853]	"[[""Discovery/Science"",""Academia""]]"	[853]	Discovery/Science	Academia	pediatrics	0	0	"[{""level1"":""Discovery/Science"",""level2"":""Academia"",""level3"":""pediatrics"",""person_count"":1,""example_wikidata_codes"":""Q19916287""}]"	0	0	[]		out_of_scope	medium	author_candidate_previous_out_of_scope	[]	0	freebase_bhht_author_lookup_v1	lookup_candidate_not_frozen	"[""m/0127dn6l""]"
1808	IT/Software Developer	1	it/software_developer	author_substring	substring_unique_candidate	Discovery/Science	Explorer/Inventor/Developer	"[[""Discovery/Science"",""Explorer/Inventor/Developer""]]"	1	1	"[""developer""]"	[1184]	"[[""Discovery/Science"",""Explorer/Inventor/Developer""]]"	[1184]	Discovery/Science	Explorer/Inventor/Developer	developer	0	0	[]	0	0	"[""substring_requires_transfer_review""]"	Discovery/Science	proposed	high	agrees_with_previous_llm	"[""substring_requires_transfer_review""]"	0	freebase_bhht_author_lookup_v1	lookup_candidate_not_frozen	"[""m/0127dpdc""]"
1809	Web Application Developer	1	web_application_developer	author_substring	substring_unique_candidate	Discovery/Science	Explorer/Inventor/Developer	"[[""Discovery/Science"",""Explorer/Inventor/Developer""]]"	1	1	"[""developer""]"	[1184]	"[[""Discovery/Science"",""Explorer/Inventor/Developer""]]"	[1184]	Discovery/Science	Explorer/Inventor/Developer	developer	0	0	[]	0	0	"[""substring_requires_transfer_review""]"	Discovery/Science	proposed	high	agrees_with_previous_llm	"[""substring_requires_transfer_review""]"	0	freebase_bhht_author_lookup_v1	lookup_candidate_not_frozen	"[""m/0127dpdc""]"
1810	Inbound marketing	1	inbound_marketing	author_substring	substring_unique_candidate	Other	Worker/Business (small)	"[[""Other"",""Worker/Business (small)""]]"	1	1	"[""marketing""]"	[1649]	"[[""Other"",""Worker/Business (small)""]]"	[1649]	Other	Worker/Business (small)	marketing	0	0	[]	0	0	"[""substring_requires_transfer_review""]"		needs_review	low	author_candidate_previous_needs_review	"[""substring_requires_transfer_review""]"	0	freebase_bhht_author_lookup_v1	lookup_candidate_not_frozen	"[""m/012zvydj""]"
1811	Industriemechaniker	1	industriemechaniker	no_author_rule	no_author_rule			[]	0	0	[]	[]	[]	[]				0	0	[]	0	0	"[""no_author_rule""]"		out_of_scope	high	no_unique_author_l1_candidate	"[""no_author_rule""]"	0	freebase_bhht_author_lookup_v1	lookup_candidate_not_frozen	"[""m/012zvydj""]"
1812	Online marketing consultant specializing in SEO	1	online_marketing_consultant_specializing_in_seo	author_substring	substring_unique_candidate	Other	Worker/Business (small)	"[[""Other"",""Worker/Business (small)""]]"	1	1	"[""consultant"",""marketing""]"	[1566,1649]	"[[""Other"",""Worker/Business (small)""]]"	[1566,1649]	Other	Worker/Business (small)	consultant	0	0	[]	0	0	"[""substring_requires_transfer_review""]"		needs_review	low	author_candidate_previous_needs_review	"[""substring_requires_transfer_review""]"	0	freebase_bhht_author_lookup_v1	lookup_candidate_not_frozen	"[""m/012zvydj""]"
1813	m/012zw2f7	1	m/012zw2f7	no_author_rule	no_author_rule			[]	0	0	[]	[]	[]	[]				0	0	[]	0	0	"[""no_author_rule""]"		needs_review	low	no_unique_author_l1_candidate	"[""no_author_rule""]"	0	freebase_bhht_author_lookup_v1	lookup_candidate_not_frozen	"[""m/012zw2f1""]"
1814	Marketing Specialist	1	marketing_specialist	author_substring	substring_unique_candidate	Other	Worker/Business (small)	"[[""Other"",""Worker/Business (small)""]]"	1	1	"[""marketing""]"	[1649]	"[[""Other"",""Worker/Business (small)""]]"	[1649]	Other	Worker/Business (small)	marketing	0	0	[]	0	0	"[""substring_requires_transfer_review""]"		needs_review	medium	author_candidate_previous_needs_review	"[""substring_requires_transfer_review""]"	0	freebase_bhht_author_lookup_v1	lookup_candidate_not_frozen	"[""patrickjudeilagan""]"
1815	Affiliate	1	affiliate	no_author_rule	no_author_rule			[]	0	0	[]	[]	[]	[]				0	0	[]	0	0	"[""no_author_rule""]"		out_of_scope	high	no_unique_author_l1_candidate	"[""no_author_rule""]"	0	freebase_bhht_author_lookup_v1	lookup_candidate_not_frozen	"[""sunny ujjawal""]"
1816	Business Analyst	1	business_analyst	author_substring	substring_cross_l1_conflict			"[[""Leadership"",""Corporate/Executive/Business (large)""],[""Other"",""Worker/Business (small)""]]"	2	2	"[""business"",""analyst""]"	[1218,1514]	"[[""Leadership"",""Corporate/Executive/Business (large)""],[""Other"",""Worker/Business (small)""]]"	[1218,1514]	Leadership	Corporate/Executive/Business (large)	business	0	0	[]	0	0	"[""substring_requires_transfer_review"",""multiple_author_l1_candidates""]"		needs_review	low	no_unique_author_l1_candidate	"[""substring_requires_transfer_review"",""multiple_author_l1_candidates""]"	0	freebase_bhht_author_lookup_v1	lookup_candidate_not_frozen	"[""sunny ujjawal""]"
1817	Digital Marketing Strategist (Job title)	1	digital_marketing_strategist_(job_title)	author_substring	substring_unique_candidate	Other	Worker/Business (small)	"[[""Other"",""Worker/Business (small)""]]"	1	1	"[""marketing""]"	[1649]	"[[""Other"",""Worker/Business (small)""]]"	[1649]	Other	Worker/Business (small)	marketing	0	0	[]	0	0	"[""substring_requires_transfer_review""]"		needs_review	medium	author_candidate_previous_needs_review	"[""substring_requires_transfer_review""]"	0	freebase_bhht_author_lookup_v1	lookup_candidate_not_frozen	"[""yogendrachavda""]"
