职业,图内人数,查表方式,查表状态,候选L1,候选L2,匹配L3词项,候选分类组合,旧LLM候选L1,与旧LLM关系,复核标记
Actor,46585,author_exact,exact_unique,Culture,Culture-core,_actor,Culture / Culture-core,Culture,agrees_with_previous_llm,
Writer,21980,author_exact,exact_unique,Culture,Culture-core,_writer,Culture / Culture-core,Culture,agrees_with_previous_llm,
Artist,19413,author_exact,exact_unique,Culture,Culture-core,_artist,Culture / Culture-core,Culture,agrees_with_previous_llm,person_main_reference_disagrees_not_used_to_override
Performance Artist,16505,author_substring,substring_unique_candidate,Culture,Culture-core,_artist,Culture / Culture-core,Culture,agrees_with_previous_llm,substring_requires_transfer_review
Musician,13465,author_exact,exact_unique,Culture,Culture-core,musician,Culture / Culture-core,Culture,agrees_with_previous_llm,
Screenwriter,10552,author_exact,exact_unique,Culture,Culture-core,screenwriter,Culture / Culture-core,Culture,agrees_with_previous_llm,
Film director,8505,author_substring,substring_unique_candidate,Culture,Culture-core,_film_,Culture / Culture-core,Culture,agrees_with_previous_llm,substring_requires_transfer_review
Film Producer,8141,author_substring,substring_unique_candidate,Culture,Culture-core,_film_; producer,Culture / Culture-core,Culture,agrees_with_previous_llm,substring_requires_transfer_review
Singer,8056,author_exact,exact_unique,Culture,Culture-core,singer,Culture / Culture-core,Culture,agrees_with_previous_llm,
Athlete,7946,author_exact,exact_unique,Sports/Games,Sports/Games,athlete,Sports/Games / Sports/Games,Sports/Games,agrees_with_previous_llm,
Politician,5549,author_exact,exact_unique,Leadership,Politics,politician,Leadership / Politics,Leadership,agrees_with_previous_llm,
Business executive,4245,author_substring,substring_unique_candidate,Leadership,Corporate/Executive/Business (large),business; executive,Leadership / Corporate/Executive/Business (large),Leadership,agrees_with_previous_llm,substring_requires_transfer_review
Manager,4155,author_exact,exact_unique,Leadership,Corporate/Executive/Business (large),manager,Leadership / Corporate/Executive/Business (large),,author_candidate_previous_needs_review,
Businessperson,4031,author_substring,substring_unique_candidate,Leadership,Corporate/Executive/Business (large),business,Leadership / Corporate/Executive/Business (large),Leadership,agrees_with_previous_llm,substring_requires_transfer_review
Author,3887,author_exact,exact_unique,Culture,Culture-core,author,Culture / Culture-core,Culture,agrees_with_previous_llm,
Voice Actor,3657,author_substring,substring_unique_candidate,Culture,Culture-core,_actor,Culture / Culture-core,Culture,agrees_with_previous_llm,substring_requires_transfer_review
Scientist,3582,author_exact,exact_unique,Discovery/Science,Academia,scientist,Discovery/Science / Academia,Discovery/Science,agrees_with_previous_llm,
Composer (Profession),3520,author_substring,substring_unique_candidate,Culture,Culture-core,composer,Culture / Culture-core,Culture,agrees_with_previous_llm,substring_requires_transfer_review
Television producer,3307,author_substring,substring_same_l1_multiple_l2,Culture,,producer; television,Culture / Culture-core; Culture / Culture-periphery,Culture,agrees_with_previous_llm,substring_requires_transfer_review; multiple_author_l2_candidates
Educator,3229,author_exact,exact_unique,Discovery/Science,Academia,educator,Discovery/Science / Academia,Discovery/Science,agrees_with_previous_llm,
Broadcaster,3132,author_substring,substring_unique_candidate,Culture,Culture-periphery,broadcast,Culture / Culture-periphery,Culture,agrees_with_previous_llm,substring_requires_transfer_review
Journalist,2991,author_exact,exact_unique,Culture,Culture-periphery,journalist,Culture / Culture-periphery,Culture,agrees_with_previous_llm,
Football player,2863,author_substring,substring_unique_candidate,Sports/Games,Sports/Games,football; player,Sports/Games / Sports/Games,Sports/Games,agrees_with_previous_llm,substring_requires_transfer_review
Model,2817,author_exact,exact_unique,Culture,Culture-periphery,_model_,Culture / Culture-periphery,Culture,agrees_with_previous_llm,
Presenter,2632,author_exact,exact_unique,Culture,Culture-periphery,presenter,Culture / Culture-periphery,Culture,agrees_with_previous_llm,
Novelist,2512,author_exact,exact_unique,Culture,Culture-core,novelist,Culture / Culture-core,Culture,agrees_with_previous_llm,
Television director,2438,author_substring,substring_unique_candidate,Culture,Culture-periphery,television,Culture / Culture-periphery,Culture,agrees_with_previous_llm,substring_requires_transfer_review
Entertainer,2358,author_exact,exact_unique,Culture,Culture-core,entertainer,Culture / Culture-core,Culture,agrees_with_previous_llm,
Criminal defense lawyer,2304,author_substring,substring_cross_l1_conflict,,,_lawyer; criminal,Leadership / Administration/Law; Other / Other,Leadership,no_unique_author_l1_candidate,substring_requires_transfer_review; multiple_author_l1_candidates
Lawyer,2304,author_exact,exact_unique,Leadership,Administration/Law,_lawyer,Leadership / Administration/Law,Leadership,agrees_with_previous_llm,
Designer,2186,author_exact,exact_unique,Culture,Culture-periphery,designer,Culture / Culture-periphery,Culture,agrees_with_previous_llm,
Songwriter,2169,author_exact,exact_unique,Culture,Culture-core,songwriter,Culture / Culture-core,Culture,agrees_with_previous_llm,
Editor,2061,author_exact,exact_unique,Culture,Culture-periphery,editor,Culture / Culture-periphery,Culture,agrees_with_previous_llm,person_main_reference_disagrees_not_used_to_override
Film Score Composer,2012,author_substring,substring_unique_candidate,Culture,Culture-core,_film_; composer,Culture / Culture-core,Culture,agrees_with_previous_llm,substring_requires_transfer_review
Comedian,1871,author_exact,exact_unique,Culture,Culture-core,comedian,Culture / Culture-core,Culture,agrees_with_previous_llm,
Health professional,1687,no_author_rule,no_author_rule,,,,,Discovery/Science,no_unique_author_l1_candidate,no_author_rule
Mathematician,1682,author_exact,exact_unique,Discovery/Science,Academia,mathematician,Discovery/Science / Academia,Discovery/Science,agrees_with_previous_llm,
Singer-songwriter,1599,author_substring,substring_unique_candidate,Culture,Culture-core,singer; songwriter,Culture / Culture-core,Culture,agrees_with_previous_llm,substring_requires_transfer_review
Teacher,1594,author_exact,exact_unique,Discovery/Science,Academia,teacher_,Discovery/Science / Academia,Discovery/Science,agrees_with_previous_llm,
Poet,1556,author_exact,exact_unique,Culture,Culture-core,_poet,Culture / Culture-core,Culture,agrees_with_previous_llm,
Healthcare professional,1555,no_author_rule,no_author_rule,,,,,Discovery/Science,no_unique_author_l1_candidate,no_author_rule
Operator,1478,author_exact,exact_unique,Other,Worker/Business (small),operator,Other / Worker/Business (small),,author_candidate_previous_needs_review,
Cameraman,1466,no_author_rule,no_author_rule,,,,,Culture,no_unique_author_l1_candidate,no_author_rule
Playwright,1464,author_exact,exact_unique,Culture,Culture-core,playwright,Culture / Culture-core,Culture,agrees_with_previous_llm,
Cinematographer,1429,author_exact,exact_unique,Culture,Culture-core,cinematographer,Culture / Culture-core,Culture,agrees_with_previous_llm,
Physician,1410,author_exact,exact_unique,Discovery/Science,Academia,physician,Discovery/Science / Academia,Discovery/Science,agrees_with_previous_llm,
Film editor,1401,author_substring,substring_same_l1_multiple_l2,Culture,,_film_; editor,Culture / Culture-core; Culture / Culture-periphery,Culture,agrees_with_previous_llm,substring_requires_transfer_review; multiple_author_l2_candidates
Music Producer,1379,author_substring,substring_unique_candidate,Culture,Culture-core,_music; producer,Culture / Culture-core,Culture,agrees_with_previous_llm,substring_requires_transfer_review
Visual Artist,1323,author_exact,exact_unique,Culture,Culture-periphery,visual_artist,Culture / Culture-periphery,Culture,agrees_with_previous_llm,exact_lookup_differs_from_full_author_first_match
Music executive,1298,author_substring,substring_cross_l1_conflict,,,_music; executive,Culture / Culture-core; Leadership / Corporate/Executive/Business (large),Leadership,no_unique_author_l1_candidate,substring_requires_transfer_review; multiple_author_l1_candidates
Record producer,1284,author_exact,exact_unique,Culture,Culture-periphery,record_producer,Culture / Culture-periphery,Culture,agrees_with_previous_llm,exact_lookup_differs_from_full_author_first_match
Dancer,1257,author_exact,exact_unique,Culture,Culture-core,dancer,Culture / Culture-core,Culture,agrees_with_previous_llm,person_main_reference_disagrees_not_used_to_override
Philosopher,1149,author_exact,exact_unique,Discovery/Science,Academia,philosopher,Discovery/Science / Academia,Discovery/Science,agrees_with_previous_llm,
Entrepreneur,1105,author_exact,exact_unique,Leadership,Corporate/Executive/Business (large),entrepreneur,Leadership / Corporate/Executive/Business (large),Leadership,agrees_with_previous_llm,
Guitarist,1057,author_substring,substring_unique_candidate,Culture,Culture-core,guitar,Culture / Culture-core,Culture,agrees_with_previous_llm,substring_requires_transfer_review
Professor,1026,author_exact,exact_unique,Discovery/Science,Academia,professor,Discovery/Science / Academia,Discovery/Science,agrees_with_previous_llm,
Engineer,1006,author_exact,exact_unique,Discovery/Science,Explorer/Inventor/Developer,engineer,Discovery/Science / Explorer/Inventor/Developer,Discovery/Science,agrees_with_previous_llm,
Theatre Director,996,author_substring,substring_unique_candidate,Culture,Culture-core,theatre,Culture / Culture-core,Culture,agrees_with_previous_llm,substring_requires_transfer_review
Painter,943,author_exact,exact_unique,Culture,Culture-core,painter,Culture / Culture-core,Culture,agrees_with_previous_llm,
Physicist,913,author_exact,exact_unique,Discovery/Science,Academia,physicist,Discovery/Science / Academia,Discovery/Science,agrees_with_previous_llm,
Official,913,no_author_rule,no_author_rule,,,,,,no_unique_author_l1_candidate,no_author_rule
American Football player,872,author_substring,substring_unique_candidate,Sports/Games,Sports/Games,football; player,Sports/Games / Sports/Games,Sports/Games,agrees_with_previous_llm,substring_requires_transfer_review
Photographer,823,author_exact,exact_unique,Culture,Culture-core,photographer,Culture / Culture-core,Culture,agrees_with_previous_llm,
Baseball Player,751,author_substring,substring_unique_candidate,Sports/Games,Sports/Games,baseball; player,Sports/Games / Sports/Games,Sports/Games,agrees_with_previous_llm,substring_requires_transfer_review
Conductor,723,author_exact,exact_unique,Culture,Culture-core,conductor,Culture / Culture-core,Culture,agrees_with_previous_llm,person_main_reference_disagrees_not_used_to_override
Architect,717,author_exact,exact_unique,Culture,Culture-periphery,architect,Culture / Culture-periphery,Culture,agrees_with_previous_llm,
Coach,696,author_exact,exact_unique,Sports/Games,Sports/Games,coach,Sports/Games / Sports/Games,,author_candidate_previous_needs_review,person_main_reference_disagrees_not_used_to_override
Religious Leader (Religious Leadership Title),648,author_substring,substring_unique_candidate,Leadership,Religious,religious,Leadership / Religious,Leadership,agrees_with_previous_llm,substring_requires_transfer_review
Pianist,636,author_exact,exact_unique,Culture,Culture-core,pianist,Culture / Culture-core,Culture,agrees_with_previous_llm,
Historian,614,author_exact,exact_unique,Discovery/Science,Academia,historian,Discovery/Science / Academia,Discovery/Science,agrees_with_previous_llm,
Soldier,613,author_exact,exact_unique,Leadership,Military,soldier,Leadership / Military,Leadership,agrees_with_previous_llm,
Television crew,612,author_substring,substring_unique_candidate,Culture,Culture-periphery,television,Culture / Culture-periphery,,author_candidate_previous_needs_review,substring_requires_transfer_review
Chemist,606,author_exact,exact_unique,Discovery/Science,Academia,chemist,Discovery/Science / Academia,Discovery/Science,agrees_with_previous_llm,
Economist,546,author_exact,exact_unique,Discovery/Science,Academia,economist,Discovery/Science / Academia,Discovery/Science,agrees_with_previous_llm,
Critic,527,author_exact,exact_unique,Culture,Culture-periphery,critic,Culture / Culture-periphery,Culture,agrees_with_previous_llm,
Activist,525,author_exact,exact_unique,Leadership,Politics,activist,Leadership / Politics,Leadership,agrees_with_previous_llm,
Cartoonist,471,author_exact,exact_unique,Culture,Culture-core,cartoonist,Culture / Culture-core,Culture,agrees_with_previous_llm,
Sex worker,456,author_substring,substring_unique_candidate,Other,Worker/Business (small),worker,Other / Worker/Business (small),,formal_author_other_previously_out_of_scope,substring_requires_transfer_review
Pornographic film actor,436,author_substring,substring_unique_candidate,Culture,Culture-core,_actor; _film_,Culture / Culture-core,Culture,agrees_with_previous_llm,substring_requires_transfer_review
Costume designer,416,author_exact,exact_unique,Culture,Culture-core,costume_designer,Culture / Culture-core,Culture,agrees_with_previous_llm,
Ice Hockey Player,409,author_substring,substring_unique_candidate,Sports/Games,Sports/Games,hockey; ice_hockey; player,Sports/Games / Sports/Games,Sports/Games,agrees_with_previous_llm,substring_requires_transfer_review
Linguist,407,author_exact,exact_unique,Discovery/Science,Academia,linguist,Discovery/Science / Academia,Discovery/Science,agrees_with_previous_llm,
Navigator,406,author_exact,exact_unique,Discovery/Science,Explorer/Inventor/Developer,navigator,Discovery/Science / Explorer/Inventor/Developer,,author_candidate_previous_needs_review,
Production Designer,405,author_exact,exact_unique,Culture,Culture-core,production_designer,Culture / Culture-core,Culture,agrees_with_previous_llm,
Lyricist (Profession),401,author_substring,substring_unique_candidate,Culture,Culture-core,lyricist,Culture / Culture-core,Culture,agrees_with_previous_llm,substring_requires_transfer_review
Basketball Player,392,author_substring,substring_unique_candidate,Sports/Games,Sports/Games,basket; player,Sports/Games / Sports/Games,Sports/Games,agrees_with_previous_llm,substring_requires_transfer_review
Stunt Performer,390,author_substring,substring_unique_candidate,Culture,Culture-core,_stunt_; performer,Culture / Culture-core,Culture,agrees_with_previous_llm,substring_requires_transfer_review
Radio personality,382,author_substring,substring_unique_candidate,Culture,Culture-periphery,_radio_,Culture / Culture-periphery,Culture,agrees_with_previous_llm,substring_requires_transfer_review
Military Officer,382,author_substring,substring_unique_candidate,Leadership,Military,militar; officer_,Leadership / Military,Leadership,agrees_with_previous_llm,substring_requires_transfer_review
Art Director,379,author_exact,exact_unique,Culture,Culture-core,art_director,Culture / Culture-core,Culture,agrees_with_previous_llm,
Agent,378,no_author_rule,no_author_rule,,,,,,no_unique_author_l1_candidate,no_author_rule
Clergy,376,author_exact,exact_unique,Leadership,Religious,clergy,Leadership / Religious,Leadership,agrees_with_previous_llm,
Diplomat,366,author_exact,exact_unique,Leadership,Administration/Law,diplomat,Leadership / Administration/Law,Leadership,agrees_with_previous_llm,
Race car driver,360,author_substring,substring_unique_candidate,Sports/Games,Sports/Games,_driver_; race_car,Sports/Games / Sports/Games,Sports/Games,agrees_with_previous_llm,substring_requires_transfer_review
Producer,355,author_exact,exact_unique,Culture,Culture-core,producer,Culture / Culture-core,,author_candidate_previous_needs_review,
Drummer,351,author_exact,exact_unique,Culture,Culture-core,drummer,Culture / Culture-core,Culture,agrees_with_previous_llm,
TV Personality (Profession),346,no_author_rule,no_author_rule,,,,,Culture,no_unique_author_l1_candidate,no_author_rule
Judge,334,author_exact,exact_unique,Leadership,Administration/Law,judge,Leadership / Administration/Law,Leadership,agrees_with_previous_llm,
Essayist,329,author_exact,exact_unique,Culture,Culture-core,essayist,Culture / Culture-core,Culture,agrees_with_previous_llm,
Film art director,324,author_substring,substring_unique_candidate,Culture,Culture-core,_film_; art_director,Culture / Culture-core,Culture,agrees_with_previous_llm,substring_requires_transfer_review
Wrestler,322,author_exact,exact_unique,Sports/Games,Sports/Games,wrestler,Sports/Games / Sports/Games,Sports/Games,agrees_with_previous_llm,
Rapper,316,author_exact,exact_unique,Culture,Culture-core,rapper,Culture / Culture-core,Culture,agrees_with_previous_llm,
Theatrical producer,316,author_substring,substring_unique_candidate,Culture,Culture-core,producer; theatrical,Culture / Culture-core,Culture,agrees_with_previous_llm,substring_requires_transfer_review
Translator (Film job),298,author_substring,substring_unique_candidate,Other,Worker/Business (small),translator,Other / Worker/Business (small),,author_candidate_previous_needs_review,substring_requires_transfer_review
Music Director,289,author_substring,substring_unique_candidate,Culture,Culture-core,_music,Culture / Culture-core,Culture,agrees_with_previous_llm,substring_requires_transfer_review
Technician,287,author_exact,exact_unique,Other,Worker/Business (small),technician,Other / Worker/Business (small),,author_candidate_previous_needs_review,
Announcer,286,author_exact,exact_unique,Culture,Culture-periphery,announcer,Culture / Culture-periphery,Culture,agrees_with_previous_llm,
Psychologist,281,author_exact,exact_unique,Discovery/Science,Academia,psychologist,Discovery/Science / Academia,Discovery/Science,agrees_with_previous_llm,
Choreographer,278,author_exact,exact_unique,Culture,Culture-core,choreographer,Culture / Culture-core,Culture,agrees_with_previous_llm,
Disc jockey,269,author_substring,substring_unique_candidate,Sports/Games,Sports/Games,jockey,Sports/Games / Sports/Games,Culture,differs_from_previous_llm,substring_requires_transfer_review; previous_llm_l1_disagreement
Arranger,265,no_author_rule,no_author_rule,,,,,Culture,no_unique_author_l1_candidate,no_author_rule
Fashion designer,265,author_exact,exact_unique,Culture,Culture-periphery,fashion_designer,Culture / Culture-periphery,Culture,agrees_with_previous_llm,
Computer scientist,258,author_exact,exact_unique,Discovery/Science,Academia,computer_scientist,Discovery/Science / Academia,Discovery/Science,agrees_with_previous_llm,
Banker,254,author_substring,substring_unique_candidate,Leadership,Corporate/Executive/Business (large),bank,Leadership / Corporate/Executive/Business (large),Leadership,agrees_with_previous_llm,substring_requires_transfer_review
Agriculturalist,252,no_author_rule,no_author_rule,,,,,,no_unique_author_l1_candidate,no_author_rule
Aviator,248,author_exact,exact_unique,Leadership,Military,aviator,Leadership / Military,,author_candidate_previous_needs_review,
Publisher (Editor title),242,author_substring,substring_unique_candidate,Culture,Culture-periphery,editor; publisher,Culture / Culture-periphery,Culture,agrees_with_previous_llm,substring_requires_transfer_review
Bassist,241,author_exact,exact_unique,Culture,Culture-core,bassist,Culture / Culture-core,Culture,agrees_with_previous_llm,
Music artist,239,author_substring,substring_unique_candidate,Culture,Culture-core,_artist; _music,Culture / Culture-core,Culture,agrees_with_previous_llm,substring_requires_transfer_review
Fashion Model,232,author_exact,exact_unique,Culture,Culture-periphery,fashion_model,Culture / Culture-periphery,Culture,agrees_with_previous_llm,
Astronomer,232,author_exact,exact_unique,Discovery/Science,Academia,astronomer,Discovery/Science / Academia,Discovery/Science,agrees_with_previous_llm,
Inventor,232,author_exact,exact_unique,Discovery/Science,Explorer/Inventor/Developer,inventor,Discovery/Science / Explorer/Inventor/Developer,Discovery/Science,agrees_with_previous_llm,
Television presenter,225,author_substring,substring_unique_candidate,Culture,Culture-periphery,presenter; television,Culture / Culture-periphery,Culture,agrees_with_previous_llm,substring_requires_transfer_review
Tennis player,225,author_substring,substring_unique_candidate,Sports/Games,Sports/Games,player; tennis,Sports/Games / Sports/Games,Sports/Games,agrees_with_previous_llm,substring_requires_transfer_review
Rugby Player,217,author_substring,substring_unique_candidate,Sports/Games,Sports/Games,player; rugby,Sports/Games / Sports/Games,Sports/Games,agrees_with_previous_llm,substring_requires_transfer_review
Sculptor,213,author_exact,exact_unique,Culture,Culture-core,sculptor,Culture / Culture-core,Culture,agrees_with_previous_llm,
Tradesman,210,author_exact,exact_unique,Leadership,Corporate/Executive/Business (large),tradesman,Leadership / Corporate/Executive/Business (large),,author_candidate_previous_out_of_scope,
Animator,210,author_exact,exact_unique,Culture,Culture-core,animator,Culture / Culture-core,Culture,agrees_with_previous_llm,
Professional Boxer,208,author_substring,substring_unique_candidate,Sports/Games,Sports/Games,_boxer,Sports/Games / Sports/Games,Sports/Games,agrees_with_previous_llm,substring_requires_transfer_review
Child Actor,206,author_substring,substring_cross_l1_conflict,,,_actor; child_,Culture / Culture-core; Other / Family,Culture,no_unique_author_l1_candidate,substring_requires_transfer_review; multiple_author_l1_candidates
Illustrator (Profession),200,author_substring,substring_unique_candidate,Culture,Culture-periphery,illustrator,Culture / Culture-periphery,Culture,agrees_with_previous_llm,substring_requires_transfer_review
Beautician,198,no_author_rule,no_author_rule,,,,,,no_unique_author_l1_candidate,no_author_rule
Television Editor,198,author_substring,substring_unique_candidate,Culture,Culture-periphery,editor; television,Culture / Culture-periphery,Culture,agrees_with_previous_llm,substring_requires_transfer_review
Scholar,195,author_exact,exact_unique,Discovery/Science,Academia,scholar,Discovery/Science / Academia,Discovery/Science,agrees_with_previous_llm,
Violist,190,author_exact,exact_unique,Culture,Culture-core,violist,Culture / Culture-core,Culture,agrees_with_previous_llm,
Cricketer,184,author_substring,substring_unique_candidate,Sports/Games,Sports/Games,cricket,Sports/Games / Sports/Games,Sports/Games,agrees_with_previous_llm,substring_requires_transfer_review
Commentator,183,author_exact,exact_unique,Culture,Culture-periphery,commentator,Culture / Culture-periphery,Culture,agrees_with_previous_llm,
Minister,183,author_exact,exact_unique,Leadership,Politics,minister,Leadership / Politics,Leadership,agrees_with_previous_llm,
Martial artist,182,author_substring,substring_cross_l1_conflict,,,martial_art; _artist,Culture / Culture-core; Sports/Games / Sports/Games,Sports/Games,no_unique_author_l1_candidate,substring_requires_transfer_review; multiple_author_l1_candidates
Ballet Dancer,182,author_substring,substring_unique_candidate,Culture,Culture-core,ballet; dancer,Culture / Culture-core,Culture,agrees_with_previous_llm,substring_requires_transfer_review
Casting Director,179,author_exact,exact_unique,Culture,Culture-core,casting_director,Culture / Culture-core,Culture,agrees_with_previous_llm,
Farmer,170,author_exact,exact_unique,Other,Worker/Business (small),farmer,Other / Worker/Business (small),,formal_author_other_previously_out_of_scope,
Keyboard player,169,author_substring,substring_unique_candidate,Sports/Games,Sports/Games,player,Sports/Games / Sports/Games,Culture,differs_from_previous_llm,substring_requires_transfer_review; previous_llm_l1_disagreement
Cook,166,author_exact,exact_unique,Other,Worker/Business (small),_cook_,Other / Worker/Business (small),,formal_author_other_previously_out_of_scope,
Marketer,166,no_author_rule,no_author_rule,,,,,,no_unique_author_l1_candidate,no_author_rule
Law enforcement officer,165,author_substring,substring_same_l1_multiple_l2,Leadership,,_law_; officer_,Leadership / Administration/Law; Leadership / Military,Leadership,agrees_with_previous_llm,substring_requires_transfer_review; multiple_author_l2_candidates
Philanthropist,161,author_exact,exact_unique,Other,Other,philanthropist,Other / Other,,formal_author_other_previously_out_of_scope,
Anthropologist,156,author_exact,exact_unique,Discovery/Science,Academia,anthropologist,Discovery/Science / Academia,Discovery/Science,agrees_with_previous_llm,
Social activist,153,author_substring,substring_unique_candidate,Leadership,Politics,activist,Leadership / Politics,Leadership,agrees_with_previous_llm,substring_requires_transfer_review
Spokesperson,149,no_author_rule,no_author_rule,,,,,,no_unique_author_l1_candidate,no_author_rule
Opera singer,149,author_substring,substring_unique_candidate,Culture,Culture-core,_opera_; singer,Culture / Culture-core,Culture,agrees_with_previous_llm,substring_requires_transfer_review
Blue-collar worker,147,author_substring,substring_unique_candidate,Other,Worker/Business (small),worker,Other / Worker/Business (small),,formal_author_other_previously_out_of_scope,substring_requires_transfer_review
Nurse,147,author_exact,exact_unique,Discovery/Science,Academia,nurse,Discovery/Science / Academia,Discovery/Science,agrees_with_previous_llm,
Bandleader,145,author_exact,exact_unique,Culture,Culture-core,bandleader,Culture / Culture-core,Culture,agrees_with_previous_llm,
Sound Engineer,145,author_substring,substring_unique_candidate,Discovery/Science,Explorer/Inventor/Developer,engineer,Discovery/Science / Explorer/Inventor/Developer,,author_candidate_previous_needs_review,substring_requires_transfer_review
Researcher,144,author_substring,substring_unique_candidate,Discovery/Science,Academia,research,Discovery/Science / Academia,Discovery/Science,agrees_with_previous_llm,substring_requires_transfer_review
Botanist,136,author_exact,exact_unique,Discovery/Science,Academia,botanist,Discovery/Science / Academia,Discovery/Science,agrees_with_previous_llm,
Chef,134,author_exact,exact_unique,Other,Worker/Business (small),_chef_,Other / Worker/Business (small),,formal_author_other_previously_out_of_scope,person_main_reference_disagrees_not_used_to_override
Multi-instrumentalist,131,author_substring,substring_cross_l1_conflict,,,instrumentalist; mentalist,Culture / Culture-core; Other / Other,Culture,no_unique_author_l1_candidate,substring_requires_transfer_review; multiple_author_l1_candidates
Set Decorator,131,author_substring,substring_unique_candidate,Culture,Culture-periphery,decorator,Culture / Culture-periphery,Culture,agrees_with_previous_llm,substring_requires_transfer_review
Sailor,130,author_exact,exact_unique,Discovery/Science,Explorer/Inventor/Developer,sailor,Discovery/Science / Explorer/Inventor/Developer,,author_candidate_previous_needs_review,person_main_reference_disagrees_not_used_to_override
Swimmer,125,author_exact,exact_unique,Sports/Games,Sports/Games,swimmer,Sports/Games / Sports/Games,Sports/Games,agrees_with_previous_llm,
Barrister,124,author_exact,exact_unique,Leadership,Administration/Law,barrister,Leadership / Administration/Law,Leadership,agrees_with_previous_llm,
Makeup Artist,124,author_exact,exact_unique,Culture,Culture-periphery,makeup_artist,Culture / Culture-periphery,Culture,agrees_with_previous_llm,exact_lookup_differs_from_full_author_first_match
Sports commentator,121,author_substring,substring_cross_l1_conflict,,,_sport; commentator,Culture / Culture-periphery; Sports/Games / Sports/Games,Culture,no_unique_author_l1_candidate,substring_requires_transfer_review; multiple_author_l1_candidates
Statistician,119,author_exact,exact_unique,Discovery/Science,Academia,statistician,Discovery/Science / Academia,Discovery/Science,agrees_with_previous_llm,
Consultant,119,author_exact,exact_unique,Other,Worker/Business (small),consultant,Other / Worker/Business (small),,author_candidate_previous_needs_review,
Geologist,119,author_exact,exact_unique,Discovery/Science,Academia,geologist,Discovery/Science / Academia,Discovery/Science,agrees_with_previous_llm,
Civil engineer,117,author_substring,substring_unique_candidate,Discovery/Science,Explorer/Inventor/Developer,engineer,Discovery/Science / Explorer/Inventor/Developer,Discovery/Science,agrees_with_previous_llm,substring_requires_transfer_review
Surgeon,115,author_exact,exact_unique,Discovery/Science,Academia,surgeon,Discovery/Science / Academia,Discovery/Science,agrees_with_previous_llm,
Literary critic,114,author_substring,substring_same_l1_multiple_l2,Culture,,_literary_; critic,Culture / Culture-core; Culture / Culture-periphery,Culture,agrees_with_previous_llm,substring_requires_transfer_review; multiple_author_l2_candidates
Graphic Designer,112,author_exact,exact_unique,Culture,Culture-periphery,graphic_designer,Culture / Culture-periphery,Culture,agrees_with_previous_llm,
Sales management,112,author_substring,substring_unique_candidate,Leadership,Corporate/Executive/Business (large),_sales_; management,Leadership / Corporate/Executive/Business (large),Leadership,agrees_with_previous_llm,substring_requires_transfer_review
Nude Glamour Model,111,author_substring,substring_unique_candidate,Culture,Culture-periphery,_model_,Culture / Culture-periphery,Culture,agrees_with_previous_llm,substring_requires_transfer_review
Artisan,110,author_exact,exact_unique,Other,Worker/Business (small),_artisan,Other / Worker/Business (small),,author_candidate_previous_needs_review,
Golfer,110,author_substring,substring_unique_candidate,Sports/Games,Sports/Games,golf,Sports/Games / Sports/Games,Sports/Games,agrees_with_previous_llm,substring_requires_transfer_review
Filmmaker,109,author_exact,exact_unique,Culture,Culture-core,filmmaker,Culture / Culture-core,Culture,agrees_with_previous_llm,
Real Estate Broker,105,author_substring,substring_cross_l1_conflict,,,real_estate; broker,Leadership / Corporate/Executive/Business (large); Other / Worker/Business (small),,no_unique_author_l1_candidate,substring_requires_transfer_review; multiple_author_l1_candidates
Environmentalist,104,author_exact,exact_unique,Leadership,Politics,environmentalist,Leadership / Politics,,author_candidate_previous_needs_review,
Australian rules football player,103,author_substring,substring_unique_candidate,Sports/Games,Sports/Games,football; player,Sports/Games / Sports/Games,Sports/Games,agrees_with_previous_llm,substring_requires_transfer_review
Rabbi,101,author_exact,exact_unique,Leadership,Religious,rabbi,Leadership / Religious,Leadership,agrees_with_previous_llm,
Newscaster,100,author_exact,exact_unique,Culture,Culture-periphery,newscaster,Culture / Culture-periphery,Culture,agrees_with_previous_llm,
Domestic worker,98,author_substring,substring_unique_candidate,Other,Worker/Business (small),worker,Other / Worker/Business (small),,formal_author_other_previously_out_of_scope,substring_requires_transfer_review
Track and field athlete,97,author_substring,substring_unique_candidate,Sports/Games,Sports/Games,athlete; track_and_field,Sports/Games / Sports/Games,Sports/Games,agrees_with_previous_llm,substring_requires_transfer_review
Public speaker,96,no_author_rule,no_author_rule,,,,,,no_unique_author_l1_candidate,no_author_rule
Basketball Coach,96,author_substring,substring_unique_candidate,Sports/Games,Sports/Games,basket; coach,Sports/Games / Sports/Games,Sports/Games,agrees_with_previous_llm,substring_requires_transfer_review
Playback Singer,94,author_substring,substring_unique_candidate,Culture,Culture-core,singer,Culture / Culture-core,Culture,agrees_with_previous_llm,substring_requires_transfer_review
Librettist,94,author_exact,exact_unique,Culture,Culture-core,librettist,Culture / Culture-core,Culture,agrees_with_previous_llm,
Priest,94,author_exact,exact_unique,Leadership,Religious,priest,Leadership / Religious,Leadership,agrees_with_previous_llm,
Film critic,93,author_substring,substring_same_l1_multiple_l2,Culture,,_film_; critic,Culture / Culture-core; Culture / Culture-periphery,Culture,agrees_with_previous_llm,substring_requires_transfer_review; multiple_author_l2_candidates
Jazz Pianist,93,author_substring,substring_unique_candidate,Culture,Culture-core,jazz; pianist,Culture / Culture-core,Culture,agrees_with_previous_llm,substring_requires_transfer_review
Talk show host,93,author_substring,substring_unique_candidate,Culture,Culture-core,_host_; _show_,Culture / Culture-core,Culture,agrees_with_previous_llm,substring_requires_transfer_review
Stand-up comedian,93,author_substring,substring_unique_candidate,Culture,Culture-core,comedian,Culture / Culture-core,Culture,agrees_with_previous_llm,substring_requires_transfer_review
Biologist,92,author_exact,exact_unique,Discovery/Science,Academia,biologist,Discovery/Science / Academia,Discovery/Science,agrees_with_previous_llm,
Political scientist,91,author_exact,exact_unique,Discovery/Science,Academia,political_scientist,Discovery/Science / Academia,Discovery/Science,agrees_with_previous_llm,
Tarento,91,author_exact,exact_unique,Culture,Culture-periphery,tarento,Culture / Culture-periphery,,author_candidate_previous_needs_review,
Psychoanalyst,91,author_exact,exact_unique,Discovery/Science,Academia,psychoanalyst,Discovery/Science / Academia,Discovery/Science,agrees_with_previous_llm,
Restaurateur,90,author_exact,exact_unique,Other,Worker/Business (small),restaurateur,Other / Worker/Business (small),,author_candidate_previous_needs_review,
Vaudeville Performer,90,author_substring,substring_unique_candidate,Culture,Culture-core,performer,Culture / Culture-core,Culture,agrees_with_previous_llm,substring_requires_transfer_review
Talent manager,89,author_substring,substring_unique_candidate,Leadership,Corporate/Executive/Business (large),manager,Leadership / Corporate/Executive/Business (large),,author_candidate_previous_needs_review,substring_requires_transfer_review
Police officer,88,author_substring,substring_same_l1_multiple_l2,Leadership,,_police_; officer_,Leadership / Administration/Law; Leadership / Military,Leadership,agrees_with_previous_llm,substring_requires_transfer_review; multiple_author_l2_candidates
Science writer,88,author_substring,substring_cross_l1_conflict,,,_writer; science,Culture / Culture-core; Discovery/Science / Academia,Culture,no_unique_author_l1_candidate,substring_requires_transfer_review; multiple_author_l1_candidates
Investor,87,author_exact,exact_unique,Leadership,Corporate/Executive/Business (large),investor,Leadership / Corporate/Executive/Business (large),,author_candidate_previous_needs_review,
Statesman,87,author_exact,exact_unique,Leadership,Politics,statesman,Leadership / Politics,Leadership,agrees_with_previous_llm,
Sociologist,87,author_exact,exact_unique,Discovery/Science,Academia,sociologist,Discovery/Science / Academia,Discovery/Science,agrees_with_previous_llm,
Merchant,87,author_exact,exact_unique,Leadership,Corporate/Executive/Business (large),merchant,Leadership / Corporate/Executive/Business (large),Leadership,agrees_with_previous_llm,
Office Worker,86,author_substring,substring_unique_candidate,Other,Worker/Business (small),worker,Other / Worker/Business (small),,formal_author_other_previously_out_of_scope,substring_requires_transfer_review
Audio Engineer,86,author_substring,substring_cross_l1_conflict,,,_audio; engineer,Culture / Culture-periphery; Discovery/Science / Explorer/Inventor/Developer,Culture,no_unique_author_l1_candidate,substring_requires_transfer_review; multiple_author_l1_candidates
Sumo Wrestler,86,author_substring,substring_unique_candidate,Sports/Games,Sports/Games,_sumo_; wrestler,Sports/Games / Sports/Games,Sports/Games,agrees_with_previous_llm,substring_requires_transfer_review
Socialite,84,author_exact,exact_unique,Leadership,Nobility,socialite,Leadership / Nobility,,author_candidate_previous_out_of_scope,
Pastor,83,author_exact,exact_unique,Leadership,Religious,pastor,Leadership / Religious,Leadership,agrees_with_previous_llm,
Criminal,80,author_exact,exact_unique,Other,Other,criminal,Other / Other,,formal_author_other_previously_out_of_scope,
Programmer,79,author_exact,exact_unique,Discovery/Science,Explorer/Inventor/Developer,programmer,Discovery/Science / Explorer/Inventor/Developer,Discovery/Science,agrees_with_previous_llm,
Political activist,79,author_substring,substring_unique_candidate,Leadership,Politics,activist; political,Leadership / Politics,Leadership,agrees_with_previous_llm,substring_requires_transfer_review
Librarian,79,author_exact,exact_unique,Other,Worker/Business (small),librarian,Other / Worker/Business (small),,author_candidate_previous_needs_review,
Jurist,75,author_exact,exact_unique,Leadership,Administration/Law,jurist,Leadership / Administration/Law,Leadership,agrees_with_previous_llm,
Alpine skier,75,author_substring,substring_unique_candidate,Sports/Games,Sports/Games,skier,Sports/Games / Sports/Games,Sports/Games,agrees_with_previous_llm,substring_requires_transfer_review
Music video director,74,author_substring,substring_unique_candidate,Culture,Culture-core,_music,Culture / Culture-core,Culture,agrees_with_previous_llm,substring_requires_transfer_review
American Football coach,74,author_substring,substring_unique_candidate,Sports/Games,Sports/Games,coach; football,Sports/Games / Sports/Games,Sports/Games,agrees_with_previous_llm,substring_requires_transfer_review
Theologian,72,author_exact,exact_unique,Discovery/Science,Academia,theologian,Discovery/Science / Academia,Discovery/Science,agrees_with_previous_llm,
Talent agent,71,author_exact,exact_unique,Culture,Culture-periphery,talent_agent,Culture / Culture-periphery,,author_candidate_previous_needs_review,
Organist,70,author_exact,exact_unique,Culture,Culture-core,organist,Culture / Culture-core,Culture,agrees_with_previous_llm,
Secretary,70,author_exact,exact_unique,Leadership,Politics,secretary,Leadership / Politics,,author_candidate_previous_needs_review,
Publicist,70,author_exact,exact_unique,Culture,Culture-periphery,publicist,Culture / Culture-periphery,Culture,agrees_with_previous_llm,
Animal trainer,69,author_substring,substring_unique_candidate,Sports/Games,Sports/Games,trainer,Sports/Games / Sports/Games,,author_candidate_previous_out_of_scope,substring_requires_transfer_review
Trumpeter,68,author_substring,substring_unique_candidate,Culture,Culture-core,trumpet,Culture / Culture-core,Culture,agrees_with_previous_llm,substring_requires_transfer_review
Psychiatrist,67,author_exact,exact_unique,Discovery/Science,Academia,psychiatrist,Discovery/Science / Academia,Discovery/Science,agrees_with_previous_llm,
Social Worker,65,author_substring,substring_unique_candidate,Other,Worker/Business (small),worker,Other / Worker/Business (small),,formal_author_other_previously_out_of_scope,substring_requires_transfer_review
Hairdresser,64,author_exact,exact_unique,Other,Worker/Business (small),hairdresser,Other / Worker/Business (small),,formal_author_other_previously_out_of_scope,
Archaeologist,63,author_exact,exact_unique,Discovery/Science,Academia,archaeologist,Discovery/Science / Academia,Discovery/Science,agrees_with_previous_llm,
TV Journalist,63,author_substring,substring_unique_candidate,Culture,Culture-periphery,journalist,Culture / Culture-periphery,Culture,agrees_with_previous_llm,substring_requires_transfer_review
Financier,62,author_exact,exact_unique,Leadership,Corporate/Executive/Business (large),financier,Leadership / Corporate/Executive/Business (large),,author_candidate_previous_needs_review,
Gymnast,62,author_exact,exact_unique,Sports/Games,Sports/Games,gymnast,Sports/Games / Sports/Games,Sports/Games,agrees_with_previous_llm,
Biographer,61,author_exact,exact_unique,Culture,Culture-core,biographer,Culture / Culture-core,Culture,agrees_with_previous_llm,
Volleyball player,59,author_substring,substring_unique_candidate,Sports/Games,Sports/Games,player; volleyball,Sports/Games / Sports/Games,Sports/Games,agrees_with_previous_llm,substring_requires_transfer_review
Electrical engineer,59,author_substring,substring_unique_candidate,Discovery/Science,Explorer/Inventor/Developer,engineer,Discovery/Science / Explorer/Inventor/Developer,Discovery/Science,agrees_with_previous_llm,substring_requires_transfer_review
Baseball Coach,59,author_substring,substring_unique_candidate,Sports/Games,Sports/Games,baseball; coach,Sports/Games / Sports/Games,Sports/Games,agrees_with_previous_llm,substring_requires_transfer_review
Art Historian,58,author_exact,exact_unique,Discovery/Science,Academia,art_historian,Discovery/Science / Academia,Discovery/Science,agrees_with_previous_llm,
Saxophonist,58,author_exact,exact_unique,Culture,Culture-core,saxophonist,Culture / Culture-core,Culture,agrees_with_previous_llm,
Art critic,57,author_exact,exact_unique,Culture,Culture-core,art_critic,Culture / Culture-core,Culture,agrees_with_previous_llm,
Civil servant,56,author_exact,exact_unique,Leadership,Administration/Law,civil_servant,Leadership / Administration/Law,Leadership,agrees_with_previous_llm,
Curator,56,author_exact,exact_unique,Culture,Culture-core,curator,Culture / Culture-core,Culture,agrees_with_previous_llm,
Business magnate,56,author_substring,substring_unique_candidate,Leadership,Corporate/Executive/Business (large),_magnate_; business,Leadership / Corporate/Executive/Business (large),Leadership,agrees_with_previous_llm,substring_requires_transfer_review
Snowboarder,56,author_substring,substring_unique_candidate,Sports/Games,Sports/Games,snowboard,Sports/Games / Sports/Games,Sports/Games,agrees_with_previous_llm,substring_requires_transfer_review
Figure Skater,56,author_substring,substring_unique_candidate,Sports/Games,Sports/Games,skater,Sports/Games / Sports/Games,Sports/Games,agrees_with_previous_llm,substring_requires_transfer_review
Explorer,56,author_exact,exact_unique,Discovery/Science,Explorer/Inventor/Developer,explorer,Discovery/Science / Explorer/Inventor/Developer,Discovery/Science,agrees_with_previous_llm,
Percussionist,55,author_exact,exact_unique,Culture,Culture-core,percussionist,Culture / Culture-core,Culture,agrees_with_previous_llm,
Set Designer,55,author_substring,substring_unique_candidate,Culture,Culture-periphery,designer,Culture / Culture-periphery,Culture,agrees_with_previous_llm,substring_requires_transfer_review
Horse trainer,54,author_exact,exact_unique,Sports/Games,Sports/Games,horse_trainer,Sports/Games / Sports/Games,,author_candidate_previous_needs_review,
Supermodel,53,no_author_rule,no_author_rule,,,,,Culture,no_unique_author_l1_candidate,no_author_rule
VJ,53,no_author_rule,no_author_rule,,,,,Culture,no_unique_author_l1_candidate,no_author_rule
Master of Ceremonies,53,no_author_rule,no_author_rule,,,,,Culture,no_unique_author_l1_candidate,no_author_rule
Interior designer,53,author_exact,exact_unique,Culture,Culture-periphery,interior_designer,Culture / Culture-periphery,Culture,agrees_with_previous_llm,
Salesman,52,author_exact,exact_unique,Leadership,Corporate/Executive/Business (large),salesman,Leadership / Corporate/Executive/Business (large),,author_candidate_previous_needs_review,
Accountant,52,author_exact,exact_unique,Other,Worker/Business (small),accountant,Other / Worker/Business (small),,author_candidate_previous_needs_review,
Book editor,50,author_substring,substring_unique_candidate,Culture,Culture-periphery,editor,Culture / Culture-periphery,Culture,agrees_with_previous_llm,substring_requires_transfer_review
Baseball Manager,50,author_substring,substring_cross_l1_conflict,,,baseball; manager,Leadership / Corporate/Executive/Business (large); Sports/Games / Sports/Games,Sports/Games,no_unique_author_l1_candidate,substring_requires_transfer_review; multiple_author_l1_candidates
Biathlete,48,author_substring,substring_unique_candidate,Sports/Games,Sports/Games,athlete,Sports/Games / Sports/Games,Sports/Games,agrees_with_previous_llm,substring_requires_transfer_review
Homemaking,48,no_author_rule,no_author_rule,,,,,,no_unique_author_l1_candidate,no_author_rule
Cross-country skier,48,author_substring,substring_unique_candidate,Sports/Games,Sports/Games,skier,Sports/Games / Sports/Games,Sports/Games,agrees_with_previous_llm,substring_requires_transfer_review
Adviser,48,no_author_rule,no_author_rule,,,,,,no_unique_author_l1_candidate,no_author_rule
Financial adviser,48,author_exact,exact_unique,Other,Worker/Business (small),financial_adviser,Other / Worker/Business (small),,author_candidate_previous_needs_review,
Speed Skater,48,author_substring,substring_unique_candidate,Sports/Games,Sports/Games,skater,Sports/Games / Sports/Games,Sports/Games,agrees_with_previous_llm,substring_requires_transfer_review
Humorist,47,author_exact,exact_unique,Culture,Culture-core,humorist,Culture / Culture-core,Culture,agrees_with_previous_llm,
Missionary,47,author_exact,exact_unique,Leadership,Religious,_missionary,Leadership / Religious,Leadership,agrees_with_previous_llm,
Professional Road Racing Cyclist,47,author_substring,substring_unique_candidate,Sports/Games,Sports/Games,cyclist; racing,Sports/Games / Sports/Games,Sports/Games,agrees_with_previous_llm,substring_requires_transfer_review
Columnist,47,author_exact,exact_unique,Culture,Culture-periphery,columnist,Culture / Culture-periphery,Culture,agrees_with_previous_llm,
Dentist,47,author_exact,exact_unique,Discovery/Science,Academia,dentist,Discovery/Science / Academia,Discovery/Science,agrees_with_previous_llm,
Psychotherapist,46,author_substring,substring_unique_candidate,Discovery/Science,Academia,therapist,Discovery/Science / Academia,Discovery/Science,agrees_with_previous_llm,substring_requires_transfer_review
Mangaka,45,author_substring,substring_unique_candidate,Culture,Culture-core,manga,Culture / Culture-core,Culture,agrees_with_previous_llm,substring_requires_transfer_review
Cellist,45,author_exact,exact_unique,Culture,Culture-core,cellist,Culture / Culture-core,Culture,agrees_with_previous_llm,
Art collector,44,author_substring,substring_unique_candidate,Culture,Culture-core,collector,Culture / Culture-core,,author_candidate_previous_needs_review,substring_requires_transfer_review
Mountaineer,44,author_exact,exact_unique,Sports/Games,Sports/Games,mountaineer,Sports/Games / Sports/Games,Sports/Games,agrees_with_previous_llm,
Mixed Martial Artist,44,author_substring,substring_cross_l1_conflict,,,martial_art; _artist,Culture / Culture-core; Sports/Games / Sports/Games,Sports/Games,no_unique_author_l1_candidate,substring_requires_transfer_review; multiple_author_l1_candidates
Spiritual leader,43,no_author_rule,no_author_rule,,,,,Leadership,no_unique_author_l1_candidate,no_author_rule
Magazine editor,43,author_substring,substring_unique_candidate,Culture,Culture-periphery,editor; magazine,Culture / Culture-periphery,Culture,agrees_with_previous_llm,substring_requires_transfer_review
Pin-up girl,43,no_author_rule,no_author_rule,,,,,Culture,no_unique_author_l1_candidate,no_author_rule
Prophet,42,author_exact,exact_unique,Leadership,Religious,prophet,Leadership / Religious,,author_candidate_previous_needs_review,
Violinist,42,author_substring,substring_unique_candidate,Culture,Culture-core,violin,Culture / Culture-core,Culture,agrees_with_previous_llm,substring_requires_transfer_review
Preacher,42,author_exact,exact_unique,Leadership,Religious,preacher,Leadership / Religious,Leadership,agrees_with_previous_llm,
Acting Coach,42,author_substring,substring_unique_candidate,Sports/Games,Sports/Games,coach,Sports/Games / Sports/Games,Culture,differs_from_previous_llm,substring_requires_transfer_review; previous_llm_l1_disagreement
Conservationist,42,author_exact,exact_cross_l1_conflict,,,conservationist,Discovery/Science / Academia; Leadership / Politics,,no_unique_author_l1_candidate,multiple_author_l1_candidates
Puppeteer,42,author_exact,exact_unique,Culture,Culture-core,puppeteer,Culture / Culture-core,Culture,agrees_with_previous_llm,
Jockey,42,author_exact,exact_unique,Sports/Games,Sports/Games,jockey,Sports/Games / Sports/Games,Sports/Games,agrees_with_previous_llm,person_main_reference_disagrees_not_used_to_override
Mechanical Engineer,41,author_substring,substring_cross_l1_conflict,,,engineer; mechanic,Discovery/Science / Explorer/Inventor/Developer; Other / Worker/Business (small),Discovery/Science,no_unique_author_l1_candidate,substring_requires_transfer_review; multiple_author_l1_candidates
Memoirist,41,author_exact,exact_unique,Culture,Culture-core,memoirist,Culture / Culture-core,Culture,agrees_with_previous_llm,
Printmaker,41,author_exact,exact_unique,Culture,Culture-core,printmaker,Culture / Culture-core,Culture,agrees_with_previous_llm,
Narrator,41,no_author_rule,no_author_rule,,,,,Culture,no_unique_author_l1_candidate,no_author_rule
Sports instructor,41,author_substring,substring_cross_l1_conflict,,,_sport; instructor,Discovery/Science / Academia; Sports/Games / Sports/Games,Sports/Games,no_unique_author_l1_candidate,substring_requires_transfer_review; multiple_author_l1_candidates
Carpentry,40,no_author_rule,no_author_rule,,,,,,no_unique_author_l1_candidate,no_author_rule
Jewelry designer,40,author_substring,substring_unique_candidate,Culture,Culture-periphery,designer,Culture / Culture-periphery,Culture,agrees_with_previous_llm,substring_requires_transfer_review
Handball Player,39,author_substring,substring_unique_candidate,Sports/Games,Sports/Games,handball; player,Sports/Games / Sports/Games,Sports/Games,agrees_with_previous_llm,substring_requires_transfer_review
Promoter,39,no_author_rule,no_author_rule,,,,,,no_unique_author_l1_candidate,no_author_rule
Warlord,39,author_exact,exact_unique,Leadership,Military,_warlord,Leadership / Military,Leadership,agrees_with_previous_llm,
Computer Engineer,38,author_substring,substring_unique_candidate,Discovery/Science,Explorer/Inventor/Developer,engineer,Discovery/Science / Explorer/Inventor/Developer,Discovery/Science,agrees_with_previous_llm,substring_requires_transfer_review
Stockbroker,38,author_exact,exact_unique,Leadership,Corporate/Executive/Business (large),stockbroker,Leadership / Corporate/Executive/Business (large),,author_candidate_previous_needs_review,
Player,38,author_exact,exact_unique,Sports/Games,Sports/Games,player,Sports/Games / Sports/Games,,author_candidate_previous_needs_review,person_main_reference_disagrees_not_used_to_override
Waiting staff,37,no_author_rule,no_author_rule,,,,,,no_unique_author_l1_candidate,no_author_rule
Astronaut,37,author_exact,exact_unique,Discovery/Science,Academia,astronaut,Discovery/Science / Academia,Discovery/Science,agrees_with_previous_llm,
Music critic,36,author_substring,substring_same_l1_multiple_l2,Culture,,_music; critic,Culture / Culture-core; Culture / Culture-periphery,Culture,agrees_with_previous_llm,substring_requires_transfer_review; multiple_author_l2_candidates
Magician,36,author_substring,substring_unique_candidate,Other,Other,magic,Other / Other,Culture,differs_from_previous_llm,substring_requires_transfer_review; previous_llm_l1_disagreement
Nobleman,36,author_substring,substring_unique_candidate,Leadership,Nobility,noble,Leadership / Nobility,Leadership,agrees_with_previous_llm,substring_requires_transfer_review
Showgirl,36,author_exact,exact_unique,Culture,Culture-core,showgirl,Culture / Culture-core,Culture,agrees_with_previous_llm,
Orchestrator,35,author_substring,substring_unique_candidate,Culture,Culture-core,orchestra,Culture / Culture-core,Culture,agrees_with_previous_llm,substring_requires_transfer_review
Referee,35,author_exact,exact_unique,Sports/Games,Sports/Games,referee,Sports/Games / Sports/Games,,author_candidate_previous_needs_review,
Peace activist,35,author_substring,substring_unique_candidate,Leadership,Politics,activist,Leadership / Politics,,author_candidate_previous_out_of_scope,substring_requires_transfer_review
Musicologist,35,author_exact,exact_unique,Discovery/Science,Academia,musicologist,Discovery/Science / Academia,Discovery/Science,agrees_with_previous_llm,exact_lookup_differs_from_full_author_first_match
Industrialist,35,author_exact,exact_unique,Leadership,Corporate/Executive/Business (large),industrialist,Leadership / Corporate/Executive/Business (large),Leadership,agrees_with_previous_llm,
Equestrian,35,author_exact,exact_unique,Sports/Games,Sports/Games,equestrian,Sports/Games / Sports/Games,Sports/Games,agrees_with_previous_llm,
Rower,35,author_exact,exact_unique,Sports/Games,Sports/Games,_rower,Sports/Games / Sports/Games,Sports/Games,agrees_with_previous_llm,
Astrologer,34,author_exact,exact_unique,Other,Other,astrologer,Other / Other,,author_candidate_previous_needs_review,
Session musician,34,author_substring,substring_unique_candidate,Culture,Culture-core,_music; musician,Culture / Culture-core,Culture,agrees_with_previous_llm,substring_requires_transfer_review
Mafioso,34,author_exact,exact_unique,Other,Other,mafioso,Other / Other,,formal_author_other_previously_out_of_scope,
Aerospace Engineer,34,author_substring,substring_same_l1_multiple_l2,Discovery/Science,,aerospace; engineer,Discovery/Science / Academia; Discovery/Science / Explorer/Inventor/Developer,Discovery/Science,agrees_with_previous_llm,substring_requires_transfer_review; multiple_author_l2_candidates
Field Hockey player,34,author_substring,substring_unique_candidate,Sports/Games,Sports/Games,hockey; player,Sports/Games / Sports/Games,Sports/Games,agrees_with_previous_llm,substring_requires_transfer_review
Jazz Drummer,34,author_substring,substring_unique_candidate,Culture,Culture-core,drummer; jazz,Culture / Culture-core,Culture,agrees_with_previous_llm,substring_requires_transfer_review
Real estate entrepreneur,34,author_substring,substring_unique_candidate,Leadership,Corporate/Executive/Business (large),entrepreneur; real_estate,Leadership / Corporate/Executive/Business (large),Leadership,agrees_with_previous_llm,substring_requires_transfer_review
Surfer,34,author_exact,exact_unique,Sports/Games,Sports/Games,surfer,Sports/Games / Sports/Games,Sports/Games,agrees_with_previous_llm,
Comics artist,33,author_exact,exact_unique,Culture,Culture-periphery,comics_artist,Culture / Culture-periphery,Culture,agrees_with_previous_llm,exact_lookup_differs_from_full_author_first_match
Freestyle skier,33,author_substring,substring_unique_candidate,Sports/Games,Sports/Games,freestyle; skier,Sports/Games / Sports/Games,Sports/Games,agrees_with_previous_llm,substring_requires_transfer_review
Art dealer,32,author_exact,exact_unique,Culture,Culture-periphery,art_dealer,Culture / Culture-periphery,,author_candidate_previous_needs_review,
Jazz Musician,32,author_substring,substring_unique_candidate,Culture,Culture-core,_music; jazz; musician,Culture / Culture-core,Culture,agrees_with_previous_llm,substring_requires_transfer_review
Game Show Host,32,author_substring,substring_cross_l1_conflict,,,_game; game_show; _host_; _show_,Culture / Culture-core; Sports/Games / Sports/Games,Culture,no_unique_author_l1_candidate,substring_requires_transfer_review; multiple_author_l1_candidates
Radio producer,32,author_substring,substring_same_l1_multiple_l2,Culture,,producer; _radio_,Culture / Culture-core; Culture / Culture-periphery,Culture,agrees_with_previous_llm,substring_requires_transfer_review; multiple_author_l2_candidates
Real estate development,32,author_substring,substring_unique_candidate,Leadership,Corporate/Executive/Business (large),real_estate,Leadership / Corporate/Executive/Business (large),,author_candidate_previous_out_of_scope,substring_requires_transfer_review
Daimyo,32,author_exact,exact_unique,Leadership,Nobility,daimyo,Leadership / Nobility,Leadership,agrees_with_previous_llm,
Territorial lord,32,author_substring,substring_unique_candidate,Leadership,Nobility,_lord,Leadership / Nobility,Leadership,agrees_with_previous_llm,substring_requires_transfer_review
Impresario,31,author_exact,exact_unique,Culture,Culture-core,impresario,Culture / Culture-core,Culture,agrees_with_previous_llm,
Insurance broker,31,author_substring,substring_unique_candidate,Other,Worker/Business (small),_insurance; broker,Other / Worker/Business (small),,author_candidate_previous_needs_review,substring_requires_transfer_review
Insurer,31,no_author_rule,no_author_rule,,,,,,no_unique_author_l1_candidate,no_author_rule
Character Actor,30,author_substring,substring_unique_candidate,Culture,Culture-core,_actor,Culture / Culture-core,Culture,agrees_with_previous_llm,substring_requires_transfer_review
Photojournalist,30,author_exact,exact_unique,Culture,Culture-core,photojournalist,Culture / Culture-core,Culture,agrees_with_previous_llm,
Television Show Host,30,author_substring,substring_same_l1_multiple_l2,Culture,,_host_; _show_; television,Culture / Culture-core; Culture / Culture-periphery,Culture,agrees_with_previous_llm,substring_requires_transfer_review; multiple_author_l2_candidates
Satirist,29,author_exact,exact_unique,Culture,Culture-core,satirist,Culture / Culture-core,Culture,agrees_with_previous_llm,
Miner,29,author_exact,exact_unique,Other,Worker/Business (small),_miner_,Other / Worker/Business (small),,formal_author_other_previously_out_of_scope,
Sound Editor,29,author_substring,substring_unique_candidate,Culture,Culture-periphery,editor,Culture / Culture-periphery,Culture,agrees_with_previous_llm,substring_requires_transfer_review
Documentary Filmmaker,29,author_substring,substring_unique_candidate,Culture,Culture-core,filmmaker,Culture / Culture-core,Culture,agrees_with_previous_llm,substring_requires_transfer_review
Game designer,29,author_substring,substring_cross_l1_conflict,,,_game; designer,Culture / Culture-periphery; Sports/Games / Sports/Games,,no_unique_author_l1_candidate,substring_requires_transfer_review; multiple_author_l1_candidates
Opera Director (Profession),29,author_substring,substring_unique_candidate,Culture,Culture-core,_opera_,Culture / Culture-core,Culture,agrees_with_previous_llm,substring_requires_transfer_review
Comic book creator,29,author_substring,substring_unique_candidate,Culture,Culture-core,_comic_; _creator_; comic_book,Culture / Culture-core,Culture,agrees_with_previous_llm,substring_requires_transfer_review
Rescue,29,no_author_rule,no_author_rule,,,,,,no_unique_author_l1_candidate,no_author_rule
Rescuer,29,author_exact,exact_unique,Other,Other,rescuer,Other / Other,,formal_author_other_previously_out_of_scope,
Solicitor,28,author_exact,exact_unique,Leadership,Administration/Law,solicitor,Leadership / Administration/Law,Leadership,agrees_with_previous_llm,
Samurai,28,author_exact,exact_unique,Leadership,Military,samurai,Leadership / Military,Leadership,agrees_with_previous_llm,
Naturalist,28,author_exact,exact_unique,Discovery/Science,Academia,naturalist,Discovery/Science / Academia,Discovery/Science,agrees_with_previous_llm,
Cabaret Artist,28,author_substring,substring_unique_candidate,Culture,Culture-core,_artist,Culture / Culture-core,Culture,agrees_with_previous_llm,substring_requires_transfer_review
Biochemist,28,author_exact,exact_unique,Discovery/Science,Academia,biochemist,Discovery/Science / Academia,Discovery/Science,agrees_with_previous_llm,
Luger,28,author_exact,exact_unique,Sports/Games,Sports/Games,luger,Sports/Games / Sports/Games,Sports/Games,agrees_with_previous_llm,
Personal trainer,28,author_substring,substring_unique_candidate,Sports/Games,Sports/Games,trainer,Sports/Games / Sports/Games,,author_candidate_previous_needs_review,substring_requires_transfer_review
Fighter pilot,28,author_exact,exact_unique,Leadership,Military,fighter_pilot,Leadership / Military,Leadership,agrees_with_previous_llm,exact_lookup_differs_from_full_author_first_match
Investment Banker,28,author_substring,substring_unique_candidate,Leadership,Corporate/Executive/Business (large),bank; investment,Leadership / Corporate/Executive/Business (large),,author_candidate_previous_needs_review,substring_requires_transfer_review
Attorney at law,27,author_substring,substring_unique_candidate,Leadership,Administration/Law,_law_; attorney,Leadership / Administration/Law,Leadership,agrees_with_previous_llm,substring_requires_transfer_review
Editing,27,no_author_rule,no_author_rule,,,,,,no_unique_author_l1_candidate,no_author_rule
Televangelist,27,author_substring,substring_unique_candidate,Leadership,Religious,evangelist,Leadership / Religious,Leadership,agrees_with_previous_llm,substring_requires_transfer_review
Clerk,27,author_exact,exact_unique,Other,Worker/Business (small),_clerk,Other / Worker/Business (small),,formal_author_other_previously_out_of_scope,
Acting Teacher,27,author_substring,substring_unique_candidate,Discovery/Science,Academia,teacher_,Discovery/Science / Academia,,author_candidate_previous_needs_review,substring_requires_transfer_review
Music Teacher,27,author_substring,substring_cross_l1_conflict,,,_music; teacher_,Culture / Culture-core; Discovery/Science / Academia,,no_unique_author_l1_candidate,substring_requires_transfer_review; multiple_author_l1_candidates
Naval Officer,27,author_substring,substring_unique_candidate,Leadership,Military,naval_; officer_,Leadership / Military,Leadership,agrees_with_previous_llm,substring_requires_transfer_review
Orator,26,author_exact,exact_unique,Other,Other,_orator,Other / Other,,author_candidate_previous_needs_review,
Trombonist,26,author_exact,exact_unique,Culture,Culture-core,trombonist,Culture / Culture-core,Culture,agrees_with_previous_llm,
Clarinetist,26,author_exact,exact_unique,Culture,Culture-core,clarinetist,Culture / Culture-core,Culture,agrees_with_previous_llm,
Flautist,26,author_exact,exact_unique,Culture,Culture-core,flautist,Culture / Culture-core,Culture,agrees_with_previous_llm,
Legislator,25,author_exact,exact_unique,Leadership,Politics,legislator,Leadership / Politics,Leadership,agrees_with_previous_llm,
Stunt coordinator,25,author_substring,substring_unique_candidate,Culture,Culture-core,_stunt_,Culture / Culture-core,Culture,agrees_with_previous_llm,substring_requires_transfer_review
Copywriter,25,author_exact,exact_unique,Culture,Culture-periphery,copywriter,Culture / Culture-periphery,Culture,agrees_with_previous_llm,
Media Personality,24,author_substring,substring_unique_candidate,Culture,Culture-periphery,_media,Culture / Culture-periphery,Culture,agrees_with_previous_llm,substring_requires_transfer_review
Media proprietor,24,author_substring,substring_unique_candidate,Culture,Culture-periphery,_media,Culture / Culture-periphery,,author_candidate_previous_needs_review,substring_requires_transfer_review
Nun,24,author_exact,exact_unique,Leadership,Religious,_nun_,Leadership / Religious,Leadership,agrees_with_previous_llm,
Zoologist,23,author_exact,exact_unique,Discovery/Science,Academia,zoologist,Discovery/Science / Academia,Discovery/Science,agrees_with_previous_llm,
Philologist,23,author_exact,exact_unique,Discovery/Science,Academia,philologist,Discovery/Science / Academia,Discovery/Science,agrees_with_previous_llm,
Music pedagogue,23,author_substring,substring_cross_l1_conflict,,,_music; pedagogue,Culture / Culture-core; Discovery/Science / Academia,,no_unique_author_l1_candidate,substring_requires_transfer_review; multiple_author_l1_candidates
Software Engineer,23,author_substring,substring_unique_candidate,Discovery/Science,Explorer/Inventor/Developer,engineer,Discovery/Science / Explorer/Inventor/Developer,Discovery/Science,agrees_with_previous_llm,substring_requires_transfer_review
Clown,23,author_exact,exact_unique,Culture,Culture-core,_clown_,Culture / Culture-core,Culture,agrees_with_previous_llm,
Geographer,23,author_exact,exact_unique,Discovery/Science,Academia,geographer,Discovery/Science / Academia,Discovery/Science,agrees_with_previous_llm,
Mechanic,23,author_exact,exact_unique,Other,Worker/Business (small),mechanic,Other / Worker/Business (small),,formal_author_other_previously_out_of_scope,
Graphic Artist,23,author_substring,substring_unique_candidate,Culture,Culture-core,_artist,Culture / Culture-core,Culture,agrees_with_previous_llm,substring_requires_transfer_review
Pharmacist,23,author_exact,exact_unique,Discovery/Science,Academia,pharmacist,Discovery/Science / Academia,Discovery/Science,agrees_with_previous_llm,
Cleric,22,author_exact,exact_unique,Leadership,Religious,_cleric_,Leadership / Religious,Leadership,agrees_with_previous_llm,
Gangster,22,author_exact,exact_unique,Other,Other,gangster,Other / Other,,formal_author_other_previously_out_of_scope,
Torero,22,author_exact,exact_unique,Sports/Games,Sports/Games,torero,Sports/Games / Sports/Games,Sports/Games,agrees_with_previous_llm,
Geneticist,22,author_exact,exact_unique,Discovery/Science,Academia,geneticist,Discovery/Science / Academia,Discovery/Science,agrees_with_previous_llm,
Motivational speaker,22,author_exact,exact_unique,Other,Other,motivational_speaker,Other / Other,,author_candidate_previous_needs_review,
Firefighter,22,author_substring,substring_cross_l1_conflict,,,fighter,Leadership / Military; Sports/Games / Sports/Games,,no_unique_author_l1_candidate,substring_requires_transfer_review; multiple_author_l1_candidates
Advocate,21,author_exact,exact_unique,Leadership,Administration/Law,advocate,Leadership / Administration/Law,Leadership,agrees_with_previous_llm,
Condottiere,21,no_author_rule,no_author_rule,,,,,Leadership,no_unique_author_l1_candidate,no_author_rule
Civil rights activist,21,author_substring,substring_unique_candidate,Leadership,Politics,activist; civil_rights,Leadership / Politics,,author_candidate_previous_needs_review,substring_requires_transfer_review
Dramaturge,21,author_substring,substring_unique_candidate,Culture,Culture-core,_drama,Culture / Culture-core,Culture,agrees_with_previous_llm,substring_requires_transfer_review
Stripper,21,author_exact,exact_unique,Other,Other,stripper,Other / Other,Culture,differs_from_previous_llm,previous_llm_l1_disagreement
Electrician,21,author_exact,exact_unique,Other,Worker/Business (small),electrician,Other / Worker/Business (small),,formal_author_other_previously_out_of_scope,
Human rights activist,20,author_substring,substring_unique_candidate,Leadership,Politics,activist,Leadership / Politics,,author_candidate_previous_out_of_scope,substring_requires_transfer_review
Surveyor,20,author_exact,exact_unique,Other,Worker/Business (small),surveyor,Other / Worker/Business (small),,author_candidate_previous_needs_review,
Factory worker,20,author_substring,substring_unique_candidate,Other,Worker/Business (small),worker,Other / Worker/Business (small),,formal_author_other_previously_out_of_scope,substring_requires_transfer_review
Fiddler,20,author_exact,exact_unique,Culture,Culture-core,fiddler,Culture / Culture-core,Culture,agrees_with_previous_llm,
Professional golfer,20,author_substring,substring_unique_candidate,Sports/Games,Sports/Games,golf,Sports/Games / Sports/Games,Sports/Games,agrees_with_previous_llm,substring_requires_transfer_review
Humanitarian,20,author_exact,exact_unique,Leadership,Politics,humanitarian,Leadership / Politics,,author_candidate_previous_needs_review,
Bodybuilder,20,author_exact,exact_unique,Sports/Games,Sports/Games,bodybuilder,Sports/Games / Sports/Games,Sports/Games,agrees_with_previous_llm,
Professional Poker Player,20,author_substring,substring_unique_candidate,Sports/Games,Sports/Games,player; poker_player,Sports/Games / Sports/Games,Sports/Games,agrees_with_previous_llm,substring_requires_transfer_review
Tribal chief,20,author_exact,exact_unique,Leadership,Nobility,tribal_chief,Leadership / Nobility,Leadership,agrees_with_previous_llm,
Literary agent,19,author_exact,exact_unique,Culture,Culture-core,literary_agent,Culture / Culture-core,Culture,agrees_with_previous_llm,
Industrial designer,19,author_substring,substring_cross_l1_conflict,,,designer; industrial,Culture / Culture-periphery; Leadership / Corporate/Executive/Business (large),Culture,no_unique_author_l1_candidate,substring_requires_transfer_review; multiple_author_l1_candidates
Law professor,19,author_substring,substring_cross_l1_conflict,,,professor; _law_,Discovery/Science / Academia; Leadership / Administration/Law,Discovery/Science,no_unique_author_l1_candidate,substring_requires_transfer_review; multiple_author_l1_candidates
Evangelist,19,author_exact,exact_unique,Leadership,Religious,evangelist,Leadership / Religious,Leadership,agrees_with_previous_llm,
Crime writer,19,author_substring,substring_cross_l1_conflict,,,_writer; crime,Culture / Culture-core; Other / Other,Culture,no_unique_author_l1_candidate,substring_requires_transfer_review; multiple_author_l1_candidates
Stagehand,19,no_author_rule,no_author_rule,,,,,,no_unique_author_l1_candidate,no_author_rule
Ice dancer,19,author_substring,substring_unique_candidate,Culture,Culture-core,dancer,Culture / Culture-core,Sports/Games,differs_from_previous_llm,substring_requires_transfer_review; previous_llm_l1_disagreement
Triathlete,19,author_substring,substring_unique_candidate,Sports/Games,Sports/Games,athlete,Sports/Games / Sports/Games,Sports/Games,agrees_with_previous_llm,substring_requires_transfer_review
Exotic dancer,19,author_exact,exact_unique,Culture,Culture-core,exotic_dancer,Culture / Culture-core,Culture,agrees_with_previous_llm,
Property caretaker,19,no_author_rule,no_author_rule,,,,,,no_unique_author_l1_candidate,no_author_rule
Visual Effects Artist,18,author_substring,substring_unique_candidate,Culture,Culture-core,_artist; visual_effects,Culture / Culture-core,Culture,agrees_with_previous_llm,substring_requires_transfer_review
Newspaper editor,18,author_substring,substring_unique_candidate,Culture,Culture-periphery,editor,Culture / Culture-periphery,Culture,agrees_with_previous_llm,substring_requires_transfer_review
Cryptographer,18,author_exact,exact_unique,Other,Worker/Business (small),cryptographer,Other / Worker/Business (small),,author_candidate_previous_needs_review,
Bobsleigher,18,author_substring,substring_unique_candidate,Sports/Games,Sports/Games,bobsleigh,Sports/Games / Sports/Games,Sports/Games,agrees_with_previous_llm,substring_requires_transfer_review
Martial Arts Instructor,18,author_substring,substring_cross_l1_conflict,,,martial_art; _arts_; instructor,Culture / Culture-core; Discovery/Science / Academia; Sports/Games / Sports/Games,Sports/Games,no_unique_author_l1_candidate,substring_requires_transfer_review; multiple_author_l1_candidates
Aircrew,18,no_author_rule,no_author_rule,,,,,,no_unique_author_l1_candidate,no_author_rule
Flight attendant,18,author_exact,exact_unique,Other,Worker/Business (small),flight_attendant,Other / Worker/Business (small),,formal_author_other_previously_out_of_scope,
Manufacturer,18,author_exact,exact_unique,Leadership,Corporate/Executive/Business (large),manufacturer,Leadership / Corporate/Executive/Business (large),,author_candidate_previous_needs_review,
Impressionist,18,author_exact,exact_unique,Culture,Culture-core,impressionist,Culture / Culture-core,Culture,agrees_with_previous_llm,
Hair Stylist,18,author_exact,exact_unique,Other,Worker/Business (small),hair_stylist,Other / Worker/Business (small),,author_candidate_previous_needs_review,exact_lookup_differs_from_full_author_first_match
Oboist,18,author_exact,exact_unique,Culture,Culture-core,oboist,Culture / Culture-core,Culture,agrees_with_previous_llm,
Veterinary physician,17,author_substring,substring_unique_candidate,Discovery/Science,Academia,physician,Discovery/Science / Academia,Discovery/Science,agrees_with_previous_llm,substring_requires_transfer_review
Theatre Manager,17,author_substring,substring_cross_l1_conflict,,,theatre; manager,Culture / Culture-core; Leadership / Corporate/Executive/Business (large),,no_unique_author_l1_candidate,substring_requires_transfer_review; multiple_author_l1_candidates
Urban planner,17,author_exact,exact_unique,Culture,Culture-periphery,urban_planner,Culture / Culture-periphery,Culture,agrees_with_previous_llm,
Web analytics,17,no_author_rule,no_author_rule,,,,,,no_unique_author_l1_candidate,no_author_rule
Seamstress,17,author_exact,exact_unique,Other,Worker/Business (small),_seamstress,Other / Worker/Business (small),,formal_author_other_previously_out_of_scope,
Vocal coach,16,author_substring,substring_unique_candidate,Sports/Games,Sports/Games,coach,Sports/Games / Sports/Games,Culture,differs_from_previous_llm,substring_requires_transfer_review; previous_llm_l1_disagreement
Voice teacher,16,author_substring,substring_unique_candidate,Discovery/Science,Academia,teacher_,Discovery/Science / Academia,,author_candidate_previous_needs_review,substring_requires_transfer_review
Ski jumper,16,author_substring,substring_unique_candidate,Sports/Games,Sports/Games,_ski_; jumper,Sports/Games / Sports/Games,Sports/Games,agrees_with_previous_llm,substring_requires_transfer_review
Fitness professional,16,author_substring,substring_unique_candidate,Sports/Games,Sports/Games,fitness,Sports/Games / Sports/Games,Sports/Games,agrees_with_previous_llm,substring_requires_transfer_review
Internet marketing,16,author_substring,substring_unique_candidate,Other,Worker/Business (small),marketing,Other / Worker/Business (small),,author_candidate_previous_needs_review,substring_requires_transfer_review
SEM Professional,16,no_author_rule,no_author_rule,,,,,,no_unique_author_l1_candidate,no_author_rule
SEO Professional,16,no_author_rule,no_author_rule,,,,,,no_unique_author_l1_candidate,no_author_rule
Truck driver,16,author_substring,substring_unique_candidate,Sports/Games,Sports/Games,_driver_,Sports/Games / Sports/Games,,author_candidate_previous_out_of_scope,substring_requires_transfer_review
Short Track Speed Skater,16,author_substring,substring_unique_candidate,Sports/Games,Sports/Games,skater,Sports/Games / Sports/Games,Sports/Games,agrees_with_previous_llm,substring_requires_transfer_review
Academician,16,author_substring,substring_unique_candidate,Discovery/Science,Academia,academic,Discovery/Science / Academia,Discovery/Science,agrees_with_previous_llm,substring_requires_transfer_review
Art Model,16,author_substring,substring_unique_candidate,Culture,Culture-periphery,_model_,Culture / Culture-periphery,Culture,agrees_with_previous_llm,substring_requires_transfer_review
Cultural critic,16,author_substring,substring_unique_candidate,Culture,Culture-periphery,critic,Culture / Culture-periphery,Culture,agrees_with_previous_llm,substring_requires_transfer_review
Pediatrician,16,author_exact,exact_unique,Discovery/Science,Academia,pediatrician,Discovery/Science / Academia,Discovery/Science,agrees_with_previous_llm,
Holy Roman Emperor,16,author_substring,substring_unique_candidate,Leadership,Nobility,emperor,Leadership / Nobility,Leadership,agrees_with_previous_llm,substring_requires_transfer_review
Advertising Executive,16,author_substring,substring_cross_l1_conflict,,,advertising; executive,Culture / Culture-periphery; Leadership / Corporate/Executive/Business (large),,no_unique_author_l1_candidate,substring_requires_transfer_review; multiple_author_l1_candidates
Neuroscientist,15,author_exact,exact_unique,Discovery/Science,Academia,neuroscientist,Discovery/Science / Academia,Discovery/Science,agrees_with_previous_llm,
Harpist,15,author_exact,exact_unique,Culture,Culture-core,harpist,Culture / Culture-core,Culture,agrees_with_previous_llm,
Voice acting in Japan,15,no_author_rule,no_author_rule,,,,,,no_unique_author_l1_candidate,no_author_rule
Folklorist,15,author_exact,exact_unique,Culture,Culture-core,folklorist,Culture / Culture-core,,author_candidate_previous_needs_review,
Tailor,15,author_exact,exact_unique,Other,Worker/Business (small),tailor,Other / Worker/Business (small),,formal_author_other_previously_out_of_scope,
Lobbyist,15,author_exact,exact_unique,Leadership,Corporate/Executive/Business (large),lobbyist,Leadership / Corporate/Executive/Business (large),Leadership,agrees_with_previous_llm,
Cab Driver,15,author_substring,substring_unique_candidate,Sports/Games,Sports/Games,_driver_,Sports/Games / Sports/Games,,author_candidate_previous_out_of_scope,substring_requires_transfer_review
Speechwriter,15,author_exact,exact_unique,Culture,Culture-core,speechwriter,Culture / Culture-core,,author_candidate_previous_needs_review,
Radio Broadcaster,15,author_substring,substring_unique_candidate,Culture,Culture-periphery,_radio_; broadcast,Culture / Culture-periphery,Culture,agrees_with_previous_llm,substring_requires_transfer_review
Mime artist,15,author_substring,substring_unique_candidate,Culture,Culture-core,_artist; _mime,Culture / Culture-core,Culture,agrees_with_previous_llm,substring_requires_transfer_review
Public Servant,14,author_exact,exact_unique,Leadership,Administration/Law,public_servant,Leadership / Administration/Law,Leadership,agrees_with_previous_llm,
Imam,14,author_exact,exact_unique,Leadership,Religious,imam,Leadership / Religious,Leadership,agrees_with_previous_llm,
Ethnographer,14,author_substring,substring_unique_candidate,Discovery/Science,Academia,ethnograph,Discovery/Science / Academia,Discovery/Science,agrees_with_previous_llm,substring_requires_transfer_review
Gravure idol,14,author_substring,substring_unique_candidate,Culture,Culture-core,_idol_; gravure,Culture / Culture-core,Culture,agrees_with_previous_llm,substring_requires_transfer_review
Winemaker,14,author_exact,exact_unique,Leadership,Corporate/Executive/Business (large),winemaker,Leadership / Corporate/Executive/Business (large),,author_candidate_previous_out_of_scope,
Logician,14,author_exact,exact_unique,Discovery/Science,Academia,logician,Discovery/Science / Academia,Discovery/Science,agrees_with_previous_llm,
Laborer,14,author_exact,exact_unique,Other,Worker/Business (small),laborer,Other / Worker/Business (small),,formal_author_other_previously_out_of_scope,
Stage Manager,14,author_exact,exact_unique,Culture,Culture-core,stage_manager,Culture / Culture-core,,author_candidate_previous_needs_review,
Dressmaker,14,author_exact,exact_unique,Other,Worker/Business (small),dressmaker,Other / Worker/Business (small),,formal_author_other_previously_out_of_scope,
Student,14,no_author_rule,no_author_rule,,,,,,no_unique_author_l1_candidate,no_author_rule
Chemical engineer,14,author_substring,substring_unique_candidate,Discovery/Science,Explorer/Inventor/Developer,engineer,Discovery/Science / Explorer/Inventor/Developer,Discovery/Science,agrees_with_previous_llm,substring_requires_transfer_review
Electronic musician,14,author_substring,substring_unique_candidate,Culture,Culture-core,_music; musician,Culture / Culture-core,Culture,agrees_with_previous_llm,substring_requires_transfer_review
Printer,14,author_exact,exact_unique,Other,Worker/Business (small),_printer,Other / Worker/Business (small),,formal_author_other_previously_out_of_scope,
Registered nurse,14,author_substring,substring_unique_candidate,Discovery/Science,Academia,nurse,Discovery/Science / Academia,Discovery/Science,agrees_with_previous_llm,substring_requires_transfer_review
Bishop,14,author_exact,exact_unique,Leadership,Religious,bishop,Leadership / Religious,Leadership,agrees_with_previous_llm,
Film Historian,14,author_substring,substring_cross_l1_conflict,,,_film_; historian,Culture / Culture-core; Discovery/Science / Academia,Discovery/Science,no_unique_author_l1_candidate,substring_requires_transfer_review; multiple_author_l1_candidates
Democracy activist,13,author_substring,substring_unique_candidate,Leadership,Politics,activist,Leadership / Politics,Leadership,agrees_with_previous_llm,substring_requires_transfer_review
Scenographer,13,author_exact,exact_unique,Culture,Culture-core,scenographer,Culture / Culture-core,Culture,agrees_with_previous_llm,
TV chef,13,author_substring,substring_unique_candidate,Other,Worker/Business (small),_chef_,Other / Worker/Business (small),Culture,differs_from_previous_llm,substring_requires_transfer_review; previous_llm_l1_disagreement
Storyboard Artist,13,author_substring,substring_unique_candidate,Culture,Culture-core,_artist,Culture / Culture-core,Culture,agrees_with_previous_llm,substring_requires_transfer_review
Curler,13,author_exact,exact_unique,Sports/Games,Sports/Games,curler,Sports/Games / Sports/Games,Sports/Games,agrees_with_previous_llm,
Sports agent,13,author_substring,substring_unique_candidate,Sports/Games,Sports/Games,_sport,Sports/Games / Sports/Games,Sports/Games,agrees_with_previous_llm,substring_requires_transfer_review
Landlord,13,no_author_rule,no_author_rule,,,,,,no_unique_author_l1_candidate,no_author_rule
Antiquarian,13,author_exact,exact_unique,Other,Worker/Business (small),antiquarian,Other / Worker/Business (small),,author_candidate_previous_needs_review,
Circus Performer,13,author_substring,substring_unique_candidate,Culture,Culture-core,circus; performer,Culture / Culture-core,Culture,agrees_with_previous_llm,substring_requires_transfer_review
Roman emperor,13,author_substring,substring_unique_candidate,Leadership,Nobility,emperor,Leadership / Nobility,Leadership,agrees_with_previous_llm,substring_requires_transfer_review
Opera composer,13,author_substring,substring_unique_candidate,Culture,Culture-core,_opera_; composer,Culture / Culture-core,Culture,agrees_with_previous_llm,substring_requires_transfer_review
Spy,13,author_exact,exact_unique,Leadership,Military,_spy_,Leadership / Military,,author_candidate_previous_needs_review,
Monk,13,author_exact,exact_unique,Leadership,Religious,monk,Leadership / Religious,Leadership,agrees_with_previous_llm,
Recording Engineer (Film job),13,author_substring,substring_unique_candidate,Discovery/Science,Explorer/Inventor/Developer,engineer,Discovery/Science / Explorer/Inventor/Developer,Culture,differs_from_previous_llm,substring_requires_transfer_review; previous_llm_l1_disagreement
Trade unionist,13,author_substring,substring_unique_candidate,Leadership,Politics,trade_union; unionist,Leadership / Politics,Leadership,agrees_with_previous_llm,substring_requires_transfer_review
Food critic,13,author_substring,substring_unique_candidate,Culture,Culture-periphery,critic,Culture / Culture-periphery,Culture,agrees_with_previous_llm,substring_requires_transfer_review
Special Effects Artist,13,author_substring,substring_unique_candidate,Culture,Culture-core,_artist; special_effects,Culture / Culture-core,Culture,agrees_with_previous_llm,substring_requires_transfer_review
Bookkeeper,12,author_exact,exact_unique,Other,Worker/Business (small),bookkeeper,Other / Worker/Business (small),,formal_author_other_previously_out_of_scope,
Chaplain,12,author_exact,exact_unique,Leadership,Religious,chaplain,Leadership / Religious,Leadership,agrees_with_previous_llm,
Pathologist,12,author_exact,exact_unique,Discovery/Science,Academia,pathologist,Discovery/Science / Academia,Discovery/Science,agrees_with_previous_llm,
Videographer,12,author_exact,exact_unique,Culture,Culture-periphery,videographer,Culture / Culture-periphery,Culture,agrees_with_previous_llm,
Nordic combined skier,12,author_substring,substring_unique_candidate,Sports/Games,Sports/Games,skier,Sports/Games / Sports/Games,Sports/Games,agrees_with_previous_llm,substring_requires_transfer_review
Dance Teacher,12,author_substring,substring_cross_l1_conflict,,,_dance_; teacher_,Culture / Culture-core; Discovery/Science / Academia,,no_unique_author_l1_candidate,substring_requires_transfer_review; multiple_author_l1_candidates
Astrophysicist,12,author_exact,exact_unique,Discovery/Science,Academia,astrophysicist,Discovery/Science / Academia,Discovery/Science,agrees_with_previous_llm,
Rail transport worker,12,author_substring,substring_unique_candidate,Other,Worker/Business (small),worker,Other / Worker/Business (small),,formal_author_other_previously_out_of_scope,substring_requires_transfer_review
Construction worker,12,author_substring,substring_cross_l1_conflict,,,_construction; worker,Leadership / Corporate/Executive/Business (large); Other / Worker/Business (small),,no_unique_author_l1_candidate,substring_requires_transfer_review; multiple_author_l1_candidates
Guide,12,author_exact,exact_unique,Other,Worker/Business (small),_guide_,Other / Worker/Business (small),,formal_author_other_previously_out_of_scope,person_main_reference_disagrees_not_used_to_override
Prosecutor,12,author_exact,exact_unique,Leadership,Administration/Law,prosecutor_,Leadership / Administration/Law,Leadership,agrees_with_previous_llm,
Cleaner,12,author_exact,exact_unique,Other,Worker/Business (small),_cleaner,Other / Worker/Business (small),,formal_author_other_previously_out_of_scope,
Analyst,12,author_exact,exact_unique,Other,Worker/Business (small),analyst,Other / Worker/Business (small),,author_candidate_previous_needs_review,
Baseball Umpire,12,author_substring,substring_unique_candidate,Sports/Games,Sports/Games,baseball; umpire,Sports/Games / Sports/Games,Sports/Games,agrees_with_previous_llm,substring_requires_transfer_review
Bartender,12,author_exact,exact_unique,Other,Worker/Business (small),_bartender,Other / Worker/Business (small),,formal_author_other_previously_out_of_scope,
Remixer,11,no_author_rule,no_author_rule,,,,,Culture,no_unique_author_l1_candidate,no_author_rule
Penciller,11,author_exact,exact_unique,Culture,Culture-core,penciller,Culture / Culture-core,Culture,agrees_with_previous_llm,
Engraver,11,author_exact,exact_unique,Culture,Culture-periphery,engraver,Culture / Culture-periphery,,author_candidate_previous_needs_review,
Contemporary artist,11,author_substring,substring_unique_candidate,Culture,Culture-core,_artist,Culture / Culture-core,Culture,agrees_with_previous_llm,substring_requires_transfer_review
Archivist,11,author_exact,exact_unique,Discovery/Science,Academia,_archivist,Discovery/Science / Academia,Discovery/Science,agrees_with_previous_llm,
Hotel Manager,11,author_substring,substring_unique_candidate,Leadership,Corporate/Executive/Business (large),manager,Leadership / Corporate/Executive/Business (large),Leadership,agrees_with_previous_llm,substring_requires_transfer_review
Artistic Director,11,author_substring,substring_unique_candidate,Culture,Culture-core,_artist,Culture / Culture-core,Culture,agrees_with_previous_llm,substring_requires_transfer_review
Bank cashier,11,author_substring,substring_cross_l1_conflict,,,bank; _cashier,Leadership / Corporate/Executive/Business (large); Other / Worker/Business (small),,no_unique_author_l1_candidate,substring_requires_transfer_review; multiple_author_l1_candidates
Impersonator,11,author_exact,exact_unique,Other,Other,impersonator,Other / Other,Culture,differs_from_previous_llm,previous_llm_l1_disagreement
Gardener,11,author_exact,exact_unique,Other,Worker/Business (small),_gardener; gardener,Other / Worker/Business (small),,formal_author_other_previously_out_of_scope,
Music director,11,author_substring,substring_unique_candidate,Culture,Culture-core,_music,Culture / Culture-core,Culture,agrees_with_previous_llm,substring_requires_transfer_review
Luthier,11,author_exact,exact_unique,Other,Worker/Business (small),_luthier,Other / Worker/Business (small),,author_candidate_previous_needs_review,
Harpsichordist,11,author_exact,exact_unique,Culture,Culture-core,harpsichordist,Culture / Culture-core,Culture,agrees_with_previous_llm,
Coal Miner,11,author_exact,exact_unique,Other,Worker/Business (small),coal_miner,Other / Worker/Business (small),,formal_author_other_previously_out_of_scope,
Digital Marketer,11,no_author_rule,no_author_rule,,,,,,no_unique_author_l1_candidate,no_author_rule
TV Program Creator,11,author_substring,substring_unique_candidate,Culture,Culture-core,_creator_,Culture / Culture-core,Culture,agrees_with_previous_llm,substring_requires_transfer_review
Dance Instructor,11,author_substring,substring_cross_l1_conflict,,,_dance_; instructor,Culture / Culture-core; Discovery/Science / Academia,,no_unique_author_l1_candidate,substring_requires_transfer_review; multiple_author_l1_candidates
Diver,11,author_exact,exact_unique,Sports/Games,Sports/Games,_diver_,Sports/Games / Sports/Games,,author_candidate_previous_needs_review,
Skateboarder,11,author_substring,substring_unique_candidate,Sports/Games,Sports/Games,skateboard,Sports/Games / Sports/Games,Sports/Games,agrees_with_previous_llm,substring_requires_transfer_review
Sheriff,11,author_exact,exact_unique,Leadership,Administration/Law,sheriff,Leadership / Administration/Law,Leadership,agrees_with_previous_llm,
Motorcycle Racer,11,author_substring,substring_unique_candidate,Sports/Games,Sports/Games,_racer_; motorcycle,Sports/Games / Sports/Games,Sports/Games,agrees_with_previous_llm,substring_requires_transfer_review
Trader,11,author_exact,exact_unique,Leadership,Corporate/Executive/Business (large),trader,Leadership / Corporate/Executive/Business (large),,author_candidate_previous_needs_review,
Music Theorist,11,author_substring,substring_cross_l1_conflict,,,_music; theorist,Culture / Culture-core; Discovery/Science / Academia,Discovery/Science,no_unique_author_l1_candidate,substring_requires_transfer_review; multiple_author_l1_candidates
Illusionist,11,author_exact,exact_unique,Culture,Culture-core,illusionist,Culture / Culture-core,Culture,agrees_with_previous_llm,
Video Game Producer,11,author_substring,substring_cross_l1_conflict,,,_game; video_game; producer,Culture / Culture-core; Sports/Games / Sports/Games,Culture,no_unique_author_l1_candidate,substring_requires_transfer_review; multiple_author_l1_candidates
Baker,11,author_exact,exact_unique,Other,Worker/Business (small),_baker,Other / Worker/Business (small),,formal_author_other_previously_out_of_scope,
SEO strategist,11,no_author_rule,no_author_rule,,,,,,no_unique_author_l1_candidate,no_author_rule
Skeleton racer,11,author_substring,substring_unique_candidate,Sports/Games,Sports/Games,_racer_; skeleton,Sports/Games / Sports/Games,Sports/Games,agrees_with_previous_llm,substring_requires_transfer_review
Structural engineer,11,author_substring,substring_unique_candidate,Discovery/Science,Explorer/Inventor/Developer,engineer,Discovery/Science / Explorer/Inventor/Developer,Discovery/Science,agrees_with_previous_llm,substring_requires_transfer_review
Veteran,11,author_exact,exact_unique,Leadership,Military,veteran,Leadership / Military,,author_candidate_previous_needs_review,
Ulama,10,author_exact,exact_unique,Sports/Games,Sports/Games,ulama,Sports/Games / Sports/Games,,author_candidate_previous_needs_review,
Physiologist,10,author_exact,exact_unique,Discovery/Science,Academia,physiologist,Discovery/Science / Academia,Discovery/Science,agrees_with_previous_llm,
Potter,10,author_exact,exact_unique,Other,Worker/Business (small),potter,Other / Worker/Business (small),,author_candidate_previous_needs_review,
Meteorologist,10,author_exact,exact_unique,Discovery/Science,Academia,meteorologist,Discovery/Science / Academia,Discovery/Science,agrees_with_previous_llm,
Estate agent,10,author_exact,exact_unique,Other,Worker/Business (small),estate_agent,Other / Worker/Business (small),,author_candidate_previous_needs_review,
Science-fiction writer,10,author_substring,substring_cross_l1_conflict,,,_writer; science,Culture / Culture-core; Discovery/Science / Academia,Culture,no_unique_author_l1_candidate,substring_requires_transfer_review; multiple_author_l1_candidates
Barber,10,author_exact,exact_unique,Other,Worker/Business (small),_barber,Other / Worker/Business (small),,formal_author_other_previously_out_of_scope,
Futurist,10,author_exact,exact_unique,Discovery/Science,Explorer/Inventor/Developer,futurist,Discovery/Science / Explorer/Inventor/Developer,,author_candidate_previous_needs_review,
Yoga Instructor,10,author_substring,substring_unique_candidate,Discovery/Science,Academia,instructor,Discovery/Science / Academia,,author_candidate_previous_needs_review,substring_requires_transfer_review
Instrument maker,10,author_exact,exact_unique,Other,Worker/Business (small),instrument_maker,Other / Worker/Business (small),,formal_author_other_previously_out_of_scope,
Sound Technician,10,author_substring,substring_unique_candidate,Other,Worker/Business (small),technician,Other / Worker/Business (small),Culture,differs_from_previous_llm,substring_requires_transfer_review; previous_llm_l1_disagreement
Shopkeeper,10,author_exact,exact_unique,Leadership,Corporate/Executive/Business (large),shopkeeper,Leadership / Corporate/Executive/Business (large),,author_candidate_previous_out_of_scope,
Cowboy,10,author_exact,exact_unique,Other,Other,cowboy,Other / Other,,formal_author_other_previously_out_of_scope,person_main_reference_disagrees_not_used_to_override
Music Educator,10,author_exact,exact_unique,Culture,Culture-core,music_educator,Culture / Culture-core,,author_candidate_previous_needs_review,
Steelworker,10,author_substring,substring_unique_candidate,Other,Worker/Business (small),worker,Other / Worker/Business (small),,formal_author_other_previously_out_of_scope,substring_requires_transfer_review
Visual Effects Supervisor,10,author_substring,substring_unique_candidate,Culture,Culture-core,visual_effects,Culture / Culture-core,Culture,agrees_with_previous_llm,substring_requires_transfer_review
Bodyguard,10,author_exact,exact_unique,Other,Worker/Business (small),bodyguard,Other / Worker/Business (small),,formal_author_other_previously_out_of_scope,
Palaeontologist,10,author_exact,exact_unique,Discovery/Science,Academia,palaeontologist,Discovery/Science / Academia,Discovery/Science,agrees_with_previous_llm,
Ballroom Dancer,10,author_substring,substring_unique_candidate,Culture,Culture-core,dancer,Culture / Culture-core,Culture,agrees_with_previous_llm,substring_requires_transfer_review
Mixing engineer,10,author_substring,substring_unique_candidate,Discovery/Science,Explorer/Inventor/Developer,engineer,Discovery/Science / Explorer/Inventor/Developer,Culture,differs_from_previous_llm,substring_requires_transfer_review; previous_llm_l1_disagreement
Postal worker,10,author_substring,substring_unique_candidate,Other,Worker/Business (small),worker,Other / Worker/Business (small),,formal_author_other_previously_out_of_scope,substring_requires_transfer_review
Runner,9,author_exact,exact_unique,Sports/Games,Sports/Games,runner,Sports/Games / Sports/Games,Sports/Games,agrees_with_previous_llm,
General contractor,9,no_author_rule,no_author_rule,,,,,,no_unique_author_l1_candidate,no_author_rule
Blacksmith,9,author_exact,exact_unique,Other,Worker/Business (small),blacksmith,Other / Worker/Business (small),,formal_author_other_previously_out_of_scope,
Tattoo artist,9,author_substring,substring_unique_candidate,Culture,Culture-core,_artist,Culture / Culture-core,Culture,agrees_with_previous_llm,substring_requires_transfer_review
Monologist,9,author_exact,exact_unique,Culture,Culture-core,monologist,Culture / Culture-core,Culture,agrees_with_previous_llm,
Cattle Rancher,9,author_substring,substring_unique_candidate,Other,Worker/Business (small),rancher,Other / Worker/Business (small),,formal_author_other_previously_out_of_scope,substring_requires_transfer_review
ADR Director,9,no_author_rule,no_author_rule,,,,,Culture,no_unique_author_l1_candidate,no_author_rule
Rebel,9,author_exact,exact_unique,Leadership,Military,rebel,Leadership / Military,,author_candidate_previous_needs_review,
SEO,9,no_author_rule,no_author_rule,,,,,,no_unique_author_l1_candidate,no_author_rule
Dialect coach,9,author_substring,substring_unique_candidate,Sports/Games,Sports/Games,coach,Sports/Games / Sports/Games,Culture,differs_from_previous_llm,substring_requires_transfer_review; previous_llm_l1_disagreement
Showman,9,no_author_rule,no_author_rule,,,,,Culture,no_unique_author_l1_candidate,no_author_rule
Landscape architect,9,author_substring,substring_unique_candidate,Culture,Culture-periphery,architect,Culture / Culture-periphery,Culture,agrees_with_previous_llm,substring_requires_transfer_review
Art Teacher,9,author_substring,substring_unique_candidate,Discovery/Science,Academia,teacher_,Discovery/Science / Academia,,author_candidate_previous_needs_review,substring_requires_transfer_review
Lexicographer,9,author_exact,exact_unique,Discovery/Science,Academia,lexicographer,Discovery/Science / Academia,Discovery/Science,agrees_with_previous_llm,
Clinical psychologist,9,author_substring,substring_unique_candidate,Discovery/Science,Academia,psychologist,Discovery/Science / Academia,Discovery/Science,agrees_with_previous_llm,substring_requires_transfer_review
Beach Volleyball Player,9,author_substring,substring_unique_candidate,Sports/Games,Sports/Games,player; volleyball,Sports/Games / Sports/Games,Sports/Games,agrees_with_previous_llm,substring_requires_transfer_review
Social Critic,9,author_substring,substring_unique_candidate,Culture,Culture-periphery,critic,Culture / Culture-periphery,Culture,agrees_with_previous_llm,substring_requires_transfer_review
Children's book author,9,author_substring,substring_unique_candidate,Culture,Culture-core,author,Culture / Culture-core,Culture,agrees_with_previous_llm,substring_requires_transfer_review
Music editor,9,author_substring,substring_same_l1_multiple_l2,Culture,,_music; editor,Culture / Culture-core; Culture / Culture-periphery,Culture,agrees_with_previous_llm,substring_requires_transfer_review; multiple_author_l2_candidates
Fisherman,9,author_substring,substring_unique_candidate,Other,Worker/Business (small),fisher,Other / Worker/Business (small),,formal_author_other_previously_out_of_scope,substring_requires_transfer_review
Child model,9,author_substring,substring_cross_l1_conflict,,,_model_; child_,Culture / Culture-periphery; Other / Family,Culture,no_unique_author_l1_candidate,substring_requires_transfer_review; multiple_author_l1_candidates
Entomologist,9,author_exact,exact_unique,Discovery/Science,Academia,entomologist,Discovery/Science / Academia,Discovery/Science,agrees_with_previous_llm,
Molecular Biologist,9,author_substring,substring_unique_candidate,Discovery/Science,Academia,biologist,Discovery/Science / Academia,Discovery/Science,agrees_with_previous_llm,substring_requires_transfer_review
Magistrate,9,author_substring,substring_unique_candidate,Leadership,Administration/Law,magistrat,Leadership / Administration/Law,Leadership,agrees_with_previous_llm,substring_requires_transfer_review
Revolutionary,9,author_exact,exact_unique,Leadership,Politics,revolutionary,Leadership / Politics,Leadership,agrees_with_previous_llm,
Pirate,9,author_exact,exact_unique,Leadership,Military,pirate,Leadership / Military,,author_candidate_previous_needs_review,person_main_reference_disagrees_not_used_to_override
Nutritionist,9,author_exact,exact_unique,Discovery/Science,Academia,nutritionist,Discovery/Science / Academia,,author_candidate_previous_needs_review,
Skier,9,author_exact,exact_unique,Sports/Games,Sports/Games,skier,Sports/Games / Sports/Games,Sports/Games,agrees_with_previous_llm,
EMS Professional,9,no_author_rule,no_author_rule,,,,,Discovery/Science,no_unique_author_l1_candidate,no_author_rule
Celebrity chef,9,author_substring,substring_cross_l1_conflict,,,celebrity; _chef_,Culture / Culture-core; Other / Worker/Business (small),,no_unique_author_l1_candidate,substring_requires_transfer_review; multiple_author_l1_candidates
accordionist,9,author_exact,exact_unique,Culture,Culture-core,accordionist,Culture / Culture-core,Culture,agrees_with_previous_llm,
Neurologist,9,author_exact,exact_unique,Discovery/Science,Academia,neurologist,Discovery/Science / Academia,Discovery/Science,agrees_with_previous_llm,
House painter and decorator,9,author_substring,substring_same_l1_multiple_l2,Culture,,painter; decorator,Culture / Culture-core; Culture / Culture-periphery,,author_candidate_previous_out_of_scope,substring_requires_transfer_review; multiple_author_l2_candidates
Cardiologist,9,author_exact,exact_unique,Discovery/Science,Academia,cardiologist,Discovery/Science / Academia,Discovery/Science,agrees_with_previous_llm,
Search Engine Optimization,9,no_author_rule,no_author_rule,,,,,,no_unique_author_l1_candidate,no_author_rule
Keytarist,8,no_author_rule,no_author_rule,,,,,Culture,no_unique_author_l1_candidate,no_author_rule
Inker,8,no_author_rule,no_author_rule,,,,,Culture,no_unique_author_l1_candidate,no_author_rule
Venture capitalist,8,author_substring,substring_unique_candidate,Leadership,Corporate/Executive/Business (large),capitalist,Leadership / Corporate/Executive/Business (large),,author_candidate_previous_needs_review,substring_requires_transfer_review
Jeweller,8,author_exact,exact_unique,Other,Worker/Business (small),jeweller,Other / Worker/Business (small),,formal_author_other_previously_out_of_scope,
Ophthalmology,8,no_author_rule,no_author_rule,,,,,,no_unique_author_l1_candidate,no_author_rule
Horse breeder,8,author_exact,exact_unique,Other,Worker/Business (small),horse_breeder,Other / Worker/Business (small),,formal_author_other_previously_out_of_scope,
Studio executive,8,author_substring,substring_unique_candidate,Leadership,Corporate/Executive/Business (large),executive,Leadership / Corporate/Executive/Business (large),Leadership,agrees_with_previous_llm,substring_requires_transfer_review
High Priest,8,author_substring,substring_unique_candidate,Leadership,Religious,priest,Leadership / Religious,Leadership,agrees_with_previous_llm,substring_requires_transfer_review
Sculpture,8,author_exact,exact_unique,Culture,Culture-core,sculpture,Culture / Culture-core,,author_candidate_previous_out_of_scope,
Ballet master,8,author_substring,substring_unique_candidate,Culture,Culture-core,ballet,Culture / Culture-core,Culture,agrees_with_previous_llm,substring_requires_transfer_review
Music Manager,8,author_substring,substring_cross_l1_conflict,,,_music; manager,Culture / Culture-core; Leadership / Corporate/Executive/Business (large),,no_unique_author_l1_candidate,substring_requires_transfer_review; multiple_author_l1_candidates
Medic,8,no_author_rule,no_author_rule,,,,,Discovery/Science,no_unique_author_l1_candidate,no_author_rule
Adult model,8,author_substring,substring_unique_candidate,Culture,Culture-periphery,_model_,Culture / Culture-periphery,Culture,agrees_with_previous_llm,substring_requires_transfer_review
Cosmetologist,8,no_author_rule,no_author_rule,,,,,,no_unique_author_l1_candidate,no_author_rule
Tutor,8,no_author_rule,no_author_rule,,,,,,no_unique_author_l1_candidate,no_author_rule
Cheerleader,8,author_exact,exact_unique,Other,Other,cheerleader,Other / Other,,author_candidate_previous_needs_review,
Tour guide,8,author_substring,substring_unique_candidate,Other,Worker/Business (small),_guide_,Other / Worker/Business (small),,formal_author_other_previously_out_of_scope,substring_requires_transfer_review
Interpreter,8,author_exact,exact_unique,Culture,Culture-core,interpreter,Culture / Culture-core,,author_candidate_previous_needs_review,
Sound Recordist,8,no_author_rule,no_author_rule,,,,,Culture,no_unique_author_l1_candidate,no_author_rule
Physiotherapist,8,author_exact,exact_unique,Discovery/Science,Academia,physiotherapist,Discovery/Science / Academia,Discovery/Science,agrees_with_previous_llm,
Political Consultant,8,author_substring,substring_cross_l1_conflict,,,political; consultant,Leadership / Politics; Other / Worker/Business (small),Leadership,no_unique_author_l1_candidate,substring_requires_transfer_review; multiple_author_l1_candidates
Polymath,8,author_exact,exact_unique,Discovery/Science,Academia,polymath,Discovery/Science / Academia,,author_candidate_previous_needs_review,
Lighting Designer,8,author_substring,substring_unique_candidate,Culture,Culture-periphery,designer,Culture / Culture-periphery,Culture,agrees_with_previous_llm,substring_requires_transfer_review
Butcher,8,author_exact,exact_unique,Other,Worker/Business (small),_butcher,Other / Worker/Business (small),,formal_author_other_previously_out_of_scope,
Installation Artist,8,author_substring,substring_unique_candidate,Culture,Culture-core,_artist,Culture / Culture-core,Culture,agrees_with_previous_llm,substring_requires_transfer_review
Bacteriologist,8,author_exact,exact_unique,Discovery/Science,Academia,bacteriologist,Discovery/Science / Academia,Discovery/Science,agrees_with_previous_llm,
Bishop (Religious Leadership Title) #112,8,author_substring,substring_unique_candidate,Leadership,Religious,bishop; religious,Leadership / Religious,Leadership,agrees_with_previous_llm,substring_requires_transfer_review
Landholder,8,no_author_rule,no_author_rule,,,,,,no_unique_author_l1_candidate,no_author_rule
Auto mechanic,8,author_substring,substring_unique_candidate,Other,Worker/Business (small),mechanic,Other / Worker/Business (small),,formal_author_other_previously_out_of_scope,substring_requires_transfer_review
Shadetree mechanic,8,author_substring,substring_unique_candidate,Other,Worker/Business (small),mechanic,Other / Worker/Business (small),,formal_author_other_previously_out_of_scope,substring_requires_transfer_review
School Administrator,8,author_substring,substring_unique_candidate,Leadership,Administration/Law,administrator,Leadership / Administration/Law,,author_candidate_previous_needs_review,substring_requires_transfer_review
Bureaucrat,8,author_exact,exact_unique,Leadership,Administration/Law,bureaucrat,Leadership / Administration/Law,Leadership,agrees_with_previous_llm,
Ethnologist,8,author_exact,exact_unique,Discovery/Science,Academia,ethnologist,Discovery/Science / Academia,Discovery/Science,agrees_with_previous_llm,
Video game designer,8,author_substring,substring_cross_l1_conflict,,,_game; video_game; designer,Culture / Culture-periphery; Sports/Games / Sports/Games,,no_unique_author_l1_candidate,substring_requires_transfer_review; multiple_author_l1_candidates
Military engineer,8,author_substring,substring_cross_l1_conflict,,,engineer; militar,Discovery/Science / Explorer/Inventor/Developer; Leadership / Military,Discovery/Science,no_unique_author_l1_candidate,substring_requires_transfer_review; multiple_author_l1_candidates
Theater Performer,8,author_substring,substring_unique_candidate,Culture,Culture-core,performer; theater,Culture / Culture-core,Culture,agrees_with_previous_llm,substring_requires_transfer_review
Bookseller,7,author_exact,exact_unique,Other,Worker/Business (small),bookseller,Other / Worker/Business (small),,formal_author_other_previously_out_of_scope,
Forester,7,author_exact,exact_unique,Other,Worker/Business (small),forester,Other / Worker/Business (small),,author_candidate_previous_needs_review,
Weightlifter,7,author_exact,exact_unique,Sports/Games,Sports/Games,weightlifter,Sports/Games / Sports/Games,Sports/Games,agrees_with_previous_llm,
Women's rights activist,7,author_substring,substring_unique_candidate,Leadership,Politics,activist,Leadership / Politics,,author_candidate_previous_needs_review,substring_requires_transfer_review
Public intellectual,7,author_substring,substring_unique_candidate,Discovery/Science,Academia,intellectual,Discovery/Science / Academia,,author_candidate_previous_needs_review,substring_requires_transfer_review
Aircraft designer,7,author_substring,substring_unique_candidate,Culture,Culture-periphery,designer,Culture / Culture-periphery,Discovery/Science,differs_from_previous_llm,substring_requires_transfer_review; previous_llm_l1_disagreement
Mineralogist,7,author_exact,exact_unique,Discovery/Science,Academia,mineralogist,Discovery/Science / Academia,Discovery/Science,agrees_with_previous_llm,
Bricklayer,7,author_exact,exact_unique,Other,Worker/Business (small),bricklayer,Other / Worker/Business (small),,formal_author_other_previously_out_of_scope,
Crown Princess,7,author_substring,substring_unique_candidate,Leadership,Nobility,princess,Leadership / Nobility,Leadership,agrees_with_previous_llm,substring_requires_transfer_review
Anesthesiologist,7,author_exact,exact_unique,Discovery/Science,Academia,anesthesiologist,Discovery/Science / Academia,Discovery/Science,agrees_with_previous_llm,
Obstetrician,7,author_exact,exact_unique,Discovery/Science,Academia,obstetrician,Discovery/Science / Academia,Discovery/Science,agrees_with_previous_llm,
Lieutenant,7,author_exact,exact_unique,Leadership,Military,lieutenant,Leadership / Military,Leadership,agrees_with_previous_llm,
Ventriloquist,7,author_exact,exact_unique,Culture,Culture-core,_ventriloquist,Culture / Culture-core,Culture,agrees_with_previous_llm,
Governess,7,no_author_rule,no_author_rule,,,,,,no_unique_author_l1_candidate,no_author_rule
Animation Director,7,author_substring,substring_unique_candidate,Culture,Culture-core,animation,Culture / Culture-core,Culture,agrees_with_previous_llm,substring_requires_transfer_review
Grocer,7,author_exact,exact_unique,Other,Worker/Business (small),grocer,Other / Worker/Business (small),,formal_author_other_previously_out_of_scope,
Ornithologist,7,author_exact,exact_unique,Discovery/Science,Academia,ornithologist,Discovery/Science / Academia,Discovery/Science,agrees_with_previous_llm,
Presenter (Profession) #27,7,author_substring,substring_unique_candidate,Culture,Culture-periphery,presenter,Culture / Culture-periphery,Culture,agrees_with_previous_llm,substring_requires_transfer_review
/m/02h65y5,7,no_author_rule,no_author_rule,,,,,,no_unique_author_l1_candidate,no_author_rule
Justice of the peace,7,author_substring,substring_unique_candidate,Leadership,Administration/Law,justice,Leadership / Administration/Law,Leadership,agrees_with_previous_llm,substring_requires_transfer_review
Agronomist,7,author_exact,exact_unique,Discovery/Science,Academia,agronomist,Discovery/Science / Academia,Discovery/Science,agrees_with_previous_llm,
Paramedic,7,author_exact,exact_unique,Discovery/Science,Academia,paramedic,Discovery/Science / Academia,Discovery/Science,agrees_with_previous_llm,
Film Distributor,7,author_substring,substring_unique_candidate,Culture,Culture-core,_film_,Culture / Culture-core,,author_candidate_previous_needs_review,substring_requires_transfer_review
Professional Wrestling Referee,7,author_substring,substring_unique_candidate,Sports/Games,Sports/Games,referee; wrestling,Sports/Games / Sports/Games,Sports/Games,agrees_with_previous_llm,substring_requires_transfer_review
Strategist,7,no_author_rule,no_author_rule,,,,,,no_unique_author_l1_candidate,no_author_rule
Ethicist,7,author_exact,exact_unique,Discovery/Science,Academia,ethicist,Discovery/Science / Academia,Discovery/Science,agrees_with_previous_llm,
Usher,7,author_exact,exact_unique,Other,Worker/Business (small),_usher_,Other / Worker/Business (small),,formal_author_other_previously_out_of_scope,
Financial Analyst,7,author_substring,substring_unique_candidate,Other,Worker/Business (small),analyst,Other / Worker/Business (small),,author_candidate_previous_needs_review,substring_requires_transfer_review
Tenant farmer,7,author_substring,substring_unique_candidate,Other,Worker/Business (small),farmer,Other / Worker/Business (small),,formal_author_other_previously_out_of_scope,substring_requires_transfer_review
Plastic Surgeon,7,author_exact,exact_unique,Discovery/Science,Academia,plastic_surgeon,Discovery/Science / Academia,Discovery/Science,agrees_with_previous_llm,
Director of audiography,7,author_substring,substring_unique_candidate,Culture,Culture-periphery,_audio,Culture / Culture-periphery,Culture,agrees_with_previous_llm,substring_requires_transfer_review
Gossip columnist,6,author_substring,substring_unique_candidate,Culture,Culture-periphery,columnist,Culture / Culture-periphery,Culture,agrees_with_previous_llm,substring_requires_transfer_review
Webmaster,6,no_author_rule,no_author_rule,,,,,,no_unique_author_l1_candidate,no_author_rule
Maid,6,no_author_rule,no_author_rule,,,,,,no_unique_author_l1_candidate,no_author_rule
Acrobat,6,no_author_rule,no_author_rule,,,,,Culture,no_unique_author_l1_candidate,no_author_rule
Ethnomusicologist,6,author_substring,substring_unique_candidate,Discovery/Science,Academia,musicologist,Discovery/Science / Academia,Discovery/Science,agrees_with_previous_llm,substring_requires_transfer_review
Executioner,6,author_exact,exact_unique,Leadership,Military,executioner,Leadership / Military,,author_candidate_previous_needs_review,
Muralist,6,author_exact,exact_unique,Culture,Culture-periphery,muralist,Culture / Culture-periphery,Culture,agrees_with_previous_llm,
Furniture Designer,6,author_substring,substring_unique_candidate,Culture,Culture-periphery,designer,Culture / Culture-periphery,Culture,agrees_with_previous_llm,substring_requires_transfer_review
Railroad engineer,6,author_substring,substring_cross_l1_conflict,,,engineer; railroad,Discovery/Science / Explorer/Inventor/Developer; Other / Worker/Business (small),,no_unique_author_l1_candidate,substring_requires_transfer_review; multiple_author_l1_candidates
Auctioneer,6,author_exact,exact_unique,Other,Worker/Business (small),auctioneer,Other / Worker/Business (small),,formal_author_other_previously_out_of_scope,
Evolutionary Biologist,6,author_substring,substring_unique_candidate,Discovery/Science,Academia,biologist,Discovery/Science / Academia,Discovery/Science,agrees_with_previous_llm,substring_requires_transfer_review
Internet Marketer,6,no_author_rule,no_author_rule,,,,,,no_unique_author_l1_candidate,no_author_rule
Online Marketing Professional,6,author_substring,substring_unique_candidate,Other,Worker/Business (small),marketing,Other / Worker/Business (small),,author_candidate_previous_needs_review,substring_requires_transfer_review
Switchboard operator,6,author_substring,substring_unique_candidate,Other,Worker/Business (small),operator,Other / Worker/Business (small),,formal_author_other_previously_out_of_scope,substring_requires_transfer_review
Fight Choreographer,6,author_substring,substring_unique_candidate,Culture,Culture-core,choreographer,Culture / Culture-core,Culture,agrees_with_previous_llm,substring_requires_transfer_review
Corporate lawyer,6,author_substring,substring_unique_candidate,Leadership,Administration/Law,_lawyer,Leadership / Administration/Law,Leadership,agrees_with_previous_llm,substring_requires_transfer_review
Gynecologist,6,author_exact,exact_unique,Discovery/Science,Academia,gynecologist,Discovery/Science / Academia,Discovery/Science,agrees_with_previous_llm,
Counselor,6,author_exact,exact_unique,Other,Worker/Business (small),counselor,Other / Worker/Business (small),,author_candidate_previous_needs_review,
Kindergarten Teacher,6,author_substring,substring_unique_candidate,Discovery/Science,Academia,teacher_,Discovery/Science / Academia,Discovery/Science,agrees_with_previous_llm,substring_requires_transfer_review
Shoemaker,6,author_exact,exact_unique,Other,Worker/Business (small),_shoemaker,Other / Worker/Business (small),,formal_author_other_previously_out_of_scope,
Bounty hunter,6,author_substring,substring_unique_candidate,Other,Worker/Business (small),_hunter,Other / Worker/Business (small),,author_candidate_previous_needs_review,substring_requires_transfer_review
Instructor,6,author_exact,exact_unique,Discovery/Science,Academia,instructor,Discovery/Science / Academia,,author_candidate_previous_needs_review,
Public Relations,6,no_author_rule,no_author_rule,,,,,,no_unique_author_l1_candidate,no_author_rule
Mail carrier,6,no_author_rule,no_author_rule,,,,,,no_unique_author_l1_candidate,no_author_rule
Chauffeur,6,author_exact,exact_unique,Other,Worker/Business (small),_chauffeur,Other / Worker/Business (small),,formal_author_other_previously_out_of_scope,
Music publisher (Profession) #1,6,author_substring,substring_same_l1_multiple_l2,Culture,,_music; publisher,Culture / Culture-core; Culture / Culture-periphery,Culture,agrees_with_previous_llm,substring_requires_transfer_review; multiple_author_l2_candidates
Professional Chess Player,6,author_substring,substring_unique_candidate,Sports/Games,Sports/Games,_chess; player,Sports/Games / Sports/Games,Sports/Games,agrees_with_previous_llm,substring_requires_transfer_review
Military Leader,6,author_substring,substring_unique_candidate,Leadership,Military,militar,Leadership / Military,Leadership,agrees_with_previous_llm,substring_requires_transfer_review
Cook (Profession) #121,6,author_substring,substring_unique_candidate,Other,Worker/Business (small),_cook_,Other / Worker/Business (small),,formal_author_other_previously_out_of_scope,substring_requires_transfer_review
Traveler,6,author_exact,exact_unique,Discovery/Science,Explorer/Inventor/Developer,traveler,Discovery/Science / Explorer/Inventor/Developer,,author_candidate_previous_needs_review,
Generalissimo,6,no_author_rule,no_author_rule,,,,,Leadership,no_unique_author_l1_candidate,no_author_rule
Bus driver,6,author_substring,substring_unique_candidate,Sports/Games,Sports/Games,_driver_,Sports/Games / Sports/Games,,author_candidate_previous_out_of_scope,substring_requires_transfer_review
Fashion Photographer,6,author_substring,substring_unique_candidate,Culture,Culture-core,photographer,Culture / Culture-core,Culture,agrees_with_previous_llm,substring_requires_transfer_review
Dubbing Director,6,no_author_rule,no_author_rule,,,,,Culture,no_unique_author_l1_candidate,no_author_rule
Conservator-restorer,6,author_substring,substring_unique_candidate,Culture,Culture-periphery,restorer,Culture / Culture-periphery,Culture,agrees_with_previous_llm,substring_requires_transfer_review
Watchmaker,6,author_exact,exact_unique,Other,Worker/Business (small),watchmaker,Other / Worker/Business (small),,formal_author_other_previously_out_of_scope,
Travel writer,6,author_substring,substring_unique_candidate,Culture,Culture-core,_writer,Culture / Culture-core,Culture,agrees_with_previous_llm,substring_requires_transfer_review
Chiropractor,6,no_author_rule,no_author_rule,,,,,Discovery/Science,no_unique_author_l1_candidate,no_author_rule
Interior Decorator,6,author_substring,substring_unique_candidate,Culture,Culture-periphery,decorator,Culture / Culture-periphery,Culture,agrees_with_previous_llm,substring_requires_transfer_review
Sound Director,6,no_author_rule,no_author_rule,,,,,Culture,no_unique_author_l1_candidate,no_author_rule
Drafter,6,no_author_rule,no_author_rule,,,,,,no_unique_author_l1_candidate,no_author_rule
Courtier,6,author_exact,exact_unique,Other,Worker/Business (small),courtier,Other / Worker/Business (small),,author_candidate_previous_needs_review,
Oceanographer,6,author_exact,exact_unique,Discovery/Science,Academia,oceanographer,Discovery/Science / Academia,Discovery/Science,agrees_with_previous_llm,
Brewer,6,author_exact,exact_unique,Other,Worker/Business (small),brewer,Other / Worker/Business (small),,formal_author_other_previously_out_of_scope,
Geophysicist,6,author_substring,substring_unique_candidate,Discovery/Science,Academia,physicist,Discovery/Science / Academia,Discovery/Science,agrees_with_previous_llm,substring_requires_transfer_review
Street artist,6,author_substring,substring_unique_candidate,Culture,Culture-core,_artist,Culture / Culture-core,Culture,agrees_with_previous_llm,substring_requires_transfer_review
Rodeo performer,6,author_substring,substring_cross_l1_conflict,,,rodeo; performer,Culture / Culture-core; Sports/Games / Sports/Games,Sports/Games,no_unique_author_l1_candidate,substring_requires_transfer_review; multiple_author_l1_candidates
Property Master,6,no_author_rule,no_author_rule,,,,,Culture,no_unique_author_l1_candidate,no_author_rule
Web Developer,6,author_substring,substring_unique_candidate,Discovery/Science,Explorer/Inventor/Developer,developer,Discovery/Science / Explorer/Inventor/Developer,Discovery/Science,agrees_with_previous_llm,substring_requires_transfer_review
Breeder,5,author_exact,exact_unique,Other,Worker/Business (small),_breeder,Other / Worker/Business (small),,formal_author_other_previously_out_of_scope,
Avatar of Vashanka,5,no_author_rule,no_author_rule,,,,,,no_unique_author_l1_candidate,no_author_rule
Son of the Storm God,5,author_substring,substring_unique_candidate,Other,Family,_son_,Other / Family,,formal_author_other_previously_out_of_scope,substring_requires_transfer_review
Warrior,5,author_exact,exact_unique,Leadership,Military,warrior,Leadership / Military,,author_candidate_previous_needs_review,person_main_reference_disagrees_not_used_to_override
Boss,5,no_author_rule,no_author_rule,,,,,,no_unique_author_l1_candidate,no_author_rule
Crystallographer,5,author_exact,exact_unique,Discovery/Science,Academia,crystallographer,Discovery/Science / Academia,Discovery/Science,agrees_with_previous_llm,
Foreman,5,author_exact,exact_unique,Other,Worker/Business (small),_foreman,Other / Worker/Business (small),,author_candidate_previous_needs_review,
Lumberjack,5,no_author_rule,no_author_rule,,,,,,no_unique_author_l1_candidate,no_author_rule
Caricaturist,5,author_exact,exact_unique,Culture,Culture-periphery,caricaturist,Culture / Culture-periphery,Culture,agrees_with_previous_llm,
Theoretical Physicist,5,author_substring,substring_unique_candidate,Discovery/Science,Academia,physicist,Discovery/Science / Academia,Discovery/Science,agrees_with_previous_llm,substring_requires_transfer_review
Anatomist,5,author_exact,exact_unique,Discovery/Science,Academia,anatomist,Discovery/Science / Academia,Discovery/Science,agrees_with_previous_llm,
College gymnast,5,author_substring,substring_unique_candidate,Sports/Games,Sports/Games,gymnast,Sports/Games / Sports/Games,Sports/Games,agrees_with_previous_llm,substring_requires_transfer_review
Pharmacologist,5,author_exact,exact_unique,Discovery/Science,Academia,pharmacologist,Discovery/Science / Academia,Discovery/Science,agrees_with_previous_llm,
Pamphleteer,5,author_exact,exact_unique,Leadership,Politics,pamphleteer,Leadership / Politics,,author_candidate_previous_needs_review,
Gospel singer,5,author_substring,substring_unique_candidate,Culture,Culture-core,singer,Culture / Culture-core,Culture,agrees_with_previous_llm,substring_requires_transfer_review
Patent attorney,5,author_substring,substring_cross_l1_conflict,,,attorney; patent,Discovery/Science / Explorer/Inventor/Developer; Leadership / Administration/Law,Leadership,no_unique_author_l1_candidate,substring_requires_transfer_review; multiple_author_l1_candidates
Porter,5,no_author_rule,no_author_rule,,,,,,no_unique_author_l1_candidate,no_author_rule
Customs officer,5,author_substring,substring_unique_candidate,Leadership,Military,officer_,Leadership / Military,Leadership,agrees_with_previous_llm,substring_requires_transfer_review
Sideman,5,no_author_rule,no_author_rule,,,,,Culture,no_unique_author_l1_candidate,no_author_rule
Diarist,5,author_exact,exact_unique,Culture,Culture-core,_diarist_,Culture / Culture-core,Culture,agrees_with_previous_llm,
Stevedore,5,no_author_rule,no_author_rule,,,,,,no_unique_author_l1_candidate,no_author_rule
Magician (Profession) #81,5,author_substring,substring_unique_candidate,Other,Other,magic,Other / Other,Culture,differs_from_previous_llm,substring_requires_transfer_review; previous_llm_l1_disagreement
Music Historian,5,author_substring,substring_cross_l1_conflict,,,_music; historian,Culture / Culture-core; Discovery/Science / Academia,Discovery/Science,no_unique_author_l1_candidate,substring_requires_transfer_review; multiple_author_l1_candidates
Shoe designer,5,author_substring,substring_unique_candidate,Culture,Culture-periphery,designer,Culture / Culture-periphery,Culture,agrees_with_previous_llm,substring_requires_transfer_review
Pastoralist,5,author_substring,substring_unique_candidate,Leadership,Religious,pastor,Leadership / Religious,,author_candidate_previous_out_of_scope,substring_requires_transfer_review
Retired,5,no_author_rule,no_author_rule,,,,,,no_unique_author_l1_candidate,no_author_rule
Compositor,5,author_exact,exact_unique,Culture,Culture-core,compositor,Culture / Culture-core,Culture,agrees_with_previous_llm,
Housekeeper,5,author_exact,exact_unique,Other,Worker/Business (small),housekeeper,Other / Worker/Business (small),,formal_author_other_previously_out_of_scope,
Certified Public Accountant,5,author_substring,substring_unique_candidate,Other,Worker/Business (small),accountant,Other / Worker/Business (small),,author_candidate_previous_needs_review,substring_requires_transfer_review
Educationalist,5,author_substring,substring_unique_candidate,Discovery/Science,Academia,education,Discovery/Science / Academia,Discovery/Science,agrees_with_previous_llm,substring_requires_transfer_review
Paralegal,5,author_exact,exact_unique,Leadership,Administration/Law,paralegal,Leadership / Administration/Law,Leadership,agrees_with_previous_llm,
Radio writer,5,author_substring,substring_same_l1_multiple_l2,Culture,,_writer; _radio_,Culture / Culture-core; Culture / Culture-periphery,Culture,agrees_with_previous_llm,substring_requires_transfer_review; multiple_author_l2_candidates
Arranger (Profession),5,no_author_rule,no_author_rule,,,,,Culture,no_unique_author_l1_candidate,no_author_rule
Newspaper publisher,5,author_substring,substring_unique_candidate,Culture,Culture-periphery,publisher,Culture / Culture-periphery,Culture,agrees_with_previous_llm,substring_requires_transfer_review
Retailer,5,author_exact,exact_unique,Other,Worker/Business (small),_retailer,Other / Worker/Business (small),,author_candidate_previous_needs_review,
Level 10 gymnast,5,author_substring,substring_unique_candidate,Sports/Games,Sports/Games,gymnast,Sports/Games / Sports/Games,Sports/Games,agrees_with_previous_llm,substring_requires_transfer_review
Saxophone player,5,author_substring,substring_cross_l1_conflict,,,player; saxophone,Culture / Culture-core; Sports/Games / Sports/Games,Culture,no_unique_author_l1_candidate,substring_requires_transfer_review; multiple_author_l1_candidates
Climber,5,author_substring,substring_unique_candidate,Sports/Games,Sports/Games,climb,Sports/Games / Sports/Games,,author_candidate_previous_needs_review,substring_requires_transfer_review
Ecologist,5,author_exact,exact_cross_l1_conflict,,,ecologist,Discovery/Science / Academia; Leadership / Politics,,no_unique_author_l1_candidate,multiple_author_l1_candidates
Syndicated columnist,5,author_substring,substring_unique_candidate,Culture,Culture-periphery,columnist,Culture / Culture-periphery,Culture,agrees_with_previous_llm,substring_requires_transfer_review
Speech therapist,5,author_substring,substring_unique_candidate,Discovery/Science,Academia,therapist,Discovery/Science / Academia,Discovery/Science,agrees_with_previous_llm,substring_requires_transfer_review
Video Artist,5,author_substring,substring_unique_candidate,Culture,Culture-core,_artist,Culture / Culture-core,Culture,agrees_with_previous_llm,substring_requires_transfer_review
Bowler,5,author_exact,exact_unique,Sports/Games,Sports/Games,bowler,Sports/Games / Sports/Games,Sports/Games,agrees_with_previous_llm,
Voice coach,5,author_substring,substring_unique_candidate,Sports/Games,Sports/Games,coach,Sports/Games / Sports/Games,Culture,differs_from_previous_llm,substring_requires_transfer_review; previous_llm_l1_disagreement
Production Manager (Band),5,author_substring,substring_cross_l1_conflict,,,production_manager; manager,Culture / Culture-core; Leadership / Corporate/Executive/Business (large),Culture,no_unique_author_l1_candidate,substring_requires_transfer_review; multiple_author_l1_candidates
Aerialist,5,no_author_rule,no_author_rule,,,,,Culture,no_unique_author_l1_candidate,no_author_rule
Gymnastics Coach,5,author_substring,substring_unique_candidate,Sports/Games,Sports/Games,coach; gymnast,Sports/Games / Sports/Games,Sports/Games,agrees_with_previous_llm,substring_requires_transfer_review
Public Relations Executive,5,author_substring,substring_unique_candidate,Leadership,Corporate/Executive/Business (large),executive,Leadership / Corporate/Executive/Business (large),Leadership,agrees_with_previous_llm,substring_requires_transfer_review
Fine art artist,5,author_substring,substring_unique_candidate,Culture,Culture-core,_artist,Culture / Culture-core,Culture,agrees_with_previous_llm,substring_requires_transfer_review
Executive officer,5,author_substring,substring_same_l1_multiple_l2,Leadership,,executive; officer_,Leadership / Corporate/Executive/Business (large); Leadership / Military,Leadership,agrees_with_previous_llm,substring_requires_transfer_review; multiple_author_l2_candidates
Flamenco Dancer,5,author_substring,substring_unique_candidate,Culture,Culture-core,dancer,Culture / Culture-core,Culture,agrees_with_previous_llm,substring_requires_transfer_review
Groom of the Stool,5,no_author_rule,no_author_rule,,,,,,no_unique_author_l1_candidate,no_author_rule
Wrestling Promoter,5,author_substring,substring_unique_candidate,Sports/Games,Sports/Games,wrestling,Sports/Games / Sports/Games,Sports/Games,agrees_with_previous_llm,substring_requires_transfer_review
Welder,5,author_exact,exact_unique,Other,Worker/Business (small),_welder_,Other / Worker/Business (small),,formal_author_other_previously_out_of_scope,
Lifeguard,5,author_exact,exact_unique,Other,Worker/Business (small),lifeguard,Other / Worker/Business (small),,formal_author_other_previously_out_of_scope,
Stunt Double,5,author_substring,substring_unique_candidate,Culture,Culture-core,_stunt_,Culture / Culture-core,Culture,agrees_with_previous_llm,substring_requires_transfer_review
Building contractor,5,no_author_rule,no_author_rule,,,,,,no_unique_author_l1_candidate,no_author_rule
Ironmaster,5,author_exact,exact_unique,Other,Worker/Business (small),ironmaster,Other / Worker/Business (small),,formal_author_other_previously_out_of_scope,
Cartographer,5,author_exact,exact_unique,Discovery/Science,Academia,cartographer,Discovery/Science / Academia,Discovery/Science,agrees_with_previous_llm,
Weaver,5,author_exact,exact_unique,Other,Worker/Business (small),_weaver_,Other / Worker/Business (small),,formal_author_other_previously_out_of_scope,
Cognitive scientist,5,author_substring,substring_unique_candidate,Discovery/Science,Academia,scientist,Discovery/Science / Academia,Discovery/Science,agrees_with_previous_llm,substring_requires_transfer_review
Tennis coach,5,author_substring,substring_unique_candidate,Sports/Games,Sports/Games,coach; tennis,Sports/Games / Sports/Games,Sports/Games,agrees_with_previous_llm,substring_requires_transfer_review
Security guard,5,no_author_rule,no_author_rule,,,,,,no_unique_author_l1_candidate,no_author_rule
Rally Driver,5,author_substring,substring_unique_candidate,Sports/Games,Sports/Games,_driver_,Sports/Games / Sports/Games,Sports/Games,agrees_with_previous_llm,substring_requires_transfer_review
Furniture Maker,5,author_exact,exact_unique,Culture,Culture-periphery,furniture_maker,Culture / Culture-periphery,,author_candidate_previous_out_of_scope,
Still Photographer,5,author_substring,substring_unique_candidate,Culture,Culture-core,photographer,Culture / Culture-core,Culture,agrees_with_previous_llm,substring_requires_transfer_review
Internist,5,author_exact,exact_unique,Discovery/Science,Academia,internist,Discovery/Science / Academia,Discovery/Science,agrees_with_previous_llm,
Psychic,5,author_exact,exact_unique,Other,Other,psychic,Other / Other,,author_candidate_previous_needs_review,
Web Analyst,5,author_substring,substring_unique_candidate,Other,Worker/Business (small),analyst,Other / Worker/Business (small),,author_candidate_previous_needs_review,substring_requires_transfer_review
Seaman,5,author_exact,exact_unique,Discovery/Science,Explorer/Inventor/Developer,_seaman,Discovery/Science / Explorer/Inventor/Developer,,author_candidate_previous_needs_review,
Criminologist,5,author_exact,exact_unique,Discovery/Science,Academia,criminologist,Discovery/Science / Academia,Discovery/Science,agrees_with_previous_llm,
General practitioner,5,author_exact,exact_unique,Discovery/Science,Academia,general_practitioner,Discovery/Science / Academia,Discovery/Science,agrees_with_previous_llm,
Music publisher,5,author_substring,substring_same_l1_multiple_l2,Culture,,_music; publisher,Culture / Culture-core; Culture / Culture-periphery,Culture,agrees_with_previous_llm,substring_requires_transfer_review; multiple_author_l2_candidates
Egyptologist,5,author_exact,exact_unique,Discovery/Science,Academia,egyptologist,Discovery/Science / Academia,Discovery/Science,agrees_with_previous_llm,
Literary Scholar,5,author_substring,substring_cross_l1_conflict,,,_literary_; scholar,Culture / Culture-core; Discovery/Science / Academia,Discovery/Science,no_unique_author_l1_candidate,substring_requires_transfer_review; multiple_author_l1_candidates
Guru,5,author_exact,exact_unique,Leadership,Religious,_guru_,Leadership / Religious,Leadership,agrees_with_previous_llm,
Sensei,5,no_author_rule,no_author_rule,,,,,,no_unique_author_l1_candidate,no_author_rule
Horse breeding,5,no_author_rule,no_author_rule,,,,,,no_unique_author_l1_candidate,no_author_rule
Microbiologist,5,author_substring,substring_unique_candidate,Discovery/Science,Academia,biologist,Discovery/Science / Academia,Discovery/Science,agrees_with_previous_llm,substring_requires_transfer_review
Flight instructor,5,author_substring,substring_unique_candidate,Discovery/Science,Academia,instructor,Discovery/Science / Academia,Discovery/Science,agrees_with_previous_llm,substring_requires_transfer_review
Marketing Consultant,5,author_substring,substring_unique_candidate,Other,Worker/Business (small),consultant; marketing,Other / Worker/Business (small),,author_candidate_previous_needs_review,substring_requires_transfer_review
Internet Entrepreneur,5,author_substring,substring_unique_candidate,Leadership,Corporate/Executive/Business (large),entrepreneur,Leadership / Corporate/Executive/Business (large),Leadership,agrees_with_previous_llm,substring_requires_transfer_review
Cantor,5,author_exact,exact_unique,Culture,Culture-core,cantor,Culture / Culture-core,,author_candidate_previous_needs_review,
Sports analyst,5,author_substring,substring_cross_l1_conflict,,,_sport; analyst,Other / Worker/Business (small); Sports/Games / Sports/Games,,no_unique_author_l1_candidate,substring_requires_transfer_review; multiple_author_l1_candidates
Strongman,5,author_exact,exact_unique,Sports/Games,Sports/Games,strongman,Sports/Games / Sports/Games,Sports/Games,agrees_with_previous_llm,
Lama,4,author_exact,exact_unique,Leadership,Religious,_lama_,Leadership / Religious,Leadership,agrees_with_previous_llm,
Promotional Model,4,author_substring,substring_unique_candidate,Culture,Culture-periphery,_model_,Culture / Culture-periphery,Culture,agrees_with_previous_llm,substring_requires_transfer_review
Website content writer,4,author_substring,substring_unique_candidate,Culture,Culture-core,_writer,Culture / Culture-core,Culture,agrees_with_previous_llm,substring_requires_transfer_review
Media consultant,4,author_substring,substring_cross_l1_conflict,,,_media; consultant,Culture / Culture-periphery; Other / Worker/Business (small),,no_unique_author_l1_candidate,substring_requires_transfer_review; multiple_author_l1_candidates
Commoner,4,no_author_rule,no_author_rule,,,,,,no_unique_author_l1_candidate,no_author_rule
Eastern Roman Emperor,4,author_substring,substring_unique_candidate,Leadership,Nobility,emperor,Leadership / Nobility,Leadership,agrees_with_previous_llm,substring_requires_transfer_review
Sommelier,4,author_exact,exact_unique,Other,Worker/Business (small),sommelier,Other / Worker/Business (small),,formal_author_other_previously_out_of_scope,
Web designer,4,author_exact,exact_unique,Culture,Culture-periphery,web_designer,Culture / Culture-periphery,Culture,agrees_with_previous_llm,
Foley Artist,4,author_substring,substring_unique_candidate,Culture,Culture-core,_artist,Culture / Culture-core,Culture,agrees_with_previous_llm,substring_requires_transfer_review
Court clerk,4,author_substring,substring_unique_candidate,Other,Worker/Business (small),_clerk,Other / Worker/Business (small),Leadership,differs_from_previous_llm,substring_requires_transfer_review; previous_llm_l1_disagreement
Officer of the court,4,author_substring,substring_unique_candidate,Leadership,Military,officer_,Leadership / Military,Leadership,agrees_with_previous_llm,substring_requires_transfer_review
Animal training,4,no_author_rule,no_author_rule,,,,,,no_unique_author_l1_candidate,no_author_rule
Technical advisor,4,author_substring,substring_unique_candidate,Leadership,Politics,advisor,Leadership / Politics,,author_candidate_previous_needs_review,substring_requires_transfer_review
Stenographer,4,author_exact,exact_unique,Culture,Culture-core,stenographer,Culture / Culture-core,,author_candidate_previous_out_of_scope,
Slave,4,author_exact,exact_unique,Other,Other,_slave_,Other / Other,,formal_author_other_previously_out_of_scope,
Digital Compositor,4,author_substring,substring_unique_candidate,Culture,Culture-core,compositor,Culture / Culture-core,Culture,agrees_with_previous_llm,substring_requires_transfer_review
Lady-in-waiting,4,no_author_rule,no_author_rule,,,,,,no_unique_author_l1_candidate,no_author_rule
Developmental Biologist,4,author_substring,substring_unique_candidate,Discovery/Science,Academia,biologist,Discovery/Science / Academia,Discovery/Science,agrees_with_previous_llm,substring_requires_transfer_review
Intellectual,4,author_exact,exact_unique,Discovery/Science,Academia,intellectual,Discovery/Science / Academia,,author_candidate_previous_needs_review,
Hypnotherapist,4,author_substring,substring_unique_candidate,Discovery/Science,Academia,therapist,Discovery/Science / Academia,Discovery/Science,agrees_with_previous_llm,substring_requires_transfer_review
Engineering technologist,4,author_substring,substring_unique_candidate,Discovery/Science,Explorer/Inventor/Developer,engineer,Discovery/Science / Explorer/Inventor/Developer,Discovery/Science,agrees_with_previous_llm,substring_requires_transfer_review
Belly Dancer,4,author_substring,substring_unique_candidate,Culture,Culture-core,dancer,Culture / Culture-core,Culture,agrees_with_previous_llm,substring_requires_transfer_review
Hazzan,4,author_exact,exact_unique,Leadership,Religious,hazzan,Leadership / Religious,Leadership,agrees_with_previous_llm,
Oncologist,4,author_exact,exact_unique,Discovery/Science,Academia,oncologist,Discovery/Science / Academia,Discovery/Science,agrees_with_previous_llm,
Civil Rights Advocate,4,author_substring,substring_same_l1_multiple_l2,Leadership,,civil_rights; advocate,Leadership / Administration/Law; Leadership / Politics,,author_candidate_previous_needs_review,substring_requires_transfer_review; multiple_author_l2_candidates
Music Journalist,4,author_substring,substring_same_l1_multiple_l2,Culture,,_music; journalist,Culture / Culture-core; Culture / Culture-periphery,Culture,agrees_with_previous_llm,substring_requires_transfer_review; multiple_author_l2_candidates
Software Architect,4,author_substring,substring_unique_candidate,Culture,Culture-periphery,architect,Culture / Culture-periphery,Discovery/Science,differs_from_previous_llm,substring_requires_transfer_review; previous_llm_l1_disagreement
Primatologist,4,no_author_rule,no_author_rule,,,,,Discovery/Science,no_unique_author_l1_candidate,no_author_rule
Cossack,4,no_author_rule,no_author_rule,,,,,,no_unique_author_l1_candidate,no_author_rule
Visual Effects Producer,4,author_substring,substring_unique_candidate,Culture,Culture-core,producer; visual_effects,Culture / Culture-core,Culture,agrees_with_previous_llm,substring_requires_transfer_review
Cultural Historian,4,author_substring,substring_unique_candidate,Discovery/Science,Academia,historian,Discovery/Science / Academia,Discovery/Science,agrees_with_previous_llm,substring_requires_transfer_review
Multimedia artist,4,author_substring,substring_unique_candidate,Culture,Culture-core,_artist,Culture / Culture-core,Culture,agrees_with_previous_llm,substring_requires_transfer_review
Lithographer,4,author_exact,exact_unique,Culture,Culture-core,lithographer,Culture / Culture-core,Culture,agrees_with_previous_llm,
Second Unit Director,4,no_author_rule,no_author_rule,,,,,Culture,no_unique_author_l1_candidate,no_author_rule
Duchess,4,author_exact,exact_unique,Leadership,Nobility,duchess,Leadership / Nobility,Leadership,agrees_with_previous_llm,
Military Historian,4,author_substring,substring_cross_l1_conflict,,,historian; militar,Discovery/Science / Academia; Leadership / Military,Discovery/Science,no_unique_author_l1_candidate,substring_requires_transfer_review; multiple_author_l1_candidates
Textile designer,4,author_substring,substring_unique_candidate,Culture,Culture-periphery,designer,Culture / Culture-periphery,Culture,agrees_with_previous_llm,substring_requires_transfer_review
Gamer,4,author_substring,substring_unique_candidate,Sports/Games,Sports/Games,_game,Sports/Games / Sports/Games,,author_candidate_previous_needs_review,substring_requires_transfer_review
Visual Effects Designer,4,author_substring,substring_same_l1_multiple_l2,Culture,,visual_effects; designer,Culture / Culture-core; Culture / Culture-periphery,Culture,agrees_with_previous_llm,substring_requires_transfer_review; multiple_author_l2_candidates
Raconteur,4,no_author_rule,no_author_rule,,,,,,no_unique_author_l1_candidate,no_author_rule
Unit production manager,4,author_substring,substring_cross_l1_conflict,,,production_manager; manager,Culture / Culture-core; Leadership / Corporate/Executive/Business (large),,no_unique_author_l1_candidate,substring_requires_transfer_review; multiple_author_l1_candidates
Theatre practitioner,4,author_substring,substring_unique_candidate,Culture,Culture-core,theatre,Culture / Culture-core,Culture,agrees_with_previous_llm,substring_requires_transfer_review
Canon,4,no_author_rule,no_author_rule,,,,,Leadership,no_unique_author_l1_candidate,no_author_rule
Plumber,4,author_exact,exact_unique,Other,Worker/Business (small),_plumber,Other / Worker/Business (small),,formal_author_other_previously_out_of_scope,
Technical writer,4,author_substring,substring_unique_candidate,Culture,Culture-core,_writer,Culture / Culture-core,Culture,agrees_with_previous_llm,substring_requires_transfer_review
Public Relations Consultant,4,author_substring,substring_unique_candidate,Other,Worker/Business (small),consultant,Other / Worker/Business (small),,author_candidate_previous_needs_review,substring_requires_transfer_review
m/0513qg_,4,no_author_rule,no_author_rule,,,,,,no_unique_author_l1_candidate,no_author_rule
Ballet Teacher,4,author_substring,substring_cross_l1_conflict,,,ballet; teacher_,Culture / Culture-core; Discovery/Science / Academia,,no_unique_author_l1_candidate,substring_requires_transfer_review; multiple_author_l1_candidates
Pimp,4,no_author_rule,no_author_rule,,,,,,no_unique_author_l1_candidate,no_author_rule
Arts Administrator,4,author_substring,substring_cross_l1_conflict,,,_arts_; administrator,Culture / Culture-core; Leadership / Administration/Law,,no_unique_author_l1_candidate,substring_requires_transfer_review; multiple_author_l1_candidates
Goldsmith,4,author_exact,exact_unique,Culture,Culture-periphery,goldsmith,Culture / Culture-periphery,,author_candidate_previous_needs_review,
Endocrinologist,4,author_exact,exact_unique,Discovery/Science,Academia,endocrinologist,Discovery/Science / Academia,Discovery/Science,agrees_with_previous_llm,
Bail bondsman,4,no_author_rule,no_author_rule,,,,,Leadership,no_unique_author_l1_candidate,no_author_rule
Pastry chef,4,author_exact,exact_unique,Other,Worker/Business (small),pastry_chef,Other / Worker/Business (small),,formal_author_other_previously_out_of_scope,
Script editor,4,author_substring,substring_same_l1_multiple_l2,Culture,,_script_; editor,Culture / Culture-core; Culture / Culture-periphery,Culture,agrees_with_previous_llm,substring_requires_transfer_review; multiple_author_l2_candidates
Japanese idol,4,author_substring,substring_unique_candidate,Culture,Culture-core,_idol_,Culture / Culture-core,Culture,agrees_with_previous_llm,substring_requires_transfer_review
Farmworker,4,author_substring,substring_unique_candidate,Other,Worker/Business (small),worker,Other / Worker/Business (small),,formal_author_other_previously_out_of_scope,substring_requires_transfer_review
Conquistador,4,author_exact,exact_unique,Discovery/Science,Explorer/Inventor/Developer,conquistador,Discovery/Science / Explorer/Inventor/Developer,,author_candidate_previous_needs_review,
Juggler,4,author_exact,exact_unique,Culture,Culture-core,juggler,Culture / Culture-core,Culture,agrees_with_previous_llm,
Bard,4,author_exact,exact_unique,Culture,Culture-core,_bard_,Culture / Culture-core,Culture,agrees_with_previous_llm,
Chartered Accountant,4,author_substring,substring_unique_candidate,Other,Worker/Business (small),accountant,Other / Worker/Business (small),,author_candidate_previous_needs_review,substring_requires_transfer_review
Military aviator,4,author_substring,substring_unique_candidate,Leadership,Military,aviator; militar,Leadership / Military,Leadership,agrees_with_previous_llm,substring_requires_transfer_review
Funeral director,4,no_author_rule,no_author_rule,,,,,,no_unique_author_l1_candidate,no_author_rule
Tax collector,4,author_substring,substring_unique_candidate,Culture,Culture-core,collector,Culture / Culture-core,Leadership,differs_from_previous_llm,substring_requires_transfer_review; previous_llm_l1_disagreement
Choreography,4,no_author_rule,no_author_rule,,,,,,no_unique_author_l1_candidate,no_author_rule
Vlogger,4,no_author_rule,no_author_rule,,,,,Culture,no_unique_author_l1_candidate,no_author_rule
Graffiti artist,4,author_substring,substring_unique_candidate,Culture,Culture-core,_artist,Culture / Culture-core,Culture,agrees_with_previous_llm,substring_requires_transfer_review
Special Effects Supervisor,4,author_substring,substring_unique_candidate,Culture,Culture-core,special_effects,Culture / Culture-core,Culture,agrees_with_previous_llm,substring_requires_transfer_review
Planter,4,author_exact,exact_unique,Other,Worker/Business (small),_planter,Other / Worker/Business (small),,author_candidate_previous_needs_review,
Auditor,4,author_exact,exact_unique,Other,Worker/Business (small),auditor,Other / Worker/Business (small),,author_candidate_previous_needs_review,
Senior SEO Manager,4,author_substring,substring_unique_candidate,Leadership,Corporate/Executive/Business (large),manager,Leadership / Corporate/Executive/Business (large),,author_candidate_previous_needs_review,substring_requires_transfer_review
Political Economist,4,author_substring,substring_cross_l1_conflict,,,economist; political,Discovery/Science / Academia; Leadership / Politics,Discovery/Science,no_unique_author_l1_candidate,substring_requires_transfer_review; multiple_author_l1_candidates
Adventurer,4,author_exact,exact_unique,Discovery/Science,Explorer/Inventor/Developer,adventurer,Discovery/Science / Explorer/Inventor/Developer,,author_candidate_previous_needs_review,
Game creator,4,author_substring,substring_cross_l1_conflict,,,_game; _creator_,Culture / Culture-core; Sports/Games / Sports/Games,,no_unique_author_l1_candidate,substring_requires_transfer_review; multiple_author_l1_candidates
Video game development,4,author_substring,substring_unique_candidate,Sports/Games,Sports/Games,_game; video_game,Sports/Games / Sports/Games,,author_candidate_previous_out_of_scope,substring_requires_transfer_review
Bibliophile,4,author_exact,exact_unique,Culture,Culture-core,bibliophile,Culture / Culture-core,,author_candidate_previous_out_of_scope,
Machinist,4,author_exact,exact_unique,Other,Worker/Business (small),machinist,Other / Worker/Business (small),,formal_author_other_previously_out_of_scope,
Vedette,4,no_author_rule,no_author_rule,,,,,Culture,no_unique_author_l1_candidate,no_author_rule
SEO Professional (Profession) #1,4,no_author_rule,no_author_rule,,,,,,no_unique_author_l1_candidate,no_author_rule
Newspaper,4,no_author_rule,no_author_rule,,,,,,no_unique_author_l1_candidate,no_author_rule
Jazz Composer,3,author_substring,substring_unique_candidate,Culture,Culture-core,composer; jazz,Culture / Culture-core,Culture,agrees_with_previous_llm,substring_requires_transfer_review
Drama Coach,3,author_substring,substring_cross_l1_conflict,,,coach; _drama,Culture / Culture-core; Sports/Games / Sports/Games,Culture,no_unique_author_l1_candidate,substring_requires_transfer_review; multiple_author_l1_candidates
Epidemiologist,3,author_exact,exact_unique,Discovery/Science,Academia,epidemiologist,Discovery/Science / Academia,Discovery/Science,agrees_with_previous_llm,
Postmaster,3,author_exact,exact_unique,Other,Worker/Business (small),postmaster,Other / Worker/Business (small),,author_candidate_previous_needs_review,
Virologist,3,author_exact,exact_unique,Discovery/Science,Academia,virologist,Discovery/Science / Academia,Discovery/Science,agrees_with_previous_llm,
Spiritual teacher,3,author_substring,substring_unique_candidate,Discovery/Science,Academia,teacher_,Discovery/Science / Academia,,author_candidate_previous_needs_review,substring_requires_transfer_review
Christian Theologian,3,author_substring,substring_unique_candidate,Discovery/Science,Academia,theologian,Discovery/Science / Academia,Discovery/Science,agrees_with_previous_llm,substring_requires_transfer_review
Pretty Horsebreaker,3,no_author_rule,no_author_rule,,,,,,no_unique_author_l1_candidate,no_author_rule
Racketeering,3,author_substring,substring_unique_candidate,Other,Other,racketeer,Other / Other,,formal_author_other_previously_out_of_scope,substring_requires_transfer_review
Podiatrist,3,author_exact,exact_unique,Discovery/Science,Academia,podiatrist,Discovery/Science / Academia,Discovery/Science,agrees_with_previous_llm,
Concertmaster,3,author_exact,exact_unique,Culture,Culture-core,concertmaster,Culture / Culture-core,Culture,agrees_with_previous_llm,
Actor-manager,3,author_substring,substring_cross_l1_conflict,,,_actor; manager,Culture / Culture-core; Leadership / Corporate/Executive/Business (large),Culture,no_unique_author_l1_candidate,substring_requires_transfer_review; multiple_author_l1_candidates
Opera conductor,3,author_substring,substring_unique_candidate,Culture,Culture-core,_opera_; conductor,Culture / Culture-core,Culture,agrees_with_previous_llm,substring_requires_transfer_review
Consort,3,author_exact,exact_unique,Leadership,Nobility,consort,Leadership / Nobility,Leadership,agrees_with_previous_llm,
Creative consultant,3,author_substring,substring_cross_l1_conflict,,,creative; consultant,Culture / Culture-core; Other / Worker/Business (small),Culture,no_unique_author_l1_candidate,substring_requires_transfer_review; multiple_author_l1_candidates
Biophysicist,3,author_substring,substring_unique_candidate,Discovery/Science,Academia,physicist,Discovery/Science / Academia,Discovery/Science,agrees_with_previous_llm,substring_requires_transfer_review
Seismologist,3,author_exact,exact_unique,Discovery/Science,Academia,seismologist,Discovery/Science / Academia,Discovery/Science,agrees_with_previous_llm,
Furrier,3,no_author_rule,no_author_rule,,,,,,no_unique_author_l1_candidate,no_author_rule
Gallery Owner,3,no_author_rule,no_author_rule,,,,,,no_unique_author_l1_candidate,no_author_rule
Classicist,3,author_exact,exact_unique,Discovery/Science,Academia,_classicist_,Discovery/Science / Academia,Discovery/Science,agrees_with_previous_llm,
Nurse midwife,3,author_substring,substring_cross_l1_conflict,,,nurse; midwife,Discovery/Science / Academia; Other / Worker/Business (small),Discovery/Science,no_unique_author_l1_candidate,substring_requires_transfer_review; multiple_author_l1_candidates
Legal secretary,3,author_substring,substring_unique_candidate,Leadership,Politics,secretary,Leadership / Politics,Leadership,agrees_with_previous_llm,substring_requires_transfer_review
Jeweller (Film job),3,author_substring,substring_unique_candidate,Other,Worker/Business (small),jeweller,Other / Worker/Business (small),,author_candidate_previous_needs_review,substring_requires_transfer_review
Actuary,3,author_exact,exact_unique,Other,Worker/Business (small),actuary,Other / Worker/Business (small),,author_candidate_previous_needs_review,
Virtuoso,3,no_author_rule,no_author_rule,,,,,Culture,no_unique_author_l1_candidate,no_author_rule
Entertainment Lawyer,3,author_substring,substring_unique_candidate,Leadership,Administration/Law,_lawyer,Leadership / Administration/Law,Leadership,agrees_with_previous_llm,substring_requires_transfer_review
Garment Worker,3,author_substring,substring_unique_candidate,Other,Worker/Business (small),worker,Other / Worker/Business (small),,formal_author_other_previously_out_of_scope,substring_requires_transfer_review
Production Supervisor,3,no_author_rule,no_author_rule,,,,,,no_unique_author_l1_candidate,no_author_rule
Prostitute,3,author_exact,exact_unique,Other,Other,prostitute,Other / Other,,formal_author_other_previously_out_of_scope,
Theoretician,3,no_author_rule,no_author_rule,,,,,,no_unique_author_l1_candidate,no_author_rule
Cardinal,3,author_exact,exact_unique,Leadership,Religious,cardinal,Leadership / Religious,Leadership,agrees_with_previous_llm,
Architectural photographer,3,author_substring,substring_same_l1_multiple_l2,Culture,,photographer; architect,Culture / Culture-core; Culture / Culture-periphery,Culture,agrees_with_previous_llm,substring_requires_transfer_review; multiple_author_l2_candidates
Radio jockey,3,author_substring,substring_cross_l1_conflict,,,jockey; _radio_,Culture / Culture-periphery; Sports/Games / Sports/Games,Culture,no_unique_author_l1_candidate,substring_requires_transfer_review; multiple_author_l1_candidates
Personal organizer,3,no_author_rule,no_author_rule,,,,,,no_unique_author_l1_candidate,no_author_rule
Airline Pilot,3,author_exact,exact_unique,Other,Worker/Business (small),airline_pilot,Other / Worker/Business (small),,formal_author_other_previously_out_of_scope,
Sculptor (Constellation),3,author_substring,substring_unique_candidate,Culture,Culture-core,sculptor,Culture / Culture-core,,author_candidate_previous_out_of_scope,substring_requires_transfer_review
Textile worker,3,author_substring,substring_unique_candidate,Other,Worker/Business (small),worker,Other / Worker/Business (small),,formal_author_other_previously_out_of_scope,substring_requires_transfer_review
Beekeeper,3,author_exact,exact_unique,Other,Worker/Business (small),beekeeper,Other / Worker/Business (small),,formal_author_other_previously_out_of_scope,
Stock trader,3,author_substring,substring_unique_candidate,Leadership,Corporate/Executive/Business (large),trader,Leadership / Corporate/Executive/Business (large),,author_candidate_previous_needs_review,substring_requires_transfer_review
Draftsman,3,author_exact,exact_unique,Culture,Culture-core,_draftsman_,Culture / Culture-core,,author_candidate_previous_needs_review,
Cosmologist,3,no_author_rule,no_author_rule,,,,,Discovery/Science,no_unique_author_l1_candidate,no_author_rule
Script doctor,3,author_substring,substring_cross_l1_conflict,,,_script_; doctor,Culture / Culture-core; Discovery/Science / Academia,Culture,no_unique_author_l1_candidate,substring_requires_transfer_review; multiple_author_l1_candidates
Film distributor (Profession),3,author_substring,substring_unique_candidate,Culture,Culture-core,_film_,Culture / Culture-core,,author_candidate_previous_needs_review,substring_requires_transfer_review
Neurophysiologist,3,author_substring,substring_unique_candidate,Discovery/Science,Academia,physiologist,Discovery/Science / Academia,Discovery/Science,agrees_with_previous_llm,substring_requires_transfer_review
Educational psychologist,3,author_substring,substring_unique_candidate,Discovery/Science,Academia,education; psychologist,Discovery/Science / Academia,Discovery/Science,agrees_with_previous_llm,substring_requires_transfer_review
Clockmaker,3,author_exact,exact_unique,Other,Worker/Business (small),clockmaker,Other / Worker/Business (small),,formal_author_other_previously_out_of_scope,
Hematologist,3,author_exact,exact_unique,Discovery/Science,Academia,hematologist,Discovery/Science / Academia,Discovery/Science,agrees_with_previous_llm,
Action Director,3,no_author_rule,no_author_rule,,,,,Culture,no_unique_author_l1_candidate,no_author_rule
Special Effects Technician,3,author_substring,substring_cross_l1_conflict,,,special_effects; technician,Culture / Culture-core; Other / Worker/Business (small),Culture,no_unique_author_l1_candidate,substring_requires_transfer_review; multiple_author_l1_candidates
Corporate officer,3,author_substring,substring_unique_candidate,Leadership,Military,officer_,Leadership / Military,Leadership,agrees_with_previous_llm,substring_requires_transfer_review
Cloth merchant,3,author_substring,substring_unique_candidate,Leadership,Corporate/Executive/Business (large),merchant,Leadership / Corporate/Executive/Business (large),,author_candidate_previous_out_of_scope,substring_requires_transfer_review
Sports Reporter,3,author_substring,substring_cross_l1_conflict,,,_sport; reporter,Culture / Culture-periphery; Sports/Games / Sports/Games,Culture,no_unique_author_l1_candidate,substring_requires_transfer_review; multiple_author_l1_candidates
Native American activist,3,author_substring,substring_unique_candidate,Leadership,Politics,activist,Leadership / Politics,,author_candidate_previous_needs_review,substring_requires_transfer_review
Mining Engineer,3,author_substring,substring_unique_candidate,Discovery/Science,Explorer/Inventor/Developer,engineer,Discovery/Science / Explorer/Inventor/Developer,Discovery/Science,agrees_with_previous_llm,substring_requires_transfer_review
Life Coach,3,author_substring,substring_unique_candidate,Sports/Games,Sports/Games,coach,Sports/Games / Sports/Games,,author_candidate_previous_needs_review,substring_requires_transfer_review
Publicist (Profession) #5,3,author_substring,substring_unique_candidate,Culture,Culture-periphery,publicist,Culture / Culture-periphery,Culture,agrees_with_previous_llm,substring_requires_transfer_review
Pioneer,3,no_author_rule,no_author_rule,,,,,,no_unique_author_l1_candidate,no_author_rule
Bioethicist,3,author_substring,substring_unique_candidate,Discovery/Science,Academia,ethicist,Discovery/Science / Academia,Discovery/Science,agrees_with_previous_llm,substring_requires_transfer_review
Network administrator,3,author_substring,substring_unique_candidate,Leadership,Administration/Law,administrator,Leadership / Administration/Law,,author_candidate_previous_needs_review,substring_requires_transfer_review
Medical research,3,author_substring,substring_unique_candidate,Discovery/Science,Academia,medical; research,Discovery/Science / Academia,,author_candidate_previous_needs_review,substring_requires_transfer_review
News analyst,3,author_substring,substring_unique_candidate,Other,Worker/Business (small),analyst,Other / Worker/Business (small),Culture,differs_from_previous_llm,substring_requires_transfer_review; previous_llm_l1_disagreement
Radio announcer,3,author_substring,substring_unique_candidate,Culture,Culture-periphery,_radio_; announcer,Culture / Culture-periphery,Culture,agrees_with_previous_llm,substring_requires_transfer_review
Midwife,3,author_exact,exact_unique,Other,Worker/Business (small),midwife,Other / Worker/Business (small),Discovery/Science,differs_from_previous_llm,previous_llm_l1_disagreement
Neurosurgeon,3,author_substring,substring_unique_candidate,Discovery/Science,Academia,surgeon,Discovery/Science / Academia,Discovery/Science,agrees_with_previous_llm,substring_requires_transfer_review
Boxing Trainer,3,author_substring,substring_unique_candidate,Sports/Games,Sports/Games,boxing; trainer,Sports/Games / Sports/Games,Sports/Games,agrees_with_previous_llm,substring_requires_transfer_review
Investment broker,3,author_substring,substring_cross_l1_conflict,,,investment; broker,Leadership / Corporate/Executive/Business (large); Other / Worker/Business (small),,no_unique_author_l1_candidate,substring_requires_transfer_review; multiple_author_l1_candidates
Union organizer,3,no_author_rule,no_author_rule,,,,,Leadership,no_unique_author_l1_candidate,no_author_rule
Children's book illustrator,3,author_substring,substring_unique_candidate,Culture,Culture-periphery,illustrator,Culture / Culture-periphery,Culture,agrees_with_previous_llm,substring_requires_transfer_review
Bookmaker,3,author_exact,exact_unique,Other,Worker/Business (small),bookmaker,Other / Worker/Business (small),,author_candidate_previous_needs_review,
Gambler,3,author_exact,exact_unique,Other,Other,gambler,Other / Other,,formal_author_other_previously_out_of_scope,
Nanny,3,author_exact,exact_unique,Other,Worker/Business (small),_nanny_,Other / Worker/Business (small),,formal_author_other_previously_out_of_scope,
Professional Wrestling Booker,3,author_substring,substring_unique_candidate,Sports/Games,Sports/Games,wrestling,Sports/Games / Sports/Games,Sports/Games,agrees_with_previous_llm,substring_requires_transfer_review
Sports Anchor,3,author_substring,substring_cross_l1_conflict,,,_sport; _anchor_,Culture / Culture-periphery; Sports/Games / Sports/Games,Culture,no_unique_author_l1_candidate,substring_requires_transfer_review; multiple_author_l1_candidates
Dominatrix,3,no_author_rule,no_author_rule,,,,,,no_unique_author_l1_candidate,no_author_rule
Dubber,3,no_author_rule,no_author_rule,,,,,Culture,no_unique_author_l1_candidate,no_author_rule
Statistical graphics,3,no_author_rule,no_author_rule,,,,,,no_unique_author_l1_candidate,no_author_rule
Railroad worker,3,author_substring,substring_unique_candidate,Other,Worker/Business (small),railroad; worker,Other / Worker/Business (small),,formal_author_other_previously_out_of_scope,substring_requires_transfer_review
Detective,3,author_exact,exact_unique,Other,Worker/Business (small),_detective,Other / Worker/Business (small),Leadership,differs_from_previous_llm,previous_llm_l1_disagreement
Concert Producer,3,author_substring,substring_unique_candidate,Culture,Culture-core,producer,Culture / Culture-core,Culture,agrees_with_previous_llm,substring_requires_transfer_review
Calligrapher,3,author_exact,exact_unique,Culture,Culture-periphery,calligrapher,Culture / Culture-periphery,Culture,agrees_with_previous_llm,
Go Player,3,author_exact,exact_unique,Sports/Games,Sports/Games,go_player,Sports/Games / Sports/Games,Sports/Games,agrees_with_previous_llm,
Wine Critic,3,author_substring,substring_unique_candidate,Culture,Culture-periphery,critic,Culture / Culture-periphery,Culture,agrees_with_previous_llm,substring_requires_transfer_review
telecommunications expert,3,author_substring,substring_unique_candidate,Other,Worker/Business (small),communication,Other / Worker/Business (small),Discovery/Science,differs_from_previous_llm,substring_requires_transfer_review; previous_llm_l1_disagreement
Historian of Science,3,author_substring,substring_unique_candidate,Discovery/Science,Academia,historian; science,Discovery/Science / Academia,Discovery/Science,agrees_with_previous_llm,substring_requires_transfer_review
Scenic Artist,3,author_exact,exact_unique,Culture,Culture-core,scenic_artist,Culture / Culture-core,Culture,agrees_with_previous_llm,
Haberdasher,3,no_author_rule,no_author_rule,,,,,,no_unique_author_l1_candidate,no_author_rule
Information Technologist,3,no_author_rule,no_author_rule,,,,,Discovery/Science,no_unique_author_l1_candidate,no_author_rule
College Administrator,3,author_substring,substring_unique_candidate,Leadership,Administration/Law,administrator,Leadership / Administration/Law,Leadership,agrees_with_previous_llm,substring_requires_transfer_review
Picture editor,3,author_substring,substring_unique_candidate,Culture,Culture-periphery,editor,Culture / Culture-periphery,Culture,agrees_with_previous_llm,substring_requires_transfer_review
Marine engineer,3,author_substring,substring_cross_l1_conflict,,,engineer; _marine,Discovery/Science / Explorer/Inventor/Developer; Leadership / Military,Discovery/Science,no_unique_author_l1_candidate,substring_requires_transfer_review; multiple_author_l1_candidates
Cyberneticist,3,no_author_rule,no_author_rule,,,,,Discovery/Science,no_unique_author_l1_candidate,no_author_rule
Agriculturist,3,author_exact,exact_unique,Other,Worker/Business (small),agriculturist,Other / Worker/Business (small),,author_candidate_previous_needs_review,
Minstrel,3,no_author_rule,no_author_rule,,,,,Culture,no_unique_author_l1_candidate,no_author_rule
Special Effects,3,author_exact,exact_unique,Culture,Culture-core,special_effects,Culture / Culture-core,,author_candidate_previous_needs_review,
Scholar-official,3,author_substring,substring_unique_candidate,Discovery/Science,Academia,scholar,Discovery/Science / Academia,Leadership,differs_from_previous_llm,substring_requires_transfer_review; previous_llm_l1_disagreement
Theatrical Set Designer,3,author_substring,substring_same_l1_multiple_l2,Culture,,theatrical; designer,Culture / Culture-core; Culture / Culture-periphery,Culture,agrees_with_previous_llm,substring_requires_transfer_review; multiple_author_l2_candidates
Architectural historian,3,author_substring,substring_cross_l1_conflict,,,architect; historian,Culture / Culture-periphery; Discovery/Science / Academia,Discovery/Science,no_unique_author_l1_candidate,substring_requires_transfer_review; multiple_author_l1_candidates
Immunologist,3,author_exact,exact_unique,Discovery/Science,Academia,immunologist,Discovery/Science / Academia,Discovery/Science,agrees_with_previous_llm,
Political strategist,3,author_substring,substring_unique_candidate,Leadership,Politics,political,Leadership / Politics,Leadership,agrees_with_previous_llm,substring_requires_transfer_review
News producer,3,author_substring,substring_unique_candidate,Culture,Culture-core,producer,Culture / Culture-core,Culture,agrees_with_previous_llm,substring_requires_transfer_review
Dental technician,3,author_exact,exact_unique,Other,Worker/Business (small),dental_technician,Other / Worker/Business (small),,author_candidate_previous_needs_review,
Horticulturalist,3,author_exact,exact_unique,Other,Worker/Business (small),horticulturalist,Other / Worker/Business (small),,author_candidate_previous_needs_review,
Flight engineer,3,author_substring,substring_unique_candidate,Discovery/Science,Explorer/Inventor/Developer,engineer,Discovery/Science / Explorer/Inventor/Developer,Discovery/Science,agrees_with_previous_llm,substring_requires_transfer_review
Ski Racer,3,author_substring,substring_unique_candidate,Sports/Games,Sports/Games,_racer_; _ski_,Sports/Games / Sports/Games,Sports/Games,agrees_with_previous_llm,substring_requires_transfer_review
Hacker,3,author_exact,exact_unique,Other,Other,_hacker_,Other / Other,,formal_author_other_previously_out_of_scope,
Ethologist,3,author_exact,exact_unique,Discovery/Science,Academia,ethologist,Discovery/Science / Academia,Discovery/Science,agrees_with_previous_llm,
Mental health professional,3,no_author_rule,no_author_rule,,,,,Discovery/Science,no_unique_author_l1_candidate,no_author_rule
Digital Marketing Strategist,3,author_substring,substring_unique_candidate,Other,Worker/Business (small),marketing,Other / Worker/Business (small),,author_candidate_previous_needs_review,substring_requires_transfer_review
Combat medic,3,no_author_rule,no_author_rule,,,,,Discovery/Science,no_unique_author_l1_candidate,no_author_rule
Letterer,3,no_author_rule,no_author_rule,,,,,Culture,no_unique_author_l1_candidate,no_author_rule
Game programmer,3,author_substring,substring_cross_l1_conflict,,,_game; programmer,Discovery/Science / Explorer/Inventor/Developer; Sports/Games / Sports/Games,Discovery/Science,no_unique_author_l1_candidate,substring_requires_transfer_review; multiple_author_l1_candidates
Private investigator,3,author_exact,exact_unique,Other,Worker/Business (small),private_investigator,Other / Worker/Business (small),,author_candidate_previous_needs_review,
Special Agent,3,no_author_rule,no_author_rule,,,,,,no_unique_author_l1_candidate,no_author_rule
A&R executive,3,author_substring,substring_unique_candidate,Leadership,Corporate/Executive/Business (large),executive,Leadership / Corporate/Executive/Business (large),Leadership,agrees_with_previous_llm,substring_requires_transfer_review
Assistant Property Master,3,no_author_rule,no_author_rule,,,,,,no_unique_author_l1_candidate,no_author_rule
Information Technology Consultant,3,author_substring,substring_unique_candidate,Other,Worker/Business (small),consultant,Other / Worker/Business (small),,author_candidate_previous_needs_review,substring_requires_transfer_review
Freelance Writer,3,author_substring,substring_unique_candidate,Culture,Culture-core,_writer,Culture / Culture-core,Culture,agrees_with_previous_llm,substring_requires_transfer_review
Hatter,3,author_exact,exact_unique,Other,Worker/Business (small),_hatter; hatter,Other / Worker/Business (small),,formal_author_other_previously_out_of_scope,
Political writer,3,author_substring,substring_cross_l1_conflict,,,_writer; political,Culture / Culture-core; Leadership / Politics,Culture,no_unique_author_l1_candidate,substring_requires_transfer_review; multiple_author_l1_candidates
Bouncer,3,no_author_rule,no_author_rule,,,,,,no_unique_author_l1_candidate,no_author_rule
Basketball Analyst,3,author_substring,substring_cross_l1_conflict,,,basket; analyst,Other / Worker/Business (small); Sports/Games / Sports/Games,Culture,no_unique_author_l1_candidate,substring_requires_transfer_review; multiple_author_l1_candidates
Helicopter Pilot,3,no_author_rule,no_author_rule,,,,,,no_unique_author_l1_candidate,no_author_rule
Hypnotist,3,no_author_rule,no_author_rule,,,,,,no_unique_author_l1_candidate,no_author_rule
White-collar worker,3,author_substring,substring_unique_candidate,Other,Worker/Business (small),worker,Other / Worker/Business (small),,formal_author_other_previously_out_of_scope,substring_requires_transfer_review
Burlesque stripper,3,author_substring,substring_unique_candidate,Other,Other,stripper,Other / Other,Culture,differs_from_previous_llm,substring_requires_transfer_review; previous_llm_l1_disagreement
Fashion Editor,3,author_substring,substring_unique_candidate,Culture,Culture-periphery,editor,Culture / Culture-periphery,Culture,agrees_with_previous_llm,substring_requires_transfer_review
Angel investor,3,author_substring,substring_unique_candidate,Leadership,Corporate/Executive/Business (large),investor,Leadership / Corporate/Executive/Business (large),,author_candidate_previous_needs_review,substring_requires_transfer_review
Parliamentarian,3,author_substring,substring_unique_candidate,Leadership,Politics,parliament,Leadership / Politics,Leadership,agrees_with_previous_llm,substring_requires_transfer_review
Blogger (Website),3,author_substring,substring_unique_candidate,Culture,Culture-periphery,blogger,Culture / Culture-periphery,Culture,agrees_with_previous_llm,substring_requires_transfer_review
Test pilot,3,author_exact,exact_unique,Leadership,Military,test_pilot,Leadership / Military,Discovery/Science,differs_from_previous_llm,previous_llm_l1_disagreement
Ophthalmologist,3,author_exact,exact_unique,Discovery/Science,Academia,ophthalmologist,Discovery/Science / Academia,Discovery/Science,agrees_with_previous_llm,
Marine biologist,3,author_substring,substring_cross_l1_conflict,,,biologist; _marine,Discovery/Science / Academia; Leadership / Military,Discovery/Science,no_unique_author_l1_candidate,substring_requires_transfer_review; multiple_author_l1_candidates
Construction Engineer,3,author_substring,substring_cross_l1_conflict,,,engineer; _construction,Discovery/Science / Explorer/Inventor/Developer; Leadership / Corporate/Executive/Business (large),Discovery/Science,no_unique_author_l1_candidate,substring_requires_transfer_review; multiple_author_l1_candidates
Set Production Assistant,2,no_author_rule,no_author_rule,,,,,,no_unique_author_l1_candidate,no_author_rule
Mufti,2,author_exact,exact_unique,Leadership,Religious,mufti,Leadership / Religious,Leadership,agrees_with_previous_llm,
Special Effects Designer,2,author_substring,substring_same_l1_multiple_l2,Culture,,special_effects; designer,Culture / Culture-core; Culture / Culture-periphery,Culture,agrees_with_previous_llm,substring_requires_transfer_review; multiple_author_l2_candidates
Rector,2,author_exact,exact_unique,Discovery/Science,Academia,_rector_,Discovery/Science / Academia,,author_candidate_previous_needs_review,
Wildlife biologist,2,author_substring,substring_unique_candidate,Discovery/Science,Academia,biologist,Discovery/Science / Academia,Discovery/Science,agrees_with_previous_llm,substring_requires_transfer_review
Station master,2,no_author_rule,no_author_rule,,,,,,no_unique_author_l1_candidate,no_author_rule
TV Meteorologist,2,author_substring,substring_unique_candidate,Discovery/Science,Academia,meteorologist,Discovery/Science / Academia,,author_candidate_previous_needs_review,substring_requires_transfer_review
Information systems technician,2,author_substring,substring_unique_candidate,Other,Worker/Business (small),technician,Other / Worker/Business (small),,author_candidate_previous_needs_review,substring_requires_transfer_review
Tour manager,2,author_substring,substring_unique_candidate,Leadership,Corporate/Executive/Business (large),manager,Leadership / Corporate/Executive/Business (large),,author_candidate_previous_needs_review,substring_requires_transfer_review
Alchemist,2,author_substring,substring_unique_candidate,Discovery/Science,Academia,chemist,Discovery/Science / Academia,,author_candidate_previous_needs_review,substring_requires_transfer_review
Lighting technician,2,author_substring,substring_unique_candidate,Other,Worker/Business (small),technician,Other / Worker/Business (small),,formal_author_other_previously_out_of_scope,substring_requires_transfer_review
Political philosopher,2,author_substring,substring_cross_l1_conflict,,,philosopher; political,Discovery/Science / Academia; Leadership / Politics,Discovery/Science,no_unique_author_l1_candidate,substring_requires_transfer_review; multiple_author_l1_candidates
Cinematography,2,author_substring,substring_unique_candidate,Culture,Culture-core,cinema,Culture / Culture-core,,author_candidate_previous_needs_review,substring_requires_transfer_review
Aeronautical Engineer,2,author_substring,substring_same_l1_multiple_l2,Discovery/Science,,aeronautical; engineer,Discovery/Science / Academia; Discovery/Science / Explorer/Inventor/Developer,Discovery/Science,agrees_with_previous_llm,substring_requires_transfer_review; multiple_author_l2_candidates
Literary executor,2,author_substring,substring_unique_candidate,Culture,Culture-core,_literary_,Culture / Culture-core,,author_candidate_previous_needs_review,substring_requires_transfer_review
Digital Artist,2,author_substring,substring_unique_candidate,Culture,Culture-core,_artist,Culture / Culture-core,Culture,agrees_with_previous_llm,substring_requires_transfer_review
Pro-life activist,2,author_substring,substring_unique_candidate,Leadership,Politics,activist,Leadership / Politics,,author_candidate_previous_needs_review,substring_requires_transfer_review
Set Dresser,2,no_author_rule,no_author_rule,,,,,Culture,no_unique_author_l1_candidate,no_author_rule
Registrar,2,no_author_rule,no_author_rule,,,,,,no_unique_author_l1_candidate,no_author_rule
Plus-size model,2,author_substring,substring_unique_candidate,Culture,Culture-periphery,_model_,Culture / Culture-periphery,Culture,agrees_with_previous_llm,substring_requires_transfer_review
Commissar,2,no_author_rule,no_author_rule,,,,,Leadership,no_unique_author_l1_candidate,no_author_rule
Music criticism,2,author_substring,substring_same_l1_multiple_l2,Culture,,_music; critic,Culture / Culture-core; Culture / Culture-periphery,,author_candidate_previous_needs_review,substring_requires_transfer_review; multiple_author_l2_candidates
Sound Effects Editor,2,author_substring,substring_unique_candidate,Culture,Culture-periphery,editor,Culture / Culture-periphery,Culture,agrees_with_previous_llm,substring_requires_transfer_review
Court reporter,2,author_substring,substring_unique_candidate,Culture,Culture-periphery,reporter,Culture / Culture-periphery,,author_candidate_previous_needs_review,substring_requires_transfer_review
People's Artist of Ukraine,2,author_substring,substring_unique_candidate,Culture,Culture-core,_artist,Culture / Culture-core,,author_candidate_previous_needs_review,substring_requires_transfer_review
Human computer,2,no_author_rule,no_author_rule,,,,,,no_unique_author_l1_candidate,no_author_rule
Sex Educator,2,author_substring,substring_unique_candidate,Discovery/Science,Academia,educator,Discovery/Science / Academia,Discovery/Science,agrees_with_previous_llm,substring_requires_transfer_review
Partisan,2,no_author_rule,no_author_rule,,,,,,no_unique_author_l1_candidate,no_author_rule
Army officer (retired),2,author_substring,substring_unique_candidate,Leadership,Military,_army_; officer_,Leadership / Military,Leadership,agrees_with_previous_llm,substring_requires_transfer_review
Floral Designer,2,author_substring,substring_unique_candidate,Culture,Culture-periphery,designer,Culture / Culture-periphery,Culture,agrees_with_previous_llm,substring_requires_transfer_review
Public figure,2,no_author_rule,no_author_rule,,,,,,no_unique_author_l1_candidate,no_author_rule
Etymologist,2,no_author_rule,no_author_rule,,,,,Discovery/Science,no_unique_author_l1_candidate,no_author_rule
Kannushi,2,no_author_rule,no_author_rule,,,,,Leadership,no_unique_author_l1_candidate,no_author_rule
Jazz Artist/Singer,2,author_substring,substring_unique_candidate,Culture,Culture-core,_artist; jazz; singer,Culture / Culture-core,Culture,agrees_with_previous_llm,substring_requires_transfer_review
Server,2,no_author_rule,no_author_rule,,,,,,no_unique_author_l1_candidate,no_author_rule
Search engine technology,2,no_author_rule,no_author_rule,,,,,,no_unique_author_l1_candidate,no_author_rule
Film Journalist,2,author_substring,substring_same_l1_multiple_l2,Culture,,_film_; journalist,Culture / Culture-core; Culture / Culture-periphery,Culture,agrees_with_previous_llm,substring_requires_transfer_review; multiple_author_l2_candidates
Dental assistant,2,no_author_rule,no_author_rule,,,,,,no_unique_author_l1_candidate,no_author_rule
Visionary,2,no_author_rule,no_author_rule,,,,,,no_unique_author_l1_candidate,no_author_rule
Magnate,2,author_exact,exact_unique,Leadership,Corporate/Executive/Business (large),_magnate_,Leadership / Corporate/Executive/Business (large),Leadership,agrees_with_previous_llm,
Climatologist,2,author_exact,exact_unique,Discovery/Science,Academia,climatologist,Discovery/Science / Academia,Discovery/Science,agrees_with_previous_llm,
Mountain guide,2,author_exact,exact_unique,Sports/Games,Sports/Games,mountain_guide,Sports/Games / Sports/Games,,author_candidate_previous_out_of_scope,
Greengrocer,2,author_substring,substring_unique_candidate,Other,Worker/Business (small),grocer,Other / Worker/Business (small),,author_candidate_previous_needs_review,substring_requires_transfer_review
Volcanologist,2,no_author_rule,no_author_rule,,,,,Discovery/Science,no_unique_author_l1_candidate,no_author_rule
Cardiac surgeon,2,author_substring,substring_unique_candidate,Discovery/Science,Academia,surgeon,Discovery/Science / Academia,Discovery/Science,agrees_with_previous_llm,substring_requires_transfer_review
Art Conservator,2,no_author_rule,no_author_rule,,,,,Culture,no_unique_author_l1_candidate,no_author_rule
Consul,2,author_exact,exact_unique,Leadership,Politics,consul_,Leadership / Politics,Leadership,agrees_with_previous_llm,
Quantitative analyst,2,author_substring,substring_unique_candidate,Other,Worker/Business (small),analyst,Other / Worker/Business (small),Discovery/Science,differs_from_previous_llm,substring_requires_transfer_review; previous_llm_l1_disagreement
Confidence artist,2,author_substring,substring_unique_candidate,Culture,Culture-core,_artist,Culture / Culture-core,,author_candidate_previous_out_of_scope,substring_requires_transfer_review
Methodist minister,2,author_substring,substring_unique_candidate,Leadership,Politics,minister,Leadership / Politics,Leadership,agrees_with_previous_llm,substring_requires_transfer_review
Pitchman,2,no_author_rule,no_author_rule,,,,,,no_unique_author_l1_candidate,no_author_rule
Podcaster,2,author_exact,exact_unique,Culture,Culture-core,podcaster,Culture / Culture-core,Culture,agrees_with_previous_llm,
Sports Columnist,2,author_substring,substring_cross_l1_conflict,,,_sport; columnist,Culture / Culture-periphery; Sports/Games / Sports/Games,Culture,no_unique_author_l1_candidate,substring_requires_transfer_review; multiple_author_l1_candidates
Boilermaker,2,author_exact,exact_unique,Other,Worker/Business (small),boilermaker,Other / Worker/Business (small),,formal_author_other_previously_out_of_scope,
Lineman,2,no_author_rule,no_author_rule,,,,,,no_unique_author_l1_candidate,no_author_rule
Medical Doctor,2,author_substring,substring_unique_candidate,Discovery/Science,Academia,doctor; medical,Discovery/Science / Academia,Discovery/Science,agrees_with_previous_llm,substring_requires_transfer_review
Lacrosse Player,2,author_substring,substring_unique_candidate,Sports/Games,Sports/Games,lacrosse; player,Sports/Games / Sports/Games,Sports/Games,agrees_with_previous_llm,substring_requires_transfer_review
Regent,2,author_exact,exact_unique,Leadership,Nobility,regent,Leadership / Nobility,Leadership,agrees_with_previous_llm,
Biblical Scholar,2,author_substring,substring_cross_l1_conflict,,,scholar; biblical,Discovery/Science / Academia; Leadership / Religious,Discovery/Science,no_unique_author_l1_candidate,substring_requires_transfer_review; multiple_author_l1_candidates
Nature Photographer,2,author_substring,substring_unique_candidate,Culture,Culture-core,photographer,Culture / Culture-core,Culture,agrees_with_previous_llm,substring_requires_transfer_review
Carpenter,2,author_exact,exact_unique,Other,Worker/Business (small),carpenter,Other / Worker/Business (small),,formal_author_other_previously_out_of_scope,
Dermatologist,2,author_exact,exact_unique,Discovery/Science,Academia,dermatologist,Discovery/Science / Academia,Discovery/Science,agrees_with_previous_llm,
Athletic trainer,2,author_substring,substring_unique_candidate,Sports/Games,Sports/Games,athletic; trainer,Sports/Games / Sports/Games,,author_candidate_previous_needs_review,substring_requires_transfer_review
Handyman,2,author_exact,exact_unique,Other,Worker/Business (small),handyman,Other / Worker/Business (small),,formal_author_other_previously_out_of_scope,
Bookbinder,2,author_exact,exact_unique,Other,Worker/Business (small),bookbinder,Other / Worker/Business (small),,author_candidate_previous_needs_review,
Legal Scholar,2,author_substring,substring_unique_candidate,Discovery/Science,Academia,scholar,Discovery/Science / Academia,Discovery/Science,agrees_with_previous_llm,substring_requires_transfer_review
Occupational Therapist,2,author_substring,substring_unique_candidate,Discovery/Science,Academia,therapist,Discovery/Science / Academia,Discovery/Science,agrees_with_previous_llm,substring_requires_transfer_review
Spymaster,2,author_exact,exact_unique,Leadership,Military,spymaster,Leadership / Military,Leadership,agrees_with_previous_llm,
Dog trainer,2,author_substring,substring_unique_candidate,Sports/Games,Sports/Games,trainer,Sports/Games / Sports/Games,,author_candidate_previous_needs_review,substring_requires_transfer_review
Shepherd,2,no_author_rule,no_author_rule,,,,,,no_unique_author_l1_candidate,no_author_rule
Criminal (Profession) #15,2,author_substring,substring_unique_candidate,Other,Other,criminal,Other / Other,,formal_author_other_previously_out_of_scope,substring_requires_transfer_review
Labor Union Leader,2,no_author_rule,no_author_rule,,,,,Leadership,no_unique_author_l1_candidate,no_author_rule
Semantic Web,2,no_author_rule,no_author_rule,,,,,,no_unique_author_l1_candidate,no_author_rule
Radio DJ,2,author_substring,substring_unique_candidate,Culture,Culture-periphery,_dj_; _radio_,Culture / Culture-periphery,Culture,agrees_with_previous_llm,substring_requires_transfer_review
Defense policy analyst,2,author_substring,substring_unique_candidate,Other,Worker/Business (small),analyst,Other / Worker/Business (small),Leadership,differs_from_previous_llm,substring_requires_transfer_review; previous_llm_l1_disagreement
Gamekeeper,2,author_substring,substring_unique_candidate,Sports/Games,Sports/Games,_game,Sports/Games / Sports/Games,,author_candidate_previous_out_of_scope,substring_requires_transfer_review
News director,2,no_author_rule,no_author_rule,,,,,Culture,no_unique_author_l1_candidate,no_author_rule
Glovemaker,2,no_author_rule,no_author_rule,,,,,,no_unique_author_l1_candidate,no_author_rule
Fashion entrepreneur,2,author_substring,substring_unique_candidate,Leadership,Corporate/Executive/Business (large),entrepreneur,Leadership / Corporate/Executive/Business (large),Leadership,agrees_with_previous_llm,substring_requires_transfer_review
Software Tester,2,no_author_rule,no_author_rule,,,,,Discovery/Science,no_unique_author_l1_candidate,no_author_rule
Conservation,2,no_author_rule,no_author_rule,,,,,,no_unique_author_l1_candidate,no_author_rule
Bushranger,2,author_exact,exact_unique,Other,Other,bushranger_,Other / Other,,formal_author_other_previously_out_of_scope,
Managing Director,2,no_author_rule,no_author_rule,,,,,Leadership,no_unique_author_l1_candidate,no_author_rule
Executive Management,2,author_substring,substring_unique_candidate,Leadership,Corporate/Executive/Business (large),executive; management,Leadership / Corporate/Executive/Business (large),,author_candidate_previous_needs_review,substring_requires_transfer_review
Emergency medical technician,2,author_substring,substring_cross_l1_conflict,,,medical; technician,Discovery/Science / Academia; Other / Worker/Business (small),Discovery/Science,no_unique_author_l1_candidate,substring_requires_transfer_review; multiple_author_l1_candidates
Political campaigner,2,author_substring,substring_unique_candidate,Leadership,Politics,campaign; political,Leadership / Politics,Leadership,agrees_with_previous_llm,substring_requires_transfer_review
Shop Owner,2,no_author_rule,no_author_rule,,,,,,no_unique_author_l1_candidate,no_author_rule
Environmental health officer,2,author_substring,substring_unique_candidate,Leadership,Military,officer_,Leadership / Military,Discovery/Science,differs_from_previous_llm,substring_requires_transfer_review; previous_llm_l1_disagreement
Television executive producer,2,author_substring,substring_cross_l1_conflict,,,producer; television; executive,Culture / Culture-core; Culture / Culture-periphery; Leadership / Corporate/Executive/Business (large),Culture,no_unique_author_l1_candidate,substring_requires_transfer_review; multiple_author_l1_candidates
Fetish model,2,author_substring,substring_unique_candidate,Culture,Culture-periphery,_model_,Culture / Culture-periphery,Culture,agrees_with_previous_llm,substring_requires_transfer_review
Drag queen,2,author_substring,substring_unique_candidate,Leadership,Nobility,_queen_,Leadership / Nobility,Culture,differs_from_previous_llm,substring_requires_transfer_review; previous_llm_l1_disagreement
Acrobatics,2,no_author_rule,no_author_rule,,,,,,no_unique_author_l1_candidate,no_author_rule
Contortionist,2,author_exact,exact_unique,Culture,Culture-core,contortionist,Culture / Culture-core,Culture,agrees_with_previous_llm,
American Football Official,2,author_substring,substring_unique_candidate,Sports/Games,Sports/Games,football,Sports/Games / Sports/Games,Sports/Games,agrees_with_previous_llm,substring_requires_transfer_review
Puppet Designer,2,author_substring,substring_unique_candidate,Culture,Culture-periphery,designer,Culture / Culture-periphery,Culture,agrees_with_previous_llm,substring_requires_transfer_review
English Professor,2,author_substring,substring_unique_candidate,Discovery/Science,Academia,professor,Discovery/Science / Academia,Discovery/Science,agrees_with_previous_llm,substring_requires_transfer_review
Fireman,2,author_exact,exact_unique,Other,Worker/Business (small),fireman_,Other / Worker/Business (small),,author_candidate_previous_needs_review,
Graphic Novelist,2,author_substring,substring_unique_candidate,Culture,Culture-core,novelist,Culture / Culture-core,Culture,agrees_with_previous_llm,substring_requires_transfer_review
Co-founder and Business Executive,2,author_substring,substring_unique_candidate,Leadership,Corporate/Executive/Business (large),business; executive,Leadership / Corporate/Executive/Business (large),Leadership,agrees_with_previous_llm,substring_requires_transfer_review
Prelate,2,author_exact,exact_unique,Leadership,Religious,prelate,Leadership / Religious,Leadership,agrees_with_previous_llm,
Dental hygienist,2,no_author_rule,no_author_rule,,,,,Discovery/Science,no_unique_author_l1_candidate,no_author_rule
Paranormal Investigator,2,author_substring,substring_unique_candidate,Other,Worker/Business (small),_investigator,Other / Worker/Business (small),,author_candidate_previous_needs_review,substring_requires_transfer_review
Civil Rights Leader,2,author_substring,substring_unique_candidate,Leadership,Politics,civil_rights,Leadership / Politics,Leadership,agrees_with_previous_llm,substring_requires_transfer_review
Kapellmeister,2,author_exact,exact_unique,Leadership,Religious,kapellmeister,Leadership / Religious,,author_candidate_previous_needs_review,
Theater Actress,2,author_substring,substring_unique_candidate,Culture,Culture-core,actress; theater,Culture / Culture-core,Culture,agrees_with_previous_llm,substring_requires_transfer_review
Charwoman,2,no_author_rule,no_author_rule,,,,,,no_unique_author_l1_candidate,no_author_rule
Materials Scientist,2,author_substring,substring_unique_candidate,Discovery/Science,Academia,scientist,Discovery/Science / Academia,Discovery/Science,agrees_with_previous_llm,substring_requires_transfer_review
Enzymologist,2,no_author_rule,no_author_rule,,,,,Discovery/Science,no_unique_author_l1_candidate,no_author_rule
Zookeeper,2,author_exact,exact_unique,Other,Worker/Business (small),zookeeper,Other / Worker/Business (small),,formal_author_other_previously_out_of_scope,
Network executive,2,author_substring,substring_unique_candidate,Leadership,Corporate/Executive/Business (large),executive,Leadership / Corporate/Executive/Business (large),Leadership,agrees_with_previous_llm,substring_requires_transfer_review
Shop assistant,2,no_author_rule,no_author_rule,,,,,,no_unique_author_l1_candidate,no_author_rule
Guest speaker,2,no_author_rule,no_author_rule,,,,,,no_unique_author_l1_candidate,no_author_rule
Child singer,2,author_substring,substring_cross_l1_conflict,,,singer; child_,Culture / Culture-core; Other / Family,Culture,no_unique_author_l1_candidate,substring_requires_transfer_review; multiple_author_l1_candidates
Bibliographer,2,author_exact,exact_unique,Culture,Culture-core,bibliographer,Culture / Culture-core,,author_candidate_previous_needs_review,
Dialogue Editor,2,author_substring,substring_unique_candidate,Culture,Culture-periphery,editor,Culture / Culture-periphery,Culture,agrees_with_previous_llm,substring_requires_transfer_review
Friar,2,author_exact,exact_unique,Leadership,Religious,_friar_,Leadership / Religious,Leadership,agrees_with_previous_llm,
Government agent,2,author_substring,substring_unique_candidate,Leadership,Politics,government,Leadership / Politics,,author_candidate_previous_needs_review,substring_requires_transfer_review
Civil law notary,2,author_substring,substring_unique_candidate,Leadership,Administration/Law,_law_; notary,Leadership / Administration/Law,Leadership,agrees_with_previous_llm,substring_requires_transfer_review
Script supervisor,2,author_substring,substring_unique_candidate,Culture,Culture-core,_script_,Culture / Culture-core,Culture,agrees_with_previous_llm,substring_requires_transfer_review
Airman,2,author_exact,exact_unique,Leadership,Military,_airman,Leadership / Military,Leadership,agrees_with_previous_llm,
TV Art Director,2,author_substring,substring_unique_candidate,Culture,Culture-core,art_director,Culture / Culture-core,Culture,agrees_with_previous_llm,substring_requires_transfer_review
Agricultural Scientist,2,author_substring,substring_unique_candidate,Discovery/Science,Academia,scientist,Discovery/Science / Academia,Discovery/Science,agrees_with_previous_llm,substring_requires_transfer_review
Big-game hunter,2,author_substring,substring_unique_candidate,Other,Worker/Business (small),_hunter,Other / Worker/Business (small),,formal_author_other_previously_out_of_scope,substring_requires_transfer_review
Archeologist,2,author_exact,exact_unique,Discovery/Science,Academia,archeologist,Discovery/Science / Academia,Discovery/Science,agrees_with_previous_llm,
Telegraphist,2,author_exact,exact_unique,Other,Worker/Business (small),telegraphist,Other / Worker/Business (small),,formal_author_other_previously_out_of_scope,
Character Designer,2,author_substring,substring_unique_candidate,Culture,Culture-periphery,designer,Culture / Culture-periphery,Culture,agrees_with_previous_llm,substring_requires_transfer_review
Filibuster,2,no_author_rule,no_author_rule,,,,,,no_unique_author_l1_candidate,no_author_rule
Parapsychologist,2,author_substring,substring_unique_candidate,Discovery/Science,Academia,psychologist,Discovery/Science / Academia,Discovery/Science,agrees_with_previous_llm,substring_requires_transfer_review
noblewoman,2,author_substring,substring_unique_candidate,Leadership,Nobility,noble,Leadership / Nobility,Leadership,agrees_with_previous_llm,substring_requires_transfer_review
Digital Marketing Consultant (Profession) #1,2,author_substring,substring_unique_candidate,Other,Worker/Business (small),consultant; marketing,Other / Worker/Business (small),,author_candidate_previous_needs_review,substring_requires_transfer_review
Soubrette,2,no_author_rule,no_author_rule,,,,,Culture,no_unique_author_l1_candidate,no_author_rule
Theatre teacher,2,author_substring,substring_cross_l1_conflict,,,theatre; teacher_,Culture / Culture-core; Discovery/Science / Academia,,no_unique_author_l1_candidate,substring_requires_transfer_review; multiple_author_l1_candidates
Systems Programmer,2,author_substring,substring_unique_candidate,Discovery/Science,Explorer/Inventor/Developer,programmer,Discovery/Science / Explorer/Inventor/Developer,Discovery/Science,agrees_with_previous_llm,substring_requires_transfer_review
Social Psychologist,2,author_substring,substring_unique_candidate,Discovery/Science,Academia,psychologist,Discovery/Science / Academia,Discovery/Science,agrees_with_previous_llm,substring_requires_transfer_review
Ship-owner,2,no_author_rule,no_author_rule,,,,,,no_unique_author_l1_candidate,no_author_rule
Janitor,2,author_exact,exact_unique,Other,Worker/Business (small),janitor,Other / Worker/Business (small),,formal_author_other_previously_out_of_scope,
Geochemist,2,author_substring,substring_unique_candidate,Discovery/Science,Academia,chemist,Discovery/Science / Academia,Discovery/Science,agrees_with_previous_llm,substring_requires_transfer_review
m/05hmb8k,2,no_author_rule,no_author_rule,,,,,,no_unique_author_l1_candidate,no_author_rule
Florist,2,author_exact,exact_unique,Other,Worker/Business (small),_florist,Other / Worker/Business (small),,formal_author_other_previously_out_of_scope,
Folk Artist,2,author_substring,substring_unique_candidate,Culture,Culture-core,_artist,Culture / Culture-core,Culture,agrees_with_previous_llm,substring_requires_transfer_review
Tax advisor,2,author_substring,substring_unique_candidate,Leadership,Politics,advisor,Leadership / Politics,,author_candidate_previous_needs_review,substring_requires_transfer_review
Orthopaedist,2,no_author_rule,no_author_rule,,,,,Discovery/Science,no_unique_author_l1_candidate,no_author_rule
Clerk (Profession) #147,2,author_substring,substring_unique_candidate,Other,Worker/Business (small),_clerk,Other / Worker/Business (small),,author_candidate_previous_needs_review,substring_requires_transfer_review
Tool and die maker,2,no_author_rule,no_author_rule,,,,,,no_unique_author_l1_candidate,no_author_rule
Chartered Surveyor,2,author_substring,substring_unique_candidate,Other,Worker/Business (small),surveyor,Other / Worker/Business (small),,author_candidate_previous_needs_review,substring_requires_transfer_review
Chief mate,2,no_author_rule,no_author_rule,,,,,,no_unique_author_l1_candidate,no_author_rule
Architectural historian (Profession) #1,2,author_substring,substring_cross_l1_conflict,,,architect; historian,Culture / Culture-periphery; Discovery/Science / Academia,Discovery/Science,no_unique_author_l1_candidate,substring_requires_transfer_review; multiple_author_l1_candidates
Peking opera,2,author_substring,substring_unique_candidate,Culture,Culture-core,_opera_,Culture / Culture-core,Culture,agrees_with_previous_llm,substring_requires_transfer_review
Road manager,2,author_substring,substring_unique_candidate,Leadership,Corporate/Executive/Business (large),manager,Leadership / Corporate/Executive/Business (large),Culture,differs_from_previous_llm,substring_requires_transfer_review; previous_llm_l1_disagreement
Pilot officer,2,author_exact,exact_unique,Leadership,Military,pilot_officer,Leadership / Military,Leadership,agrees_with_previous_llm,
Hermit (Profession),2,author_substring,substring_unique_candidate,Leadership,Religious,hermit,Leadership / Religious,,author_candidate_previous_out_of_scope,substring_requires_transfer_review
Highwayman,2,author_exact,exact_unique,Other,Worker/Business (small),highwayman,Other / Worker/Business (small),,formal_author_other_previously_out_of_scope,
Naval Architect,2,author_substring,substring_cross_l1_conflict,,,architect; naval_,Culture / Culture-periphery; Leadership / Military,Discovery/Science,no_unique_author_l1_candidate,substring_requires_transfer_review; multiple_author_l1_candidates
Art History Professor,2,author_substring,substring_unique_candidate,Discovery/Science,Academia,professor,Discovery/Science / Academia,Discovery/Science,agrees_with_previous_llm,substring_requires_transfer_review
Optician,2,author_exact,exact_unique,Other,Worker/Business (small),_optician,Other / Worker/Business (small),,author_candidate_previous_needs_review,
Castellan,2,author_exact,exact_unique,Leadership,Nobility,castellan,Leadership / Nobility,,author_candidate_previous_needs_review,
SEO Consultant,2,author_substring,substring_unique_candidate,Other,Worker/Business (small),consultant,Other / Worker/Business (small),,author_candidate_previous_needs_review,substring_requires_transfer_review
Mental health counselor,2,author_substring,substring_unique_candidate,Other,Worker/Business (small),counselor,Other / Worker/Business (small),Discovery/Science,differs_from_previous_llm,substring_requires_transfer_review; previous_llm_l1_disagreement
Colonel,2,author_exact,exact_unique,Leadership,Military,colonel,Leadership / Military,Leadership,agrees_with_previous_llm,
Softball Player,2,author_substring,substring_unique_candidate,Sports/Games,Sports/Games,player; softball,Sports/Games / Sports/Games,Sports/Games,agrees_with_previous_llm,substring_requires_transfer_review
Storekeeper,2,author_exact,exact_unique,Other,Worker/Business (small),storekeeper,Other / Worker/Business (small),,formal_author_other_previously_out_of_scope,
Broker,2,author_exact,exact_unique,Other,Worker/Business (small),broker,Other / Worker/Business (small),,author_candidate_previous_needs_review,
Bioinformatician,2,author_exact,exact_unique,Discovery/Science,Academia,bioinformatician,Discovery/Science / Academia,Discovery/Science,agrees_with_previous_llm,
Special Needs Counsellor,2,author_substring,substring_unique_candidate,Other,Worker/Business (small),counsellor,Other / Worker/Business (small),Discovery/Science,differs_from_previous_llm,substring_requires_transfer_review; previous_llm_l1_disagreement
Business Owner,2,author_substring,substring_unique_candidate,Leadership,Corporate/Executive/Business (large),business,Leadership / Corporate/Executive/Business (large),Leadership,agrees_with_previous_llm,substring_requires_transfer_review
Digital marketing,2,author_substring,substring_unique_candidate,Other,Worker/Business (small),marketing,Other / Worker/Business (small),,author_candidate_previous_needs_review,substring_requires_transfer_review
Search Engine Optimization (Industry) #1,2,no_author_rule,no_author_rule,,,,,,no_unique_author_l1_candidate,no_author_rule
Competitive Eater,2,no_author_rule,no_author_rule,,,,,Sports/Games,no_unique_author_l1_candidate,no_author_rule
Java Developer,2,author_substring,substring_unique_candidate,Discovery/Science,Explorer/Inventor/Developer,developer,Discovery/Science / Explorer/Inventor/Developer,Discovery/Science,agrees_with_previous_llm,substring_requires_transfer_review
Theater Manager,2,author_substring,substring_cross_l1_conflict,,,theater; manager,Culture / Culture-core; Leadership / Corporate/Executive/Business (large),,no_unique_author_l1_candidate,substring_requires_transfer_review; multiple_author_l1_candidates
Emergency physician,2,author_substring,substring_unique_candidate,Discovery/Science,Academia,physician,Discovery/Science / Academia,Discovery/Science,agrees_with_previous_llm,substring_requires_transfer_review
Lieutenant colonel,2,author_substring,substring_unique_candidate,Leadership,Military,colonel; lieutenant,Leadership / Military,Leadership,agrees_with_previous_llm,substring_requires_transfer_review
Publican,2,no_author_rule,no_author_rule,,,,,,no_unique_author_l1_candidate,no_author_rule
Admiral,2,author_exact,exact_unique,Leadership,Military,admiral,Leadership / Military,Leadership,agrees_with_previous_llm,
Vietnam veteran,2,author_substring,substring_unique_candidate,Leadership,Military,veteran,Leadership / Military,,author_candidate_previous_needs_review,substring_requires_transfer_review
Aquanaut,2,no_author_rule,no_author_rule,,,,,Discovery/Science,no_unique_author_l1_candidate,no_author_rule
Used Car Dealer,2,no_author_rule,no_author_rule,,,,,,no_unique_author_l1_candidate,no_author_rule
Clothing manufacturer,2,author_substring,substring_unique_candidate,Leadership,Corporate/Executive/Business (large),manufacturer,Leadership / Corporate/Executive/Business (large),,author_candidate_previous_needs_review,substring_requires_transfer_review
Labour leader,2,no_author_rule,no_author_rule,,,,,Leadership,no_unique_author_l1_candidate,no_author_rule
Paratrooper,2,author_exact,exact_unique,Leadership,Military,paratrooper,Leadership / Military,Leadership,agrees_with_previous_llm,
Human Rights Lawyer,2,author_substring,substring_unique_candidate,Leadership,Administration/Law,_lawyer,Leadership / Administration/Law,Leadership,agrees_with_previous_llm,substring_requires_transfer_review
Typeface designer,2,author_substring,substring_unique_candidate,Culture,Culture-periphery,designer,Culture / Culture-periphery,Culture,agrees_with_previous_llm,substring_requires_transfer_review
Lecturer,2,author_exact,exact_unique,Discovery/Science,Academia,lecturer,Discovery/Science / Academia,Discovery/Science,agrees_with_previous_llm,
Historian of Philosophy and Religion,2,author_substring,substring_unique_candidate,Discovery/Science,Academia,historian; philosophy,Discovery/Science / Academia,Discovery/Science,agrees_with_previous_llm,substring_requires_transfer_review
Petroleum geologist,2,author_substring,substring_unique_candidate,Discovery/Science,Academia,geologist,Discovery/Science / Academia,Discovery/Science,agrees_with_previous_llm,substring_requires_transfer_review
Voice Director,2,no_author_rule,no_author_rule,,,,,Culture,no_unique_author_l1_candidate,no_author_rule
Silversmith,2,author_exact,exact_unique,Culture,Culture-core,silversmith,Culture / Culture-core,,author_candidate_previous_out_of_scope,
Line producer,2,author_substring,substring_unique_candidate,Culture,Culture-core,producer,Culture / Culture-core,Culture,agrees_with_previous_llm,substring_requires_transfer_review
Stage management,2,author_substring,substring_cross_l1_conflict,,,_stage_; management,Culture / Culture-core; Leadership / Corporate/Executive/Business (large),,no_unique_author_l1_candidate,substring_requires_transfer_review; multiple_author_l1_candidates
Typesetting,2,no_author_rule,no_author_rule,,,,,,no_unique_author_l1_candidate,no_author_rule
Expert,2,no_author_rule,no_author_rule,,,,,,no_unique_author_l1_candidate,no_author_rule
Online Marketing Strategist,2,author_substring,substring_unique_candidate,Other,Worker/Business (small),marketing,Other / Worker/Business (small),,author_candidate_previous_needs_review,substring_requires_transfer_review
Broadway Producer,2,author_substring,substring_unique_candidate,Culture,Culture-core,producer,Culture / Culture-core,Culture,agrees_with_previous_llm,substring_requires_transfer_review
Caterer,2,no_author_rule,no_author_rule,,,,,,no_unique_author_l1_candidate,no_author_rule
Title Designer,2,author_substring,substring_unique_candidate,Culture,Culture-periphery,designer,Culture / Culture-periphery,Culture,agrees_with_previous_llm,substring_requires_transfer_review
Cultural Anthropologist,2,author_substring,substring_unique_candidate,Discovery/Science,Academia,anthropologist,Discovery/Science / Academia,Discovery/Science,agrees_with_previous_llm,substring_requires_transfer_review
Pilgrim Fathers,2,no_author_rule,no_author_rule,,,,,,no_unique_author_l1_candidate,no_author_rule
Tour promoter,2,no_author_rule,no_author_rule,,,,,,no_unique_author_l1_candidate,no_author_rule
Mercenary,2,author_exact,exact_unique,Leadership,Military,mercenary,Leadership / Military,Leadership,agrees_with_previous_llm,
Ecommerce Consultant,2,author_substring,substring_unique_candidate,Other,Worker/Business (small),consultant,Other / Worker/Business (small),,author_candidate_previous_needs_review,substring_requires_transfer_review
Theater Arts Educator,2,author_substring,substring_cross_l1_conflict,,,_arts_; theater; educator,Culture / Culture-core; Discovery/Science / Academia,,no_unique_author_l1_candidate,substring_requires_transfer_review; multiple_author_l1_candidates
Senior lieutenant,2,author_substring,substring_unique_candidate,Leadership,Military,lieutenant,Leadership / Military,Leadership,agrees_with_previous_llm,substring_requires_transfer_review
United States Naval Aviator,2,author_substring,substring_unique_candidate,Leadership,Military,aviator; naval_,Leadership / Military,Leadership,agrees_with_previous_llm,substring_requires_transfer_review
Independent contractor,2,no_author_rule,no_author_rule,,,,,,no_unique_author_l1_candidate,no_author_rule
Pilot trainer,2,author_substring,substring_unique_candidate,Sports/Games,Sports/Games,trainer,Sports/Games / Sports/Games,Discovery/Science,differs_from_previous_llm,substring_requires_transfer_review; previous_llm_l1_disagreement
Speech-language pathologist,2,author_substring,substring_unique_candidate,Discovery/Science,Academia,pathologist,Discovery/Science / Academia,Discovery/Science,agrees_with_previous_llm,substring_requires_transfer_review
Human Resources Officer,2,author_substring,substring_unique_candidate,Leadership,Military,officer_,Leadership / Military,,author_candidate_previous_needs_review,substring_requires_transfer_review
Shipwright,2,author_exact,exact_unique,Other,Worker/Business (small),shipwright,Other / Worker/Business (small),,formal_author_other_previously_out_of_scope,
Germanist,2,author_exact,exact_unique,Discovery/Science,Academia,germanist,Discovery/Science / Academia,Discovery/Science,agrees_with_previous_llm,
Lyric poet,2,author_substring,substring_unique_candidate,Culture,Culture-core,_poet,Culture / Culture-core,Culture,agrees_with_previous_llm,substring_requires_transfer_review
Notary public,2,author_substring,substring_unique_candidate,Leadership,Administration/Law,notary,Leadership / Administration/Law,Leadership,agrees_with_previous_llm,substring_requires_transfer_review
Bassoonist,2,author_exact,exact_unique,Culture,Culture-core,bassoonist,Culture / Culture-core,Culture,agrees_with_previous_llm,
Lepidopterist,2,author_exact,exact_unique,Discovery/Science,Academia,lepidopterist,Discovery/Science / Academia,Discovery/Science,agrees_with_previous_llm,
Software development,2,no_author_rule,no_author_rule,,,,,,no_unique_author_l1_candidate,no_author_rule
Financial planner,2,no_author_rule,no_author_rule,,,,,,no_unique_author_l1_candidate,no_author_rule
Councillor,2,author_exact,exact_unique,Leadership,Politics,councillor,Leadership / Politics,Leadership,agrees_with_previous_llm,
Urologist,2,author_exact,exact_unique,Discovery/Science,Academia,urologist,Discovery/Science / Academia,Discovery/Science,agrees_with_previous_llm,
Oil Executive,2,author_substring,substring_unique_candidate,Leadership,Corporate/Executive/Business (large),executive,Leadership / Corporate/Executive/Business (large),Leadership,agrees_with_previous_llm,substring_requires_transfer_review
Demographer,2,author_exact,exact_unique,Discovery/Science,Academia,demographer,Discovery/Science / Academia,Discovery/Science,agrees_with_previous_llm,
Roboticist,2,no_author_rule,no_author_rule,,,,,Discovery/Science,no_unique_author_l1_candidate,no_author_rule
Canadian football player,2,author_substring,substring_unique_candidate,Sports/Games,Sports/Games,football; player,Sports/Games / Sports/Games,Sports/Games,agrees_with_previous_llm,substring_requires_transfer_review
Didgeridooist,2,no_author_rule,no_author_rule,,,,,Culture,no_unique_author_l1_candidate,no_author_rule
Professional Wrestling Promoter,2,author_substring,substring_unique_candidate,Sports/Games,Sports/Games,wrestling,Sports/Games / Sports/Games,Sports/Games,agrees_with_previous_llm,substring_requires_transfer_review
Draper,2,author_exact,exact_unique,Other,Worker/Business (small),_draper_,Other / Worker/Business (small),,formal_author_other_previously_out_of_scope,
Homeopath,2,author_exact,exact_unique,Discovery/Science,Academia,homeopath,Discovery/Science / Academia,,author_candidate_previous_needs_review,
Travel Agent,2,author_exact,exact_unique,Other,Worker/Business (small),travel_agent,Other / Worker/Business (small),,formal_author_other_previously_out_of_scope,
Appraiser,2,no_author_rule,no_author_rule,,,,,,no_unique_author_l1_candidate,no_author_rule
Window dresser,2,no_author_rule,no_author_rule,,,,,Culture,no_unique_author_l1_candidate,no_author_rule
Editorial Writer,2,author_substring,substring_same_l1_multiple_l2,Culture,,_writer; editor,Culture / Culture-core; Culture / Culture-periphery,Culture,agrees_with_previous_llm,substring_requires_transfer_review; multiple_author_l2_candidates
Cabinet maker,2,author_exact,exact_unique,Culture,Culture-core,cabinet_maker,Culture / Culture-core,,author_candidate_previous_out_of_scope,
Liaison officer,2,author_substring,substring_unique_candidate,Leadership,Military,officer_,Leadership / Military,,author_candidate_previous_needs_review,substring_requires_transfer_review
Adjunct Professor,2,author_substring,substring_unique_candidate,Discovery/Science,Academia,professor,Discovery/Science / Academia,Discovery/Science,agrees_with_previous_llm,substring_requires_transfer_review
Driller,2,no_author_rule,no_author_rule,,,,,,no_unique_author_l1_candidate,no_author_rule
Turntablist,1,no_author_rule,no_author_rule,,,,,Culture,no_unique_author_l1_candidate,no_author_rule
Commissioner of Baseball,1,author_substring,substring_cross_l1_conflict,,,baseball; commissioner,Leadership / Administration/Law; Sports/Games / Sports/Games,Sports/Games,no_unique_author_l1_candidate,substring_requires_transfer_review; multiple_author_l1_candidates
Payroll (Profession),1,no_author_rule,no_author_rule,,,,,,no_unique_author_l1_candidate,no_author_rule
Indologist,1,author_exact,exact_unique,Discovery/Science,Academia,indologist,Discovery/Science / Academia,Discovery/Science,agrees_with_previous_llm,
primary school headmaster,1,author_substring,substring_unique_candidate,Leadership,Corporate/Executive/Business (large),headmaster,Leadership / Corporate/Executive/Business (large),,author_candidate_previous_needs_review,substring_requires_transfer_review
glass artist,1,author_substring,substring_unique_candidate,Culture,Culture-core,_artist,Culture / Culture-core,Culture,agrees_with_previous_llm,substring_requires_transfer_review
Open source/Internet technologist,1,no_author_rule,no_author_rule,,,,,Discovery/Science,no_unique_author_l1_candidate,no_author_rule
Master Quarrier,1,no_author_rule,no_author_rule,,,,,,no_unique_author_l1_candidate,no_author_rule
Developer,1,author_exact,exact_unique,Discovery/Science,Explorer/Inventor/Developer,developer,Discovery/Science / Explorer/Inventor/Developer,,author_candidate_previous_needs_review,
Film Photographer,1,author_substring,substring_unique_candidate,Culture,Culture-core,_film_; photographer,Culture / Culture-core,Culture,agrees_with_previous_llm,substring_requires_transfer_review
Bellhop,1,no_author_rule,no_author_rule,,,,,,no_unique_author_l1_candidate,no_author_rule
Classical Indian Music Performer,1,author_substring,substring_unique_candidate,Culture,Culture-core,_music; performer,Culture / Culture-core,Culture,agrees_with_previous_llm,substring_requires_transfer_review
Toxicologist,1,author_exact,exact_unique,Discovery/Science,Academia,toxicologist,Discovery/Science / Academia,Discovery/Science,agrees_with_previous_llm,
Cosmetics,1,no_author_rule,no_author_rule,,,,,,no_unique_author_l1_candidate,no_author_rule
Handmade soap,1,no_author_rule,no_author_rule,,,,,,no_unique_author_l1_candidate,no_author_rule
Soap Maker,1,no_author_rule,no_author_rule,,,,,,no_unique_author_l1_candidate,no_author_rule
Audiologist,1,author_substring,substring_unique_candidate,Culture,Culture-periphery,_audio,Culture / Culture-periphery,Discovery/Science,differs_from_previous_llm,substring_requires_transfer_review; previous_llm_l1_disagreement
Computer Graphics Animator,1,author_substring,substring_unique_candidate,Culture,Culture-core,animator,Culture / Culture-core,Culture,agrees_with_previous_llm,substring_requires_transfer_review
Digital Marketing Consultant,1,author_substring,substring_unique_candidate,Other,Worker/Business (small),consultant; marketing,Other / Worker/Business (small),,author_candidate_previous_needs_review,substring_requires_transfer_review
Fashion Illustrator,1,author_substring,substring_unique_candidate,Culture,Culture-periphery,illustrator,Culture / Culture-periphery,Culture,agrees_with_previous_llm,substring_requires_transfer_review
Genetics Counselor,1,author_substring,substring_cross_l1_conflict,,,genetics; counselor,Discovery/Science / Academia; Other / Worker/Business (small),Discovery/Science,no_unique_author_l1_candidate,substring_requires_transfer_review; multiple_author_l1_candidates
Boom Operator,1,author_substring,substring_unique_candidate,Other,Worker/Business (small),operator,Other / Worker/Business (small),Culture,differs_from_previous_llm,substring_requires_transfer_review; previous_llm_l1_disagreement
Make-Up Designer,1,author_substring,substring_unique_candidate,Culture,Culture-periphery,designer,Culture / Culture-periphery,Culture,agrees_with_previous_llm,substring_requires_transfer_review
Nuclear Physicist,1,author_substring,substring_unique_candidate,Discovery/Science,Academia,physicist,Discovery/Science / Academia,Discovery/Science,agrees_with_previous_llm,substring_requires_transfer_review
Orthodontist,1,author_exact,exact_unique,Other,Worker/Business (small),orthodontist,Other / Worker/Business (small),Discovery/Science,differs_from_previous_llm,previous_llm_l1_disagreement
Visual Effects Technician,1,author_substring,substring_cross_l1_conflict,,,visual_effects; technician,Culture / Culture-core; Other / Worker/Business (small),Culture,no_unique_author_l1_candidate,substring_requires_transfer_review; multiple_author_l1_candidates
Real Tennis Professional,1,author_substring,substring_unique_candidate,Sports/Games,Sports/Games,tennis,Sports/Games / Sports/Games,Sports/Games,agrees_with_previous_llm,substring_requires_transfer_review
Intellectual Historian,1,author_substring,substring_unique_candidate,Discovery/Science,Academia,historian; intellectual,Discovery/Science / Academia,Discovery/Science,agrees_with_previous_llm,substring_requires_transfer_review
Corrector,1,no_author_rule,no_author_rule,,,,,,no_unique_author_l1_candidate,no_author_rule
Plantation owner,1,no_author_rule,no_author_rule,,,,,Leadership,no_unique_author_l1_candidate,no_author_rule
Milkmaid,1,no_author_rule,no_author_rule,,,,,,no_unique_author_l1_candidate,no_author_rule
Sinologist,1,author_exact,exact_unique,Discovery/Science,Academia,sinologist,Discovery/Science / Academia,Discovery/Science,agrees_with_previous_llm,
Babysitter,1,no_author_rule,no_author_rule,,,,,,no_unique_author_l1_candidate,no_author_rule
Nurse practitioner,1,author_substring,substring_unique_candidate,Discovery/Science,Academia,nurse,Discovery/Science / Academia,Discovery/Science,agrees_with_previous_llm,substring_requires_transfer_review
Diagnostic radiographer,1,no_author_rule,no_author_rule,,,,,Discovery/Science,no_unique_author_l1_candidate,no_author_rule
Hospital corpsman,1,no_author_rule,no_author_rule,,,,,,no_unique_author_l1_candidate,no_author_rule
Children's writer,1,author_substring,substring_unique_candidate,Culture,Culture-core,_writer,Culture / Culture-core,Culture,agrees_with_previous_llm,substring_requires_transfer_review
VFX creative director,1,author_substring,substring_unique_candidate,Culture,Culture-core,creative,Culture / Culture-core,Culture,agrees_with_previous_llm,substring_requires_transfer_review
Construction Foreman,1,author_substring,substring_cross_l1_conflict,,,_construction; _foreman,Leadership / Corporate/Executive/Business (large); Other / Worker/Business (small),,no_unique_author_l1_candidate,substring_requires_transfer_review; multiple_author_l1_candidates
Parson,1,author_exact,exact_unique,Leadership,Religious,parson,Leadership / Religious,Leadership,agrees_with_previous_llm,
Grammarian,1,author_exact,exact_unique,Discovery/Science,Academia,grammarian,Discovery/Science / Academia,Discovery/Science,agrees_with_previous_llm,
Graphic Artist (Film job) #1,1,author_substring,substring_unique_candidate,Culture,Culture-core,_artist,Culture / Culture-core,Culture,agrees_with_previous_llm,substring_requires_transfer_review
Gerontologist,1,author_exact,exact_unique,Discovery/Science,Academia,gerontologist,Discovery/Science / Academia,Discovery/Science,agrees_with_previous_llm,
Costume Supervisor,1,no_author_rule,no_author_rule,,,,,Culture,no_unique_author_l1_candidate,no_author_rule
Software Engineering,1,author_substring,substring_unique_candidate,Discovery/Science,Explorer/Inventor/Developer,engineer,Discovery/Science / Explorer/Inventor/Developer,,author_candidate_previous_needs_review,substring_requires_transfer_review
Certified Sex Therapist,1,author_substring,substring_unique_candidate,Discovery/Science,Academia,therapist,Discovery/Science / Academia,Discovery/Science,agrees_with_previous_llm,substring_requires_transfer_review
Headmaster,1,author_exact,exact_unique,Leadership,Corporate/Executive/Business (large),headmaster,Leadership / Corporate/Executive/Business (large),,author_candidate_previous_needs_review,
Silent Film Actress,1,author_substring,substring_unique_candidate,Culture,Culture-core,_film_; actress,Culture / Culture-core,Culture,agrees_with_previous_llm,substring_requires_transfer_review
Majordomo,1,no_author_rule,no_author_rule,,,,,,no_unique_author_l1_candidate,no_author_rule
Makeup Effects Artist,1,author_substring,substring_unique_candidate,Culture,Culture-core,_artist,Culture / Culture-core,Culture,agrees_with_previous_llm,substring_requires_transfer_review
Special Makeup Effects Artist,1,author_substring,substring_unique_candidate,Culture,Culture-core,_artist,Culture / Culture-core,Culture,agrees_with_previous_llm,substring_requires_transfer_review
supermarket executive,1,author_substring,substring_unique_candidate,Leadership,Corporate/Executive/Business (large),executive,Leadership / Corporate/Executive/Business (large),Leadership,agrees_with_previous_llm,substring_requires_transfer_review
United States Post Office Department,1,no_author_rule,no_author_rule,,,,,,no_unique_author_l1_candidate,no_author_rule
FLMI,1,no_author_rule,no_author_rule,,,,,,no_unique_author_l1_candidate,no_author_rule
Rock Climber,1,author_substring,substring_cross_l1_conflict,,,climb; _rock_,Culture / Culture-core; Sports/Games / Sports/Games,Sports/Games,no_unique_author_l1_candidate,substring_requires_transfer_review; multiple_author_l1_candidates
Fashion Director,1,no_author_rule,no_author_rule,,,,,Culture,no_unique_author_l1_candidate,no_author_rule
Muezzin,1,no_author_rule,no_author_rule,,,,,Leadership,no_unique_author_l1_candidate,no_author_rule
Scout,1,author_exact,exact_unique,Other,Other,_scout_,Other / Other,,author_candidate_previous_needs_review,
Rural Mail Carrier,1,no_author_rule,no_author_rule,,,,,,no_unique_author_l1_candidate,no_author_rule
Light Artist,1,author_substring,substring_unique_candidate,Culture,Culture-core,_artist,Culture / Culture-core,Culture,agrees_with_previous_llm,substring_requires_transfer_review
Child Psychologist,1,author_substring,substring_cross_l1_conflict,,,psychologist; child_,Discovery/Science / Academia; Other / Family,Discovery/Science,no_unique_author_l1_candidate,substring_requires_transfer_review; multiple_author_l1_candidates
Colourist,1,author_exact,exact_unique,Culture,Culture-periphery,colourist,Culture / Culture-periphery,,author_candidate_previous_needs_review,
Online Marketing Consultant,1,author_substring,substring_unique_candidate,Other,Worker/Business (small),consultant; marketing,Other / Worker/Business (small),,author_candidate_previous_needs_review,substring_requires_transfer_review
Senior Consultant,1,author_substring,substring_unique_candidate,Other,Worker/Business (small),consultant,Other / Worker/Business (small),,author_candidate_previous_needs_review,substring_requires_transfer_review
Grip,1,no_author_rule,no_author_rule,,,,,Culture,no_unique_author_l1_candidate,no_author_rule
Wool classing,1,no_author_rule,no_author_rule,,,,,,no_unique_author_l1_candidate,no_author_rule
Lightworker,1,author_substring,substring_unique_candidate,Other,Worker/Business (small),worker,Other / Worker/Business (small),,author_candidate_previous_needs_review,substring_requires_transfer_review
Plantsman,1,no_author_rule,no_author_rule,,,,,,no_unique_author_l1_candidate,no_author_rule
Dermatology,1,no_author_rule,no_author_rule,,,,,,no_unique_author_l1_candidate,no_author_rule
Taxidermist,1,no_author_rule,no_author_rule,,,,,,no_unique_author_l1_candidate,no_author_rule
Astrobiologist,1,author_substring,substring_unique_candidate,Discovery/Science,Academia,biologist,Discovery/Science / Academia,Discovery/Science,agrees_with_previous_llm,substring_requires_transfer_review
Planetary scientist,1,author_substring,substring_unique_candidate,Discovery/Science,Academia,scientist,Discovery/Science / Academia,Discovery/Science,agrees_with_previous_llm,substring_requires_transfer_review
Clinician,1,author_exact,exact_unique,Discovery/Science,Academia,clinician,Discovery/Science / Academia,Discovery/Science,agrees_with_previous_llm,
Event planner,1,author_exact,exact_unique,Culture,Culture-periphery,event_planner,Culture / Culture-periphery,,author_candidate_previous_needs_review,
Massage therapist,1,author_substring,substring_unique_candidate,Discovery/Science,Academia,therapist,Discovery/Science / Academia,,author_candidate_previous_needs_review,substring_requires_transfer_review
Canine Professional,1,no_author_rule,no_author_rule,,,,,,no_unique_author_l1_candidate,no_author_rule
Tenor Saxophonist,1,author_substring,substring_unique_candidate,Culture,Culture-core,_tenor_; saxophonist,Culture / Culture-core,Culture,agrees_with_previous_llm,substring_requires_transfer_review
Hitman,1,author_exact,exact_unique,Other,Other,_hitman_,Other / Other,,formal_author_other_previously_out_of_scope,
Speculative writer,1,author_substring,substring_unique_candidate,Culture,Culture-core,_writer,Culture / Culture-core,Culture,agrees_with_previous_llm,substring_requires_transfer_review
Tokoyama,1,no_author_rule,no_author_rule,,,,,,no_unique_author_l1_candidate,no_author_rule
Web design,1,no_author_rule,no_author_rule,,,,,,no_unique_author_l1_candidate,no_author_rule
Art therapist,1,author_substring,substring_unique_candidate,Discovery/Science,Academia,therapist,Discovery/Science / Academia,,author_candidate_previous_needs_review,substring_requires_transfer_review
Horologist,1,author_exact,exact_unique,Culture,Culture-core,horologist,Culture / Culture-core,Discovery/Science,differs_from_previous_llm,previous_llm_l1_disagreement
Poltician,1,no_author_rule,no_author_rule,,,,,,no_unique_author_l1_candidate,no_author_rule
Information scientist,1,author_substring,substring_unique_candidate,Discovery/Science,Academia,scientist,Discovery/Science / Academia,Discovery/Science,agrees_with_previous_llm,substring_requires_transfer_review
Prison officer,1,author_substring,substring_unique_candidate,Leadership,Military,officer_,Leadership / Military,Leadership,agrees_with_previous_llm,substring_requires_transfer_review
Sketch Artist,1,author_substring,substring_unique_candidate,Culture,Culture-core,_artist,Culture / Culture-core,Culture,agrees_with_previous_llm,substring_requires_transfer_review
Production coordinator,1,no_author_rule,no_author_rule,,,,,,no_unique_author_l1_candidate,no_author_rule
Griot,1,author_exact,exact_unique,Culture,Culture-core,griot,Culture / Culture-core,Culture,agrees_with_previous_llm,
Non-commissioned officer,1,author_substring,substring_unique_candidate,Leadership,Military,officer_,Leadership / Military,Leadership,agrees_with_previous_llm,substring_requires_transfer_review
Artistic Director (Job title),1,author_substring,substring_unique_candidate,Culture,Culture-core,_artist,Culture / Culture-core,Culture,agrees_with_previous_llm,substring_requires_transfer_review
College Student,1,no_author_rule,no_author_rule,,,,,,no_unique_author_l1_candidate,no_author_rule
Music Programmer,1,author_substring,substring_cross_l1_conflict,,,_music; programmer,Culture / Culture-core; Discovery/Science / Explorer/Inventor/Developer,Culture,no_unique_author_l1_candidate,substring_requires_transfer_review; multiple_author_l1_candidates
Cavalryman,1,no_author_rule,no_author_rule,,,,,Leadership,no_unique_author_l1_candidate,no_author_rule
"Commanding General, Multi-National Force - Iraq",1,author_substring,substring_unique_candidate,Leadership,Military,_force_,Leadership / Military,Leadership,agrees_with_previous_llm,substring_requires_transfer_review
Psychedelic art,1,no_author_rule,no_author_rule,,,,,,no_unique_author_l1_candidate,no_author_rule
Industrial Supplies Merchant Wholesalers,1,author_substring,substring_cross_l1_conflict,,,industrial; merchant; wholesale,Leadership / Corporate/Executive/Business (large); Other / Worker/Business (small),,no_unique_author_l1_candidate,substring_requires_transfer_review; multiple_author_l1_candidates
Car Worker,1,author_substring,substring_unique_candidate,Other,Worker/Business (small),worker,Other / Worker/Business (small),,formal_author_other_previously_out_of_scope,substring_requires_transfer_review
Deli Manager,1,author_substring,substring_unique_candidate,Leadership,Corporate/Executive/Business (large),manager,Leadership / Corporate/Executive/Business (large),,author_candidate_previous_out_of_scope,substring_requires_transfer_review
Historian of Photography,1,author_substring,substring_cross_l1_conflict,,,photography; historian,Culture / Culture-core; Discovery/Science / Academia,Discovery/Science,no_unique_author_l1_candidate,substring_requires_transfer_review; multiple_author_l1_candidates
Horse trader,1,author_substring,substring_unique_candidate,Leadership,Corporate/Executive/Business (large),trader,Leadership / Corporate/Executive/Business (large),,author_candidate_previous_needs_review,substring_requires_transfer_review
Swimming coach,1,author_substring,substring_unique_candidate,Sports/Games,Sports/Games,coach; swimming,Sports/Games / Sports/Games,Sports/Games,agrees_with_previous_llm,substring_requires_transfer_review
Merchant navy,1,author_substring,substring_same_l1_multiple_l2,Leadership,,merchant; navy,Leadership / Corporate/Executive/Business (large); Leadership / Military,,author_candidate_previous_needs_review,substring_requires_transfer_review; multiple_author_l2_candidates
Script coordinator,1,author_substring,substring_unique_candidate,Culture,Culture-core,_script_,Culture / Culture-core,Culture,agrees_with_previous_llm,substring_requires_transfer_review
"musician, mastering engineer",1,author_substring,substring_cross_l1_conflict,,,_music; musician; engineer,Culture / Culture-core; Discovery/Science / Explorer/Inventor/Developer,Culture,no_unique_author_l1_candidate,substring_requires_transfer_review; multiple_author_l1_candidates
Special Effects Creator,1,author_substring,substring_unique_candidate,Culture,Culture-core,_creator_; special_effects,Culture / Culture-core,Culture,agrees_with_previous_llm,substring_requires_transfer_review
Teamster,1,author_exact,exact_unique,Other,Worker/Business (small),teamster,Other / Worker/Business (small),,formal_author_other_previously_out_of_scope,
Environmental Writer,1,author_substring,substring_unique_candidate,Culture,Culture-core,_writer,Culture / Culture-core,Culture,agrees_with_previous_llm,substring_requires_transfer_review
Karate Instructor,1,author_substring,substring_cross_l1_conflict,,,karate; instructor,Discovery/Science / Academia; Sports/Games / Sports/Games,Sports/Games,no_unique_author_l1_candidate,substring_requires_transfer_review; multiple_author_l1_candidates
Dormitory Matron,1,no_author_rule,no_author_rule,,,,,,no_unique_author_l1_candidate,no_author_rule
Fashion Consultant,1,author_substring,substring_unique_candidate,Other,Worker/Business (small),consultant,Other / Worker/Business (small),Culture,differs_from_previous_llm,substring_requires_transfer_review; previous_llm_l1_disagreement
Product Designer,1,author_substring,substring_unique_candidate,Culture,Culture-periphery,designer,Culture / Culture-periphery,,author_candidate_previous_needs_review,substring_requires_transfer_review
Seashore Hotel,1,no_author_rule,no_author_rule,,,,,,no_unique_author_l1_candidate,no_author_rule
Deputy mayor,1,author_substring,substring_unique_candidate,Leadership,Politics,deputy; mayor,Leadership / Politics,Leadership,agrees_with_previous_llm,substring_requires_transfer_review
System Administrator,1,author_substring,substring_unique_candidate,Leadership,Administration/Law,administrator,Leadership / Administration/Law,,author_candidate_previous_needs_review,substring_requires_transfer_review
Agricultural Agent,1,no_author_rule,no_author_rule,,,,,,no_unique_author_l1_candidate,no_author_rule
Metalsmith,1,no_author_rule,no_author_rule,,,,,,no_unique_author_l1_candidate,no_author_rule
machineworker,1,author_substring,substring_unique_candidate,Other,Worker/Business (small),worker,Other / Worker/Business (small),,formal_author_other_previously_out_of_scope,substring_requires_transfer_review
Director of Special Effects,1,author_substring,substring_unique_candidate,Culture,Culture-core,special_effects,Culture / Culture-core,Culture,agrees_with_previous_llm,substring_requires_transfer_review
Film cinematographer,1,author_substring,substring_unique_candidate,Culture,Culture-core,_film_; cinema; cinematographer,Culture / Culture-core,Culture,agrees_with_previous_llm,substring_requires_transfer_review
Distillery Worker,1,author_substring,substring_unique_candidate,Other,Worker/Business (small),distiller; worker,Other / Worker/Business (small),,formal_author_other_previously_out_of_scope,substring_requires_transfer_review
Logger,1,no_author_rule,no_author_rule,,,,,,no_unique_author_l1_candidate,no_author_rule
Company Secretary,1,author_substring,substring_unique_candidate,Leadership,Politics,secretary,Leadership / Politics,Leadership,agrees_with_previous_llm,substring_requires_transfer_review
Cognitive Psychologist,1,author_substring,substring_unique_candidate,Discovery/Science,Academia,psychologist,Discovery/Science / Academia,Discovery/Science,agrees_with_previous_llm,substring_requires_transfer_review
Gymnastics Teacher,1,author_substring,substring_cross_l1_conflict,,,gymnast; teacher_,Discovery/Science / Academia; Sports/Games / Sports/Games,Sports/Games,no_unique_author_l1_candidate,substring_requires_transfer_review; multiple_author_l1_candidates
Courtesan,1,author_exact,exact_unique,Leadership,Nobility,courtesan,Leadership / Nobility,,author_candidate_previous_out_of_scope,
Clinical Systems Analyst,1,author_substring,substring_unique_candidate,Other,Worker/Business (small),analyst,Other / Worker/Business (small),Discovery/Science,differs_from_previous_llm,substring_requires_transfer_review; previous_llm_l1_disagreement
Occupational Therapy Educator,1,author_substring,substring_unique_candidate,Discovery/Science,Academia,educator,Discovery/Science / Academia,Discovery/Science,agrees_with_previous_llm,substring_requires_transfer_review
Surgical Nurse,1,author_substring,substring_unique_candidate,Discovery/Science,Academia,nurse,Discovery/Science / Academia,Discovery/Science,agrees_with_previous_llm,substring_requires_transfer_review
Child Psychiatrist,1,author_substring,substring_cross_l1_conflict,,,psychiatrist; child_,Discovery/Science / Academia; Other / Family,Discovery/Science,no_unique_author_l1_candidate,substring_requires_transfer_review; multiple_author_l1_candidates
Drama Critic,1,author_substring,substring_same_l1_multiple_l2,Culture,,_drama; critic,Culture / Culture-core; Culture / Culture-periphery,Culture,agrees_with_previous_llm,substring_requires_transfer_review; multiple_author_l2_candidates
Automotive design,1,no_author_rule,no_author_rule,,,,,,no_unique_author_l1_candidate,no_author_rule
Electrical contractor,1,no_author_rule,no_author_rule,,,,,,no_unique_author_l1_candidate,no_author_rule
Transient laborer,1,author_substring,substring_unique_candidate,Other,Worker/Business (small),laborer,Other / Worker/Business (small),,formal_author_other_previously_out_of_scope,substring_requires_transfer_review
First Assistant Director,1,no_author_rule,no_author_rule,,,,,Culture,no_unique_author_l1_candidate,no_author_rule
Assistant Director,1,no_author_rule,no_author_rule,,,,,Culture,no_unique_author_l1_candidate,no_author_rule
port worker,1,author_substring,substring_unique_candidate,Other,Worker/Business (small),worker,Other / Worker/Business (small),,formal_author_other_previously_out_of_scope,substring_requires_transfer_review
Stage combat,1,author_substring,substring_unique_candidate,Culture,Culture-core,_stage_,Culture / Culture-core,,author_candidate_previous_needs_review,substring_requires_transfer_review
Woodcutter,1,no_author_rule,no_author_rule,,,,,,no_unique_author_l1_candidate,no_author_rule
Aeronautics instructor,1,author_substring,substring_unique_candidate,Discovery/Science,Academia,instructor,Discovery/Science / Academia,Discovery/Science,agrees_with_previous_llm,substring_requires_transfer_review
Pool Player,1,author_substring,substring_unique_candidate,Sports/Games,Sports/Games,player,Sports/Games / Sports/Games,Sports/Games,agrees_with_previous_llm,substring_requires_transfer_review
Bioengineer,1,author_substring,substring_unique_candidate,Discovery/Science,Explorer/Inventor/Developer,engineer,Discovery/Science / Explorer/Inventor/Developer,Discovery/Science,agrees_with_previous_llm,substring_requires_transfer_review
Cornerman,1,no_author_rule,no_author_rule,,,,,,no_unique_author_l1_candidate,no_author_rule
Carmelite Friar,1,author_substring,substring_unique_candidate,Leadership,Religious,_friar_; carmelite,Leadership / Religious,Leadership,agrees_with_previous_llm,substring_requires_transfer_review
Federal Government of Canada,1,author_substring,substring_unique_candidate,Leadership,Politics,government,Leadership / Politics,,author_candidate_previous_out_of_scope,substring_requires_transfer_review
Buccaneer,1,no_author_rule,no_author_rule,,,,,,no_unique_author_l1_candidate,no_author_rule
Assayer,1,no_author_rule,no_author_rule,,,,,Discovery/Science,no_unique_author_l1_candidate,no_author_rule
Frame Gilder,1,no_author_rule,no_author_rule,,,,,,no_unique_author_l1_candidate,no_author_rule
Maritime Archaeologist,1,author_substring,substring_unique_candidate,Discovery/Science,Academia,archaeologist,Discovery/Science / Academia,Discovery/Science,agrees_with_previous_llm,substring_requires_transfer_review
Clasics Violin Teacher,1,author_substring,substring_cross_l1_conflict,,,violin; teacher_,Culture / Culture-core; Discovery/Science / Academia,,no_unique_author_l1_candidate,substring_requires_transfer_review; multiple_author_l1_candidates
Fencing master,1,author_substring,substring_unique_candidate,Sports/Games,Sports/Games,fencing,Sports/Games / Sports/Games,Sports/Games,agrees_with_previous_llm,substring_requires_transfer_review
Deacon,1,author_exact,exact_unique,Leadership,Religious,deacon,Leadership / Religious,Leadership,agrees_with_previous_llm,
Herpetologist,1,author_exact,exact_unique,Discovery/Science,Academia,herpetologist,Discovery/Science / Academia,Discovery/Science,agrees_with_previous_llm,
Cavalry Officer,1,author_substring,substring_unique_candidate,Leadership,Military,officer_,Leadership / Military,Leadership,agrees_with_previous_llm,substring_requires_transfer_review
Go professional,1,author_exact,exact_unique,Sports/Games,Sports/Games,go_professional,Sports/Games / Sports/Games,Sports/Games,agrees_with_previous_llm,
PR Expert,1,no_author_rule,no_author_rule,,,,,,no_unique_author_l1_candidate,no_author_rule
Mastering engineer,1,author_substring,substring_unique_candidate,Discovery/Science,Explorer/Inventor/Developer,engineer,Discovery/Science / Explorer/Inventor/Developer,Culture,differs_from_previous_llm,substring_requires_transfer_review; previous_llm_l1_disagreement
Mercer,1,author_exact,exact_unique,Other,Worker/Business (small),_mercer_,Other / Worker/Business (small),,author_candidate_previous_needs_review,
Metallurgist,1,author_exact,exact_unique,Other,Worker/Business (small),metallurgist,Other / Worker/Business (small),,author_candidate_previous_needs_review,
Herald,1,no_author_rule,no_author_rule,,,,,,no_unique_author_l1_candidate,no_author_rule
Rum-running,1,author_substring,substring_unique_candidate,Sports/Games,Sports/Games,running,Sports/Games / Sports/Games,,author_candidate_previous_out_of_scope,substring_requires_transfer_review
Speculator,1,author_exact,exact_unique,Leadership,Corporate/Executive/Business (large),_speculator_,Leadership / Corporate/Executive/Business (large),,author_candidate_previous_needs_review,
Upholsterer,1,no_author_rule,no_author_rule,,,,,,no_unique_author_l1_candidate,no_author_rule
Neurobiologist,1,author_substring,substring_unique_candidate,Discovery/Science,Academia,biologist,Discovery/Science / Academia,Discovery/Science,agrees_with_previous_llm,substring_requires_transfer_review
Shoemaking,1,no_author_rule,no_author_rule,,,,,,no_unique_author_l1_candidate,no_author_rule
Toy maker,1,author_exact,exact_unique,Other,Worker/Business (small),toy_maker,Other / Worker/Business (small),,formal_author_other_previously_out_of_scope,
Administrator,1,author_exact,exact_unique,Leadership,Administration/Law,administrator,Leadership / Administration/Law,,author_candidate_previous_needs_review,
Apothecary,1,author_exact,exact_unique,Discovery/Science,Academia,apothecary,Discovery/Science / Academia,Discovery/Science,agrees_with_previous_llm,
Church of Aphrodite,1,author_substring,substring_unique_candidate,Leadership,Religious,_church,Leadership / Religious,,author_candidate_previous_out_of_scope,substring_requires_transfer_review
Clinical Psychiatrist,1,author_substring,substring_unique_candidate,Discovery/Science,Academia,psychiatrist,Discovery/Science / Academia,Discovery/Science,agrees_with_previous_llm,substring_requires_transfer_review
Landscaper,1,author_exact,exact_unique,Other,Worker/Business (small),_landscaper,Other / Worker/Business (small),,formal_author_other_previously_out_of_scope,
Multi Media Artist,1,author_substring,substring_same_l1_multiple_l2,Culture,,_artist; _media,Culture / Culture-core; Culture / Culture-periphery,Culture,agrees_with_previous_llm,substring_requires_transfer_review; multiple_author_l2_candidates
Business Manager,1,author_substring,substring_unique_candidate,Leadership,Corporate/Executive/Business (large),business; manager,Leadership / Corporate/Executive/Business (large),Leadership,agrees_with_previous_llm,substring_requires_transfer_review
Proofreader,1,no_author_rule,no_author_rule,,,,,Culture,no_unique_author_l1_candidate,no_author_rule
Security Firm Chief,1,no_author_rule,no_author_rule,,,,,Leadership,no_unique_author_l1_candidate,no_author_rule
Backing vocalist,1,author_substring,substring_unique_candidate,Culture,Culture-core,vocalist,Culture / Culture-core,Culture,agrees_with_previous_llm,substring_requires_transfer_review
Joomla developer,1,author_substring,substring_unique_candidate,Discovery/Science,Explorer/Inventor/Developer,developer,Discovery/Science / Explorer/Inventor/Developer,Discovery/Science,agrees_with_previous_llm,substring_requires_transfer_review
Trampoline Gymnast,1,author_substring,substring_unique_candidate,Sports/Games,Sports/Games,gymnast,Sports/Games / Sports/Games,Sports/Games,agrees_with_previous_llm,substring_requires_transfer_review
Intendant,1,author_exact,exact_unique,Leadership,Administration/Law,intendant,Leadership / Administration/Law,Leadership,agrees_with_previous_llm,
UI Designer,1,author_substring,substring_unique_candidate,Culture,Culture-periphery,designer,Culture / Culture-periphery,Culture,agrees_with_previous_llm,substring_requires_transfer_review
Events Organiser,1,no_author_rule,no_author_rule,,,,,,no_unique_author_l1_candidate,no_author_rule
Professor (Profession) #40,1,author_substring,substring_unique_candidate,Discovery/Science,Academia,professor,Discovery/Science / Academia,Discovery/Science,agrees_with_previous_llm,substring_requires_transfer_review
Conversion rate optimization specialist,1,no_author_rule,no_author_rule,,,,,,no_unique_author_l1_candidate,no_author_rule
Recording Director,1,no_author_rule,no_author_rule,,,,,Culture,no_unique_author_l1_candidate,no_author_rule
Escapology,1,no_author_rule,no_author_rule,,,,,,no_unique_author_l1_candidate,no_author_rule
Jazz guitarist,1,author_substring,substring_unique_candidate,Culture,Culture-core,guitar; jazz,Culture / Culture-core,Culture,agrees_with_previous_llm,substring_requires_transfer_review
Neurosurgery,1,no_author_rule,no_author_rule,,,,,,no_unique_author_l1_candidate,no_author_rule
Recruitment Officer,1,author_substring,substring_unique_candidate,Leadership,Military,officer_,Leadership / Military,Leadership,agrees_with_previous_llm,substring_requires_transfer_review
Houseware designer,1,author_substring,substring_unique_candidate,Culture,Culture-periphery,designer,Culture / Culture-periphery,Culture,agrees_with_previous_llm,substring_requires_transfer_review
Prima donna,1,no_author_rule,no_author_rule,,,,,Culture,no_unique_author_l1_candidate,no_author_rule
Benshi,1,no_author_rule,no_author_rule,,,,,Culture,no_unique_author_l1_candidate,no_author_rule
internet business consultant,1,author_substring,substring_cross_l1_conflict,,,business; consultant,Leadership / Corporate/Executive/Business (large); Other / Worker/Business (small),,no_unique_author_l1_candidate,substring_requires_transfer_review; multiple_author_l1_candidates
Military Strategist,1,author_substring,substring_unique_candidate,Leadership,Military,militar,Leadership / Military,Leadership,agrees_with_previous_llm,substring_requires_transfer_review
Reverand,1,no_author_rule,no_author_rule,,,,,,no_unique_author_l1_candidate,no_author_rule
High Court Judge,1,author_substring,substring_unique_candidate,Leadership,Administration/Law,judge,Leadership / Administration/Law,Leadership,agrees_with_previous_llm,substring_requires_transfer_review
Reconnaissance,1,no_author_rule,no_author_rule,,,,,,no_unique_author_l1_candidate,no_author_rule
Machine Tool operator,1,author_substring,substring_unique_candidate,Other,Worker/Business (small),operator,Other / Worker/Business (small),,formal_author_other_previously_out_of_scope,substring_requires_transfer_review
Pharmaceutical Entrepreneur,1,author_substring,substring_unique_candidate,Leadership,Corporate/Executive/Business (large),entrepreneur,Leadership / Corporate/Executive/Business (large),Leadership,agrees_with_previous_llm,substring_requires_transfer_review
First Lady of Chile,1,author_substring,substring_unique_candidate,Leadership,Politics,first_lady,Leadership / Politics,,author_candidate_previous_out_of_scope,substring_requires_transfer_review
Shock jock,1,no_author_rule,no_author_rule,,,,,Culture,no_unique_author_l1_candidate,no_author_rule
Road agent,1,no_author_rule,no_author_rule,,,,,,no_unique_author_l1_candidate,no_author_rule
Theatre consultant,1,author_substring,substring_cross_l1_conflict,,,theatre; consultant,Culture / Culture-core; Other / Worker/Business (small),,no_unique_author_l1_candidate,substring_requires_transfer_review; multiple_author_l1_candidates
Faqīh,1,no_author_rule,no_author_rule,,,,,Discovery/Science,no_unique_author_l1_candidate,no_author_rule
Employment counsellor,1,author_substring,substring_unique_candidate,Other,Worker/Business (small),counsellor,Other / Worker/Business (small),,author_candidate_previous_needs_review,substring_requires_transfer_review
Medical assistant,1,author_substring,substring_unique_candidate,Discovery/Science,Academia,medical,Discovery/Science / Academia,,author_candidate_previous_needs_review,substring_requires_transfer_review
Robber,1,author_exact,exact_unique,Other,Other,_robber_,Other / Other,,formal_author_other_previously_out_of_scope,
Lord Chamberlain,1,author_substring,substring_unique_candidate,Leadership,Nobility,_lord; chamberlain,Leadership / Nobility,Leadership,agrees_with_previous_llm,substring_requires_transfer_review
Freedom fighter,1,author_exact,exact_unique,Leadership,Politics,freedom_fighter,Leadership / Politics,Leadership,agrees_with_previous_llm,exact_lookup_differs_from_full_author_first_match
Medicine man,1,author_substring,substring_unique_candidate,Discovery/Science,Academia,medicine,Discovery/Science / Academia,,author_candidate_previous_needs_review,substring_requires_transfer_review
Head Master,1,no_author_rule,no_author_rule,,,,,,no_unique_author_l1_candidate,no_author_rule
Crewman,1,no_author_rule,no_author_rule,,,,,,no_unique_author_l1_candidate,no_author_rule
Lackey (Profession),1,no_author_rule,no_author_rule,,,,,,no_unique_author_l1_candidate,no_author_rule
Social media strategist,1,author_substring,substring_unique_candidate,Culture,Culture-periphery,_media,Culture / Culture-periphery,,author_candidate_previous_needs_review,substring_requires_transfer_review
Vice admiral,1,author_substring,substring_unique_candidate,Leadership,Military,admiral,Leadership / Military,Leadership,agrees_with_previous_llm,substring_requires_transfer_review
Key grip,1,no_author_rule,no_author_rule,,,,,Culture,no_unique_author_l1_candidate,no_author_rule
B-boy,1,no_author_rule,no_author_rule,,,,,Culture,no_unique_author_l1_candidate,no_author_rule
burglar,1,author_exact,exact_unique,Other,Other,_burglar_,Other / Other,,formal_author_other_previously_out_of_scope,
Basketball Official,1,author_substring,substring_unique_candidate,Sports/Games,Sports/Games,basket,Sports/Games / Sports/Games,Sports/Games,agrees_with_previous_llm,substring_requires_transfer_review
Toolmaker,1,author_exact,exact_unique,Other,Worker/Business (small),toolmaker,Other / Worker/Business (small),,formal_author_other_previously_out_of_scope,
Fur Trader,1,author_substring,substring_unique_candidate,Leadership,Corporate/Executive/Business (large),trader,Leadership / Corporate/Executive/Business (large),,author_candidate_previous_needs_review,substring_requires_transfer_review
Aircraft maintenance technician,1,author_substring,substring_unique_candidate,Other,Worker/Business (small),technician,Other / Worker/Business (small),,formal_author_other_previously_out_of_scope,substring_requires_transfer_review
Physical Training Instructor,1,author_substring,substring_unique_candidate,Discovery/Science,Academia,instructor,Discovery/Science / Academia,Sports/Games,differs_from_previous_llm,substring_requires_transfer_review; previous_llm_l1_disagreement
Sexton,1,no_author_rule,no_author_rule,,,,,Leadership,no_unique_author_l1_candidate,no_author_rule
Chansonnier,1,author_exact,exact_unique,Culture,Culture-core,chansonnier,Culture / Culture-core,Culture,agrees_with_previous_llm,
Dance Educator,1,author_substring,substring_cross_l1_conflict,,,_dance_; educator,Culture / Culture-core; Discovery/Science / Academia,,no_unique_author_l1_candidate,substring_requires_transfer_review; multiple_author_l1_candidates
Stunt Assistant,1,author_substring,substring_unique_candidate,Culture,Culture-core,_stunt_,Culture / Culture-core,,author_candidate_previous_needs_review,substring_requires_transfer_review
Pharmacy technician,1,author_substring,substring_unique_candidate,Other,Worker/Business (small),technician,Other / Worker/Business (small),,author_candidate_previous_needs_review,substring_requires_transfer_review
Laity,1,no_author_rule,no_author_rule,,,,,,no_unique_author_l1_candidate,no_author_rule
Barista,1,no_author_rule,no_author_rule,,,,,,no_unique_author_l1_candidate,no_author_rule
Commodore (Military rank) #12,1,author_substring,substring_unique_candidate,Leadership,Military,militar,Leadership / Military,Leadership,agrees_with_previous_llm,substring_requires_transfer_review
Gymterneter,1,no_author_rule,no_author_rule,,,,,,no_unique_author_l1_candidate,no_author_rule
Most Eligible,1,no_author_rule,no_author_rule,,,,,,no_unique_author_l1_candidate,no_author_rule
Post Office Worker,1,author_substring,substring_unique_candidate,Other,Worker/Business (small),worker,Other / Worker/Business (small),,formal_author_other_previously_out_of_scope,substring_requires_transfer_review
Light Sculptor,1,author_substring,substring_unique_candidate,Culture,Culture-core,sculptor,Culture / Culture-core,Culture,agrees_with_previous_llm,substring_requires_transfer_review
Attaché,1,no_author_rule,no_author_rule,,,,,Leadership,no_unique_author_l1_candidate,no_author_rule
Courier,1,no_author_rule,no_author_rule,,,,,,no_unique_author_l1_candidate,no_author_rule
Chairty Worker,1,author_substring,substring_unique_candidate,Other,Worker/Business (small),worker,Other / Worker/Business (small),,formal_author_other_previously_out_of_scope,substring_requires_transfer_review
School counselor,1,author_substring,substring_unique_candidate,Other,Worker/Business (small),counselor,Other / Worker/Business (small),Discovery/Science,differs_from_previous_llm,substring_requires_transfer_review; previous_llm_l1_disagreement
Lead vocalist,1,author_substring,substring_unique_candidate,Culture,Culture-core,vocalist,Culture / Culture-core,Culture,agrees_with_previous_llm,substring_requires_transfer_review
Vibraphonist,1,no_author_rule,no_author_rule,,,,,Culture,no_unique_author_l1_candidate,no_author_rule
Underwriting,1,no_author_rule,no_author_rule,,,,,,no_unique_author_l1_candidate,no_author_rule
Fashion Commentator,1,author_substring,substring_unique_candidate,Culture,Culture-periphery,commentator,Culture / Culture-periphery,Culture,agrees_with_previous_llm,substring_requires_transfer_review
Perfumer,1,author_exact,exact_unique,Other,Other,perfumer,Other / Other,,formal_author_other_previously_out_of_scope,
Clinical Social Worker,1,author_substring,substring_unique_candidate,Other,Worker/Business (small),worker,Other / Worker/Business (small),Discovery/Science,differs_from_previous_llm,substring_requires_transfer_review; previous_llm_l1_disagreement
Hospital Attendant,1,no_author_rule,no_author_rule,,,,,,no_unique_author_l1_candidate,no_author_rule
Trapper,1,author_substring,substring_unique_candidate,Culture,Culture-core,rapper,Culture / Culture-core,,author_candidate_previous_out_of_scope,substring_requires_transfer_review
Tinsmith,1,author_exact,exact_unique,Other,Worker/Business (small),tinsmith,Other / Worker/Business (small),,formal_author_other_previously_out_of_scope,
Drama Theorist,1,author_substring,substring_cross_l1_conflict,,,_drama; theorist,Culture / Culture-core; Discovery/Science / Academia,Discovery/Science,no_unique_author_l1_candidate,substring_requires_transfer_review; multiple_author_l1_candidates
Rock Musician,1,author_substring,substring_unique_candidate,Culture,Culture-core,_music; _rock_; musician,Culture / Culture-core,Culture,agrees_with_previous_llm,substring_requires_transfer_review
Engineering Drafter,1,author_substring,substring_unique_candidate,Discovery/Science,Explorer/Inventor/Developer,engineer,Discovery/Science / Explorer/Inventor/Developer,,author_candidate_previous_needs_review,substring_requires_transfer_review
Agrarian,1,no_author_rule,no_author_rule,,,,,,no_unique_author_l1_candidate,no_author_rule
Custodian,1,no_author_rule,no_author_rule,,,,,,no_unique_author_l1_candidate,no_author_rule
Counsellor,1,author_exact,exact_unique,Other,Worker/Business (small),counsellor,Other / Worker/Business (small),,author_candidate_previous_needs_review,
Counsellor in Norwich,1,author_substring,substring_unique_candidate,Other,Worker/Business (small),counsellor,Other / Worker/Business (small),,author_candidate_previous_needs_review,substring_requires_transfer_review
Dramatic colouratura,1,author_substring,substring_unique_candidate,Culture,Culture-core,_drama,Culture / Culture-core,Culture,agrees_with_previous_llm,substring_requires_transfer_review
Wardrobe Assistant,1,no_author_rule,no_author_rule,,,,,,no_unique_author_l1_candidate,no_author_rule
Forklift operator,1,author_substring,substring_unique_candidate,Other,Worker/Business (small),operator,Other / Worker/Business (small),,formal_author_other_previously_out_of_scope,substring_requires_transfer_review
Trainer,1,author_exact,exact_unique,Sports/Games,Sports/Games,trainer,Sports/Games / Sports/Games,,author_candidate_previous_needs_review,
Business Coach,1,author_substring,substring_cross_l1_conflict,,,coach; business,Leadership / Corporate/Executive/Business (large); Sports/Games / Sports/Games,,no_unique_author_l1_candidate,substring_requires_transfer_review; multiple_author_l1_candidates
Business consultant,1,author_substring,substring_cross_l1_conflict,,,business; consultant,Leadership / Corporate/Executive/Business (large); Other / Worker/Business (small),,no_unique_author_l1_candidate,substring_requires_transfer_review; multiple_author_l1_candidates
Entrepreneurship,1,author_substring,substring_unique_candidate,Leadership,Corporate/Executive/Business (large),entrepreneur,Leadership / Corporate/Executive/Business (large),,author_candidate_previous_out_of_scope,substring_requires_transfer_review
School superintendent,1,author_substring,substring_unique_candidate,Leadership,Administration/Law,superintendent,Leadership / Administration/Law,,author_candidate_previous_needs_review,substring_requires_transfer_review
Set Painter,1,author_substring,substring_unique_candidate,Culture,Culture-core,painter,Culture / Culture-core,Culture,agrees_with_previous_llm,substring_requires_transfer_review
Laryngologist,1,no_author_rule,no_author_rule,,,,,Discovery/Science,no_unique_author_l1_candidate,no_author_rule
Media scholar,1,author_substring,substring_cross_l1_conflict,,,_media; scholar,Culture / Culture-periphery; Discovery/Science / Academia,Discovery/Science,no_unique_author_l1_candidate,substring_requires_transfer_review; multiple_author_l1_candidates
Australian rules football coach,1,author_substring,substring_unique_candidate,Sports/Games,Sports/Games,coach; football,Sports/Games / Sports/Games,Sports/Games,agrees_with_previous_llm,substring_requires_transfer_review
Optometrist,1,author_exact,exact_unique,Discovery/Science,Academia,optometrist,Discovery/Science / Academia,Discovery/Science,agrees_with_previous_llm,
Army,1,author_exact,exact_unique,Leadership,Military,_army_,Leadership / Military,,author_candidate_previous_needs_review,
Bankruptcy Lawyer,1,author_substring,substring_same_l1_multiple_l2,Leadership,,_lawyer; bank,Leadership / Administration/Law; Leadership / Corporate/Executive/Business (large),Leadership,agrees_with_previous_llm,substring_requires_transfer_review; multiple_author_l2_candidates
divorce lawyer,1,author_substring,substring_unique_candidate,Leadership,Administration/Law,_lawyer,Leadership / Administration/Law,Leadership,agrees_with_previous_llm,substring_requires_transfer_review
Federal judge,1,author_substring,substring_unique_candidate,Leadership,Administration/Law,judge,Leadership / Administration/Law,Leadership,agrees_with_previous_llm,substring_requires_transfer_review
Carpet cleaning,1,no_author_rule,no_author_rule,,,,,,no_unique_author_l1_candidate,no_author_rule
UX & Semantic Search Consultant,1,author_substring,substring_unique_candidate,Other,Worker/Business (small),consultant,Other / Worker/Business (small),,author_candidate_previous_needs_review,substring_requires_transfer_review
Professor of Elocution,1,author_substring,substring_unique_candidate,Discovery/Science,Academia,professor,Discovery/Science / Academia,Discovery/Science,agrees_with_previous_llm,substring_requires_transfer_review
Genealogist,1,author_exact,exact_unique,Discovery/Science,Academia,genealogist,Discovery/Science / Academia,Discovery/Science,agrees_with_previous_llm,
Online producer,1,author_substring,substring_unique_candidate,Culture,Culture-core,producer,Culture / Culture-core,,author_candidate_previous_needs_review,substring_requires_transfer_review
Medical researcher,1,author_substring,substring_unique_candidate,Discovery/Science,Academia,medical; research,Discovery/Science / Academia,Discovery/Science,agrees_with_previous_llm,substring_requires_transfer_review
Epistemologist,1,no_author_rule,no_author_rule,,,,,Discovery/Science,no_unique_author_l1_candidate,no_author_rule
Paymaster,1,no_author_rule,no_author_rule,,,,,,no_unique_author_l1_candidate,no_author_rule
Computer game designer,1,author_substring,substring_cross_l1_conflict,,,_game; designer,Culture / Culture-periphery; Sports/Games / Sports/Games,,no_unique_author_l1_candidate,substring_requires_transfer_review; multiple_author_l1_candidates
Gambist,1,no_author_rule,no_author_rule,,,,,Culture,no_unique_author_l1_candidate,no_author_rule
Otolaryngologist,1,author_exact,exact_unique,Discovery/Science,Academia,otolaryngologist,Discovery/Science / Academia,Discovery/Science,agrees_with_previous_llm,
Serial entrepreneur,1,author_substring,substring_unique_candidate,Leadership,Corporate/Executive/Business (large),entrepreneur,Leadership / Corporate/Executive/Business (large),Leadership,agrees_with_previous_llm,substring_requires_transfer_review
Locksmith,1,author_exact,exact_unique,Other,Worker/Business (small),_locksmith,Other / Worker/Business (small),,formal_author_other_previously_out_of_scope,
Hospital Driver,1,author_substring,substring_unique_candidate,Sports/Games,Sports/Games,_driver_,Sports/Games / Sports/Games,,author_candidate_previous_out_of_scope,substring_requires_transfer_review
Information security,1,no_author_rule,no_author_rule,,,,,,no_unique_author_l1_candidate,no_author_rule
Online Editor,1,author_substring,substring_unique_candidate,Culture,Culture-periphery,editor,Culture / Culture-periphery,Culture,agrees_with_previous_llm,substring_requires_transfer_review
Legal writer,1,author_substring,substring_unique_candidate,Culture,Culture-core,_writer,Culture / Culture-core,Culture,agrees_with_previous_llm,substring_requires_transfer_review
Mayor of Montazels,1,author_substring,substring_unique_candidate,Leadership,Politics,mayor,Leadership / Politics,Leadership,agrees_with_previous_llm,substring_requires_transfer_review
Software Developer (Profession),1,author_substring,substring_unique_candidate,Discovery/Science,Explorer/Inventor/Developer,developer,Discovery/Science / Explorer/Inventor/Developer,Discovery/Science,agrees_with_previous_llm,substring_requires_transfer_review
Video journalist,1,author_substring,substring_unique_candidate,Culture,Culture-periphery,journalist,Culture / Culture-periphery,Culture,agrees_with_previous_llm,substring_requires_transfer_review
City council,1,author_exact,exact_unique,Leadership,Politics,city_council,Leadership / Politics,Leadership,agrees_with_previous_llm,
Neuroscience,1,author_substring,substring_unique_candidate,Discovery/Science,Academia,science,Discovery/Science / Academia,,author_candidate_previous_needs_review,substring_requires_transfer_review
Sound Artist,1,author_substring,substring_unique_candidate,Culture,Culture-core,_artist,Culture / Culture-core,Culture,agrees_with_previous_llm,substring_requires_transfer_review
Caver,1,author_exact,exact_unique,Discovery/Science,Academia,_caver,Discovery/Science / Academia,,author_candidate_previous_needs_review,
Social entrepreneur,1,author_substring,substring_unique_candidate,Leadership,Corporate/Executive/Business (large),entrepreneur,Leadership / Corporate/Executive/Business (large),,author_candidate_previous_needs_review,substring_requires_transfer_review
Economic historian,1,author_substring,substring_unique_candidate,Discovery/Science,Academia,historian,Discovery/Science / Academia,Discovery/Science,agrees_with_previous_llm,substring_requires_transfer_review
Colonel general,1,author_substring,substring_unique_candidate,Leadership,Military,colonel,Leadership / Military,Leadership,agrees_with_previous_llm,substring_requires_transfer_review
Printmaker (Music Artist),1,author_substring,substring_unique_candidate,Culture,Culture-core,_artist; printmaker,Culture / Culture-core,Culture,agrees_with_previous_llm,substring_requires_transfer_review
Vocal Arranger,1,no_author_rule,no_author_rule,,,,,Culture,no_unique_author_l1_candidate,no_author_rule
Tax Preparer,1,no_author_rule,no_author_rule,,,,,,no_unique_author_l1_candidate,no_author_rule
Dietitian,1,author_exact,exact_unique,Other,Worker/Business (small),dietitian,Other / Worker/Business (small),Discovery/Science,differs_from_previous_llm,previous_llm_l1_disagreement
Radiologist,1,author_exact,exact_unique,Discovery/Science,Academia,radiologist,Discovery/Science / Academia,Discovery/Science,agrees_with_previous_llm,
Gyōji,1,no_author_rule,no_author_rule,,,,,Sports/Games,no_unique_author_l1_candidate,no_author_rule
Air Force Officer,1,author_substring,substring_unique_candidate,Leadership,Military,_force_; air_force; officer_,Leadership / Military,Leadership,agrees_with_previous_llm,substring_requires_transfer_review
Doshu,1,no_author_rule,no_author_rule,,,,,,no_unique_author_l1_candidate,no_author_rule
Animation Engineer,1,author_substring,substring_cross_l1_conflict,,,animation; engineer,Culture / Culture-core; Discovery/Science / Explorer/Inventor/Developer,Discovery/Science,no_unique_author_l1_candidate,substring_requires_transfer_review; multiple_author_l1_candidates
Bonesetter,1,no_author_rule,no_author_rule,,,,,,no_unique_author_l1_candidate,no_author_rule
Secretary-General of the United Nations,1,author_substring,substring_unique_candidate,Leadership,Politics,secretary; united_nation,Leadership / Politics,Leadership,agrees_with_previous_llm,substring_requires_transfer_review
Design Engineer,1,author_substring,substring_unique_candidate,Discovery/Science,Explorer/Inventor/Developer,engineer,Discovery/Science / Explorer/Inventor/Developer,Discovery/Science,agrees_with_previous_llm,substring_requires_transfer_review
Artillery Officer,1,author_substring,substring_unique_candidate,Leadership,Military,officer_,Leadership / Military,Leadership,agrees_with_previous_llm,substring_requires_transfer_review
Jazz Violinist,1,author_substring,substring_unique_candidate,Culture,Culture-core,jazz; violin,Culture / Culture-core,Culture,agrees_with_previous_llm,substring_requires_transfer_review
Martial Artist Teacher,1,author_substring,substring_cross_l1_conflict,,,martial_art; _artist; teacher_,Culture / Culture-core; Discovery/Science / Academia; Sports/Games / Sports/Games,Sports/Games,no_unique_author_l1_candidate,substring_requires_transfer_review; multiple_author_l1_candidates
CNR (Composition),1,no_author_rule,no_author_rule,,,,,,no_unique_author_l1_candidate,no_author_rule
Manicurist,1,no_author_rule,no_author_rule,,,,,,no_unique_author_l1_candidate,no_author_rule
Woman,1,no_author_rule,no_author_rule,,,,,,no_unique_author_l1_candidate,no_author_rule
Music Collector,1,author_substring,substring_unique_candidate,Culture,Culture-core,_music; collector,Culture / Culture-core,,author_candidate_previous_needs_review,substring_requires_transfer_review
Conceptual Artist,1,author_substring,substring_unique_candidate,Culture,Culture-core,_artist,Culture / Culture-core,Culture,agrees_with_previous_llm,substring_requires_transfer_review
Infantry Weapons Officer,1,author_substring,substring_unique_candidate,Leadership,Military,infantry; officer_,Leadership / Military,Leadership,agrees_with_previous_llm,substring_requires_transfer_review
FBI Agent,1,author_exact,exact_unique,Leadership,Administration/Law,fbi_agent,Leadership / Administration/Law,Leadership,agrees_with_previous_llm,
Secret police,1,author_substring,substring_unique_candidate,Leadership,Administration/Law,_police_,Leadership / Administration/Law,Leadership,agrees_with_previous_llm,substring_requires_transfer_review
SEO Analyst,1,author_substring,substring_unique_candidate,Other,Worker/Business (small),analyst,Other / Worker/Business (small),,author_candidate_previous_needs_review,substring_requires_transfer_review
Geological engineer,1,author_substring,substring_unique_candidate,Discovery/Science,Explorer/Inventor/Developer,engineer,Discovery/Science / Explorer/Inventor/Developer,Discovery/Science,agrees_with_previous_llm,substring_requires_transfer_review
Quantum chemist,1,author_substring,substring_unique_candidate,Discovery/Science,Academia,chemist; quantum,Discovery/Science / Academia,Discovery/Science,agrees_with_previous_llm,substring_requires_transfer_review
Legal analyst,1,author_substring,substring_unique_candidate,Other,Worker/Business (small),analyst,Other / Worker/Business (small),Leadership,differs_from_previous_llm,substring_requires_transfer_review; previous_llm_l1_disagreement
Hair and Makeup Artist,1,author_substring,substring_same_l1_multiple_l2,Culture,,_artist; makeup_artist,Culture / Culture-core; Culture / Culture-periphery,Culture,agrees_with_previous_llm,substring_requires_transfer_review; multiple_author_l2_candidates
Military police,1,author_substring,substring_same_l1_multiple_l2,Leadership,,_police_; militar,Leadership / Administration/Law; Leadership / Military,Leadership,agrees_with_previous_llm,substring_requires_transfer_review; multiple_author_l2_candidates
Ontologist,1,no_author_rule,no_author_rule,,,,,Discovery/Science,no_unique_author_l1_candidate,no_author_rule
ADR Script Writer,1,author_substring,substring_unique_candidate,Culture,Culture-core,_script_; _writer,Culture / Culture-core,Culture,agrees_with_previous_llm,substring_requires_transfer_review
Couturier,1,author_exact,exact_unique,Other,Worker/Business (small),_couturier_,Other / Worker/Business (small),Culture,differs_from_previous_llm,previous_llm_l1_disagreement
Assistant Teacher,1,author_substring,substring_unique_candidate,Discovery/Science,Academia,teacher_,Discovery/Science / Academia,Discovery/Science,agrees_with_previous_llm,substring_requires_transfer_review
Stonemason,1,author_exact,exact_unique,Other,Worker/Business (small),stonemason,Other / Worker/Business (small),,formal_author_other_previously_out_of_scope,
Exile,1,no_author_rule,no_author_rule,,,,,,no_unique_author_l1_candidate,no_author_rule
Credit control,1,no_author_rule,no_author_rule,,,,,,no_unique_author_l1_candidate,no_author_rule
Dispatcher,1,no_author_rule,no_author_rule,,,,,,no_unique_author_l1_candidate,no_author_rule
Kaymakam,1,no_author_rule,no_author_rule,,,,,Leadership,no_unique_author_l1_candidate,no_author_rule
Impressionist (Profession) #3,1,author_substring,substring_unique_candidate,Culture,Culture-core,impressionist,Culture / Culture-core,Culture,agrees_with_previous_llm,substring_requires_transfer_review
Scribe,1,author_exact,exact_unique,Leadership,Administration/Law,_scribe,Leadership / Administration/Law,,author_candidate_previous_needs_review,
Politician & Trade Unionist,1,author_substring,substring_unique_candidate,Leadership,Politics,politician; trade_union; unionist,Leadership / Politics,Leadership,agrees_with_previous_llm,substring_requires_transfer_review
Country Doctor,1,author_substring,substring_unique_candidate,Discovery/Science,Academia,doctor,Discovery/Science / Academia,Discovery/Science,agrees_with_previous_llm,substring_requires_transfer_review
Performer-Songwriter-Musical Director,1,author_substring,substring_unique_candidate,Culture,Culture-core,musical_director; performer; songwriter,Culture / Culture-core,Culture,agrees_with_previous_llm,substring_requires_transfer_review
Web builder,1,no_author_rule,no_author_rule,,,,,,no_unique_author_l1_candidate,no_author_rule
Food writer,1,author_substring,substring_unique_candidate,Culture,Culture-core,_writer,Culture / Culture-core,Culture,agrees_with_previous_llm,substring_requires_transfer_review
Police commissioner,1,author_substring,substring_unique_candidate,Leadership,Administration/Law,_police_; commissioner,Leadership / Administration/Law,Leadership,agrees_with_previous_llm,substring_requires_transfer_review
Garden designer,1,author_substring,substring_unique_candidate,Culture,Culture-periphery,designer,Culture / Culture-periphery,Culture,agrees_with_previous_llm,substring_requires_transfer_review
American Historian,1,author_substring,substring_unique_candidate,Discovery/Science,Academia,historian,Discovery/Science / Academia,Discovery/Science,agrees_with_previous_llm,substring_requires_transfer_review
Paint Artist,1,author_substring,substring_unique_candidate,Culture,Culture-core,_artist; _paint_,Culture / Culture-core,Culture,agrees_with_previous_llm,substring_requires_transfer_review
Molecular Geneticist,1,author_substring,substring_unique_candidate,Discovery/Science,Academia,geneticist,Discovery/Science / Academia,Discovery/Science,agrees_with_previous_llm,substring_requires_transfer_review
Political Assistant,1,author_substring,substring_unique_candidate,Leadership,Politics,political,Leadership / Politics,Leadership,agrees_with_previous_llm,substring_requires_transfer_review
Internet Executive,1,author_substring,substring_unique_candidate,Leadership,Corporate/Executive/Business (large),executive,Leadership / Corporate/Executive/Business (large),Leadership,agrees_with_previous_llm,substring_requires_transfer_review
Information technology management,1,author_substring,substring_unique_candidate,Leadership,Corporate/Executive/Business (large),management,Leadership / Corporate/Executive/Business (large),,author_candidate_previous_needs_review,substring_requires_transfer_review
Stonecutter,1,no_author_rule,no_author_rule,,,,,,no_unique_author_l1_candidate,no_author_rule
Secret Intelligence Service officer,1,author_substring,substring_cross_l1_conflict,,,intelligence; intelligence_service; officer_,Discovery/Science / Academia; Leadership / Military,Leadership,no_unique_author_l1_candidate,substring_requires_transfer_review; multiple_author_l1_candidates
Ghost singer,1,author_substring,substring_unique_candidate,Culture,Culture-core,singer,Culture / Culture-core,Culture,agrees_with_previous_llm,substring_requires_transfer_review
Camera Assistant,1,no_author_rule,no_author_rule,,,,,Culture,no_unique_author_l1_candidate,no_author_rule
Health Authority Wages Clerk,1,author_substring,substring_cross_l1_conflict,,,author; _clerk,Culture / Culture-core; Other / Worker/Business (small),,no_unique_author_l1_candidate,substring_requires_transfer_review; multiple_author_l1_candidates
Electronics technician,1,author_substring,substring_unique_candidate,Other,Worker/Business (small),technician,Other / Worker/Business (small),,formal_author_other_previously_out_of_scope,substring_requires_transfer_review
Digital Marketing Analyst,1,author_substring,substring_unique_candidate,Other,Worker/Business (small),analyst; marketing,Other / Worker/Business (small),,author_candidate_previous_needs_review,substring_requires_transfer_review
Page-boy,1,no_author_rule,no_author_rule,,,,,,no_unique_author_l1_candidate,no_author_rule
Special Education Teacher,1,author_substring,substring_unique_candidate,Discovery/Science,Academia,education; teacher_,Discovery/Science / Academia,Discovery/Science,agrees_with_previous_llm,substring_requires_transfer_review
Midwife (Film subject),1,author_substring,substring_unique_candidate,Other,Worker/Business (small),midwife,Other / Worker/Business (small),,author_candidate_previous_needs_review,substring_requires_transfer_review
Management Theorist,1,author_substring,substring_cross_l1_conflict,,,theorist; management,Discovery/Science / Academia; Leadership / Corporate/Executive/Business (large),Discovery/Science,no_unique_author_l1_candidate,substring_requires_transfer_review; multiple_author_l1_candidates
media & culture scientist,1,author_substring,substring_cross_l1_conflict,,,_media; scientist,Culture / Culture-periphery; Discovery/Science / Academia,Discovery/Science,no_unique_author_l1_candidate,substring_requires_transfer_review; multiple_author_l1_candidates
Keirin Racer,1,author_substring,substring_unique_candidate,Sports/Games,Sports/Games,_racer_,Sports/Games / Sports/Games,Sports/Games,agrees_with_previous_llm,substring_requires_transfer_review
Wheelwright,1,no_author_rule,no_author_rule,,,,,,no_unique_author_l1_candidate,no_author_rule
Air traffic controller,1,author_exact,exact_unique,Other,Worker/Business (small),air_traffic_controller,Other / Worker/Business (small),,formal_author_other_previously_out_of_scope,
Arms Control Analyst,1,author_substring,substring_unique_candidate,Other,Worker/Business (small),analyst,Other / Worker/Business (small),Leadership,differs_from_previous_llm,substring_requires_transfer_review; previous_llm_l1_disagreement
Internet Marketing,1,author_substring,substring_unique_candidate,Other,Worker/Business (small),marketing,Other / Worker/Business (small),,author_candidate_previous_needs_review,substring_requires_transfer_review
Chimney sweep,1,no_author_rule,no_author_rule,,,,,,no_unique_author_l1_candidate,no_author_rule
Waste collector,1,author_substring,substring_unique_candidate,Culture,Culture-core,collector,Culture / Culture-core,,author_candidate_previous_out_of_scope,substring_requires_transfer_review
Reno (Profession),1,no_author_rule,no_author_rule,,,,,,no_unique_author_l1_candidate,no_author_rule
Social Historian,1,author_substring,substring_unique_candidate,Discovery/Science,Academia,historian,Discovery/Science / Academia,Discovery/Science,agrees_with_previous_llm,substring_requires_transfer_review
Professor of Ancient Greek History and Classical Studies,1,author_substring,substring_unique_candidate,Discovery/Science,Academia,professor; studies,Discovery/Science / Academia,Discovery/Science,agrees_with_previous_llm,substring_requires_transfer_review
Psycholinguist,1,author_substring,substring_unique_candidate,Discovery/Science,Academia,linguist,Discovery/Science / Academia,Discovery/Science,agrees_with_previous_llm,substring_requires_transfer_review
Investment advisor,1,author_substring,substring_same_l1_multiple_l2,Leadership,,advisor; investment,Leadership / Corporate/Executive/Business (large); Leadership / Politics,,author_candidate_previous_needs_review,substring_requires_transfer_review; multiple_author_l2_candidates
Video editor,1,author_substring,substring_unique_candidate,Culture,Culture-periphery,editor,Culture / Culture-periphery,Culture,agrees_with_previous_llm,substring_requires_transfer_review
Black belt,1,no_author_rule,no_author_rule,,,,,,no_unique_author_l1_candidate,no_author_rule
Usurper,1,no_author_rule,no_author_rule,,,,,,no_unique_author_l1_candidate,no_author_rule
Character Modeler,1,no_author_rule,no_author_rule,,,,,Culture,no_unique_author_l1_candidate,no_author_rule
Modeler,1,no_author_rule,no_author_rule,,,,,,no_unique_author_l1_candidate,no_author_rule
Restaurant Mgt.,1,no_author_rule,no_author_rule,,,,,,no_unique_author_l1_candidate,no_author_rule
County court bailiff,1,author_substring,substring_unique_candidate,Leadership,Administration/Law,bailiff,Leadership / Administration/Law,Leadership,agrees_with_previous_llm,substring_requires_transfer_review
Street sweeper,1,author_substring,substring_unique_candidate,Other,Worker/Business (small),_sweeper,Other / Worker/Business (small),,formal_author_other_previously_out_of_scope,substring_requires_transfer_review
Private Secretary,1,author_substring,substring_unique_candidate,Leadership,Politics,secretary,Leadership / Politics,,author_candidate_previous_needs_review,substring_requires_transfer_review
Dramaturgist,1,author_substring,substring_unique_candidate,Culture,Culture-core,_drama,Culture / Culture-core,Culture,agrees_with_previous_llm,substring_requires_transfer_review
Informant,1,no_author_rule,no_author_rule,,,,,,no_unique_author_l1_candidate,no_author_rule
Miscellaneous Crew,1,no_author_rule,no_author_rule,,,,,,no_unique_author_l1_candidate,no_author_rule
Production Stage Manager,1,author_substring,substring_cross_l1_conflict,,,_stage_; stage_manager; manager,Culture / Culture-core; Leadership / Corporate/Executive/Business (large),,no_unique_author_l1_candidate,substring_requires_transfer_review; multiple_author_l1_candidates
Naval Systems Analyst,1,author_substring,substring_cross_l1_conflict,,,naval_; analyst,Leadership / Military; Other / Worker/Business (small),,no_unique_author_l1_candidate,substring_requires_transfer_review; multiple_author_l1_candidates
Freelancer,1,author_exact,exact_unique,Culture,Culture-periphery,freelancer,Culture / Culture-periphery,,author_candidate_previous_out_of_scope,
Scout Leader,1,author_substring,substring_unique_candidate,Other,Other,_scout_,Other / Other,,author_candidate_previous_needs_review,substring_requires_transfer_review
Philosopher of Science,1,author_substring,substring_unique_candidate,Discovery/Science,Academia,philosopher; science,Discovery/Science / Academia,Discovery/Science,agrees_with_previous_llm,substring_requires_transfer_review
Suit actor,1,author_substring,substring_unique_candidate,Culture,Culture-core,_actor,Culture / Culture-core,,author_candidate_previous_needs_review,substring_requires_transfer_review
Pyrotechnics Supervisor,1,no_author_rule,no_author_rule,,,,,,no_unique_author_l1_candidate,no_author_rule
Professor of Malayalam,1,author_substring,substring_unique_candidate,Discovery/Science,Academia,professor,Discovery/Science / Academia,Discovery/Science,agrees_with_previous_llm,substring_requires_transfer_review
Stonemasonry,1,author_substring,substring_unique_candidate,Other,Worker/Business (small),masonry; stonemason,Other / Worker/Business (small),,formal_author_other_previously_out_of_scope,substring_requires_transfer_review
Wine Expert,1,no_author_rule,no_author_rule,,,,,,no_unique_author_l1_candidate,no_author_rule
Diving instructor,1,author_substring,substring_cross_l1_conflict,,,diving; instructor,Discovery/Science / Academia; Sports/Games / Sports/Games,,no_unique_author_l1_candidate,substring_requires_transfer_review; multiple_author_l1_candidates
Qualified Flying Instructor,1,author_substring,substring_unique_candidate,Discovery/Science,Academia,instructor,Discovery/Science / Academia,Discovery/Science,agrees_with_previous_llm,substring_requires_transfer_review
Mother (Profession),1,no_author_rule,no_author_rule,,,,,,no_unique_author_l1_candidate,no_author_rule
ADR Editor,1,author_substring,substring_unique_candidate,Culture,Culture-periphery,editor,Culture / Culture-periphery,Culture,agrees_with_previous_llm,substring_requires_transfer_review
Plantation Overseer,1,no_author_rule,no_author_rule,,,,,,no_unique_author_l1_candidate,no_author_rule
Figurative Sculptor,1,author_substring,substring_unique_candidate,Culture,Culture-core,sculptor,Culture / Culture-core,Culture,agrees_with_previous_llm,substring_requires_transfer_review
Make-up artist,1,author_substring,substring_unique_candidate,Culture,Culture-core,_artist,Culture / Culture-core,Culture,agrees_with_previous_llm,substring_requires_transfer_review
Internet Visionary,1,no_author_rule,no_author_rule,,,,,,no_unique_author_l1_candidate,no_author_rule
Child-Care Solicitor,1,author_substring,substring_unique_candidate,Leadership,Administration/Law,solicitor,Leadership / Administration/Law,Leadership,agrees_with_previous_llm,substring_requires_transfer_review
Cornetist,1,author_exact,exact_unique,Culture,Culture-core,cornetist,Culture / Culture-core,Culture,agrees_with_previous_llm,
Kidnapping,1,no_author_rule,no_author_rule,,,,,,no_unique_author_l1_candidate,no_author_rule
Dayan (Religious Leadership Title),1,author_substring,substring_unique_candidate,Leadership,Religious,religious,Leadership / Religious,Leadership,agrees_with_previous_llm,substring_requires_transfer_review
Religious Judge,1,author_substring,substring_same_l1_multiple_l2,Leadership,,judge; religious,Leadership / Administration/Law; Leadership / Religious,Leadership,agrees_with_previous_llm,substring_requires_transfer_review; multiple_author_l2_candidates
Distiller,1,author_exact,exact_unique,Other,Worker/Business (small),distiller,Other / Worker/Business (small),,formal_author_other_previously_out_of_scope,
Production Manager,1,author_exact,exact_unique,Culture,Culture-core,production_manager,Culture / Culture-core,,author_candidate_previous_needs_review,
Bank manager,1,author_substring,substring_unique_candidate,Leadership,Corporate/Executive/Business (large),bank; manager,Leadership / Corporate/Executive/Business (large),Leadership,agrees_with_previous_llm,substring_requires_transfer_review
Assistant Sound Editor,1,author_substring,substring_unique_candidate,Culture,Culture-periphery,editor,Culture / Culture-periphery,Culture,agrees_with_previous_llm,substring_requires_transfer_review
Medical Anthropologist,1,author_substring,substring_unique_candidate,Discovery/Science,Academia,anthropologist; medical,Discovery/Science / Academia,Discovery/Science,agrees_with_previous_llm,substring_requires_transfer_review
Population Biologist,1,author_substring,substring_unique_candidate,Discovery/Science,Academia,biologist,Discovery/Science / Academia,Discovery/Science,agrees_with_previous_llm,substring_requires_transfer_review
Standart officer,1,author_substring,substring_unique_candidate,Leadership,Military,officer_,Leadership / Military,,author_candidate_previous_out_of_scope,substring_requires_transfer_review
Entrepreneur (Profession) #6,1,author_substring,substring_unique_candidate,Leadership,Corporate/Executive/Business (large),entrepreneur,Leadership / Corporate/Executive/Business (large),Leadership,agrees_with_previous_llm,substring_requires_transfer_review
Water Conservation Specialist,1,no_author_rule,no_author_rule,,,,,Discovery/Science,no_unique_author_l1_candidate,no_author_rule
Electronic Engineer,1,author_substring,substring_unique_candidate,Discovery/Science,Explorer/Inventor/Developer,engineer,Discovery/Science / Explorer/Inventor/Developer,Discovery/Science,agrees_with_previous_llm,substring_requires_transfer_review
User experience design,1,no_author_rule,no_author_rule,,,,,,no_unique_author_l1_candidate,no_author_rule
Pub Owner,1,no_author_rule,no_author_rule,,,,,,no_unique_author_l1_candidate,no_author_rule
Hymnology,1,no_author_rule,no_author_rule,,,,,,no_unique_author_l1_candidate,no_author_rule
Wardrobe supervisor,1,no_author_rule,no_author_rule,,,,,,no_unique_author_l1_candidate,no_author_rule
Receiver general,1,no_author_rule,no_author_rule,,,,,Leadership,no_unique_author_l1_candidate,no_author_rule
Arms Dealer,1,no_author_rule,no_author_rule,,,,,,no_unique_author_l1_candidate,no_author_rule
Adjudicator,1,no_author_rule,no_author_rule,,,,,,no_unique_author_l1_candidate,no_author_rule
Bailiff,1,author_exact,exact_unique,Leadership,Administration/Law,bailiff,Leadership / Administration/Law,Leadership,agrees_with_previous_llm,
Park ranger,1,no_author_rule,no_author_rule,,,,,,no_unique_author_l1_candidate,no_author_rule
Prince of Hesse and by Rhine,1,author_substring,substring_unique_candidate,Leadership,Nobility,prince_,Leadership / Nobility,Leadership,agrees_with_previous_llm,substring_requires_transfer_review
Fleet admiral,1,author_substring,substring_unique_candidate,Leadership,Military,admiral,Leadership / Military,Leadership,agrees_with_previous_llm,substring_requires_transfer_review
Plastic arts,1,author_substring,substring_unique_candidate,Culture,Culture-core,_arts_,Culture / Culture-core,,author_candidate_previous_needs_review,substring_requires_transfer_review
Herder,1,no_author_rule,no_author_rule,,,,,,no_unique_author_l1_candidate,no_author_rule
Football Analyst,1,author_substring,substring_cross_l1_conflict,,,football; analyst,Other / Worker/Business (small); Sports/Games / Sports/Games,,no_unique_author_l1_candidate,substring_requires_transfer_review; multiple_author_l1_candidates
Kathak Dancer,1,author_substring,substring_unique_candidate,Culture,Culture-core,dancer,Culture / Culture-core,Culture,agrees_with_previous_llm,substring_requires_transfer_review
Showrunner,1,author_substring,substring_unique_candidate,Sports/Games,Sports/Games,runner,Sports/Games / Sports/Games,Culture,differs_from_previous_llm,substring_requires_transfer_review; previous_llm_l1_disagreement
IT service management,1,author_substring,substring_unique_candidate,Leadership,Corporate/Executive/Business (large),management,Leadership / Corporate/Executive/Business (large),,author_candidate_previous_needs_review,substring_requires_transfer_review
Legal nurse consultant,1,author_substring,substring_cross_l1_conflict,,,nurse; consultant,Discovery/Science / Academia; Other / Worker/Business (small),Discovery/Science,no_unique_author_l1_candidate,substring_requires_transfer_review; multiple_author_l1_candidates
Direct marketing,1,author_substring,substring_unique_candidate,Other,Worker/Business (small),marketing,Other / Worker/Business (small),,formal_author_other_previously_out_of_scope,substring_requires_transfer_review
Inbound Marketing,1,author_substring,substring_unique_candidate,Other,Worker/Business (small),marketing,Other / Worker/Business (small),,author_candidate_previous_needs_review,substring_requires_transfer_review
Atmospheric scientist,1,author_substring,substring_unique_candidate,Discovery/Science,Academia,scientist,Discovery/Science / Academia,Discovery/Science,agrees_with_previous_llm,substring_requires_transfer_review
United States Ambassador to Seychelles,1,author_substring,substring_unique_candidate,Leadership,Administration/Law,ambassador,Leadership / Administration/Law,Leadership,agrees_with_previous_llm,substring_requires_transfer_review
Mandolinist,1,author_exact,exact_unique,Culture,Culture-core,mandolinist,Culture / Culture-core,Culture,agrees_with_previous_llm,
Nailist,1,no_author_rule,no_author_rule,,,,,,no_unique_author_l1_candidate,no_author_rule
Curriculum Director,1,no_author_rule,no_author_rule,,,,,,no_unique_author_l1_candidate,no_author_rule
Image consultant,1,author_substring,substring_unique_candidate,Other,Worker/Business (small),consultant,Other / Worker/Business (small),,author_candidate_previous_needs_review,substring_requires_transfer_review
Boat builder,1,no_author_rule,no_author_rule,,,,,,no_unique_author_l1_candidate,no_author_rule
Master mariner,1,author_substring,substring_unique_candidate,Leadership,Military,_marine,Leadership / Military,,author_candidate_previous_needs_review,substring_requires_transfer_review
European Historian,1,author_substring,substring_unique_candidate,Discovery/Science,Academia,historian,Discovery/Science / Academia,Discovery/Science,agrees_with_previous_llm,substring_requires_transfer_review
Butler,1,author_exact,exact_unique,Other,Worker/Business (small),butler,Other / Worker/Business (small),,formal_author_other_previously_out_of_scope,
Entrepreneur (Small Business) Nightclub and Auto Paint and Body Shops,1,author_substring,substring_cross_l1_conflict,,,_paint_; business; entrepreneur,Culture / Culture-core; Leadership / Corporate/Executive/Business (large),,no_unique_author_l1_candidate,substring_requires_transfer_review; multiple_author_l1_candidates
Sociologist of Science,1,author_substring,substring_unique_candidate,Discovery/Science,Academia,science; sociologist,Discovery/Science / Academia,Discovery/Science,agrees_with_previous_llm,substring_requires_transfer_review
Test engineer,1,author_substring,substring_unique_candidate,Discovery/Science,Explorer/Inventor/Developer,engineer,Discovery/Science / Explorer/Inventor/Developer,Discovery/Science,agrees_with_previous_llm,substring_requires_transfer_review
Botanical Explorer,1,author_substring,substring_unique_candidate,Discovery/Science,Explorer/Inventor/Developer,explorer,Discovery/Science / Explorer/Inventor/Developer,Discovery/Science,agrees_with_previous_llm,substring_requires_transfer_review
Media Entrepreneur,1,author_substring,substring_cross_l1_conflict,,,_media; entrepreneur,Culture / Culture-periphery; Leadership / Corporate/Executive/Business (large),Leadership,no_unique_author_l1_candidate,substring_requires_transfer_review; multiple_author_l1_candidates
Neuroendocrinologist,1,author_substring,substring_unique_candidate,Discovery/Science,Academia,endocrinologist,Discovery/Science / Academia,Discovery/Science,agrees_with_previous_llm,substring_requires_transfer_review
Geheimrat,1,author_exact,exact_unique,Leadership,Nobility,geheimrat,Leadership / Nobility,,author_candidate_previous_needs_review,
Botonist,1,no_author_rule,no_author_rule,,,,,,no_unique_author_l1_candidate,no_author_rule
Manager For a Catering Contractor,1,author_substring,substring_unique_candidate,Leadership,Corporate/Executive/Business (large),manager,Leadership / Corporate/Executive/Business (large),,author_candidate_previous_needs_review,substring_requires_transfer_review
Arts Educator,1,author_substring,substring_cross_l1_conflict,,,_arts_; educator,Culture / Culture-core; Discovery/Science / Academia,,no_unique_author_l1_candidate,substring_requires_transfer_review; multiple_author_l1_candidates
Structural biologist,1,author_substring,substring_unique_candidate,Discovery/Science,Academia,biologist,Discovery/Science / Academia,Discovery/Science,agrees_with_previous_llm,substring_requires_transfer_review
Information professional,1,no_author_rule,no_author_rule,,,,,,no_unique_author_l1_candidate,no_author_rule
Soundtrack Composer,1,author_substring,substring_unique_candidate,Culture,Culture-core,composer,Culture / Culture-core,Culture,agrees_with_previous_llm,substring_requires_transfer_review
Lutenist,1,author_exact,exact_unique,Culture,Culture-core,lutenist,Culture / Culture-core,Culture,agrees_with_previous_llm,
Nursing Graduate,1,no_author_rule,no_author_rule,,,,,,no_unique_author_l1_candidate,no_author_rule
Stage mother,1,author_substring,substring_unique_candidate,Culture,Culture-core,_stage_,Culture / Culture-core,,author_candidate_previous_needs_review,substring_requires_transfer_review
Personal injury lawyer,1,author_substring,substring_unique_candidate,Leadership,Administration/Law,_lawyer,Leadership / Administration/Law,Leadership,agrees_with_previous_llm,substring_requires_transfer_review
Information retrieval,1,no_author_rule,no_author_rule,,,,,,no_unique_author_l1_candidate,no_author_rule
Salonnieres,1,no_author_rule,no_author_rule,,,,,,no_unique_author_l1_candidate,no_author_rule
m/0qcntlr,1,no_author_rule,no_author_rule,,,,,,no_unique_author_l1_candidate,no_author_rule
Political analyst,1,author_substring,substring_cross_l1_conflict,,,political; analyst,Leadership / Politics; Other / Worker/Business (small),Leadership,no_unique_author_l1_candidate,substring_requires_transfer_review; multiple_author_l1_candidates
Illegal drug dealer,1,no_author_rule,no_author_rule,,,,,,no_unique_author_l1_candidate,no_author_rule
Party leader,1,no_author_rule,no_author_rule,,,,,Leadership,no_unique_author_l1_candidate,no_author_rule
Android software development,1,no_author_rule,no_author_rule,,,,,,no_unique_author_l1_candidate,no_author_rule
Help Desk Coordinator,1,no_author_rule,no_author_rule,,,,,,no_unique_author_l1_candidate,no_author_rule
Personal chef,1,author_substring,substring_unique_candidate,Other,Worker/Business (small),_chef_,Other / Worker/Business (small),,formal_author_other_previously_out_of_scope,substring_requires_transfer_review
Policy Consultant,1,author_substring,substring_unique_candidate,Other,Worker/Business (small),consultant,Other / Worker/Business (small),Leadership,differs_from_previous_llm,substring_requires_transfer_review; previous_llm_l1_disagreement
Medical technologist,1,author_substring,substring_unique_candidate,Discovery/Science,Academia,medical,Discovery/Science / Academia,Discovery/Science,agrees_with_previous_llm,substring_requires_transfer_review
Painting,1,author_exact,exact_unique,Culture,Culture-core,painting,Culture / Culture-core,,author_candidate_previous_needs_review,
Yoga Consultant,1,author_substring,substring_unique_candidate,Other,Worker/Business (small),consultant,Other / Worker/Business (small),,author_candidate_previous_needs_review,substring_requires_transfer_review
Rob Gibsun,1,no_author_rule,no_author_rule,,,,,,no_unique_author_l1_candidate,no_author_rule
On-set Dresser,1,no_author_rule,no_author_rule,,,,,Culture,no_unique_author_l1_candidate,no_author_rule
Computer repair technician,1,author_substring,substring_unique_candidate,Other,Worker/Business (small),technician,Other / Worker/Business (small),,author_candidate_previous_needs_review,substring_requires_transfer_review
Roller Skater,1,author_substring,substring_unique_candidate,Sports/Games,Sports/Games,skater,Sports/Games / Sports/Games,Sports/Games,agrees_with_previous_llm,substring_requires_transfer_review
Computer Tech,1,no_author_rule,no_author_rule,,,,,,no_unique_author_l1_candidate,no_author_rule
Biomedical Engineer,1,author_substring,substring_same_l1_multiple_l2,Discovery/Science,,biomedical; medical; engineer,Discovery/Science / Academia; Discovery/Science / Explorer/Inventor/Developer,Discovery/Science,agrees_with_previous_llm,substring_requires_transfer_review; multiple_author_l2_candidates
Computer professional,1,no_author_rule,no_author_rule,,,,,,no_unique_author_l1_candidate,no_author_rule
Arms Policy Analyst,1,author_substring,substring_unique_candidate,Other,Worker/Business (small),analyst,Other / Worker/Business (small),,author_candidate_previous_needs_review,substring_requires_transfer_review
Navy pilot,1,author_substring,substring_unique_candidate,Leadership,Military,navy,Leadership / Military,Leadership,agrees_with_previous_llm,substring_requires_transfer_review
Pipefitter,1,no_author_rule,no_author_rule,,,,,,no_unique_author_l1_candidate,no_author_rule
Nude model,1,author_substring,substring_unique_candidate,Culture,Culture-periphery,_model_,Culture / Culture-periphery,Culture,agrees_with_previous_llm,substring_requires_transfer_review
Rodeo clown,1,author_substring,substring_cross_l1_conflict,,,rodeo; _clown_,Culture / Culture-core; Sports/Games / Sports/Games,,no_unique_author_l1_candidate,substring_requires_transfer_review; multiple_author_l1_candidates
Business process outsourcing,1,author_substring,substring_unique_candidate,Leadership,Corporate/Executive/Business (large),business,Leadership / Corporate/Executive/Business (large),,author_candidate_previous_out_of_scope,substring_requires_transfer_review
Financial Services,1,no_author_rule,no_author_rule,,,,,,no_unique_author_l1_candidate,no_author_rule
Information technology,1,no_author_rule,no_author_rule,,,,,,no_unique_author_l1_candidate,no_author_rule
Investment banking,1,author_substring,substring_unique_candidate,Leadership,Corporate/Executive/Business (large),bank; investment,Leadership / Corporate/Executive/Business (large),,author_candidate_previous_out_of_scope,substring_requires_transfer_review
Wrestling Booker,1,author_substring,substring_unique_candidate,Sports/Games,Sports/Games,wrestling,Sports/Games / Sports/Games,Sports/Games,agrees_with_previous_llm,substring_requires_transfer_review
Taluk Office,1,no_author_rule,no_author_rule,,,,,,no_unique_author_l1_candidate,no_author_rule
Promotional model,1,author_substring,substring_unique_candidate,Culture,Culture-periphery,_model_,Culture / Culture-periphery,Culture,agrees_with_previous_llm,substring_requires_transfer_review
Oficer-Major of King Zog  I,1,author_substring,substring_unique_candidate,Leadership,Nobility,_king_,Leadership / Nobility,Leadership,agrees_with_previous_llm,substring_requires_transfer_review
ADR Recordist,1,no_author_rule,no_author_rule,,,,,Culture,no_unique_author_l1_candidate,no_author_rule
Aerial Coordinator,1,no_author_rule,no_author_rule,,,,,,no_unique_author_l1_candidate,no_author_rule
Solicitor advocate,1,author_substring,substring_unique_candidate,Leadership,Administration/Law,advocate; solicitor,Leadership / Administration/Law,Leadership,agrees_with_previous_llm,substring_requires_transfer_review
Porcelain painter,1,author_substring,substring_unique_candidate,Culture,Culture-core,painter,Culture / Culture-core,Culture,agrees_with_previous_llm,substring_requires_transfer_review
Watercolor paint,1,author_substring,substring_unique_candidate,Culture,Culture-core,_paint_,Culture / Culture-core,,author_candidate_previous_out_of_scope,substring_requires_transfer_review
CG Artist,1,author_substring,substring_unique_candidate,Culture,Culture-core,_artist,Culture / Culture-core,Culture,agrees_with_previous_llm,substring_requires_transfer_review
Business journalist,1,author_substring,substring_cross_l1_conflict,,,journalist; business,Culture / Culture-periphery; Leadership / Corporate/Executive/Business (large),Culture,no_unique_author_l1_candidate,substring_requires_transfer_review; multiple_author_l1_candidates
Free speech activist,1,author_substring,substring_unique_candidate,Leadership,Politics,activist,Leadership / Politics,Leadership,agrees_with_previous_llm,substring_requires_transfer_review
Salsa Dancer,1,author_substring,substring_unique_candidate,Culture,Culture-core,dancer,Culture / Culture-core,Culture,agrees_with_previous_llm,substring_requires_transfer_review
First Gentleman,1,author_substring,substring_unique_candidate,Other,Other,gentleman,Other / Other,,formal_author_other_previously_out_of_scope,substring_requires_transfer_review
geodesist,1,author_exact,exact_unique,Discovery/Science,Academia,geodesist,Discovery/Science / Academia,Discovery/Science,agrees_with_previous_llm,
Ethnobotanist,1,author_substring,substring_unique_candidate,Discovery/Science,Academia,botanist,Discovery/Science / Academia,Discovery/Science,agrees_with_previous_llm,substring_requires_transfer_review
Singer/Songwriter/Producer/Filmmaker,1,author_substring,substring_unique_candidate,Culture,Culture-core,filmmaker; producer; singer; songwriter,Culture / Culture-core,Culture,agrees_with_previous_llm,substring_requires_transfer_review
Taxonomist,1,author_exact,exact_unique,Discovery/Science,Academia,taxonomist,Discovery/Science / Academia,Discovery/Science,agrees_with_previous_llm,
Chapmen,1,no_author_rule,no_author_rule,,,,,,no_unique_author_l1_candidate,no_author_rule
Plant Biologist,1,author_substring,substring_unique_candidate,Discovery/Science,Academia,biologist,Discovery/Science / Academia,Discovery/Science,agrees_with_previous_llm,substring_requires_transfer_review
Founder/President T. Mellon & Sons Bank,1,author_substring,substring_cross_l1_conflict,,,bank; _sons_,Leadership / Corporate/Executive/Business (large); Other / Family,Leadership,no_unique_author_l1_candidate,substring_requires_transfer_review; multiple_author_l1_candidates
Stylist,1,author_exact,exact_unique,Culture,Culture-periphery,_stylist_,Culture / Culture-periphery,,author_candidate_previous_needs_review,
Pyrotechnician,1,author_substring,substring_unique_candidate,Other,Worker/Business (small),technician,Other / Worker/Business (small),,author_candidate_previous_needs_review,substring_requires_transfer_review
Rails Developer,1,author_substring,substring_unique_candidate,Discovery/Science,Explorer/Inventor/Developer,developer,Discovery/Science / Explorer/Inventor/Developer,Discovery/Science,agrees_with_previous_llm,substring_requires_transfer_review
Ruby Developer,1,author_substring,substring_unique_candidate,Discovery/Science,Explorer/Inventor/Developer,developer,Discovery/Science / Explorer/Inventor/Developer,Discovery/Science,agrees_with_previous_llm,substring_requires_transfer_review
Sound Re-Recordist,1,no_author_rule,no_author_rule,,,,,Culture,no_unique_author_l1_candidate,no_author_rule
Penologist,1,author_exact,exact_unique,Discovery/Science,Academia,penologist,Discovery/Science / Academia,Discovery/Science,agrees_with_previous_llm,
Party organizer,1,no_author_rule,no_author_rule,,,,,Leadership,no_unique_author_l1_candidate,no_author_rule
Outreach worker,1,author_substring,substring_unique_candidate,Other,Worker/Business (small),worker,Other / Worker/Business (small),,formal_author_other_previously_out_of_scope,substring_requires_transfer_review
Youth worker,1,author_substring,substring_unique_candidate,Other,Worker/Business (small),worker,Other / Worker/Business (small),,formal_author_other_previously_out_of_scope,substring_requires_transfer_review
Veterinary Technician,1,author_substring,substring_unique_candidate,Other,Worker/Business (small),technician,Other / Worker/Business (small),,author_candidate_previous_needs_review,substring_requires_transfer_review
Divemaster,1,no_author_rule,no_author_rule,,,,,,no_unique_author_l1_candidate,no_author_rule
Hacker (TV subject),1,author_substring,substring_unique_candidate,Other,Other,_hacker_,Other / Other,,author_candidate_previous_needs_review,substring_requires_transfer_review
Advocate General,1,author_substring,substring_unique_candidate,Leadership,Administration/Law,advocate,Leadership / Administration/Law,Leadership,agrees_with_previous_llm,substring_requires_transfer_review
Central Intelligence Agency Officer,1,author_substring,substring_cross_l1_conflict,,,intelligence; officer_,Discovery/Science / Academia; Leadership / Military,Leadership,no_unique_author_l1_candidate,substring_requires_transfer_review; multiple_author_l1_candidates
Staff,1,no_author_rule,no_author_rule,,,,,,no_unique_author_l1_candidate,no_author_rule
Singer (Profession) #212,1,author_substring,substring_unique_candidate,Culture,Culture-core,singer,Culture / Culture-core,Culture,agrees_with_previous_llm,substring_requires_transfer_review
Nature Historian,1,author_substring,substring_unique_candidate,Discovery/Science,Academia,historian,Discovery/Science / Academia,Discovery/Science,agrees_with_previous_llm,substring_requires_transfer_review
Prince of Novgorod,1,author_substring,substring_unique_candidate,Leadership,Nobility,prince_,Leadership / Nobility,Leadership,agrees_with_previous_llm,substring_requires_transfer_review
Call Center Agent,1,no_author_rule,no_author_rule,,,,,,no_unique_author_l1_candidate,no_author_rule
Communications Consultant,1,author_substring,substring_unique_candidate,Other,Worker/Business (small),communication; consultant,Other / Worker/Business (small),,author_candidate_previous_needs_review,substring_requires_transfer_review
Architectural Critic,1,author_substring,substring_unique_candidate,Culture,Culture-periphery,architect; critic,Culture / Culture-periphery,Culture,agrees_with_previous_llm,substring_requires_transfer_review
Sheriff officer,1,author_substring,substring_same_l1_multiple_l2,Leadership,,sheriff; officer_,Leadership / Administration/Law; Leadership / Military,Leadership,agrees_with_previous_llm,substring_requires_transfer_review; multiple_author_l2_candidates
Nurse anesthetist,1,author_substring,substring_unique_candidate,Discovery/Science,Academia,nurse,Discovery/Science / Academia,Discovery/Science,agrees_with_previous_llm,substring_requires_transfer_review
pedagogue assistant,1,author_substring,substring_unique_candidate,Discovery/Science,Academia,pedagogue,Discovery/Science / Academia,Discovery/Science,agrees_with_previous_llm,substring_requires_transfer_review
Physician assistant,1,author_substring,substring_unique_candidate,Discovery/Science,Academia,physician,Discovery/Science / Academia,Discovery/Science,agrees_with_previous_llm,substring_requires_transfer_review
Hydrographer,1,author_exact,exact_unique,Discovery/Science,Academia,hydrographer,Discovery/Science / Academia,Discovery/Science,agrees_with_previous_llm,
Hydrogeologist,1,author_substring,substring_unique_candidate,Discovery/Science,Academia,geologist,Discovery/Science / Academia,Discovery/Science,agrees_with_previous_llm,substring_requires_transfer_review
Methodist Preacher (Profession),1,author_substring,substring_unique_candidate,Leadership,Religious,preacher,Leadership / Religious,Leadership,agrees_with_previous_llm,substring_requires_transfer_review
Bootseller,1,no_author_rule,no_author_rule,,,,,,no_unique_author_l1_candidate,no_author_rule
Rocket scientist,1,author_substring,substring_unique_candidate,Discovery/Science,Academia,scientist,Discovery/Science / Academia,Discovery/Science,agrees_with_previous_llm,substring_requires_transfer_review
Wrangler,1,no_author_rule,no_author_rule,,,,,,no_unique_author_l1_candidate,no_author_rule
Figure skating coach,1,author_substring,substring_unique_candidate,Sports/Games,Sports/Games,coach; skating,Sports/Games / Sports/Games,Sports/Games,agrees_with_previous_llm,substring_requires_transfer_review
Puzzle designer,1,author_substring,substring_unique_candidate,Culture,Culture-periphery,designer,Culture / Culture-periphery,,author_candidate_previous_needs_review,substring_requires_transfer_review
Refrigeration Engineer,1,author_substring,substring_unique_candidate,Discovery/Science,Explorer/Inventor/Developer,engineer,Discovery/Science / Explorer/Inventor/Developer,Discovery/Science,agrees_with_previous_llm,substring_requires_transfer_review
Architectural Sculptor,1,author_substring,substring_same_l1_multiple_l2,Culture,,sculptor; architect,Culture / Culture-core; Culture / Culture-periphery,Culture,agrees_with_previous_llm,substring_requires_transfer_review; multiple_author_l2_candidates
Settler,1,author_exact,exact_unique,Discovery/Science,Explorer/Inventor/Developer,settler,Discovery/Science / Explorer/Inventor/Developer,,author_candidate_previous_out_of_scope,
Palaeontologist (Profession) #1,1,author_substring,substring_unique_candidate,Discovery/Science,Academia,palaeontologist,Discovery/Science / Academia,Discovery/Science,agrees_with_previous_llm,substring_requires_transfer_review
Book Designer,1,author_substring,substring_unique_candidate,Culture,Culture-periphery,designer,Culture / Culture-periphery,Culture,agrees_with_previous_llm,substring_requires_transfer_review
Joiner,1,author_exact,exact_unique,Other,Worker/Business (small),_joiner_,Other / Worker/Business (small),,formal_author_other_previously_out_of_scope,
Moneylender,1,no_author_rule,no_author_rule,,,,,,no_unique_author_l1_candidate,no_author_rule
Peddler,1,no_author_rule,no_author_rule,,,,,,no_unique_author_l1_candidate,no_author_rule
Orientalist,1,author_exact,exact_unique,Discovery/Science,Academia,orientalist,Discovery/Science / Academia,Discovery/Science,agrees_with_previous_llm,
Train Conductor,1,author_substring,substring_unique_candidate,Culture,Culture-core,conductor,Culture / Culture-core,,author_candidate_previous_needs_review,substring_requires_transfer_review
Diocesan bishop,1,author_substring,substring_unique_candidate,Leadership,Religious,bishop,Leadership / Religious,Leadership,agrees_with_previous_llm,substring_requires_transfer_review
Gunslinger,1,no_author_rule,no_author_rule,,,,,,no_unique_author_l1_candidate,no_author_rule
Marksman,1,no_author_rule,no_author_rule,,,,,,no_unique_author_l1_candidate,no_author_rule
Animal control service,1,no_author_rule,no_author_rule,,,,,,no_unique_author_l1_candidate,no_author_rule
Goatherd,1,no_author_rule,no_author_rule,,,,,,no_unique_author_l1_candidate,no_author_rule
Actor (Profession) #80,1,author_substring,substring_unique_candidate,Culture,Culture-core,_actor,Culture / Culture-core,Culture,agrees_with_previous_llm,substring_requires_transfer_review
Ringmaster,1,no_author_rule,no_author_rule,,,,,Culture,no_unique_author_l1_candidate,no_author_rule
Audio Dramatist,1,author_substring,substring_same_l1_multiple_l2,Culture,,_drama; dramatist; _audio,Culture / Culture-core; Culture / Culture-periphery,Culture,agrees_with_previous_llm,substring_requires_transfer_review; multiple_author_l2_candidates
Rector (Profession),1,author_substring,substring_unique_candidate,Discovery/Science,Academia,_rector_,Discovery/Science / Academia,,author_candidate_previous_needs_review,substring_requires_transfer_review
elder,1,no_author_rule,no_author_rule,,,,,,no_unique_author_l1_candidate,no_author_rule
Slave Trader,1,author_substring,substring_cross_l1_conflict,,,trader; _slave_,Leadership / Corporate/Executive/Business (large); Other / Other,,no_unique_author_l1_candidate,substring_requires_transfer_review; multiple_author_l1_candidates
Stamp designer,1,author_substring,substring_unique_candidate,Culture,Culture-periphery,designer,Culture / Culture-periphery,Culture,agrees_with_previous_llm,substring_requires_transfer_review
Antropology,1,no_author_rule,no_author_rule,,,,,,no_unique_author_l1_candidate,no_author_rule
Professional Artist,1,author_substring,substring_unique_candidate,Culture,Culture-core,_artist,Culture / Culture-core,Culture,agrees_with_previous_llm,substring_requires_transfer_review
Conversion Rate Optimisation,1,no_author_rule,no_author_rule,,,,,,no_unique_author_l1_candidate,no_author_rule
Management,1,author_exact,exact_unique,Leadership,Corporate/Executive/Business (large),management,Leadership / Corporate/Executive/Business (large),,author_candidate_previous_needs_review,
Pediatrics,1,author_exact,exact_unique,Discovery/Science,Academia,pediatrics,Discovery/Science / Academia,,author_candidate_previous_out_of_scope,
IT/Software Developer,1,author_substring,substring_unique_candidate,Discovery/Science,Explorer/Inventor/Developer,developer,Discovery/Science / Explorer/Inventor/Developer,Discovery/Science,agrees_with_previous_llm,substring_requires_transfer_review
Web Application Developer,1,author_substring,substring_unique_candidate,Discovery/Science,Explorer/Inventor/Developer,developer,Discovery/Science / Explorer/Inventor/Developer,Discovery/Science,agrees_with_previous_llm,substring_requires_transfer_review
Inbound marketing,1,author_substring,substring_unique_candidate,Other,Worker/Business (small),marketing,Other / Worker/Business (small),,author_candidate_previous_needs_review,substring_requires_transfer_review
Industriemechaniker,1,no_author_rule,no_author_rule,,,,,,no_unique_author_l1_candidate,no_author_rule
Online marketing consultant specializing in SEO,1,author_substring,substring_unique_candidate,Other,Worker/Business (small),consultant; marketing,Other / Worker/Business (small),,author_candidate_previous_needs_review,substring_requires_transfer_review
m/012zw2f7,1,no_author_rule,no_author_rule,,,,,,no_unique_author_l1_candidate,no_author_rule
Marketing Specialist,1,author_substring,substring_unique_candidate,Other,Worker/Business (small),marketing,Other / Worker/Business (small),,author_candidate_previous_needs_review,substring_requires_transfer_review
Affiliate,1,no_author_rule,no_author_rule,,,,,,no_unique_author_l1_candidate,no_author_rule
Business Analyst,1,author_substring,substring_cross_l1_conflict,,,business; analyst,Leadership / Corporate/Executive/Business (large); Other / Worker/Business (small),,no_unique_author_l1_candidate,substring_requires_transfer_review; multiple_author_l1_candidates
Digital Marketing Strategist (Job title),1,author_substring,substring_unique_candidate,Other,Worker/Business (small),marketing,Other / Worker/Business (small),,author_candidate_previous_needs_review,substring_requires_transfer_review
