raw_value	graph_people	rule_priority	level1	level2	level3_keyword	is_whole_label_exact	in_selected_lookup_tier	is_full_author_first_match	match_type	category_priority	keyword_priority	source_file	source_line
Actor	46585	303	Culture	Culture-core	_actor	1	1	1	literal_substring_stata_strpos	2	1	Data_Construction/wikidata/prog_occ.do	54
Writer	21980	343	Culture	Culture-core	_writer	1	1	1	literal_substring_stata_strpos	2	41	Data_Construction/wikidata/prog_occ.do	54
Artist	19413	304	Culture	Culture-core	_artist	1	1	1	literal_substring_stata_strpos	2	2	Data_Construction/wikidata/prog_occ.do	54
Performance Artist	16505	304	Culture	Culture-core	_artist	0	1	1	literal_substring_stata_strpos	2	2	Data_Construction/wikidata/prog_occ.do	54
Musician	13465	325	Culture	Culture-core	_music	0	0	1	literal_substring_stata_strpos	2	23	Data_Construction/wikidata/prog_occ.do	54
Musician	13465	473	Culture	Culture-core	musician	1	1	0	literal_substring_stata_strpos	2	171	Data_Construction/wikidata/prog_occ.do	54
Screenwriter	10552	524	Culture	Culture-core	screenwriter	1	1	1	literal_substring_stata_strpos	2	222	Data_Construction/wikidata/prog_occ.do	54
Film director	8505	320	Culture	Culture-core	_film_	0	1	1	literal_substring_stata_strpos	2	18	Data_Construction/wikidata/prog_occ.do	54
Film Producer	8141	320	Culture	Culture-core	_film_	0	1	1	literal_substring_stata_strpos	2	18	Data_Construction/wikidata/prog_occ.do	54
Film Producer	8141	506	Culture	Culture-core	producer	0	1	0	literal_substring_stata_strpos	2	204	Data_Construction/wikidata/prog_occ.do	54
Singer	8056	529	Culture	Culture-core	singer	1	1	1	literal_substring_stata_strpos	2	227	Data_Construction/wikidata/prog_occ.do	54
Athlete	7946	32	Sports/Games	Sports/Games	athlete	1	1	1	literal_substring_stata_strpos	1	32	Data_Construction/wikidata/prog_occ.do	53
Politician	5549	1014	Leadership	Politics	politician	1	1	1	literal_substring_stata_strpos	5	87	Data_Construction/wikidata/prog_occ.do	57
Business executive	4245	1218	Leadership	Corporate/Executive/Business (large)	business	0	1	1	literal_substring_stata_strpos	9	10	Data_Construction/wikidata/prog_occ.do	63
Business executive	4245	1223	Leadership	Corporate/Executive/Business (large)	executive	0	1	0	literal_substring_stata_strpos	9	15	Data_Construction/wikidata/prog_occ.do	63
Manager	4155	1234	Leadership	Corporate/Executive/Business (large)	manager	1	1	1	literal_substring_stata_strpos	9	26	Data_Construction/wikidata/prog_occ.do	63
Businessperson	4031	1218	Leadership	Corporate/Executive/Business (large)	business	0	1	1	literal_substring_stata_strpos	9	10	Data_Construction/wikidata/prog_occ.do	63
Author	3887	352	Culture	Culture-core	author	1	1	1	literal_substring_stata_strpos	2	50	Data_Construction/wikidata/prog_occ.do	54
Voice Actor	3657	303	Culture	Culture-core	_actor	0	1	1	literal_substring_stata_strpos	2	1	Data_Construction/wikidata/prog_occ.do	54
Scientist	3582	894	Discovery/Science	Academia	scientist	1	1	1	literal_substring_stata_strpos	4	231	Data_Construction/wikidata/prog_occ.do	56
Composer (Profession)	3520	398	Culture	Culture-core	composer	0	1	1	literal_substring_stata_strpos	2	96	Data_Construction/wikidata/prog_occ.do	54
Television producer	3307	506	Culture	Culture-core	producer	0	1	1	literal_substring_stata_strpos	2	204	Data_Construction/wikidata/prog_occ.do	54
Television producer	3307	655	Culture	Culture-periphery	television	0	1	0	literal_substring_stata_strpos	3	86	Data_Construction/wikidata/prog_occ.do	55
Educator	3229	738	Discovery/Science	Academia	educator	1	1	1	literal_substring_stata_strpos	4	75	Data_Construction/wikidata/prog_occ.do	56
Broadcaster	3132	592	Culture	Culture-periphery	broadcast	0	1	1	literal_substring_stata_strpos	3	23	Data_Construction/wikidata/prog_occ.do	55
Journalist	2991	629	Culture	Culture-periphery	journalist	1	1	1	literal_substring_stata_strpos	3	60	Data_Construction/wikidata/prog_occ.do	55
Football player	2863	101	Sports/Games	Sports/Games	football	0	1	1	literal_substring_stata_strpos	1	101	Data_Construction/wikidata/prog_occ.do	53
Football player	2863	189	Sports/Games	Sports/Games	player	0	1	0	literal_substring_stata_strpos	1	189	Data_Construction/wikidata/prog_occ.do	53
Model	2817	577	Culture	Culture-periphery	_model_	1	1	1	literal_substring_stata_strpos	3	8	Data_Construction/wikidata/prog_occ.do	55
Presenter	2632	638	Culture	Culture-periphery	presenter	1	1	1	literal_substring_stata_strpos	3	69	Data_Construction/wikidata/prog_occ.do	55
Novelist	2512	474	Culture	Culture-core	novelist	1	1	1	literal_substring_stata_strpos	2	172	Data_Construction/wikidata/prog_occ.do	54
Television director	2438	655	Culture	Culture-periphery	television	0	1	1	literal_substring_stata_strpos	3	86	Data_Construction/wikidata/prog_occ.do	55
Entertainer	2358	416	Culture	Culture-core	entertainer	1	1	1	literal_substring_stata_strpos	2	114	Data_Construction/wikidata/prog_occ.do	54
Criminal defense lawyer	2304	1053	Leadership	Administration/Law	_lawyer	0	1	1	literal_substring_stata_strpos	6	7	Data_Construction/wikidata/prog_occ.do	58
Criminal defense lawyer	2304	1792	Other	Other	criminal	0	1	0	literal_substring_stata_strpos	14	47	Data_Construction/wikidata/prog_occ.do	66
Lawyer	2304	1053	Leadership	Administration/Law	_lawyer	1	1	1	literal_substring_stata_strpos	6	7	Data_Construction/wikidata/prog_occ.do	58
Designer	2186	606	Culture	Culture-periphery	designer	1	1	1	literal_substring_stata_strpos	3	37	Data_Construction/wikidata/prog_occ.do	55
Songwriter	2169	535	Culture	Culture-core	songwriter	1	1	1	literal_substring_stata_strpos	2	233	Data_Construction/wikidata/prog_occ.do	54
Editor	2061	612	Culture	Culture-periphery	editor	1	1	1	literal_substring_stata_strpos	3	43	Data_Construction/wikidata/prog_occ.do	55
Film Score Composer	2012	320	Culture	Culture-core	_film_	0	1	1	literal_substring_stata_strpos	2	18	Data_Construction/wikidata/prog_occ.do	54
Film Score Composer	2012	398	Culture	Culture-core	composer	0	1	0	literal_substring_stata_strpos	2	96	Data_Construction/wikidata/prog_occ.do	54
Comedian	1871	393	Culture	Culture-core	comedian	1	1	1	literal_substring_stata_strpos	2	91	Data_Construction/wikidata/prog_occ.do	54
Mathematician	1682	810	Discovery/Science	Academia	mathematician	1	1	1	literal_substring_stata_strpos	4	147	Data_Construction/wikidata/prog_occ.do	56
Singer-songwriter	1599	529	Culture	Culture-core	singer	0	1	1	literal_substring_stata_strpos	2	227	Data_Construction/wikidata/prog_occ.do	54
Singer-songwriter	1599	535	Culture	Culture-core	songwriter	0	1	0	literal_substring_stata_strpos	2	233	Data_Construction/wikidata/prog_occ.do	54
Teacher	1594	910	Discovery/Science	Academia	teacher_	1	1	1	literal_substring_stata_strpos	4	247	Data_Construction/wikidata/prog_occ.do	56
Poet	1556	329	Culture	Culture-core	_poet	1	1	1	literal_substring_stata_strpos	2	27	Data_Construction/wikidata/prog_occ.do	54
Operator	1478	1661	Other	Worker/Business (small)	operator	1	1	1	literal_substring_stata_strpos	12	229	Data_Construction/wikidata/prog_occ.do	64
Playwright	1464	498	Culture	Culture-core	playwright	1	1	1	literal_substring_stata_strpos	2	196	Data_Construction/wikidata/prog_occ.do	54
Cinematographer	1429	385	Culture	Culture-core	cinema	0	0	1	literal_substring_stata_strpos	2	83	Data_Construction/wikidata/prog_occ.do	54
Cinematographer	1429	386	Culture	Culture-core	cinematographer	1	1	0	literal_substring_stata_strpos	2	84	Data_Construction/wikidata/prog_occ.do	54
Physician	1410	867	Discovery/Science	Academia	physician	1	1	1	literal_substring_stata_strpos	4	204	Data_Construction/wikidata/prog_occ.do	56
Film editor	1401	320	Culture	Culture-core	_film_	0	1	1	literal_substring_stata_strpos	2	18	Data_Construction/wikidata/prog_occ.do	54
Film editor	1401	612	Culture	Culture-periphery	editor	0	1	0	literal_substring_stata_strpos	3	43	Data_Construction/wikidata/prog_occ.do	55
Music Producer	1379	325	Culture	Culture-core	_music	0	1	1	literal_substring_stata_strpos	2	23	Data_Construction/wikidata/prog_occ.do	54
Music Producer	1379	506	Culture	Culture-core	producer	0	1	0	literal_substring_stata_strpos	2	204	Data_Construction/wikidata/prog_occ.do	54
Visual Artist	1323	304	Culture	Culture-core	_artist	0	0	1	literal_substring_stata_strpos	2	2	Data_Construction/wikidata/prog_occ.do	54
Visual Artist	1323	659	Culture	Culture-periphery	visual_artist	1	1	0	literal_substring_stata_strpos	3	90	Data_Construction/wikidata/prog_occ.do	55
Music executive	1298	325	Culture	Culture-core	_music	0	1	1	literal_substring_stata_strpos	2	23	Data_Construction/wikidata/prog_occ.do	54
Music executive	1298	1223	Leadership	Corporate/Executive/Business (large)	executive	0	1	0	literal_substring_stata_strpos	9	15	Data_Construction/wikidata/prog_occ.do	63
Record producer	1284	506	Culture	Culture-core	producer	0	0	1	literal_substring_stata_strpos	2	204	Data_Construction/wikidata/prog_occ.do	54
Record producer	1284	647	Culture	Culture-periphery	record_producer	1	1	0	literal_substring_stata_strpos	3	78	Data_Construction/wikidata/prog_occ.do	55
Dancer	1257	410	Culture	Culture-core	dancer	1	1	1	literal_substring_stata_strpos	2	108	Data_Construction/wikidata/prog_occ.do	54
Philosopher	1149	861	Discovery/Science	Academia	philosopher	1	1	1	literal_substring_stata_strpos	4	198	Data_Construction/wikidata/prog_occ.do	56
Entrepreneur	1105	1222	Leadership	Corporate/Executive/Business (large)	entrepreneur	1	1	1	literal_substring_stata_strpos	9	14	Data_Construction/wikidata/prog_occ.do	63
Guitarist	1057	434	Culture	Culture-core	guitar	0	1	1	literal_substring_stata_strpos	2	132	Data_Construction/wikidata/prog_occ.do	54
Professor	1026	878	Discovery/Science	Academia	professor	1	1	1	literal_substring_stata_strpos	4	215	Data_Construction/wikidata/prog_occ.do	56
Engineer	1006	1187	Discovery/Science	Explorer/Inventor/Developer	engineer	1	1	1	literal_substring_stata_strpos	8	12	Data_Construction/wikidata/prog_occ.do	62
Theatre Director	996	550	Culture	Culture-core	theatre	0	1	1	literal_substring_stata_strpos	2	248	Data_Construction/wikidata/prog_occ.do	54
Painter	943	483	Culture	Culture-core	painter	1	1	1	literal_substring_stata_strpos	2	181	Data_Construction/wikidata/prog_occ.do	54
Physicist	913	868	Discovery/Science	Academia	physicist	1	1	1	literal_substring_stata_strpos	4	205	Data_Construction/wikidata/prog_occ.do	56
American Football player	872	101	Sports/Games	Sports/Games	football	0	1	1	literal_substring_stata_strpos	1	101	Data_Construction/wikidata/prog_occ.do	53
American Football player	872	189	Sports/Games	Sports/Games	player	0	1	0	literal_substring_stata_strpos	1	189	Data_Construction/wikidata/prog_occ.do	53
Photographer	823	491	Culture	Culture-core	photographer	1	1	1	literal_substring_stata_strpos	2	189	Data_Construction/wikidata/prog_occ.do	54
Baseball Player	751	40	Sports/Games	Sports/Games	baseball	0	1	1	literal_substring_stata_strpos	1	40	Data_Construction/wikidata/prog_occ.do	53
Baseball Player	751	189	Sports/Games	Sports/Games	player	0	1	0	literal_substring_stata_strpos	1	189	Data_Construction/wikidata/prog_occ.do	53
Conductor	723	401	Culture	Culture-core	conductor	1	1	1	literal_substring_stata_strpos	2	99	Data_Construction/wikidata/prog_occ.do	54
Architect	717	586	Culture	Culture-periphery	architect	1	1	1	literal_substring_stata_strpos	3	17	Data_Construction/wikidata/prog_occ.do	55
Coach	696	75	Sports/Games	Sports/Games	coach	1	1	1	literal_substring_stata_strpos	1	75	Data_Construction/wikidata/prog_occ.do	53
Religious Leader (Religious Leadership Title)	648	1351	Leadership	Religious	religious	0	1	1	literal_substring_stata_strpos	10	101	Data_Construction/wikidata/prog_occ.do	61
Pianist	636	495	Culture	Culture-core	pianist	1	1	1	literal_substring_stata_strpos	2	193	Data_Construction/wikidata/prog_occ.do	54
Historian	614	783	Discovery/Science	Academia	historian	1	1	1	literal_substring_stata_strpos	4	120	Data_Construction/wikidata/prog_occ.do	56
Soldier	613	1423	Leadership	Military	soldier	1	1	1	literal_substring_stata_strpos	11	61	Data_Construction/wikidata/prog_occ.do	59
Television crew	612	655	Culture	Culture-periphery	television	0	1	1	literal_substring_stata_strpos	3	86	Data_Construction/wikidata/prog_occ.do	55
Chemist	606	715	Discovery/Science	Academia	chemist	1	1	1	literal_substring_stata_strpos	4	52	Data_Construction/wikidata/prog_occ.do	56
Economist	546	736	Discovery/Science	Academia	economist	1	1	1	literal_substring_stata_strpos	4	73	Data_Construction/wikidata/prog_occ.do	56
Critic	527	604	Culture	Culture-periphery	critic	1	1	1	literal_substring_stata_strpos	3	35	Data_Construction/wikidata/prog_occ.do	55
Activist	525	939	Leadership	Politics	activist	1	1	1	literal_substring_stata_strpos	5	12	Data_Construction/wikidata/prog_occ.do	57
Cartoonist	471	371	Culture	Culture-core	cartoonist	1	1	1	literal_substring_stata_strpos	2	69	Data_Construction/wikidata/prog_occ.do	54
Sex worker	456	1716	Other	Worker/Business (small)	worker	0	1	1	literal_substring_stata_strpos	12	284	Data_Construction/wikidata/prog_occ.do	64
Pornographic film actor	436	303	Culture	Culture-core	_actor	0	1	1	literal_substring_stata_strpos	2	1	Data_Construction/wikidata/prog_occ.do	54
Pornographic film actor	436	320	Culture	Culture-core	_film_	0	1	0	literal_substring_stata_strpos	2	18	Data_Construction/wikidata/prog_occ.do	54
Costume designer	416	405	Culture	Culture-core	costume_designer	1	1	1	literal_substring_stata_strpos	2	103	Data_Construction/wikidata/prog_occ.do	54
Costume designer	416	606	Culture	Culture-periphery	designer	0	0	0	literal_substring_stata_strpos	3	37	Data_Construction/wikidata/prog_occ.do	55
Ice Hockey Player	409	131	Sports/Games	Sports/Games	hockey	0	1	1	literal_substring_stata_strpos	1	131	Data_Construction/wikidata/prog_occ.do	53
Ice Hockey Player	409	140	Sports/Games	Sports/Games	ice_hockey	0	1	0	literal_substring_stata_strpos	1	140	Data_Construction/wikidata/prog_occ.do	53
Ice Hockey Player	409	189	Sports/Games	Sports/Games	player	0	1	0	literal_substring_stata_strpos	1	189	Data_Construction/wikidata/prog_occ.do	53
Linguist	407	805	Discovery/Science	Academia	linguist	1	1	1	literal_substring_stata_strpos	4	142	Data_Construction/wikidata/prog_occ.do	56
Navigator	406	1200	Discovery/Science	Explorer/Inventor/Developer	navigator	1	1	1	literal_substring_stata_strpos	8	25	Data_Construction/wikidata/prog_occ.do	62
Production Designer	405	507	Culture	Culture-core	production_designer	1	1	1	literal_substring_stata_strpos	2	205	Data_Construction/wikidata/prog_occ.do	54
Production Designer	405	606	Culture	Culture-periphery	designer	0	0	0	literal_substring_stata_strpos	3	37	Data_Construction/wikidata/prog_occ.do	55
Lyricist (Profession)	401	462	Culture	Culture-core	lyricist	0	1	1	literal_substring_stata_strpos	2	160	Data_Construction/wikidata/prog_occ.do	54
Basketball Player	392	42	Sports/Games	Sports/Games	basket	0	1	1	literal_substring_stata_strpos	1	42	Data_Construction/wikidata/prog_occ.do	53
Basketball Player	392	189	Sports/Games	Sports/Games	player	0	1	0	literal_substring_stata_strpos	1	189	Data_Construction/wikidata/prog_occ.do	53
Stunt Performer	390	340	Culture	Culture-core	_stunt_	0	1	1	literal_substring_stata_strpos	2	38	Data_Construction/wikidata/prog_occ.do	54
Stunt Performer	390	488	Culture	Culture-core	performer	0	1	0	literal_substring_stata_strpos	2	186	Data_Construction/wikidata/prog_occ.do	54
Radio personality	382	579	Culture	Culture-periphery	_radio_	0	1	1	literal_substring_stata_strpos	3	10	Data_Construction/wikidata/prog_occ.do	55
Military Officer	382	1407	Leadership	Military	militar	0	1	1	literal_substring_stata_strpos	11	45	Data_Construction/wikidata/prog_occ.do	59
Military Officer	382	1412	Leadership	Military	officer_	0	1	0	literal_substring_stata_strpos	11	50	Data_Construction/wikidata/prog_occ.do	59
Art Director	379	351	Culture	Culture-core	art_director	1	1	1	literal_substring_stata_strpos	2	49	Data_Construction/wikidata/prog_occ.do	54
Clergy	376	1293	Leadership	Religious	clergy	1	1	1	literal_substring_stata_strpos	10	43	Data_Construction/wikidata/prog_occ.do	61
Diplomat	366	1070	Leadership	Administration/Law	diplomat	1	1	1	literal_substring_stata_strpos	6	24	Data_Construction/wikidata/prog_occ.do	58
Race car driver	360	9	Sports/Games	Sports/Games	_driver_	0	1	1	literal_substring_stata_strpos	1	9	Data_Construction/wikidata/prog_occ.do	53
Race car driver	360	204	Sports/Games	Sports/Games	race_car	0	1	0	literal_substring_stata_strpos	1	204	Data_Construction/wikidata/prog_occ.do	53
Producer	355	506	Culture	Culture-core	producer	1	1	1	literal_substring_stata_strpos	2	204	Data_Construction/wikidata/prog_occ.do	54
Drummer	351	414	Culture	Culture-core	drummer	1	1	1	literal_substring_stata_strpos	2	112	Data_Construction/wikidata/prog_occ.do	54
Judge	334	1076	Leadership	Administration/Law	judge	1	1	1	literal_substring_stata_strpos	6	30	Data_Construction/wikidata/prog_occ.do	58
Essayist	329	419	Culture	Culture-core	essayist	1	1	1	literal_substring_stata_strpos	2	117	Data_Construction/wikidata/prog_occ.do	54
Film art director	324	320	Culture	Culture-core	_film_	0	1	1	literal_substring_stata_strpos	2	18	Data_Construction/wikidata/prog_occ.do	54
Film art director	324	351	Culture	Culture-core	art_director	0	1	0	literal_substring_stata_strpos	2	49	Data_Construction/wikidata/prog_occ.do	54
Wrestler	322	298	Sports/Games	Sports/Games	wrestler	1	1	1	literal_substring_stata_strpos	1	298	Data_Construction/wikidata/prog_occ.do	53
Rapper	316	512	Culture	Culture-core	rapper	1	1	1	literal_substring_stata_strpos	2	210	Data_Construction/wikidata/prog_occ.do	54
Theatrical producer	316	506	Culture	Culture-core	producer	0	1	1	literal_substring_stata_strpos	2	204	Data_Construction/wikidata/prog_occ.do	54
Theatrical producer	316	551	Culture	Culture-core	theatrical	0	1	0	literal_substring_stata_strpos	2	249	Data_Construction/wikidata/prog_occ.do	54
Translator (Film job)	298	1703	Other	Worker/Business (small)	translator	0	1	1	literal_substring_stata_strpos	12	271	Data_Construction/wikidata/prog_occ.do	64
Music Director	289	325	Culture	Culture-core	_music	0	1	1	literal_substring_stata_strpos	2	23	Data_Construction/wikidata/prog_occ.do	54
Technician	287	1698	Other	Worker/Business (small)	technician	1	1	1	literal_substring_stata_strpos	12	266	Data_Construction/wikidata/prog_occ.do	64
Announcer	286	585	Culture	Culture-periphery	announcer	1	1	1	literal_substring_stata_strpos	3	16	Data_Construction/wikidata/prog_occ.do	55
Psychologist	281	883	Discovery/Science	Academia	psychologist	1	1	1	literal_substring_stata_strpos	4	220	Data_Construction/wikidata/prog_occ.do	56
Choreographer	278	382	Culture	Culture-core	choreographer	1	1	1	literal_substring_stata_strpos	2	80	Data_Construction/wikidata/prog_occ.do	54
Disc jockey	269	144	Sports/Games	Sports/Games	jockey	0	1	1	literal_substring_stata_strpos	1	144	Data_Construction/wikidata/prog_occ.do	53
Fashion designer	265	606	Culture	Culture-periphery	designer	0	0	1	literal_substring_stata_strpos	3	37	Data_Construction/wikidata/prog_occ.do	55
Fashion designer	265	614	Culture	Culture-periphery	fashion_designer	1	1	0	literal_substring_stata_strpos	3	45	Data_Construction/wikidata/prog_occ.do	55
Computer scientist	258	719	Discovery/Science	Academia	computer_scientist	1	1	1	literal_substring_stata_strpos	4	56	Data_Construction/wikidata/prog_occ.do	56
Computer scientist	258	894	Discovery/Science	Academia	scientist	0	0	0	literal_substring_stata_strpos	4	231	Data_Construction/wikidata/prog_occ.do	56
Banker	254	1215	Leadership	Corporate/Executive/Business (large)	bank	0	1	1	literal_substring_stata_strpos	9	7	Data_Construction/wikidata/prog_occ.do	63
Aviator	248	1373	Leadership	Military	aviator	1	1	1	literal_substring_stata_strpos	11	11	Data_Construction/wikidata/prog_occ.do	59
Publisher (Editor title)	242	612	Culture	Culture-periphery	editor	0	1	1	literal_substring_stata_strpos	3	43	Data_Construction/wikidata/prog_occ.do	55
Publisher (Editor title)	242	643	Culture	Culture-periphery	publisher	0	1	0	literal_substring_stata_strpos	3	74	Data_Construction/wikidata/prog_occ.do	55
Bassist	241	361	Culture	Culture-core	bassist	1	1	1	literal_substring_stata_strpos	2	59	Data_Construction/wikidata/prog_occ.do	54
Music artist	239	304	Culture	Culture-core	_artist	0	1	1	literal_substring_stata_strpos	2	2	Data_Construction/wikidata/prog_occ.do	54
Music artist	239	325	Culture	Culture-core	_music	0	1	0	literal_substring_stata_strpos	2	23	Data_Construction/wikidata/prog_occ.do	54
Fashion Model	232	577	Culture	Culture-periphery	_model_	0	0	1	literal_substring_stata_strpos	3	8	Data_Construction/wikidata/prog_occ.do	55
Fashion Model	232	615	Culture	Culture-periphery	fashion_model	1	1	0	literal_substring_stata_strpos	3	46	Data_Construction/wikidata/prog_occ.do	55
Astronomer	232	698	Discovery/Science	Academia	astronomer	1	1	1	literal_substring_stata_strpos	4	35	Data_Construction/wikidata/prog_occ.do	56
Inventor	232	1198	Discovery/Science	Explorer/Inventor/Developer	inventor	1	1	1	literal_substring_stata_strpos	8	23	Data_Construction/wikidata/prog_occ.do	62
Television presenter	225	638	Culture	Culture-periphery	presenter	0	1	1	literal_substring_stata_strpos	3	69	Data_Construction/wikidata/prog_occ.do	55
Television presenter	225	655	Culture	Culture-periphery	television	0	1	0	literal_substring_stata_strpos	3	86	Data_Construction/wikidata/prog_occ.do	55
Tennis player	225	189	Sports/Games	Sports/Games	player	0	1	1	literal_substring_stata_strpos	1	189	Data_Construction/wikidata/prog_occ.do	53
Tennis player	225	271	Sports/Games	Sports/Games	tennis	0	1	0	literal_substring_stata_strpos	1	271	Data_Construction/wikidata/prog_occ.do	53
Rugby Player	217	189	Sports/Games	Sports/Games	player	0	1	1	literal_substring_stata_strpos	1	189	Data_Construction/wikidata/prog_occ.do	53
Rugby Player	217	219	Sports/Games	Sports/Games	rugby	0	1	0	literal_substring_stata_strpos	1	219	Data_Construction/wikidata/prog_occ.do	53
Sculptor	213	525	Culture	Culture-core	sculptor	1	1	1	literal_substring_stata_strpos	2	223	Data_Construction/wikidata/prog_occ.do	54
Tradesman	210	1248	Leadership	Corporate/Executive/Business (large)	tradesman	1	1	1	literal_substring_stata_strpos	9	40	Data_Construction/wikidata/prog_occ.do	63
Animator	210	348	Culture	Culture-core	animator	1	1	1	literal_substring_stata_strpos	2	46	Data_Construction/wikidata/prog_occ.do	54
Professional Boxer	208	3	Sports/Games	Sports/Games	_boxer	0	1	1	literal_substring_stata_strpos	1	3	Data_Construction/wikidata/prog_occ.do	53
Child Actor	206	303	Culture	Culture-core	_actor	0	1	1	literal_substring_stata_strpos	2	1	Data_Construction/wikidata/prog_occ.do	54
Child Actor	206	1727	Other	Family	child_	0	1	0	literal_substring_stata_strpos	13	9	Data_Construction/wikidata/prog_occ.do	65
Illustrator (Profession)	200	626	Culture	Culture-periphery	illustrator	0	1	1	literal_substring_stata_strpos	3	57	Data_Construction/wikidata/prog_occ.do	55
Television Editor	198	612	Culture	Culture-periphery	editor	0	1	1	literal_substring_stata_strpos	3	43	Data_Construction/wikidata/prog_occ.do	55
Television Editor	198	655	Culture	Culture-periphery	television	0	1	0	literal_substring_stata_strpos	3	86	Data_Construction/wikidata/prog_occ.do	55
Scholar	195	890	Discovery/Science	Academia	scholar	1	1	1	literal_substring_stata_strpos	4	227	Data_Construction/wikidata/prog_occ.do	56
Violist	190	564	Culture	Culture-core	violist	1	1	1	literal_substring_stata_strpos	2	262	Data_Construction/wikidata/prog_occ.do	54
Cricketer	184	78	Sports/Games	Sports/Games	cricket	0	1	1	literal_substring_stata_strpos	1	78	Data_Construction/wikidata/prog_occ.do	53
Commentator	183	599	Culture	Culture-periphery	commentator	1	1	1	literal_substring_stata_strpos	3	30	Data_Construction/wikidata/prog_occ.do	55
Minister	183	1000	Leadership	Politics	minister	1	1	1	literal_substring_stata_strpos	5	73	Data_Construction/wikidata/prog_occ.do	57
Martial artist	182	160	Sports/Games	Sports/Games	martial_art	0	1	1	literal_substring_stata_strpos	1	160	Data_Construction/wikidata/prog_occ.do	53
Martial artist	182	304	Culture	Culture-core	_artist	0	1	0	literal_substring_stata_strpos	2	2	Data_Construction/wikidata/prog_occ.do	54
Ballet Dancer	182	355	Culture	Culture-core	ballet	0	1	1	literal_substring_stata_strpos	2	53	Data_Construction/wikidata/prog_occ.do	54
Ballet Dancer	182	410	Culture	Culture-core	dancer	0	1	0	literal_substring_stata_strpos	2	108	Data_Construction/wikidata/prog_occ.do	54
Casting Director	179	373	Culture	Culture-core	casting_director	1	1	1	literal_substring_stata_strpos	2	71	Data_Construction/wikidata/prog_occ.do	54
Farmer	170	1589	Other	Worker/Business (small)	farmer	1	1	1	literal_substring_stata_strpos	12	157	Data_Construction/wikidata/prog_occ.do	64
Keyboard player	169	189	Sports/Games	Sports/Games	player	0	1	1	literal_substring_stata_strpos	1	189	Data_Construction/wikidata/prog_occ.do	53
Cook	166	1449	Other	Worker/Business (small)	_cook_	1	1	1	literal_substring_stata_strpos	12	17	Data_Construction/wikidata/prog_occ.do	64
Law enforcement officer	165	1052	Leadership	Administration/Law	_law_	0	1	1	literal_substring_stata_strpos	6	6	Data_Construction/wikidata/prog_occ.do	58
Law enforcement officer	165	1412	Leadership	Military	officer_	0	1	0	literal_substring_stata_strpos	11	50	Data_Construction/wikidata/prog_occ.do	59
Philanthropist	161	1853	Other	Other	philanthropist	1	1	1	literal_substring_stata_strpos	14	108	Data_Construction/wikidata/prog_occ.do	66
Anthropologist	156	685	Discovery/Science	Academia	anthropologist	1	1	1	literal_substring_stata_strpos	4	22	Data_Construction/wikidata/prog_occ.do	56
Social activist	153	939	Leadership	Politics	activist	0	1	1	literal_substring_stata_strpos	5	12	Data_Construction/wikidata/prog_occ.do	57
Opera singer	149	326	Culture	Culture-core	_opera_	0	1	1	literal_substring_stata_strpos	2	24	Data_Construction/wikidata/prog_occ.do	54
Opera singer	149	529	Culture	Culture-core	singer	0	1	0	literal_substring_stata_strpos	2	227	Data_Construction/wikidata/prog_occ.do	54
Blue-collar worker	147	1716	Other	Worker/Business (small)	worker	0	1	1	literal_substring_stata_strpos	12	284	Data_Construction/wikidata/prog_occ.do	64
Nurse	147	828	Discovery/Science	Academia	nurse	1	1	1	literal_substring_stata_strpos	4	165	Data_Construction/wikidata/prog_occ.do	56
Bandleader	145	356	Culture	Culture-core	bandleader	1	1	1	literal_substring_stata_strpos	2	54	Data_Construction/wikidata/prog_occ.do	54
Sound Engineer	145	1187	Discovery/Science	Explorer/Inventor/Developer	engineer	0	1	1	literal_substring_stata_strpos	8	12	Data_Construction/wikidata/prog_occ.do	62
Researcher	144	887	Discovery/Science	Academia	research	0	1	1	literal_substring_stata_strpos	4	224	Data_Construction/wikidata/prog_occ.do	56
Botanist	136	708	Discovery/Science	Academia	botanist	1	1	1	literal_substring_stata_strpos	4	45	Data_Construction/wikidata/prog_occ.do	56
Chef	134	1444	Other	Worker/Business (small)	_chef_	1	1	1	literal_substring_stata_strpos	12	12	Data_Construction/wikidata/prog_occ.do	64
Multi-instrumentalist	131	449	Culture	Culture-core	instrumentalist	0	1	1	literal_substring_stata_strpos	2	147	Data_Construction/wikidata/prog_occ.do	54
Multi-instrumentalist	131	1839	Other	Other	mentalist	0	1	0	literal_substring_stata_strpos	14	94	Data_Construction/wikidata/prog_occ.do	66
Set Decorator	131	605	Culture	Culture-periphery	decorator	0	1	1	literal_substring_stata_strpos	3	36	Data_Construction/wikidata/prog_occ.do	55
Sailor	130	1204	Discovery/Science	Explorer/Inventor/Developer	sailor	1	1	1	literal_substring_stata_strpos	8	29	Data_Construction/wikidata/prog_occ.do	62
Swimmer	125	264	Sports/Games	Sports/Games	swimmer	1	1	1	literal_substring_stata_strpos	1	264	Data_Construction/wikidata/prog_occ.do	53
Barrister	124	1062	Leadership	Administration/Law	barrister	1	1	1	literal_substring_stata_strpos	6	16	Data_Construction/wikidata/prog_occ.do	58
Makeup Artist	124	304	Culture	Culture-core	_artist	0	0	1	literal_substring_stata_strpos	2	2	Data_Construction/wikidata/prog_occ.do	54
Makeup Artist	124	631	Culture	Culture-periphery	makeup_artist	1	1	0	literal_substring_stata_strpos	3	62	Data_Construction/wikidata/prog_occ.do	55
Sports commentator	121	24	Sports/Games	Sports/Games	_sport	0	1	1	literal_substring_stata_strpos	1	24	Data_Construction/wikidata/prog_occ.do	53
Sports commentator	121	599	Culture	Culture-periphery	commentator	0	1	0	literal_substring_stata_strpos	3	30	Data_Construction/wikidata/prog_occ.do	55
Statistician	119	906	Discovery/Science	Academia	statistician	1	1	1	literal_substring_stata_strpos	4	243	Data_Construction/wikidata/prog_occ.do	56
Consultant	119	1566	Other	Worker/Business (small)	consultant	1	1	1	literal_substring_stata_strpos	12	134	Data_Construction/wikidata/prog_occ.do	64
Geologist	119	765	Discovery/Science	Academia	geologist	1	1	1	literal_substring_stata_strpos	4	102	Data_Construction/wikidata/prog_occ.do	56
Civil engineer	117	1187	Discovery/Science	Explorer/Inventor/Developer	engineer	0	1	1	literal_substring_stata_strpos	8	12	Data_Construction/wikidata/prog_occ.do	62
Surgeon	115	908	Discovery/Science	Academia	surgeon	1	1	1	literal_substring_stata_strpos	4	245	Data_Construction/wikidata/prog_occ.do	56
Literary critic	114	323	Culture	Culture-core	_literary_	0	1	1	literal_substring_stata_strpos	2	21	Data_Construction/wikidata/prog_occ.do	54
Literary critic	114	604	Culture	Culture-periphery	critic	0	1	0	literal_substring_stata_strpos	3	35	Data_Construction/wikidata/prog_occ.do	55
Graphic Designer	112	606	Culture	Culture-periphery	designer	0	0	1	literal_substring_stata_strpos	3	37	Data_Construction/wikidata/prog_occ.do	55
Graphic Designer	112	622	Culture	Culture-periphery	graphic_designer	1	1	0	literal_substring_stata_strpos	3	53	Data_Construction/wikidata/prog_occ.do	55
Sales management	112	1213	Leadership	Corporate/Executive/Business (large)	_sales_	0	1	1	literal_substring_stata_strpos	9	5	Data_Construction/wikidata/prog_occ.do	63
Sales management	112	1233	Leadership	Corporate/Executive/Business (large)	management	0	1	0	literal_substring_stata_strpos	9	25	Data_Construction/wikidata/prog_occ.do	63
Nude Glamour Model	111	577	Culture	Culture-periphery	_model_	0	1	1	literal_substring_stata_strpos	3	8	Data_Construction/wikidata/prog_occ.do	55
Artisan	110	1518	Other	Worker/Business (small)	_artisan	1	1	1	literal_substring_stata_strpos	12	86	Data_Construction/wikidata/prog_occ.do	64
Golfer	110	119	Sports/Games	Sports/Games	golf	0	1	1	literal_substring_stata_strpos	1	119	Data_Construction/wikidata/prog_occ.do	53
Filmmaker	109	424	Culture	Culture-core	filmmaker	1	1	1	literal_substring_stata_strpos	2	122	Data_Construction/wikidata/prog_occ.do	54
Real Estate Broker	105	1238	Leadership	Corporate/Executive/Business (large)	real_estate	0	1	1	literal_substring_stata_strpos	9	30	Data_Construction/wikidata/prog_occ.do	63
Real Estate Broker	105	1543	Other	Worker/Business (small)	broker	0	1	0	literal_substring_stata_strpos	12	111	Data_Construction/wikidata/prog_occ.do	64
Environmentalist	104	970	Leadership	Politics	environmentalist	1	1	1	literal_substring_stata_strpos	5	43	Data_Construction/wikidata/prog_occ.do	57
Environmentalist	104	1839	Other	Other	mentalist	0	0	0	literal_substring_stata_strpos	14	94	Data_Construction/wikidata/prog_occ.do	66
Australian rules football player	103	101	Sports/Games	Sports/Games	football	0	1	1	literal_substring_stata_strpos	1	101	Data_Construction/wikidata/prog_occ.do	53
Australian rules football player	103	189	Sports/Games	Sports/Games	player	0	1	0	literal_substring_stata_strpos	1	189	Data_Construction/wikidata/prog_occ.do	53
Rabbi	101	1349	Leadership	Religious	rabbi	1	1	1	literal_substring_stata_strpos	10	99	Data_Construction/wikidata/prog_occ.do	61
Newscaster	100	637	Culture	Culture-periphery	newscaster	1	1	1	literal_substring_stata_strpos	3	68	Data_Construction/wikidata/prog_occ.do	55
Domestic worker	98	1716	Other	Worker/Business (small)	worker	0	1	1	literal_substring_stata_strpos	12	284	Data_Construction/wikidata/prog_occ.do	64
Track and field athlete	97	32	Sports/Games	Sports/Games	athlete	0	1	1	literal_substring_stata_strpos	1	32	Data_Construction/wikidata/prog_occ.do	53
Track and field athlete	97	276	Sports/Games	Sports/Games	track_and_field	0	1	0	literal_substring_stata_strpos	1	276	Data_Construction/wikidata/prog_occ.do	53
Basketball Coach	96	42	Sports/Games	Sports/Games	basket	0	1	1	literal_substring_stata_strpos	1	42	Data_Construction/wikidata/prog_occ.do	53
Basketball Coach	96	75	Sports/Games	Sports/Games	coach	0	1	0	literal_substring_stata_strpos	1	75	Data_Construction/wikidata/prog_occ.do	53
Playback Singer	94	529	Culture	Culture-core	singer	0	1	1	literal_substring_stata_strpos	2	227	Data_Construction/wikidata/prog_occ.do	54
Librettist	94	456	Culture	Culture-core	librettist	1	1	1	literal_substring_stata_strpos	2	154	Data_Construction/wikidata/prog_occ.do	54
Priest	94	1346	Leadership	Religious	priest	1	1	1	literal_substring_stata_strpos	10	96	Data_Construction/wikidata/prog_occ.do	61
Film critic	93	320	Culture	Culture-core	_film_	0	1	1	literal_substring_stata_strpos	2	18	Data_Construction/wikidata/prog_occ.do	54
Film critic	93	604	Culture	Culture-periphery	critic	0	1	0	literal_substring_stata_strpos	3	35	Data_Construction/wikidata/prog_occ.do	55
Jazz Pianist	93	451	Culture	Culture-core	jazz	0	1	1	literal_substring_stata_strpos	2	149	Data_Construction/wikidata/prog_occ.do	54
Jazz Pianist	93	495	Culture	Culture-core	pianist	0	1	0	literal_substring_stata_strpos	2	193	Data_Construction/wikidata/prog_occ.do	54
Talk show host	93	321	Culture	Culture-core	_host_	0	1	1	literal_substring_stata_strpos	2	19	Data_Construction/wikidata/prog_occ.do	54
Talk show host	93	334	Culture	Culture-core	_show_	0	1	0	literal_substring_stata_strpos	2	32	Data_Construction/wikidata/prog_occ.do	54
Stand-up comedian	93	393	Culture	Culture-core	comedian	0	1	1	literal_substring_stata_strpos	2	91	Data_Construction/wikidata/prog_occ.do	54
Biologist	92	705	Discovery/Science	Academia	biologist	1	1	1	literal_substring_stata_strpos	4	42	Data_Construction/wikidata/prog_occ.do	56
Political scientist	91	876	Discovery/Science	Academia	political_scientist	1	1	1	literal_substring_stata_strpos	4	213	Data_Construction/wikidata/prog_occ.do	56
Political scientist	91	894	Discovery/Science	Academia	scientist	0	0	0	literal_substring_stata_strpos	4	231	Data_Construction/wikidata/prog_occ.do	56
Political scientist	91	1013	Leadership	Politics	political	0	0	0	literal_substring_stata_strpos	5	86	Data_Construction/wikidata/prog_occ.do	57
Tarento	91	653	Culture	Culture-periphery	tarento	1	1	1	literal_substring_stata_strpos	3	84	Data_Construction/wikidata/prog_occ.do	55
Psychoanalyst	91	882	Discovery/Science	Academia	psychoanalyst	1	1	1	literal_substring_stata_strpos	4	219	Data_Construction/wikidata/prog_occ.do	56
Psychoanalyst	91	1514	Other	Worker/Business (small)	analyst	0	0	0	literal_substring_stata_strpos	12	82	Data_Construction/wikidata/prog_occ.do	64
Restaurateur	90	1680	Other	Worker/Business (small)	restaurateur	1	1	1	literal_substring_stata_strpos	12	248	Data_Construction/wikidata/prog_occ.do	64
Vaudeville Performer	90	488	Culture	Culture-core	performer	0	1	1	literal_substring_stata_strpos	2	186	Data_Construction/wikidata/prog_occ.do	54
Talent manager	89	1234	Leadership	Corporate/Executive/Business (large)	manager	0	1	1	literal_substring_stata_strpos	9	26	Data_Construction/wikidata/prog_occ.do	63
Police officer	88	1056	Leadership	Administration/Law	_police_	0	1	1	literal_substring_stata_strpos	6	10	Data_Construction/wikidata/prog_occ.do	58
Police officer	88	1412	Leadership	Military	officer_	0	1	0	literal_substring_stata_strpos	11	50	Data_Construction/wikidata/prog_occ.do	59
Science writer	88	343	Culture	Culture-core	_writer	0	1	1	literal_substring_stata_strpos	2	41	Data_Construction/wikidata/prog_occ.do	54
Science writer	88	892	Discovery/Science	Academia	science	0	1	0	literal_substring_stata_strpos	4	229	Data_Construction/wikidata/prog_occ.do	56
Investor	87	1230	Leadership	Corporate/Executive/Business (large)	investor	1	1	1	literal_substring_stata_strpos	9	22	Data_Construction/wikidata/prog_occ.do	63
Statesman	87	1031	Leadership	Politics	statesman	1	1	1	literal_substring_stata_strpos	5	104	Data_Construction/wikidata/prog_occ.do	57
Sociologist	87	902	Discovery/Science	Academia	sociologist	1	1	1	literal_substring_stata_strpos	4	239	Data_Construction/wikidata/prog_occ.do	56
Merchant	87	1236	Leadership	Corporate/Executive/Business (large)	merchant	1	1	1	literal_substring_stata_strpos	9	28	Data_Construction/wikidata/prog_occ.do	63
Office Worker	86	1716	Other	Worker/Business (small)	worker	0	1	1	literal_substring_stata_strpos	12	284	Data_Construction/wikidata/prog_occ.do	64
Audio Engineer	86	574	Culture	Culture-periphery	_audio	0	1	1	literal_substring_stata_strpos	3	5	Data_Construction/wikidata/prog_occ.do	55
Audio Engineer	86	1187	Discovery/Science	Explorer/Inventor/Developer	engineer	0	1	0	literal_substring_stata_strpos	8	12	Data_Construction/wikidata/prog_occ.do	62
Sumo Wrestler	86	25	Sports/Games	Sports/Games	_sumo_	0	1	1	literal_substring_stata_strpos	1	25	Data_Construction/wikidata/prog_occ.do	53
Sumo Wrestler	86	298	Sports/Games	Sports/Games	wrestler	0	1	0	literal_substring_stata_strpos	1	298	Data_Construction/wikidata/prog_occ.do	53
Socialite	84	1165	Leadership	Nobility	socialite	1	1	1	literal_substring_stata_strpos	7	57	Data_Construction/wikidata/prog_occ.do	60
Pastor	83	1341	Leadership	Religious	pastor	1	1	1	literal_substring_stata_strpos	10	91	Data_Construction/wikidata/prog_occ.do	61
Criminal	80	1792	Other	Other	criminal	1	1	1	literal_substring_stata_strpos	14	47	Data_Construction/wikidata/prog_occ.do	66
Programmer	79	1202	Discovery/Science	Explorer/Inventor/Developer	programmer	1	1	1	literal_substring_stata_strpos	8	27	Data_Construction/wikidata/prog_occ.do	62
Political activist	79	939	Leadership	Politics	activist	0	1	1	literal_substring_stata_strpos	5	12	Data_Construction/wikidata/prog_occ.do	57
Political activist	79	1013	Leadership	Politics	political	0	1	0	literal_substring_stata_strpos	5	86	Data_Construction/wikidata/prog_occ.do	57
Librarian	79	1640	Other	Worker/Business (small)	librarian	1	1	1	literal_substring_stata_strpos	12	208	Data_Construction/wikidata/prog_occ.do	64
Jurist	75	1079	Leadership	Administration/Law	jurist	1	1	1	literal_substring_stata_strpos	6	33	Data_Construction/wikidata/prog_occ.do	58
Alpine skier	75	239	Sports/Games	Sports/Games	skier	0	1	1	literal_substring_stata_strpos	1	239	Data_Construction/wikidata/prog_occ.do	53
Music video director	74	325	Culture	Culture-core	_music	0	1	1	literal_substring_stata_strpos	2	23	Data_Construction/wikidata/prog_occ.do	54
American Football coach	74	75	Sports/Games	Sports/Games	coach	0	1	1	literal_substring_stata_strpos	1	75	Data_Construction/wikidata/prog_occ.do	53
American Football coach	74	101	Sports/Games	Sports/Games	football	0	1	0	literal_substring_stata_strpos	1	101	Data_Construction/wikidata/prog_occ.do	53
Theologian	72	913	Discovery/Science	Academia	theologian	1	1	1	literal_substring_stata_strpos	4	250	Data_Construction/wikidata/prog_occ.do	56
Talent agent	71	652	Culture	Culture-periphery	talent_agent	1	1	1	literal_substring_stata_strpos	3	83	Data_Construction/wikidata/prog_occ.do	55
Organist	70	480	Culture	Culture-core	organist	1	1	1	literal_substring_stata_strpos	2	178	Data_Construction/wikidata/prog_occ.do	54
Secretary	70	1022	Leadership	Politics	secretary	1	1	1	literal_substring_stata_strpos	5	95	Data_Construction/wikidata/prog_occ.do	57
Publicist	70	641	Culture	Culture-periphery	publicist	1	1	1	literal_substring_stata_strpos	3	72	Data_Construction/wikidata/prog_occ.do	55
Animal trainer	69	277	Sports/Games	Sports/Games	trainer	0	1	1	literal_substring_stata_strpos	1	277	Data_Construction/wikidata/prog_occ.do	53
Trumpeter	68	558	Culture	Culture-core	trumpet	0	1	1	literal_substring_stata_strpos	2	256	Data_Construction/wikidata/prog_occ.do	54
Psychiatrist	67	880	Discovery/Science	Academia	psychiatrist	1	1	1	literal_substring_stata_strpos	4	217	Data_Construction/wikidata/prog_occ.do	56
Social Worker	65	1716	Other	Worker/Business (small)	worker	0	1	1	literal_substring_stata_strpos	12	284	Data_Construction/wikidata/prog_occ.do	64
Hairdresser	64	1607	Other	Worker/Business (small)	hairdresser	1	1	1	literal_substring_stata_strpos	12	175	Data_Construction/wikidata/prog_occ.do	64
Archaeologist	63	690	Discovery/Science	Academia	archaeologist	1	1	1	literal_substring_stata_strpos	4	27	Data_Construction/wikidata/prog_occ.do	56
TV Journalist	63	629	Culture	Culture-periphery	journalist	0	1	1	literal_substring_stata_strpos	3	60	Data_Construction/wikidata/prog_occ.do	55
Financier	62	1225	Leadership	Corporate/Executive/Business (large)	financier	1	1	1	literal_substring_stata_strpos	9	17	Data_Construction/wikidata/prog_occ.do	63
Gymnast	62	123	Sports/Games	Sports/Games	gymnast	1	1	1	literal_substring_stata_strpos	1	123	Data_Construction/wikidata/prog_occ.do	53
Biographer	61	367	Culture	Culture-core	biographer	1	1	1	literal_substring_stata_strpos	2	65	Data_Construction/wikidata/prog_occ.do	54
Volleyball player	59	189	Sports/Games	Sports/Games	player	0	1	1	literal_substring_stata_strpos	1	189	Data_Construction/wikidata/prog_occ.do	53
Volleyball player	59	285	Sports/Games	Sports/Games	volleyball	0	1	0	literal_substring_stata_strpos	1	285	Data_Construction/wikidata/prog_occ.do	53
Electrical engineer	59	1187	Discovery/Science	Explorer/Inventor/Developer	engineer	0	1	1	literal_substring_stata_strpos	8	12	Data_Construction/wikidata/prog_occ.do	62
Baseball Coach	59	40	Sports/Games	Sports/Games	baseball	0	1	1	literal_substring_stata_strpos	1	40	Data_Construction/wikidata/prog_occ.do	53
Baseball Coach	59	75	Sports/Games	Sports/Games	coach	0	1	0	literal_substring_stata_strpos	1	75	Data_Construction/wikidata/prog_occ.do	53
Art Historian	58	694	Discovery/Science	Academia	art_historian	1	1	1	literal_substring_stata_strpos	4	31	Data_Construction/wikidata/prog_occ.do	56
Art Historian	58	783	Discovery/Science	Academia	historian	0	0	0	literal_substring_stata_strpos	4	120	Data_Construction/wikidata/prog_occ.do	56
Saxophonist	58	518	Culture	Culture-core	saxophonist	1	1	1	literal_substring_stata_strpos	2	216	Data_Construction/wikidata/prog_occ.do	54
Art critic	57	350	Culture	Culture-core	art_critic	1	1	1	literal_substring_stata_strpos	2	48	Data_Construction/wikidata/prog_occ.do	54
Art critic	57	604	Culture	Culture-periphery	critic	0	0	0	literal_substring_stata_strpos	3	35	Data_Construction/wikidata/prog_occ.do	55
Civil servant	56	1065	Leadership	Administration/Law	civil_servant	1	1	1	literal_substring_stata_strpos	6	19	Data_Construction/wikidata/prog_occ.do	58
Curator	56	409	Culture	Culture-core	curator	1	1	1	literal_substring_stata_strpos	2	107	Data_Construction/wikidata/prog_occ.do	54
Business magnate	56	1212	Leadership	Corporate/Executive/Business (large)	_magnate_	0	1	1	literal_substring_stata_strpos	9	4	Data_Construction/wikidata/prog_occ.do	63
Business magnate	56	1218	Leadership	Corporate/Executive/Business (large)	business	0	1	0	literal_substring_stata_strpos	9	10	Data_Construction/wikidata/prog_occ.do	63
Snowboarder	56	248	Sports/Games	Sports/Games	snowboard	0	1	1	literal_substring_stata_strpos	1	248	Data_Construction/wikidata/prog_occ.do	53
Figure Skater	56	234	Sports/Games	Sports/Games	skater	0	1	1	literal_substring_stata_strpos	1	234	Data_Construction/wikidata/prog_occ.do	53
Explorer	56	1189	Discovery/Science	Explorer/Inventor/Developer	explorer	1	1	1	literal_substring_stata_strpos	8	14	Data_Construction/wikidata/prog_occ.do	62
Percussionist	55	487	Culture	Culture-core	percussionist	1	1	1	literal_substring_stata_strpos	2	185	Data_Construction/wikidata/prog_occ.do	54
Set Designer	55	606	Culture	Culture-periphery	designer	0	1	1	literal_substring_stata_strpos	3	37	Data_Construction/wikidata/prog_occ.do	55
Horse trainer	54	135	Sports/Games	Sports/Games	horse_trainer	1	1	1	literal_substring_stata_strpos	1	135	Data_Construction/wikidata/prog_occ.do	53
Horse trainer	54	277	Sports/Games	Sports/Games	trainer	0	0	0	literal_substring_stata_strpos	1	277	Data_Construction/wikidata/prog_occ.do	53
Interior designer	53	606	Culture	Culture-periphery	designer	0	0	1	literal_substring_stata_strpos	3	37	Data_Construction/wikidata/prog_occ.do	55
Interior designer	53	627	Culture	Culture-periphery	interior_designer	1	1	0	literal_substring_stata_strpos	3	58	Data_Construction/wikidata/prog_occ.do	55
Salesman	52	1240	Leadership	Corporate/Executive/Business (large)	salesman	1	1	1	literal_substring_stata_strpos	9	32	Data_Construction/wikidata/prog_occ.do	63
Accountant	52	1504	Other	Worker/Business (small)	accountant	1	1	1	literal_substring_stata_strpos	12	72	Data_Construction/wikidata/prog_occ.do	64
Book editor	50	612	Culture	Culture-periphery	editor	0	1	1	literal_substring_stata_strpos	3	43	Data_Construction/wikidata/prog_occ.do	55
Baseball Manager	50	40	Sports/Games	Sports/Games	baseball	0	1	1	literal_substring_stata_strpos	1	40	Data_Construction/wikidata/prog_occ.do	53
Baseball Manager	50	1234	Leadership	Corporate/Executive/Business (large)	manager	0	1	0	literal_substring_stata_strpos	9	26	Data_Construction/wikidata/prog_occ.do	63
Biathlete	48	32	Sports/Games	Sports/Games	athlete	0	1	1	literal_substring_stata_strpos	1	32	Data_Construction/wikidata/prog_occ.do	53
Cross-country skier	48	239	Sports/Games	Sports/Games	skier	0	1	1	literal_substring_stata_strpos	1	239	Data_Construction/wikidata/prog_occ.do	53
Financial adviser	48	1590	Other	Worker/Business (small)	financial_adviser	1	1	1	literal_substring_stata_strpos	12	158	Data_Construction/wikidata/prog_occ.do	64
Speed Skater	48	234	Sports/Games	Sports/Games	skater	0	1	1	literal_substring_stata_strpos	1	234	Data_Construction/wikidata/prog_occ.do	53
Humorist	47	440	Culture	Culture-core	humorist	1	1	1	literal_substring_stata_strpos	2	138	Data_Construction/wikidata/prog_occ.do	54
Missionary	47	1259	Leadership	Religious	_missionary	1	1	1	literal_substring_stata_strpos	10	9	Data_Construction/wikidata/prog_occ.do	61
Professional Road Racing Cyclist	47	85	Sports/Games	Sports/Games	cyclist	0	1	1	literal_substring_stata_strpos	1	85	Data_Construction/wikidata/prog_occ.do	53
Professional Road Racing Cyclist	47	209	Sports/Games	Sports/Games	racing	0	1	0	literal_substring_stata_strpos	1	209	Data_Construction/wikidata/prog_occ.do	53
Columnist	47	597	Culture	Culture-periphery	columnist	1	1	1	literal_substring_stata_strpos	3	28	Data_Construction/wikidata/prog_occ.do	55
Dentist	47	729	Discovery/Science	Academia	dentist	1	1	1	literal_substring_stata_strpos	4	66	Data_Construction/wikidata/prog_occ.do	56
Psychotherapist	46	916	Discovery/Science	Academia	therapist	0	1	1	literal_substring_stata_strpos	4	253	Data_Construction/wikidata/prog_occ.do	56
Mangaka	45	465	Culture	Culture-core	manga	0	1	1	literal_substring_stata_strpos	2	163	Data_Construction/wikidata/prog_occ.do	54
Cellist	45	375	Culture	Culture-core	cellist	1	1	1	literal_substring_stata_strpos	2	73	Data_Construction/wikidata/prog_occ.do	54
Art collector	44	391	Culture	Culture-core	collector	0	1	1	literal_substring_stata_strpos	2	89	Data_Construction/wikidata/prog_occ.do	54
Mountaineer	44	170	Sports/Games	Sports/Games	mountaineer	1	1	1	literal_substring_stata_strpos	1	170	Data_Construction/wikidata/prog_occ.do	53
Mixed Martial Artist	44	160	Sports/Games	Sports/Games	martial_art	0	1	1	literal_substring_stata_strpos	1	160	Data_Construction/wikidata/prog_occ.do	53
Mixed Martial Artist	44	304	Culture	Culture-core	_artist	0	1	0	literal_substring_stata_strpos	2	2	Data_Construction/wikidata/prog_occ.do	54
Magazine editor	43	612	Culture	Culture-periphery	editor	0	1	1	literal_substring_stata_strpos	3	43	Data_Construction/wikidata/prog_occ.do	55
Magazine editor	43	630	Culture	Culture-periphery	magazine	0	1	0	literal_substring_stata_strpos	3	61	Data_Construction/wikidata/prog_occ.do	55
Prophet	42	1347	Leadership	Religious	prophet	1	1	1	literal_substring_stata_strpos	10	97	Data_Construction/wikidata/prog_occ.do	61
Violinist	42	563	Culture	Culture-core	violin	0	1	1	literal_substring_stata_strpos	2	261	Data_Construction/wikidata/prog_occ.do	54
Preacher	42	1343	Leadership	Religious	preacher	1	1	1	literal_substring_stata_strpos	10	93	Data_Construction/wikidata/prog_occ.do	61
Acting Coach	42	75	Sports/Games	Sports/Games	coach	0	1	1	literal_substring_stata_strpos	1	75	Data_Construction/wikidata/prog_occ.do	53
Conservationist	42	721	Discovery/Science	Academia	conservationist	1	1	1	literal_substring_stata_strpos	4	58	Data_Construction/wikidata/prog_occ.do	56
Conservationist	42	955	Leadership	Politics	conservationist	1	1	0	literal_substring_stata_strpos	5	28	Data_Construction/wikidata/prog_occ.do	57
Puppeteer	42	510	Culture	Culture-core	puppeteer	1	1	1	literal_substring_stata_strpos	2	208	Data_Construction/wikidata/prog_occ.do	54
Jockey	42	144	Sports/Games	Sports/Games	jockey	1	1	1	literal_substring_stata_strpos	1	144	Data_Construction/wikidata/prog_occ.do	53
Mechanical Engineer	41	1187	Discovery/Science	Explorer/Inventor/Developer	engineer	0	1	1	literal_substring_stata_strpos	8	12	Data_Construction/wikidata/prog_occ.do	62
Mechanical Engineer	41	1652	Other	Worker/Business (small)	mechanic	0	1	0	literal_substring_stata_strpos	12	220	Data_Construction/wikidata/prog_occ.do	64
Memoirist	41	466	Culture	Culture-core	memoirist	1	1	1	literal_substring_stata_strpos	2	164	Data_Construction/wikidata/prog_occ.do	54
Printmaker	41	504	Culture	Culture-core	printmaker	1	1	1	literal_substring_stata_strpos	2	202	Data_Construction/wikidata/prog_occ.do	54
Sports instructor	41	24	Sports/Games	Sports/Games	_sport	0	1	1	literal_substring_stata_strpos	1	24	Data_Construction/wikidata/prog_occ.do	53
Sports instructor	41	794	Discovery/Science	Academia	instructor	0	1	0	literal_substring_stata_strpos	4	131	Data_Construction/wikidata/prog_occ.do	56
Jewelry designer	40	606	Culture	Culture-periphery	designer	0	1	1	literal_substring_stata_strpos	3	37	Data_Construction/wikidata/prog_occ.do	55
Handball Player	39	125	Sports/Games	Sports/Games	handball	0	1	1	literal_substring_stata_strpos	1	125	Data_Construction/wikidata/prog_occ.do	53
Handball Player	39	189	Sports/Games	Sports/Games	player	0	1	0	literal_substring_stata_strpos	1	189	Data_Construction/wikidata/prog_occ.do	53
Warlord	39	1367	Leadership	Military	_warlord	1	1	1	literal_substring_stata_strpos	11	5	Data_Construction/wikidata/prog_occ.do	59
Computer Engineer	38	1187	Discovery/Science	Explorer/Inventor/Developer	engineer	0	1	1	literal_substring_stata_strpos	8	12	Data_Construction/wikidata/prog_occ.do	62
Stockbroker	38	1246	Leadership	Corporate/Executive/Business (large)	stockbroker	1	1	1	literal_substring_stata_strpos	9	38	Data_Construction/wikidata/prog_occ.do	63
Stockbroker	38	1543	Other	Worker/Business (small)	broker	0	0	0	literal_substring_stata_strpos	12	111	Data_Construction/wikidata/prog_occ.do	64
Player	38	189	Sports/Games	Sports/Games	player	1	1	1	literal_substring_stata_strpos	1	189	Data_Construction/wikidata/prog_occ.do	53
Astronaut	37	697	Discovery/Science	Academia	astronaut	1	1	1	literal_substring_stata_strpos	4	34	Data_Construction/wikidata/prog_occ.do	56
Music critic	36	325	Culture	Culture-core	_music	0	1	1	literal_substring_stata_strpos	2	23	Data_Construction/wikidata/prog_occ.do	54
Music critic	36	604	Culture	Culture-periphery	critic	0	1	0	literal_substring_stata_strpos	3	35	Data_Construction/wikidata/prog_occ.do	55
Magician	36	1833	Other	Other	magic	0	1	1	literal_substring_stata_strpos	14	88	Data_Construction/wikidata/prog_occ.do	66
Nobleman	36	1158	Leadership	Nobility	noble	0	1	1	literal_substring_stata_strpos	7	50	Data_Construction/wikidata/prog_occ.do	60
Showgirl	36	527	Culture	Culture-core	showgirl	1	1	1	literal_substring_stata_strpos	2	225	Data_Construction/wikidata/prog_occ.do	54
Orchestrator	35	479	Culture	Culture-core	orchestra	0	1	1	literal_substring_stata_strpos	2	177	Data_Construction/wikidata/prog_occ.do	54
Referee	35	211	Sports/Games	Sports/Games	referee	1	1	1	literal_substring_stata_strpos	1	211	Data_Construction/wikidata/prog_occ.do	53
Peace activist	35	939	Leadership	Politics	activist	0	1	1	literal_substring_stata_strpos	5	12	Data_Construction/wikidata/prog_occ.do	57
Musicologist	35	325	Culture	Culture-core	_music	0	0	1	literal_substring_stata_strpos	2	23	Data_Construction/wikidata/prog_occ.do	54
Musicologist	35	664	Discovery/Science	Academia	musicologist	1	1	0	literal_substring_stata_strpos	4	1	Data_Construction/wikidata/prog_occ.do	56
Industrialist	35	1227	Leadership	Corporate/Executive/Business (large)	industrial	0	0	1	literal_substring_stata_strpos	9	19	Data_Construction/wikidata/prog_occ.do	63
Industrialist	35	1228	Leadership	Corporate/Executive/Business (large)	industrialist	1	1	0	literal_substring_stata_strpos	9	20	Data_Construction/wikidata/prog_occ.do	63
Equestrian	35	94	Sports/Games	Sports/Games	equestrian	1	1	1	literal_substring_stata_strpos	1	94	Data_Construction/wikidata/prog_occ.do	53
Rower	35	21	Sports/Games	Sports/Games	_rower	1	1	1	literal_substring_stata_strpos	1	21	Data_Construction/wikidata/prog_occ.do	53
Astrologer	34	1776	Other	Other	astrologer	1	1	1	literal_substring_stata_strpos	14	31	Data_Construction/wikidata/prog_occ.do	66
Session musician	34	325	Culture	Culture-core	_music	0	1	1	literal_substring_stata_strpos	2	23	Data_Construction/wikidata/prog_occ.do	54
Session musician	34	473	Culture	Culture-core	musician	0	1	0	literal_substring_stata_strpos	2	171	Data_Construction/wikidata/prog_occ.do	54
Mafioso	34	1832	Other	Other	mafioso	1	1	1	literal_substring_stata_strpos	14	87	Data_Construction/wikidata/prog_occ.do	66
Aerospace Engineer	34	675	Discovery/Science	Academia	aerospace	0	1	1	literal_substring_stata_strpos	4	12	Data_Construction/wikidata/prog_occ.do	56
Aerospace Engineer	34	1187	Discovery/Science	Explorer/Inventor/Developer	engineer	0	1	0	literal_substring_stata_strpos	8	12	Data_Construction/wikidata/prog_occ.do	62
Field Hockey player	34	131	Sports/Games	Sports/Games	hockey	0	1	1	literal_substring_stata_strpos	1	131	Data_Construction/wikidata/prog_occ.do	53
Field Hockey player	34	189	Sports/Games	Sports/Games	player	0	1	0	literal_substring_stata_strpos	1	189	Data_Construction/wikidata/prog_occ.do	53
Jazz Drummer	34	414	Culture	Culture-core	drummer	0	1	1	literal_substring_stata_strpos	2	112	Data_Construction/wikidata/prog_occ.do	54
Jazz Drummer	34	451	Culture	Culture-core	jazz	0	1	0	literal_substring_stata_strpos	2	149	Data_Construction/wikidata/prog_occ.do	54
Real estate entrepreneur	34	1222	Leadership	Corporate/Executive/Business (large)	entrepreneur	0	1	1	literal_substring_stata_strpos	9	14	Data_Construction/wikidata/prog_occ.do	63
Real estate entrepreneur	34	1238	Leadership	Corporate/Executive/Business (large)	real_estate	0	1	0	literal_substring_stata_strpos	9	30	Data_Construction/wikidata/prog_occ.do	63
Surfer	34	262	Sports/Games	Sports/Games	surfer	1	1	1	literal_substring_stata_strpos	1	262	Data_Construction/wikidata/prog_occ.do	53
Comics artist	33	304	Culture	Culture-core	_artist	0	0	1	literal_substring_stata_strpos	2	2	Data_Construction/wikidata/prog_occ.do	54
Comics artist	33	312	Culture	Culture-core	_comics_	0	0	0	literal_substring_stata_strpos	2	10	Data_Construction/wikidata/prog_occ.do	54
Comics artist	33	598	Culture	Culture-periphery	comics_artist	1	1	0	literal_substring_stata_strpos	3	29	Data_Construction/wikidata/prog_occ.do	55
Freestyle skier	33	107	Sports/Games	Sports/Games	freestyle	0	1	1	literal_substring_stata_strpos	1	107	Data_Construction/wikidata/prog_occ.do	53
Freestyle skier	33	239	Sports/Games	Sports/Games	skier	0	1	0	literal_substring_stata_strpos	1	239	Data_Construction/wikidata/prog_occ.do	53
Art dealer	32	587	Culture	Culture-periphery	art_dealer	1	1	1	literal_substring_stata_strpos	3	18	Data_Construction/wikidata/prog_occ.do	55
Jazz Musician	32	325	Culture	Culture-core	_music	0	1	1	literal_substring_stata_strpos	2	23	Data_Construction/wikidata/prog_occ.do	54
Jazz Musician	32	451	Culture	Culture-core	jazz	0	1	0	literal_substring_stata_strpos	2	149	Data_Construction/wikidata/prog_occ.do	54
Jazz Musician	32	473	Culture	Culture-core	musician	0	1	0	literal_substring_stata_strpos	2	171	Data_Construction/wikidata/prog_occ.do	54
Game Show Host	32	12	Sports/Games	Sports/Games	_game	0	1	1	literal_substring_stata_strpos	1	12	Data_Construction/wikidata/prog_occ.do	53
Game Show Host	32	112	Sports/Games	Sports/Games	game_show	0	1	0	literal_substring_stata_strpos	1	112	Data_Construction/wikidata/prog_occ.do	53
Game Show Host	32	321	Culture	Culture-core	_host_	0	1	0	literal_substring_stata_strpos	2	19	Data_Construction/wikidata/prog_occ.do	54
Game Show Host	32	334	Culture	Culture-core	_show_	0	1	0	literal_substring_stata_strpos	2	32	Data_Construction/wikidata/prog_occ.do	54
Radio producer	32	506	Culture	Culture-core	producer	0	1	1	literal_substring_stata_strpos	2	204	Data_Construction/wikidata/prog_occ.do	54
Radio producer	32	579	Culture	Culture-periphery	_radio_	0	1	0	literal_substring_stata_strpos	3	10	Data_Construction/wikidata/prog_occ.do	55
Real estate development	32	1238	Leadership	Corporate/Executive/Business (large)	real_estate	0	1	1	literal_substring_stata_strpos	9	30	Data_Construction/wikidata/prog_occ.do	63
Daimyo	32	1134	Leadership	Nobility	daimyo	1	1	1	literal_substring_stata_strpos	7	26	Data_Construction/wikidata/prog_occ.do	60
Territorial lord	32	1120	Leadership	Nobility	_lord	0	1	1	literal_substring_stata_strpos	7	12	Data_Construction/wikidata/prog_occ.do	60
Impresario	31	447	Culture	Culture-core	impresario	1	1	1	literal_substring_stata_strpos	2	145	Data_Construction/wikidata/prog_occ.do	54
Insurance broker	31	1466	Other	Worker/Business (small)	_insurance	0	1	1	literal_substring_stata_strpos	12	34	Data_Construction/wikidata/prog_occ.do	64
Insurance broker	31	1543	Other	Worker/Business (small)	broker	0	1	0	literal_substring_stata_strpos	12	111	Data_Construction/wikidata/prog_occ.do	64
Character Actor	30	303	Culture	Culture-core	_actor	0	1	1	literal_substring_stata_strpos	2	1	Data_Construction/wikidata/prog_occ.do	54
Photojournalist	30	494	Culture	Culture-core	photojournalist	1	1	1	literal_substring_stata_strpos	2	192	Data_Construction/wikidata/prog_occ.do	54
Photojournalist	30	629	Culture	Culture-periphery	journalist	0	0	0	literal_substring_stata_strpos	3	60	Data_Construction/wikidata/prog_occ.do	55
Television Show Host	30	321	Culture	Culture-core	_host_	0	1	1	literal_substring_stata_strpos	2	19	Data_Construction/wikidata/prog_occ.do	54
Television Show Host	30	334	Culture	Culture-core	_show_	0	1	0	literal_substring_stata_strpos	2	32	Data_Construction/wikidata/prog_occ.do	54
Television Show Host	30	655	Culture	Culture-periphery	television	0	1	0	literal_substring_stata_strpos	3	86	Data_Construction/wikidata/prog_occ.do	55
Satirist	29	516	Culture	Culture-core	satirist	1	1	1	literal_substring_stata_strpos	2	214	Data_Construction/wikidata/prog_occ.do	54
Miner	29	1476	Other	Worker/Business (small)	_miner_	1	1	1	literal_substring_stata_strpos	12	44	Data_Construction/wikidata/prog_occ.do	64
Sound Editor	29	612	Culture	Culture-periphery	editor	0	1	1	literal_substring_stata_strpos	3	43	Data_Construction/wikidata/prog_occ.do	55
Documentary Filmmaker	29	424	Culture	Culture-core	filmmaker	0	1	1	literal_substring_stata_strpos	2	122	Data_Construction/wikidata/prog_occ.do	54
Game designer	29	12	Sports/Games	Sports/Games	_game	0	1	1	literal_substring_stata_strpos	1	12	Data_Construction/wikidata/prog_occ.do	53
Game designer	29	606	Culture	Culture-periphery	designer	0	1	0	literal_substring_stata_strpos	3	37	Data_Construction/wikidata/prog_occ.do	55
Opera Director (Profession)	29	326	Culture	Culture-core	_opera_	0	1	1	literal_substring_stata_strpos	2	24	Data_Construction/wikidata/prog_occ.do	54
Comic book creator	29	311	Culture	Culture-core	_comic_	0	1	1	literal_substring_stata_strpos	2	9	Data_Construction/wikidata/prog_occ.do	54
Comic book creator	29	313	Culture	Culture-core	_creator_	0	1	0	literal_substring_stata_strpos	2	11	Data_Construction/wikidata/prog_occ.do	54
Comic book creator	29	396	Culture	Culture-core	comic_book	0	1	0	literal_substring_stata_strpos	2	94	Data_Construction/wikidata/prog_occ.do	54
Rescuer	29	1869	Other	Other	rescuer	1	1	1	literal_substring_stata_strpos	14	124	Data_Construction/wikidata/prog_occ.do	66
Solicitor	28	1100	Leadership	Administration/Law	solicitor	1	1	1	literal_substring_stata_strpos	6	54	Data_Construction/wikidata/prog_occ.do	58
Samurai	28	1418	Leadership	Military	samurai	1	1	1	literal_substring_stata_strpos	11	56	Data_Construction/wikidata/prog_occ.do	59
Naturalist	28	823	Discovery/Science	Academia	naturalist	1	1	1	literal_substring_stata_strpos	4	160	Data_Construction/wikidata/prog_occ.do	56
Cabaret Artist	28	304	Culture	Culture-core	_artist	0	1	1	literal_substring_stata_strpos	2	2	Data_Construction/wikidata/prog_occ.do	54
Biochemist	28	703	Discovery/Science	Academia	biochemist	1	1	1	literal_substring_stata_strpos	4	40	Data_Construction/wikidata/prog_occ.do	56
Biochemist	28	715	Discovery/Science	Academia	chemist	0	0	0	literal_substring_stata_strpos	4	52	Data_Construction/wikidata/prog_occ.do	56
Luger	28	159	Sports/Games	Sports/Games	luger	1	1	1	literal_substring_stata_strpos	1	159	Data_Construction/wikidata/prog_occ.do	53
Personal trainer	28	277	Sports/Games	Sports/Games	trainer	0	1	1	literal_substring_stata_strpos	1	277	Data_Construction/wikidata/prog_occ.do	53
Fighter pilot	28	96	Sports/Games	Sports/Games	fighter	0	0	1	literal_substring_stata_strpos	1	96	Data_Construction/wikidata/prog_occ.do	53
Fighter pilot	28	1390	Leadership	Military	fighter	0	0	0	literal_substring_stata_strpos	11	28	Data_Construction/wikidata/prog_occ.do	59
Fighter pilot	28	1391	Leadership	Military	fighter_pilot	1	1	0	literal_substring_stata_strpos	11	29	Data_Construction/wikidata/prog_occ.do	59
Investment Banker	28	1215	Leadership	Corporate/Executive/Business (large)	bank	0	1	1	literal_substring_stata_strpos	9	7	Data_Construction/wikidata/prog_occ.do	63
Investment Banker	28	1229	Leadership	Corporate/Executive/Business (large)	investment	0	1	0	literal_substring_stata_strpos	9	21	Data_Construction/wikidata/prog_occ.do	63
Attorney at law	27	1052	Leadership	Administration/Law	_law_	0	1	1	literal_substring_stata_strpos	6	6	Data_Construction/wikidata/prog_occ.do	58
Attorney at law	27	1060	Leadership	Administration/Law	attorney	0	1	0	literal_substring_stata_strpos	6	14	Data_Construction/wikidata/prog_occ.do	58
Televangelist	27	1306	Leadership	Religious	evangelist	0	1	1	literal_substring_stata_strpos	10	56	Data_Construction/wikidata/prog_occ.do	61
Clerk	27	1446	Other	Worker/Business (small)	_clerk	1	1	1	literal_substring_stata_strpos	12	14	Data_Construction/wikidata/prog_occ.do	64
Acting Teacher	27	910	Discovery/Science	Academia	teacher_	0	1	1	literal_substring_stata_strpos	4	247	Data_Construction/wikidata/prog_occ.do	56
Music Teacher	27	325	Culture	Culture-core	_music	0	1	1	literal_substring_stata_strpos	2	23	Data_Construction/wikidata/prog_occ.do	54
Music Teacher	27	910	Discovery/Science	Academia	teacher_	0	1	0	literal_substring_stata_strpos	4	247	Data_Construction/wikidata/prog_occ.do	56
Naval Officer	27	1409	Leadership	Military	naval_	0	1	1	literal_substring_stata_strpos	11	47	Data_Construction/wikidata/prog_occ.do	59
Naval Officer	27	1412	Leadership	Military	officer_	0	1	0	literal_substring_stata_strpos	11	50	Data_Construction/wikidata/prog_occ.do	59
Orator	26	1848	Other	Other	_orator	1	1	1	literal_substring_stata_strpos	14	103	Data_Construction/wikidata/prog_occ.do	66
Trombonist	26	556	Culture	Culture-core	trombonist	1	1	1	literal_substring_stata_strpos	2	254	Data_Construction/wikidata/prog_occ.do	54
Clarinetist	26	388	Culture	Culture-core	clarinet	0	0	1	literal_substring_stata_strpos	2	86	Data_Construction/wikidata/prog_occ.do	54
Clarinetist	26	389	Culture	Culture-core	clarinetist	1	1	0	literal_substring_stata_strpos	2	87	Data_Construction/wikidata/prog_occ.do	54
Flautist	26	425	Culture	Culture-core	flautist	1	1	1	literal_substring_stata_strpos	2	123	Data_Construction/wikidata/prog_occ.do	54
Legislator	25	929	Leadership	Politics	legislator	1	1	1	literal_substring_stata_strpos	5	2	Data_Construction/wikidata/prog_occ.do	57
Stunt coordinator	25	340	Culture	Culture-core	_stunt_	0	1	1	literal_substring_stata_strpos	2	38	Data_Construction/wikidata/prog_occ.do	54
Copywriter	25	601	Culture	Culture-periphery	copywriter	1	1	1	literal_substring_stata_strpos	3	32	Data_Construction/wikidata/prog_occ.do	55
Media Personality	24	576	Culture	Culture-periphery	_media	0	1	1	literal_substring_stata_strpos	3	7	Data_Construction/wikidata/prog_occ.do	55
Media proprietor	24	576	Culture	Culture-periphery	_media	0	1	1	literal_substring_stata_strpos	3	7	Data_Construction/wikidata/prog_occ.do	55
Nun	24	1260	Leadership	Religious	_nun_	1	1	1	literal_substring_stata_strpos	10	10	Data_Construction/wikidata/prog_occ.do	61
Zoologist	23	927	Discovery/Science	Academia	zoologist	1	1	1	literal_substring_stata_strpos	4	264	Data_Construction/wikidata/prog_occ.do	56
Philologist	23	858	Discovery/Science	Academia	philologist	1	1	1	literal_substring_stata_strpos	4	195	Data_Construction/wikidata/prog_occ.do	56
Music pedagogue	23	325	Culture	Culture-core	_music	0	1	1	literal_substring_stata_strpos	2	23	Data_Construction/wikidata/prog_occ.do	54
Music pedagogue	23	851	Discovery/Science	Academia	pedagogue	0	1	0	literal_substring_stata_strpos	4	188	Data_Construction/wikidata/prog_occ.do	56
Software Engineer	23	1187	Discovery/Science	Explorer/Inventor/Developer	engineer	0	1	1	literal_substring_stata_strpos	8	12	Data_Construction/wikidata/prog_occ.do	62
Clown	23	310	Culture	Culture-core	_clown_	1	1	1	literal_substring_stata_strpos	2	8	Data_Construction/wikidata/prog_occ.do	54
Geographer	23	763	Discovery/Science	Academia	geographer	1	1	1	literal_substring_stata_strpos	4	100	Data_Construction/wikidata/prog_occ.do	56
Mechanic	23	1652	Other	Worker/Business (small)	mechanic	1	1	1	literal_substring_stata_strpos	12	220	Data_Construction/wikidata/prog_occ.do	64
Graphic Artist	23	304	Culture	Culture-core	_artist	0	1	1	literal_substring_stata_strpos	2	2	Data_Construction/wikidata/prog_occ.do	54
Pharmacist	23	855	Discovery/Science	Academia	pharmacist	1	1	1	literal_substring_stata_strpos	4	192	Data_Construction/wikidata/prog_occ.do	56
Cleric	22	1254	Leadership	Religious	_cleric_	1	1	1	literal_substring_stata_strpos	10	4	Data_Construction/wikidata/prog_occ.do	61
Gangster	22	1806	Other	Other	gangster	1	1	1	literal_substring_stata_strpos	14	61	Data_Construction/wikidata/prog_occ.do	66
Torero	22	275	Sports/Games	Sports/Games	torero	1	1	1	literal_substring_stata_strpos	1	275	Data_Construction/wikidata/prog_occ.do	53
Geneticist	22	760	Discovery/Science	Academia	geneticist	1	1	1	literal_substring_stata_strpos	4	97	Data_Construction/wikidata/prog_occ.do	56
Motivational speaker	22	1746	Other	Other	motivational_speaker	1	1	1	literal_substring_stata_strpos	14	1	Data_Construction/wikidata/prog_occ.do	66
Firefighter	22	96	Sports/Games	Sports/Games	fighter	0	1	1	literal_substring_stata_strpos	1	96	Data_Construction/wikidata/prog_occ.do	53
Firefighter	22	1390	Leadership	Military	fighter	0	1	0	literal_substring_stata_strpos	11	28	Data_Construction/wikidata/prog_occ.do	59
Advocate	21	1058	Leadership	Administration/Law	advocate	1	1	1	literal_substring_stata_strpos	6	12	Data_Construction/wikidata/prog_occ.do	58
Civil rights activist	21	939	Leadership	Politics	activist	0	1	1	literal_substring_stata_strpos	5	12	Data_Construction/wikidata/prog_occ.do	57
Civil rights activist	21	952	Leadership	Politics	civil_rights	0	1	0	literal_substring_stata_strpos	5	25	Data_Construction/wikidata/prog_occ.do	57
Dramaturge	21	318	Culture	Culture-core	_drama	0	1	1	literal_substring_stata_strpos	2	16	Data_Construction/wikidata/prog_occ.do	54
Stripper	21	1878	Other	Other	stripper	1	1	1	literal_substring_stata_strpos	14	133	Data_Construction/wikidata/prog_occ.do	66
Electrician	21	1584	Other	Worker/Business (small)	electrician	1	1	1	literal_substring_stata_strpos	12	152	Data_Construction/wikidata/prog_occ.do	64
Human rights activist	20	939	Leadership	Politics	activist	0	1	1	literal_substring_stata_strpos	5	12	Data_Construction/wikidata/prog_occ.do	57
Surveyor	20	1694	Other	Worker/Business (small)	surveyor	1	1	1	literal_substring_stata_strpos	12	262	Data_Construction/wikidata/prog_occ.do	64
Factory worker	20	1716	Other	Worker/Business (small)	worker	0	1	1	literal_substring_stata_strpos	12	284	Data_Construction/wikidata/prog_occ.do	64
Fiddler	20	422	Culture	Culture-core	fiddler	1	1	1	literal_substring_stata_strpos	2	120	Data_Construction/wikidata/prog_occ.do	54
Professional golfer	20	119	Sports/Games	Sports/Games	golf	0	1	1	literal_substring_stata_strpos	1	119	Data_Construction/wikidata/prog_occ.do	53
Humanitarian	20	989	Leadership	Politics	humanitarian	1	1	1	literal_substring_stata_strpos	5	62	Data_Construction/wikidata/prog_occ.do	57
Bodybuilder	20	56	Sports/Games	Sports/Games	bodybuilder	1	1	1	literal_substring_stata_strpos	1	56	Data_Construction/wikidata/prog_occ.do	53
Professional Poker Player	20	189	Sports/Games	Sports/Games	player	0	1	1	literal_substring_stata_strpos	1	189	Data_Construction/wikidata/prog_occ.do	53
Professional Poker Player	20	191	Sports/Games	Sports/Games	poker_player	0	1	0	literal_substring_stata_strpos	1	191	Data_Construction/wikidata/prog_occ.do	53
Tribal chief	20	1170	Leadership	Nobility	tribal_chief	1	1	1	literal_substring_stata_strpos	7	62	Data_Construction/wikidata/prog_occ.do	60
Literary agent	19	323	Culture	Culture-core	_literary_	0	0	1	literal_substring_stata_strpos	2	21	Data_Construction/wikidata/prog_occ.do	54
Literary agent	19	458	Culture	Culture-core	literary_agent	1	1	0	literal_substring_stata_strpos	2	156	Data_Construction/wikidata/prog_occ.do	54
Industrial designer	19	606	Culture	Culture-periphery	designer	0	1	1	literal_substring_stata_strpos	3	37	Data_Construction/wikidata/prog_occ.do	55
Industrial designer	19	1227	Leadership	Corporate/Executive/Business (large)	industrial	0	1	0	literal_substring_stata_strpos	9	19	Data_Construction/wikidata/prog_occ.do	63
Law professor	19	878	Discovery/Science	Academia	professor	0	1	1	literal_substring_stata_strpos	4	215	Data_Construction/wikidata/prog_occ.do	56
Law professor	19	1052	Leadership	Administration/Law	_law_	0	1	0	literal_substring_stata_strpos	6	6	Data_Construction/wikidata/prog_occ.do	58
Evangelist	19	1306	Leadership	Religious	evangelist	1	1	1	literal_substring_stata_strpos	10	56	Data_Construction/wikidata/prog_occ.do	61
Crime writer	19	343	Culture	Culture-core	_writer	0	1	1	literal_substring_stata_strpos	2	41	Data_Construction/wikidata/prog_occ.do	54
Crime writer	19	1791	Other	Other	crime	0	1	0	literal_substring_stata_strpos	14	46	Data_Construction/wikidata/prog_occ.do	66
Ice dancer	19	410	Culture	Culture-core	dancer	0	1	1	literal_substring_stata_strpos	2	108	Data_Construction/wikidata/prog_occ.do	54
Triathlete	19	32	Sports/Games	Sports/Games	athlete	0	1	1	literal_substring_stata_strpos	1	32	Data_Construction/wikidata/prog_occ.do	53
Exotic dancer	19	410	Culture	Culture-core	dancer	0	0	1	literal_substring_stata_strpos	2	108	Data_Construction/wikidata/prog_occ.do	54
Exotic dancer	19	421	Culture	Culture-core	exotic_dancer	1	1	0	literal_substring_stata_strpos	2	119	Data_Construction/wikidata/prog_occ.do	54
Visual Effects Artist	18	304	Culture	Culture-core	_artist	0	1	1	literal_substring_stata_strpos	2	2	Data_Construction/wikidata/prog_occ.do	54
Visual Effects Artist	18	566	Culture	Culture-core	visual_effects	0	1	0	literal_substring_stata_strpos	2	264	Data_Construction/wikidata/prog_occ.do	54
Newspaper editor	18	612	Culture	Culture-periphery	editor	0	1	1	literal_substring_stata_strpos	3	43	Data_Construction/wikidata/prog_occ.do	55
Cryptographer	18	1576	Other	Worker/Business (small)	cryptographer	1	1	1	literal_substring_stata_strpos	12	144	Data_Construction/wikidata/prog_occ.do	64
Bobsleigher	18	53	Sports/Games	Sports/Games	bobsleigh	0	1	1	literal_substring_stata_strpos	1	53	Data_Construction/wikidata/prog_occ.do	53
Martial Arts Instructor	18	160	Sports/Games	Sports/Games	martial_art	0	1	1	literal_substring_stata_strpos	1	160	Data_Construction/wikidata/prog_occ.do	53
Martial Arts Instructor	18	305	Culture	Culture-core	_arts_	0	1	0	literal_substring_stata_strpos	2	3	Data_Construction/wikidata/prog_occ.do	54
Martial Arts Instructor	18	794	Discovery/Science	Academia	instructor	0	1	0	literal_substring_stata_strpos	4	131	Data_Construction/wikidata/prog_occ.do	56
Flight attendant	18	1594	Other	Worker/Business (small)	flight_attendant	1	1	1	literal_substring_stata_strpos	12	162	Data_Construction/wikidata/prog_occ.do	64
Manufacturer	18	1235	Leadership	Corporate/Executive/Business (large)	manufacturer	1	1	1	literal_substring_stata_strpos	9	27	Data_Construction/wikidata/prog_occ.do	63
Impressionist	18	448	Culture	Culture-core	impressionist	1	1	1	literal_substring_stata_strpos	2	146	Data_Construction/wikidata/prog_occ.do	54
Hair Stylist	18	580	Culture	Culture-periphery	_stylist_	0	0	1	literal_substring_stata_strpos	3	11	Data_Construction/wikidata/prog_occ.do	55
Hair Stylist	18	1606	Other	Worker/Business (small)	hair_stylist	1	1	0	literal_substring_stata_strpos	12	174	Data_Construction/wikidata/prog_occ.do	64
Oboist	18	476	Culture	Culture-core	oboist	1	1	1	literal_substring_stata_strpos	2	174	Data_Construction/wikidata/prog_occ.do	54
Veterinary physician	17	867	Discovery/Science	Academia	physician	0	1	1	literal_substring_stata_strpos	4	204	Data_Construction/wikidata/prog_occ.do	56
Theatre Manager	17	550	Culture	Culture-core	theatre	0	1	1	literal_substring_stata_strpos	2	248	Data_Construction/wikidata/prog_occ.do	54
Theatre Manager	17	1234	Leadership	Corporate/Executive/Business (large)	manager	0	1	0	literal_substring_stata_strpos	9	26	Data_Construction/wikidata/prog_occ.do	63
Urban planner	17	657	Culture	Culture-periphery	urban_planner	1	1	1	literal_substring_stata_strpos	3	88	Data_Construction/wikidata/prog_occ.do	55
Seamstress	17	1489	Other	Worker/Business (small)	_seamstress	1	1	1	literal_substring_stata_strpos	12	57	Data_Construction/wikidata/prog_occ.do	64
Vocal coach	16	75	Sports/Games	Sports/Games	coach	0	1	1	literal_substring_stata_strpos	1	75	Data_Construction/wikidata/prog_occ.do	53
Voice teacher	16	910	Discovery/Science	Academia	teacher_	0	1	1	literal_substring_stata_strpos	4	247	Data_Construction/wikidata/prog_occ.do	56
Ski jumper	16	23	Sports/Games	Sports/Games	_ski_	0	1	1	literal_substring_stata_strpos	1	23	Data_Construction/wikidata/prog_occ.do	53
Ski jumper	16	146	Sports/Games	Sports/Games	jumper	0	1	0	literal_substring_stata_strpos	1	146	Data_Construction/wikidata/prog_occ.do	53
Fitness professional	16	98	Sports/Games	Sports/Games	fitness	0	1	1	literal_substring_stata_strpos	1	98	Data_Construction/wikidata/prog_occ.do	53
Internet marketing	16	1649	Other	Worker/Business (small)	marketing	0	1	1	literal_substring_stata_strpos	12	217	Data_Construction/wikidata/prog_occ.do	64
Truck driver	16	9	Sports/Games	Sports/Games	_driver_	0	1	1	literal_substring_stata_strpos	1	9	Data_Construction/wikidata/prog_occ.do	53
Short Track Speed Skater	16	234	Sports/Games	Sports/Games	skater	0	1	1	literal_substring_stata_strpos	1	234	Data_Construction/wikidata/prog_occ.do	53
Academician	16	671	Discovery/Science	Academia	academic	0	1	1	literal_substring_stata_strpos	4	8	Data_Construction/wikidata/prog_occ.do	56
Art Model	16	577	Culture	Culture-periphery	_model_	0	1	1	literal_substring_stata_strpos	3	8	Data_Construction/wikidata/prog_occ.do	55
Cultural critic	16	604	Culture	Culture-periphery	critic	0	1	1	literal_substring_stata_strpos	3	35	Data_Construction/wikidata/prog_occ.do	55
Pediatrician	16	852	Discovery/Science	Academia	pediatrician	1	1	1	literal_substring_stata_strpos	4	189	Data_Construction/wikidata/prog_occ.do	56
Holy Roman Emperor	16	1139	Leadership	Nobility	emperor	0	1	1	literal_substring_stata_strpos	7	31	Data_Construction/wikidata/prog_occ.do	60
Advertising Executive	16	582	Culture	Culture-periphery	advertising	0	1	1	literal_substring_stata_strpos	3	13	Data_Construction/wikidata/prog_occ.do	55
Advertising Executive	16	1223	Leadership	Corporate/Executive/Business (large)	executive	0	1	0	literal_substring_stata_strpos	9	15	Data_Construction/wikidata/prog_occ.do	63
Neuroscientist	15	827	Discovery/Science	Academia	neuroscientist	1	1	1	literal_substring_stata_strpos	4	164	Data_Construction/wikidata/prog_occ.do	56
Neuroscientist	15	894	Discovery/Science	Academia	scientist	0	0	0	literal_substring_stata_strpos	4	231	Data_Construction/wikidata/prog_occ.do	56
Harpist	15	435	Culture	Culture-core	harpist	1	1	1	literal_substring_stata_strpos	2	133	Data_Construction/wikidata/prog_occ.do	54
Folklorist	15	427	Culture	Culture-core	folklorist	1	1	1	literal_substring_stata_strpos	2	125	Data_Construction/wikidata/prog_occ.do	54
Tailor	15	1695	Other	Worker/Business (small)	tailor	1	1	1	literal_substring_stata_strpos	12	263	Data_Construction/wikidata/prog_occ.do	64
Lobbyist	15	1232	Leadership	Corporate/Executive/Business (large)	lobbyist	1	1	1	literal_substring_stata_strpos	9	24	Data_Construction/wikidata/prog_occ.do	63
Cab Driver	15	9	Sports/Games	Sports/Games	_driver_	0	1	1	literal_substring_stata_strpos	1	9	Data_Construction/wikidata/prog_occ.do	53
Speechwriter	15	538	Culture	Culture-core	speechwriter	1	1	1	literal_substring_stata_strpos	2	236	Data_Construction/wikidata/prog_occ.do	54
Radio Broadcaster	15	579	Culture	Culture-periphery	_radio_	0	1	1	literal_substring_stata_strpos	3	10	Data_Construction/wikidata/prog_occ.do	55
Radio Broadcaster	15	592	Culture	Culture-periphery	broadcast	0	1	0	literal_substring_stata_strpos	3	23	Data_Construction/wikidata/prog_occ.do	55
Mime artist	15	304	Culture	Culture-core	_artist	0	1	1	literal_substring_stata_strpos	2	2	Data_Construction/wikidata/prog_occ.do	54
Mime artist	15	324	Culture	Culture-core	_mime	0	1	0	literal_substring_stata_strpos	2	22	Data_Construction/wikidata/prog_occ.do	54
Public Servant	14	1093	Leadership	Administration/Law	public_servant	1	1	1	literal_substring_stata_strpos	6	47	Data_Construction/wikidata/prog_occ.do	58
Imam	14	1315	Leadership	Religious	imam	1	1	1	literal_substring_stata_strpos	10	65	Data_Construction/wikidata/prog_occ.do	61
Ethnographer	14	750	Discovery/Science	Academia	ethnograph	0	1	1	literal_substring_stata_strpos	4	87	Data_Construction/wikidata/prog_occ.do	56
Gravure idol	14	322	Culture	Culture-core	_idol_	0	1	1	literal_substring_stata_strpos	2	20	Data_Construction/wikidata/prog_occ.do	54
Gravure idol	14	431	Culture	Culture-core	gravure	0	1	0	literal_substring_stata_strpos	2	129	Data_Construction/wikidata/prog_occ.do	54
Winemaker	14	1250	Leadership	Corporate/Executive/Business (large)	winemaker	1	1	1	literal_substring_stata_strpos	9	42	Data_Construction/wikidata/prog_occ.do	63
Logician	14	806	Discovery/Science	Academia	logician	1	1	1	literal_substring_stata_strpos	4	143	Data_Construction/wikidata/prog_occ.do	56
Laborer	14	1636	Other	Worker/Business (small)	laborer	1	1	1	literal_substring_stata_strpos	12	204	Data_Construction/wikidata/prog_occ.do	64
Stage Manager	14	338	Culture	Culture-core	_stage_	0	0	1	literal_substring_stata_strpos	2	36	Data_Construction/wikidata/prog_occ.do	54
Stage Manager	14	541	Culture	Culture-core	stage_manager	1	1	0	literal_substring_stata_strpos	2	239	Data_Construction/wikidata/prog_occ.do	54
Stage Manager	14	1234	Leadership	Corporate/Executive/Business (large)	manager	0	0	0	literal_substring_stata_strpos	9	26	Data_Construction/wikidata/prog_occ.do	63
Dressmaker	14	1581	Other	Worker/Business (small)	dressmaker	1	1	1	literal_substring_stata_strpos	12	149	Data_Construction/wikidata/prog_occ.do	64
Chemical engineer	14	1187	Discovery/Science	Explorer/Inventor/Developer	engineer	0	1	1	literal_substring_stata_strpos	8	12	Data_Construction/wikidata/prog_occ.do	62
Electronic musician	14	325	Culture	Culture-core	_music	0	1	1	literal_substring_stata_strpos	2	23	Data_Construction/wikidata/prog_occ.do	54
Electronic musician	14	473	Culture	Culture-core	musician	0	1	0	literal_substring_stata_strpos	2	171	Data_Construction/wikidata/prog_occ.do	54
Printer	14	1485	Other	Worker/Business (small)	_printer	1	1	1	literal_substring_stata_strpos	12	53	Data_Construction/wikidata/prog_occ.do	64
Registered nurse	14	828	Discovery/Science	Academia	nurse	0	1	1	literal_substring_stata_strpos	4	165	Data_Construction/wikidata/prog_occ.do	56
Bishop	14	1280	Leadership	Religious	bishop	1	1	1	literal_substring_stata_strpos	10	30	Data_Construction/wikidata/prog_occ.do	61
Film Historian	14	320	Culture	Culture-core	_film_	0	1	1	literal_substring_stata_strpos	2	18	Data_Construction/wikidata/prog_occ.do	54
Film Historian	14	783	Discovery/Science	Academia	historian	0	1	0	literal_substring_stata_strpos	4	120	Data_Construction/wikidata/prog_occ.do	56
Democracy activist	13	939	Leadership	Politics	activist	0	1	1	literal_substring_stata_strpos	5	12	Data_Construction/wikidata/prog_occ.do	57
Scenographer	13	522	Culture	Culture-core	scenographer	1	1	1	literal_substring_stata_strpos	2	220	Data_Construction/wikidata/prog_occ.do	54
TV chef	13	1444	Other	Worker/Business (small)	_chef_	0	1	1	literal_substring_stata_strpos	12	12	Data_Construction/wikidata/prog_occ.do	64
Storyboard Artist	13	304	Culture	Culture-core	_artist	0	1	1	literal_substring_stata_strpos	2	2	Data_Construction/wikidata/prog_occ.do	54
Curler	13	80	Sports/Games	Sports/Games	curler	1	1	1	literal_substring_stata_strpos	1	80	Data_Construction/wikidata/prog_occ.do	53
Sports agent	13	24	Sports/Games	Sports/Games	_sport	0	1	1	literal_substring_stata_strpos	1	24	Data_Construction/wikidata/prog_occ.do	53
Antiquarian	13	1515	Other	Worker/Business (small)	antiquarian	1	1	1	literal_substring_stata_strpos	12	83	Data_Construction/wikidata/prog_occ.do	64
Circus Performer	13	387	Culture	Culture-core	circus	0	1	1	literal_substring_stata_strpos	2	85	Data_Construction/wikidata/prog_occ.do	54
Circus Performer	13	488	Culture	Culture-core	performer	0	1	0	literal_substring_stata_strpos	2	186	Data_Construction/wikidata/prog_occ.do	54
Roman emperor	13	1139	Leadership	Nobility	emperor	0	1	1	literal_substring_stata_strpos	7	31	Data_Construction/wikidata/prog_occ.do	60
Opera composer	13	326	Culture	Culture-core	_opera_	0	1	1	literal_substring_stata_strpos	2	24	Data_Construction/wikidata/prog_occ.do	54
Opera composer	13	398	Culture	Culture-core	composer	0	1	0	literal_substring_stata_strpos	2	96	Data_Construction/wikidata/prog_occ.do	54
Spy	13	1366	Leadership	Military	_spy_	1	1	1	literal_substring_stata_strpos	11	4	Data_Construction/wikidata/prog_occ.do	59
Monk	13	1331	Leadership	Religious	monk	1	1	1	literal_substring_stata_strpos	10	81	Data_Construction/wikidata/prog_occ.do	61
Recording Engineer (Film job)	13	1187	Discovery/Science	Explorer/Inventor/Developer	engineer	0	1	1	literal_substring_stata_strpos	8	12	Data_Construction/wikidata/prog_occ.do	62
Trade unionist	13	1038	Leadership	Politics	trade_union	0	1	1	literal_substring_stata_strpos	5	111	Data_Construction/wikidata/prog_occ.do	57
Trade unionist	13	1041	Leadership	Politics	unionist	0	1	0	literal_substring_stata_strpos	5	114	Data_Construction/wikidata/prog_occ.do	57
Food critic	13	604	Culture	Culture-periphery	critic	0	1	1	literal_substring_stata_strpos	3	35	Data_Construction/wikidata/prog_occ.do	55
Special Effects Artist	13	304	Culture	Culture-core	_artist	0	1	1	literal_substring_stata_strpos	2	2	Data_Construction/wikidata/prog_occ.do	54
Special Effects Artist	13	537	Culture	Culture-core	special_effects	0	1	0	literal_substring_stata_strpos	2	235	Data_Construction/wikidata/prog_occ.do	54
Bookkeeper	12	1535	Other	Worker/Business (small)	bookkeeper	1	1	1	literal_substring_stata_strpos	12	103	Data_Construction/wikidata/prog_occ.do	64
Chaplain	12	1289	Leadership	Religious	chaplain	1	1	1	literal_substring_stata_strpos	10	39	Data_Construction/wikidata/prog_occ.do	61
Pathologist	12	849	Discovery/Science	Academia	pathologist	1	1	1	literal_substring_stata_strpos	4	186	Data_Construction/wikidata/prog_occ.do	56
Videographer	12	658	Culture	Culture-periphery	videographer	1	1	1	literal_substring_stata_strpos	3	89	Data_Construction/wikidata/prog_occ.do	55
Nordic combined skier	12	239	Sports/Games	Sports/Games	skier	0	1	1	literal_substring_stata_strpos	1	239	Data_Construction/wikidata/prog_occ.do	53
Dance Teacher	12	314	Culture	Culture-core	_dance_	0	1	1	literal_substring_stata_strpos	2	12	Data_Construction/wikidata/prog_occ.do	54
Dance Teacher	12	910	Discovery/Science	Academia	teacher_	0	1	0	literal_substring_stata_strpos	4	247	Data_Construction/wikidata/prog_occ.do	56
Astrophysicist	12	700	Discovery/Science	Academia	astrophysicist	1	1	1	literal_substring_stata_strpos	4	37	Data_Construction/wikidata/prog_occ.do	56
Astrophysicist	12	868	Discovery/Science	Academia	physicist	0	0	0	literal_substring_stata_strpos	4	205	Data_Construction/wikidata/prog_occ.do	56
Rail transport worker	12	1716	Other	Worker/Business (small)	worker	0	1	1	literal_substring_stata_strpos	12	284	Data_Construction/wikidata/prog_occ.do	64
Construction worker	12	1210	Leadership	Corporate/Executive/Business (large)	_construction	0	1	1	literal_substring_stata_strpos	9	2	Data_Construction/wikidata/prog_occ.do	63
Construction worker	12	1716	Other	Worker/Business (small)	worker	0	1	0	literal_substring_stata_strpos	12	284	Data_Construction/wikidata/prog_occ.do	64
Guide	12	1461	Other	Worker/Business (small)	_guide_	1	1	1	literal_substring_stata_strpos	12	29	Data_Construction/wikidata/prog_occ.do	64
Prosecutor	12	1092	Leadership	Administration/Law	prosecutor_	1	1	1	literal_substring_stata_strpos	6	46	Data_Construction/wikidata/prog_occ.do	58
Cleaner	12	1445	Other	Worker/Business (small)	_cleaner	1	1	1	literal_substring_stata_strpos	12	13	Data_Construction/wikidata/prog_occ.do	64
Analyst	12	1514	Other	Worker/Business (small)	analyst	1	1	1	literal_substring_stata_strpos	12	82	Data_Construction/wikidata/prog_occ.do	64
Baseball Umpire	12	40	Sports/Games	Sports/Games	baseball	0	1	1	literal_substring_stata_strpos	1	40	Data_Construction/wikidata/prog_occ.do	53
Baseball Umpire	12	283	Sports/Games	Sports/Games	umpire	0	1	0	literal_substring_stata_strpos	1	283	Data_Construction/wikidata/prog_occ.do	53
Bartender	12	1438	Other	Worker/Business (small)	_bartender	1	1	1	literal_substring_stata_strpos	12	6	Data_Construction/wikidata/prog_occ.do	64
Penciller	11	485	Culture	Culture-core	penciller	1	1	1	literal_substring_stata_strpos	2	183	Data_Construction/wikidata/prog_occ.do	54
Engraver	11	572	Culture	Culture-periphery	engraver	1	1	1	literal_substring_stata_strpos	3	3	Data_Construction/wikidata/prog_occ.do	55
Contemporary artist	11	304	Culture	Culture-core	_artist	0	1	1	literal_substring_stata_strpos	2	2	Data_Construction/wikidata/prog_occ.do	54
Archivist	11	665	Discovery/Science	Academia	_archivist	1	1	1	literal_substring_stata_strpos	4	2	Data_Construction/wikidata/prog_occ.do	56
Hotel Manager	11	1234	Leadership	Corporate/Executive/Business (large)	manager	0	1	1	literal_substring_stata_strpos	9	26	Data_Construction/wikidata/prog_occ.do	63
Artistic Director	11	304	Culture	Culture-core	_artist	0	1	1	literal_substring_stata_strpos	2	2	Data_Construction/wikidata/prog_occ.do	54
Bank cashier	11	1215	Leadership	Corporate/Executive/Business (large)	bank	0	1	1	literal_substring_stata_strpos	9	7	Data_Construction/wikidata/prog_occ.do	63
Bank cashier	11	1441	Other	Worker/Business (small)	_cashier	0	1	0	literal_substring_stata_strpos	12	9	Data_Construction/wikidata/prog_occ.do	64
Impersonator	11	1822	Other	Other	impersonator	1	1	1	literal_substring_stata_strpos	14	77	Data_Construction/wikidata/prog_occ.do	66
Gardener	11	1460	Other	Worker/Business (small)	_gardener	1	1	1	literal_substring_stata_strpos	12	28	Data_Construction/wikidata/prog_occ.do	64
Gardener	11	1599	Other	Worker/Business (small)	gardener	1	1	0	literal_substring_stata_strpos	12	167	Data_Construction/wikidata/prog_occ.do	64
Music director	11	325	Culture	Culture-core	_music	0	1	1	literal_substring_stata_strpos	2	23	Data_Construction/wikidata/prog_occ.do	54
Luthier	11	1473	Other	Worker/Business (small)	_luthier	1	1	1	literal_substring_stata_strpos	12	41	Data_Construction/wikidata/prog_occ.do	64
Harpsichordist	11	436	Culture	Culture-core	harpsichordist	1	1	1	literal_substring_stata_strpos	2	134	Data_Construction/wikidata/prog_occ.do	54
Coal Miner	11	1476	Other	Worker/Business (small)	_miner_	0	0	1	literal_substring_stata_strpos	12	44	Data_Construction/wikidata/prog_occ.do	64
Coal Miner	11	1561	Other	Worker/Business (small)	coal_miner	1	1	0	literal_substring_stata_strpos	12	129	Data_Construction/wikidata/prog_occ.do	64
TV Program Creator	11	313	Culture	Culture-core	_creator_	0	1	1	literal_substring_stata_strpos	2	11	Data_Construction/wikidata/prog_occ.do	54
Dance Instructor	11	314	Culture	Culture-core	_dance_	0	1	1	literal_substring_stata_strpos	2	12	Data_Construction/wikidata/prog_occ.do	54
Dance Instructor	11	794	Discovery/Science	Academia	instructor	0	1	0	literal_substring_stata_strpos	4	131	Data_Construction/wikidata/prog_occ.do	56
Diver	11	7	Sports/Games	Sports/Games	_diver_	1	1	1	literal_substring_stata_strpos	1	7	Data_Construction/wikidata/prog_occ.do	53
Skateboarder	11	233	Sports/Games	Sports/Games	skateboard	0	1	1	literal_substring_stata_strpos	1	233	Data_Construction/wikidata/prog_occ.do	53
Sheriff	11	1099	Leadership	Administration/Law	sheriff	1	1	1	literal_substring_stata_strpos	6	53	Data_Construction/wikidata/prog_occ.do	58
Motorcycle Racer	11	18	Sports/Games	Sports/Games	_racer_	0	1	1	literal_substring_stata_strpos	1	18	Data_Construction/wikidata/prog_occ.do	53
Motorcycle Racer	11	167	Sports/Games	Sports/Games	motorcycle	0	1	0	literal_substring_stata_strpos	1	167	Data_Construction/wikidata/prog_occ.do	53
Trader	11	1247	Leadership	Corporate/Executive/Business (large)	trader	1	1	1	literal_substring_stata_strpos	9	39	Data_Construction/wikidata/prog_occ.do	63
Music Theorist	11	325	Culture	Culture-core	_music	0	1	1	literal_substring_stata_strpos	2	23	Data_Construction/wikidata/prog_occ.do	54
Music Theorist	11	914	Discovery/Science	Academia	theorist	0	1	0	literal_substring_stata_strpos	4	251	Data_Construction/wikidata/prog_occ.do	56
Illusionist	11	445	Culture	Culture-core	illusionist	1	1	1	literal_substring_stata_strpos	2	143	Data_Construction/wikidata/prog_occ.do	54
Video Game Producer	11	12	Sports/Games	Sports/Games	_game	0	1	1	literal_substring_stata_strpos	1	12	Data_Construction/wikidata/prog_occ.do	53
Video Game Producer	11	284	Sports/Games	Sports/Games	video_game	0	1	0	literal_substring_stata_strpos	1	284	Data_Construction/wikidata/prog_occ.do	53
Video Game Producer	11	506	Culture	Culture-core	producer	0	1	0	literal_substring_stata_strpos	2	204	Data_Construction/wikidata/prog_occ.do	54
Baker	11	1435	Other	Worker/Business (small)	_baker	1	1	1	literal_substring_stata_strpos	12	3	Data_Construction/wikidata/prog_occ.do	64
Skeleton racer	11	18	Sports/Games	Sports/Games	_racer_	0	1	1	literal_substring_stata_strpos	1	18	Data_Construction/wikidata/prog_occ.do	53
Skeleton racer	11	236	Sports/Games	Sports/Games	skeleton	0	1	0	literal_substring_stata_strpos	1	236	Data_Construction/wikidata/prog_occ.do	53
Structural engineer	11	1187	Discovery/Science	Explorer/Inventor/Developer	engineer	0	1	1	literal_substring_stata_strpos	8	12	Data_Construction/wikidata/prog_occ.do	62
Veteran	11	1427	Leadership	Military	veteran	1	1	1	literal_substring_stata_strpos	11	65	Data_Construction/wikidata/prog_occ.do	59
Ulama	10	281	Sports/Games	Sports/Games	ulama	1	1	1	literal_substring_stata_strpos	1	281	Data_Construction/wikidata/prog_occ.do	53
Physiologist	10	870	Discovery/Science	Academia	physiologist	1	1	1	literal_substring_stata_strpos	4	207	Data_Construction/wikidata/prog_occ.do	56
Potter	10	1673	Other	Worker/Business (small)	potter	1	1	1	literal_substring_stata_strpos	12	241	Data_Construction/wikidata/prog_occ.do	64
Meteorologist	10	815	Discovery/Science	Academia	meteorologist	1	1	1	literal_substring_stata_strpos	4	152	Data_Construction/wikidata/prog_occ.do	56
Estate agent	10	1587	Other	Worker/Business (small)	estate_agent	1	1	1	literal_substring_stata_strpos	12	155	Data_Construction/wikidata/prog_occ.do	64
Science-fiction writer	10	343	Culture	Culture-core	_writer	0	1	1	literal_substring_stata_strpos	2	41	Data_Construction/wikidata/prog_occ.do	54
Science-fiction writer	10	892	Discovery/Science	Academia	science	0	1	0	literal_substring_stata_strpos	4	229	Data_Construction/wikidata/prog_occ.do	56
Barber	10	1436	Other	Worker/Business (small)	_barber	1	1	1	literal_substring_stata_strpos	12	4	Data_Construction/wikidata/prog_occ.do	64
Futurist	10	1192	Discovery/Science	Explorer/Inventor/Developer	futurist	1	1	1	literal_substring_stata_strpos	8	17	Data_Construction/wikidata/prog_occ.do	62
Yoga Instructor	10	794	Discovery/Science	Academia	instructor	0	1	1	literal_substring_stata_strpos	4	131	Data_Construction/wikidata/prog_occ.do	56
Instrument maker	10	1626	Other	Worker/Business (small)	instrument_maker	1	1	1	literal_substring_stata_strpos	12	194	Data_Construction/wikidata/prog_occ.do	64
Sound Technician	10	1698	Other	Worker/Business (small)	technician	0	1	1	literal_substring_stata_strpos	12	266	Data_Construction/wikidata/prog_occ.do	64
Shopkeeper	10	1245	Leadership	Corporate/Executive/Business (large)	shopkeeper	1	1	1	literal_substring_stata_strpos	9	37	Data_Construction/wikidata/prog_occ.do	63
Cowboy	10	1790	Other	Other	cowboy	1	1	1	literal_substring_stata_strpos	14	45	Data_Construction/wikidata/prog_occ.do	66
Music Educator	10	325	Culture	Culture-core	_music	0	0	1	literal_substring_stata_strpos	2	23	Data_Construction/wikidata/prog_occ.do	54
Music Educator	10	471	Culture	Culture-core	music_educator	1	1	0	literal_substring_stata_strpos	2	169	Data_Construction/wikidata/prog_occ.do	54
Music Educator	10	738	Discovery/Science	Academia	educator	0	0	0	literal_substring_stata_strpos	4	75	Data_Construction/wikidata/prog_occ.do	56
Steelworker	10	1716	Other	Worker/Business (small)	worker	0	1	1	literal_substring_stata_strpos	12	284	Data_Construction/wikidata/prog_occ.do	64
Visual Effects Supervisor	10	566	Culture	Culture-core	visual_effects	0	1	1	literal_substring_stata_strpos	2	264	Data_Construction/wikidata/prog_occ.do	54
Bodyguard	10	1531	Other	Worker/Business (small)	bodyguard	1	1	1	literal_substring_stata_strpos	12	99	Data_Construction/wikidata/prog_occ.do	64
Palaeontologist	10	844	Discovery/Science	Academia	palaeontologist	1	1	1	literal_substring_stata_strpos	4	181	Data_Construction/wikidata/prog_occ.do	56
Ballroom Dancer	10	410	Culture	Culture-core	dancer	0	1	1	literal_substring_stata_strpos	2	108	Data_Construction/wikidata/prog_occ.do	54
Mixing engineer	10	1187	Discovery/Science	Explorer/Inventor/Developer	engineer	0	1	1	literal_substring_stata_strpos	8	12	Data_Construction/wikidata/prog_occ.do	62
Postal worker	10	1716	Other	Worker/Business (small)	worker	0	1	1	literal_substring_stata_strpos	12	284	Data_Construction/wikidata/prog_occ.do	64
Runner	9	221	Sports/Games	Sports/Games	runner	1	1	1	literal_substring_stata_strpos	1	221	Data_Construction/wikidata/prog_occ.do	53
Blacksmith	9	1527	Other	Worker/Business (small)	blacksmith	1	1	1	literal_substring_stata_strpos	12	95	Data_Construction/wikidata/prog_occ.do	64
Tattoo artist	9	304	Culture	Culture-core	_artist	0	1	1	literal_substring_stata_strpos	2	2	Data_Construction/wikidata/prog_occ.do	54
Monologist	9	468	Culture	Culture-core	monologist	1	1	1	literal_substring_stata_strpos	2	166	Data_Construction/wikidata/prog_occ.do	54
Cattle Rancher	9	1678	Other	Worker/Business (small)	rancher	0	1	1	literal_substring_stata_strpos	12	246	Data_Construction/wikidata/prog_occ.do	64
Rebel	9	1417	Leadership	Military	rebel	1	1	1	literal_substring_stata_strpos	11	55	Data_Construction/wikidata/prog_occ.do	59
Dialect coach	9	75	Sports/Games	Sports/Games	coach	0	1	1	literal_substring_stata_strpos	1	75	Data_Construction/wikidata/prog_occ.do	53
Landscape architect	9	586	Culture	Culture-periphery	architect	0	1	1	literal_substring_stata_strpos	3	17	Data_Construction/wikidata/prog_occ.do	55
Art Teacher	9	910	Discovery/Science	Academia	teacher_	0	1	1	literal_substring_stata_strpos	4	247	Data_Construction/wikidata/prog_occ.do	56
Lexicographer	9	803	Discovery/Science	Academia	lexicographer	1	1	1	literal_substring_stata_strpos	4	140	Data_Construction/wikidata/prog_occ.do	56
Clinical psychologist	9	883	Discovery/Science	Academia	psychologist	0	1	1	literal_substring_stata_strpos	4	220	Data_Construction/wikidata/prog_occ.do	56
Beach Volleyball Player	9	189	Sports/Games	Sports/Games	player	0	1	1	literal_substring_stata_strpos	1	189	Data_Construction/wikidata/prog_occ.do	53
Beach Volleyball Player	9	285	Sports/Games	Sports/Games	volleyball	0	1	0	literal_substring_stata_strpos	1	285	Data_Construction/wikidata/prog_occ.do	53
Social Critic	9	604	Culture	Culture-periphery	critic	0	1	1	literal_substring_stata_strpos	3	35	Data_Construction/wikidata/prog_occ.do	55
Children's book author	9	352	Culture	Culture-core	author	0	1	1	literal_substring_stata_strpos	2	50	Data_Construction/wikidata/prog_occ.do	54
Music editor	9	325	Culture	Culture-core	_music	0	1	1	literal_substring_stata_strpos	2	23	Data_Construction/wikidata/prog_occ.do	54
Music editor	9	612	Culture	Culture-periphery	editor	0	1	0	literal_substring_stata_strpos	3	43	Data_Construction/wikidata/prog_occ.do	55
Fisherman	9	1593	Other	Worker/Business (small)	fisher	0	1	1	literal_substring_stata_strpos	12	161	Data_Construction/wikidata/prog_occ.do	64
Child model	9	577	Culture	Culture-periphery	_model_	0	1	1	literal_substring_stata_strpos	3	8	Data_Construction/wikidata/prog_occ.do	55
Child model	9	1727	Other	Family	child_	0	1	0	literal_substring_stata_strpos	13	9	Data_Construction/wikidata/prog_occ.do	65
Entomologist	9	744	Discovery/Science	Academia	entomologist	1	1	1	literal_substring_stata_strpos	4	81	Data_Construction/wikidata/prog_occ.do	56
Molecular Biologist	9	705	Discovery/Science	Academia	biologist	0	1	1	literal_substring_stata_strpos	4	42	Data_Construction/wikidata/prog_occ.do	56
Magistrate	9	1086	Leadership	Administration/Law	magistrat	0	1	1	literal_substring_stata_strpos	6	40	Data_Construction/wikidata/prog_occ.do	58
Revolutionary	9	1021	Leadership	Politics	revolutionary	1	1	1	literal_substring_stata_strpos	5	94	Data_Construction/wikidata/prog_occ.do	57
Pirate	9	1416	Leadership	Military	pirate	1	1	1	literal_substring_stata_strpos	11	54	Data_Construction/wikidata/prog_occ.do	59
Nutritionist	9	829	Discovery/Science	Academia	nutritionist	1	1	1	literal_substring_stata_strpos	4	166	Data_Construction/wikidata/prog_occ.do	56
Skier	9	239	Sports/Games	Sports/Games	skier	1	1	1	literal_substring_stata_strpos	1	239	Data_Construction/wikidata/prog_occ.do	53
Celebrity chef	9	374	Culture	Culture-core	celebrity	0	1	1	literal_substring_stata_strpos	2	72	Data_Construction/wikidata/prog_occ.do	54
Celebrity chef	9	1444	Other	Worker/Business (small)	_chef_	0	1	0	literal_substring_stata_strpos	12	12	Data_Construction/wikidata/prog_occ.do	64
accordionist	9	344	Culture	Culture-core	accordionist	1	1	1	literal_substring_stata_strpos	2	42	Data_Construction/wikidata/prog_occ.do	54
Neurologist	9	826	Discovery/Science	Academia	neurologist	1	1	1	literal_substring_stata_strpos	4	163	Data_Construction/wikidata/prog_occ.do	56
Neurologist	9	921	Discovery/Science	Academia	urologist	0	0	0	literal_substring_stata_strpos	4	258	Data_Construction/wikidata/prog_occ.do	56
House painter and decorator	9	483	Culture	Culture-core	painter	0	1	1	literal_substring_stata_strpos	2	181	Data_Construction/wikidata/prog_occ.do	54
House painter and decorator	9	605	Culture	Culture-periphery	decorator	0	1	0	literal_substring_stata_strpos	3	36	Data_Construction/wikidata/prog_occ.do	55
Cardiologist	9	713	Discovery/Science	Academia	cardiologist	1	1	1	literal_substring_stata_strpos	4	50	Data_Construction/wikidata/prog_occ.do	56
Venture capitalist	8	1219	Leadership	Corporate/Executive/Business (large)	capitalist	0	1	1	literal_substring_stata_strpos	9	11	Data_Construction/wikidata/prog_occ.do	63
Jeweller	8	1632	Other	Worker/Business (small)	jeweller	1	1	1	literal_substring_stata_strpos	12	200	Data_Construction/wikidata/prog_occ.do	64
Horse breeder	8	1439	Other	Worker/Business (small)	_breeder	0	0	1	literal_substring_stata_strpos	12	7	Data_Construction/wikidata/prog_occ.do	64
Horse breeder	8	1614	Other	Worker/Business (small)	horse_breeder	1	1	0	literal_substring_stata_strpos	12	182	Data_Construction/wikidata/prog_occ.do	64
Studio executive	8	1223	Leadership	Corporate/Executive/Business (large)	executive	0	1	1	literal_substring_stata_strpos	9	15	Data_Construction/wikidata/prog_occ.do	63
High Priest	8	1346	Leadership	Religious	priest	0	1	1	literal_substring_stata_strpos	10	96	Data_Construction/wikidata/prog_occ.do	61
Sculpture	8	526	Culture	Culture-core	sculpture	1	1	1	literal_substring_stata_strpos	2	224	Data_Construction/wikidata/prog_occ.do	54
Ballet master	8	355	Culture	Culture-core	ballet	0	1	1	literal_substring_stata_strpos	2	53	Data_Construction/wikidata/prog_occ.do	54
Music Manager	8	325	Culture	Culture-core	_music	0	1	1	literal_substring_stata_strpos	2	23	Data_Construction/wikidata/prog_occ.do	54
Music Manager	8	1234	Leadership	Corporate/Executive/Business (large)	manager	0	1	0	literal_substring_stata_strpos	9	26	Data_Construction/wikidata/prog_occ.do	63
Adult model	8	577	Culture	Culture-periphery	_model_	0	1	1	literal_substring_stata_strpos	3	8	Data_Construction/wikidata/prog_occ.do	55
Cheerleader	8	1782	Other	Other	cheerleader	1	1	1	literal_substring_stata_strpos	14	37	Data_Construction/wikidata/prog_occ.do	66
Tour guide	8	1461	Other	Worker/Business (small)	_guide_	0	1	1	literal_substring_stata_strpos	12	29	Data_Construction/wikidata/prog_occ.do	64
Interpreter	8	450	Culture	Culture-core	interpreter	1	1	1	literal_substring_stata_strpos	2	148	Data_Construction/wikidata/prog_occ.do	54
Physiotherapist	8	871	Discovery/Science	Academia	physiotherapist	1	1	1	literal_substring_stata_strpos	4	208	Data_Construction/wikidata/prog_occ.do	56
Physiotherapist	8	916	Discovery/Science	Academia	therapist	0	0	0	literal_substring_stata_strpos	4	253	Data_Construction/wikidata/prog_occ.do	56
Political Consultant	8	1013	Leadership	Politics	political	0	1	1	literal_substring_stata_strpos	5	86	Data_Construction/wikidata/prog_occ.do	57
Political Consultant	8	1566	Other	Worker/Business (small)	consultant	0	1	0	literal_substring_stata_strpos	12	134	Data_Construction/wikidata/prog_occ.do	64
Polymath	8	877	Discovery/Science	Academia	polymath	1	1	1	literal_substring_stata_strpos	4	214	Data_Construction/wikidata/prog_occ.do	56
Lighting Designer	8	606	Culture	Culture-periphery	designer	0	1	1	literal_substring_stata_strpos	3	37	Data_Construction/wikidata/prog_occ.do	55
Butcher	8	1440	Other	Worker/Business (small)	_butcher	1	1	1	literal_substring_stata_strpos	12	8	Data_Construction/wikidata/prog_occ.do	64
Installation Artist	8	304	Culture	Culture-core	_artist	0	1	1	literal_substring_stata_strpos	2	2	Data_Construction/wikidata/prog_occ.do	54
Bacteriologist	8	701	Discovery/Science	Academia	bacteriologist	1	1	1	literal_substring_stata_strpos	4	38	Data_Construction/wikidata/prog_occ.do	56
Bishop (Religious Leadership Title) #112	8	1280	Leadership	Religious	bishop	0	1	1	literal_substring_stata_strpos	10	30	Data_Construction/wikidata/prog_occ.do	61
Bishop (Religious Leadership Title) #112	8	1351	Leadership	Religious	religious	0	1	0	literal_substring_stata_strpos	10	101	Data_Construction/wikidata/prog_occ.do	61
Auto mechanic	8	1652	Other	Worker/Business (small)	mechanic	0	1	1	literal_substring_stata_strpos	12	220	Data_Construction/wikidata/prog_occ.do	64
Shadetree mechanic	8	1652	Other	Worker/Business (small)	mechanic	0	1	1	literal_substring_stata_strpos	12	220	Data_Construction/wikidata/prog_occ.do	64
School Administrator	8	1047	Leadership	Administration/Law	administrator	0	1	1	literal_substring_stata_strpos	6	1	Data_Construction/wikidata/prog_occ.do	58
Bureaucrat	8	1063	Leadership	Administration/Law	bureaucrat	1	1	1	literal_substring_stata_strpos	6	17	Data_Construction/wikidata/prog_occ.do	58
Ethnologist	8	751	Discovery/Science	Academia	ethnologist	1	1	1	literal_substring_stata_strpos	4	88	Data_Construction/wikidata/prog_occ.do	56
Video game designer	8	12	Sports/Games	Sports/Games	_game	0	1	1	literal_substring_stata_strpos	1	12	Data_Construction/wikidata/prog_occ.do	53
Video game designer	8	284	Sports/Games	Sports/Games	video_game	0	1	0	literal_substring_stata_strpos	1	284	Data_Construction/wikidata/prog_occ.do	53
Video game designer	8	606	Culture	Culture-periphery	designer	0	1	0	literal_substring_stata_strpos	3	37	Data_Construction/wikidata/prog_occ.do	55
Military engineer	8	1187	Discovery/Science	Explorer/Inventor/Developer	engineer	0	1	1	literal_substring_stata_strpos	8	12	Data_Construction/wikidata/prog_occ.do	62
Military engineer	8	1407	Leadership	Military	militar	0	1	0	literal_substring_stata_strpos	11	45	Data_Construction/wikidata/prog_occ.do	59
Theater Performer	8	488	Culture	Culture-core	performer	0	1	1	literal_substring_stata_strpos	2	186	Data_Construction/wikidata/prog_occ.do	54
Theater Performer	8	549	Culture	Culture-core	theater	0	1	0	literal_substring_stata_strpos	2	247	Data_Construction/wikidata/prog_occ.do	54
Bookseller	7	1537	Other	Worker/Business (small)	bookseller	1	1	1	literal_substring_stata_strpos	12	105	Data_Construction/wikidata/prog_occ.do	64
Forester	7	1596	Other	Worker/Business (small)	forester	1	1	1	literal_substring_stata_strpos	12	164	Data_Construction/wikidata/prog_occ.do	64
Weightlifter	7	291	Sports/Games	Sports/Games	weightlifter	1	1	1	literal_substring_stata_strpos	1	291	Data_Construction/wikidata/prog_occ.do	53
Women's rights activist	7	939	Leadership	Politics	activist	0	1	1	literal_substring_stata_strpos	5	12	Data_Construction/wikidata/prog_occ.do	57
Public intellectual	7	795	Discovery/Science	Academia	intellectual	0	1	1	literal_substring_stata_strpos	4	132	Data_Construction/wikidata/prog_occ.do	56
Aircraft designer	7	606	Culture	Culture-periphery	designer	0	1	1	literal_substring_stata_strpos	3	37	Data_Construction/wikidata/prog_occ.do	55
Mineralogist	7	817	Discovery/Science	Academia	mineralogist	1	1	1	literal_substring_stata_strpos	4	154	Data_Construction/wikidata/prog_occ.do	56
Bricklayer	7	1542	Other	Worker/Business (small)	bricklayer	1	1	1	literal_substring_stata_strpos	12	110	Data_Construction/wikidata/prog_occ.do	64
Crown Princess	7	1161	Leadership	Nobility	princess	0	1	1	literal_substring_stata_strpos	7	53	Data_Construction/wikidata/prog_occ.do	60
Anesthesiologist	7	683	Discovery/Science	Academia	anesthesiologist	1	1	1	literal_substring_stata_strpos	4	20	Data_Construction/wikidata/prog_occ.do	56
Obstetrician	7	830	Discovery/Science	Academia	obstetrician	1	1	1	literal_substring_stata_strpos	4	167	Data_Construction/wikidata/prog_occ.do	56
Lieutenant	7	1402	Leadership	Military	lieutenant	1	1	1	literal_substring_stata_strpos	11	40	Data_Construction/wikidata/prog_occ.do	59
Ventriloquist	7	342	Culture	Culture-core	_ventriloquist	1	1	1	literal_substring_stata_strpos	2	40	Data_Construction/wikidata/prog_occ.do	54
Animation Director	7	347	Culture	Culture-core	animation	0	1	1	literal_substring_stata_strpos	2	45	Data_Construction/wikidata/prog_occ.do	54
Grocer	7	1604	Other	Worker/Business (small)	grocer	1	1	1	literal_substring_stata_strpos	12	172	Data_Construction/wikidata/prog_occ.do	64
Ornithologist	7	838	Discovery/Science	Academia	ornithologist	1	1	1	literal_substring_stata_strpos	4	175	Data_Construction/wikidata/prog_occ.do	56
Presenter (Profession) #27	7	638	Culture	Culture-periphery	presenter	0	1	1	literal_substring_stata_strpos	3	69	Data_Construction/wikidata/prog_occ.do	55
Justice of the peace	7	1080	Leadership	Administration/Law	justice	0	1	1	literal_substring_stata_strpos	6	34	Data_Construction/wikidata/prog_occ.do	58
Agronomist	7	677	Discovery/Science	Academia	agronomist	1	1	1	literal_substring_stata_strpos	4	14	Data_Construction/wikidata/prog_occ.do	56
Paramedic	7	847	Discovery/Science	Academia	paramedic	1	1	1	literal_substring_stata_strpos	4	184	Data_Construction/wikidata/prog_occ.do	56
Film Distributor	7	320	Culture	Culture-core	_film_	0	1	1	literal_substring_stata_strpos	2	18	Data_Construction/wikidata/prog_occ.do	54
Professional Wrestling Referee	7	211	Sports/Games	Sports/Games	referee	0	1	1	literal_substring_stata_strpos	1	211	Data_Construction/wikidata/prog_occ.do	53
Professional Wrestling Referee	7	299	Sports/Games	Sports/Games	wrestling	0	1	0	literal_substring_stata_strpos	1	299	Data_Construction/wikidata/prog_occ.do	53
Ethicist	7	749	Discovery/Science	Academia	ethicist	1	1	1	literal_substring_stata_strpos	4	86	Data_Construction/wikidata/prog_occ.do	56
Usher	7	1497	Other	Worker/Business (small)	_usher_	1	1	1	literal_substring_stata_strpos	12	65	Data_Construction/wikidata/prog_occ.do	64
Financial Analyst	7	1514	Other	Worker/Business (small)	analyst	0	1	1	literal_substring_stata_strpos	12	82	Data_Construction/wikidata/prog_occ.do	64
Tenant farmer	7	1589	Other	Worker/Business (small)	farmer	0	1	1	literal_substring_stata_strpos	12	157	Data_Construction/wikidata/prog_occ.do	64
Plastic Surgeon	7	873	Discovery/Science	Academia	plastic_surgeon	1	1	1	literal_substring_stata_strpos	4	210	Data_Construction/wikidata/prog_occ.do	56
Plastic Surgeon	7	908	Discovery/Science	Academia	surgeon	0	0	0	literal_substring_stata_strpos	4	245	Data_Construction/wikidata/prog_occ.do	56
Director of audiography	7	574	Culture	Culture-periphery	_audio	0	1	1	literal_substring_stata_strpos	3	5	Data_Construction/wikidata/prog_occ.do	55
Gossip columnist	6	597	Culture	Culture-periphery	columnist	0	1	1	literal_substring_stata_strpos	3	28	Data_Construction/wikidata/prog_occ.do	55
Ethnomusicologist	6	664	Discovery/Science	Academia	musicologist	0	1	1	literal_substring_stata_strpos	4	1	Data_Construction/wikidata/prog_occ.do	56
Executioner	6	1388	Leadership	Military	executioner	1	1	1	literal_substring_stata_strpos	11	26	Data_Construction/wikidata/prog_occ.do	59
Muralist	6	635	Culture	Culture-periphery	muralist	1	1	1	literal_substring_stata_strpos	3	66	Data_Construction/wikidata/prog_occ.do	55
Furniture Designer	6	606	Culture	Culture-periphery	designer	0	1	1	literal_substring_stata_strpos	3	37	Data_Construction/wikidata/prog_occ.do	55
Railroad engineer	6	1187	Discovery/Science	Explorer/Inventor/Developer	engineer	0	1	1	literal_substring_stata_strpos	8	12	Data_Construction/wikidata/prog_occ.do	62
Railroad engineer	6	1677	Other	Worker/Business (small)	railroad	0	1	0	literal_substring_stata_strpos	12	245	Data_Construction/wikidata/prog_occ.do	64
Auctioneer	6	1519	Other	Worker/Business (small)	auctioneer	1	1	1	literal_substring_stata_strpos	12	87	Data_Construction/wikidata/prog_occ.do	64
Evolutionary Biologist	6	705	Discovery/Science	Academia	biologist	0	1	1	literal_substring_stata_strpos	4	42	Data_Construction/wikidata/prog_occ.do	56
Online Marketing Professional	6	1649	Other	Worker/Business (small)	marketing	0	1	1	literal_substring_stata_strpos	12	217	Data_Construction/wikidata/prog_occ.do	64
Switchboard operator	6	1661	Other	Worker/Business (small)	operator	0	1	1	literal_substring_stata_strpos	12	229	Data_Construction/wikidata/prog_occ.do	64
Fight Choreographer	6	382	Culture	Culture-core	choreographer	0	1	1	literal_substring_stata_strpos	2	80	Data_Construction/wikidata/prog_occ.do	54
Corporate lawyer	6	1053	Leadership	Administration/Law	_lawyer	0	1	1	literal_substring_stata_strpos	6	7	Data_Construction/wikidata/prog_occ.do	58
Gynecologist	6	735	Discovery/Science	Academia	ecologist	0	0	1	literal_substring_stata_strpos	4	72	Data_Construction/wikidata/prog_occ.do	56
Gynecologist	6	772	Discovery/Science	Academia	gynecologist	1	1	0	literal_substring_stata_strpos	4	109	Data_Construction/wikidata/prog_occ.do	56
Gynecologist	6	968	Leadership	Politics	ecologist	0	0	0	literal_substring_stata_strpos	5	41	Data_Construction/wikidata/prog_occ.do	57
Counselor	6	1571	Other	Worker/Business (small)	counselor	1	1	1	literal_substring_stata_strpos	12	139	Data_Construction/wikidata/prog_occ.do	64
Kindergarten Teacher	6	910	Discovery/Science	Academia	teacher_	0	1	1	literal_substring_stata_strpos	4	247	Data_Construction/wikidata/prog_occ.do	56
Shoemaker	6	1491	Other	Worker/Business (small)	_shoemaker	1	1	1	literal_substring_stata_strpos	12	59	Data_Construction/wikidata/prog_occ.do	64
Bounty hunter	6	1465	Other	Worker/Business (small)	_hunter	0	1	1	literal_substring_stata_strpos	12	33	Data_Construction/wikidata/prog_occ.do	64
Instructor	6	794	Discovery/Science	Academia	instructor	1	1	1	literal_substring_stata_strpos	4	131	Data_Construction/wikidata/prog_occ.do	56
Chauffeur	6	1443	Other	Worker/Business (small)	_chauffeur	1	1	1	literal_substring_stata_strpos	12	11	Data_Construction/wikidata/prog_occ.do	64
Music publisher (Profession) #1	6	325	Culture	Culture-core	_music	0	1	1	literal_substring_stata_strpos	2	23	Data_Construction/wikidata/prog_occ.do	54
Music publisher (Profession) #1	6	643	Culture	Culture-periphery	publisher	0	1	0	literal_substring_stata_strpos	3	74	Data_Construction/wikidata/prog_occ.do	55
Professional Chess Player	6	5	Sports/Games	Sports/Games	_chess	0	1	1	literal_substring_stata_strpos	1	5	Data_Construction/wikidata/prog_occ.do	53
Professional Chess Player	6	189	Sports/Games	Sports/Games	player	0	1	0	literal_substring_stata_strpos	1	189	Data_Construction/wikidata/prog_occ.do	53
Military Leader	6	1407	Leadership	Military	militar	0	1	1	literal_substring_stata_strpos	11	45	Data_Construction/wikidata/prog_occ.do	59
Cook (Profession) #121	6	1449	Other	Worker/Business (small)	_cook_	0	1	1	literal_substring_stata_strpos	12	17	Data_Construction/wikidata/prog_occ.do	64
Traveler	6	1208	Discovery/Science	Explorer/Inventor/Developer	traveler	1	1	1	literal_substring_stata_strpos	8	33	Data_Construction/wikidata/prog_occ.do	62
Bus driver	6	9	Sports/Games	Sports/Games	_driver_	0	1	1	literal_substring_stata_strpos	1	9	Data_Construction/wikidata/prog_occ.do	53
Fashion Photographer	6	491	Culture	Culture-core	photographer	0	1	1	literal_substring_stata_strpos	2	189	Data_Construction/wikidata/prog_occ.do	54
Conservator-restorer	6	649	Culture	Culture-periphery	restorer	0	1	1	literal_substring_stata_strpos	3	80	Data_Construction/wikidata/prog_occ.do	55
Watchmaker	6	1711	Other	Worker/Business (small)	watchmaker	1	1	1	literal_substring_stata_strpos	12	279	Data_Construction/wikidata/prog_occ.do	64
Travel writer	6	343	Culture	Culture-core	_writer	0	1	1	literal_substring_stata_strpos	2	41	Data_Construction/wikidata/prog_occ.do	54
Interior Decorator	6	605	Culture	Culture-periphery	decorator	0	1	1	literal_substring_stata_strpos	3	36	Data_Construction/wikidata/prog_occ.do	55
Courtier	6	1572	Other	Worker/Business (small)	courtier	1	1	1	literal_substring_stata_strpos	12	140	Data_Construction/wikidata/prog_occ.do	64
Oceanographer	6	832	Discovery/Science	Academia	oceanographer	1	1	1	literal_substring_stata_strpos	4	169	Data_Construction/wikidata/prog_occ.do	56
Brewer	6	1541	Other	Worker/Business (small)	brewer	1	1	1	literal_substring_stata_strpos	12	109	Data_Construction/wikidata/prog_occ.do	64
Geophysicist	6	868	Discovery/Science	Academia	physicist	0	1	1	literal_substring_stata_strpos	4	205	Data_Construction/wikidata/prog_occ.do	56
Street artist	6	304	Culture	Culture-core	_artist	0	1	1	literal_substring_stata_strpos	2	2	Data_Construction/wikidata/prog_occ.do	54
Rodeo performer	6	217	Sports/Games	Sports/Games	rodeo	0	1	1	literal_substring_stata_strpos	1	217	Data_Construction/wikidata/prog_occ.do	53
Rodeo performer	6	488	Culture	Culture-core	performer	0	1	0	literal_substring_stata_strpos	2	186	Data_Construction/wikidata/prog_occ.do	54
Web Developer	6	1184	Discovery/Science	Explorer/Inventor/Developer	developer	0	1	1	literal_substring_stata_strpos	8	9	Data_Construction/wikidata/prog_occ.do	62
Breeder	5	1439	Other	Worker/Business (small)	_breeder	1	1	1	literal_substring_stata_strpos	12	7	Data_Construction/wikidata/prog_occ.do	64
Son of the Storm God	5	1724	Other	Family	_son_	0	1	1	literal_substring_stata_strpos	13	6	Data_Construction/wikidata/prog_occ.do	65
Warrior	5	1430	Leadership	Military	warrior	1	1	1	literal_substring_stata_strpos	11	68	Data_Construction/wikidata/prog_occ.do	59
Crystallographer	5	726	Discovery/Science	Academia	crystallographer	1	1	1	literal_substring_stata_strpos	4	63	Data_Construction/wikidata/prog_occ.do	56
Foreman	5	1459	Other	Worker/Business (small)	_foreman	1	1	1	literal_substring_stata_strpos	12	27	Data_Construction/wikidata/prog_occ.do	64
Caricaturist	5	594	Culture	Culture-periphery	caricaturist	1	1	1	literal_substring_stata_strpos	3	25	Data_Construction/wikidata/prog_occ.do	55
Theoretical Physicist	5	868	Discovery/Science	Academia	physicist	0	1	1	literal_substring_stata_strpos	4	205	Data_Construction/wikidata/prog_occ.do	56
Anatomist	5	681	Discovery/Science	Academia	anatomist	1	1	1	literal_substring_stata_strpos	4	18	Data_Construction/wikidata/prog_occ.do	56
College gymnast	5	123	Sports/Games	Sports/Games	gymnast	0	1	1	literal_substring_stata_strpos	1	123	Data_Construction/wikidata/prog_occ.do	53
Pharmacologist	5	856	Discovery/Science	Academia	pharmacologist	1	1	1	literal_substring_stata_strpos	4	193	Data_Construction/wikidata/prog_occ.do	56
Pamphleteer	5	1007	Leadership	Politics	pamphleteer	1	1	1	literal_substring_stata_strpos	5	80	Data_Construction/wikidata/prog_occ.do	57
Gospel singer	5	529	Culture	Culture-core	singer	0	1	1	literal_substring_stata_strpos	2	227	Data_Construction/wikidata/prog_occ.do	54
Patent attorney	5	1060	Leadership	Administration/Law	attorney	0	1	1	literal_substring_stata_strpos	6	14	Data_Construction/wikidata/prog_occ.do	58
Patent attorney	5	1201	Discovery/Science	Explorer/Inventor/Developer	patent	0	1	0	literal_substring_stata_strpos	8	26	Data_Construction/wikidata/prog_occ.do	62
Customs officer	5	1412	Leadership	Military	officer_	0	1	1	literal_substring_stata_strpos	11	50	Data_Construction/wikidata/prog_occ.do	59
Diarist	5	315	Culture	Culture-core	_diarist_	1	1	1	literal_substring_stata_strpos	2	13	Data_Construction/wikidata/prog_occ.do	54
Magician (Profession) #81	5	1833	Other	Other	magic	0	1	1	literal_substring_stata_strpos	14	88	Data_Construction/wikidata/prog_occ.do	66
Music Historian	5	325	Culture	Culture-core	_music	0	1	1	literal_substring_stata_strpos	2	23	Data_Construction/wikidata/prog_occ.do	54
Music Historian	5	783	Discovery/Science	Academia	historian	0	1	0	literal_substring_stata_strpos	4	120	Data_Construction/wikidata/prog_occ.do	56
Shoe designer	5	606	Culture	Culture-periphery	designer	0	1	1	literal_substring_stata_strpos	3	37	Data_Construction/wikidata/prog_occ.do	55
Pastoralist	5	1341	Leadership	Religious	pastor	0	1	1	literal_substring_stata_strpos	10	91	Data_Construction/wikidata/prog_occ.do	61
Compositor	5	399	Culture	Culture-core	compositor	1	1	1	literal_substring_stata_strpos	2	97	Data_Construction/wikidata/prog_occ.do	54
Housekeeper	5	1624	Other	Worker/Business (small)	housekeeper	1	1	1	literal_substring_stata_strpos	12	192	Data_Construction/wikidata/prog_occ.do	64
Certified Public Accountant	5	1504	Other	Worker/Business (small)	accountant	0	1	1	literal_substring_stata_strpos	12	72	Data_Construction/wikidata/prog_occ.do	64
Educationalist	5	737	Discovery/Science	Academia	education	0	1	1	literal_substring_stata_strpos	4	74	Data_Construction/wikidata/prog_occ.do	56
Paralegal	5	1089	Leadership	Administration/Law	paralegal	1	1	1	literal_substring_stata_strpos	6	43	Data_Construction/wikidata/prog_occ.do	58
Radio writer	5	343	Culture	Culture-core	_writer	0	1	1	literal_substring_stata_strpos	2	41	Data_Construction/wikidata/prog_occ.do	54
Radio writer	5	579	Culture	Culture-periphery	_radio_	0	1	0	literal_substring_stata_strpos	3	10	Data_Construction/wikidata/prog_occ.do	55
Newspaper publisher	5	643	Culture	Culture-periphery	publisher	0	1	1	literal_substring_stata_strpos	3	74	Data_Construction/wikidata/prog_occ.do	55
Retailer	5	1488	Other	Worker/Business (small)	_retailer	1	1	1	literal_substring_stata_strpos	12	56	Data_Construction/wikidata/prog_occ.do	64
Level 10 gymnast	5	123	Sports/Games	Sports/Games	gymnast	0	1	1	literal_substring_stata_strpos	1	123	Data_Construction/wikidata/prog_occ.do	53
Saxophone player	5	189	Sports/Games	Sports/Games	player	0	1	1	literal_substring_stata_strpos	1	189	Data_Construction/wikidata/prog_occ.do	53
Saxophone player	5	517	Culture	Culture-core	saxophone	0	1	0	literal_substring_stata_strpos	2	215	Data_Construction/wikidata/prog_occ.do	54
Climber	5	74	Sports/Games	Sports/Games	climb	0	1	1	literal_substring_stata_strpos	1	74	Data_Construction/wikidata/prog_occ.do	53
Ecologist	5	735	Discovery/Science	Academia	ecologist	1	1	1	literal_substring_stata_strpos	4	72	Data_Construction/wikidata/prog_occ.do	56
Ecologist	5	968	Leadership	Politics	ecologist	1	1	0	literal_substring_stata_strpos	5	41	Data_Construction/wikidata/prog_occ.do	57
Syndicated columnist	5	597	Culture	Culture-periphery	columnist	0	1	1	literal_substring_stata_strpos	3	28	Data_Construction/wikidata/prog_occ.do	55
Speech therapist	5	916	Discovery/Science	Academia	therapist	0	1	1	literal_substring_stata_strpos	4	253	Data_Construction/wikidata/prog_occ.do	56
Video Artist	5	304	Culture	Culture-core	_artist	0	1	1	literal_substring_stata_strpos	2	2	Data_Construction/wikidata/prog_occ.do	54
Bowler	5	58	Sports/Games	Sports/Games	bowler	1	1	1	literal_substring_stata_strpos	1	58	Data_Construction/wikidata/prog_occ.do	53
Voice coach	5	75	Sports/Games	Sports/Games	coach	0	1	1	literal_substring_stata_strpos	1	75	Data_Construction/wikidata/prog_occ.do	53
Production Manager (Band)	5	508	Culture	Culture-core	production_manager	0	1	1	literal_substring_stata_strpos	2	206	Data_Construction/wikidata/prog_occ.do	54
Production Manager (Band)	5	1234	Leadership	Corporate/Executive/Business (large)	manager	0	1	0	literal_substring_stata_strpos	9	26	Data_Construction/wikidata/prog_occ.do	63
Gymnastics Coach	5	75	Sports/Games	Sports/Games	coach	0	1	1	literal_substring_stata_strpos	1	75	Data_Construction/wikidata/prog_occ.do	53
Gymnastics Coach	5	123	Sports/Games	Sports/Games	gymnast	0	1	0	literal_substring_stata_strpos	1	123	Data_Construction/wikidata/prog_occ.do	53
Public Relations Executive	5	1223	Leadership	Corporate/Executive/Business (large)	executive	0	1	1	literal_substring_stata_strpos	9	15	Data_Construction/wikidata/prog_occ.do	63
Fine art artist	5	304	Culture	Culture-core	_artist	0	1	1	literal_substring_stata_strpos	2	2	Data_Construction/wikidata/prog_occ.do	54
Executive officer	5	1223	Leadership	Corporate/Executive/Business (large)	executive	0	1	1	literal_substring_stata_strpos	9	15	Data_Construction/wikidata/prog_occ.do	63
Executive officer	5	1412	Leadership	Military	officer_	0	1	0	literal_substring_stata_strpos	11	50	Data_Construction/wikidata/prog_occ.do	59
Flamenco Dancer	5	410	Culture	Culture-core	dancer	0	1	1	literal_substring_stata_strpos	2	108	Data_Construction/wikidata/prog_occ.do	54
Wrestling Promoter	5	299	Sports/Games	Sports/Games	wrestling	0	1	1	literal_substring_stata_strpos	1	299	Data_Construction/wikidata/prog_occ.do	53
Welder	5	1501	Other	Worker/Business (small)	_welder_	1	1	1	literal_substring_stata_strpos	12	69	Data_Construction/wikidata/prog_occ.do	64
Lifeguard	5	1641	Other	Worker/Business (small)	lifeguard	1	1	1	literal_substring_stata_strpos	12	209	Data_Construction/wikidata/prog_occ.do	64
Stunt Double	5	340	Culture	Culture-core	_stunt_	0	1	1	literal_substring_stata_strpos	2	38	Data_Construction/wikidata/prog_occ.do	54
Ironmaster	5	1628	Other	Worker/Business (small)	ironmaster	1	1	1	literal_substring_stata_strpos	12	196	Data_Construction/wikidata/prog_occ.do	64
Cartographer	5	714	Discovery/Science	Academia	cartographer	1	1	1	literal_substring_stata_strpos	4	51	Data_Construction/wikidata/prog_occ.do	56
Weaver	5	1500	Other	Worker/Business (small)	_weaver_	1	1	1	literal_substring_stata_strpos	12	68	Data_Construction/wikidata/prog_occ.do	64
Cognitive scientist	5	894	Discovery/Science	Academia	scientist	0	1	1	literal_substring_stata_strpos	4	231	Data_Construction/wikidata/prog_occ.do	56
Tennis coach	5	75	Sports/Games	Sports/Games	coach	0	1	1	literal_substring_stata_strpos	1	75	Data_Construction/wikidata/prog_occ.do	53
Tennis coach	5	271	Sports/Games	Sports/Games	tennis	0	1	0	literal_substring_stata_strpos	1	271	Data_Construction/wikidata/prog_occ.do	53
Rally Driver	5	9	Sports/Games	Sports/Games	_driver_	0	1	1	literal_substring_stata_strpos	1	9	Data_Construction/wikidata/prog_occ.do	53
Furniture Maker	5	619	Culture	Culture-periphery	furniture_maker	1	1	1	literal_substring_stata_strpos	3	50	Data_Construction/wikidata/prog_occ.do	55
Still Photographer	5	491	Culture	Culture-core	photographer	0	1	1	literal_substring_stata_strpos	2	189	Data_Construction/wikidata/prog_occ.do	54
Internist	5	797	Discovery/Science	Academia	internist	1	1	1	literal_substring_stata_strpos	4	134	Data_Construction/wikidata/prog_occ.do	56
Psychic	5	1864	Other	Other	psychic	1	1	1	literal_substring_stata_strpos	14	119	Data_Construction/wikidata/prog_occ.do	66
Web Analyst	5	1514	Other	Worker/Business (small)	analyst	0	1	1	literal_substring_stata_strpos	12	82	Data_Construction/wikidata/prog_occ.do	64
Seaman	5	1177	Discovery/Science	Explorer/Inventor/Developer	_seaman	1	1	1	literal_substring_stata_strpos	8	2	Data_Construction/wikidata/prog_occ.do	62
Criminologist	5	724	Discovery/Science	Academia	criminologist	1	1	1	literal_substring_stata_strpos	4	61	Data_Construction/wikidata/prog_occ.do	56
General practitioner	5	759	Discovery/Science	Academia	general_practitioner	1	1	1	literal_substring_stata_strpos	4	96	Data_Construction/wikidata/prog_occ.do	56
Music publisher	5	325	Culture	Culture-core	_music	0	1	1	literal_substring_stata_strpos	2	23	Data_Construction/wikidata/prog_occ.do	54
Music publisher	5	643	Culture	Culture-periphery	publisher	0	1	0	literal_substring_stata_strpos	3	74	Data_Construction/wikidata/prog_occ.do	55
Egyptologist	5	739	Discovery/Science	Academia	egyptologist	1	1	1	literal_substring_stata_strpos	4	76	Data_Construction/wikidata/prog_occ.do	56
Literary Scholar	5	323	Culture	Culture-core	_literary_	0	1	1	literal_substring_stata_strpos	2	21	Data_Construction/wikidata/prog_occ.do	54
Literary Scholar	5	890	Discovery/Science	Academia	scholar	0	1	0	literal_substring_stata_strpos	4	227	Data_Construction/wikidata/prog_occ.do	56
Guru	5	1257	Leadership	Religious	_guru_	1	1	1	literal_substring_stata_strpos	10	7	Data_Construction/wikidata/prog_occ.do	61
Microbiologist	5	705	Discovery/Science	Academia	biologist	0	1	1	literal_substring_stata_strpos	4	42	Data_Construction/wikidata/prog_occ.do	56
Flight instructor	5	794	Discovery/Science	Academia	instructor	0	1	1	literal_substring_stata_strpos	4	131	Data_Construction/wikidata/prog_occ.do	56
Marketing Consultant	5	1566	Other	Worker/Business (small)	consultant	0	1	1	literal_substring_stata_strpos	12	134	Data_Construction/wikidata/prog_occ.do	64
Marketing Consultant	5	1649	Other	Worker/Business (small)	marketing	0	1	0	literal_substring_stata_strpos	12	217	Data_Construction/wikidata/prog_occ.do	64
Internet Entrepreneur	5	1222	Leadership	Corporate/Executive/Business (large)	entrepreneur	0	1	1	literal_substring_stata_strpos	9	14	Data_Construction/wikidata/prog_occ.do	63
Cantor	5	370	Culture	Culture-core	cantor	1	1	1	literal_substring_stata_strpos	2	68	Data_Construction/wikidata/prog_occ.do	54
Sports analyst	5	24	Sports/Games	Sports/Games	_sport	0	1	1	literal_substring_stata_strpos	1	24	Data_Construction/wikidata/prog_occ.do	53
Sports analyst	5	1514	Other	Worker/Business (small)	analyst	0	1	0	literal_substring_stata_strpos	12	82	Data_Construction/wikidata/prog_occ.do	64
Strongman	5	261	Sports/Games	Sports/Games	strongman	1	1	1	literal_substring_stata_strpos	1	261	Data_Construction/wikidata/prog_occ.do	53
Lama	4	1258	Leadership	Religious	_lama_	1	1	1	literal_substring_stata_strpos	10	8	Data_Construction/wikidata/prog_occ.do	61
Promotional Model	4	577	Culture	Culture-periphery	_model_	0	1	1	literal_substring_stata_strpos	3	8	Data_Construction/wikidata/prog_occ.do	55
Website content writer	4	343	Culture	Culture-core	_writer	0	1	1	literal_substring_stata_strpos	2	41	Data_Construction/wikidata/prog_occ.do	54
Media consultant	4	576	Culture	Culture-periphery	_media	0	1	1	literal_substring_stata_strpos	3	7	Data_Construction/wikidata/prog_occ.do	55
Media consultant	4	1566	Other	Worker/Business (small)	consultant	0	1	0	literal_substring_stata_strpos	12	134	Data_Construction/wikidata/prog_occ.do	64
Eastern Roman Emperor	4	1139	Leadership	Nobility	emperor	0	1	1	literal_substring_stata_strpos	7	31	Data_Construction/wikidata/prog_occ.do	60
Sommelier	4	1690	Other	Worker/Business (small)	sommelier	1	1	1	literal_substring_stata_strpos	12	258	Data_Construction/wikidata/prog_occ.do	64
Web designer	4	606	Culture	Culture-periphery	designer	0	0	1	literal_substring_stata_strpos	3	37	Data_Construction/wikidata/prog_occ.do	55
Web designer	4	661	Culture	Culture-periphery	web_designer	1	1	0	literal_substring_stata_strpos	3	92	Data_Construction/wikidata/prog_occ.do	55
Foley Artist	4	304	Culture	Culture-core	_artist	0	1	1	literal_substring_stata_strpos	2	2	Data_Construction/wikidata/prog_occ.do	54
Court clerk	4	1446	Other	Worker/Business (small)	_clerk	0	1	1	literal_substring_stata_strpos	12	14	Data_Construction/wikidata/prog_occ.do	64
Officer of the court	4	1412	Leadership	Military	officer_	0	1	1	literal_substring_stata_strpos	11	50	Data_Construction/wikidata/prog_occ.do	59
Technical advisor	4	940	Leadership	Politics	advisor	0	1	1	literal_substring_stata_strpos	5	13	Data_Construction/wikidata/prog_occ.do	57
Stenographer	4	542	Culture	Culture-core	stenographer	1	1	1	literal_substring_stata_strpos	2	240	Data_Construction/wikidata/prog_occ.do	54
Slave	4	1767	Other	Other	_slave_	1	1	1	literal_substring_stata_strpos	14	22	Data_Construction/wikidata/prog_occ.do	66
Digital Compositor	4	399	Culture	Culture-core	compositor	0	1	1	literal_substring_stata_strpos	2	97	Data_Construction/wikidata/prog_occ.do	54
Developmental Biologist	4	705	Discovery/Science	Academia	biologist	0	1	1	literal_substring_stata_strpos	4	42	Data_Construction/wikidata/prog_occ.do	56
Intellectual	4	795	Discovery/Science	Academia	intellectual	1	1	1	literal_substring_stata_strpos	4	132	Data_Construction/wikidata/prog_occ.do	56
Hypnotherapist	4	916	Discovery/Science	Academia	therapist	0	1	1	literal_substring_stata_strpos	4	253	Data_Construction/wikidata/prog_occ.do	56
Engineering technologist	4	1187	Discovery/Science	Explorer/Inventor/Developer	engineer	0	1	1	literal_substring_stata_strpos	8	12	Data_Construction/wikidata/prog_occ.do	62
Belly Dancer	4	410	Culture	Culture-core	dancer	0	1	1	literal_substring_stata_strpos	2	108	Data_Construction/wikidata/prog_occ.do	54
Hazzan	4	1312	Leadership	Religious	hazzan	1	1	1	literal_substring_stata_strpos	10	62	Data_Construction/wikidata/prog_occ.do	61
Oncologist	4	833	Discovery/Science	Academia	oncologist	1	1	1	literal_substring_stata_strpos	4	170	Data_Construction/wikidata/prog_occ.do	56
Civil Rights Advocate	4	952	Leadership	Politics	civil_rights	0	1	1	literal_substring_stata_strpos	5	25	Data_Construction/wikidata/prog_occ.do	57
Civil Rights Advocate	4	1058	Leadership	Administration/Law	advocate	0	1	0	literal_substring_stata_strpos	6	12	Data_Construction/wikidata/prog_occ.do	58
Music Journalist	4	325	Culture	Culture-core	_music	0	1	1	literal_substring_stata_strpos	2	23	Data_Construction/wikidata/prog_occ.do	54
Music Journalist	4	629	Culture	Culture-periphery	journalist	0	1	0	literal_substring_stata_strpos	3	60	Data_Construction/wikidata/prog_occ.do	55
Software Architect	4	586	Culture	Culture-periphery	architect	0	1	1	literal_substring_stata_strpos	3	17	Data_Construction/wikidata/prog_occ.do	55
Visual Effects Producer	4	506	Culture	Culture-core	producer	0	1	1	literal_substring_stata_strpos	2	204	Data_Construction/wikidata/prog_occ.do	54
Visual Effects Producer	4	566	Culture	Culture-core	visual_effects	0	1	0	literal_substring_stata_strpos	2	264	Data_Construction/wikidata/prog_occ.do	54
Cultural Historian	4	783	Discovery/Science	Academia	historian	0	1	1	literal_substring_stata_strpos	4	120	Data_Construction/wikidata/prog_occ.do	56
Multimedia artist	4	304	Culture	Culture-core	_artist	0	1	1	literal_substring_stata_strpos	2	2	Data_Construction/wikidata/prog_occ.do	54
Lithographer	4	460	Culture	Culture-core	lithographer	1	1	1	literal_substring_stata_strpos	2	158	Data_Construction/wikidata/prog_occ.do	54
Duchess	4	1135	Leadership	Nobility	duchess	1	1	1	literal_substring_stata_strpos	7	27	Data_Construction/wikidata/prog_occ.do	60
Military Historian	4	783	Discovery/Science	Academia	historian	0	1	1	literal_substring_stata_strpos	4	120	Data_Construction/wikidata/prog_occ.do	56
Military Historian	4	1407	Leadership	Military	militar	0	1	0	literal_substring_stata_strpos	11	45	Data_Construction/wikidata/prog_occ.do	59
Textile designer	4	606	Culture	Culture-periphery	designer	0	1	1	literal_substring_stata_strpos	3	37	Data_Construction/wikidata/prog_occ.do	55
Gamer	4	12	Sports/Games	Sports/Games	_game	0	1	1	literal_substring_stata_strpos	1	12	Data_Construction/wikidata/prog_occ.do	53
Visual Effects Designer	4	566	Culture	Culture-core	visual_effects	0	1	1	literal_substring_stata_strpos	2	264	Data_Construction/wikidata/prog_occ.do	54
Visual Effects Designer	4	606	Culture	Culture-periphery	designer	0	1	0	literal_substring_stata_strpos	3	37	Data_Construction/wikidata/prog_occ.do	55
Unit production manager	4	508	Culture	Culture-core	production_manager	0	1	1	literal_substring_stata_strpos	2	206	Data_Construction/wikidata/prog_occ.do	54
Unit production manager	4	1234	Leadership	Corporate/Executive/Business (large)	manager	0	1	0	literal_substring_stata_strpos	9	26	Data_Construction/wikidata/prog_occ.do	63
Theatre practitioner	4	550	Culture	Culture-core	theatre	0	1	1	literal_substring_stata_strpos	2	248	Data_Construction/wikidata/prog_occ.do	54
Plumber	4	1482	Other	Worker/Business (small)	_plumber	1	1	1	literal_substring_stata_strpos	12	50	Data_Construction/wikidata/prog_occ.do	64
Technical writer	4	343	Culture	Culture-core	_writer	0	1	1	literal_substring_stata_strpos	2	41	Data_Construction/wikidata/prog_occ.do	54
Public Relations Consultant	4	1566	Other	Worker/Business (small)	consultant	0	1	1	literal_substring_stata_strpos	12	134	Data_Construction/wikidata/prog_occ.do	64
Ballet Teacher	4	355	Culture	Culture-core	ballet	0	1	1	literal_substring_stata_strpos	2	53	Data_Construction/wikidata/prog_occ.do	54
Ballet Teacher	4	910	Discovery/Science	Academia	teacher_	0	1	0	literal_substring_stata_strpos	4	247	Data_Construction/wikidata/prog_occ.do	56
Arts Administrator	4	305	Culture	Culture-core	_arts_	0	1	1	literal_substring_stata_strpos	2	3	Data_Construction/wikidata/prog_occ.do	54
Arts Administrator	4	1047	Leadership	Administration/Law	administrator	0	1	0	literal_substring_stata_strpos	6	1	Data_Construction/wikidata/prog_occ.do	58
Goldsmith	4	621	Culture	Culture-periphery	goldsmith	1	1	1	literal_substring_stata_strpos	3	52	Data_Construction/wikidata/prog_occ.do	55
Endocrinologist	4	743	Discovery/Science	Academia	endocrinologist	1	1	1	literal_substring_stata_strpos	4	80	Data_Construction/wikidata/prog_occ.do	56
Pastry chef	4	1444	Other	Worker/Business (small)	_chef_	0	0	1	literal_substring_stata_strpos	12	12	Data_Construction/wikidata/prog_occ.do	64
Pastry chef	4	1666	Other	Worker/Business (small)	pastry_chef	1	1	0	literal_substring_stata_strpos	12	234	Data_Construction/wikidata/prog_occ.do	64
Script editor	4	332	Culture	Culture-core	_script_	0	1	1	literal_substring_stata_strpos	2	30	Data_Construction/wikidata/prog_occ.do	54
Script editor	4	612	Culture	Culture-periphery	editor	0	1	0	literal_substring_stata_strpos	3	43	Data_Construction/wikidata/prog_occ.do	55
Japanese idol	4	322	Culture	Culture-core	_idol_	0	1	1	literal_substring_stata_strpos	2	20	Data_Construction/wikidata/prog_occ.do	54
Farmworker	4	1716	Other	Worker/Business (small)	worker	0	1	1	literal_substring_stata_strpos	12	284	Data_Construction/wikidata/prog_occ.do	64
Conquistador	4	1182	Discovery/Science	Explorer/Inventor/Developer	conquistador	1	1	1	literal_substring_stata_strpos	8	7	Data_Construction/wikidata/prog_occ.do	62
Juggler	4	454	Culture	Culture-core	juggler	1	1	1	literal_substring_stata_strpos	2	152	Data_Construction/wikidata/prog_occ.do	54
Bard	4	307	Culture	Culture-core	_bard_	1	1	1	literal_substring_stata_strpos	2	5	Data_Construction/wikidata/prog_occ.do	54
Chartered Accountant	4	1504	Other	Worker/Business (small)	accountant	0	1	1	literal_substring_stata_strpos	12	72	Data_Construction/wikidata/prog_occ.do	64
Military aviator	4	1373	Leadership	Military	aviator	0	1	1	literal_substring_stata_strpos	11	11	Data_Construction/wikidata/prog_occ.do	59
Military aviator	4	1407	Leadership	Military	militar	0	1	0	literal_substring_stata_strpos	11	45	Data_Construction/wikidata/prog_occ.do	59
Tax collector	4	391	Culture	Culture-core	collector	0	1	1	literal_substring_stata_strpos	2	89	Data_Construction/wikidata/prog_occ.do	54
Graffiti artist	4	304	Culture	Culture-core	_artist	0	1	1	literal_substring_stata_strpos	2	2	Data_Construction/wikidata/prog_occ.do	54
Special Effects Supervisor	4	537	Culture	Culture-core	special_effects	0	1	1	literal_substring_stata_strpos	2	235	Data_Construction/wikidata/prog_occ.do	54
Planter	4	1480	Other	Worker/Business (small)	_planter	1	1	1	literal_substring_stata_strpos	12	48	Data_Construction/wikidata/prog_occ.do	64
Auditor	4	1520	Other	Worker/Business (small)	auditor	1	1	1	literal_substring_stata_strpos	12	88	Data_Construction/wikidata/prog_occ.do	64
Senior SEO Manager	4	1234	Leadership	Corporate/Executive/Business (large)	manager	0	1	1	literal_substring_stata_strpos	9	26	Data_Construction/wikidata/prog_occ.do	63
Political Economist	4	736	Discovery/Science	Academia	economist	0	1	1	literal_substring_stata_strpos	4	73	Data_Construction/wikidata/prog_occ.do	56
Political Economist	4	1013	Leadership	Politics	political	0	1	0	literal_substring_stata_strpos	5	86	Data_Construction/wikidata/prog_occ.do	57
Adventurer	4	1178	Discovery/Science	Explorer/Inventor/Developer	adventurer	1	1	1	literal_substring_stata_strpos	8	3	Data_Construction/wikidata/prog_occ.do	62
Game creator	4	12	Sports/Games	Sports/Games	_game	0	1	1	literal_substring_stata_strpos	1	12	Data_Construction/wikidata/prog_occ.do	53
Game creator	4	313	Culture	Culture-core	_creator_	0	1	0	literal_substring_stata_strpos	2	11	Data_Construction/wikidata/prog_occ.do	54
Video game development	4	12	Sports/Games	Sports/Games	_game	0	1	1	literal_substring_stata_strpos	1	12	Data_Construction/wikidata/prog_occ.do	53
Video game development	4	284	Sports/Games	Sports/Games	video_game	0	1	0	literal_substring_stata_strpos	1	284	Data_Construction/wikidata/prog_occ.do	53
Bibliophile	4	366	Culture	Culture-core	bibliophile	1	1	1	literal_substring_stata_strpos	2	64	Data_Construction/wikidata/prog_occ.do	54
Machinist	4	1646	Other	Worker/Business (small)	machinist	1	1	1	literal_substring_stata_strpos	12	214	Data_Construction/wikidata/prog_occ.do	64
Jazz Composer	3	398	Culture	Culture-core	composer	0	1	1	literal_substring_stata_strpos	2	96	Data_Construction/wikidata/prog_occ.do	54
Jazz Composer	3	451	Culture	Culture-core	jazz	0	1	0	literal_substring_stata_strpos	2	149	Data_Construction/wikidata/prog_occ.do	54
Drama Coach	3	75	Sports/Games	Sports/Games	coach	0	1	1	literal_substring_stata_strpos	1	75	Data_Construction/wikidata/prog_occ.do	53
Drama Coach	3	318	Culture	Culture-core	_drama	0	1	0	literal_substring_stata_strpos	2	16	Data_Construction/wikidata/prog_occ.do	54
Epidemiologist	3	746	Discovery/Science	Academia	epidemiologist	1	1	1	literal_substring_stata_strpos	4	83	Data_Construction/wikidata/prog_occ.do	56
Postmaster	3	1672	Other	Worker/Business (small)	postmaster	1	1	1	literal_substring_stata_strpos	12	240	Data_Construction/wikidata/prog_occ.do	64
Virologist	3	924	Discovery/Science	Academia	virologist	1	1	1	literal_substring_stata_strpos	4	261	Data_Construction/wikidata/prog_occ.do	56
Spiritual teacher	3	910	Discovery/Science	Academia	teacher_	0	1	1	literal_substring_stata_strpos	4	247	Data_Construction/wikidata/prog_occ.do	56
Christian Theologian	3	913	Discovery/Science	Academia	theologian	0	1	1	literal_substring_stata_strpos	4	250	Data_Construction/wikidata/prog_occ.do	56
Racketeering	3	1868	Other	Other	racketeer	0	1	1	literal_substring_stata_strpos	14	123	Data_Construction/wikidata/prog_occ.do	66
Podiatrist	3	874	Discovery/Science	Academia	podiatrist	1	1	1	literal_substring_stata_strpos	4	211	Data_Construction/wikidata/prog_occ.do	56
Concertmaster	3	400	Culture	Culture-core	concertmaster	1	1	1	literal_substring_stata_strpos	2	98	Data_Construction/wikidata/prog_occ.do	54
Actor-manager	3	303	Culture	Culture-core	_actor	0	1	1	literal_substring_stata_strpos	2	1	Data_Construction/wikidata/prog_occ.do	54
Actor-manager	3	1234	Leadership	Corporate/Executive/Business (large)	manager	0	1	0	literal_substring_stata_strpos	9	26	Data_Construction/wikidata/prog_occ.do	63
Opera conductor	3	326	Culture	Culture-core	_opera_	0	1	1	literal_substring_stata_strpos	2	24	Data_Construction/wikidata/prog_occ.do	54
Opera conductor	3	401	Culture	Culture-core	conductor	0	1	0	literal_substring_stata_strpos	2	99	Data_Construction/wikidata/prog_occ.do	54
Consort	3	1131	Leadership	Nobility	consort	1	1	1	literal_substring_stata_strpos	7	23	Data_Construction/wikidata/prog_occ.do	60
Creative consultant	3	408	Culture	Culture-core	creative	0	1	1	literal_substring_stata_strpos	2	106	Data_Construction/wikidata/prog_occ.do	54
Creative consultant	3	1566	Other	Worker/Business (small)	consultant	0	1	0	literal_substring_stata_strpos	12	134	Data_Construction/wikidata/prog_occ.do	64
Biophysicist	3	868	Discovery/Science	Academia	physicist	0	1	1	literal_substring_stata_strpos	4	205	Data_Construction/wikidata/prog_occ.do	56
Seismologist	3	895	Discovery/Science	Academia	seismologist	1	1	1	literal_substring_stata_strpos	4	232	Data_Construction/wikidata/prog_occ.do	56
Classicist	3	667	Discovery/Science	Academia	_classicist_	1	1	1	literal_substring_stata_strpos	4	4	Data_Construction/wikidata/prog_occ.do	56
Nurse midwife	3	828	Discovery/Science	Academia	nurse	0	1	1	literal_substring_stata_strpos	4	165	Data_Construction/wikidata/prog_occ.do	56
Nurse midwife	3	1655	Other	Worker/Business (small)	midwife	0	1	0	literal_substring_stata_strpos	12	223	Data_Construction/wikidata/prog_occ.do	64
Legal secretary	3	1022	Leadership	Politics	secretary	0	1	1	literal_substring_stata_strpos	5	95	Data_Construction/wikidata/prog_occ.do	57
Jeweller (Film job)	3	1632	Other	Worker/Business (small)	jeweller	0	1	1	literal_substring_stata_strpos	12	200	Data_Construction/wikidata/prog_occ.do	64
Actuary	3	1505	Other	Worker/Business (small)	actuary	1	1	1	literal_substring_stata_strpos	12	73	Data_Construction/wikidata/prog_occ.do	64
Entertainment Lawyer	3	1053	Leadership	Administration/Law	_lawyer	0	1	1	literal_substring_stata_strpos	6	7	Data_Construction/wikidata/prog_occ.do	58
Garment Worker	3	1716	Other	Worker/Business (small)	worker	0	1	1	literal_substring_stata_strpos	12	284	Data_Construction/wikidata/prog_occ.do	64
Prostitute	3	1861	Other	Other	prostitute	1	1	1	literal_substring_stata_strpos	14	116	Data_Construction/wikidata/prog_occ.do	66
Cardinal	3	1287	Leadership	Religious	cardinal	1	1	1	literal_substring_stata_strpos	10	37	Data_Construction/wikidata/prog_occ.do	61
Architectural photographer	3	491	Culture	Culture-core	photographer	0	1	1	literal_substring_stata_strpos	2	189	Data_Construction/wikidata/prog_occ.do	54
Architectural photographer	3	586	Culture	Culture-periphery	architect	0	1	0	literal_substring_stata_strpos	3	17	Data_Construction/wikidata/prog_occ.do	55
Radio jockey	3	144	Sports/Games	Sports/Games	jockey	0	1	1	literal_substring_stata_strpos	1	144	Data_Construction/wikidata/prog_occ.do	53
Radio jockey	3	579	Culture	Culture-periphery	_radio_	0	1	0	literal_substring_stata_strpos	3	10	Data_Construction/wikidata/prog_occ.do	55
Airline Pilot	3	1513	Other	Worker/Business (small)	airline_pilot	1	1	1	literal_substring_stata_strpos	12	81	Data_Construction/wikidata/prog_occ.do	64
Sculptor (Constellation)	3	525	Culture	Culture-core	sculptor	0	1	1	literal_substring_stata_strpos	2	223	Data_Construction/wikidata/prog_occ.do	54
Textile worker	3	1716	Other	Worker/Business (small)	worker	0	1	1	literal_substring_stata_strpos	12	284	Data_Construction/wikidata/prog_occ.do	64
Beekeeper	3	1433	Other	Worker/Business (small)	beekeeper	1	1	1	literal_substring_stata_strpos	12	1	Data_Construction/wikidata/prog_occ.do	64
Stock trader	3	1247	Leadership	Corporate/Executive/Business (large)	trader	0	1	1	literal_substring_stata_strpos	9	39	Data_Construction/wikidata/prog_occ.do	63
Draftsman	3	317	Culture	Culture-core	_draftsman_	1	1	1	literal_substring_stata_strpos	2	15	Data_Construction/wikidata/prog_occ.do	54
Script doctor	3	332	Culture	Culture-core	_script_	0	1	1	literal_substring_stata_strpos	2	30	Data_Construction/wikidata/prog_occ.do	54
Script doctor	3	733	Discovery/Science	Academia	doctor	0	1	0	literal_substring_stata_strpos	4	70	Data_Construction/wikidata/prog_occ.do	56
Film distributor (Profession)	3	320	Culture	Culture-core	_film_	0	1	1	literal_substring_stata_strpos	2	18	Data_Construction/wikidata/prog_occ.do	54
Neurophysiologist	3	870	Discovery/Science	Academia	physiologist	0	1	1	literal_substring_stata_strpos	4	207	Data_Construction/wikidata/prog_occ.do	56
Educational psychologist	3	737	Discovery/Science	Academia	education	0	1	1	literal_substring_stata_strpos	4	74	Data_Construction/wikidata/prog_occ.do	56
Educational psychologist	3	883	Discovery/Science	Academia	psychologist	0	1	0	literal_substring_stata_strpos	4	220	Data_Construction/wikidata/prog_occ.do	56
Clockmaker	3	1560	Other	Worker/Business (small)	clockmaker	1	1	1	literal_substring_stata_strpos	12	128	Data_Construction/wikidata/prog_occ.do	64
Hematologist	3	777	Discovery/Science	Academia	hematologist	1	1	1	literal_substring_stata_strpos	4	114	Data_Construction/wikidata/prog_occ.do	56
Special Effects Technician	3	537	Culture	Culture-core	special_effects	0	1	1	literal_substring_stata_strpos	2	235	Data_Construction/wikidata/prog_occ.do	54
Special Effects Technician	3	1698	Other	Worker/Business (small)	technician	0	1	0	literal_substring_stata_strpos	12	266	Data_Construction/wikidata/prog_occ.do	64
Corporate officer	3	1412	Leadership	Military	officer_	0	1	1	literal_substring_stata_strpos	11	50	Data_Construction/wikidata/prog_occ.do	59
Cloth merchant	3	1236	Leadership	Corporate/Executive/Business (large)	merchant	0	1	1	literal_substring_stata_strpos	9	28	Data_Construction/wikidata/prog_occ.do	63
Sports Reporter	3	24	Sports/Games	Sports/Games	_sport	0	1	1	literal_substring_stata_strpos	1	24	Data_Construction/wikidata/prog_occ.do	53
Sports Reporter	3	648	Culture	Culture-periphery	reporter	0	1	0	literal_substring_stata_strpos	3	79	Data_Construction/wikidata/prog_occ.do	55
Native American activist	3	939	Leadership	Politics	activist	0	1	1	literal_substring_stata_strpos	5	12	Data_Construction/wikidata/prog_occ.do	57
Mining Engineer	3	1187	Discovery/Science	Explorer/Inventor/Developer	engineer	0	1	1	literal_substring_stata_strpos	8	12	Data_Construction/wikidata/prog_occ.do	62
Life Coach	3	75	Sports/Games	Sports/Games	coach	0	1	1	literal_substring_stata_strpos	1	75	Data_Construction/wikidata/prog_occ.do	53
Publicist (Profession) #5	3	641	Culture	Culture-periphery	publicist	0	1	1	literal_substring_stata_strpos	3	72	Data_Construction/wikidata/prog_occ.do	55
Bioethicist	3	749	Discovery/Science	Academia	ethicist	0	1	1	literal_substring_stata_strpos	4	86	Data_Construction/wikidata/prog_occ.do	56
Network administrator	3	1047	Leadership	Administration/Law	administrator	0	1	1	literal_substring_stata_strpos	6	1	Data_Construction/wikidata/prog_occ.do	58
Medical research	3	812	Discovery/Science	Academia	medical	0	1	1	literal_substring_stata_strpos	4	149	Data_Construction/wikidata/prog_occ.do	56
Medical research	3	887	Discovery/Science	Academia	research	0	1	0	literal_substring_stata_strpos	4	224	Data_Construction/wikidata/prog_occ.do	56
News analyst	3	1514	Other	Worker/Business (small)	analyst	0	1	1	literal_substring_stata_strpos	12	82	Data_Construction/wikidata/prog_occ.do	64
Radio announcer	3	579	Culture	Culture-periphery	_radio_	0	1	1	literal_substring_stata_strpos	3	10	Data_Construction/wikidata/prog_occ.do	55
Radio announcer	3	585	Culture	Culture-periphery	announcer	0	1	0	literal_substring_stata_strpos	3	16	Data_Construction/wikidata/prog_occ.do	55
Midwife	3	1655	Other	Worker/Business (small)	midwife	1	1	1	literal_substring_stata_strpos	12	223	Data_Construction/wikidata/prog_occ.do	64
Neurosurgeon	3	908	Discovery/Science	Academia	surgeon	0	1	1	literal_substring_stata_strpos	4	245	Data_Construction/wikidata/prog_occ.do	56
Boxing Trainer	3	60	Sports/Games	Sports/Games	boxing	0	1	1	literal_substring_stata_strpos	1	60	Data_Construction/wikidata/prog_occ.do	53
Boxing Trainer	3	277	Sports/Games	Sports/Games	trainer	0	1	0	literal_substring_stata_strpos	1	277	Data_Construction/wikidata/prog_occ.do	53
Investment broker	3	1229	Leadership	Corporate/Executive/Business (large)	investment	0	1	1	literal_substring_stata_strpos	9	21	Data_Construction/wikidata/prog_occ.do	63
Investment broker	3	1543	Other	Worker/Business (small)	broker	0	1	0	literal_substring_stata_strpos	12	111	Data_Construction/wikidata/prog_occ.do	64
Children's book illustrator	3	626	Culture	Culture-periphery	illustrator	0	1	1	literal_substring_stata_strpos	3	57	Data_Construction/wikidata/prog_occ.do	55
Bookmaker	3	1536	Other	Worker/Business (small)	bookmaker	1	1	1	literal_substring_stata_strpos	12	104	Data_Construction/wikidata/prog_occ.do	64
Gambler	3	1804	Other	Other	gambler	1	1	1	literal_substring_stata_strpos	14	59	Data_Construction/wikidata/prog_occ.do	66
Nanny	3	1478	Other	Worker/Business (small)	_nanny_	1	1	1	literal_substring_stata_strpos	12	46	Data_Construction/wikidata/prog_occ.do	64
Professional Wrestling Booker	3	299	Sports/Games	Sports/Games	wrestling	0	1	1	literal_substring_stata_strpos	1	299	Data_Construction/wikidata/prog_occ.do	53
Sports Anchor	3	24	Sports/Games	Sports/Games	_sport	0	1	1	literal_substring_stata_strpos	1	24	Data_Construction/wikidata/prog_occ.do	53
Sports Anchor	3	573	Culture	Culture-periphery	_anchor_	0	1	0	literal_substring_stata_strpos	3	4	Data_Construction/wikidata/prog_occ.do	55
Railroad worker	3	1677	Other	Worker/Business (small)	railroad	0	1	1	literal_substring_stata_strpos	12	245	Data_Construction/wikidata/prog_occ.do	64
Railroad worker	3	1716	Other	Worker/Business (small)	worker	0	1	0	literal_substring_stata_strpos	12	284	Data_Construction/wikidata/prog_occ.do	64
Detective	3	1451	Other	Worker/Business (small)	_detective	1	1	1	literal_substring_stata_strpos	12	19	Data_Construction/wikidata/prog_occ.do	64
Concert Producer	3	506	Culture	Culture-core	producer	0	1	1	literal_substring_stata_strpos	2	204	Data_Construction/wikidata/prog_occ.do	54
Calligrapher	3	593	Culture	Culture-periphery	calligrapher	1	1	1	literal_substring_stata_strpos	3	24	Data_Construction/wikidata/prog_occ.do	55
Go Player	3	114	Sports/Games	Sports/Games	go_player	1	1	1	literal_substring_stata_strpos	1	114	Data_Construction/wikidata/prog_occ.do	53
Go Player	3	189	Sports/Games	Sports/Games	player	0	0	0	literal_substring_stata_strpos	1	189	Data_Construction/wikidata/prog_occ.do	53
Wine Critic	3	604	Culture	Culture-periphery	critic	0	1	1	literal_substring_stata_strpos	3	35	Data_Construction/wikidata/prog_occ.do	55
telecommunications expert	3	1564	Other	Worker/Business (small)	communication	0	1	1	literal_substring_stata_strpos	12	132	Data_Construction/wikidata/prog_occ.do	64
Historian of Science	3	783	Discovery/Science	Academia	historian	0	1	1	literal_substring_stata_strpos	4	120	Data_Construction/wikidata/prog_occ.do	56
Historian of Science	3	892	Discovery/Science	Academia	science	0	1	0	literal_substring_stata_strpos	4	229	Data_Construction/wikidata/prog_occ.do	56
Scenic Artist	3	304	Culture	Culture-core	_artist	0	0	1	literal_substring_stata_strpos	2	2	Data_Construction/wikidata/prog_occ.do	54
Scenic Artist	3	520	Culture	Culture-core	scenic_artist	1	1	0	literal_substring_stata_strpos	2	218	Data_Construction/wikidata/prog_occ.do	54
College Administrator	3	1047	Leadership	Administration/Law	administrator	0	1	1	literal_substring_stata_strpos	6	1	Data_Construction/wikidata/prog_occ.do	58
Picture editor	3	612	Culture	Culture-periphery	editor	0	1	1	literal_substring_stata_strpos	3	43	Data_Construction/wikidata/prog_occ.do	55
Marine engineer	3	1187	Discovery/Science	Explorer/Inventor/Developer	engineer	0	1	1	literal_substring_stata_strpos	8	12	Data_Construction/wikidata/prog_occ.do	62
Marine engineer	3	1403	Leadership	Military	_marine	0	1	0	literal_substring_stata_strpos	11	41	Data_Construction/wikidata/prog_occ.do	59
Agriculturist	3	1510	Other	Worker/Business (small)	agriculturist	1	1	1	literal_substring_stata_strpos	12	78	Data_Construction/wikidata/prog_occ.do	64
Special Effects	3	537	Culture	Culture-core	special_effects	1	1	1	literal_substring_stata_strpos	2	235	Data_Construction/wikidata/prog_occ.do	54
Scholar-official	3	890	Discovery/Science	Academia	scholar	0	1	1	literal_substring_stata_strpos	4	227	Data_Construction/wikidata/prog_occ.do	56
Theatrical Set Designer	3	551	Culture	Culture-core	theatrical	0	1	1	literal_substring_stata_strpos	2	249	Data_Construction/wikidata/prog_occ.do	54
Theatrical Set Designer	3	606	Culture	Culture-periphery	designer	0	1	0	literal_substring_stata_strpos	3	37	Data_Construction/wikidata/prog_occ.do	55
Architectural historian	3	586	Culture	Culture-periphery	architect	0	1	1	literal_substring_stata_strpos	3	17	Data_Construction/wikidata/prog_occ.do	55
Architectural historian	3	783	Discovery/Science	Academia	historian	0	1	0	literal_substring_stata_strpos	4	120	Data_Construction/wikidata/prog_occ.do	56
Immunologist	3	792	Discovery/Science	Academia	immunologist	1	1	1	literal_substring_stata_strpos	4	129	Data_Construction/wikidata/prog_occ.do	56
Political strategist	3	1013	Leadership	Politics	political	0	1	1	literal_substring_stata_strpos	5	86	Data_Construction/wikidata/prog_occ.do	57
News producer	3	506	Culture	Culture-core	producer	0	1	1	literal_substring_stata_strpos	2	204	Data_Construction/wikidata/prog_occ.do	54
Dental technician	3	1577	Other	Worker/Business (small)	dental_technician	1	1	1	literal_substring_stata_strpos	12	145	Data_Construction/wikidata/prog_occ.do	64
Dental technician	3	1698	Other	Worker/Business (small)	technician	0	0	0	literal_substring_stata_strpos	12	266	Data_Construction/wikidata/prog_occ.do	64
Horticulturalist	3	1617	Other	Worker/Business (small)	horticulturalist	1	1	1	literal_substring_stata_strpos	12	185	Data_Construction/wikidata/prog_occ.do	64
Flight engineer	3	1187	Discovery/Science	Explorer/Inventor/Developer	engineer	0	1	1	literal_substring_stata_strpos	8	12	Data_Construction/wikidata/prog_occ.do	62
Ski Racer	3	18	Sports/Games	Sports/Games	_racer_	0	1	1	literal_substring_stata_strpos	1	18	Data_Construction/wikidata/prog_occ.do	53
Ski Racer	3	23	Sports/Games	Sports/Games	_ski_	0	1	0	literal_substring_stata_strpos	1	23	Data_Construction/wikidata/prog_occ.do	53
Hacker	3	1757	Other	Other	_hacker_	1	1	1	literal_substring_stata_strpos	14	12	Data_Construction/wikidata/prog_occ.do	66
Ethologist	3	752	Discovery/Science	Academia	ethologist	1	1	1	literal_substring_stata_strpos	4	89	Data_Construction/wikidata/prog_occ.do	56
Digital Marketing Strategist	3	1649	Other	Worker/Business (small)	marketing	0	1	1	literal_substring_stata_strpos	12	217	Data_Construction/wikidata/prog_occ.do	64
Game programmer	3	12	Sports/Games	Sports/Games	_game	0	1	1	literal_substring_stata_strpos	1	12	Data_Construction/wikidata/prog_occ.do	53
Game programmer	3	1202	Discovery/Science	Explorer/Inventor/Developer	programmer	0	1	0	literal_substring_stata_strpos	8	27	Data_Construction/wikidata/prog_occ.do	62
Private investigator	3	1467	Other	Worker/Business (small)	_investigator	0	0	1	literal_substring_stata_strpos	12	35	Data_Construction/wikidata/prog_occ.do	64
Private investigator	3	1675	Other	Worker/Business (small)	private_investigator	1	1	0	literal_substring_stata_strpos	12	243	Data_Construction/wikidata/prog_occ.do	64
A&R executive	3	1223	Leadership	Corporate/Executive/Business (large)	executive	0	1	1	literal_substring_stata_strpos	9	15	Data_Construction/wikidata/prog_occ.do	63
Information Technology Consultant	3	1566	Other	Worker/Business (small)	consultant	0	1	1	literal_substring_stata_strpos	12	134	Data_Construction/wikidata/prog_occ.do	64
Freelance Writer	3	343	Culture	Culture-core	_writer	0	1	1	literal_substring_stata_strpos	2	41	Data_Construction/wikidata/prog_occ.do	54
Hatter	3	1462	Other	Worker/Business (small)	_hatter	1	1	1	literal_substring_stata_strpos	12	30	Data_Construction/wikidata/prog_occ.do	64
Hatter	3	1611	Other	Worker/Business (small)	hatter	1	1	0	literal_substring_stata_strpos	12	179	Data_Construction/wikidata/prog_occ.do	64
Political writer	3	343	Culture	Culture-core	_writer	0	1	1	literal_substring_stata_strpos	2	41	Data_Construction/wikidata/prog_occ.do	54
Political writer	3	1013	Leadership	Politics	political	0	1	0	literal_substring_stata_strpos	5	86	Data_Construction/wikidata/prog_occ.do	57
Basketball Analyst	3	42	Sports/Games	Sports/Games	basket	0	1	1	literal_substring_stata_strpos	1	42	Data_Construction/wikidata/prog_occ.do	53
Basketball Analyst	3	1514	Other	Worker/Business (small)	analyst	0	1	0	literal_substring_stata_strpos	12	82	Data_Construction/wikidata/prog_occ.do	64
White-collar worker	3	1716	Other	Worker/Business (small)	worker	0	1	1	literal_substring_stata_strpos	12	284	Data_Construction/wikidata/prog_occ.do	64
Burlesque stripper	3	1878	Other	Other	stripper	0	1	1	literal_substring_stata_strpos	14	133	Data_Construction/wikidata/prog_occ.do	66
Fashion Editor	3	612	Culture	Culture-periphery	editor	0	1	1	literal_substring_stata_strpos	3	43	Data_Construction/wikidata/prog_occ.do	55
Angel investor	3	1230	Leadership	Corporate/Executive/Business (large)	investor	0	1	1	literal_substring_stata_strpos	9	22	Data_Construction/wikidata/prog_occ.do	63
Parliamentarian	3	1008	Leadership	Politics	parliament	0	1	1	literal_substring_stata_strpos	5	81	Data_Construction/wikidata/prog_occ.do	57
Blogger (Website)	3	589	Culture	Culture-periphery	blogger	0	1	1	literal_substring_stata_strpos	3	20	Data_Construction/wikidata/prog_occ.do	55
Test pilot	3	1426	Leadership	Military	test_pilot	1	1	1	literal_substring_stata_strpos	11	64	Data_Construction/wikidata/prog_occ.do	59
Ophthalmologist	3	834	Discovery/Science	Academia	ophthalmologist	1	1	1	literal_substring_stata_strpos	4	171	Data_Construction/wikidata/prog_occ.do	56
Marine biologist	3	705	Discovery/Science	Academia	biologist	0	1	1	literal_substring_stata_strpos	4	42	Data_Construction/wikidata/prog_occ.do	56
Marine biologist	3	1403	Leadership	Military	_marine	0	1	0	literal_substring_stata_strpos	11	41	Data_Construction/wikidata/prog_occ.do	59
Construction Engineer	3	1187	Discovery/Science	Explorer/Inventor/Developer	engineer	0	1	1	literal_substring_stata_strpos	8	12	Data_Construction/wikidata/prog_occ.do	62
Construction Engineer	3	1210	Leadership	Corporate/Executive/Business (large)	_construction	0	1	0	literal_substring_stata_strpos	9	2	Data_Construction/wikidata/prog_occ.do	63
Mufti	2	1334	Leadership	Religious	mufti	1	1	1	literal_substring_stata_strpos	10	84	Data_Construction/wikidata/prog_occ.do	61
Special Effects Designer	2	537	Culture	Culture-core	special_effects	0	1	1	literal_substring_stata_strpos	2	235	Data_Construction/wikidata/prog_occ.do	54
Special Effects Designer	2	606	Culture	Culture-periphery	designer	0	1	0	literal_substring_stata_strpos	3	37	Data_Construction/wikidata/prog_occ.do	55
Rector	2	669	Discovery/Science	Academia	_rector_	1	1	1	literal_substring_stata_strpos	4	6	Data_Construction/wikidata/prog_occ.do	56
Wildlife biologist	2	705	Discovery/Science	Academia	biologist	0	1	1	literal_substring_stata_strpos	4	42	Data_Construction/wikidata/prog_occ.do	56
TV Meteorologist	2	815	Discovery/Science	Academia	meteorologist	0	1	1	literal_substring_stata_strpos	4	152	Data_Construction/wikidata/prog_occ.do	56
Information systems technician	2	1698	Other	Worker/Business (small)	technician	0	1	1	literal_substring_stata_strpos	12	266	Data_Construction/wikidata/prog_occ.do	64
Tour manager	2	1234	Leadership	Corporate/Executive/Business (large)	manager	0	1	1	literal_substring_stata_strpos	9	26	Data_Construction/wikidata/prog_occ.do	63
Alchemist	2	715	Discovery/Science	Academia	chemist	0	1	1	literal_substring_stata_strpos	4	52	Data_Construction/wikidata/prog_occ.do	56
Lighting technician	2	1698	Other	Worker/Business (small)	technician	0	1	1	literal_substring_stata_strpos	12	266	Data_Construction/wikidata/prog_occ.do	64
Political philosopher	2	861	Discovery/Science	Academia	philosopher	0	1	1	literal_substring_stata_strpos	4	198	Data_Construction/wikidata/prog_occ.do	56
Political philosopher	2	1013	Leadership	Politics	political	0	1	0	literal_substring_stata_strpos	5	86	Data_Construction/wikidata/prog_occ.do	57
Cinematography	2	385	Culture	Culture-core	cinema	0	1	1	literal_substring_stata_strpos	2	83	Data_Construction/wikidata/prog_occ.do	54
Aeronautical Engineer	2	674	Discovery/Science	Academia	aeronautical	0	1	1	literal_substring_stata_strpos	4	11	Data_Construction/wikidata/prog_occ.do	56
Aeronautical Engineer	2	1187	Discovery/Science	Explorer/Inventor/Developer	engineer	0	1	0	literal_substring_stata_strpos	8	12	Data_Construction/wikidata/prog_occ.do	62
Literary executor	2	323	Culture	Culture-core	_literary_	0	1	1	literal_substring_stata_strpos	2	21	Data_Construction/wikidata/prog_occ.do	54
Digital Artist	2	304	Culture	Culture-core	_artist	0	1	1	literal_substring_stata_strpos	2	2	Data_Construction/wikidata/prog_occ.do	54
Pro-life activist	2	939	Leadership	Politics	activist	0	1	1	literal_substring_stata_strpos	5	12	Data_Construction/wikidata/prog_occ.do	57
Plus-size model	2	577	Culture	Culture-periphery	_model_	0	1	1	literal_substring_stata_strpos	3	8	Data_Construction/wikidata/prog_occ.do	55
Music criticism	2	325	Culture	Culture-core	_music	0	1	1	literal_substring_stata_strpos	2	23	Data_Construction/wikidata/prog_occ.do	54
Music criticism	2	604	Culture	Culture-periphery	critic	0	1	0	literal_substring_stata_strpos	3	35	Data_Construction/wikidata/prog_occ.do	55
Sound Effects Editor	2	612	Culture	Culture-periphery	editor	0	1	1	literal_substring_stata_strpos	3	43	Data_Construction/wikidata/prog_occ.do	55
Court reporter	2	648	Culture	Culture-periphery	reporter	0	1	1	literal_substring_stata_strpos	3	79	Data_Construction/wikidata/prog_occ.do	55
People's Artist of Ukraine	2	304	Culture	Culture-core	_artist	0	1	1	literal_substring_stata_strpos	2	2	Data_Construction/wikidata/prog_occ.do	54
Sex Educator	2	738	Discovery/Science	Academia	educator	0	1	1	literal_substring_stata_strpos	4	75	Data_Construction/wikidata/prog_occ.do	56
Army officer (retired)	2	1364	Leadership	Military	_army_	0	1	1	literal_substring_stata_strpos	11	2	Data_Construction/wikidata/prog_occ.do	59
Army officer (retired)	2	1412	Leadership	Military	officer_	0	1	0	literal_substring_stata_strpos	11	50	Data_Construction/wikidata/prog_occ.do	59
Floral Designer	2	606	Culture	Culture-periphery	designer	0	1	1	literal_substring_stata_strpos	3	37	Data_Construction/wikidata/prog_occ.do	55
Jazz Artist/Singer	2	304	Culture	Culture-core	_artist	0	1	1	literal_substring_stata_strpos	2	2	Data_Construction/wikidata/prog_occ.do	54
Jazz Artist/Singer	2	451	Culture	Culture-core	jazz	0	1	0	literal_substring_stata_strpos	2	149	Data_Construction/wikidata/prog_occ.do	54
Jazz Artist/Singer	2	529	Culture	Culture-core	singer	0	1	0	literal_substring_stata_strpos	2	227	Data_Construction/wikidata/prog_occ.do	54
Film Journalist	2	320	Culture	Culture-core	_film_	0	1	1	literal_substring_stata_strpos	2	18	Data_Construction/wikidata/prog_occ.do	54
Film Journalist	2	629	Culture	Culture-periphery	journalist	0	1	0	literal_substring_stata_strpos	3	60	Data_Construction/wikidata/prog_occ.do	55
Magnate	2	1212	Leadership	Corporate/Executive/Business (large)	_magnate_	1	1	1	literal_substring_stata_strpos	9	4	Data_Construction/wikidata/prog_occ.do	63
Climatologist	2	717	Discovery/Science	Academia	climatologist	1	1	1	literal_substring_stata_strpos	4	54	Data_Construction/wikidata/prog_occ.do	56
Mountain guide	2	169	Sports/Games	Sports/Games	mountain_guide	1	1	1	literal_substring_stata_strpos	1	169	Data_Construction/wikidata/prog_occ.do	53
Mountain guide	2	1461	Other	Worker/Business (small)	_guide_	0	0	0	literal_substring_stata_strpos	12	29	Data_Construction/wikidata/prog_occ.do	64
Greengrocer	2	1604	Other	Worker/Business (small)	grocer	0	1	1	literal_substring_stata_strpos	12	172	Data_Construction/wikidata/prog_occ.do	64
Cardiac surgeon	2	908	Discovery/Science	Academia	surgeon	0	1	1	literal_substring_stata_strpos	4	245	Data_Construction/wikidata/prog_occ.do	56
Consul	2	958	Leadership	Politics	consul_	1	1	1	literal_substring_stata_strpos	5	31	Data_Construction/wikidata/prog_occ.do	57
Quantitative analyst	2	1514	Other	Worker/Business (small)	analyst	0	1	1	literal_substring_stata_strpos	12	82	Data_Construction/wikidata/prog_occ.do	64
Confidence artist	2	304	Culture	Culture-core	_artist	0	1	1	literal_substring_stata_strpos	2	2	Data_Construction/wikidata/prog_occ.do	54
Methodist minister	2	1000	Leadership	Politics	minister	0	1	1	literal_substring_stata_strpos	5	73	Data_Construction/wikidata/prog_occ.do	57
Podcaster	2	500	Culture	Culture-core	podcaster	1	1	1	literal_substring_stata_strpos	2	198	Data_Construction/wikidata/prog_occ.do	54
Sports Columnist	2	24	Sports/Games	Sports/Games	_sport	0	1	1	literal_substring_stata_strpos	1	24	Data_Construction/wikidata/prog_occ.do	53
Sports Columnist	2	597	Culture	Culture-periphery	columnist	0	1	0	literal_substring_stata_strpos	3	28	Data_Construction/wikidata/prog_occ.do	55
Boilermaker	2	1532	Other	Worker/Business (small)	boilermaker	1	1	1	literal_substring_stata_strpos	12	100	Data_Construction/wikidata/prog_occ.do	64
Medical Doctor	2	733	Discovery/Science	Academia	doctor	0	1	1	literal_substring_stata_strpos	4	70	Data_Construction/wikidata/prog_occ.do	56
Medical Doctor	2	812	Discovery/Science	Academia	medical	0	1	0	literal_substring_stata_strpos	4	149	Data_Construction/wikidata/prog_occ.do	56
Lacrosse Player	2	155	Sports/Games	Sports/Games	lacrosse	0	1	1	literal_substring_stata_strpos	1	155	Data_Construction/wikidata/prog_occ.do	53
Lacrosse Player	2	189	Sports/Games	Sports/Games	player	0	1	0	literal_substring_stata_strpos	1	189	Data_Construction/wikidata/prog_occ.do	53
Regent	2	1162	Leadership	Nobility	regent	1	1	1	literal_substring_stata_strpos	7	54	Data_Construction/wikidata/prog_occ.do	60
Biblical Scholar	2	890	Discovery/Science	Academia	scholar	0	1	1	literal_substring_stata_strpos	4	227	Data_Construction/wikidata/prog_occ.do	56
Biblical Scholar	2	1279	Leadership	Religious	biblical	0	1	0	literal_substring_stata_strpos	10	29	Data_Construction/wikidata/prog_occ.do	61
Nature Photographer	2	491	Culture	Culture-core	photographer	0	1	1	literal_substring_stata_strpos	2	189	Data_Construction/wikidata/prog_occ.do	54
Carpenter	2	1550	Other	Worker/Business (small)	carpenter	1	1	1	literal_substring_stata_strpos	12	118	Data_Construction/wikidata/prog_occ.do	64
Dermatologist	2	730	Discovery/Science	Academia	dermatologist	1	1	1	literal_substring_stata_strpos	4	67	Data_Construction/wikidata/prog_occ.do	56
Athletic trainer	2	33	Sports/Games	Sports/Games	athletic	0	1	1	literal_substring_stata_strpos	1	33	Data_Construction/wikidata/prog_occ.do	53
Athletic trainer	2	277	Sports/Games	Sports/Games	trainer	0	1	0	literal_substring_stata_strpos	1	277	Data_Construction/wikidata/prog_occ.do	53
Handyman	2	1608	Other	Worker/Business (small)	handyman	1	1	1	literal_substring_stata_strpos	12	176	Data_Construction/wikidata/prog_occ.do	64
Bookbinder	2	1534	Other	Worker/Business (small)	bookbinder	1	1	1	literal_substring_stata_strpos	12	102	Data_Construction/wikidata/prog_occ.do	64
Legal Scholar	2	890	Discovery/Science	Academia	scholar	0	1	1	literal_substring_stata_strpos	4	227	Data_Construction/wikidata/prog_occ.do	56
Occupational Therapist	2	916	Discovery/Science	Academia	therapist	0	1	1	literal_substring_stata_strpos	4	253	Data_Construction/wikidata/prog_occ.do	56
Spymaster	2	1425	Leadership	Military	spymaster	1	1	1	literal_substring_stata_strpos	11	63	Data_Construction/wikidata/prog_occ.do	59
Dog trainer	2	277	Sports/Games	Sports/Games	trainer	0	1	1	literal_substring_stata_strpos	1	277	Data_Construction/wikidata/prog_occ.do	53
Criminal (Profession) #15	2	1792	Other	Other	criminal	0	1	1	literal_substring_stata_strpos	14	47	Data_Construction/wikidata/prog_occ.do	66
Radio DJ	2	575	Culture	Culture-periphery	_dj_	0	1	1	literal_substring_stata_strpos	3	6	Data_Construction/wikidata/prog_occ.do	55
Radio DJ	2	579	Culture	Culture-periphery	_radio_	0	1	0	literal_substring_stata_strpos	3	10	Data_Construction/wikidata/prog_occ.do	55
Defense policy analyst	2	1514	Other	Worker/Business (small)	analyst	0	1	1	literal_substring_stata_strpos	12	82	Data_Construction/wikidata/prog_occ.do	64
Gamekeeper	2	12	Sports/Games	Sports/Games	_game	0	1	1	literal_substring_stata_strpos	1	12	Data_Construction/wikidata/prog_occ.do	53
Fashion entrepreneur	2	1222	Leadership	Corporate/Executive/Business (large)	entrepreneur	0	1	1	literal_substring_stata_strpos	9	14	Data_Construction/wikidata/prog_occ.do	63
Bushranger	2	1780	Other	Other	bushranger_	1	1	1	literal_substring_stata_strpos	14	35	Data_Construction/wikidata/prog_occ.do	66
Executive Management	2	1223	Leadership	Corporate/Executive/Business (large)	executive	0	1	1	literal_substring_stata_strpos	9	15	Data_Construction/wikidata/prog_occ.do	63
Executive Management	2	1233	Leadership	Corporate/Executive/Business (large)	management	0	1	0	literal_substring_stata_strpos	9	25	Data_Construction/wikidata/prog_occ.do	63
Emergency medical technician	2	812	Discovery/Science	Academia	medical	0	1	1	literal_substring_stata_strpos	4	149	Data_Construction/wikidata/prog_occ.do	56
Emergency medical technician	2	1698	Other	Worker/Business (small)	technician	0	1	0	literal_substring_stata_strpos	12	266	Data_Construction/wikidata/prog_occ.do	64
Political campaigner	2	948	Leadership	Politics	campaign	0	1	1	literal_substring_stata_strpos	5	21	Data_Construction/wikidata/prog_occ.do	57
Political campaigner	2	1013	Leadership	Politics	political	0	1	0	literal_substring_stata_strpos	5	86	Data_Construction/wikidata/prog_occ.do	57
Environmental health officer	2	1412	Leadership	Military	officer_	0	1	1	literal_substring_stata_strpos	11	50	Data_Construction/wikidata/prog_occ.do	59
Television executive producer	2	506	Culture	Culture-core	producer	0	1	1	literal_substring_stata_strpos	2	204	Data_Construction/wikidata/prog_occ.do	54
Television executive producer	2	655	Culture	Culture-periphery	television	0	1	0	literal_substring_stata_strpos	3	86	Data_Construction/wikidata/prog_occ.do	55
Television executive producer	2	1223	Leadership	Corporate/Executive/Business (large)	executive	0	1	0	literal_substring_stata_strpos	9	15	Data_Construction/wikidata/prog_occ.do	63
Fetish model	2	577	Culture	Culture-periphery	_model_	0	1	1	literal_substring_stata_strpos	3	8	Data_Construction/wikidata/prog_occ.do	55
Drag queen	2	1122	Leadership	Nobility	_queen_	0	1	1	literal_substring_stata_strpos	7	14	Data_Construction/wikidata/prog_occ.do	60
Contortionist	2	402	Culture	Culture-core	contortionist	1	1	1	literal_substring_stata_strpos	2	100	Data_Construction/wikidata/prog_occ.do	54
American Football Official	2	101	Sports/Games	Sports/Games	football	0	1	1	literal_substring_stata_strpos	1	101	Data_Construction/wikidata/prog_occ.do	53
Puppet Designer	2	606	Culture	Culture-periphery	designer	0	1	1	literal_substring_stata_strpos	3	37	Data_Construction/wikidata/prog_occ.do	55
English Professor	2	878	Discovery/Science	Academia	professor	0	1	1	literal_substring_stata_strpos	4	215	Data_Construction/wikidata/prog_occ.do	56
Fireman	2	1592	Other	Worker/Business (small)	fireman_	1	1	1	literal_substring_stata_strpos	12	160	Data_Construction/wikidata/prog_occ.do	64
Graphic Novelist	2	474	Culture	Culture-core	novelist	0	1	1	literal_substring_stata_strpos	2	172	Data_Construction/wikidata/prog_occ.do	54
Co-founder and Business Executive	2	1218	Leadership	Corporate/Executive/Business (large)	business	0	1	1	literal_substring_stata_strpos	9	10	Data_Construction/wikidata/prog_occ.do	63
Co-founder and Business Executive	2	1223	Leadership	Corporate/Executive/Business (large)	executive	0	1	0	literal_substring_stata_strpos	9	15	Data_Construction/wikidata/prog_occ.do	63
Prelate	2	1344	Leadership	Religious	prelate	1	1	1	literal_substring_stata_strpos	10	94	Data_Construction/wikidata/prog_occ.do	61
Paranormal Investigator	2	1467	Other	Worker/Business (small)	_investigator	0	1	1	literal_substring_stata_strpos	12	35	Data_Construction/wikidata/prog_occ.do	64
Civil Rights Leader	2	952	Leadership	Politics	civil_rights	0	1	1	literal_substring_stata_strpos	5	25	Data_Construction/wikidata/prog_occ.do	57
Kapellmeister	2	1323	Leadership	Religious	kapellmeister	1	1	1	literal_substring_stata_strpos	10	73	Data_Construction/wikidata/prog_occ.do	61
Theater Actress	2	345	Culture	Culture-core	actress	0	1	1	literal_substring_stata_strpos	2	43	Data_Construction/wikidata/prog_occ.do	54
Theater Actress	2	549	Culture	Culture-core	theater	0	1	0	literal_substring_stata_strpos	2	247	Data_Construction/wikidata/prog_occ.do	54
Materials Scientist	2	894	Discovery/Science	Academia	scientist	0	1	1	literal_substring_stata_strpos	4	231	Data_Construction/wikidata/prog_occ.do	56
Zookeeper	2	1718	Other	Worker/Business (small)	zookeeper	1	1	1	literal_substring_stata_strpos	12	286	Data_Construction/wikidata/prog_occ.do	64
Network executive	2	1223	Leadership	Corporate/Executive/Business (large)	executive	0	1	1	literal_substring_stata_strpos	9	15	Data_Construction/wikidata/prog_occ.do	63
Child singer	2	529	Culture	Culture-core	singer	0	1	1	literal_substring_stata_strpos	2	227	Data_Construction/wikidata/prog_occ.do	54
Child singer	2	1727	Other	Family	child_	0	1	0	literal_substring_stata_strpos	13	9	Data_Construction/wikidata/prog_occ.do	65
Bibliographer	2	365	Culture	Culture-core	bibliographer	1	1	1	literal_substring_stata_strpos	2	63	Data_Construction/wikidata/prog_occ.do	54
Dialogue Editor	2	612	Culture	Culture-periphery	editor	0	1	1	literal_substring_stata_strpos	3	43	Data_Construction/wikidata/prog_occ.do	55
Friar	2	1256	Leadership	Religious	_friar_	1	1	1	literal_substring_stata_strpos	10	6	Data_Construction/wikidata/prog_occ.do	61
Government agent	2	982	Leadership	Politics	government	0	1	1	literal_substring_stata_strpos	5	55	Data_Construction/wikidata/prog_occ.do	57
Civil law notary	2	1052	Leadership	Administration/Law	_law_	0	1	1	literal_substring_stata_strpos	6	6	Data_Construction/wikidata/prog_occ.do	58
Civil law notary	2	1088	Leadership	Administration/Law	notary	0	1	0	literal_substring_stata_strpos	6	42	Data_Construction/wikidata/prog_occ.do	58
Script supervisor	2	332	Culture	Culture-core	_script_	0	1	1	literal_substring_stata_strpos	2	30	Data_Construction/wikidata/prog_occ.do	54
Airman	2	1372	Leadership	Military	_airman	1	1	1	literal_substring_stata_strpos	11	10	Data_Construction/wikidata/prog_occ.do	59
TV Art Director	2	351	Culture	Culture-core	art_director	0	1	1	literal_substring_stata_strpos	2	49	Data_Construction/wikidata/prog_occ.do	54
Agricultural Scientist	2	894	Discovery/Science	Academia	scientist	0	1	1	literal_substring_stata_strpos	4	231	Data_Construction/wikidata/prog_occ.do	56
Big-game hunter	2	1465	Other	Worker/Business (small)	_hunter	0	1	1	literal_substring_stata_strpos	12	33	Data_Construction/wikidata/prog_occ.do	64
Archeologist	2	693	Discovery/Science	Academia	archeologist	1	1	1	literal_substring_stata_strpos	4	30	Data_Construction/wikidata/prog_occ.do	56
Telegraphist	2	1699	Other	Worker/Business (small)	telegraphist	1	1	1	literal_substring_stata_strpos	12	267	Data_Construction/wikidata/prog_occ.do	64
Character Designer	2	606	Culture	Culture-periphery	designer	0	1	1	literal_substring_stata_strpos	3	37	Data_Construction/wikidata/prog_occ.do	55
Parapsychologist	2	883	Discovery/Science	Academia	psychologist	0	1	1	literal_substring_stata_strpos	4	220	Data_Construction/wikidata/prog_occ.do	56
noblewoman	2	1158	Leadership	Nobility	noble	0	1	1	literal_substring_stata_strpos	7	50	Data_Construction/wikidata/prog_occ.do	60
Digital Marketing Consultant (Profession) #1	2	1566	Other	Worker/Business (small)	consultant	0	1	1	literal_substring_stata_strpos	12	134	Data_Construction/wikidata/prog_occ.do	64
Digital Marketing Consultant (Profession) #1	2	1649	Other	Worker/Business (small)	marketing	0	1	0	literal_substring_stata_strpos	12	217	Data_Construction/wikidata/prog_occ.do	64
Theatre teacher	2	550	Culture	Culture-core	theatre	0	1	1	literal_substring_stata_strpos	2	248	Data_Construction/wikidata/prog_occ.do	54
Theatre teacher	2	910	Discovery/Science	Academia	teacher_	0	1	0	literal_substring_stata_strpos	4	247	Data_Construction/wikidata/prog_occ.do	56
Systems Programmer	2	1202	Discovery/Science	Explorer/Inventor/Developer	programmer	0	1	1	literal_substring_stata_strpos	8	27	Data_Construction/wikidata/prog_occ.do	62
Social Psychologist	2	883	Discovery/Science	Academia	psychologist	0	1	1	literal_substring_stata_strpos	4	220	Data_Construction/wikidata/prog_occ.do	56
Janitor	2	1630	Other	Worker/Business (small)	janitor	1	1	1	literal_substring_stata_strpos	12	198	Data_Construction/wikidata/prog_occ.do	64
Geochemist	2	715	Discovery/Science	Academia	chemist	0	1	1	literal_substring_stata_strpos	4	52	Data_Construction/wikidata/prog_occ.do	56
Florist	2	1458	Other	Worker/Business (small)	_florist	1	1	1	literal_substring_stata_strpos	12	26	Data_Construction/wikidata/prog_occ.do	64
Folk Artist	2	304	Culture	Culture-core	_artist	0	1	1	literal_substring_stata_strpos	2	2	Data_Construction/wikidata/prog_occ.do	54
Tax advisor	2	940	Leadership	Politics	advisor	0	1	1	literal_substring_stata_strpos	5	13	Data_Construction/wikidata/prog_occ.do	57
Clerk (Profession) #147	2	1446	Other	Worker/Business (small)	_clerk	0	1	1	literal_substring_stata_strpos	12	14	Data_Construction/wikidata/prog_occ.do	64
Chartered Surveyor	2	1694	Other	Worker/Business (small)	surveyor	0	1	1	literal_substring_stata_strpos	12	262	Data_Construction/wikidata/prog_occ.do	64
Architectural historian (Profession) #1	2	586	Culture	Culture-periphery	architect	0	1	1	literal_substring_stata_strpos	3	17	Data_Construction/wikidata/prog_occ.do	55
Architectural historian (Profession) #1	2	783	Discovery/Science	Academia	historian	0	1	0	literal_substring_stata_strpos	4	120	Data_Construction/wikidata/prog_occ.do	56
Peking opera	2	326	Culture	Culture-core	_opera_	0	1	1	literal_substring_stata_strpos	2	24	Data_Construction/wikidata/prog_occ.do	54
Road manager	2	1234	Leadership	Corporate/Executive/Business (large)	manager	0	1	1	literal_substring_stata_strpos	9	26	Data_Construction/wikidata/prog_occ.do	63
Pilot officer	2	1412	Leadership	Military	officer_	0	0	1	literal_substring_stata_strpos	11	50	Data_Construction/wikidata/prog_occ.do	59
Pilot officer	2	1415	Leadership	Military	pilot_officer	1	1	0	literal_substring_stata_strpos	11	53	Data_Construction/wikidata/prog_occ.do	59
Hermit (Profession)	2	1314	Leadership	Religious	hermit	0	1	1	literal_substring_stata_strpos	10	64	Data_Construction/wikidata/prog_occ.do	61
Highwayman	2	1613	Other	Worker/Business (small)	highwayman	1	1	1	literal_substring_stata_strpos	12	181	Data_Construction/wikidata/prog_occ.do	64
Naval Architect	2	586	Culture	Culture-periphery	architect	0	1	1	literal_substring_stata_strpos	3	17	Data_Construction/wikidata/prog_occ.do	55
Naval Architect	2	1409	Leadership	Military	naval_	0	1	0	literal_substring_stata_strpos	11	47	Data_Construction/wikidata/prog_occ.do	59
Art History Professor	2	878	Discovery/Science	Academia	professor	0	1	1	literal_substring_stata_strpos	4	215	Data_Construction/wikidata/prog_occ.do	56
Optician	2	1479	Other	Worker/Business (small)	_optician	1	1	1	literal_substring_stata_strpos	12	47	Data_Construction/wikidata/prog_occ.do	64
Castellan	2	1128	Leadership	Nobility	castellan	1	1	1	literal_substring_stata_strpos	7	20	Data_Construction/wikidata/prog_occ.do	60
SEO Consultant	2	1566	Other	Worker/Business (small)	consultant	0	1	1	literal_substring_stata_strpos	12	134	Data_Construction/wikidata/prog_occ.do	64
Mental health counselor	2	1571	Other	Worker/Business (small)	counselor	0	1	1	literal_substring_stata_strpos	12	139	Data_Construction/wikidata/prog_occ.do	64
Colonel	2	1380	Leadership	Military	colonel	1	1	1	literal_substring_stata_strpos	11	18	Data_Construction/wikidata/prog_occ.do	59
Softball Player	2	189	Sports/Games	Sports/Games	player	0	1	1	literal_substring_stata_strpos	1	189	Data_Construction/wikidata/prog_occ.do	53
Softball Player	2	251	Sports/Games	Sports/Games	softball	0	1	0	literal_substring_stata_strpos	1	251	Data_Construction/wikidata/prog_occ.do	53
Storekeeper	2	1693	Other	Worker/Business (small)	storekeeper	1	1	1	literal_substring_stata_strpos	12	261	Data_Construction/wikidata/prog_occ.do	64
Broker	2	1543	Other	Worker/Business (small)	broker	1	1	1	literal_substring_stata_strpos	12	111	Data_Construction/wikidata/prog_occ.do	64
Bioinformatician	2	704	Discovery/Science	Academia	bioinformatician	1	1	1	literal_substring_stata_strpos	4	41	Data_Construction/wikidata/prog_occ.do	56
Special Needs Counsellor	2	1570	Other	Worker/Business (small)	counsellor	0	1	1	literal_substring_stata_strpos	12	138	Data_Construction/wikidata/prog_occ.do	64
Business Owner	2	1218	Leadership	Corporate/Executive/Business (large)	business	0	1	1	literal_substring_stata_strpos	9	10	Data_Construction/wikidata/prog_occ.do	63
Digital marketing	2	1649	Other	Worker/Business (small)	marketing	0	1	1	literal_substring_stata_strpos	12	217	Data_Construction/wikidata/prog_occ.do	64
Java Developer	2	1184	Discovery/Science	Explorer/Inventor/Developer	developer	0	1	1	literal_substring_stata_strpos	8	9	Data_Construction/wikidata/prog_occ.do	62
Theater Manager	2	549	Culture	Culture-core	theater	0	1	1	literal_substring_stata_strpos	2	247	Data_Construction/wikidata/prog_occ.do	54
Theater Manager	2	1234	Leadership	Corporate/Executive/Business (large)	manager	0	1	0	literal_substring_stata_strpos	9	26	Data_Construction/wikidata/prog_occ.do	63
Emergency physician	2	867	Discovery/Science	Academia	physician	0	1	1	literal_substring_stata_strpos	4	204	Data_Construction/wikidata/prog_occ.do	56
Lieutenant colonel	2	1380	Leadership	Military	colonel	0	1	1	literal_substring_stata_strpos	11	18	Data_Construction/wikidata/prog_occ.do	59
Lieutenant colonel	2	1402	Leadership	Military	lieutenant	0	1	0	literal_substring_stata_strpos	11	40	Data_Construction/wikidata/prog_occ.do	59
Admiral	2	1368	Leadership	Military	admiral	1	1	1	literal_substring_stata_strpos	11	6	Data_Construction/wikidata/prog_occ.do	59
Vietnam veteran	2	1427	Leadership	Military	veteran	0	1	1	literal_substring_stata_strpos	11	65	Data_Construction/wikidata/prog_occ.do	59
Clothing manufacturer	2	1235	Leadership	Corporate/Executive/Business (large)	manufacturer	0	1	1	literal_substring_stata_strpos	9	27	Data_Construction/wikidata/prog_occ.do	63
Paratrooper	2	1413	Leadership	Military	paratrooper	1	1	1	literal_substring_stata_strpos	11	51	Data_Construction/wikidata/prog_occ.do	59
Human Rights Lawyer	2	1053	Leadership	Administration/Law	_lawyer	0	1	1	literal_substring_stata_strpos	6	7	Data_Construction/wikidata/prog_occ.do	58
Typeface designer	2	606	Culture	Culture-periphery	designer	0	1	1	literal_substring_stata_strpos	3	37	Data_Construction/wikidata/prog_occ.do	55
Lecturer	2	801	Discovery/Science	Academia	lecturer	1	1	1	literal_substring_stata_strpos	4	138	Data_Construction/wikidata/prog_occ.do	56
Historian of Philosophy and Religion	2	783	Discovery/Science	Academia	historian	0	1	1	literal_substring_stata_strpos	4	120	Data_Construction/wikidata/prog_occ.do	56
Historian of Philosophy and Religion	2	864	Discovery/Science	Academia	philosophy	0	1	0	literal_substring_stata_strpos	4	201	Data_Construction/wikidata/prog_occ.do	56
Petroleum geologist	2	765	Discovery/Science	Academia	geologist	0	1	1	literal_substring_stata_strpos	4	102	Data_Construction/wikidata/prog_occ.do	56
Silversmith	2	528	Culture	Culture-core	silversmith	1	1	1	literal_substring_stata_strpos	2	226	Data_Construction/wikidata/prog_occ.do	54
Line producer	2	506	Culture	Culture-core	producer	0	1	1	literal_substring_stata_strpos	2	204	Data_Construction/wikidata/prog_occ.do	54
Stage management	2	338	Culture	Culture-core	_stage_	0	1	1	literal_substring_stata_strpos	2	36	Data_Construction/wikidata/prog_occ.do	54
Stage management	2	1233	Leadership	Corporate/Executive/Business (large)	management	0	1	0	literal_substring_stata_strpos	9	25	Data_Construction/wikidata/prog_occ.do	63
Online Marketing Strategist	2	1649	Other	Worker/Business (small)	marketing	0	1	1	literal_substring_stata_strpos	12	217	Data_Construction/wikidata/prog_occ.do	64
Broadway Producer	2	506	Culture	Culture-core	producer	0	1	1	literal_substring_stata_strpos	2	204	Data_Construction/wikidata/prog_occ.do	54
Title Designer	2	606	Culture	Culture-periphery	designer	0	1	1	literal_substring_stata_strpos	3	37	Data_Construction/wikidata/prog_occ.do	55
Cultural Anthropologist	2	685	Discovery/Science	Academia	anthropologist	0	1	1	literal_substring_stata_strpos	4	22	Data_Construction/wikidata/prog_occ.do	56
Mercenary	2	1406	Leadership	Military	mercenary	1	1	1	literal_substring_stata_strpos	11	44	Data_Construction/wikidata/prog_occ.do	59
Ecommerce Consultant	2	1566	Other	Worker/Business (small)	consultant	0	1	1	literal_substring_stata_strpos	12	134	Data_Construction/wikidata/prog_occ.do	64
Theater Arts Educator	2	305	Culture	Culture-core	_arts_	0	1	1	literal_substring_stata_strpos	2	3	Data_Construction/wikidata/prog_occ.do	54
Theater Arts Educator	2	549	Culture	Culture-core	theater	0	1	0	literal_substring_stata_strpos	2	247	Data_Construction/wikidata/prog_occ.do	54
Theater Arts Educator	2	738	Discovery/Science	Academia	educator	0	1	0	literal_substring_stata_strpos	4	75	Data_Construction/wikidata/prog_occ.do	56
Senior lieutenant	2	1402	Leadership	Military	lieutenant	0	1	1	literal_substring_stata_strpos	11	40	Data_Construction/wikidata/prog_occ.do	59
United States Naval Aviator	2	1373	Leadership	Military	aviator	0	1	1	literal_substring_stata_strpos	11	11	Data_Construction/wikidata/prog_occ.do	59
United States Naval Aviator	2	1409	Leadership	Military	naval_	0	1	0	literal_substring_stata_strpos	11	47	Data_Construction/wikidata/prog_occ.do	59
Pilot trainer	2	277	Sports/Games	Sports/Games	trainer	0	1	1	literal_substring_stata_strpos	1	277	Data_Construction/wikidata/prog_occ.do	53
Speech-language pathologist	2	849	Discovery/Science	Academia	pathologist	0	1	1	literal_substring_stata_strpos	4	186	Data_Construction/wikidata/prog_occ.do	56
Human Resources Officer	2	1412	Leadership	Military	officer_	0	1	1	literal_substring_stata_strpos	11	50	Data_Construction/wikidata/prog_occ.do	59
Shipwright	2	1688	Other	Worker/Business (small)	shipwright	1	1	1	literal_substring_stata_strpos	12	256	Data_Construction/wikidata/prog_occ.do	64
Germanist	2	768	Discovery/Science	Academia	germanist	1	1	1	literal_substring_stata_strpos	4	105	Data_Construction/wikidata/prog_occ.do	56
Lyric poet	2	329	Culture	Culture-core	_poet	0	1	1	literal_substring_stata_strpos	2	27	Data_Construction/wikidata/prog_occ.do	54
Notary public	2	1088	Leadership	Administration/Law	notary	0	1	1	literal_substring_stata_strpos	6	42	Data_Construction/wikidata/prog_occ.do	58
Bassoonist	2	362	Culture	Culture-core	bassoonist	1	1	1	literal_substring_stata_strpos	2	60	Data_Construction/wikidata/prog_occ.do	54
Lepidopterist	2	802	Discovery/Science	Academia	lepidopterist	1	1	1	literal_substring_stata_strpos	4	139	Data_Construction/wikidata/prog_occ.do	56
Councillor	2	960	Leadership	Politics	councillor	1	1	1	literal_substring_stata_strpos	5	33	Data_Construction/wikidata/prog_occ.do	57
Urologist	2	921	Discovery/Science	Academia	urologist	1	1	1	literal_substring_stata_strpos	4	258	Data_Construction/wikidata/prog_occ.do	56
Oil Executive	2	1223	Leadership	Corporate/Executive/Business (large)	executive	0	1	1	literal_substring_stata_strpos	9	15	Data_Construction/wikidata/prog_occ.do	63
Demographer	2	728	Discovery/Science	Academia	demographer	1	1	1	literal_substring_stata_strpos	4	65	Data_Construction/wikidata/prog_occ.do	56
Canadian football player	2	101	Sports/Games	Sports/Games	football	0	1	1	literal_substring_stata_strpos	1	101	Data_Construction/wikidata/prog_occ.do	53
Canadian football player	2	189	Sports/Games	Sports/Games	player	0	1	0	literal_substring_stata_strpos	1	189	Data_Construction/wikidata/prog_occ.do	53
Professional Wrestling Promoter	2	299	Sports/Games	Sports/Games	wrestling	0	1	1	literal_substring_stata_strpos	1	299	Data_Construction/wikidata/prog_occ.do	53
Draper	2	1454	Other	Worker/Business (small)	_draper_	1	1	1	literal_substring_stata_strpos	12	22	Data_Construction/wikidata/prog_occ.do	64
Homeopath	2	786	Discovery/Science	Academia	homeopath	1	1	1	literal_substring_stata_strpos	4	123	Data_Construction/wikidata/prog_occ.do	56
Travel Agent	2	1704	Other	Worker/Business (small)	travel_agent	1	1	1	literal_substring_stata_strpos	12	272	Data_Construction/wikidata/prog_occ.do	64
Editorial Writer	2	343	Culture	Culture-core	_writer	0	1	1	literal_substring_stata_strpos	2	41	Data_Construction/wikidata/prog_occ.do	54
Editorial Writer	2	612	Culture	Culture-periphery	editor	0	1	0	literal_substring_stata_strpos	3	43	Data_Construction/wikidata/prog_occ.do	55
Cabinet maker	2	369	Culture	Culture-core	cabinet_maker	1	1	1	literal_substring_stata_strpos	2	67	Data_Construction/wikidata/prog_occ.do	54
Liaison officer	2	1412	Leadership	Military	officer_	0	1	1	literal_substring_stata_strpos	11	50	Data_Construction/wikidata/prog_occ.do	59
Adjunct Professor	2	878	Discovery/Science	Academia	professor	0	1	1	literal_substring_stata_strpos	4	215	Data_Construction/wikidata/prog_occ.do	56
Commissioner of Baseball	1	40	Sports/Games	Sports/Games	baseball	0	1	1	literal_substring_stata_strpos	1	40	Data_Construction/wikidata/prog_occ.do	53
Commissioner of Baseball	1	1067	Leadership	Administration/Law	commissioner	0	1	0	literal_substring_stata_strpos	6	21	Data_Construction/wikidata/prog_occ.do	58
Indologist	1	793	Discovery/Science	Academia	indologist	1	1	1	literal_substring_stata_strpos	4	130	Data_Construction/wikidata/prog_occ.do	56
primary school headmaster	1	1226	Leadership	Corporate/Executive/Business (large)	headmaster	0	1	1	literal_substring_stata_strpos	9	18	Data_Construction/wikidata/prog_occ.do	63
glass artist	1	304	Culture	Culture-core	_artist	0	1	1	literal_substring_stata_strpos	2	2	Data_Construction/wikidata/prog_occ.do	54
Developer	1	1184	Discovery/Science	Explorer/Inventor/Developer	developer	1	1	1	literal_substring_stata_strpos	8	9	Data_Construction/wikidata/prog_occ.do	62
Film Photographer	1	320	Culture	Culture-core	_film_	0	1	1	literal_substring_stata_strpos	2	18	Data_Construction/wikidata/prog_occ.do	54
Film Photographer	1	491	Culture	Culture-core	photographer	0	1	0	literal_substring_stata_strpos	2	189	Data_Construction/wikidata/prog_occ.do	54
Classical Indian Music Performer	1	325	Culture	Culture-core	_music	0	1	1	literal_substring_stata_strpos	2	23	Data_Construction/wikidata/prog_occ.do	54
Classical Indian Music Performer	1	488	Culture	Culture-core	performer	0	1	0	literal_substring_stata_strpos	2	186	Data_Construction/wikidata/prog_occ.do	54
Toxicologist	1	918	Discovery/Science	Academia	toxicologist	1	1	1	literal_substring_stata_strpos	4	255	Data_Construction/wikidata/prog_occ.do	56
Audiologist	1	574	Culture	Culture-periphery	_audio	0	1	1	literal_substring_stata_strpos	3	5	Data_Construction/wikidata/prog_occ.do	55
Computer Graphics Animator	1	348	Culture	Culture-core	animator	0	1	1	literal_substring_stata_strpos	2	46	Data_Construction/wikidata/prog_occ.do	54
Digital Marketing Consultant	1	1566	Other	Worker/Business (small)	consultant	0	1	1	literal_substring_stata_strpos	12	134	Data_Construction/wikidata/prog_occ.do	64
Digital Marketing Consultant	1	1649	Other	Worker/Business (small)	marketing	0	1	0	literal_substring_stata_strpos	12	217	Data_Construction/wikidata/prog_occ.do	64
Fashion Illustrator	1	626	Culture	Culture-periphery	illustrator	0	1	1	literal_substring_stata_strpos	3	57	Data_Construction/wikidata/prog_occ.do	55
Genetics Counselor	1	761	Discovery/Science	Academia	genetics	0	1	1	literal_substring_stata_strpos	4	98	Data_Construction/wikidata/prog_occ.do	56
Genetics Counselor	1	1571	Other	Worker/Business (small)	counselor	0	1	0	literal_substring_stata_strpos	12	139	Data_Construction/wikidata/prog_occ.do	64
Boom Operator	1	1661	Other	Worker/Business (small)	operator	0	1	1	literal_substring_stata_strpos	12	229	Data_Construction/wikidata/prog_occ.do	64
Make-Up Designer	1	606	Culture	Culture-periphery	designer	0	1	1	literal_substring_stata_strpos	3	37	Data_Construction/wikidata/prog_occ.do	55
Nuclear Physicist	1	868	Discovery/Science	Academia	physicist	0	1	1	literal_substring_stata_strpos	4	205	Data_Construction/wikidata/prog_occ.do	56
Orthodontist	1	1665	Other	Worker/Business (small)	orthodontist	1	1	1	literal_substring_stata_strpos	12	233	Data_Construction/wikidata/prog_occ.do	64
Visual Effects Technician	1	566	Culture	Culture-core	visual_effects	0	1	1	literal_substring_stata_strpos	2	264	Data_Construction/wikidata/prog_occ.do	54
Visual Effects Technician	1	1698	Other	Worker/Business (small)	technician	0	1	0	literal_substring_stata_strpos	12	266	Data_Construction/wikidata/prog_occ.do	64
Real Tennis Professional	1	271	Sports/Games	Sports/Games	tennis	0	1	1	literal_substring_stata_strpos	1	271	Data_Construction/wikidata/prog_occ.do	53
Intellectual Historian	1	783	Discovery/Science	Academia	historian	0	1	1	literal_substring_stata_strpos	4	120	Data_Construction/wikidata/prog_occ.do	56
Intellectual Historian	1	795	Discovery/Science	Academia	intellectual	0	1	0	literal_substring_stata_strpos	4	132	Data_Construction/wikidata/prog_occ.do	56
Sinologist	1	900	Discovery/Science	Academia	sinologist	1	1	1	literal_substring_stata_strpos	4	237	Data_Construction/wikidata/prog_occ.do	56
Nurse practitioner	1	828	Discovery/Science	Academia	nurse	0	1	1	literal_substring_stata_strpos	4	165	Data_Construction/wikidata/prog_occ.do	56
Children's writer	1	343	Culture	Culture-core	_writer	0	1	1	literal_substring_stata_strpos	2	41	Data_Construction/wikidata/prog_occ.do	54
VFX creative director	1	408	Culture	Culture-core	creative	0	1	1	literal_substring_stata_strpos	2	106	Data_Construction/wikidata/prog_occ.do	54
Construction Foreman	1	1210	Leadership	Corporate/Executive/Business (large)	_construction	0	1	1	literal_substring_stata_strpos	9	2	Data_Construction/wikidata/prog_occ.do	63
Construction Foreman	1	1459	Other	Worker/Business (small)	_foreman	0	1	0	literal_substring_stata_strpos	12	27	Data_Construction/wikidata/prog_occ.do	64
Parson	1	1340	Leadership	Religious	parson	1	1	1	literal_substring_stata_strpos	10	90	Data_Construction/wikidata/prog_occ.do	61
Grammarian	1	770	Discovery/Science	Academia	grammarian	1	1	1	literal_substring_stata_strpos	4	107	Data_Construction/wikidata/prog_occ.do	56
Graphic Artist (Film job) #1	1	304	Culture	Culture-core	_artist	0	1	1	literal_substring_stata_strpos	2	2	Data_Construction/wikidata/prog_occ.do	54
Gerontologist	1	769	Discovery/Science	Academia	gerontologist	1	1	1	literal_substring_stata_strpos	4	106	Data_Construction/wikidata/prog_occ.do	56
Software Engineering	1	1187	Discovery/Science	Explorer/Inventor/Developer	engineer	0	1	1	literal_substring_stata_strpos	8	12	Data_Construction/wikidata/prog_occ.do	62
Certified Sex Therapist	1	916	Discovery/Science	Academia	therapist	0	1	1	literal_substring_stata_strpos	4	253	Data_Construction/wikidata/prog_occ.do	56
Headmaster	1	1226	Leadership	Corporate/Executive/Business (large)	headmaster	1	1	1	literal_substring_stata_strpos	9	18	Data_Construction/wikidata/prog_occ.do	63
Silent Film Actress	1	320	Culture	Culture-core	_film_	0	1	1	literal_substring_stata_strpos	2	18	Data_Construction/wikidata/prog_occ.do	54
Silent Film Actress	1	345	Culture	Culture-core	actress	0	1	0	literal_substring_stata_strpos	2	43	Data_Construction/wikidata/prog_occ.do	54
Makeup Effects Artist	1	304	Culture	Culture-core	_artist	0	1	1	literal_substring_stata_strpos	2	2	Data_Construction/wikidata/prog_occ.do	54
Special Makeup Effects Artist	1	304	Culture	Culture-core	_artist	0	1	1	literal_substring_stata_strpos	2	2	Data_Construction/wikidata/prog_occ.do	54
supermarket executive	1	1223	Leadership	Corporate/Executive/Business (large)	executive	0	1	1	literal_substring_stata_strpos	9	15	Data_Construction/wikidata/prog_occ.do	63
Rock Climber	1	74	Sports/Games	Sports/Games	climb	0	1	1	literal_substring_stata_strpos	1	74	Data_Construction/wikidata/prog_occ.do	53
Rock Climber	1	331	Culture	Culture-core	_rock_	0	1	0	literal_substring_stata_strpos	2	29	Data_Construction/wikidata/prog_occ.do	54
Scout	1	1766	Other	Other	_scout_	1	1	1	literal_substring_stata_strpos	14	21	Data_Construction/wikidata/prog_occ.do	66
Light Artist	1	304	Culture	Culture-core	_artist	0	1	1	literal_substring_stata_strpos	2	2	Data_Construction/wikidata/prog_occ.do	54
Child Psychologist	1	883	Discovery/Science	Academia	psychologist	0	1	1	literal_substring_stata_strpos	4	220	Data_Construction/wikidata/prog_occ.do	56
Child Psychologist	1	1727	Other	Family	child_	0	1	0	literal_substring_stata_strpos	13	9	Data_Construction/wikidata/prog_occ.do	65
Colourist	1	596	Culture	Culture-periphery	colourist	1	1	1	literal_substring_stata_strpos	3	27	Data_Construction/wikidata/prog_occ.do	55
Online Marketing Consultant	1	1566	Other	Worker/Business (small)	consultant	0	1	1	literal_substring_stata_strpos	12	134	Data_Construction/wikidata/prog_occ.do	64
Online Marketing Consultant	1	1649	Other	Worker/Business (small)	marketing	0	1	0	literal_substring_stata_strpos	12	217	Data_Construction/wikidata/prog_occ.do	64
Senior Consultant	1	1566	Other	Worker/Business (small)	consultant	0	1	1	literal_substring_stata_strpos	12	134	Data_Construction/wikidata/prog_occ.do	64
Lightworker	1	1716	Other	Worker/Business (small)	worker	0	1	1	literal_substring_stata_strpos	12	284	Data_Construction/wikidata/prog_occ.do	64
Astrobiologist	1	705	Discovery/Science	Academia	biologist	0	1	1	literal_substring_stata_strpos	4	42	Data_Construction/wikidata/prog_occ.do	56
Planetary scientist	1	894	Discovery/Science	Academia	scientist	0	1	1	literal_substring_stata_strpos	4	231	Data_Construction/wikidata/prog_occ.do	56
Clinician	1	718	Discovery/Science	Academia	clinician	1	1	1	literal_substring_stata_strpos	4	55	Data_Construction/wikidata/prog_occ.do	56
Event planner	1	613	Culture	Culture-periphery	event_planner	1	1	1	literal_substring_stata_strpos	3	44	Data_Construction/wikidata/prog_occ.do	55
Massage therapist	1	916	Discovery/Science	Academia	therapist	0	1	1	literal_substring_stata_strpos	4	253	Data_Construction/wikidata/prog_occ.do	56
Tenor Saxophonist	1	341	Culture	Culture-core	_tenor_	0	1	1	literal_substring_stata_strpos	2	39	Data_Construction/wikidata/prog_occ.do	54
Tenor Saxophonist	1	518	Culture	Culture-core	saxophonist	0	1	0	literal_substring_stata_strpos	2	216	Data_Construction/wikidata/prog_occ.do	54
Hitman	1	1760	Other	Other	_hitman_	1	1	1	literal_substring_stata_strpos	14	15	Data_Construction/wikidata/prog_occ.do	66
Speculative writer	1	343	Culture	Culture-core	_writer	0	1	1	literal_substring_stata_strpos	2	41	Data_Construction/wikidata/prog_occ.do	54
Art therapist	1	916	Discovery/Science	Academia	therapist	0	1	1	literal_substring_stata_strpos	4	253	Data_Construction/wikidata/prog_occ.do	56
Horologist	1	439	Culture	Culture-core	horologist	1	1	1	literal_substring_stata_strpos	2	137	Data_Construction/wikidata/prog_occ.do	54
Information scientist	1	894	Discovery/Science	Academia	scientist	0	1	1	literal_substring_stata_strpos	4	231	Data_Construction/wikidata/prog_occ.do	56
Prison officer	1	1412	Leadership	Military	officer_	0	1	1	literal_substring_stata_strpos	11	50	Data_Construction/wikidata/prog_occ.do	59
Sketch Artist	1	304	Culture	Culture-core	_artist	0	1	1	literal_substring_stata_strpos	2	2	Data_Construction/wikidata/prog_occ.do	54
Griot	1	432	Culture	Culture-core	griot	1	1	1	literal_substring_stata_strpos	2	130	Data_Construction/wikidata/prog_occ.do	54
Non-commissioned officer	1	1412	Leadership	Military	officer_	0	1	1	literal_substring_stata_strpos	11	50	Data_Construction/wikidata/prog_occ.do	59
Artistic Director (Job title)	1	304	Culture	Culture-core	_artist	0	1	1	literal_substring_stata_strpos	2	2	Data_Construction/wikidata/prog_occ.do	54
Music Programmer	1	325	Culture	Culture-core	_music	0	1	1	literal_substring_stata_strpos	2	23	Data_Construction/wikidata/prog_occ.do	54
Music Programmer	1	1202	Discovery/Science	Explorer/Inventor/Developer	programmer	0	1	0	literal_substring_stata_strpos	8	27	Data_Construction/wikidata/prog_occ.do	62
Commanding General, Multi-National Force - Iraq	1	1365	Leadership	Military	_force_	0	1	1	literal_substring_stata_strpos	11	3	Data_Construction/wikidata/prog_occ.do	59
Industrial Supplies Merchant Wholesalers	1	1227	Leadership	Corporate/Executive/Business (large)	industrial	0	1	1	literal_substring_stata_strpos	9	19	Data_Construction/wikidata/prog_occ.do	63
Industrial Supplies Merchant Wholesalers	1	1236	Leadership	Corporate/Executive/Business (large)	merchant	0	1	0	literal_substring_stata_strpos	9	28	Data_Construction/wikidata/prog_occ.do	63
Industrial Supplies Merchant Wholesalers	1	1714	Other	Worker/Business (small)	wholesale	0	1	0	literal_substring_stata_strpos	12	282	Data_Construction/wikidata/prog_occ.do	64
Car Worker	1	1716	Other	Worker/Business (small)	worker	0	1	1	literal_substring_stata_strpos	12	284	Data_Construction/wikidata/prog_occ.do	64
Deli Manager	1	1234	Leadership	Corporate/Executive/Business (large)	manager	0	1	1	literal_substring_stata_strpos	9	26	Data_Construction/wikidata/prog_occ.do	63
Historian of Photography	1	493	Culture	Culture-core	photography	0	1	1	literal_substring_stata_strpos	2	191	Data_Construction/wikidata/prog_occ.do	54
Historian of Photography	1	783	Discovery/Science	Academia	historian	0	1	0	literal_substring_stata_strpos	4	120	Data_Construction/wikidata/prog_occ.do	56
Horse trader	1	1247	Leadership	Corporate/Executive/Business (large)	trader	0	1	1	literal_substring_stata_strpos	9	39	Data_Construction/wikidata/prog_occ.do	63
Swimming coach	1	75	Sports/Games	Sports/Games	coach	0	1	1	literal_substring_stata_strpos	1	75	Data_Construction/wikidata/prog_occ.do	53
Swimming coach	1	265	Sports/Games	Sports/Games	swimming	0	1	0	literal_substring_stata_strpos	1	265	Data_Construction/wikidata/prog_occ.do	53
Merchant navy	1	1236	Leadership	Corporate/Executive/Business (large)	merchant	0	1	1	literal_substring_stata_strpos	9	28	Data_Construction/wikidata/prog_occ.do	63
Merchant navy	1	1410	Leadership	Military	navy	0	1	0	literal_substring_stata_strpos	11	48	Data_Construction/wikidata/prog_occ.do	59
Script coordinator	1	332	Culture	Culture-core	_script_	0	1	1	literal_substring_stata_strpos	2	30	Data_Construction/wikidata/prog_occ.do	54
musician, mastering engineer	1	325	Culture	Culture-core	_music	0	1	1	literal_substring_stata_strpos	2	23	Data_Construction/wikidata/prog_occ.do	54
musician, mastering engineer	1	473	Culture	Culture-core	musician	0	1	0	literal_substring_stata_strpos	2	171	Data_Construction/wikidata/prog_occ.do	54
musician, mastering engineer	1	1187	Discovery/Science	Explorer/Inventor/Developer	engineer	0	1	0	literal_substring_stata_strpos	8	12	Data_Construction/wikidata/prog_occ.do	62
Special Effects Creator	1	313	Culture	Culture-core	_creator_	0	1	1	literal_substring_stata_strpos	2	11	Data_Construction/wikidata/prog_occ.do	54
Special Effects Creator	1	537	Culture	Culture-core	special_effects	0	1	0	literal_substring_stata_strpos	2	235	Data_Construction/wikidata/prog_occ.do	54
Teamster	1	1697	Other	Worker/Business (small)	teamster	1	1	1	literal_substring_stata_strpos	12	265	Data_Construction/wikidata/prog_occ.do	64
Environmental Writer	1	343	Culture	Culture-core	_writer	0	1	1	literal_substring_stata_strpos	2	41	Data_Construction/wikidata/prog_occ.do	54
Karate Instructor	1	147	Sports/Games	Sports/Games	karate	0	1	1	literal_substring_stata_strpos	1	147	Data_Construction/wikidata/prog_occ.do	53
Karate Instructor	1	794	Discovery/Science	Academia	instructor	0	1	0	literal_substring_stata_strpos	4	131	Data_Construction/wikidata/prog_occ.do	56
Fashion Consultant	1	1566	Other	Worker/Business (small)	consultant	0	1	1	literal_substring_stata_strpos	12	134	Data_Construction/wikidata/prog_occ.do	64
Product Designer	1	606	Culture	Culture-periphery	designer	0	1	1	literal_substring_stata_strpos	3	37	Data_Construction/wikidata/prog_occ.do	55
Deputy mayor	1	965	Leadership	Politics	deputy	0	1	1	literal_substring_stata_strpos	5	38	Data_Construction/wikidata/prog_occ.do	57
Deputy mayor	1	998	Leadership	Politics	mayor	0	1	0	literal_substring_stata_strpos	5	71	Data_Construction/wikidata/prog_occ.do	57
System Administrator	1	1047	Leadership	Administration/Law	administrator	0	1	1	literal_substring_stata_strpos	6	1	Data_Construction/wikidata/prog_occ.do	58
machineworker	1	1716	Other	Worker/Business (small)	worker	0	1	1	literal_substring_stata_strpos	12	284	Data_Construction/wikidata/prog_occ.do	64
Director of Special Effects	1	537	Culture	Culture-core	special_effects	0	1	1	literal_substring_stata_strpos	2	235	Data_Construction/wikidata/prog_occ.do	54
Film cinematographer	1	320	Culture	Culture-core	_film_	0	1	1	literal_substring_stata_strpos	2	18	Data_Construction/wikidata/prog_occ.do	54
Film cinematographer	1	385	Culture	Culture-core	cinema	0	1	0	literal_substring_stata_strpos	2	83	Data_Construction/wikidata/prog_occ.do	54
Film cinematographer	1	386	Culture	Culture-core	cinematographer	0	1	0	literal_substring_stata_strpos	2	84	Data_Construction/wikidata/prog_occ.do	54
Distillery Worker	1	1580	Other	Worker/Business (small)	distiller	0	1	1	literal_substring_stata_strpos	12	148	Data_Construction/wikidata/prog_occ.do	64
Distillery Worker	1	1716	Other	Worker/Business (small)	worker	0	1	0	literal_substring_stata_strpos	12	284	Data_Construction/wikidata/prog_occ.do	64
Company Secretary	1	1022	Leadership	Politics	secretary	0	1	1	literal_substring_stata_strpos	5	95	Data_Construction/wikidata/prog_occ.do	57
Cognitive Psychologist	1	883	Discovery/Science	Academia	psychologist	0	1	1	literal_substring_stata_strpos	4	220	Data_Construction/wikidata/prog_occ.do	56
Gymnastics Teacher	1	123	Sports/Games	Sports/Games	gymnast	0	1	1	literal_substring_stata_strpos	1	123	Data_Construction/wikidata/prog_occ.do	53
Gymnastics Teacher	1	910	Discovery/Science	Academia	teacher_	0	1	0	literal_substring_stata_strpos	4	247	Data_Construction/wikidata/prog_occ.do	56
Courtesan	1	1133	Leadership	Nobility	courtesan	1	1	1	literal_substring_stata_strpos	7	25	Data_Construction/wikidata/prog_occ.do	60
Clinical Systems Analyst	1	1514	Other	Worker/Business (small)	analyst	0	1	1	literal_substring_stata_strpos	12	82	Data_Construction/wikidata/prog_occ.do	64
Occupational Therapy Educator	1	738	Discovery/Science	Academia	educator	0	1	1	literal_substring_stata_strpos	4	75	Data_Construction/wikidata/prog_occ.do	56
Surgical Nurse	1	828	Discovery/Science	Academia	nurse	0	1	1	literal_substring_stata_strpos	4	165	Data_Construction/wikidata/prog_occ.do	56
Child Psychiatrist	1	880	Discovery/Science	Academia	psychiatrist	0	1	1	literal_substring_stata_strpos	4	217	Data_Construction/wikidata/prog_occ.do	56
Child Psychiatrist	1	1727	Other	Family	child_	0	1	0	literal_substring_stata_strpos	13	9	Data_Construction/wikidata/prog_occ.do	65
Drama Critic	1	318	Culture	Culture-core	_drama	0	1	1	literal_substring_stata_strpos	2	16	Data_Construction/wikidata/prog_occ.do	54
Drama Critic	1	604	Culture	Culture-periphery	critic	0	1	0	literal_substring_stata_strpos	3	35	Data_Construction/wikidata/prog_occ.do	55
Transient laborer	1	1636	Other	Worker/Business (small)	laborer	0	1	1	literal_substring_stata_strpos	12	204	Data_Construction/wikidata/prog_occ.do	64
port worker	1	1716	Other	Worker/Business (small)	worker	0	1	1	literal_substring_stata_strpos	12	284	Data_Construction/wikidata/prog_occ.do	64
Stage combat	1	338	Culture	Culture-core	_stage_	0	1	1	literal_substring_stata_strpos	2	36	Data_Construction/wikidata/prog_occ.do	54
Aeronautics instructor	1	794	Discovery/Science	Academia	instructor	0	1	1	literal_substring_stata_strpos	4	131	Data_Construction/wikidata/prog_occ.do	56
Pool Player	1	189	Sports/Games	Sports/Games	player	0	1	1	literal_substring_stata_strpos	1	189	Data_Construction/wikidata/prog_occ.do	53
Bioengineer	1	1187	Discovery/Science	Explorer/Inventor/Developer	engineer	0	1	1	literal_substring_stata_strpos	8	12	Data_Construction/wikidata/prog_occ.do	62
Carmelite Friar	1	1256	Leadership	Religious	_friar_	0	1	1	literal_substring_stata_strpos	10	6	Data_Construction/wikidata/prog_occ.do	61
Carmelite Friar	1	1288	Leadership	Religious	carmelite	0	1	0	literal_substring_stata_strpos	10	38	Data_Construction/wikidata/prog_occ.do	61
Federal Government of Canada	1	982	Leadership	Politics	government	0	1	1	literal_substring_stata_strpos	5	55	Data_Construction/wikidata/prog_occ.do	57
Maritime Archaeologist	1	690	Discovery/Science	Academia	archaeologist	0	1	1	literal_substring_stata_strpos	4	27	Data_Construction/wikidata/prog_occ.do	56
Clasics Violin Teacher	1	563	Culture	Culture-core	violin	0	1	1	literal_substring_stata_strpos	2	261	Data_Construction/wikidata/prog_occ.do	54
Clasics Violin Teacher	1	910	Discovery/Science	Academia	teacher_	0	1	0	literal_substring_stata_strpos	4	247	Data_Construction/wikidata/prog_occ.do	56
Fencing master	1	95	Sports/Games	Sports/Games	fencing	0	1	1	literal_substring_stata_strpos	1	95	Data_Construction/wikidata/prog_occ.do	53
Deacon	1	1300	Leadership	Religious	deacon	1	1	1	literal_substring_stata_strpos	10	50	Data_Construction/wikidata/prog_occ.do	61
Herpetologist	1	780	Discovery/Science	Academia	herpetologist	1	1	1	literal_substring_stata_strpos	4	117	Data_Construction/wikidata/prog_occ.do	56
Cavalry Officer	1	1412	Leadership	Military	officer_	0	1	1	literal_substring_stata_strpos	11	50	Data_Construction/wikidata/prog_occ.do	59
Go professional	1	115	Sports/Games	Sports/Games	go_professional	1	1	1	literal_substring_stata_strpos	1	115	Data_Construction/wikidata/prog_occ.do	53
Mastering engineer	1	1187	Discovery/Science	Explorer/Inventor/Developer	engineer	0	1	1	literal_substring_stata_strpos	8	12	Data_Construction/wikidata/prog_occ.do	62
Mercer	1	1475	Other	Worker/Business (small)	_mercer_	1	1	1	literal_substring_stata_strpos	12	43	Data_Construction/wikidata/prog_occ.do	64
Metallurgist	1	1654	Other	Worker/Business (small)	metallurgist	1	1	1	literal_substring_stata_strpos	12	222	Data_Construction/wikidata/prog_occ.do	64
Rum-running	1	222	Sports/Games	Sports/Games	running	0	1	1	literal_substring_stata_strpos	1	222	Data_Construction/wikidata/prog_occ.do	53
Speculator	1	1214	Leadership	Corporate/Executive/Business (large)	_speculator_	1	1	1	literal_substring_stata_strpos	9	6	Data_Construction/wikidata/prog_occ.do	63
Neurobiologist	1	705	Discovery/Science	Academia	biologist	0	1	1	literal_substring_stata_strpos	4	42	Data_Construction/wikidata/prog_occ.do	56
Toy maker	1	1702	Other	Worker/Business (small)	toy_maker	1	1	1	literal_substring_stata_strpos	12	270	Data_Construction/wikidata/prog_occ.do	64
Administrator	1	1047	Leadership	Administration/Law	administrator	1	1	1	literal_substring_stata_strpos	6	1	Data_Construction/wikidata/prog_occ.do	58
Apothecary	1	686	Discovery/Science	Academia	apothecary	1	1	1	literal_substring_stata_strpos	4	23	Data_Construction/wikidata/prog_occ.do	56
Church of Aphrodite	1	1292	Leadership	Religious	_church	0	1	1	literal_substring_stata_strpos	10	42	Data_Construction/wikidata/prog_occ.do	61
Clinical Psychiatrist	1	880	Discovery/Science	Academia	psychiatrist	0	1	1	literal_substring_stata_strpos	4	217	Data_Construction/wikidata/prog_occ.do	56
Landscaper	1	1470	Other	Worker/Business (small)	_landscaper	1	1	1	literal_substring_stata_strpos	12	38	Data_Construction/wikidata/prog_occ.do	64
Multi Media Artist	1	304	Culture	Culture-core	_artist	0	1	1	literal_substring_stata_strpos	2	2	Data_Construction/wikidata/prog_occ.do	54
Multi Media Artist	1	576	Culture	Culture-periphery	_media	0	1	0	literal_substring_stata_strpos	3	7	Data_Construction/wikidata/prog_occ.do	55
Business Manager	1	1218	Leadership	Corporate/Executive/Business (large)	business	0	1	1	literal_substring_stata_strpos	9	10	Data_Construction/wikidata/prog_occ.do	63
Business Manager	1	1234	Leadership	Corporate/Executive/Business (large)	manager	0	1	0	literal_substring_stata_strpos	9	26	Data_Construction/wikidata/prog_occ.do	63
Backing vocalist	1	567	Culture	Culture-core	vocalist	0	1	1	literal_substring_stata_strpos	2	265	Data_Construction/wikidata/prog_occ.do	54
Joomla developer	1	1184	Discovery/Science	Explorer/Inventor/Developer	developer	0	1	1	literal_substring_stata_strpos	8	9	Data_Construction/wikidata/prog_occ.do	62
Trampoline Gymnast	1	123	Sports/Games	Sports/Games	gymnast	0	1	1	literal_substring_stata_strpos	1	123	Data_Construction/wikidata/prog_occ.do	53
Intendant	1	1075	Leadership	Administration/Law	intendant	1	1	1	literal_substring_stata_strpos	6	29	Data_Construction/wikidata/prog_occ.do	58
UI Designer	1	606	Culture	Culture-periphery	designer	0	1	1	literal_substring_stata_strpos	3	37	Data_Construction/wikidata/prog_occ.do	55
Professor (Profession) #40	1	878	Discovery/Science	Academia	professor	0	1	1	literal_substring_stata_strpos	4	215	Data_Construction/wikidata/prog_occ.do	56
Jazz guitarist	1	434	Culture	Culture-core	guitar	0	1	1	literal_substring_stata_strpos	2	132	Data_Construction/wikidata/prog_occ.do	54
Jazz guitarist	1	451	Culture	Culture-core	jazz	0	1	0	literal_substring_stata_strpos	2	149	Data_Construction/wikidata/prog_occ.do	54
Recruitment Officer	1	1412	Leadership	Military	officer_	0	1	1	literal_substring_stata_strpos	11	50	Data_Construction/wikidata/prog_occ.do	59
Houseware designer	1	606	Culture	Culture-periphery	designer	0	1	1	literal_substring_stata_strpos	3	37	Data_Construction/wikidata/prog_occ.do	55
internet business consultant	1	1218	Leadership	Corporate/Executive/Business (large)	business	0	1	1	literal_substring_stata_strpos	9	10	Data_Construction/wikidata/prog_occ.do	63
internet business consultant	1	1566	Other	Worker/Business (small)	consultant	0	1	0	literal_substring_stata_strpos	12	134	Data_Construction/wikidata/prog_occ.do	64
Military Strategist	1	1407	Leadership	Military	militar	0	1	1	literal_substring_stata_strpos	11	45	Data_Construction/wikidata/prog_occ.do	59
High Court Judge	1	1076	Leadership	Administration/Law	judge	0	1	1	literal_substring_stata_strpos	6	30	Data_Construction/wikidata/prog_occ.do	58
Machine Tool operator	1	1661	Other	Worker/Business (small)	operator	0	1	1	literal_substring_stata_strpos	12	229	Data_Construction/wikidata/prog_occ.do	64
Pharmaceutical Entrepreneur	1	1222	Leadership	Corporate/Executive/Business (large)	entrepreneur	0	1	1	literal_substring_stata_strpos	9	14	Data_Construction/wikidata/prog_occ.do	63
First Lady of Chile	1	973	Leadership	Politics	first_lady	0	1	1	literal_substring_stata_strpos	5	46	Data_Construction/wikidata/prog_occ.do	57
Theatre consultant	1	550	Culture	Culture-core	theatre	0	1	1	literal_substring_stata_strpos	2	248	Data_Construction/wikidata/prog_occ.do	54
Theatre consultant	1	1566	Other	Worker/Business (small)	consultant	0	1	0	literal_substring_stata_strpos	12	134	Data_Construction/wikidata/prog_occ.do	64
Employment counsellor	1	1570	Other	Worker/Business (small)	counsellor	0	1	1	literal_substring_stata_strpos	12	138	Data_Construction/wikidata/prog_occ.do	64
Medical assistant	1	812	Discovery/Science	Academia	medical	0	1	1	literal_substring_stata_strpos	4	149	Data_Construction/wikidata/prog_occ.do	56
Robber	1	1765	Other	Other	_robber_	1	1	1	literal_substring_stata_strpos	14	20	Data_Construction/wikidata/prog_occ.do	66
Lord Chamberlain	1	1120	Leadership	Nobility	_lord	0	1	1	literal_substring_stata_strpos	7	12	Data_Construction/wikidata/prog_occ.do	60
Lord Chamberlain	1	1129	Leadership	Nobility	chamberlain	0	1	0	literal_substring_stata_strpos	7	21	Data_Construction/wikidata/prog_occ.do	60
Freedom fighter	1	96	Sports/Games	Sports/Games	fighter	0	0	1	literal_substring_stata_strpos	1	96	Data_Construction/wikidata/prog_occ.do	53
Freedom fighter	1	978	Leadership	Politics	freedom_fighter	1	1	0	literal_substring_stata_strpos	5	51	Data_Construction/wikidata/prog_occ.do	57
Freedom fighter	1	1390	Leadership	Military	fighter	0	0	0	literal_substring_stata_strpos	11	28	Data_Construction/wikidata/prog_occ.do	59
Medicine man	1	813	Discovery/Science	Academia	medicine	0	1	1	literal_substring_stata_strpos	4	150	Data_Construction/wikidata/prog_occ.do	56
Social media strategist	1	576	Culture	Culture-periphery	_media	0	1	1	literal_substring_stata_strpos	3	7	Data_Construction/wikidata/prog_occ.do	55
Vice admiral	1	1368	Leadership	Military	admiral	0	1	1	literal_substring_stata_strpos	11	6	Data_Construction/wikidata/prog_occ.do	59
burglar	1	1751	Other	Other	_burglar_	1	1	1	literal_substring_stata_strpos	14	6	Data_Construction/wikidata/prog_occ.do	66
Basketball Official	1	42	Sports/Games	Sports/Games	basket	0	1	1	literal_substring_stata_strpos	1	42	Data_Construction/wikidata/prog_occ.do	53
Toolmaker	1	1701	Other	Worker/Business (small)	toolmaker	1	1	1	literal_substring_stata_strpos	12	269	Data_Construction/wikidata/prog_occ.do	64
Fur Trader	1	1247	Leadership	Corporate/Executive/Business (large)	trader	0	1	1	literal_substring_stata_strpos	9	39	Data_Construction/wikidata/prog_occ.do	63
Aircraft maintenance technician	1	1698	Other	Worker/Business (small)	technician	0	1	1	literal_substring_stata_strpos	12	266	Data_Construction/wikidata/prog_occ.do	64
Physical Training Instructor	1	794	Discovery/Science	Academia	instructor	0	1	1	literal_substring_stata_strpos	4	131	Data_Construction/wikidata/prog_occ.do	56
Chansonnier	1	378	Culture	Culture-core	chansonnier	1	1	1	literal_substring_stata_strpos	2	76	Data_Construction/wikidata/prog_occ.do	54
Dance Educator	1	314	Culture	Culture-core	_dance_	0	1	1	literal_substring_stata_strpos	2	12	Data_Construction/wikidata/prog_occ.do	54
Dance Educator	1	738	Discovery/Science	Academia	educator	0	1	0	literal_substring_stata_strpos	4	75	Data_Construction/wikidata/prog_occ.do	56
Stunt Assistant	1	340	Culture	Culture-core	_stunt_	0	1	1	literal_substring_stata_strpos	2	38	Data_Construction/wikidata/prog_occ.do	54
Pharmacy technician	1	1698	Other	Worker/Business (small)	technician	0	1	1	literal_substring_stata_strpos	12	266	Data_Construction/wikidata/prog_occ.do	64
Commodore (Military rank) #12	1	1407	Leadership	Military	militar	0	1	1	literal_substring_stata_strpos	11	45	Data_Construction/wikidata/prog_occ.do	59
Post Office Worker	1	1716	Other	Worker/Business (small)	worker	0	1	1	literal_substring_stata_strpos	12	284	Data_Construction/wikidata/prog_occ.do	64
Light Sculptor	1	525	Culture	Culture-core	sculptor	0	1	1	literal_substring_stata_strpos	2	223	Data_Construction/wikidata/prog_occ.do	54
Chairty Worker	1	1716	Other	Worker/Business (small)	worker	0	1	1	literal_substring_stata_strpos	12	284	Data_Construction/wikidata/prog_occ.do	64
School counselor	1	1571	Other	Worker/Business (small)	counselor	0	1	1	literal_substring_stata_strpos	12	139	Data_Construction/wikidata/prog_occ.do	64
Lead vocalist	1	567	Culture	Culture-core	vocalist	0	1	1	literal_substring_stata_strpos	2	265	Data_Construction/wikidata/prog_occ.do	54
Fashion Commentator	1	599	Culture	Culture-periphery	commentator	0	1	1	literal_substring_stata_strpos	3	30	Data_Construction/wikidata/prog_occ.do	55
Perfumer	1	1851	Other	Other	perfumer	1	1	1	literal_substring_stata_strpos	14	106	Data_Construction/wikidata/prog_occ.do	66
Clinical Social Worker	1	1716	Other	Worker/Business (small)	worker	0	1	1	literal_substring_stata_strpos	12	284	Data_Construction/wikidata/prog_occ.do	64
Trapper	1	512	Culture	Culture-core	rapper	0	1	1	literal_substring_stata_strpos	2	210	Data_Construction/wikidata/prog_occ.do	54
Tinsmith	1	1700	Other	Worker/Business (small)	tinsmith	1	1	1	literal_substring_stata_strpos	12	268	Data_Construction/wikidata/prog_occ.do	64
Drama Theorist	1	318	Culture	Culture-core	_drama	0	1	1	literal_substring_stata_strpos	2	16	Data_Construction/wikidata/prog_occ.do	54
Drama Theorist	1	914	Discovery/Science	Academia	theorist	0	1	0	literal_substring_stata_strpos	4	251	Data_Construction/wikidata/prog_occ.do	56
Rock Musician	1	325	Culture	Culture-core	_music	0	1	1	literal_substring_stata_strpos	2	23	Data_Construction/wikidata/prog_occ.do	54
Rock Musician	1	331	Culture	Culture-core	_rock_	0	1	0	literal_substring_stata_strpos	2	29	Data_Construction/wikidata/prog_occ.do	54
Rock Musician	1	473	Culture	Culture-core	musician	0	1	0	literal_substring_stata_strpos	2	171	Data_Construction/wikidata/prog_occ.do	54
Engineering Drafter	1	1187	Discovery/Science	Explorer/Inventor/Developer	engineer	0	1	1	literal_substring_stata_strpos	8	12	Data_Construction/wikidata/prog_occ.do	62
Counsellor	1	1570	Other	Worker/Business (small)	counsellor	1	1	1	literal_substring_stata_strpos	12	138	Data_Construction/wikidata/prog_occ.do	64
Counsellor in Norwich	1	1570	Other	Worker/Business (small)	counsellor	0	1	1	literal_substring_stata_strpos	12	138	Data_Construction/wikidata/prog_occ.do	64
Dramatic colouratura	1	318	Culture	Culture-core	_drama	0	1	1	literal_substring_stata_strpos	2	16	Data_Construction/wikidata/prog_occ.do	54
Forklift operator	1	1661	Other	Worker/Business (small)	operator	0	1	1	literal_substring_stata_strpos	12	229	Data_Construction/wikidata/prog_occ.do	64
Trainer	1	277	Sports/Games	Sports/Games	trainer	1	1	1	literal_substring_stata_strpos	1	277	Data_Construction/wikidata/prog_occ.do	53
Business Coach	1	75	Sports/Games	Sports/Games	coach	0	1	1	literal_substring_stata_strpos	1	75	Data_Construction/wikidata/prog_occ.do	53
Business Coach	1	1218	Leadership	Corporate/Executive/Business (large)	business	0	1	0	literal_substring_stata_strpos	9	10	Data_Construction/wikidata/prog_occ.do	63
Business consultant	1	1218	Leadership	Corporate/Executive/Business (large)	business	0	1	1	literal_substring_stata_strpos	9	10	Data_Construction/wikidata/prog_occ.do	63
Business consultant	1	1566	Other	Worker/Business (small)	consultant	0	1	0	literal_substring_stata_strpos	12	134	Data_Construction/wikidata/prog_occ.do	64
Entrepreneurship	1	1222	Leadership	Corporate/Executive/Business (large)	entrepreneur	0	1	1	literal_substring_stata_strpos	9	14	Data_Construction/wikidata/prog_occ.do	63
School superintendent	1	1103	Leadership	Administration/Law	superintendent	0	1	1	literal_substring_stata_strpos	6	57	Data_Construction/wikidata/prog_occ.do	58
Set Painter	1	483	Culture	Culture-core	painter	0	1	1	literal_substring_stata_strpos	2	181	Data_Construction/wikidata/prog_occ.do	54
Media scholar	1	576	Culture	Culture-periphery	_media	0	1	1	literal_substring_stata_strpos	3	7	Data_Construction/wikidata/prog_occ.do	55
Media scholar	1	890	Discovery/Science	Academia	scholar	0	1	0	literal_substring_stata_strpos	4	227	Data_Construction/wikidata/prog_occ.do	56
Australian rules football coach	1	75	Sports/Games	Sports/Games	coach	0	1	1	literal_substring_stata_strpos	1	75	Data_Construction/wikidata/prog_occ.do	53
Australian rules football coach	1	101	Sports/Games	Sports/Games	football	0	1	0	literal_substring_stata_strpos	1	101	Data_Construction/wikidata/prog_occ.do	53
Optometrist	1	835	Discovery/Science	Academia	optometrist	1	1	1	literal_substring_stata_strpos	4	172	Data_Construction/wikidata/prog_occ.do	56
Army	1	1364	Leadership	Military	_army_	1	1	1	literal_substring_stata_strpos	11	2	Data_Construction/wikidata/prog_occ.do	59
Bankruptcy Lawyer	1	1053	Leadership	Administration/Law	_lawyer	0	1	1	literal_substring_stata_strpos	6	7	Data_Construction/wikidata/prog_occ.do	58
Bankruptcy Lawyer	1	1215	Leadership	Corporate/Executive/Business (large)	bank	0	1	0	literal_substring_stata_strpos	9	7	Data_Construction/wikidata/prog_occ.do	63
divorce lawyer	1	1053	Leadership	Administration/Law	_lawyer	0	1	1	literal_substring_stata_strpos	6	7	Data_Construction/wikidata/prog_occ.do	58
Federal judge	1	1076	Leadership	Administration/Law	judge	0	1	1	literal_substring_stata_strpos	6	30	Data_Construction/wikidata/prog_occ.do	58
UX & Semantic Search Consultant	1	1566	Other	Worker/Business (small)	consultant	0	1	1	literal_substring_stata_strpos	12	134	Data_Construction/wikidata/prog_occ.do	64
Professor of Elocution	1	878	Discovery/Science	Academia	professor	0	1	1	literal_substring_stata_strpos	4	215	Data_Construction/wikidata/prog_occ.do	56
Genealogist	1	758	Discovery/Science	Academia	genealogist	1	1	1	literal_substring_stata_strpos	4	95	Data_Construction/wikidata/prog_occ.do	56
Online producer	1	506	Culture	Culture-core	producer	0	1	1	literal_substring_stata_strpos	2	204	Data_Construction/wikidata/prog_occ.do	54
Medical researcher	1	812	Discovery/Science	Academia	medical	0	1	1	literal_substring_stata_strpos	4	149	Data_Construction/wikidata/prog_occ.do	56
Medical researcher	1	887	Discovery/Science	Academia	research	0	1	0	literal_substring_stata_strpos	4	224	Data_Construction/wikidata/prog_occ.do	56
Computer game designer	1	12	Sports/Games	Sports/Games	_game	0	1	1	literal_substring_stata_strpos	1	12	Data_Construction/wikidata/prog_occ.do	53
Computer game designer	1	606	Culture	Culture-periphery	designer	0	1	0	literal_substring_stata_strpos	3	37	Data_Construction/wikidata/prog_occ.do	55
Otolaryngologist	1	841	Discovery/Science	Academia	otolaryngologist	1	1	1	literal_substring_stata_strpos	4	178	Data_Construction/wikidata/prog_occ.do	56
Serial entrepreneur	1	1222	Leadership	Corporate/Executive/Business (large)	entrepreneur	0	1	1	literal_substring_stata_strpos	9	14	Data_Construction/wikidata/prog_occ.do	63
Locksmith	1	1471	Other	Worker/Business (small)	_locksmith	1	1	1	literal_substring_stata_strpos	12	39	Data_Construction/wikidata/prog_occ.do	64
Hospital Driver	1	9	Sports/Games	Sports/Games	_driver_	0	1	1	literal_substring_stata_strpos	1	9	Data_Construction/wikidata/prog_occ.do	53
Online Editor	1	612	Culture	Culture-periphery	editor	0	1	1	literal_substring_stata_strpos	3	43	Data_Construction/wikidata/prog_occ.do	55
Legal writer	1	343	Culture	Culture-core	_writer	0	1	1	literal_substring_stata_strpos	2	41	Data_Construction/wikidata/prog_occ.do	54
Mayor of Montazels	1	998	Leadership	Politics	mayor	0	1	1	literal_substring_stata_strpos	5	71	Data_Construction/wikidata/prog_occ.do	57
Software Developer (Profession)	1	1184	Discovery/Science	Explorer/Inventor/Developer	developer	0	1	1	literal_substring_stata_strpos	8	9	Data_Construction/wikidata/prog_occ.do	62
Video journalist	1	629	Culture	Culture-periphery	journalist	0	1	1	literal_substring_stata_strpos	3	60	Data_Construction/wikidata/prog_occ.do	55
City council	1	950	Leadership	Politics	city_council	1	1	1	literal_substring_stata_strpos	5	23	Data_Construction/wikidata/prog_occ.do	57
Neuroscience	1	892	Discovery/Science	Academia	science	0	1	1	literal_substring_stata_strpos	4	229	Data_Construction/wikidata/prog_occ.do	56
Sound Artist	1	304	Culture	Culture-core	_artist	0	1	1	literal_substring_stata_strpos	2	2	Data_Construction/wikidata/prog_occ.do	54
Caver	1	666	Discovery/Science	Academia	_caver	1	1	1	literal_substring_stata_strpos	4	3	Data_Construction/wikidata/prog_occ.do	56
Social entrepreneur	1	1222	Leadership	Corporate/Executive/Business (large)	entrepreneur	0	1	1	literal_substring_stata_strpos	9	14	Data_Construction/wikidata/prog_occ.do	63
Economic historian	1	783	Discovery/Science	Academia	historian	0	1	1	literal_substring_stata_strpos	4	120	Data_Construction/wikidata/prog_occ.do	56
Colonel general	1	1380	Leadership	Military	colonel	0	1	1	literal_substring_stata_strpos	11	18	Data_Construction/wikidata/prog_occ.do	59
Printmaker (Music Artist)	1	304	Culture	Culture-core	_artist	0	1	1	literal_substring_stata_strpos	2	2	Data_Construction/wikidata/prog_occ.do	54
Printmaker (Music Artist)	1	504	Culture	Culture-core	printmaker	0	1	0	literal_substring_stata_strpos	2	202	Data_Construction/wikidata/prog_occ.do	54
Dietitian	1	1579	Other	Worker/Business (small)	dietitian	1	1	1	literal_substring_stata_strpos	12	147	Data_Construction/wikidata/prog_occ.do	64
Radiologist	1	886	Discovery/Science	Academia	radiologist	1	1	1	literal_substring_stata_strpos	4	223	Data_Construction/wikidata/prog_occ.do	56
Air Force Officer	1	1365	Leadership	Military	_force_	0	1	1	literal_substring_stata_strpos	11	3	Data_Construction/wikidata/prog_occ.do	59
Air Force Officer	1	1370	Leadership	Military	air_force	0	1	0	literal_substring_stata_strpos	11	8	Data_Construction/wikidata/prog_occ.do	59
Air Force Officer	1	1412	Leadership	Military	officer_	0	1	0	literal_substring_stata_strpos	11	50	Data_Construction/wikidata/prog_occ.do	59
Animation Engineer	1	347	Culture	Culture-core	animation	0	1	1	literal_substring_stata_strpos	2	45	Data_Construction/wikidata/prog_occ.do	54
Animation Engineer	1	1187	Discovery/Science	Explorer/Inventor/Developer	engineer	0	1	0	literal_substring_stata_strpos	8	12	Data_Construction/wikidata/prog_occ.do	62
Secretary-General of the United Nations	1	1022	Leadership	Politics	secretary	0	1	1	literal_substring_stata_strpos	5	95	Data_Construction/wikidata/prog_occ.do	57
Secretary-General of the United Nations	1	1042	Leadership	Politics	united_nation	0	1	0	literal_substring_stata_strpos	5	115	Data_Construction/wikidata/prog_occ.do	57
Design Engineer	1	1187	Discovery/Science	Explorer/Inventor/Developer	engineer	0	1	1	literal_substring_stata_strpos	8	12	Data_Construction/wikidata/prog_occ.do	62
Artillery Officer	1	1412	Leadership	Military	officer_	0	1	1	literal_substring_stata_strpos	11	50	Data_Construction/wikidata/prog_occ.do	59
Jazz Violinist	1	451	Culture	Culture-core	jazz	0	1	1	literal_substring_stata_strpos	2	149	Data_Construction/wikidata/prog_occ.do	54
Jazz Violinist	1	563	Culture	Culture-core	violin	0	1	0	literal_substring_stata_strpos	2	261	Data_Construction/wikidata/prog_occ.do	54
Martial Artist Teacher	1	160	Sports/Games	Sports/Games	martial_art	0	1	1	literal_substring_stata_strpos	1	160	Data_Construction/wikidata/prog_occ.do	53
Martial Artist Teacher	1	304	Culture	Culture-core	_artist	0	1	0	literal_substring_stata_strpos	2	2	Data_Construction/wikidata/prog_occ.do	54
Martial Artist Teacher	1	910	Discovery/Science	Academia	teacher_	0	1	0	literal_substring_stata_strpos	4	247	Data_Construction/wikidata/prog_occ.do	56
Music Collector	1	325	Culture	Culture-core	_music	0	1	1	literal_substring_stata_strpos	2	23	Data_Construction/wikidata/prog_occ.do	54
Music Collector	1	391	Culture	Culture-core	collector	0	1	0	literal_substring_stata_strpos	2	89	Data_Construction/wikidata/prog_occ.do	54
Conceptual Artist	1	304	Culture	Culture-core	_artist	0	1	1	literal_substring_stata_strpos	2	2	Data_Construction/wikidata/prog_occ.do	54
Infantry Weapons Officer	1	1399	Leadership	Military	infantry	0	1	1	literal_substring_stata_strpos	11	37	Data_Construction/wikidata/prog_occ.do	59
Infantry Weapons Officer	1	1412	Leadership	Military	officer_	0	1	0	literal_substring_stata_strpos	11	50	Data_Construction/wikidata/prog_occ.do	59
FBI Agent	1	1071	Leadership	Administration/Law	fbi_agent	1	1	1	literal_substring_stata_strpos	6	25	Data_Construction/wikidata/prog_occ.do	58
Secret police	1	1056	Leadership	Administration/Law	_police_	0	1	1	literal_substring_stata_strpos	6	10	Data_Construction/wikidata/prog_occ.do	58
SEO Analyst	1	1514	Other	Worker/Business (small)	analyst	0	1	1	literal_substring_stata_strpos	12	82	Data_Construction/wikidata/prog_occ.do	64
Geological engineer	1	1187	Discovery/Science	Explorer/Inventor/Developer	engineer	0	1	1	literal_substring_stata_strpos	8	12	Data_Construction/wikidata/prog_occ.do	62
Quantum chemist	1	715	Discovery/Science	Academia	chemist	0	1	1	literal_substring_stata_strpos	4	52	Data_Construction/wikidata/prog_occ.do	56
Quantum chemist	1	885	Discovery/Science	Academia	quantum	0	1	0	literal_substring_stata_strpos	4	222	Data_Construction/wikidata/prog_occ.do	56
Legal analyst	1	1514	Other	Worker/Business (small)	analyst	0	1	1	literal_substring_stata_strpos	12	82	Data_Construction/wikidata/prog_occ.do	64
Hair and Makeup Artist	1	304	Culture	Culture-core	_artist	0	1	1	literal_substring_stata_strpos	2	2	Data_Construction/wikidata/prog_occ.do	54
Hair and Makeup Artist	1	631	Culture	Culture-periphery	makeup_artist	0	1	0	literal_substring_stata_strpos	3	62	Data_Construction/wikidata/prog_occ.do	55
Military police	1	1056	Leadership	Administration/Law	_police_	0	1	1	literal_substring_stata_strpos	6	10	Data_Construction/wikidata/prog_occ.do	58
Military police	1	1407	Leadership	Military	militar	0	1	0	literal_substring_stata_strpos	11	45	Data_Construction/wikidata/prog_occ.do	59
ADR Script Writer	1	332	Culture	Culture-core	_script_	0	1	1	literal_substring_stata_strpos	2	30	Data_Construction/wikidata/prog_occ.do	54
ADR Script Writer	1	343	Culture	Culture-core	_writer	0	1	0	literal_substring_stata_strpos	2	41	Data_Construction/wikidata/prog_occ.do	54
Couturier	1	1450	Other	Worker/Business (small)	_couturier_	1	1	1	literal_substring_stata_strpos	12	18	Data_Construction/wikidata/prog_occ.do	64
Assistant Teacher	1	910	Discovery/Science	Academia	teacher_	0	1	1	literal_substring_stata_strpos	4	247	Data_Construction/wikidata/prog_occ.do	56
Stonemason	1	1692	Other	Worker/Business (small)	stonemason	1	1	1	literal_substring_stata_strpos	12	260	Data_Construction/wikidata/prog_occ.do	64
Impressionist (Profession) #3	1	448	Culture	Culture-core	impressionist	0	1	1	literal_substring_stata_strpos	2	146	Data_Construction/wikidata/prog_occ.do	54
Scribe	1	1096	Leadership	Administration/Law	_scribe	1	1	1	literal_substring_stata_strpos	6	50	Data_Construction/wikidata/prog_occ.do	58
Politician & Trade Unionist	1	1014	Leadership	Politics	politician	0	1	1	literal_substring_stata_strpos	5	87	Data_Construction/wikidata/prog_occ.do	57
Politician & Trade Unionist	1	1038	Leadership	Politics	trade_union	0	1	0	literal_substring_stata_strpos	5	111	Data_Construction/wikidata/prog_occ.do	57
Politician & Trade Unionist	1	1041	Leadership	Politics	unionist	0	1	0	literal_substring_stata_strpos	5	114	Data_Construction/wikidata/prog_occ.do	57
Country Doctor	1	733	Discovery/Science	Academia	doctor	0	1	1	literal_substring_stata_strpos	4	70	Data_Construction/wikidata/prog_occ.do	56
Performer-Songwriter-Musical Director	1	472	Culture	Culture-core	musical_director	0	1	1	literal_substring_stata_strpos	2	170	Data_Construction/wikidata/prog_occ.do	54
Performer-Songwriter-Musical Director	1	488	Culture	Culture-core	performer	0	1	0	literal_substring_stata_strpos	2	186	Data_Construction/wikidata/prog_occ.do	54
Performer-Songwriter-Musical Director	1	535	Culture	Culture-core	songwriter	0	1	0	literal_substring_stata_strpos	2	233	Data_Construction/wikidata/prog_occ.do	54
Food writer	1	343	Culture	Culture-core	_writer	0	1	1	literal_substring_stata_strpos	2	41	Data_Construction/wikidata/prog_occ.do	54
Police commissioner	1	1056	Leadership	Administration/Law	_police_	0	1	1	literal_substring_stata_strpos	6	10	Data_Construction/wikidata/prog_occ.do	58
Police commissioner	1	1067	Leadership	Administration/Law	commissioner	0	1	0	literal_substring_stata_strpos	6	21	Data_Construction/wikidata/prog_occ.do	58
Garden designer	1	606	Culture	Culture-periphery	designer	0	1	1	literal_substring_stata_strpos	3	37	Data_Construction/wikidata/prog_occ.do	55
American Historian	1	783	Discovery/Science	Academia	historian	0	1	1	literal_substring_stata_strpos	4	120	Data_Construction/wikidata/prog_occ.do	56
Paint Artist	1	304	Culture	Culture-core	_artist	0	1	1	literal_substring_stata_strpos	2	2	Data_Construction/wikidata/prog_occ.do	54
Paint Artist	1	328	Culture	Culture-core	_paint_	0	1	0	literal_substring_stata_strpos	2	26	Data_Construction/wikidata/prog_occ.do	54
Molecular Geneticist	1	760	Discovery/Science	Academia	geneticist	0	1	1	literal_substring_stata_strpos	4	97	Data_Construction/wikidata/prog_occ.do	56
Political Assistant	1	1013	Leadership	Politics	political	0	1	1	literal_substring_stata_strpos	5	86	Data_Construction/wikidata/prog_occ.do	57
Internet Executive	1	1223	Leadership	Corporate/Executive/Business (large)	executive	0	1	1	literal_substring_stata_strpos	9	15	Data_Construction/wikidata/prog_occ.do	63
Information technology management	1	1233	Leadership	Corporate/Executive/Business (large)	management	0	1	1	literal_substring_stata_strpos	9	25	Data_Construction/wikidata/prog_occ.do	63
Secret Intelligence Service officer	1	796	Discovery/Science	Academia	intelligence	0	1	1	literal_substring_stata_strpos	4	133	Data_Construction/wikidata/prog_occ.do	56
Secret Intelligence Service officer	1	1400	Leadership	Military	intelligence_service	0	1	0	literal_substring_stata_strpos	11	38	Data_Construction/wikidata/prog_occ.do	59
Secret Intelligence Service officer	1	1412	Leadership	Military	officer_	0	1	0	literal_substring_stata_strpos	11	50	Data_Construction/wikidata/prog_occ.do	59
Ghost singer	1	529	Culture	Culture-core	singer	0	1	1	literal_substring_stata_strpos	2	227	Data_Construction/wikidata/prog_occ.do	54
Health Authority Wages Clerk	1	352	Culture	Culture-core	author	0	1	1	literal_substring_stata_strpos	2	50	Data_Construction/wikidata/prog_occ.do	54
Health Authority Wages Clerk	1	1446	Other	Worker/Business (small)	_clerk	0	1	0	literal_substring_stata_strpos	12	14	Data_Construction/wikidata/prog_occ.do	64
Electronics technician	1	1698	Other	Worker/Business (small)	technician	0	1	1	literal_substring_stata_strpos	12	266	Data_Construction/wikidata/prog_occ.do	64
Digital Marketing Analyst	1	1514	Other	Worker/Business (small)	analyst	0	1	1	literal_substring_stata_strpos	12	82	Data_Construction/wikidata/prog_occ.do	64
Digital Marketing Analyst	1	1649	Other	Worker/Business (small)	marketing	0	1	0	literal_substring_stata_strpos	12	217	Data_Construction/wikidata/prog_occ.do	64
Special Education Teacher	1	737	Discovery/Science	Academia	education	0	1	1	literal_substring_stata_strpos	4	74	Data_Construction/wikidata/prog_occ.do	56
Special Education Teacher	1	910	Discovery/Science	Academia	teacher_	0	1	0	literal_substring_stata_strpos	4	247	Data_Construction/wikidata/prog_occ.do	56
Midwife (Film subject)	1	1655	Other	Worker/Business (small)	midwife	0	1	1	literal_substring_stata_strpos	12	223	Data_Construction/wikidata/prog_occ.do	64
Management Theorist	1	914	Discovery/Science	Academia	theorist	0	1	1	literal_substring_stata_strpos	4	251	Data_Construction/wikidata/prog_occ.do	56
Management Theorist	1	1233	Leadership	Corporate/Executive/Business (large)	management	0	1	0	literal_substring_stata_strpos	9	25	Data_Construction/wikidata/prog_occ.do	63
media & culture scientist	1	576	Culture	Culture-periphery	_media	0	1	1	literal_substring_stata_strpos	3	7	Data_Construction/wikidata/prog_occ.do	55
media & culture scientist	1	894	Discovery/Science	Academia	scientist	0	1	0	literal_substring_stata_strpos	4	231	Data_Construction/wikidata/prog_occ.do	56
Keirin Racer	1	18	Sports/Games	Sports/Games	_racer_	0	1	1	literal_substring_stata_strpos	1	18	Data_Construction/wikidata/prog_occ.do	53
Air traffic controller	1	1511	Other	Worker/Business (small)	air_traffic_controller	1	1	1	literal_substring_stata_strpos	12	79	Data_Construction/wikidata/prog_occ.do	64
Arms Control Analyst	1	1514	Other	Worker/Business (small)	analyst	0	1	1	literal_substring_stata_strpos	12	82	Data_Construction/wikidata/prog_occ.do	64
Internet Marketing	1	1649	Other	Worker/Business (small)	marketing	0	1	1	literal_substring_stata_strpos	12	217	Data_Construction/wikidata/prog_occ.do	64
Waste collector	1	391	Culture	Culture-core	collector	0	1	1	literal_substring_stata_strpos	2	89	Data_Construction/wikidata/prog_occ.do	54
Social Historian	1	783	Discovery/Science	Academia	historian	0	1	1	literal_substring_stata_strpos	4	120	Data_Construction/wikidata/prog_occ.do	56
Professor of Ancient Greek History and Classical Studies	1	878	Discovery/Science	Academia	professor	0	1	1	literal_substring_stata_strpos	4	215	Data_Construction/wikidata/prog_occ.do	56
Professor of Ancient Greek History and Classical Studies	1	907	Discovery/Science	Academia	studies	0	1	0	literal_substring_stata_strpos	4	244	Data_Construction/wikidata/prog_occ.do	56
Psycholinguist	1	805	Discovery/Science	Academia	linguist	0	1	1	literal_substring_stata_strpos	4	142	Data_Construction/wikidata/prog_occ.do	56
Investment advisor	1	940	Leadership	Politics	advisor	0	1	1	literal_substring_stata_strpos	5	13	Data_Construction/wikidata/prog_occ.do	57
Investment advisor	1	1229	Leadership	Corporate/Executive/Business (large)	investment	0	1	0	literal_substring_stata_strpos	9	21	Data_Construction/wikidata/prog_occ.do	63
Video editor	1	612	Culture	Culture-periphery	editor	0	1	1	literal_substring_stata_strpos	3	43	Data_Construction/wikidata/prog_occ.do	55
County court bailiff	1	1061	Leadership	Administration/Law	bailiff	0	1	1	literal_substring_stata_strpos	6	15	Data_Construction/wikidata/prog_occ.do	58
Street sweeper	1	1495	Other	Worker/Business (small)	_sweeper	0	1	1	literal_substring_stata_strpos	12	63	Data_Construction/wikidata/prog_occ.do	64
Private Secretary	1	1022	Leadership	Politics	secretary	0	1	1	literal_substring_stata_strpos	5	95	Data_Construction/wikidata/prog_occ.do	57
Dramaturgist	1	318	Culture	Culture-core	_drama	0	1	1	literal_substring_stata_strpos	2	16	Data_Construction/wikidata/prog_occ.do	54
Production Stage Manager	1	338	Culture	Culture-core	_stage_	0	1	1	literal_substring_stata_strpos	2	36	Data_Construction/wikidata/prog_occ.do	54
Production Stage Manager	1	541	Culture	Culture-core	stage_manager	0	1	0	literal_substring_stata_strpos	2	239	Data_Construction/wikidata/prog_occ.do	54
Production Stage Manager	1	1234	Leadership	Corporate/Executive/Business (large)	manager	0	1	0	literal_substring_stata_strpos	9	26	Data_Construction/wikidata/prog_occ.do	63
Naval Systems Analyst	1	1409	Leadership	Military	naval_	0	1	1	literal_substring_stata_strpos	11	47	Data_Construction/wikidata/prog_occ.do	59
Naval Systems Analyst	1	1514	Other	Worker/Business (small)	analyst	0	1	0	literal_substring_stata_strpos	12	82	Data_Construction/wikidata/prog_occ.do	64
Freelancer	1	618	Culture	Culture-periphery	freelancer	1	1	1	literal_substring_stata_strpos	3	49	Data_Construction/wikidata/prog_occ.do	55
Scout Leader	1	1766	Other	Other	_scout_	0	1	1	literal_substring_stata_strpos	14	21	Data_Construction/wikidata/prog_occ.do	66
Philosopher of Science	1	861	Discovery/Science	Academia	philosopher	0	1	1	literal_substring_stata_strpos	4	198	Data_Construction/wikidata/prog_occ.do	56
Philosopher of Science	1	892	Discovery/Science	Academia	science	0	1	0	literal_substring_stata_strpos	4	229	Data_Construction/wikidata/prog_occ.do	56
Suit actor	1	303	Culture	Culture-core	_actor	0	1	1	literal_substring_stata_strpos	2	1	Data_Construction/wikidata/prog_occ.do	54
Professor of Malayalam	1	878	Discovery/Science	Academia	professor	0	1	1	literal_substring_stata_strpos	4	215	Data_Construction/wikidata/prog_occ.do	56
Stonemasonry	1	1650	Other	Worker/Business (small)	masonry	0	1	1	literal_substring_stata_strpos	12	218	Data_Construction/wikidata/prog_occ.do	64
Stonemasonry	1	1692	Other	Worker/Business (small)	stonemason	0	1	0	literal_substring_stata_strpos	12	260	Data_Construction/wikidata/prog_occ.do	64
Diving instructor	1	90	Sports/Games	Sports/Games	diving	0	1	1	literal_substring_stata_strpos	1	90	Data_Construction/wikidata/prog_occ.do	53
Diving instructor	1	794	Discovery/Science	Academia	instructor	0	1	0	literal_substring_stata_strpos	4	131	Data_Construction/wikidata/prog_occ.do	56
Qualified Flying Instructor	1	794	Discovery/Science	Academia	instructor	0	1	1	literal_substring_stata_strpos	4	131	Data_Construction/wikidata/prog_occ.do	56
ADR Editor	1	612	Culture	Culture-periphery	editor	0	1	1	literal_substring_stata_strpos	3	43	Data_Construction/wikidata/prog_occ.do	55
Figurative Sculptor	1	525	Culture	Culture-core	sculptor	0	1	1	literal_substring_stata_strpos	2	223	Data_Construction/wikidata/prog_occ.do	54
Make-up artist	1	304	Culture	Culture-core	_artist	0	1	1	literal_substring_stata_strpos	2	2	Data_Construction/wikidata/prog_occ.do	54
Child-Care Solicitor	1	1100	Leadership	Administration/Law	solicitor	0	1	1	literal_substring_stata_strpos	6	54	Data_Construction/wikidata/prog_occ.do	58
Cornetist	1	404	Culture	Culture-core	cornetist	1	1	1	literal_substring_stata_strpos	2	102	Data_Construction/wikidata/prog_occ.do	54
Dayan (Religious Leadership Title)	1	1351	Leadership	Religious	religious	0	1	1	literal_substring_stata_strpos	10	101	Data_Construction/wikidata/prog_occ.do	61
Religious Judge	1	1076	Leadership	Administration/Law	judge	0	1	1	literal_substring_stata_strpos	6	30	Data_Construction/wikidata/prog_occ.do	58
Religious Judge	1	1351	Leadership	Religious	religious	0	1	0	literal_substring_stata_strpos	10	101	Data_Construction/wikidata/prog_occ.do	61
Distiller	1	1580	Other	Worker/Business (small)	distiller	1	1	1	literal_substring_stata_strpos	12	148	Data_Construction/wikidata/prog_occ.do	64
Production Manager	1	508	Culture	Culture-core	production_manager	1	1	1	literal_substring_stata_strpos	2	206	Data_Construction/wikidata/prog_occ.do	54
Production Manager	1	1234	Leadership	Corporate/Executive/Business (large)	manager	0	0	0	literal_substring_stata_strpos	9	26	Data_Construction/wikidata/prog_occ.do	63
Bank manager	1	1215	Leadership	Corporate/Executive/Business (large)	bank	0	1	1	literal_substring_stata_strpos	9	7	Data_Construction/wikidata/prog_occ.do	63
Bank manager	1	1234	Leadership	Corporate/Executive/Business (large)	manager	0	1	0	literal_substring_stata_strpos	9	26	Data_Construction/wikidata/prog_occ.do	63
Assistant Sound Editor	1	612	Culture	Culture-periphery	editor	0	1	1	literal_substring_stata_strpos	3	43	Data_Construction/wikidata/prog_occ.do	55
Medical Anthropologist	1	685	Discovery/Science	Academia	anthropologist	0	1	1	literal_substring_stata_strpos	4	22	Data_Construction/wikidata/prog_occ.do	56
Medical Anthropologist	1	812	Discovery/Science	Academia	medical	0	1	0	literal_substring_stata_strpos	4	149	Data_Construction/wikidata/prog_occ.do	56
Population Biologist	1	705	Discovery/Science	Academia	biologist	0	1	1	literal_substring_stata_strpos	4	42	Data_Construction/wikidata/prog_occ.do	56
Standart officer	1	1412	Leadership	Military	officer_	0	1	1	literal_substring_stata_strpos	11	50	Data_Construction/wikidata/prog_occ.do	59
Entrepreneur (Profession) #6	1	1222	Leadership	Corporate/Executive/Business (large)	entrepreneur	0	1	1	literal_substring_stata_strpos	9	14	Data_Construction/wikidata/prog_occ.do	63
Electronic Engineer	1	1187	Discovery/Science	Explorer/Inventor/Developer	engineer	0	1	1	literal_substring_stata_strpos	8	12	Data_Construction/wikidata/prog_occ.do	62
Bailiff	1	1061	Leadership	Administration/Law	bailiff	1	1	1	literal_substring_stata_strpos	6	15	Data_Construction/wikidata/prog_occ.do	58
Prince of Hesse and by Rhine	1	1160	Leadership	Nobility	prince_	0	1	1	literal_substring_stata_strpos	7	52	Data_Construction/wikidata/prog_occ.do	60
Fleet admiral	1	1368	Leadership	Military	admiral	0	1	1	literal_substring_stata_strpos	11	6	Data_Construction/wikidata/prog_occ.do	59
Plastic arts	1	305	Culture	Culture-core	_arts_	0	1	1	literal_substring_stata_strpos	2	3	Data_Construction/wikidata/prog_occ.do	54
Football Analyst	1	101	Sports/Games	Sports/Games	football	0	1	1	literal_substring_stata_strpos	1	101	Data_Construction/wikidata/prog_occ.do	53
Football Analyst	1	1514	Other	Worker/Business (small)	analyst	0	1	0	literal_substring_stata_strpos	12	82	Data_Construction/wikidata/prog_occ.do	64
Kathak Dancer	1	410	Culture	Culture-core	dancer	0	1	1	literal_substring_stata_strpos	2	108	Data_Construction/wikidata/prog_occ.do	54
Showrunner	1	221	Sports/Games	Sports/Games	runner	0	1	1	literal_substring_stata_strpos	1	221	Data_Construction/wikidata/prog_occ.do	53
IT service management	1	1233	Leadership	Corporate/Executive/Business (large)	management	0	1	1	literal_substring_stata_strpos	9	25	Data_Construction/wikidata/prog_occ.do	63
Legal nurse consultant	1	828	Discovery/Science	Academia	nurse	0	1	1	literal_substring_stata_strpos	4	165	Data_Construction/wikidata/prog_occ.do	56
Legal nurse consultant	1	1566	Other	Worker/Business (small)	consultant	0	1	0	literal_substring_stata_strpos	12	134	Data_Construction/wikidata/prog_occ.do	64
Direct marketing	1	1649	Other	Worker/Business (small)	marketing	0	1	1	literal_substring_stata_strpos	12	217	Data_Construction/wikidata/prog_occ.do	64
Inbound Marketing	1	1649	Other	Worker/Business (small)	marketing	0	1	1	literal_substring_stata_strpos	12	217	Data_Construction/wikidata/prog_occ.do	64
Atmospheric scientist	1	894	Discovery/Science	Academia	scientist	0	1	1	literal_substring_stata_strpos	4	231	Data_Construction/wikidata/prog_occ.do	56
United States Ambassador to Seychelles	1	1048	Leadership	Administration/Law	ambassador	0	1	1	literal_substring_stata_strpos	6	2	Data_Construction/wikidata/prog_occ.do	58
Mandolinist	1	464	Culture	Culture-core	mandolinist	1	1	1	literal_substring_stata_strpos	2	162	Data_Construction/wikidata/prog_occ.do	54
Image consultant	1	1566	Other	Worker/Business (small)	consultant	0	1	1	literal_substring_stata_strpos	12	134	Data_Construction/wikidata/prog_occ.do	64
Master mariner	1	1403	Leadership	Military	_marine	0	1	1	literal_substring_stata_strpos	11	41	Data_Construction/wikidata/prog_occ.do	59
European Historian	1	783	Discovery/Science	Academia	historian	0	1	1	literal_substring_stata_strpos	4	120	Data_Construction/wikidata/prog_occ.do	56
Butler	1	1545	Other	Worker/Business (small)	butler	1	1	1	literal_substring_stata_strpos	12	113	Data_Construction/wikidata/prog_occ.do	64
Entrepreneur (Small Business) Nightclub and Auto Paint and Body Shops	1	328	Culture	Culture-core	_paint_	0	1	1	literal_substring_stata_strpos	2	26	Data_Construction/wikidata/prog_occ.do	54
Entrepreneur (Small Business) Nightclub and Auto Paint and Body Shops	1	1218	Leadership	Corporate/Executive/Business (large)	business	0	1	0	literal_substring_stata_strpos	9	10	Data_Construction/wikidata/prog_occ.do	63
Entrepreneur (Small Business) Nightclub and Auto Paint and Body Shops	1	1222	Leadership	Corporate/Executive/Business (large)	entrepreneur	0	1	0	literal_substring_stata_strpos	9	14	Data_Construction/wikidata/prog_occ.do	63
Sociologist of Science	1	892	Discovery/Science	Academia	science	0	1	1	literal_substring_stata_strpos	4	229	Data_Construction/wikidata/prog_occ.do	56
Sociologist of Science	1	902	Discovery/Science	Academia	sociologist	0	1	0	literal_substring_stata_strpos	4	239	Data_Construction/wikidata/prog_occ.do	56
Test engineer	1	1187	Discovery/Science	Explorer/Inventor/Developer	engineer	0	1	1	literal_substring_stata_strpos	8	12	Data_Construction/wikidata/prog_occ.do	62
Botanical Explorer	1	1189	Discovery/Science	Explorer/Inventor/Developer	explorer	0	1	1	literal_substring_stata_strpos	8	14	Data_Construction/wikidata/prog_occ.do	62
Media Entrepreneur	1	576	Culture	Culture-periphery	_media	0	1	1	literal_substring_stata_strpos	3	7	Data_Construction/wikidata/prog_occ.do	55
Media Entrepreneur	1	1222	Leadership	Corporate/Executive/Business (large)	entrepreneur	0	1	0	literal_substring_stata_strpos	9	14	Data_Construction/wikidata/prog_occ.do	63
Neuroendocrinologist	1	743	Discovery/Science	Academia	endocrinologist	0	1	1	literal_substring_stata_strpos	4	80	Data_Construction/wikidata/prog_occ.do	56
Geheimrat	1	1142	Leadership	Nobility	geheimrat	1	1	1	literal_substring_stata_strpos	7	34	Data_Construction/wikidata/prog_occ.do	60
Manager For a Catering Contractor	1	1234	Leadership	Corporate/Executive/Business (large)	manager	0	1	1	literal_substring_stata_strpos	9	26	Data_Construction/wikidata/prog_occ.do	63
Arts Educator	1	305	Culture	Culture-core	_arts_	0	1	1	literal_substring_stata_strpos	2	3	Data_Construction/wikidata/prog_occ.do	54
Arts Educator	1	738	Discovery/Science	Academia	educator	0	1	0	literal_substring_stata_strpos	4	75	Data_Construction/wikidata/prog_occ.do	56
Structural biologist	1	705	Discovery/Science	Academia	biologist	0	1	1	literal_substring_stata_strpos	4	42	Data_Construction/wikidata/prog_occ.do	56
Soundtrack Composer	1	398	Culture	Culture-core	composer	0	1	1	literal_substring_stata_strpos	2	96	Data_Construction/wikidata/prog_occ.do	54
Lutenist	1	461	Culture	Culture-core	lutenist	1	1	1	literal_substring_stata_strpos	2	159	Data_Construction/wikidata/prog_occ.do	54
Stage mother	1	338	Culture	Culture-core	_stage_	0	1	1	literal_substring_stata_strpos	2	36	Data_Construction/wikidata/prog_occ.do	54
Personal injury lawyer	1	1053	Leadership	Administration/Law	_lawyer	0	1	1	literal_substring_stata_strpos	6	7	Data_Construction/wikidata/prog_occ.do	58
Political analyst	1	1013	Leadership	Politics	political	0	1	1	literal_substring_stata_strpos	5	86	Data_Construction/wikidata/prog_occ.do	57
Political analyst	1	1514	Other	Worker/Business (small)	analyst	0	1	0	literal_substring_stata_strpos	12	82	Data_Construction/wikidata/prog_occ.do	64
Personal chef	1	1444	Other	Worker/Business (small)	_chef_	0	1	1	literal_substring_stata_strpos	12	12	Data_Construction/wikidata/prog_occ.do	64
Policy Consultant	1	1566	Other	Worker/Business (small)	consultant	0	1	1	literal_substring_stata_strpos	12	134	Data_Construction/wikidata/prog_occ.do	64
Medical technologist	1	812	Discovery/Science	Academia	medical	0	1	1	literal_substring_stata_strpos	4	149	Data_Construction/wikidata/prog_occ.do	56
Painting	1	484	Culture	Culture-core	painting	1	1	1	literal_substring_stata_strpos	2	182	Data_Construction/wikidata/prog_occ.do	54
Yoga Consultant	1	1566	Other	Worker/Business (small)	consultant	0	1	1	literal_substring_stata_strpos	12	134	Data_Construction/wikidata/prog_occ.do	64
Computer repair technician	1	1698	Other	Worker/Business (small)	technician	0	1	1	literal_substring_stata_strpos	12	266	Data_Construction/wikidata/prog_occ.do	64
Roller Skater	1	234	Sports/Games	Sports/Games	skater	0	1	1	literal_substring_stata_strpos	1	234	Data_Construction/wikidata/prog_occ.do	53
Biomedical Engineer	1	706	Discovery/Science	Academia	biomedical	0	1	1	literal_substring_stata_strpos	4	43	Data_Construction/wikidata/prog_occ.do	56
Biomedical Engineer	1	812	Discovery/Science	Academia	medical	0	1	0	literal_substring_stata_strpos	4	149	Data_Construction/wikidata/prog_occ.do	56
Biomedical Engineer	1	1187	Discovery/Science	Explorer/Inventor/Developer	engineer	0	1	0	literal_substring_stata_strpos	8	12	Data_Construction/wikidata/prog_occ.do	62
Arms Policy Analyst	1	1514	Other	Worker/Business (small)	analyst	0	1	1	literal_substring_stata_strpos	12	82	Data_Construction/wikidata/prog_occ.do	64
Navy pilot	1	1410	Leadership	Military	navy	0	1	1	literal_substring_stata_strpos	11	48	Data_Construction/wikidata/prog_occ.do	59
Nude model	1	577	Culture	Culture-periphery	_model_	0	1	1	literal_substring_stata_strpos	3	8	Data_Construction/wikidata/prog_occ.do	55
Rodeo clown	1	217	Sports/Games	Sports/Games	rodeo	0	1	1	literal_substring_stata_strpos	1	217	Data_Construction/wikidata/prog_occ.do	53
Rodeo clown	1	310	Culture	Culture-core	_clown_	0	1	0	literal_substring_stata_strpos	2	8	Data_Construction/wikidata/prog_occ.do	54
Business process outsourcing	1	1218	Leadership	Corporate/Executive/Business (large)	business	0	1	1	literal_substring_stata_strpos	9	10	Data_Construction/wikidata/prog_occ.do	63
Investment banking	1	1215	Leadership	Corporate/Executive/Business (large)	bank	0	1	1	literal_substring_stata_strpos	9	7	Data_Construction/wikidata/prog_occ.do	63
Investment banking	1	1229	Leadership	Corporate/Executive/Business (large)	investment	0	1	0	literal_substring_stata_strpos	9	21	Data_Construction/wikidata/prog_occ.do	63
Wrestling Booker	1	299	Sports/Games	Sports/Games	wrestling	0	1	1	literal_substring_stata_strpos	1	299	Data_Construction/wikidata/prog_occ.do	53
Promotional model	1	577	Culture	Culture-periphery	_model_	0	1	1	literal_substring_stata_strpos	3	8	Data_Construction/wikidata/prog_occ.do	55
Oficer-Major of King Zog  I	1	1119	Leadership	Nobility	_king_	0	1	1	literal_substring_stata_strpos	7	11	Data_Construction/wikidata/prog_occ.do	60
Solicitor advocate	1	1058	Leadership	Administration/Law	advocate	0	1	1	literal_substring_stata_strpos	6	12	Data_Construction/wikidata/prog_occ.do	58
Solicitor advocate	1	1100	Leadership	Administration/Law	solicitor	0	1	0	literal_substring_stata_strpos	6	54	Data_Construction/wikidata/prog_occ.do	58
Porcelain painter	1	483	Culture	Culture-core	painter	0	1	1	literal_substring_stata_strpos	2	181	Data_Construction/wikidata/prog_occ.do	54
Watercolor paint	1	328	Culture	Culture-core	_paint_	0	1	1	literal_substring_stata_strpos	2	26	Data_Construction/wikidata/prog_occ.do	54
CG Artist	1	304	Culture	Culture-core	_artist	0	1	1	literal_substring_stata_strpos	2	2	Data_Construction/wikidata/prog_occ.do	54
Business journalist	1	629	Culture	Culture-periphery	journalist	0	1	1	literal_substring_stata_strpos	3	60	Data_Construction/wikidata/prog_occ.do	55
Business journalist	1	1218	Leadership	Corporate/Executive/Business (large)	business	0	1	0	literal_substring_stata_strpos	9	10	Data_Construction/wikidata/prog_occ.do	63
Free speech activist	1	939	Leadership	Politics	activist	0	1	1	literal_substring_stata_strpos	5	12	Data_Construction/wikidata/prog_occ.do	57
Salsa Dancer	1	410	Culture	Culture-core	dancer	0	1	1	literal_substring_stata_strpos	2	108	Data_Construction/wikidata/prog_occ.do	54
First Gentleman	1	1807	Other	Other	gentleman	0	1	1	literal_substring_stata_strpos	14	62	Data_Construction/wikidata/prog_occ.do	66
geodesist	1	762	Discovery/Science	Academia	geodesist	1	1	1	literal_substring_stata_strpos	4	99	Data_Construction/wikidata/prog_occ.do	56
Ethnobotanist	1	708	Discovery/Science	Academia	botanist	0	1	1	literal_substring_stata_strpos	4	45	Data_Construction/wikidata/prog_occ.do	56
Singer/Songwriter/Producer/Filmmaker	1	424	Culture	Culture-core	filmmaker	0	1	1	literal_substring_stata_strpos	2	122	Data_Construction/wikidata/prog_occ.do	54
Singer/Songwriter/Producer/Filmmaker	1	506	Culture	Culture-core	producer	0	1	0	literal_substring_stata_strpos	2	204	Data_Construction/wikidata/prog_occ.do	54
Singer/Songwriter/Producer/Filmmaker	1	529	Culture	Culture-core	singer	0	1	0	literal_substring_stata_strpos	2	227	Data_Construction/wikidata/prog_occ.do	54
Singer/Songwriter/Producer/Filmmaker	1	535	Culture	Culture-core	songwriter	0	1	0	literal_substring_stata_strpos	2	233	Data_Construction/wikidata/prog_occ.do	54
Taxonomist	1	909	Discovery/Science	Academia	taxonomist	1	1	1	literal_substring_stata_strpos	4	246	Data_Construction/wikidata/prog_occ.do	56
Plant Biologist	1	705	Discovery/Science	Academia	biologist	0	1	1	literal_substring_stata_strpos	4	42	Data_Construction/wikidata/prog_occ.do	56
Founder/President T. Mellon & Sons Bank	1	1215	Leadership	Corporate/Executive/Business (large)	bank	0	1	1	literal_substring_stata_strpos	9	7	Data_Construction/wikidata/prog_occ.do	63
Founder/President T. Mellon & Sons Bank	1	1725	Other	Family	_sons_	0	1	0	literal_substring_stata_strpos	13	7	Data_Construction/wikidata/prog_occ.do	65
Stylist	1	580	Culture	Culture-periphery	_stylist_	1	1	1	literal_substring_stata_strpos	3	11	Data_Construction/wikidata/prog_occ.do	55
Pyrotechnician	1	1698	Other	Worker/Business (small)	technician	0	1	1	literal_substring_stata_strpos	12	266	Data_Construction/wikidata/prog_occ.do	64
Rails Developer	1	1184	Discovery/Science	Explorer/Inventor/Developer	developer	0	1	1	literal_substring_stata_strpos	8	9	Data_Construction/wikidata/prog_occ.do	62
Ruby Developer	1	1184	Discovery/Science	Explorer/Inventor/Developer	developer	0	1	1	literal_substring_stata_strpos	8	9	Data_Construction/wikidata/prog_occ.do	62
Penologist	1	854	Discovery/Science	Academia	penologist	1	1	1	literal_substring_stata_strpos	4	191	Data_Construction/wikidata/prog_occ.do	56
Outreach worker	1	1716	Other	Worker/Business (small)	worker	0	1	1	literal_substring_stata_strpos	12	284	Data_Construction/wikidata/prog_occ.do	64
Youth worker	1	1716	Other	Worker/Business (small)	worker	0	1	1	literal_substring_stata_strpos	12	284	Data_Construction/wikidata/prog_occ.do	64
Veterinary Technician	1	1698	Other	Worker/Business (small)	technician	0	1	1	literal_substring_stata_strpos	12	266	Data_Construction/wikidata/prog_occ.do	64
Hacker (TV subject)	1	1757	Other	Other	_hacker_	0	1	1	literal_substring_stata_strpos	14	12	Data_Construction/wikidata/prog_occ.do	66
Advocate General	1	1058	Leadership	Administration/Law	advocate	0	1	1	literal_substring_stata_strpos	6	12	Data_Construction/wikidata/prog_occ.do	58
Central Intelligence Agency Officer	1	796	Discovery/Science	Academia	intelligence	0	1	1	literal_substring_stata_strpos	4	133	Data_Construction/wikidata/prog_occ.do	56
Central Intelligence Agency Officer	1	1412	Leadership	Military	officer_	0	1	0	literal_substring_stata_strpos	11	50	Data_Construction/wikidata/prog_occ.do	59
Singer (Profession) #212	1	529	Culture	Culture-core	singer	0	1	1	literal_substring_stata_strpos	2	227	Data_Construction/wikidata/prog_occ.do	54
Nature Historian	1	783	Discovery/Science	Academia	historian	0	1	1	literal_substring_stata_strpos	4	120	Data_Construction/wikidata/prog_occ.do	56
Prince of Novgorod	1	1160	Leadership	Nobility	prince_	0	1	1	literal_substring_stata_strpos	7	52	Data_Construction/wikidata/prog_occ.do	60
Communications Consultant	1	1564	Other	Worker/Business (small)	communication	0	1	1	literal_substring_stata_strpos	12	132	Data_Construction/wikidata/prog_occ.do	64
Communications Consultant	1	1566	Other	Worker/Business (small)	consultant	0	1	0	literal_substring_stata_strpos	12	134	Data_Construction/wikidata/prog_occ.do	64
Architectural Critic	1	586	Culture	Culture-periphery	architect	0	1	1	literal_substring_stata_strpos	3	17	Data_Construction/wikidata/prog_occ.do	55
Architectural Critic	1	604	Culture	Culture-periphery	critic	0	1	0	literal_substring_stata_strpos	3	35	Data_Construction/wikidata/prog_occ.do	55
Sheriff officer	1	1099	Leadership	Administration/Law	sheriff	0	1	1	literal_substring_stata_strpos	6	53	Data_Construction/wikidata/prog_occ.do	58
Sheriff officer	1	1412	Leadership	Military	officer_	0	1	0	literal_substring_stata_strpos	11	50	Data_Construction/wikidata/prog_occ.do	59
Nurse anesthetist	1	828	Discovery/Science	Academia	nurse	0	1	1	literal_substring_stata_strpos	4	165	Data_Construction/wikidata/prog_occ.do	56
pedagogue assistant	1	851	Discovery/Science	Academia	pedagogue	0	1	1	literal_substring_stata_strpos	4	188	Data_Construction/wikidata/prog_occ.do	56
Physician assistant	1	867	Discovery/Science	Academia	physician	0	1	1	literal_substring_stata_strpos	4	204	Data_Construction/wikidata/prog_occ.do	56
Hydrographer	1	789	Discovery/Science	Academia	hydrographer	1	1	1	literal_substring_stata_strpos	4	126	Data_Construction/wikidata/prog_occ.do	56
Hydrogeologist	1	765	Discovery/Science	Academia	geologist	0	1	1	literal_substring_stata_strpos	4	102	Data_Construction/wikidata/prog_occ.do	56
Methodist Preacher (Profession)	1	1343	Leadership	Religious	preacher	0	1	1	literal_substring_stata_strpos	10	93	Data_Construction/wikidata/prog_occ.do	61
Rocket scientist	1	894	Discovery/Science	Academia	scientist	0	1	1	literal_substring_stata_strpos	4	231	Data_Construction/wikidata/prog_occ.do	56
Figure skating coach	1	75	Sports/Games	Sports/Games	coach	0	1	1	literal_substring_stata_strpos	1	75	Data_Construction/wikidata/prog_occ.do	53
Figure skating coach	1	235	Sports/Games	Sports/Games	skating	0	1	0	literal_substring_stata_strpos	1	235	Data_Construction/wikidata/prog_occ.do	53
Puzzle designer	1	606	Culture	Culture-periphery	designer	0	1	1	literal_substring_stata_strpos	3	37	Data_Construction/wikidata/prog_occ.do	55
Refrigeration Engineer	1	1187	Discovery/Science	Explorer/Inventor/Developer	engineer	0	1	1	literal_substring_stata_strpos	8	12	Data_Construction/wikidata/prog_occ.do	62
Architectural Sculptor	1	525	Culture	Culture-core	sculptor	0	1	1	literal_substring_stata_strpos	2	223	Data_Construction/wikidata/prog_occ.do	54
Architectural Sculptor	1	586	Culture	Culture-periphery	architect	0	1	0	literal_substring_stata_strpos	3	17	Data_Construction/wikidata/prog_occ.do	55
Settler	1	1207	Discovery/Science	Explorer/Inventor/Developer	settler	1	1	1	literal_substring_stata_strpos	8	32	Data_Construction/wikidata/prog_occ.do	62
Palaeontologist (Profession) #1	1	844	Discovery/Science	Academia	palaeontologist	0	1	1	literal_substring_stata_strpos	4	181	Data_Construction/wikidata/prog_occ.do	56
Book Designer	1	606	Culture	Culture-periphery	designer	0	1	1	literal_substring_stata_strpos	3	37	Data_Construction/wikidata/prog_occ.do	55
Joiner	1	1469	Other	Worker/Business (small)	_joiner_	1	1	1	literal_substring_stata_strpos	12	37	Data_Construction/wikidata/prog_occ.do	64
Orientalist	1	837	Discovery/Science	Academia	orientalist	1	1	1	literal_substring_stata_strpos	4	174	Data_Construction/wikidata/prog_occ.do	56
Train Conductor	1	401	Culture	Culture-core	conductor	0	1	1	literal_substring_stata_strpos	2	99	Data_Construction/wikidata/prog_occ.do	54
Diocesan bishop	1	1280	Leadership	Religious	bishop	0	1	1	literal_substring_stata_strpos	10	30	Data_Construction/wikidata/prog_occ.do	61
Actor (Profession) #80	1	303	Culture	Culture-core	_actor	0	1	1	literal_substring_stata_strpos	2	1	Data_Construction/wikidata/prog_occ.do	54
Audio Dramatist	1	318	Culture	Culture-core	_drama	0	1	1	literal_substring_stata_strpos	2	16	Data_Construction/wikidata/prog_occ.do	54
Audio Dramatist	1	412	Culture	Culture-core	dramatist	0	1	0	literal_substring_stata_strpos	2	110	Data_Construction/wikidata/prog_occ.do	54
Audio Dramatist	1	574	Culture	Culture-periphery	_audio	0	1	0	literal_substring_stata_strpos	3	5	Data_Construction/wikidata/prog_occ.do	55
Rector (Profession)	1	669	Discovery/Science	Academia	_rector_	0	1	1	literal_substring_stata_strpos	4	6	Data_Construction/wikidata/prog_occ.do	56
Slave Trader	1	1247	Leadership	Corporate/Executive/Business (large)	trader	0	1	1	literal_substring_stata_strpos	9	39	Data_Construction/wikidata/prog_occ.do	63
Slave Trader	1	1767	Other	Other	_slave_	0	1	0	literal_substring_stata_strpos	14	22	Data_Construction/wikidata/prog_occ.do	66
Stamp designer	1	606	Culture	Culture-periphery	designer	0	1	1	literal_substring_stata_strpos	3	37	Data_Construction/wikidata/prog_occ.do	55
Professional Artist	1	304	Culture	Culture-core	_artist	0	1	1	literal_substring_stata_strpos	2	2	Data_Construction/wikidata/prog_occ.do	54
Management	1	1233	Leadership	Corporate/Executive/Business (large)	management	1	1	1	literal_substring_stata_strpos	9	25	Data_Construction/wikidata/prog_occ.do	63
Pediatrics	1	853	Discovery/Science	Academia	pediatrics	1	1	1	literal_substring_stata_strpos	4	190	Data_Construction/wikidata/prog_occ.do	56
IT/Software Developer	1	1184	Discovery/Science	Explorer/Inventor/Developer	developer	0	1	1	literal_substring_stata_strpos	8	9	Data_Construction/wikidata/prog_occ.do	62
Web Application Developer	1	1184	Discovery/Science	Explorer/Inventor/Developer	developer	0	1	1	literal_substring_stata_strpos	8	9	Data_Construction/wikidata/prog_occ.do	62
Inbound marketing	1	1649	Other	Worker/Business (small)	marketing	0	1	1	literal_substring_stata_strpos	12	217	Data_Construction/wikidata/prog_occ.do	64
Online marketing consultant specializing in SEO	1	1566	Other	Worker/Business (small)	consultant	0	1	1	literal_substring_stata_strpos	12	134	Data_Construction/wikidata/prog_occ.do	64
Online marketing consultant specializing in SEO	1	1649	Other	Worker/Business (small)	marketing	0	1	0	literal_substring_stata_strpos	12	217	Data_Construction/wikidata/prog_occ.do	64
Marketing Specialist	1	1649	Other	Worker/Business (small)	marketing	0	1	1	literal_substring_stata_strpos	12	217	Data_Construction/wikidata/prog_occ.do	64
Business Analyst	1	1218	Leadership	Corporate/Executive/Business (large)	business	0	1	1	literal_substring_stata_strpos	9	10	Data_Construction/wikidata/prog_occ.do	63
Business Analyst	1	1514	Other	Worker/Business (small)	analyst	0	1	0	literal_substring_stata_strpos	12	82	Data_Construction/wikidata/prog_occ.do	64
Digital Marketing Strategist (Job title)	1	1649	Other	Worker/Business (small)	marketing	0	1	1	literal_substring_stata_strpos	12	217	Data_Construction/wikidata/prog_occ.do	64
