rank	raw_value	graph_people	normalized_label	lookup_method	match_status	candidate_level1	candidate_level2	candidate_parent_pairs_json	candidate_level1_count	candidate_level2_count	candidate_keywords_json	selected_rule_priorities_json	all_substring_parent_pairs_json	all_substring_rule_priorities_json	author_first_match_level1	author_first_match_level2	author_first_match_keyword	exact_overrides_first_match_l1	exact_overrides_first_match_parent	observed_main_reference_json	observed_reference_disagrees	observed_reference_l1_disagrees	lookup_flags_json	previous_llm_level1	previous_llm_status	previous_llm_confidence	previous_llm_comparison	review_flags_json	auxiliary_reference_only_without_author_rule	mapping_version	label_status	sample_people_json
4	Performance Artist	16505	performance_artist	author_substring	substring_unique_candidate	Culture	Culture-core	"[[""Culture"",""Culture-core""]]"	1	1	"[""_artist""]"	[304]	"[[""Culture"",""Culture-core""]]"	[304]	Culture	Culture-core	_artist	0	0	[]	0	0	"[""substring_requires_transfer_review""]"	Culture	proposed	high	agrees_with_previous_llm	"[""substring_requires_transfer_review""]"	0	freebase_bhht_author_lookup_v1	lookup_candidate_not_frozen	"[""\""Weird Al\"" Yankovic"", ""/m/02k2kw"", ""100 Kila""]"
7	Film director	8505	film_director	author_substring	substring_unique_candidate	Culture	Culture-core	"[[""Culture"",""Culture-core""]]"	1	1	"[""_film_""]"	[320]	"[[""Culture"",""Culture-core""]]"	[320]	Culture	Culture-core	_film_	0	0	[]	0	0	"[""substring_requires_transfer_review""]"	Culture	proposed	high	agrees_with_previous_llm	"[""substring_requires_transfer_review""]"	0	freebase_bhht_author_lookup_v1	lookup_candidate_not_frozen	"[""\""Weird Al\"" Yankovic"", ""23668Rajendra Singh Babu"", ""A. B. Raj""]"
8	Film Producer	8141	film_producer	author_substring	substring_unique_candidate	Culture	Culture-core	"[[""Culture"",""Culture-core""]]"	1	1	"[""_film_"",""producer""]"	[320,506]	"[[""Culture"",""Culture-core""]]"	[320,506]	Culture	Culture-core	_film_	0	0	[]	0	0	"[""substring_requires_transfer_review""]"	Culture	proposed	high	agrees_with_previous_llm	"[""substring_requires_transfer_review""]"	0	freebase_bhht_author_lookup_v1	lookup_candidate_not_frozen	"[""23668Rajendra Singh Babu"", ""50 Cent"", ""A Martinez""]"
12	Business executive	4245	business_executive	author_substring	substring_unique_candidate	Leadership	Corporate/Executive/Business (large)	"[[""Leadership"",""Corporate/Executive/Business (large)""]]"	1	1	"[""business"",""executive""]"	[1218,1223]	"[[""Leadership"",""Corporate/Executive/Business (large)""]]"	[1218,1223]	Leadership	Corporate/Executive/Business (large)	business	0	0	[]	0	0	"[""substring_requires_transfer_review""]"	Leadership	proposed	high	agrees_with_previous_llm	"[""substring_requires_transfer_review""]"	0	freebase_bhht_author_lookup_v1	lookup_candidate_not_frozen	"[""\""Weird Al\"" Yankovic"", ""/m/017vbn"", ""A-Trak""]"
14	Businessperson	4031	businessperson	author_substring	substring_unique_candidate	Leadership	Corporate/Executive/Business (large)	"[[""Leadership"",""Corporate/Executive/Business (large)""]]"	1	1	"[""business""]"	[1218]	"[[""Leadership"",""Corporate/Executive/Business (large)""]]"	[1218]	Leadership	Corporate/Executive/Business (large)	business	0	0	[]	0	0	"[""substring_requires_transfer_review""]"	Leadership	proposed	medium	agrees_with_previous_llm	"[""substring_requires_transfer_review""]"	0	freebase_bhht_author_lookup_v1	lookup_candidate_not_frozen	"[""50 Cent"", ""A. Alfred Taubman"", ""A. D. Peters""]"
16	Voice Actor	3657	voice_actor	author_substring	substring_unique_candidate	Culture	Culture-core	"[[""Culture"",""Culture-core""]]"	1	1	"[""_actor""]"	[303]	"[[""Culture"",""Culture-core""]]"	[303]	Culture	Culture-core	_actor	0	0	[]	0	0	"[""substring_requires_transfer_review""]"	Culture	proposed	high	agrees_with_previous_llm	"[""substring_requires_transfer_review""]"	0	freebase_bhht_author_lookup_v1	lookup_candidate_not_frozen	"[""A.J. Trauth"", ""Aaron Michael Metchik"", ""Aaron Paul""]"
18	Composer (Profession)	3520	composer_(profession)	author_substring	substring_unique_candidate	Culture	Culture-core	"[[""Culture"",""Culture-core""]]"	1	1	"[""composer""]"	[398]	"[[""Culture"",""Culture-core""]]"	[398]	Culture	Culture-core	composer	0	0	[]	0	0	"[""substring_requires_transfer_review""]"	Culture	proposed	high	agrees_with_previous_llm	"[""substring_requires_transfer_review""]"	0	freebase_bhht_author_lookup_v1	lookup_candidate_not_frozen	"[""\""Weird Al\"" Yankovic"", ""A. M. Rajah"", ""A. R. Rahman""]"
19	Television producer	3307	television_producer	author_substring	substring_same_l1_multiple_l2	Culture		"[[""Culture"",""Culture-core""],[""Culture"",""Culture-periphery""]]"	1	2	"[""producer"",""television""]"	[506,655]	"[[""Culture"",""Culture-core""],[""Culture"",""Culture-periphery""]]"	[506,655]	Culture	Culture-core	producer	0	0	[]	0	0	"[""substring_requires_transfer_review"",""multiple_author_l2_candidates""]"	Culture	proposed	high	agrees_with_previous_llm	"[""substring_requires_transfer_review"",""multiple_author_l2_candidates""]"	0	freebase_bhht_author_lookup_v1	lookup_candidate_not_frozen	"[""\""Weird Al\"" Yankovic"", ""A. C. Lyles"", ""A. Edward Sutherland""]"
21	Broadcaster	3132	broadcaster	author_substring	substring_unique_candidate	Culture	Culture-periphery	"[[""Culture"",""Culture-periphery""]]"	1	1	"[""broadcast""]"	[592]	"[[""Culture"",""Culture-periphery""]]"	[592]	Culture	Culture-periphery	broadcast	0	0	[]	0	0	"[""substring_requires_transfer_review""]"	Culture	proposed	high	agrees_with_previous_llm	"[""substring_requires_transfer_review""]"	0	freebase_bhht_author_lookup_v1	lookup_candidate_not_frozen	"[""A. J. Benza"", ""Aarre Elo"", ""Abby Huntsman""]"
23	Football player	2863	football_player	author_substring	substring_unique_candidate	Sports/Games	Sports/Games	"[[""Sports/Games"",""Sports/Games""]]"	1	1	"[""football"",""player""]"	[101,189]	"[[""Sports/Games"",""Sports/Games""]]"	[101,189]	Sports/Games	Sports/Games	football	0	0	[]	0	0	"[""substring_requires_transfer_review""]"	Sports/Games	proposed	high	agrees_with_previous_llm	"[""substring_requires_transfer_review""]"	0	freebase_bhht_author_lookup_v1	lookup_candidate_not_frozen	"[""A'ala Hubail"", ""A. J. Feeley"", ""Aaron Curry""]"
27	Television director	2438	television_director	author_substring	substring_unique_candidate	Culture	Culture-periphery	"[[""Culture"",""Culture-periphery""]]"	1	1	"[""television""]"	[655]	"[[""Culture"",""Culture-periphery""]]"	[655]	Culture	Culture-periphery	television	0	0	[]	0	0	"[""substring_requires_transfer_review""]"	Culture	proposed	high	agrees_with_previous_llm	"[""substring_requires_transfer_review""]"	0	freebase_bhht_author_lookup_v1	lookup_candidate_not_frozen	"[""\""Weird Al\"" Yankovic"", ""A. Edward Sutherland"", ""Aaron D. Forste""]"
29	Criminal defense lawyer	2304	criminal_defense_lawyer	author_substring	substring_cross_l1_conflict			"[[""Leadership"",""Administration/Law""],[""Other"",""Other""]]"	2	2	"[""_lawyer"",""criminal""]"	[1053,1792]	"[[""Leadership"",""Administration/Law""],[""Other"",""Other""]]"	[1053,1792]	Leadership	Administration/Law	_lawyer	0	0	[]	0	0	"[""substring_requires_transfer_review"",""multiple_author_l1_candidates""]"	Leadership	proposed	high	no_unique_author_l1_candidate	"[""substring_requires_transfer_review"",""multiple_author_l1_candidates""]"	0	freebase_bhht_author_lookup_v1	lookup_candidate_not_frozen	"[""A. Linwood Holton Jr."", ""A. N. R. Robinson"", ""A. P. Herbert""]"
34	Film Score Composer	2012	film_score_composer	author_substring	substring_unique_candidate	Culture	Culture-core	"[[""Culture"",""Culture-core""]]"	1	1	"[""_film_"",""composer""]"	[320,398]	"[[""Culture"",""Culture-core""]]"	[320,398]	Culture	Culture-core	_film_	0	0	[]	0	0	"[""substring_requires_transfer_review""]"	Culture	proposed	high	agrees_with_previous_llm	"[""substring_requires_transfer_review""]"	0	freebase_bhht_author_lookup_v1	lookup_candidate_not_frozen	"[""A. M. Rajah"", ""A. R. Rahman"", ""Aadesh Shrivastava""]"
38	Singer-songwriter	1599	singer-songwriter	author_substring	substring_unique_candidate	Culture	Culture-core	"[[""Culture"",""Culture-core""]]"	1	1	"[""singer"",""songwriter""]"	[529,535]	"[[""Culture"",""Culture-core""]]"	[529,535]	Culture	Culture-core	singer	0	0	[]	0	0	"[""substring_requires_transfer_review""]"	Culture	proposed	high	agrees_with_previous_llm	"[""substring_requires_transfer_review""]"	0	freebase_bhht_author_lookup_v1	lookup_candidate_not_frozen	"[""\""Weird Al\"" Yankovic"", ""A. P. Carter"", ""Aaron Carter""]"
47	Film editor	1401	film_editor	author_substring	substring_same_l1_multiple_l2	Culture		"[[""Culture"",""Culture-core""],[""Culture"",""Culture-periphery""]]"	1	2	"[""_film_"",""editor""]"	[320,612]	"[[""Culture"",""Culture-core""],[""Culture"",""Culture-periphery""]]"	[320,612]	Culture	Culture-core	_film_	0	0	[]	0	0	"[""substring_requires_transfer_review"",""multiple_author_l2_candidates""]"	Culture	proposed	high	agrees_with_previous_llm	"[""substring_requires_transfer_review"",""multiple_author_l2_candidates""]"	0	freebase_bhht_author_lookup_v1	lookup_candidate_not_frozen	"[""A. Bhimsingh"", ""Aaron Howland"", ""Aaron Woodley""]"
48	Music Producer	1379	music_producer	author_substring	substring_unique_candidate	Culture	Culture-core	"[[""Culture"",""Culture-core""]]"	1	1	"[""_music"",""producer""]"	[325,506]	"[[""Culture"",""Culture-core""]]"	[325,506]	Culture	Culture-core	_music	0	0	[]	0	0	"[""substring_requires_transfer_review""]"	Culture	proposed	high	agrees_with_previous_llm	"[""substring_requires_transfer_review""]"	0	freebase_bhht_author_lookup_v1	lookup_candidate_not_frozen	"[""\""Weird Al\"" Yankovic"", ""A-Trak"", ""A. R. Rahman""]"
50	Music executive	1298	music_executive	author_substring	substring_cross_l1_conflict			"[[""Culture"",""Culture-core""],[""Leadership"",""Corporate/Executive/Business (large)""]]"	2	2	"[""_music"",""executive""]"	[325,1223]	"[[""Culture"",""Culture-core""],[""Leadership"",""Corporate/Executive/Business (large)""]]"	[325,1223]	Culture	Culture-core	_music	0	0	[]	0	0	"[""substring_requires_transfer_review"",""multiple_author_l1_candidates""]"	Leadership	proposed	high	no_unique_author_l1_candidate	"[""substring_requires_transfer_review"",""multiple_author_l1_candidates""]"	0	freebase_bhht_author_lookup_v1	lookup_candidate_not_frozen	"[""\""Weird Al\"" Yankovic"", ""A-Trak"", ""A. R. Rahman""]"
55	Guitarist	1057	guitarist	author_substring	substring_unique_candidate	Culture	Culture-core	"[[""Culture"",""Culture-core""]]"	1	1	"[""guitar""]"	[434]	"[[""Culture"",""Culture-core""]]"	[434]	Culture	Culture-core	guitar	0	0	[]	0	0	"[""substring_requires_transfer_review""]"	Culture	proposed	high	agrees_with_previous_llm	"[""substring_requires_transfer_review""]"	0	freebase_bhht_author_lookup_v1	lookup_candidate_not_frozen	"[""A.J. Marik"", ""A.J. Trauth"", ""AJ Michalka""]"
58	Theatre Director	996	theatre_director	author_substring	substring_unique_candidate	Culture	Culture-core	"[[""Culture"",""Culture-core""]]"	1	1	"[""theatre""]"	[550]	"[[""Culture"",""Culture-core""]]"	[550]	Culture	Culture-core	theatre	0	0	[]	0	0	"[""substring_requires_transfer_review""]"	Culture	proposed	high	agrees_with_previous_llm	"[""substring_requires_transfer_review""]"	0	freebase_bhht_author_lookup_v1	lookup_candidate_not_frozen	"[""/m/017vbn"", ""Abe Burrows"", ""Abigail Hopkins""]"
62	American Football player	872	american_football_player	author_substring	substring_unique_candidate	Sports/Games	Sports/Games	"[[""Sports/Games"",""Sports/Games""]]"	1	1	"[""football"",""player""]"	[101,189]	"[[""Sports/Games"",""Sports/Games""]]"	[101,189]	Sports/Games	Sports/Games	football	0	0	[]	0	0	"[""substring_requires_transfer_review""]"	Sports/Games	proposed	high	agrees_with_previous_llm	"[""substring_requires_transfer_review""]"	0	freebase_bhht_author_lookup_v1	lookup_candidate_not_frozen	"[""A. J. Feeley"", ""Aaron Curry"", ""Aaron Glenn""]"
64	Baseball Player	751	baseball_player	author_substring	substring_unique_candidate	Sports/Games	Sports/Games	"[[""Sports/Games"",""Sports/Games""]]"	1	1	"[""baseball"",""player""]"	[40,189]	"[[""Sports/Games"",""Sports/Games""]]"	[40,189]	Sports/Games	Sports/Games	baseball	0	0	[]	0	0	"[""substring_requires_transfer_review""]"	Sports/Games	proposed	high	agrees_with_previous_llm	"[""substring_requires_transfer_review""]"	0	freebase_bhht_author_lookup_v1	lookup_candidate_not_frozen	"[""Aaron Boone"", ""Aaron Pointer"", ""Adam LaRoche""]"
68	Religious Leader (Religious Leadership Title)	648	religious_leader_(religious_leadership_title)	author_substring	substring_unique_candidate	Leadership	Religious	"[[""Leadership"",""Religious""]]"	1	1	"[""religious""]"	[1351]	"[[""Leadership"",""Religious""]]"	[1351]	Leadership	Religious	religious	0	0	[]	0	0	"[""substring_requires_transfer_review""]"	Leadership	proposed	high	agrees_with_previous_llm	"[""substring_requires_transfer_review""]"	0	freebase_bhht_author_lookup_v1	lookup_candidate_not_frozen	"[""14th Dalai Lama"", ""Aaron Teitelbaum"", ""Abbé Pierre""]"
72	Television crew	612	television_crew	author_substring	substring_unique_candidate	Culture	Culture-periphery	"[[""Culture"",""Culture-periphery""]]"	1	1	"[""television""]"	[655]	"[[""Culture"",""Culture-periphery""]]"	[655]	Culture	Culture-periphery	television	0	0	[]	0	0	"[""substring_requires_transfer_review""]"		needs_review	low	author_candidate_previous_needs_review	"[""substring_requires_transfer_review""]"	0	freebase_bhht_author_lookup_v1	lookup_candidate_not_frozen	"[""Abel Facello"", ""Adam Alexander Dawson"", ""Adrianne Lobel""]"
78	Sex worker	456	sex_worker	author_substring	substring_unique_candidate	Other	Worker/Business (small)	"[[""Other"",""Worker/Business (small)""]]"	1	1	"[""worker""]"	[1716]	"[[""Other"",""Worker/Business (small)""]]"	[1716]	Other	Worker/Business (small)	worker	0	0	[]	0	0	"[""substring_requires_transfer_review""]"		out_of_scope	high	formal_author_other_previously_out_of_scope	"[""substring_requires_transfer_review""]"	0	freebase_bhht_author_lookup_v1	lookup_candidate_not_frozen	"[""Adrianna Nicole"", ""Alana Evans"", ""Alektra Blue""]"
79	Pornographic film actor	436	pornographic_film_actor	author_substring	substring_unique_candidate	Culture	Culture-core	"[[""Culture"",""Culture-core""]]"	1	1	"[""_actor"",""_film_""]"	[303,320]	"[[""Culture"",""Culture-core""]]"	[303,320]	Culture	Culture-core	_actor	0	0	[]	0	0	"[""substring_requires_transfer_review""]"	Culture	proposed	high	agrees_with_previous_llm	"[""substring_requires_transfer_review""]"	0	freebase_bhht_author_lookup_v1	lookup_candidate_not_frozen	"[""Adrianna Nicole"", ""Alana Evans"", ""Alektra Blue""]"
81	Ice Hockey Player	409	ice_hockey_player	author_substring	substring_unique_candidate	Sports/Games	Sports/Games	"[[""Sports/Games"",""Sports/Games""]]"	1	1	"[""hockey"",""ice_hockey"",""player""]"	[131,140,189]	"[[""Sports/Games"",""Sports/Games""]]"	[131,140,189]	Sports/Games	Sports/Games	hockey	0	0	[]	0	0	"[""substring_requires_transfer_review""]"	Sports/Games	proposed	high	agrees_with_previous_llm	"[""substring_requires_transfer_review""]"	0	freebase_bhht_author_lookup_v1	lookup_candidate_not_frozen	"[""Adam Lidström"", ""Adam Lowry"", ""Alexander Ovechkin""]"
85	Lyricist (Profession)	401	lyricist_(profession)	author_substring	substring_unique_candidate	Culture	Culture-core	"[[""Culture"",""Culture-core""]]"	1	1	"[""lyricist""]"	[462]	"[[""Culture"",""Culture-core""]]"	[462]	Culture	Culture-core	lyricist	0	0	[]	0	0	"[""substring_requires_transfer_review""]"	Culture	proposed	high	agrees_with_previous_llm	"[""substring_requires_transfer_review""]"	0	freebase_bhht_author_lookup_v1	lookup_candidate_not_frozen	"[""Aberjhani"", ""Adam Guettel"", ""Adam J King""]"
86	Basketball Player	392	basketball_player	author_substring	substring_unique_candidate	Sports/Games	Sports/Games	"[[""Sports/Games"",""Sports/Games""]]"	1	1	"[""basket"",""player""]"	[42,189]	"[[""Sports/Games"",""Sports/Games""]]"	[42,189]	Sports/Games	Sports/Games	basket	0	0	[]	0	0	"[""substring_requires_transfer_review""]"	Sports/Games	proposed	high	agrees_with_previous_llm	"[""substring_requires_transfer_review""]"	0	freebase_bhht_author_lookup_v1	lookup_candidate_not_frozen	"[""Abi Olajuwon"", ""Al Horford"", ""Al-Farouq Aminu""]"
87	Stunt Performer	390	stunt_performer	author_substring	substring_unique_candidate	Culture	Culture-core	"[[""Culture"",""Culture-core""]]"	1	1	"[""_stunt_"",""performer""]"	[340,488]	"[[""Culture"",""Culture-core""]]"	[340,488]	Culture	Culture-core	_stunt_	0	0	[]	0	0	"[""substring_requires_transfer_review""]"	Culture	proposed	high	agrees_with_previous_llm	"[""substring_requires_transfer_review""]"	0	freebase_bhht_author_lookup_v1	lookup_candidate_not_frozen	"[""A. David Burleigh"", ""Aaron Norris"", ""Ace Hudkins""]"
88	Radio personality	382	radio_personality	author_substring	substring_unique_candidate	Culture	Culture-periphery	"[[""Culture"",""Culture-periphery""]]"	1	1	"[""_radio_""]"	[579]	"[[""Culture"",""Culture-periphery""]]"	[579]	Culture	Culture-periphery	_radio_	0	0	[]	0	0	"[""substring_requires_transfer_review""]"	Culture	proposed	high	agrees_with_previous_llm	"[""substring_requires_transfer_review""]"	0	freebase_bhht_author_lookup_v1	lookup_candidate_not_frozen	"[""Abd al-Aziz ibn Baz"", ""Abdul-Aziz ibn Abdullah Al ash-Sheikh"", ""Adam Carolla""]"
89	Military Officer	382	military_officer	author_substring	substring_unique_candidate	Leadership	Military	"[[""Leadership"",""Military""]]"	1	1	"[""militar"",""officer_""]"	[1407,1412]	"[[""Leadership"",""Military""]]"	[1407,1412]	Leadership	Military	militar	0	0	[]	0	0	"[""substring_requires_transfer_review""]"	Leadership	proposed	high	agrees_with_previous_llm	"[""substring_requires_transfer_review""]"	0	freebase_bhht_author_lookup_v1	lookup_candidate_not_frozen	"[""Adlai Stevenson III"", ""Akechi Mitsuhide"", ""Akechi Mitsuyoshi""]"
94	Race car driver	360	race_car_driver	author_substring	substring_unique_candidate	Sports/Games	Sports/Games	"[[""Sports/Games"",""Sports/Games""]]"	1	1	"[""_driver_"",""race_car""]"	[9,204]	"[[""Sports/Games"",""Sports/Games""]]"	[9,204]	Sports/Games	Sports/Games	_driver_	0	0	[]	0	0	"[""substring_requires_transfer_review""]"	Sports/Games	proposed	high	agrees_with_previous_llm	"[""substring_requires_transfer_review""]"	0	freebase_bhht_author_lookup_v1	lookup_candidate_not_frozen	"[""A. J. Allmendinger"", ""A. J. Fike"", ""Aaron Fike""]"
100	Film art director	324	film_art_director	author_substring	substring_unique_candidate	Culture	Culture-core	"[[""Culture"",""Culture-core""]]"	1	1	"[""_film_"",""art_director""]"	[320,351]	"[[""Culture"",""Culture-core""]]"	[320,351]	Culture	Culture-core	_film_	0	0	[]	0	0	"[""substring_requires_transfer_review""]"	Culture	proposed	high	agrees_with_previous_llm	"[""substring_requires_transfer_review""]"	0	freebase_bhht_author_lookup_v1	lookup_candidate_not_frozen	"[""Abel Facello"", ""Adam Johnson (Actor)"", ""Aino Mantsas""]"
103	Theatrical producer	316	theatrical_producer	author_substring	substring_unique_candidate	Culture	Culture-core	"[[""Culture"",""Culture-core""]]"	1	1	"[""producer"",""theatrical""]"	[506,551]	"[[""Culture"",""Culture-core""]]"	[506,551]	Culture	Culture-core	producer	0	0	[]	0	0	"[""substring_requires_transfer_review""]"	Culture	proposed	high	agrees_with_previous_llm	"[""substring_requires_transfer_review""]"	0	freebase_bhht_author_lookup_v1	lookup_candidate_not_frozen	"[""Adrianne Lobel"", ""Albert Lewis (TV Writer)"", ""Albert Marre""]"
104	Translator (Film job)	298	translator_(film_job)	author_substring	substring_unique_candidate	Other	Worker/Business (small)	"[[""Other"",""Worker/Business (small)""]]"	1	1	"[""translator""]"	[1703]	"[[""Other"",""Worker/Business (small)""]]"	[1703]	Other	Worker/Business (small)	translator	0	0	[]	0	0	"[""substring_requires_transfer_review""]"		needs_review	low	author_candidate_previous_needs_review	"[""substring_requires_transfer_review""]"	0	freebase_bhht_author_lookup_v1	lookup_candidate_not_frozen	"[""Adolfo Bioy Casares"", ""Aeronwy Thomas"", ""Akiko Kishida""]"
105	Music Director	289	music_director	author_substring	substring_unique_candidate	Culture	Culture-core	"[[""Culture"",""Culture-core""]]"	1	1	"[""_music""]"	[325]	"[[""Culture"",""Culture-core""]]"	[325]	Culture	Culture-core	_music	0	0	[]	0	0	"[""substring_requires_transfer_review""]"	Culture	proposed	high	agrees_with_previous_llm	"[""substring_requires_transfer_review""]"	0	freebase_bhht_author_lookup_v1	lookup_candidate_not_frozen	"[""A. M. Rajah"", ""A. R. Rahman"", ""Aadesh Shrivastava""]"
110	Disc jockey	269	disc_jockey	author_substring	substring_unique_candidate	Sports/Games	Sports/Games	"[[""Sports/Games"",""Sports/Games""]]"	1	1	"[""jockey""]"	[144]	"[[""Sports/Games"",""Sports/Games""]]"	[144]	Sports/Games	Sports/Games	jockey	0	0	[]	0	0	"[""substring_requires_transfer_review""]"	Culture	proposed	high	differs_from_previous_llm	"[""substring_requires_transfer_review"",""previous_llm_l1_disagreement""]"	0	freebase_bhht_author_lookup_v1	lookup_candidate_not_frozen	"[""100 Kila"", ""A-Trak"", ""Adam F""]"
114	Banker	254	banker	author_substring	substring_unique_candidate	Leadership	Corporate/Executive/Business (large)	"[[""Leadership"",""Corporate/Executive/Business (large)""]]"	1	1	"[""bank""]"	[1215]	"[[""Leadership"",""Corporate/Executive/Business (large)""]]"	[1215]	Leadership	Corporate/Executive/Business (large)	bank	0	0	[]	0	0	"[""substring_requires_transfer_review""]"	Leadership	proposed	high	agrees_with_previous_llm	"[""substring_requires_transfer_review""]"	0	freebase_bhht_author_lookup_v1	lookup_candidate_not_frozen	"[""Abdoul Mbaye"", ""Abraham Mendelssohn Bartholdy"", ""Adriaan van der Hoop""]"
117	Publisher (Editor title)	242	publisher_(editor_title)	author_substring	substring_unique_candidate	Culture	Culture-periphery	"[[""Culture"",""Culture-periphery""]]"	1	1	"[""editor"",""publisher""]"	[612,643]	"[[""Culture"",""Culture-periphery""]]"	[612,643]	Culture	Culture-periphery	editor	0	0	[]	0	0	"[""substring_requires_transfer_review""]"	Culture	proposed	high	agrees_with_previous_llm	"[""substring_requires_transfer_review""]"	0	freebase_bhht_author_lookup_v1	lookup_candidate_not_frozen	"[""Aberjhani"", ""Adam Parfrey"", ""Adolf Karl Krabbe""]"
119	Music artist	239	music_artist	author_substring	substring_unique_candidate	Culture	Culture-core	"[[""Culture"",""Culture-core""]]"	1	1	"[""_artist"",""_music""]"	[304,325]	"[[""Culture"",""Culture-core""]]"	[304,325]	Culture	Culture-core	_artist	0	0	[]	0	0	"[""substring_requires_transfer_review""]"	Culture	proposed	high	agrees_with_previous_llm	"[""substring_requires_transfer_review""]"	0	freebase_bhht_author_lookup_v1	lookup_candidate_not_frozen	"[""Adam Lambert"", ""Ai Maeda (Actor) #1"", ""Alice Coltrane""]"
123	Television presenter	225	television_presenter	author_substring	substring_unique_candidate	Culture	Culture-periphery	"[[""Culture"",""Culture-periphery""]]"	1	1	"[""presenter"",""television""]"	[638,655]	"[[""Culture"",""Culture-periphery""]]"	[638,655]	Culture	Culture-periphery	presenter	0	0	[]	0	0	"[""substring_requires_transfer_review""]"	Culture	proposed	high	agrees_with_previous_llm	"[""substring_requires_transfer_review""]"	0	freebase_bhht_author_lookup_v1	lookup_candidate_not_frozen	"[""Aderbal Freire Filho"", ""Afef Jnifen"", ""Albina Dzhanabaeva""]"
124	Tennis player	225	tennis_player	author_substring	substring_unique_candidate	Sports/Games	Sports/Games	"[[""Sports/Games"",""Sports/Games""]]"	1	1	"[""player"",""tennis""]"	[189,271]	"[[""Sports/Games"",""Sports/Games""]]"	[189,271]	Sports/Games	Sports/Games	player	0	0	[]	0	0	"[""substring_requires_transfer_review""]"	Sports/Games	proposed	high	agrees_with_previous_llm	"[""substring_requires_transfer_review""]"	0	freebase_bhht_author_lookup_v1	lookup_candidate_not_frozen	"[""Adli El Shafei"", ""Adrian Ungur"", ""Adriana Gergelyová (Tennis Player)""]"
125	Rugby Player	217	rugby_player	author_substring	substring_unique_candidate	Sports/Games	Sports/Games	"[[""Sports/Games"",""Sports/Games""]]"	1	1	"[""player"",""rugby""]"	[189,219]	"[[""Sports/Games"",""Sports/Games""]]"	[189,219]	Sports/Games	Sports/Games	player	0	0	[]	0	0	"[""substring_requires_transfer_review""]"	Sports/Games	proposed	high	agrees_with_previous_llm	"[""substring_requires_transfer_review""]"	0	freebase_bhht_author_lookup_v1	lookup_candidate_not_frozen	"[""Adam Byrnes"", ""Adam Fogerty"", ""Adam Whitelock""]"
129	Professional Boxer	208	professional_boxer	author_substring	substring_unique_candidate	Sports/Games	Sports/Games	"[[""Sports/Games"",""Sports/Games""]]"	1	1	"[""_boxer""]"	[3]	"[[""Sports/Games"",""Sports/Games""]]"	[3]	Sports/Games	Sports/Games	_boxer	0	0	[]	0	0	"[""substring_requires_transfer_review""]"	Sports/Games	proposed	high	agrees_with_previous_llm	"[""substring_requires_transfer_review""]"	0	freebase_bhht_author_lookup_v1	lookup_candidate_not_frozen	"[""Ace Hudkins"", ""Adam Fogerty"", ""Alan King (Professional Boxer)""]"
130	Child Actor	206	child_actor	author_substring	substring_cross_l1_conflict			"[[""Culture"",""Culture-core""],[""Other"",""Family""]]"	2	2	"[""_actor"",""child_""]"	[303,1727]	"[[""Culture"",""Culture-core""],[""Other"",""Family""]]"	[303,1727]	Culture	Culture-core	_actor	0	0	[]	0	0	"[""substring_requires_transfer_review"",""multiple_author_l1_candidates""]"	Culture	proposed	high	no_unique_author_l1_candidate	"[""substring_requires_transfer_review"",""multiple_author_l1_candidates""]"	0	freebase_bhht_author_lookup_v1	lookup_candidate_not_frozen	"[""Aaron Henry (Actor)"", ""Adi Bing Slamet"", ""Albert Cavens""]"
131	Illustrator (Profession)	200	illustrator_(profession)	author_substring	substring_unique_candidate	Culture	Culture-periphery	"[[""Culture"",""Culture-periphery""]]"	1	1	"[""illustrator""]"	[626]	"[[""Culture"",""Culture-periphery""]]"	[626]	Culture	Culture-periphery	illustrator	0	0	[]	0	0	"[""substring_requires_transfer_review""]"	Culture	proposed	high	agrees_with_previous_llm	"[""substring_requires_transfer_review""]"	0	freebase_bhht_author_lookup_v1	lookup_candidate_not_frozen	"[""Abbas Kiarostami"", ""Alan Aldridge"", ""Alan M. Clark""]"
133	Television Editor	198	television_editor	author_substring	substring_unique_candidate	Culture	Culture-periphery	"[[""Culture"",""Culture-periphery""]]"	1	1	"[""editor"",""television""]"	[612,655]	"[[""Culture"",""Culture-periphery""]]"	[612,655]	Culture	Culture-periphery	editor	0	0	[]	0	0	"[""substring_requires_transfer_review""]"	Culture	proposed	high	agrees_with_previous_llm	"[""substring_requires_transfer_review""]"	0	freebase_bhht_author_lookup_v1	lookup_candidate_not_frozen	"[""Adam Alexander Dawson"", ""Akiva Schaffer"", ""Alan Crosland, Jr.""]"
136	Cricketer	184	cricketer	author_substring	substring_unique_candidate	Sports/Games	Sports/Games	"[[""Sports/Games"",""Sports/Games""]]"	1	1	"[""cricket""]"	[78]	"[[""Sports/Games"",""Sports/Games""]]"	[78]	Sports/Games	Sports/Games	cricket	0	0	[]	0	0	"[""substring_requires_transfer_review""]"	Sports/Games	proposed	high	agrees_with_previous_llm	"[""substring_requires_transfer_review""]"	0	freebase_bhht_author_lookup_v1	lookup_candidate_not_frozen	"[""Abraham Bass"", ""Adam Gilchrist"", ""Adnan Akmal""]"
139	Martial artist	182	martial_artist	author_substring	substring_cross_l1_conflict			"[[""Culture"",""Culture-core""],[""Sports/Games"",""Sports/Games""]]"	2	2	"[""martial_art"",""_artist""]"	[160,304]	"[[""Culture"",""Culture-core""],[""Sports/Games"",""Sports/Games""]]"	[160,304]	Sports/Games	Sports/Games	martial_art	0	0	[]	0	0	"[""substring_requires_transfer_review"",""multiple_author_l1_candidates""]"	Sports/Games	proposed	high	no_unique_author_l1_candidate	"[""substring_requires_transfer_review"",""multiple_author_l1_candidates""]"	0	freebase_bhht_author_lookup_v1	lookup_candidate_not_frozen	"[""Aaron Norris"", ""Akshay Kumar"", ""Alberto Del Rio""]"
140	Ballet Dancer	182	ballet_dancer	author_substring	substring_unique_candidate	Culture	Culture-core	"[[""Culture"",""Culture-core""]]"	1	1	"[""ballet"",""dancer""]"	[355,410]	"[[""Culture"",""Culture-core""]]"	[355,410]	Culture	Culture-core	ballet	0	0	[]	0	0	"[""substring_requires_transfer_review""]"	Culture	proposed	high	agrees_with_previous_llm	"[""substring_requires_transfer_review""]"	0	freebase_bhht_author_lookup_v1	lookup_candidate_not_frozen	"[""Adi Bielski"", ""Agnes Oaks"", ""Agnes de Mille""]"
143	Keyboard player	169	keyboard_player	author_substring	substring_unique_candidate	Sports/Games	Sports/Games	"[[""Sports/Games"",""Sports/Games""]]"	1	1	"[""player""]"	[189]	"[[""Sports/Games"",""Sports/Games""]]"	[189]	Sports/Games	Sports/Games	player	0	0	[]	0	0	"[""substring_requires_transfer_review""]"	Culture	proposed	high	differs_from_previous_llm	"[""substring_requires_transfer_review"",""previous_llm_l1_disagreement""]"	0	freebase_bhht_author_lookup_v1	lookup_candidate_not_frozen	"[""Abhijit Pohankar"", ""Adam Wakeman"", ""Al De Lory""]"
146	Law enforcement officer	165	law_enforcement_officer	author_substring	substring_same_l1_multiple_l2	Leadership		"[[""Leadership"",""Administration/Law""],[""Leadership"",""Military""]]"	1	2	"[""_law_"",""officer_""]"	[1052,1412]	"[[""Leadership"",""Administration/Law""],[""Leadership"",""Military""]]"	[1052,1412]	Leadership	Administration/Law	_law_	0	0	[]	0	0	"[""substring_requires_transfer_review"",""multiple_author_l2_candidates""]"	Leadership	proposed	medium	agrees_with_previous_llm	"[""substring_requires_transfer_review"",""multiple_author_l2_candidates""]"	0	freebase_bhht_author_lookup_v1	lookup_candidate_not_frozen	"[""Abel Kirui"", ""Adolph Murie"", ""Aldo Leopold""]"
149	Social activist	153	social_activist	author_substring	substring_unique_candidate	Leadership	Politics	"[[""Leadership"",""Politics""]]"	1	1	"[""activist""]"	[939]	"[[""Leadership"",""Politics""]]"	[939]	Leadership	Politics	activist	0	0	[]	0	0	"[""substring_requires_transfer_review""]"	Leadership	proposed	medium	agrees_with_previous_llm	"[""substring_requires_transfer_review""]"	0	freebase_bhht_author_lookup_v1	lookup_candidate_not_frozen	"[""Abbie Hoffman"", ""Alexander Aris"", ""Alfred Daniel Williams King""]"
151	Opera singer	149	opera_singer	author_substring	substring_unique_candidate	Culture	Culture-core	"[[""Culture"",""Culture-core""]]"	1	1	"[""_opera_"",""singer""]"	[326,529]	"[[""Culture"",""Culture-core""]]"	[326,529]	Culture	Culture-core	_opera_	0	0	[]	0	0	"[""substring_requires_transfer_review""]"	Culture	proposed	medium	agrees_with_previous_llm	"[""substring_requires_transfer_review""]"	0	freebase_bhht_author_lookup_v1	lookup_candidate_not_frozen	"[""Alan Crofoot"", ""Albert Wagner (Opera singer)"", ""Alexander Kipnis""]"
152	Blue-collar worker	147	blue-collar_worker	author_substring	substring_unique_candidate	Other	Worker/Business (small)	"[[""Other"",""Worker/Business (small)""]]"	1	1	"[""worker""]"	[1716]	"[[""Other"",""Worker/Business (small)""]]"	[1716]	Other	Worker/Business (small)	worker	0	0	[]	0	0	"[""substring_requires_transfer_review""]"		out_of_scope	high	formal_author_other_previously_out_of_scope	"[""substring_requires_transfer_review""]"	0	freebase_bhht_author_lookup_v1	lookup_candidate_not_frozen	"[""Adam Gierek (Miner)"", ""Adrianne Curry"", ""Alastair Sim""]"
155	Sound Engineer	145	sound_engineer	author_substring	substring_unique_candidate	Discovery/Science	Explorer/Inventor/Developer	"[[""Discovery/Science"",""Explorer/Inventor/Developer""]]"	1	1	"[""engineer""]"	[1187]	"[[""Discovery/Science"",""Explorer/Inventor/Developer""]]"	[1187]	Discovery/Science	Explorer/Inventor/Developer	engineer	0	0	[]	0	0	"[""substring_requires_transfer_review""]"		needs_review	low	author_candidate_previous_needs_review	"[""substring_requires_transfer_review""]"	0	freebase_bhht_author_lookup_v1	lookup_candidate_not_frozen	"[""Adam Goldstein"", ""Adrienne Alexander"", ""Afrojack""]"
156	Researcher	144	researcher	author_substring	substring_unique_candidate	Discovery/Science	Academia	"[[""Discovery/Science"",""Academia""]]"	1	1	"[""research""]"	[887]	"[[""Discovery/Science"",""Academia""]]"	[887]	Discovery/Science	Academia	research	0	0	[]	0	0	"[""substring_requires_transfer_review""]"	Discovery/Science	proposed	high	agrees_with_previous_llm	"[""substring_requires_transfer_review""]"	0	freebase_bhht_author_lookup_v1	lookup_candidate_not_frozen	"[""Adi Shamir"", ""Agneta Stark"", ""Ahmed Zewail""]"
159	Multi-instrumentalist	131	multi-instrumentalist	author_substring	substring_cross_l1_conflict			"[[""Culture"",""Culture-core""],[""Other"",""Other""]]"	2	2	"[""instrumentalist"",""mentalist""]"	[449,1839]	"[[""Culture"",""Culture-core""],[""Other"",""Other""]]"	[449,1839]	Culture	Culture-core	instrumentalist	0	0	[]	0	0	"[""substring_requires_transfer_review"",""multiple_author_l1_candidates""]"	Culture	proposed	high	no_unique_author_l1_candidate	"[""substring_requires_transfer_review"",""multiple_author_l1_candidates""]"	0	freebase_bhht_author_lookup_v1	lookup_candidate_not_frozen	"[""A. R. Rahman"", ""Aaron Dessner"", ""Adele""]"
160	Set Decorator	131	set_decorator	author_substring	substring_unique_candidate	Culture	Culture-periphery	"[[""Culture"",""Culture-periphery""]]"	1	1	"[""decorator""]"	[605]	"[[""Culture"",""Culture-periphery""]]"	[605]	Culture	Culture-periphery	decorator	0	0	[]	0	0	"[""substring_requires_transfer_review""]"	Culture	proposed	medium	agrees_with_previous_llm	"[""substring_requires_transfer_review""]"	0	freebase_bhht_author_lookup_v1	lookup_candidate_not_frozen	"[""Abel Facello"", ""Akke Nordwall"", ""Albina Baranska""]"
165	Sports commentator	121	sports_commentator	author_substring	substring_cross_l1_conflict			"[[""Culture"",""Culture-periphery""],[""Sports/Games"",""Sports/Games""]]"	2	2	"[""_sport"",""commentator""]"	[24,599]	"[[""Culture"",""Culture-periphery""],[""Sports/Games"",""Sports/Games""]]"	[24,599]	Sports/Games	Sports/Games	_sport	0	0	[]	0	0	"[""substring_requires_transfer_review"",""multiple_author_l1_candidates""]"	Culture	proposed	high	no_unique_author_l1_candidate	"[""substring_requires_transfer_review"",""multiple_author_l1_candidates""]"	0	freebase_bhht_author_lookup_v1	lookup_candidate_not_frozen	"[""Adam Probosz"", ""Ahmad Rashād"", ""Ann Meyers""]"
169	Civil engineer	117	civil_engineer	author_substring	substring_unique_candidate	Discovery/Science	Explorer/Inventor/Developer	"[[""Discovery/Science"",""Explorer/Inventor/Developer""]]"	1	1	"[""engineer""]"	[1187]	"[[""Discovery/Science"",""Explorer/Inventor/Developer""]]"	[1187]	Discovery/Science	Explorer/Inventor/Developer	engineer	0	0	[]	0	0	"[""substring_requires_transfer_review""]"	Discovery/Science	proposed	medium	agrees_with_previous_llm	"[""substring_requires_transfer_review""]"	0	freebase_bhht_author_lookup_v1	lookup_candidate_not_frozen	"[""Alan Stevenson"", ""Alejandro Char Chaljub"", ""Alexander Meadows Rendel""]"
171	Literary critic	114	literary_critic	author_substring	substring_same_l1_multiple_l2	Culture		"[[""Culture"",""Culture-core""],[""Culture"",""Culture-periphery""]]"	1	2	"[""_literary_"",""critic""]"	[323,604]	"[[""Culture"",""Culture-core""],[""Culture"",""Culture-periphery""]]"	[323,604]	Culture	Culture-core	_literary_	0	0	[]	0	0	"[""substring_requires_transfer_review"",""multiple_author_l2_candidates""]"	Culture	proposed	high	agrees_with_previous_llm	"[""substring_requires_transfer_review"",""multiple_author_l2_candidates""]"	0	freebase_bhht_author_lookup_v1	lookup_candidate_not_frozen	"[""Adam Kirsch"", ""Alan Pauls"", ""Alcide Paolini""]"
173	Sales management	112	sales_management	author_substring	substring_unique_candidate	Leadership	Corporate/Executive/Business (large)	"[[""Leadership"",""Corporate/Executive/Business (large)""]]"	1	1	"[""_sales_"",""management""]"	[1213,1233]	"[[""Leadership"",""Corporate/Executive/Business (large)""]]"	[1213,1233]	Leadership	Corporate/Executive/Business (large)	_sales_	0	0	[]	0	0	"[""substring_requires_transfer_review""]"	Leadership	proposed	high	agrees_with_previous_llm	"[""substring_requires_transfer_review""]"	0	freebase_bhht_author_lookup_v1	lookup_candidate_not_frozen	"[""Abd al-Aziz ibn Baz"", ""Aberjhani"", ""Abraham Einstein""]"
174	Nude Glamour Model	111	nude_glamour_model	author_substring	substring_unique_candidate	Culture	Culture-periphery	"[[""Culture"",""Culture-periphery""]]"	1	1	"[""_model_""]"	[577]	"[[""Culture"",""Culture-periphery""]]"	[577]	Culture	Culture-periphery	_model_	0	0	[]	0	0	"[""substring_requires_transfer_review""]"	Culture	proposed	high	agrees_with_previous_llm	"[""substring_requires_transfer_review""]"	0	freebase_bhht_author_lookup_v1	lookup_candidate_not_frozen	"[""Alektra Blue"", ""Alicia Rickter"", ""Amber Campisi""]"
176	Golfer	110	golfer	author_substring	substring_unique_candidate	Sports/Games	Sports/Games	"[[""Sports/Games"",""Sports/Games""]]"	1	1	"[""golf""]"	[119]	"[[""Sports/Games"",""Sports/Games""]]"	[119]	Sports/Games	Sports/Games	golf	0	0	[]	0	0	"[""substring_requires_transfer_review""]"	Sports/Games	proposed	high	agrees_with_previous_llm	"[""substring_requires_transfer_review""]"	0	freebase_bhht_author_lookup_v1	lookup_candidate_not_frozen	"[""Ahn Shi-hyun"", ""Alec Ross (Golfer)"", ""Alex Smith (Golfer)""]"
178	Real Estate Broker	105	real_estate_broker	author_substring	substring_cross_l1_conflict			"[[""Leadership"",""Corporate/Executive/Business (large)""],[""Other"",""Worker/Business (small)""]]"	2	2	"[""real_estate"",""broker""]"	[1238,1543]	"[[""Leadership"",""Corporate/Executive/Business (large)""],[""Other"",""Worker/Business (small)""]]"	[1238,1543]	Leadership	Corporate/Executive/Business (large)	real_estate	0	0	[]	0	0	"[""substring_requires_transfer_review"",""multiple_author_l1_candidates""]"		needs_review	low	no_unique_author_l1_candidate	"[""substring_requires_transfer_review"",""multiple_author_l1_candidates""]"	0	freebase_bhht_author_lookup_v1	lookup_candidate_not_frozen	"[""Al Romano"", ""Alastair Duncan"", ""Albert Vern Tipton""]"
180	Australian rules football player	103	australian_rules_football_player	author_substring	substring_unique_candidate	Sports/Games	Sports/Games	"[[""Sports/Games"",""Sports/Games""]]"	1	1	"[""football"",""player""]"	[101,189]	"[[""Sports/Games"",""Sports/Games""]]"	[101,189]	Sports/Games	Sports/Games	football	0	0	[]	0	0	"[""substring_requires_transfer_review""]"	Sports/Games	proposed	high	agrees_with_previous_llm	"[""substring_requires_transfer_review""]"	0	freebase_bhht_author_lookup_v1	lookup_candidate_not_frozen	"[""Aaron Davey"", ""Adam Carter (Australian Rules Footballer)"", ""Adam Goodes""]"
183	Domestic worker	98	domestic_worker	author_substring	substring_unique_candidate	Other	Worker/Business (small)	"[[""Other"",""Worker/Business (small)""]]"	1	1	"[""worker""]"	[1716]	"[[""Other"",""Worker/Business (small)""]]"	[1716]	Other	Worker/Business (small)	worker	0	0	[]	0	0	"[""substring_requires_transfer_review""]"		out_of_scope	high	formal_author_other_previously_out_of_scope	"[""substring_requires_transfer_review""]"	0	freebase_bhht_author_lookup_v1	lookup_candidate_not_frozen	"[""Ada Richards"", ""Adriana Sabarots"", ""Akie Abe""]"
184	Track and field athlete	97	track_and_field_athlete	author_substring	substring_unique_candidate	Sports/Games	Sports/Games	"[[""Sports/Games"",""Sports/Games""]]"	1	1	"[""athlete"",""track_and_field""]"	[32,276]	"[[""Sports/Games"",""Sports/Games""]]"	[32,276]	Sports/Games	Sports/Games	athlete	0	0	[]	0	0	"[""substring_requires_transfer_review""]"	Sports/Games	proposed	medium	agrees_with_previous_llm	"[""substring_requires_transfer_review""]"	0	freebase_bhht_author_lookup_v1	lookup_candidate_not_frozen	"[""Ainārs Kovals"", ""Al Joyner"", ""Almensh Belete""]"
186	Basketball Coach	96	basketball_coach	author_substring	substring_unique_candidate	Sports/Games	Sports/Games	"[[""Sports/Games"",""Sports/Games""]]"	1	1	"[""basket"",""coach""]"	[42,75]	"[[""Sports/Games"",""Sports/Games""]]"	[42,75]	Sports/Games	Sports/Games	basket	0	0	[]	0	0	"[""substring_requires_transfer_review""]"	Sports/Games	proposed	high	agrees_with_previous_llm	"[""substring_requires_transfer_review""]"	0	freebase_bhht_author_lookup_v1	lookup_candidate_not_frozen	"[""Alberto Bial"", ""Archie Miller"", ""Austin Ainge""]"
187	Playback Singer	94	playback_singer	author_substring	substring_unique_candidate	Culture	Culture-core	"[[""Culture"",""Culture-core""]]"	1	1	"[""singer""]"	[529]	"[[""Culture"",""Culture-core""]]"	[529]	Culture	Culture-core	singer	0	0	[]	0	0	"[""substring_requires_transfer_review""]"	Culture	proposed	medium	agrees_with_previous_llm	"[""substring_requires_transfer_review""]"	0	freebase_bhht_author_lookup_v1	lookup_candidate_not_frozen	"[""A. M. Rajah"", ""Abhishek Bachchan"", ""Adoor Bhasi""]"
190	Film critic	93	film_critic	author_substring	substring_same_l1_multiple_l2	Culture		"[[""Culture"",""Culture-core""],[""Culture"",""Culture-periphery""]]"	1	2	"[""_film_"",""critic""]"	[320,604]	"[[""Culture"",""Culture-core""],[""Culture"",""Culture-periphery""]]"	[320,604]	Culture	Culture-core	_film_	0	0	[]	0	0	"[""substring_requires_transfer_review"",""multiple_author_l2_candidates""]"	Culture	proposed	medium	agrees_with_previous_llm	"[""substring_requires_transfer_review"",""multiple_author_l2_candidates""]"	0	freebase_bhht_author_lookup_v1	lookup_candidate_not_frozen	"[""A. O. Scott"", ""Adriano Aprà"", ""Alberto Moravia""]"
191	Jazz Pianist	93	jazz_pianist	author_substring	substring_unique_candidate	Culture	Culture-core	"[[""Culture"",""Culture-core""]]"	1	1	"[""jazz"",""pianist""]"	[451,495]	"[[""Culture"",""Culture-core""]]"	[451,495]	Culture	Culture-core	jazz	0	0	[]	0	0	"[""substring_requires_transfer_review""]"	Culture	proposed	high	agrees_with_previous_llm	"[""substring_requires_transfer_review""]"	0	freebase_bhht_author_lookup_v1	lookup_candidate_not_frozen	"[""Abdullah Ibrahim"", ""Adam Holzman (Jazz pianist)"", ""Ahmad Jamal""]"
192	Talk show host	93	talk_show_host	author_substring	substring_unique_candidate	Culture	Culture-core	"[[""Culture"",""Culture-core""]]"	1	1	"[""_host_"",""_show_""]"	[321,334]	"[[""Culture"",""Culture-core""]]"	[321,334]	Culture	Culture-core	_host_	0	0	[]	0	0	"[""substring_requires_transfer_review""]"	Culture	proposed	high	agrees_with_previous_llm	"[""substring_requires_transfer_review""]"	0	freebase_bhht_author_lookup_v1	lookup_candidate_not_frozen	"[""Adam Carolla"", ""Adrienne Ames"", ""Arthel Neville""]"
193	Stand-up comedian	93	stand-up_comedian	author_substring	substring_unique_candidate	Culture	Culture-core	"[[""Culture"",""Culture-core""]]"	1	1	"[""comedian""]"	[393]	"[[""Culture"",""Culture-core""]]"	[393]	Culture	Culture-core	comedian	0	0	[]	0	0	"[""substring_requires_transfer_review""]"	Culture	proposed	medium	agrees_with_previous_llm	"[""substring_requires_transfer_review""]"	0	freebase_bhht_author_lookup_v1	lookup_candidate_not_frozen	"[""Al Murray"", ""Albert Dupontel"", ""Alison Arngrim""]"
199	Vaudeville Performer	90	vaudeville_performer	author_substring	substring_unique_candidate	Culture	Culture-core	"[[""Culture"",""Culture-core""]]"	1	1	"[""performer""]"	[488]	"[[""Culture"",""Culture-core""]]"	[488]	Culture	Culture-core	performer	0	0	[]	0	0	"[""substring_requires_transfer_review""]"	Culture	proposed	medium	agrees_with_previous_llm	"[""substring_requires_transfer_review""]"	0	freebase_bhht_author_lookup_v1	lookup_candidate_not_frozen	"[""Addie Cherry"", ""Albert Ritz"", ""Belle Montrose""]"
200	Talent manager	89	talent_manager	author_substring	substring_unique_candidate	Leadership	Corporate/Executive/Business (large)	"[[""Leadership"",""Corporate/Executive/Business (large)""]]"	1	1	"[""manager""]"	[1234]	"[[""Leadership"",""Corporate/Executive/Business (large)""]]"	[1234]	Leadership	Corporate/Executive/Business (large)	manager	0	0	[]	0	0	"[""substring_requires_transfer_review""]"		needs_review	medium	author_candidate_previous_needs_review	"[""substring_requires_transfer_review""]"	0	freebase_bhht_author_lookup_v1	lookup_candidate_not_frozen	"[""AJ Discala"", ""Akihiro Ichimiya"", ""Alan Walden""]"
201	Police officer	88	police_officer	author_substring	substring_same_l1_multiple_l2	Leadership		"[[""Leadership"",""Administration/Law""],[""Leadership"",""Military""]]"	1	2	"[""_police_"",""officer_""]"	[1056,1412]	"[[""Leadership"",""Administration/Law""],[""Leadership"",""Military""]]"	[1056,1412]	Leadership	Administration/Law	_police_	0	0	[]	0	0	"[""substring_requires_transfer_review"",""multiple_author_l2_candidates""]"	Leadership	proposed	high	agrees_with_previous_llm	"[""substring_requires_transfer_review"",""multiple_author_l2_candidates""]"	0	freebase_bhht_author_lookup_v1	lookup_candidate_not_frozen	"[""Abel Kirui"", ""Aldo Ray"", ""Allen Mueller""]"
202	Science writer	88	science_writer	author_substring	substring_cross_l1_conflict			"[[""Culture"",""Culture-core""],[""Discovery/Science"",""Academia""]]"	2	2	"[""_writer"",""science""]"	[343,892]	"[[""Culture"",""Culture-core""],[""Discovery/Science"",""Academia""]]"	[343,892]	Culture	Culture-core	_writer	0	0	[]	0	0	"[""substring_requires_transfer_review"",""multiple_author_l1_candidates""]"	Culture	proposed	medium	no_unique_author_l1_candidate	"[""substring_requires_transfer_review"",""multiple_author_l1_candidates""]"	0	freebase_bhht_author_lookup_v1	lookup_candidate_not_frozen	"[""Addison Emery Verrill"", ""Adolf Meyer"", ""Alexander Dewdney""]"
207	Office Worker	86	office_worker	author_substring	substring_unique_candidate	Other	Worker/Business (small)	"[[""Other"",""Worker/Business (small)""]]"	1	1	"[""worker""]"	[1716]	"[[""Other"",""Worker/Business (small)""]]"	[1716]	Other	Worker/Business (small)	worker	0	0	[]	0	0	"[""substring_requires_transfer_review""]"		out_of_scope	high	formal_author_other_previously_out_of_scope	"[""substring_requires_transfer_review""]"	0	freebase_bhht_author_lookup_v1	lookup_candidate_not_frozen	"[""AIbert Abraham Cauvern"", ""Alice White"", ""Anna Dostoyevskaya""]"
208	Audio Engineer	86	audio_engineer	author_substring	substring_cross_l1_conflict			"[[""Culture"",""Culture-periphery""],[""Discovery/Science"",""Explorer/Inventor/Developer""]]"	2	2	"[""_audio"",""engineer""]"	[574,1187]	"[[""Culture"",""Culture-periphery""],[""Discovery/Science"",""Explorer/Inventor/Developer""]]"	[574,1187]	Culture	Culture-periphery	_audio	0	0	[]	0	0	"[""substring_requires_transfer_review"",""multiple_author_l1_candidates""]"	Culture	proposed	medium	no_unique_author_l1_candidate	"[""substring_requires_transfer_review"",""multiple_author_l1_candidates""]"	0	freebase_bhht_author_lookup_v1	lookup_candidate_not_frozen	"[""Adrienne Alexander"", ""Alain Johannes"", ""Alan Splet""]"
209	Sumo Wrestler	86	sumo_wrestler	author_substring	substring_unique_candidate	Sports/Games	Sports/Games	"[[""Sports/Games"",""Sports/Games""]]"	1	1	"[""_sumo_"",""wrestler""]"	[25,298]	"[[""Sports/Games"",""Sports/Games""]]"	[25,298]	Sports/Games	Sports/Games	_sumo_	0	0	[]	0	0	"[""substring_requires_transfer_review""]"	Sports/Games	proposed	high	agrees_with_previous_llm	"[""substring_requires_transfer_review""]"	0	freebase_bhht_author_lookup_v1	lookup_candidate_not_frozen	"[""Aminishiki Ryūji"", ""Asahikuni Masuo"", ""Asahiyutaka Katsuteru""]"
214	Political activist	79	political_activist	author_substring	substring_unique_candidate	Leadership	Politics	"[[""Leadership"",""Politics""]]"	1	1	"[""activist"",""political""]"	[939,1013]	"[[""Leadership"",""Politics""]]"	[939,1013]	Leadership	Politics	activist	0	0	[]	0	0	"[""substring_requires_transfer_review""]"	Leadership	proposed	medium	agrees_with_previous_llm	"[""substring_requires_transfer_review""]"	0	freebase_bhht_author_lookup_v1	lookup_candidate_not_frozen	"[""Afeni Shakur"", ""Agnes Ernst Meyer"", ""Alain Soral""]"
217	Alpine skier	75	alpine_skier	author_substring	substring_unique_candidate	Sports/Games	Sports/Games	"[[""Sports/Games"",""Sports/Games""]]"	1	1	"[""skier""]"	[239]	"[[""Sports/Games"",""Sports/Games""]]"	[239]	Sports/Games	Sports/Games	skier	0	0	[]	0	0	"[""substring_requires_transfer_review""]"	Sports/Games	proposed	medium	agrees_with_previous_llm	"[""substring_requires_transfer_review""]"	0	freebase_bhht_author_lookup_v1	lookup_candidate_not_frozen	"[""Adam Zampa (Olympic athlete)"", ""Agnieszka Gasienica Daniel"", ""Alexandra Coletti""]"
218	Music video director	74	music_video_director	author_substring	substring_unique_candidate	Culture	Culture-core	"[[""Culture"",""Culture-core""]]"	1	1	"[""_music""]"	[325]	"[[""Culture"",""Culture-core""]]"	[325]	Culture	Culture-core	_music	0	0	[]	0	0	"[""substring_requires_transfer_review""]"	Culture	proposed	high	agrees_with_previous_llm	"[""substring_requires_transfer_review""]"	0	freebase_bhht_author_lookup_v1	lookup_candidate_not_frozen	"[""\""Weird Al\"" Yankovic"", ""Adam Bernstein"", ""Alan Osmond""]"
219	American Football coach	74	american_football_coach	author_substring	substring_unique_candidate	Sports/Games	Sports/Games	"[[""Sports/Games"",""Sports/Games""]]"	1	1	"[""coach"",""football""]"	[75,101]	"[[""Sports/Games"",""Sports/Games""]]"	[75,101]	Sports/Games	Sports/Games	coach	0	0	[]	0	0	"[""substring_requires_transfer_review""]"	Sports/Games	proposed	high	agrees_with_previous_llm	"[""substring_requires_transfer_review""]"	0	freebase_bhht_author_lookup_v1	lookup_candidate_not_frozen	"[""Al Golden"", ""Bill Belichick"", ""Bo Pelini""]"
225	Animal trainer	69	animal_trainer	author_substring	substring_unique_candidate	Sports/Games	Sports/Games	"[[""Sports/Games"",""Sports/Games""]]"	1	1	"[""trainer""]"	[277]	"[[""Sports/Games"",""Sports/Games""]]"	[277]	Sports/Games	Sports/Games	trainer	0	0	[]	0	0	"[""substring_requires_transfer_review""]"		out_of_scope	high	author_candidate_previous_out_of_scope	"[""substring_requires_transfer_review""]"	0	freebase_bhht_author_lookup_v1	lookup_candidate_not_frozen	"[""Anabel Balkenhol"", ""Anatoly Durov"", ""Anne Cowdrey, 14th Lady Herries of Terregles""]"
226	Trumpeter	68	trumpeter	author_substring	substring_unique_candidate	Culture	Culture-core	"[[""Culture"",""Culture-core""]]"	1	1	"[""trumpet""]"	[558]	"[[""Culture"",""Culture-core""]]"	[558]	Culture	Culture-core	trumpet	0	0	[]	0	0	"[""substring_requires_transfer_review""]"	Culture	proposed	medium	agrees_with_previous_llm	"[""substring_requires_transfer_review""]"	0	freebase_bhht_author_lookup_v1	lookup_candidate_not_frozen	"[""Alex Sipiagin"", ""Alison Balsom"", ""Axel Stordahl""]"
228	Social Worker	65	social_worker	author_substring	substring_unique_candidate	Other	Worker/Business (small)	"[[""Other"",""Worker/Business (small)""]]"	1	1	"[""worker""]"	[1716]	"[[""Other"",""Worker/Business (small)""]]"	[1716]	Other	Worker/Business (small)	worker	0	0	[]	0	0	"[""substring_requires_transfer_review""]"		out_of_scope	high	formal_author_other_previously_out_of_scope	"[""substring_requires_transfer_review""]"	0	freebase_bhht_author_lookup_v1	lookup_candidate_not_frozen	"[""Abby May Alcott"", ""Abdul Karim Ghaznavi"", ""Abhishek Singhvi""]"
231	TV Journalist	63	tv_journalist	author_substring	substring_unique_candidate	Culture	Culture-periphery	"[[""Culture"",""Culture-periphery""]]"	1	1	"[""journalist""]"	[629]	"[[""Culture"",""Culture-periphery""]]"	[629]	Culture	Culture-periphery	journalist	0	0	[]	0	0	"[""substring_requires_transfer_review""]"	Culture	proposed	high	agrees_with_previous_llm	"[""substring_requires_transfer_review""]"	0	freebase_bhht_author_lookup_v1	lookup_candidate_not_frozen	"[""Al Roker"", ""Alan Sepinwall"", ""Andrew Keoghan""]"
235	Volleyball player	59	volleyball_player	author_substring	substring_unique_candidate	Sports/Games	Sports/Games	"[[""Sports/Games"",""Sports/Games""]]"	1	1	"[""player"",""volleyball""]"	[189,285]	"[[""Sports/Games"",""Sports/Games""]]"	[189,285]	Sports/Games	Sports/Games	player	0	0	[]	0	0	"[""substring_requires_transfer_review""]"	Sports/Games	proposed	medium	agrees_with_previous_llm	"[""substring_requires_transfer_review""]"	0	freebase_bhht_author_lookup_v1	lookup_candidate_not_frozen	"[""Agata Mróz-Olszewska"", ""Alexey Obmochaev"", ""April Ross""]"
236	Electrical engineer	59	electrical_engineer	author_substring	substring_unique_candidate	Discovery/Science	Explorer/Inventor/Developer	"[[""Discovery/Science"",""Explorer/Inventor/Developer""]]"	1	1	"[""engineer""]"	[1187]	"[[""Discovery/Science"",""Explorer/Inventor/Developer""]]"	[1187]	Discovery/Science	Explorer/Inventor/Developer	engineer	0	0	[]	0	0	"[""substring_requires_transfer_review""]"	Discovery/Science	proposed	high	agrees_with_previous_llm	"[""substring_requires_transfer_review""]"	0	freebase_bhht_author_lookup_v1	lookup_candidate_not_frozen	"[""Amar Bose"", ""Arnold Spielberg"", ""Arthur E. Kennelly""]"
237	Baseball Coach	59	baseball_coach	author_substring	substring_unique_candidate	Sports/Games	Sports/Games	"[[""Sports/Games"",""Sports/Games""]]"	1	1	"[""baseball"",""coach""]"	[40,75]	"[[""Sports/Games"",""Sports/Games""]]"	[40,75]	Sports/Games	Sports/Games	baseball	0	0	[]	0	0	"[""substring_requires_transfer_review""]"	Sports/Games	proposed	high	agrees_with_previous_llm	"[""substring_requires_transfer_review""]"	0	freebase_bhht_author_lookup_v1	lookup_candidate_not_frozen	"[""Bob Melvin"", ""Bobby Magallanes"", ""Brian Harper""]"
243	Business magnate	56	business_magnate	author_substring	substring_unique_candidate	Leadership	Corporate/Executive/Business (large)	"[[""Leadership"",""Corporate/Executive/Business (large)""]]"	1	1	"[""_magnate_"",""business""]"	[1212,1218]	"[[""Leadership"",""Corporate/Executive/Business (large)""]]"	[1212,1218]	Leadership	Corporate/Executive/Business (large)	_magnate_	0	0	[]	0	0	"[""substring_requires_transfer_review""]"	Leadership	proposed	high	agrees_with_previous_llm	"[""substring_requires_transfer_review""]"	0	freebase_bhht_author_lookup_v1	lookup_candidate_not_frozen	"[""Aditya Vikram Birla"", ""Aga Khan IV"", ""Akkineni Nagarjuna""]"
244	Snowboarder	56	snowboarder	author_substring	substring_unique_candidate	Sports/Games	Sports/Games	"[[""Sports/Games"",""Sports/Games""]]"	1	1	"[""snowboard""]"	[248]	"[[""Sports/Games"",""Sports/Games""]]"	[248]	Sports/Games	Sports/Games	snowboard	0	0	[]	0	0	"[""substring_requires_transfer_review""]"	Sports/Games	proposed	medium	agrees_with_previous_llm	"[""substring_requires_transfer_review""]"	0	freebase_bhht_author_lookup_v1	lookup_candidate_not_frozen	"[""Alena Zavarzina"", ""Alessandro Hämmerle"", ""Andrey Boldykov""]"
245	Figure Skater	56	figure_skater	author_substring	substring_unique_candidate	Sports/Games	Sports/Games	"[[""Sports/Games"",""Sports/Games""]]"	1	1	"[""skater""]"	[234]	"[[""Sports/Games"",""Sports/Games""]]"	[234]	Sports/Games	Sports/Games	skater	0	0	[]	0	0	"[""substring_requires_transfer_review""]"	Sports/Games	proposed	high	agrees_with_previous_llm	"[""substring_requires_transfer_review""]"	0	freebase_bhht_author_lookup_v1	lookup_candidate_not_frozen	"[""Alex Shibutani"", ""Alexandra Zaretsky"", ""Belita""]"
248	Set Designer	55	set_designer	author_substring	substring_unique_candidate	Culture	Culture-periphery	"[[""Culture"",""Culture-periphery""]]"	1	1	"[""designer""]"	[606]	"[[""Culture"",""Culture-periphery""]]"	[606]	Culture	Culture-periphery	designer	0	0	[]	0	0	"[""substring_requires_transfer_review""]"	Culture	proposed	high	agrees_with_previous_llm	"[""substring_requires_transfer_review""]"	0	freebase_bhht_author_lookup_v1	lookup_candidate_not_frozen	"[""Alejandro Luna"", ""Anthony Ward"", ""Arthur Law""]"
256	Book editor	50	book_editor	author_substring	substring_unique_candidate	Culture	Culture-periphery	"[[""Culture"",""Culture-periphery""]]"	1	1	"[""editor""]"	[612]	"[[""Culture"",""Culture-periphery""]]"	[612]	Culture	Culture-periphery	editor	0	0	[]	0	0	"[""substring_requires_transfer_review""]"	Culture	proposed	medium	agrees_with_previous_llm	"[""substring_requires_transfer_review""]"	0	freebase_bhht_author_lookup_v1	lookup_candidate_not_frozen	"[""Aberjhani"", ""Ahsan Habib"", ""Amal Clooney""]"
257	Baseball Manager	50	baseball_manager	author_substring	substring_cross_l1_conflict			"[[""Leadership"",""Corporate/Executive/Business (large)""],[""Sports/Games"",""Sports/Games""]]"	2	2	"[""baseball"",""manager""]"	[40,1234]	"[[""Leadership"",""Corporate/Executive/Business (large)""],[""Sports/Games"",""Sports/Games""]]"	[40,1234]	Sports/Games	Sports/Games	baseball	0	0	[]	0	0	"[""substring_requires_transfer_review"",""multiple_author_l1_candidates""]"	Sports/Games	proposed	medium	no_unique_author_l1_candidate	"[""substring_requires_transfer_review"",""multiple_author_l1_candidates""]"	0	freebase_bhht_author_lookup_v1	lookup_candidate_not_frozen	"[""Bob Melvin"", ""Bobby Magallanes"", ""Brian Harper""]"
258	Biathlete	48	biathlete	author_substring	substring_unique_candidate	Sports/Games	Sports/Games	"[[""Sports/Games"",""Sports/Games""]]"	1	1	"[""athlete""]"	[32]	"[[""Sports/Games"",""Sports/Games""]]"	[32]	Sports/Games	Sports/Games	athlete	0	0	[]	0	0	"[""substring_requires_transfer_review""]"	Sports/Games	proposed	high	agrees_with_previous_llm	"[""substring_requires_transfer_review""]"	0	freebase_bhht_author_lookup_v1	lookup_candidate_not_frozen	"[""Ada Ringen"", ""Aita Gasparin"", ""Anastasiya Kuzmina""]"
260	Cross-country skier	48	cross-country_skier	author_substring	substring_unique_candidate	Sports/Games	Sports/Games	"[[""Sports/Games"",""Sports/Games""]]"	1	1	"[""skier""]"	[239]	"[[""Sports/Games"",""Sports/Games""]]"	[239]	Sports/Games	Sports/Games	skier	0	0	[]	0	0	"[""substring_requires_transfer_review""]"	Sports/Games	proposed	high	agrees_with_previous_llm	"[""substring_requires_transfer_review""]"	0	freebase_bhht_author_lookup_v1	lookup_candidate_not_frozen	"[""Aimee Watson"", ""Aleš Razym"", ""Andrew Musgrave""]"
263	Speed Skater	48	speed_skater	author_substring	substring_unique_candidate	Sports/Games	Sports/Games	"[[""Sports/Games"",""Sports/Games""]]"	1	1	"[""skater""]"	[234]	"[[""Sports/Games"",""Sports/Games""]]"	[234]	Sports/Games	Sports/Games	skater	0	0	[]	0	0	"[""substring_requires_transfer_review""]"	Sports/Games	proposed	high	agrees_with_previous_llm	"[""substring_requires_transfer_review""]"	0	freebase_bhht_author_lookup_v1	lookup_candidate_not_frozen	"[""Anni Friesinger-Postma"", ""Anthony Lobello, Jr."", ""Arianna Fontana""]"
266	Professional Road Racing Cyclist	47	professional_road_racing_cyclist	author_substring	substring_unique_candidate	Sports/Games	Sports/Games	"[[""Sports/Games"",""Sports/Games""]]"	1	1	"[""cyclist"",""racing""]"	[85,209]	"[[""Sports/Games"",""Sports/Games""]]"	[85,209]	Sports/Games	Sports/Games	cyclist	0	0	[]	0	0	"[""substring_requires_transfer_review""]"	Sports/Games	proposed	high	agrees_with_previous_llm	"[""substring_requires_transfer_review""]"	0	freebase_bhht_author_lookup_v1	lookup_candidate_not_frozen	"[""Aleš Razym"", ""Andy Schleck"", ""Axel Merckx""]"
269	Psychotherapist	46	psychotherapist	author_substring	substring_unique_candidate	Discovery/Science	Academia	"[[""Discovery/Science"",""Academia""]]"	1	1	"[""therapist""]"	[916]	"[[""Discovery/Science"",""Academia""]]"	[916]	Discovery/Science	Academia	therapist	0	0	[]	0	0	"[""substring_requires_transfer_review""]"	Discovery/Science	proposed	high	agrees_with_previous_llm	"[""substring_requires_transfer_review""]"	0	freebase_bhht_author_lookup_v1	lookup_candidate_not_frozen	"[""Adam Zweig"", ""Albert Ellis"", ""Alfred Adler""]"
270	Mangaka	45	mangaka	author_substring	substring_unique_candidate	Culture	Culture-core	"[[""Culture"",""Culture-core""]]"	1	1	"[""manga""]"	[465]	"[[""Culture"",""Culture-core""]]"	[465]	Culture	Culture-core	manga	0	0	[]	0	0	"[""substring_requires_transfer_review""]"	Culture	proposed	high	agrees_with_previous_llm	"[""substring_requires_transfer_review""]"	0	freebase_bhht_author_lookup_v1	lookup_candidate_not_frozen	"[""Aki Mochida"", ""Akio Chiba"", ""Eiki Eiki""]"
272	Art collector	44	art_collector	author_substring	substring_unique_candidate	Culture	Culture-core	"[[""Culture"",""Culture-core""]]"	1	1	"[""collector""]"	[391]	"[[""Culture"",""Culture-core""]]"	[391]	Culture	Culture-core	collector	0	0	[]	0	0	"[""substring_requires_transfer_review""]"		needs_review	low	author_candidate_previous_needs_review	"[""substring_requires_transfer_review""]"	0	freebase_bhht_author_lookup_v1	lookup_candidate_not_frozen	"[""Agnes Gund"", ""Antonis Benakis"", ""Baron Hans Heinrich Thyssen-Bornemisza""]"
274	Mixed Martial Artist	44	mixed_martial_artist	author_substring	substring_cross_l1_conflict			"[[""Culture"",""Culture-core""],[""Sports/Games"",""Sports/Games""]]"	2	2	"[""martial_art"",""_artist""]"	[160,304]	"[[""Culture"",""Culture-core""],[""Sports/Games"",""Sports/Games""]]"	[160,304]	Sports/Games	Sports/Games	martial_art	0	0	[]	0	0	"[""substring_requires_transfer_review"",""multiple_author_l1_candidates""]"	Sports/Games	proposed	medium	no_unique_author_l1_candidate	"[""substring_requires_transfer_review"",""multiple_author_l1_candidates""]"	0	freebase_bhht_author_lookup_v1	lookup_candidate_not_frozen	"[""Alberto Del Rio"", ""Alex Caceres"", ""Alex Reid""]"
276	Magazine editor	43	magazine_editor	author_substring	substring_unique_candidate	Culture	Culture-periphery	"[[""Culture"",""Culture-periphery""]]"	1	1	"[""editor"",""magazine""]"	[612,630]	"[[""Culture"",""Culture-periphery""]]"	[612,630]	Culture	Culture-periphery	editor	0	0	[]	0	0	"[""substring_requires_transfer_review""]"	Culture	proposed	high	agrees_with_previous_llm	"[""substring_requires_transfer_review""]"	0	freebase_bhht_author_lookup_v1	lookup_candidate_not_frozen	"[""Alberto Moravia"", ""Angela Simmons"", ""Anna Wintour""]"
279	Violinist	42	violinist	author_substring	substring_unique_candidate	Culture	Culture-core	"[[""Culture"",""Culture-core""]]"	1	1	"[""violin""]"	[563]	"[[""Culture"",""Culture-core""]]"	[563]	Culture	Culture-core	violin	0	0	[]	0	0	"[""substring_requires_transfer_review""]"	Culture	proposed	high	agrees_with_previous_llm	"[""substring_requires_transfer_review""]"	0	freebase_bhht_author_lookup_v1	lookup_candidate_not_frozen	"[""Ahmed Fouad Hassan"", ""Alfred Maurstad"", ""Alison Krauss""]"
281	Acting Coach	42	acting_coach	author_substring	substring_unique_candidate	Sports/Games	Sports/Games	"[[""Sports/Games"",""Sports/Games""]]"	1	1	"[""coach""]"	[75]	"[[""Sports/Games"",""Sports/Games""]]"	[75]	Sports/Games	Sports/Games	coach	0	0	[]	0	0	"[""substring_requires_transfer_review""]"	Culture	proposed	high	differs_from_previous_llm	"[""substring_requires_transfer_review"",""previous_llm_l1_disagreement""]"	0	freebase_bhht_author_lookup_v1	lookup_candidate_not_frozen	"[""Anne Jackson"", ""Arlene Martel"", ""Biff Elliot""]"
285	Mechanical Engineer	41	mechanical_engineer	author_substring	substring_cross_l1_conflict			"[[""Discovery/Science"",""Explorer/Inventor/Developer""],[""Other"",""Worker/Business (small)""]]"	2	2	"[""engineer"",""mechanic""]"	[1187,1652]	"[[""Discovery/Science"",""Explorer/Inventor/Developer""],[""Other"",""Worker/Business (small)""]]"	[1187,1652]	Discovery/Science	Explorer/Inventor/Developer	engineer	0	0	[]	0	0	"[""substring_requires_transfer_review"",""multiple_author_l1_candidates""]"	Discovery/Science	proposed	high	no_unique_author_l1_candidate	"[""substring_requires_transfer_review"",""multiple_author_l1_candidates""]"	0	freebase_bhht_author_lookup_v1	lookup_candidate_not_frozen	"[""Abrar Ahmad Safi"", ""Akshay Pujari"", ""Antonio Simoes""]"
289	Sports instructor	41	sports_instructor	author_substring	substring_cross_l1_conflict			"[[""Discovery/Science"",""Academia""],[""Sports/Games"",""Sports/Games""]]"	2	2	"[""_sport"",""instructor""]"	[24,794]	"[[""Discovery/Science"",""Academia""],[""Sports/Games"",""Sports/Games""]]"	[24,794]	Sports/Games	Sports/Games	_sport	0	0	[]	0	0	"[""substring_requires_transfer_review"",""multiple_author_l1_candidates""]"	Sports/Games	proposed	medium	no_unique_author_l1_candidate	"[""substring_requires_transfer_review"",""multiple_author_l1_candidates""]"	0	freebase_bhht_author_lookup_v1	lookup_candidate_not_frozen	"[""Amy Stiller"", ""Andrew Dasz"", ""Ashley Brooke Holm""]"
291	Jewelry designer	40	jewelry_designer	author_substring	substring_unique_candidate	Culture	Culture-periphery	"[[""Culture"",""Culture-periphery""]]"	1	1	"[""designer""]"	[606]	"[[""Culture"",""Culture-periphery""]]"	[606]	Culture	Culture-periphery	designer	0	0	[]	0	0	"[""substring_requires_transfer_review""]"	Culture	proposed	high	agrees_with_previous_llm	"[""substring_requires_transfer_review""]"	0	freebase_bhht_author_lookup_v1	lookup_candidate_not_frozen	"[""Adam Shulman"", ""Angharad Rees"", ""Anna James (Painting Artist)""]"
292	Handball Player	39	handball_player	author_substring	substring_unique_candidate	Sports/Games	Sports/Games	"[[""Sports/Games"",""Sports/Games""]]"	1	1	"[""handball"",""player""]"	[125,189]	"[[""Sports/Games"",""Sports/Games""]]"	[125,189]	Sports/Games	Sports/Games	handball	0	0	[]	0	0	"[""substring_requires_transfer_review""]"	Sports/Games	proposed	medium	agrees_with_previous_llm	"[""substring_requires_transfer_review""]"	0	freebase_bhht_author_lookup_v1	lookup_candidate_not_frozen	"[""Achim Cordes"", ""Alberto Entrerríos"", ""Anna Gebre Selassie""]"
295	Computer Engineer	38	computer_engineer	author_substring	substring_unique_candidate	Discovery/Science	Explorer/Inventor/Developer	"[[""Discovery/Science"",""Explorer/Inventor/Developer""]]"	1	1	"[""engineer""]"	[1187]	"[[""Discovery/Science"",""Explorer/Inventor/Developer""]]"	[1187]	Discovery/Science	Explorer/Inventor/Developer	engineer	0	0	[]	0	0	"[""substring_requires_transfer_review""]"	Discovery/Science	proposed	medium	agrees_with_previous_llm	"[""substring_requires_transfer_review""]"	0	freebase_bhht_author_lookup_v1	lookup_candidate_not_frozen	"[""A.J. Marik"", ""Allison Lynch"", ""Andrew Akesson""]"
300	Music critic	36	music_critic	author_substring	substring_same_l1_multiple_l2	Culture		"[[""Culture"",""Culture-core""],[""Culture"",""Culture-periphery""]]"	1	2	"[""_music"",""critic""]"	[325,604]	"[[""Culture"",""Culture-core""],[""Culture"",""Culture-periphery""]]"	[325,604]	Culture	Culture-core	_music	0	0	[]	0	0	"[""substring_requires_transfer_review"",""multiple_author_l2_candidates""]"	Culture	proposed	high	agrees_with_previous_llm	"[""substring_requires_transfer_review"",""multiple_author_l2_candidates""]"	0	freebase_bhht_author_lookup_v1	lookup_candidate_not_frozen	"[""Adolphe-Charles Adam"", ""Alan Ranta"", ""Alexander Serov""]"
301	Magician	36	magician	author_substring	substring_unique_candidate	Other	Other	"[[""Other"",""Other""]]"	1	1	"[""magic""]"	[1833]	"[[""Other"",""Other""]]"	[1833]	Other	Other	magic	0	0	[]	0	0	"[""substring_requires_transfer_review""]"	Culture	proposed	medium	differs_from_previous_llm	"[""substring_requires_transfer_review"",""previous_llm_l1_disagreement""]"	0	freebase_bhht_author_lookup_v1	lookup_candidate_not_frozen	"[""Alan Moore"", ""Carl Ballantine"", ""Christian Fechner""]"
302	Nobleman	36	nobleman	author_substring	substring_unique_candidate	Leadership	Nobility	"[[""Leadership"",""Nobility""]]"	1	1	"[""noble""]"	[1158]	"[[""Leadership"",""Nobility""]]"	[1158]	Leadership	Nobility	noble	0	0	[]	0	0	"[""substring_requires_transfer_review""]"	Leadership	proposed	high	agrees_with_previous_llm	"[""substring_requires_transfer_review""]"	0	freebase_bhht_author_lookup_v1	lookup_candidate_not_frozen	"[""Antoni Wróblewski"", ""Augustyn Wróblewski"", ""Charles Colyear, 2nd Earl of Portmore""]"
304	Orchestrator	35	orchestrator	author_substring	substring_unique_candidate	Culture	Culture-core	"[[""Culture"",""Culture-core""]]"	1	1	"[""orchestra""]"	[479]	"[[""Culture"",""Culture-core""]]"	[479]	Culture	Culture-core	orchestra	0	0	[]	0	0	"[""substring_requires_transfer_review""]"	Culture	proposed	medium	agrees_with_previous_llm	"[""substring_requires_transfer_review""]"	0	freebase_bhht_author_lookup_v1	lookup_candidate_not_frozen	"[""Aaron Johnson (Musician)"", ""Adam Guettel"", ""Albert Sendrey""]"
306	Peace activist	35	peace_activist	author_substring	substring_unique_candidate	Leadership	Politics	"[[""Leadership"",""Politics""]]"	1	1	"[""activist""]"	[939]	"[[""Leadership"",""Politics""]]"	[939]	Leadership	Politics	activist	0	0	[]	0	0	"[""substring_requires_transfer_review""]"		out_of_scope	high	author_candidate_previous_out_of_scope	"[""substring_requires_transfer_review""]"	0	freebase_bhht_author_lookup_v1	lookup_candidate_not_frozen	"[""Akiko Yosano"", ""Alexander Aris"", ""Asha Haji Elmi""]"
312	Session musician	34	session_musician	author_substring	substring_unique_candidate	Culture	Culture-core	"[[""Culture"",""Culture-core""]]"	1	1	"[""_music"",""musician""]"	[325,473]	"[[""Culture"",""Culture-core""]]"	[325,473]	Culture	Culture-core	_music	0	0	[]	0	0	"[""substring_requires_transfer_review""]"	Culture	proposed	high	agrees_with_previous_llm	"[""substring_requires_transfer_review""]"	0	freebase_bhht_author_lookup_v1	lookup_candidate_not_frozen	"[""Aishwarya Uniyal"", ""Al De Lory"", ""Alexander Young""]"
314	Aerospace Engineer	34	aerospace_engineer	author_substring	substring_same_l1_multiple_l2	Discovery/Science		"[[""Discovery/Science"",""Academia""],[""Discovery/Science"",""Explorer/Inventor/Developer""]]"	1	2	"[""aerospace"",""engineer""]"	[675,1187]	"[[""Discovery/Science"",""Academia""],[""Discovery/Science"",""Explorer/Inventor/Developer""]]"	[675,1187]	Discovery/Science	Academia	aerospace	0	0	[]	0	0	"[""substring_requires_transfer_review"",""multiple_author_l2_candidates""]"	Discovery/Science	proposed	high	agrees_with_previous_llm	"[""substring_requires_transfer_review"",""multiple_author_l2_candidates""]"	0	freebase_bhht_author_lookup_v1	lookup_candidate_not_frozen	"[""Albert Tissandier"", ""Alexei Tupolev"", ""Allen Paulson""]"
315	Field Hockey player	34	field_hockey_player	author_substring	substring_unique_candidate	Sports/Games	Sports/Games	"[[""Sports/Games"",""Sports/Games""]]"	1	1	"[""hockey"",""player""]"	[131,189]	"[[""Sports/Games"",""Sports/Games""]]"	[131,189]	Sports/Games	Sports/Games	hockey	0	0	[]	0	0	"[""substring_requires_transfer_review""]"	Sports/Games	proposed	high	agrees_with_previous_llm	"[""substring_requires_transfer_review""]"	0	freebase_bhht_author_lookup_v1	lookup_candidate_not_frozen	"[""Alejandro Verga"", ""Ashok Kumar (Field Hockey player)"", ""Benjamin Weß""]"
316	Jazz Drummer	34	jazz_drummer	author_substring	substring_unique_candidate	Culture	Culture-core	"[[""Culture"",""Culture-core""]]"	1	1	"[""drummer"",""jazz""]"	[414,451]	"[[""Culture"",""Culture-core""]]"	[414,451]	Culture	Culture-core	drummer	0	0	[]	0	0	"[""substring_requires_transfer_review""]"	Culture	proposed	medium	agrees_with_previous_llm	"[""substring_requires_transfer_review""]"	0	freebase_bhht_author_lookup_v1	lookup_candidate_not_frozen	"[""Alex Sipiagin"", ""Andrew Armstrong (Jazz Musician)"", ""Art Blakey""]"
317	Real estate entrepreneur	34	real_estate_entrepreneur	author_substring	substring_unique_candidate	Leadership	Corporate/Executive/Business (large)	"[[""Leadership"",""Corporate/Executive/Business (large)""]]"	1	1	"[""entrepreneur"",""real_estate""]"	[1222,1238]	"[[""Leadership"",""Corporate/Executive/Business (large)""]]"	[1222,1238]	Leadership	Corporate/Executive/Business (large)	entrepreneur	0	0	[]	0	0	"[""substring_requires_transfer_review""]"	Leadership	proposed	high	agrees_with_previous_llm	"[""substring_requires_transfer_review""]"	0	freebase_bhht_author_lookup_v1	lookup_candidate_not_frozen	"[""Andy Griffith Jr."", ""Ben Turpin"", ""Billy Martindale""]"
320	Freestyle skier	33	freestyle_skier	author_substring	substring_unique_candidate	Sports/Games	Sports/Games	"[[""Sports/Games"",""Sports/Games""]]"	1	1	"[""freestyle"",""skier""]"	[107,239]	"[[""Sports/Games"",""Sports/Games""]]"	[107,239]	Sports/Games	Sports/Games	freestyle	0	0	[]	0	0	"[""substring_requires_transfer_review""]"	Sports/Games	proposed	high	agrees_with_previous_llm	"[""substring_requires_transfer_review""]"	0	freebase_bhht_author_lookup_v1	lookup_candidate_not_frozen	"[""Aiko Uemura"", ""Amy Sheehan"", ""Andreas Matt""]"
322	Jazz Musician	32	jazz_musician	author_substring	substring_unique_candidate	Culture	Culture-core	"[[""Culture"",""Culture-core""]]"	1	1	"[""_music"",""jazz"",""musician""]"	[325,451,473]	"[[""Culture"",""Culture-core""]]"	[325,451,473]	Culture	Culture-core	_music	0	0	[]	0	0	"[""substring_requires_transfer_review""]"	Culture	proposed	medium	agrees_with_previous_llm	"[""substring_requires_transfer_review""]"	0	freebase_bhht_author_lookup_v1	lookup_candidate_not_frozen	"[""Alex Sipiagin"", ""Andrew Armstrong (Jazz Musician)"", ""Bengt Berger""]"
323	Game Show Host	32	game_show_host	author_substring	substring_cross_l1_conflict			"[[""Culture"",""Culture-core""],[""Sports/Games"",""Sports/Games""]]"	2	2	"[""_game"",""game_show"",""_host_"",""_show_""]"	[12,112,321,334]	"[[""Culture"",""Culture-core""],[""Sports/Games"",""Sports/Games""]]"	[12,112,321,334]	Sports/Games	Sports/Games	_game	0	0	[]	0	0	"[""substring_requires_transfer_review"",""multiple_author_l1_candidates""]"	Culture	proposed	medium	no_unique_author_l1_candidate	"[""substring_requires_transfer_review"",""multiple_author_l1_candidates""]"	0	freebase_bhht_author_lookup_v1	lookup_candidate_not_frozen	"[""Allen Ludden"", ""Ben Stein"", ""Bert Convy""]"
324	Radio producer	32	radio_producer	author_substring	substring_same_l1_multiple_l2	Culture		"[[""Culture"",""Culture-core""],[""Culture"",""Culture-periphery""]]"	1	2	"[""producer"",""_radio_""]"	[506,579]	"[[""Culture"",""Culture-core""],[""Culture"",""Culture-periphery""]]"	[506,579]	Culture	Culture-core	producer	0	0	[]	0	0	"[""substring_requires_transfer_review"",""multiple_author_l2_candidates""]"	Culture	proposed	high	agrees_with_previous_llm	"[""substring_requires_transfer_review"",""multiple_author_l2_candidates""]"	0	freebase_bhht_author_lookup_v1	lookup_candidate_not_frozen	"[""Andrew Allan (Screenwriter)"", ""Armando Iannucci"", ""Barry Johnston (Radio personality)""]"
325	Real estate development	32	real_estate_development	author_substring	substring_unique_candidate	Leadership	Corporate/Executive/Business (large)	"[[""Leadership"",""Corporate/Executive/Business (large)""]]"	1	1	"[""real_estate""]"	[1238]	"[[""Leadership"",""Corporate/Executive/Business (large)""]]"	[1238]	Leadership	Corporate/Executive/Business (large)	real_estate	0	0	[]	0	0	"[""substring_requires_transfer_review""]"		out_of_scope	medium	author_candidate_previous_out_of_scope	"[""substring_requires_transfer_review""]"	0	freebase_bhht_author_lookup_v1	lookup_candidate_not_frozen	"[""Anton Vorderman"", ""Bruce Ratner"", ""Buddy Tudor""]"
327	Territorial lord	32	territorial_lord	author_substring	substring_unique_candidate	Leadership	Nobility	"[[""Leadership"",""Nobility""]]"	1	1	"[""_lord""]"	[1120]	"[[""Leadership"",""Nobility""]]"	[1120]	Leadership	Nobility	_lord	0	0	[]	0	0	"[""substring_requires_transfer_review""]"	Leadership	proposed	high	agrees_with_previous_llm	"[""substring_requires_transfer_review""]"	0	freebase_bhht_author_lookup_v1	lookup_candidate_not_frozen	"[""Hōjō Ujimasa"", ""Hōjō Ujiyasu"", ""Ikeda Tsuneoki""]"
329	Insurance broker	31	insurance_broker	author_substring	substring_unique_candidate	Other	Worker/Business (small)	"[[""Other"",""Worker/Business (small)""]]"	1	1	"[""_insurance"",""broker""]"	[1466,1543]	"[[""Other"",""Worker/Business (small)""]]"	[1466,1543]	Other	Worker/Business (small)	_insurance	0	0	[]	0	0	"[""substring_requires_transfer_review""]"		needs_review	medium	author_candidate_previous_needs_review	"[""substring_requires_transfer_review""]"	0	freebase_bhht_author_lookup_v1	lookup_candidate_not_frozen	"[""Alfred D. Rosner"", ""Angelo Leno"", ""Charles Hughesdon""]"
331	Character Actor	30	character_actor	author_substring	substring_unique_candidate	Culture	Culture-core	"[[""Culture"",""Culture-core""]]"	1	1	"[""_actor""]"	[303]	"[[""Culture"",""Culture-core""]]"	[303]	Culture	Culture-core	_actor	0	0	[]	0	0	"[""substring_requires_transfer_review""]"	Culture	proposed	medium	agrees_with_previous_llm	"[""substring_requires_transfer_review""]"	0	freebase_bhht_author_lookup_v1	lookup_candidate_not_frozen	"[""Abigail (Actor) #28"", ""Andy Devine"", ""Dean Jagger""]"
333	Television Show Host	30	television_show_host	author_substring	substring_same_l1_multiple_l2	Culture		"[[""Culture"",""Culture-core""],[""Culture"",""Culture-periphery""]]"	1	2	"[""_host_"",""_show_"",""television""]"	[321,334,655]	"[[""Culture"",""Culture-core""],[""Culture"",""Culture-periphery""]]"	[321,334,655]	Culture	Culture-core	_host_	0	0	[]	0	0	"[""substring_requires_transfer_review"",""multiple_author_l2_candidates""]"	Culture	proposed	high	agrees_with_previous_llm	"[""substring_requires_transfer_review"",""multiple_author_l2_candidates""]"	0	freebase_bhht_author_lookup_v1	lookup_candidate_not_frozen	"[""Alyssa Chia"", ""Annie Sprinkle"", ""Armida Siguion-Reyna""]"
336	Sound Editor	29	sound_editor	author_substring	substring_unique_candidate	Culture	Culture-periphery	"[[""Culture"",""Culture-periphery""]]"	1	1	"[""editor""]"	[612]	"[[""Culture"",""Culture-periphery""]]"	[612]	Culture	Culture-periphery	editor	0	0	[]	0	0	"[""substring_requires_transfer_review""]"	Culture	proposed	high	agrees_with_previous_llm	"[""substring_requires_transfer_review""]"	0	freebase_bhht_author_lookup_v1	lookup_candidate_not_frozen	"[""Adrienne Alexander"", ""Alan Splet"", ""Amy Lumet""]"
337	Documentary Filmmaker	29	documentary_filmmaker	author_substring	substring_unique_candidate	Culture	Culture-core	"[[""Culture"",""Culture-core""]]"	1	1	"[""filmmaker""]"	[424]	"[[""Culture"",""Culture-core""]]"	[424]	Culture	Culture-core	filmmaker	0	0	[]	0	0	"[""substring_requires_transfer_review""]"	Culture	proposed	medium	agrees_with_previous_llm	"[""substring_requires_transfer_review""]"	0	freebase_bhht_author_lookup_v1	lookup_candidate_not_frozen	"[""Alan Lomax"", ""Alexandra Pelosi"", ""Arturo Curà""]"
338	Game designer	29	game_designer	author_substring	substring_cross_l1_conflict			"[[""Culture"",""Culture-periphery""],[""Sports/Games"",""Sports/Games""]]"	2	2	"[""_game"",""designer""]"	[12,606]	"[[""Culture"",""Culture-periphery""],[""Sports/Games"",""Sports/Games""]]"	[12,606]	Sports/Games	Sports/Games	_game	0	0	[]	0	0	"[""substring_requires_transfer_review"",""multiple_author_l1_candidates""]"		needs_review	low	no_unique_author_l1_candidate	"[""substring_requires_transfer_review"",""multiple_author_l1_candidates""]"	0	freebase_bhht_author_lookup_v1	lookup_candidate_not_frozen	"[""Albert Lamorisse"", ""Brenda Romero"", ""Cliff Bleszinski""]"
339	Opera Director (Profession)	29	opera_director_(profession)	author_substring	substring_unique_candidate	Culture	Culture-core	"[[""Culture"",""Culture-core""]]"	1	1	"[""_opera_""]"	[326]	"[[""Culture"",""Culture-core""]]"	[326]	Culture	Culture-core	_opera_	0	0	[]	0	0	"[""substring_requires_transfer_review""]"	Culture	proposed	high	agrees_with_previous_llm	"[""substring_requires_transfer_review""]"	0	freebase_bhht_author_lookup_v1	lookup_candidate_not_frozen	"[""Andrei Tarkovsky"", ""Antoine Bourseiller"", ""Boris Pokrovsky""]"
340	Comic book creator	29	comic_book_creator	author_substring	substring_unique_candidate	Culture	Culture-core	"[[""Culture"",""Culture-core""]]"	1	1	"[""_comic_"",""_creator_"",""comic_book""]"	[311,313,396]	"[[""Culture"",""Culture-core""]]"	[311,313,396]	Culture	Culture-core	_comic_	0	0	[]	0	0	"[""substring_requires_transfer_review""]"	Culture	proposed	medium	agrees_with_previous_llm	"[""substring_requires_transfer_review""]"	0	freebase_bhht_author_lookup_v1	lookup_candidate_not_frozen	"[""Andy Wachowski"", ""Charlie Brooker"", ""Chester Brown""]"
346	Cabaret Artist	28	cabaret_artist	author_substring	substring_unique_candidate	Culture	Culture-core	"[[""Culture"",""Culture-core""]]"	1	1	"[""_artist""]"	[304]	"[[""Culture"",""Culture-core""]]"	[304]	Culture	Culture-core	_artist	0	0	[]	0	0	"[""substring_requires_transfer_review""]"	Culture	proposed	medium	agrees_with_previous_llm	"[""substring_requires_transfer_review""]"	0	freebase_bhht_author_lookup_v1	lookup_candidate_not_frozen	"[""Alexander Vertinsky"", ""Alexis Arquette"", ""Brigitte Mira""]"
349	Personal trainer	28	personal_trainer	author_substring	substring_unique_candidate	Sports/Games	Sports/Games	"[[""Sports/Games"",""Sports/Games""]]"	1	1	"[""trainer""]"	[277]	"[[""Sports/Games"",""Sports/Games""]]"	[277]	Sports/Games	Sports/Games	trainer	0	0	[]	0	0	"[""substring_requires_transfer_review""]"		needs_review	low	author_candidate_previous_needs_review	"[""substring_requires_transfer_review""]"	0	freebase_bhht_author_lookup_v1	lookup_candidate_not_frozen	"[""Andrew Dasz"", ""Campion Murphy"", ""Carlos Leon""]"
351	Investment Banker	28	investment_banker	author_substring	substring_unique_candidate	Leadership	Corporate/Executive/Business (large)	"[[""Leadership"",""Corporate/Executive/Business (large)""]]"	1	1	"[""bank"",""investment""]"	[1215,1229]	"[[""Leadership"",""Corporate/Executive/Business (large)""]]"	[1215,1229]	Leadership	Corporate/Executive/Business (large)	bank	0	0	[]	0	0	"[""substring_requires_transfer_review""]"		needs_review	low	author_candidate_previous_needs_review	"[""substring_requires_transfer_review""]"	0	freebase_bhht_author_lookup_v1	lookup_candidate_not_frozen	"[""Arthur L. Carter"", ""Bruce Wasserstein"", ""Charles H. Marshall (Investment Banker)""]"
352	Attorney at law	27	attorney_at_law	author_substring	substring_unique_candidate	Leadership	Administration/Law	"[[""Leadership"",""Administration/Law""]]"	1	1	"[""_law_"",""attorney""]"	[1052,1060]	"[[""Leadership"",""Administration/Law""]]"	[1052,1060]	Leadership	Administration/Law	_law_	0	0	[]	0	0	"[""substring_requires_transfer_review""]"	Leadership	proposed	medium	agrees_with_previous_llm	"[""substring_requires_transfer_review""]"	0	freebase_bhht_author_lookup_v1	lookup_candidate_not_frozen	"[""Adam Laxalt"", ""Amy Blunt Mosby"", ""Barnabas Bidwell""]"
354	Televangelist	27	televangelist	author_substring	substring_unique_candidate	Leadership	Religious	"[[""Leadership"",""Religious""]]"	1	1	"[""evangelist""]"	[1306]	"[[""Leadership"",""Religious""]]"	[1306]	Leadership	Religious	evangelist	0	0	[]	0	0	"[""substring_requires_transfer_review""]"	Leadership	proposed	high	agrees_with_previous_llm	"[""substring_requires_transfer_review""]"	0	freebase_bhht_author_lookup_v1	lookup_candidate_not_frozen	"[""Aimee Semple McPherson"", ""Brian Houston"", ""Charles Stanley""]"
356	Acting Teacher	27	acting_teacher	author_substring	substring_unique_candidate	Discovery/Science	Academia	"[[""Discovery/Science"",""Academia""]]"	1	1	"[""teacher_""]"	[910]	"[[""Discovery/Science"",""Academia""]]"	[910]	Discovery/Science	Academia	teacher_	0	0	[]	0	0	"[""substring_requires_transfer_review""]"		needs_review	low	author_candidate_previous_needs_review	"[""substring_requires_transfer_review""]"	0	freebase_bhht_author_lookup_v1	lookup_candidate_not_frozen	"[""Alessandro Gassmann"", ""Andrzej Seweryn"", ""Brad Dourif""]"
357	Music Teacher	27	music_teacher	author_substring	substring_cross_l1_conflict			"[[""Culture"",""Culture-core""],[""Discovery/Science"",""Academia""]]"	2	2	"[""_music"",""teacher_""]"	[325,910]	"[[""Culture"",""Culture-core""],[""Discovery/Science"",""Academia""]]"	[325,910]	Culture	Culture-core	_music	0	0	[]	0	0	"[""substring_requires_transfer_review"",""multiple_author_l1_candidates""]"		needs_review	low	no_unique_author_l1_candidate	"[""substring_requires_transfer_review"",""multiple_author_l1_candidates""]"	0	freebase_bhht_author_lookup_v1	lookup_candidate_not_frozen	"[""Alexina Louie"", ""Allauddin Khan"", ""Ana Medeiros""]"
358	Naval Officer	27	naval_officer	author_substring	substring_unique_candidate	Leadership	Military	"[[""Leadership"",""Military""]]"	1	1	"[""naval_"",""officer_""]"	[1409,1412]	"[[""Leadership"",""Military""]]"	[1409,1412]	Leadership	Military	naval_	0	0	[]	0	0	"[""substring_requires_transfer_review""]"	Leadership	proposed	medium	agrees_with_previous_llm	"[""substring_requires_transfer_review""]"	0	freebase_bhht_author_lookup_v1	lookup_candidate_not_frozen	"[""August Ritter von Trapp"", ""Charles Austen"", ""Charles F. Shoemaker""]"
364	Stunt coordinator	25	stunt_coordinator	author_substring	substring_unique_candidate	Culture	Culture-core	"[[""Culture"",""Culture-core""]]"	1	1	"[""_stunt_""]"	[340]	"[[""Culture"",""Culture-core""]]"	[340]	Culture	Culture-core	_stunt_	0	0	[]	0	0	"[""substring_requires_transfer_review""]"	Culture	proposed	medium	agrees_with_previous_llm	"[""substring_requires_transfer_review""]"	0	freebase_bhht_author_lookup_v1	lookup_candidate_not_frozen	"[""BJ Davis"", ""Bernhard Pock"", ""Buddy Joe Hooker""]"
366	Media Personality	24	media_personality	author_substring	substring_unique_candidate	Culture	Culture-periphery	"[[""Culture"",""Culture-periphery""]]"	1	1	"[""_media""]"	[576]	"[[""Culture"",""Culture-periphery""]]"	[576]	Culture	Culture-periphery	_media	0	0	[]	0	0	"[""substring_requires_transfer_review""]"	Culture	proposed	high	agrees_with_previous_llm	"[""substring_requires_transfer_review""]"	0	freebase_bhht_author_lookup_v1	lookup_candidate_not_frozen	"[""Alain Finkielkraut"", ""Amr Hamzawy"", ""Arthur M. Schlesinger, Jr.""]"
367	Media proprietor	24	media_proprietor	author_substring	substring_unique_candidate	Culture	Culture-periphery	"[[""Culture"",""Culture-periphery""]]"	1	1	"[""_media""]"	[576]	"[[""Culture"",""Culture-periphery""]]"	[576]	Culture	Culture-periphery	_media	0	0	[]	0	0	"[""substring_requires_transfer_review""]"		needs_review	low	author_candidate_previous_needs_review	"[""substring_requires_transfer_review""]"	0	freebase_bhht_author_lookup_v1	lookup_candidate_not_frozen	"[""Albert Warner"", ""Anne Cox Chambers"", ""Aydın Doğan""]"
371	Music pedagogue	23	music_pedagogue	author_substring	substring_cross_l1_conflict			"[[""Culture"",""Culture-core""],[""Discovery/Science"",""Academia""]]"	2	2	"[""_music"",""pedagogue""]"	[325,851]	"[[""Culture"",""Culture-core""],[""Discovery/Science"",""Academia""]]"	[325,851]	Culture	Culture-core	_music	0	0	[]	0	0	"[""substring_requires_transfer_review"",""multiple_author_l1_candidates""]"		needs_review	low	no_unique_author_l1_candidate	"[""substring_requires_transfer_review"",""multiple_author_l1_candidates""]"	0	freebase_bhht_author_lookup_v1	lookup_candidate_not_frozen	"[""Alberto Williams"", ""Alexander Glazunov"", ""Arnold Schoenberg""]"
372	Software Engineer	23	software_engineer	author_substring	substring_unique_candidate	Discovery/Science	Explorer/Inventor/Developer	"[[""Discovery/Science"",""Explorer/Inventor/Developer""]]"	1	1	"[""engineer""]"	[1187]	"[[""Discovery/Science"",""Explorer/Inventor/Developer""]]"	[1187]	Discovery/Science	Explorer/Inventor/Developer	engineer	0	0	[]	0	0	"[""substring_requires_transfer_review""]"	Discovery/Science	proposed	high	agrees_with_previous_llm	"[""substring_requires_transfer_review""]"	0	freebase_bhht_author_lookup_v1	lookup_candidate_not_frozen	"[""Alexander Marks"", ""Andrew Hogue"", ""Andrew Kennedy (Software Engineer)""]"
376	Graphic Artist	23	graphic_artist	author_substring	substring_unique_candidate	Culture	Culture-core	"[[""Culture"",""Culture-core""]]"	1	1	"[""_artist""]"	[304]	"[[""Culture"",""Culture-core""]]"	[304]	Culture	Culture-core	_artist	0	0	[]	0	0	"[""substring_requires_transfer_review""]"	Culture	proposed	medium	agrees_with_previous_llm	"[""substring_requires_transfer_review""]"	0	freebase_bhht_author_lookup_v1	lookup_candidate_not_frozen	"[""Art Wood"", ""Bruno Bruni"", ""Charles McKimson""]"
383	Firefighter	22	firefighter	author_substring	substring_cross_l1_conflict			"[[""Leadership"",""Military""],[""Sports/Games"",""Sports/Games""]]"	2	2	"[""fighter""]"	[96,1390]	"[[""Leadership"",""Military""],[""Sports/Games"",""Sports/Games""]]"	[96,1390]	Sports/Games	Sports/Games	fighter	0	0	[]	0	0	"[""substring_requires_transfer_review"",""multiple_author_l1_candidates""]"		out_of_scope	high	no_unique_author_l1_candidate	"[""substring_requires_transfer_review"",""multiple_author_l1_candidates""]"	0	freebase_bhht_author_lookup_v1	lookup_candidate_not_frozen	"[""Anthony Martin Sinatra"", ""António Silva"", ""Brian Williams""]"
386	Civil rights activist	21	civil_rights_activist	author_substring	substring_unique_candidate	Leadership	Politics	"[[""Leadership"",""Politics""]]"	1	1	"[""activist"",""civil_rights""]"	[939,952]	"[[""Leadership"",""Politics""]]"	[939,952]	Leadership	Politics	activist	0	0	[]	0	0	"[""substring_requires_transfer_review""]"		needs_review	low	author_candidate_previous_needs_review	"[""substring_requires_transfer_review""]"	0	freebase_bhht_author_lookup_v1	lookup_candidate_not_frozen	"[""Alexander Aris"", ""Alfred Daniel Williams King"", ""Asma Jahangir""]"
387	Dramaturge	21	dramaturge	author_substring	substring_unique_candidate	Culture	Culture-core	"[[""Culture"",""Culture-core""]]"	1	1	"[""_drama""]"	[318]	"[[""Culture"",""Culture-core""]]"	[318]	Culture	Culture-core	_drama	0	0	"[{""level1"":""Culture"",""level2"":""Culture-core"",""level3"":""dramaturge"",""person_count"":6,""example_wikidata_codes"":""Q16558908|Q17636686|Q24951550""}]"	0	0	"[""substring_requires_transfer_review""]"	Culture	proposed	high	agrees_with_previous_llm	"[""substring_requires_transfer_review""]"	0	freebase_bhht_author_lookup_v1	lookup_candidate_not_frozen	"[""Anna Langhoff"", ""Annegret Hahn"", ""Anton Chekhov""]"
390	Human rights activist	20	human_rights_activist	author_substring	substring_unique_candidate	Leadership	Politics	"[[""Leadership"",""Politics""]]"	1	1	"[""activist""]"	[939]	"[[""Leadership"",""Politics""]]"	[939]	Leadership	Politics	activist	0	0	[]	0	0	"[""substring_requires_transfer_review""]"		out_of_scope	high	author_candidate_previous_out_of_scope	"[""substring_requires_transfer_review""]"	0	freebase_bhht_author_lookup_v1	lookup_candidate_not_frozen	"[""Alexander Esenin-Volpin"", ""Amr Hamzawy"", ""Andrei Sakharov""]"
392	Factory worker	20	factory_worker	author_substring	substring_unique_candidate	Other	Worker/Business (small)	"[[""Other"",""Worker/Business (small)""]]"	1	1	"[""worker""]"	[1716]	"[[""Other"",""Worker/Business (small)""]]"	[1716]	Other	Worker/Business (small)	worker	0	0	[]	0	0	"[""substring_requires_transfer_review""]"		out_of_scope	high	formal_author_other_previously_out_of_scope	"[""substring_requires_transfer_review""]"	0	freebase_bhht_author_lookup_v1	lookup_candidate_not_frozen	"[""Alexis Remi"", ""Anna Lovisa Karlsson"", ""Bernard Rickman""]"
394	Professional golfer	20	professional_golfer	author_substring	substring_unique_candidate	Sports/Games	Sports/Games	"[[""Sports/Games"",""Sports/Games""]]"	1	1	"[""golf""]"	[119]	"[[""Sports/Games"",""Sports/Games""]]"	[119]	Sports/Games	Sports/Games	golf	0	0	[]	0	0	"[""substring_requires_transfer_review""]"	Sports/Games	proposed	medium	agrees_with_previous_llm	"[""substring_requires_transfer_review""]"	0	freebase_bhht_author_lookup_v1	lookup_candidate_not_frozen	"[""Anisha Padukone"", ""Annika Sörenstam"", ""Billy Martindale""]"
397	Professional Poker Player	20	professional_poker_player	author_substring	substring_unique_candidate	Sports/Games	Sports/Games	"[[""Sports/Games"",""Sports/Games""]]"	1	1	"[""player"",""poker_player""]"	[189,191]	"[[""Sports/Games"",""Sports/Games""]]"	[189,191]	Sports/Games	Sports/Games	player	0	0	[]	0	0	"[""substring_requires_transfer_review""]"	Sports/Games	proposed	medium	agrees_with_previous_llm	"[""substring_requires_transfer_review""]"	0	freebase_bhht_author_lookup_v1	lookup_candidate_not_frozen	"[""Barny Boatman"", ""Ben Affleck"", ""Donnacha O'Dea""]"
400	Industrial designer	19	industrial_designer	author_substring	substring_cross_l1_conflict			"[[""Culture"",""Culture-periphery""],[""Leadership"",""Corporate/Executive/Business (large)""]]"	2	2	"[""designer"",""industrial""]"	[606,1227]	"[[""Culture"",""Culture-periphery""],[""Leadership"",""Corporate/Executive/Business (large)""]]"	[606,1227]	Culture	Culture-periphery	designer	0	0	[]	0	0	"[""substring_requires_transfer_review"",""multiple_author_l1_candidates""]"	Culture	proposed	medium	no_unique_author_l1_candidate	"[""substring_requires_transfer_review"",""multiple_author_l1_candidates""]"	0	freebase_bhht_author_lookup_v1	lookup_candidate_not_frozen	"[""Adam Savage"", ""Antonio Alves"", ""Buckminster Fuller""]"
401	Law professor	19	law_professor	author_substring	substring_cross_l1_conflict			"[[""Discovery/Science"",""Academia""],[""Leadership"",""Administration/Law""]]"	2	2	"[""professor"",""_law_""]"	[878,1052]	"[[""Discovery/Science"",""Academia""],[""Leadership"",""Administration/Law""]]"	[878,1052]	Discovery/Science	Academia	professor	0	0	[]	0	0	"[""substring_requires_transfer_review"",""multiple_author_l1_candidates""]"	Discovery/Science	proposed	high	no_unique_author_l1_candidate	"[""substring_requires_transfer_review"",""multiple_author_l1_candidates""]"	0	freebase_bhht_author_lookup_v1	lookup_candidate_not_frozen	"[""Adam Winkler"", ""Akhil Reed Amar"", ""Albrecht Mendelssohn-Bartholdy""]"
403	Crime writer	19	crime_writer	author_substring	substring_cross_l1_conflict			"[[""Culture"",""Culture-core""],[""Other"",""Other""]]"	2	2	"[""_writer"",""crime""]"	[343,1791]	"[[""Culture"",""Culture-core""],[""Other"",""Other""]]"	[343,1791]	Culture	Culture-core	_writer	0	0	[]	0	0	"[""substring_requires_transfer_review"",""multiple_author_l1_candidates""]"	Culture	proposed	medium	no_unique_author_l1_candidate	"[""substring_requires_transfer_review"",""multiple_author_l1_candidates""]"	0	freebase_bhht_author_lookup_v1	lookup_candidate_not_frozen	"[""Alex Brinchmann"", ""Ann Rule"", ""Edgar Wallace""]"
405	Ice dancer	19	ice_dancer	author_substring	substring_unique_candidate	Culture	Culture-core	"[[""Culture"",""Culture-core""]]"	1	1	"[""dancer""]"	[410]	"[[""Culture"",""Culture-core""]]"	[410]	Culture	Culture-core	dancer	0	0	[]	0	0	"[""substring_requires_transfer_review""]"	Sports/Games	proposed	high	differs_from_previous_llm	"[""substring_requires_transfer_review"",""previous_llm_l1_disagreement""]"	0	freebase_bhht_author_lookup_v1	lookup_candidate_not_frozen	"[""Alexander Zhulin"", ""Alexandra Zaretsky"", ""Carolina Hermann""]"
406	Triathlete	19	triathlete	author_substring	substring_unique_candidate	Sports/Games	Sports/Games	"[[""Sports/Games"",""Sports/Games""]]"	1	1	"[""athlete""]"	[32]	"[[""Sports/Games"",""Sports/Games""]]"	[32]	Sports/Games	Sports/Games	athlete	0	0	[]	0	0	"[""substring_requires_transfer_review""]"	Sports/Games	proposed	medium	agrees_with_previous_llm	"[""substring_requires_transfer_review""]"	0	freebase_bhht_author_lookup_v1	lookup_candidate_not_frozen	"[""Alistair Brownlee"", ""Andrea Hewitt"", ""Anja Dittmer""]"
409	Visual Effects Artist	18	visual_effects_artist	author_substring	substring_unique_candidate	Culture	Culture-core	"[[""Culture"",""Culture-core""]]"	1	1	"[""_artist"",""visual_effects""]"	[304,566]	"[[""Culture"",""Culture-core""]]"	[304,566]	Culture	Culture-core	_artist	0	0	[]	0	0	"[""substring_requires_transfer_review""]"	Culture	proposed	medium	agrees_with_previous_llm	"[""substring_requires_transfer_review""]"	0	freebase_bhht_author_lookup_v1	lookup_candidate_not_frozen	"[""Aaron Vest"", ""Christian Cardona (Actor)"", ""Darrell A. Anderson""]"
410	Newspaper editor	18	newspaper_editor	author_substring	substring_unique_candidate	Culture	Culture-periphery	"[[""Culture"",""Culture-periphery""]]"	1	1	"[""editor""]"	[612]	"[[""Culture"",""Culture-periphery""]]"	[612]	Culture	Culture-periphery	editor	0	0	[]	0	0	"[""substring_requires_transfer_review""]"	Culture	proposed	medium	agrees_with_previous_llm	"[""substring_requires_transfer_review""]"	0	freebase_bhht_author_lookup_v1	lookup_candidate_not_frozen	"[""Adam Baruch"", ""Ben Bradlee"", ""Chuck Stone""]"
412	Bobsleigher	18	bobsleigher	author_substring	substring_unique_candidate	Sports/Games	Sports/Games	"[[""Sports/Games"",""Sports/Games""]]"	1	1	"[""bobsleigh""]"	[53]	"[[""Sports/Games"",""Sports/Games""]]"	[53]	Sports/Games	Sports/Games	bobsleigh	0	0	[]	0	0	"[""substring_requires_transfer_review""]"	Sports/Games	proposed	medium	agrees_with_previous_llm	"[""substring_requires_transfer_review""]"	0	freebase_bhht_author_lookup_v1	lookup_candidate_not_frozen	"[""Aja Evans (Olympic athlete)"", ""Alexey Stulnev"", ""Arnold van Calker""]"
413	Martial Arts Instructor	18	martial_arts_instructor	author_substring	substring_cross_l1_conflict			"[[""Culture"",""Culture-core""],[""Discovery/Science"",""Academia""],[""Sports/Games"",""Sports/Games""]]"	3	3	"[""martial_art"",""_arts_"",""instructor""]"	[160,305,794]	"[[""Culture"",""Culture-core""],[""Discovery/Science"",""Academia""],[""Sports/Games"",""Sports/Games""]]"	[160,305,794]	Sports/Games	Sports/Games	martial_art	0	0	[]	0	0	"[""substring_requires_transfer_review"",""multiple_author_l1_candidates""]"	Sports/Games	proposed	medium	no_unique_author_l1_candidate	"[""substring_requires_transfer_review"",""multiple_author_l1_candidates""]"	0	freebase_bhht_author_lookup_v1	lookup_candidate_not_frozen	"[""Al Dacascos"", ""Andrew Dasz"", ""Bruce Lee""]"
420	Veterinary physician	17	veterinary_physician	author_substring	substring_unique_candidate	Discovery/Science	Academia	"[[""Discovery/Science"",""Academia""]]"	1	1	"[""physician""]"	[867]	"[[""Discovery/Science"",""Academia""]]"	[867]	Discovery/Science	Academia	physician	0	0	[]	0	0	"[""substring_requires_transfer_review""]"	Discovery/Science	proposed	high	agrees_with_previous_llm	"[""substring_requires_transfer_review""]"	0	freebase_bhht_author_lookup_v1	lookup_candidate_not_frozen	"[""Aimee Watson"", ""Alton Ford (Veterinarian)"", ""Asbjørn Beha Erichsen""]"
421	Theatre Manager	17	theatre_manager	author_substring	substring_cross_l1_conflict			"[[""Culture"",""Culture-core""],[""Leadership"",""Corporate/Executive/Business (large)""]]"	2	2	"[""theatre"",""manager""]"	[550,1234]	"[[""Culture"",""Culture-core""],[""Leadership"",""Corporate/Executive/Business (large)""]]"	[550,1234]	Culture	Culture-core	theatre	0	0	[]	0	0	"[""substring_requires_transfer_review"",""multiple_author_l1_candidates""]"		needs_review	low	no_unique_author_l1_candidate	"[""substring_requires_transfer_review"",""multiple_author_l1_candidates""]"	0	freebase_bhht_author_lookup_v1	lookup_candidate_not_frozen	"[""Alfred Maurstad"", ""Edward Harrigan"", ""George Howells Broadhurst""]"
425	Vocal coach	16	vocal_coach	author_substring	substring_unique_candidate	Sports/Games	Sports/Games	"[[""Sports/Games"",""Sports/Games""]]"	1	1	"[""coach""]"	[75]	"[[""Sports/Games"",""Sports/Games""]]"	[75]	Sports/Games	Sports/Games	coach	0	0	[]	0	0	"[""substring_requires_transfer_review""]"	Culture	proposed	high	differs_from_previous_llm	"[""substring_requires_transfer_review"",""previous_llm_l1_disagreement""]"	0	freebase_bhht_author_lookup_v1	lookup_candidate_not_frozen	"[""Adam Levine"", ""Adriana McPhee"", ""Bob Corff""]"
426	Voice teacher	16	voice_teacher	author_substring	substring_unique_candidate	Discovery/Science	Academia	"[[""Discovery/Science"",""Academia""]]"	1	1	"[""teacher_""]"	[910]	"[[""Discovery/Science"",""Academia""]]"	[910]	Discovery/Science	Academia	teacher_	0	0	[]	0	0	"[""substring_requires_transfer_review""]"		needs_review	low	author_candidate_previous_needs_review	"[""substring_requires_transfer_review""]"	0	freebase_bhht_author_lookup_v1	lookup_candidate_not_frozen	"[""Alberto Randegger"", ""Alessandro Stradella"", ""Dorothy Tree""]"
427	Ski jumper	16	ski_jumper	author_substring	substring_unique_candidate	Sports/Games	Sports/Games	"[[""Sports/Games"",""Sports/Games""]]"	1	1	"[""_ski_"",""jumper""]"	[23,146]	"[[""Sports/Games"",""Sports/Games""]]"	[23,146]	Sports/Games	Sports/Games	_ski_	0	0	[]	0	0	"[""substring_requires_transfer_review""]"	Sports/Games	proposed	medium	agrees_with_previous_llm	"[""substring_requires_transfer_review""]"	0	freebase_bhht_author_lookup_v1	lookup_candidate_not_frozen	"[""Alissa Johnson"", ""Anders Johnson"", ""Anja Tepeš""]"
428	Fitness professional	16	fitness_professional	author_substring	substring_unique_candidate	Sports/Games	Sports/Games	"[[""Sports/Games"",""Sports/Games""]]"	1	1	"[""fitness""]"	[98]	"[[""Sports/Games"",""Sports/Games""]]"	[98]	Sports/Games	Sports/Games	fitness	0	0	[]	0	0	"[""substring_requires_transfer_review""]"	Sports/Games	proposed	medium	agrees_with_previous_llm	"[""substring_requires_transfer_review""]"	0	freebase_bhht_author_lookup_v1	lookup_candidate_not_frozen	"[""Amy Stiller"", ""Billy Blanks"", ""Carmen Electra""]"
429	Internet marketing	16	internet_marketing	author_substring	substring_unique_candidate	Other	Worker/Business (small)	"[[""Other"",""Worker/Business (small)""]]"	1	1	"[""marketing""]"	[1649]	"[[""Other"",""Worker/Business (small)""]]"	[1649]	Other	Worker/Business (small)	marketing	0	0	[]	0	0	"[""substring_requires_transfer_review""]"		needs_review	low	author_candidate_previous_needs_review	"[""substring_requires_transfer_review""]"	0	freebase_bhht_author_lookup_v1	lookup_candidate_not_frozen	"[""Andrew Akesson"", ""Aviran Zazon"", ""Bill Sebald""]"
432	Truck driver	16	truck_driver	author_substring	substring_unique_candidate	Sports/Games	Sports/Games	"[[""Sports/Games"",""Sports/Games""]]"	1	1	"[""_driver_""]"	[9]	"[[""Sports/Games"",""Sports/Games""]]"	[9]	Sports/Games	Sports/Games	_driver_	0	0	[]	0	0	"[""substring_requires_transfer_review""]"		out_of_scope	high	author_candidate_previous_out_of_scope	"[""substring_requires_transfer_review""]"	0	freebase_bhht_author_lookup_v1	lookup_candidate_not_frozen	"[""Andrew Armstrong (Jazz Musician)"", ""Billy Garland"", ""Bruce Stephens (Truck driver)""]"
433	Short Track Speed Skater	16	short_track_speed_skater	author_substring	substring_unique_candidate	Sports/Games	Sports/Games	"[[""Sports/Games"",""Sports/Games""]]"	1	1	"[""skater""]"	[234]	"[[""Sports/Games"",""Sports/Games""]]"	[234]	Sports/Games	Sports/Games	skater	0	0	[]	0	0	"[""substring_requires_transfer_review""]"	Sports/Games	proposed	medium	agrees_with_previous_llm	"[""substring_requires_transfer_review""]"	0	freebase_bhht_author_lookup_v1	lookup_candidate_not_frozen	"[""Anthony Lobello, Jr."", ""Arianna Fontana"", ""Balazs Knoch""]"
434	Academician	16	academician	author_substring	substring_unique_candidate	Discovery/Science	Academia	"[[""Discovery/Science"",""Academia""]]"	1	1	"[""academic""]"	[671]	"[[""Discovery/Science"",""Academia""]]"	[671]	Discovery/Science	Academia	academic	0	0	[]	0	0	"[""substring_requires_transfer_review""]"	Discovery/Science	proposed	high	agrees_with_previous_llm	"[""substring_requires_transfer_review""]"	0	freebase_bhht_author_lookup_v1	lookup_candidate_not_frozen	"[""Arvind Kumar Singh (Politician)"", ""Caroline Humphrey"", ""Danica McKellar""]"
435	Art Model	16	art_model	author_substring	substring_unique_candidate	Culture	Culture-periphery	"[[""Culture"",""Culture-periphery""]]"	1	1	"[""_model_""]"	[577]	"[[""Culture"",""Culture-periphery""]]"	[577]	Culture	Culture-periphery	_model_	0	0	[]	0	0	"[""substring_requires_transfer_review""]"	Culture	proposed	high	agrees_with_previous_llm	"[""substring_requires_transfer_review""]"	0	freebase_bhht_author_lookup_v1	lookup_candidate_not_frozen	"[""Camille Doncieux"", ""Dorothy Gibson"", ""Gala Dalí""]"
436	Cultural critic	16	cultural_critic	author_substring	substring_unique_candidate	Culture	Culture-periphery	"[[""Culture"",""Culture-periphery""]]"	1	1	"[""critic""]"	[604]	"[[""Culture"",""Culture-periphery""]]"	[604]	Culture	Culture-periphery	critic	0	0	[]	0	0	"[""substring_requires_transfer_review""]"	Culture	proposed	medium	agrees_with_previous_llm	"[""substring_requires_transfer_review""]"	0	freebase_bhht_author_lookup_v1	lookup_candidate_not_frozen	"[""Camille Paglia"", ""Devyani Saltzman"", ""Edward Said""]"
438	Holy Roman Emperor	16	holy_roman_emperor	author_substring	substring_unique_candidate	Leadership	Nobility	"[[""Leadership"",""Nobility""]]"	1	1	"[""emperor""]"	[1139]	"[[""Leadership"",""Nobility""]]"	[1139]	Leadership	Nobility	emperor	0	0	[]	0	0	"[""substring_requires_transfer_review""]"	Leadership	proposed	high	agrees_with_previous_llm	"[""substring_requires_transfer_review""]"	0	freebase_bhht_author_lookup_v1	lookup_candidate_not_frozen	"[""Charles IV, Holy Roman Emperor"", ""Charles VI, Holy Roman Emperor"", ""Charles VII, Holy Roman Emperor""]"
439	Advertising Executive	16	advertising_executive	author_substring	substring_cross_l1_conflict			"[[""Culture"",""Culture-periphery""],[""Leadership"",""Corporate/Executive/Business (large)""]]"	2	2	"[""advertising"",""executive""]"	[582,1223]	"[[""Culture"",""Culture-periphery""],[""Leadership"",""Corporate/Executive/Business (large)""]]"	[582,1223]	Culture	Culture-periphery	advertising	0	0	[]	0	0	"[""substring_requires_transfer_review"",""multiple_author_l1_candidates""]"		needs_review	low	no_unique_author_l1_candidate	"[""substring_requires_transfer_review"",""multiple_author_l1_candidates""]"	0	freebase_bhht_author_lookup_v1	lookup_candidate_not_frozen	"[""Christopher Ford"", ""Dan Duryea"", ""David Deutsch (Artist)""]"
446	Cab Driver	15	cab_driver	author_substring	substring_unique_candidate	Sports/Games	Sports/Games	"[[""Sports/Games"",""Sports/Games""]]"	1	1	"[""_driver_""]"	[9]	"[[""Sports/Games"",""Sports/Games""]]"	[9]	Sports/Games	Sports/Games	_driver_	0	0	[]	0	0	"[""substring_requires_transfer_review""]"		out_of_scope	high	author_candidate_previous_out_of_scope	"[""substring_requires_transfer_review""]"	0	freebase_bhht_author_lookup_v1	lookup_candidate_not_frozen	"[""Artie Lange"", ""Barry Evans"", ""Burton Eugene Lane""]"
448	Radio Broadcaster	15	radio_broadcaster	author_substring	substring_unique_candidate	Culture	Culture-periphery	"[[""Culture"",""Culture-periphery""]]"	1	1	"[""_radio_"",""broadcast""]"	[579,592]	"[[""Culture"",""Culture-periphery""]]"	[579,592]	Culture	Culture-periphery	_radio_	0	0	[]	0	0	"[""substring_requires_transfer_review""]"	Culture	proposed	medium	agrees_with_previous_llm	"[""substring_requires_transfer_review""]"	0	freebase_bhht_author_lookup_v1	lookup_candidate_not_frozen	"[""Benny Green (Writer)"", ""Bertram M. Bacharach"", ""Biff Elliot""]"
449	Mime artist	15	mime_artist	author_substring	substring_unique_candidate	Culture	Culture-core	"[[""Culture"",""Culture-core""]]"	1	1	"[""_artist"",""_mime""]"	[304,324]	"[[""Culture"",""Culture-core""]]"	[304,324]	Culture	Culture-core	_artist	0	0	[]	0	0	"[""substring_requires_transfer_review""]"	Culture	proposed	high	agrees_with_previous_llm	"[""substring_requires_transfer_review""]"	0	freebase_bhht_author_lookup_v1	lookup_candidate_not_frozen	"[""Bolek Polívka"", ""Dan Puric"", ""Fred Ward""]"
452	Ethnographer	14	ethnographer	author_substring	substring_unique_candidate	Discovery/Science	Academia	"[[""Discovery/Science"",""Academia""]]"	1	1	"[""ethnograph""]"	[750]	"[[""Discovery/Science"",""Academia""]]"	[750]	Discovery/Science	Academia	ethnograph	0	0	[]	0	0	"[""substring_requires_transfer_review""]"	Discovery/Science	proposed	high	agrees_with_previous_llm	"[""substring_requires_transfer_review""]"	0	freebase_bhht_author_lookup_v1	lookup_candidate_not_frozen	"[""Adolf Bastian"", ""Alfred Métraux"", ""Borys Hrinchenko""]"
453	Gravure idol	14	gravure_idol	author_substring	substring_unique_candidate	Culture	Culture-core	"[[""Culture"",""Culture-core""]]"	1	1	"[""_idol_"",""gravure""]"	[322,431]	"[[""Culture"",""Culture-core""]]"	[322,431]	Culture	Culture-core	_idol_	0	0	[]	0	0	"[""substring_requires_transfer_review""]"	Culture	proposed	high	agrees_with_previous_llm	"[""substring_requires_transfer_review""]"	0	freebase_bhht_author_lookup_v1	lookup_candidate_not_frozen	"[""Ai Kawanaka"", ""Ayako Noguchi"", ""Ayumi Hamasaki""]"
460	Chemical engineer	14	chemical_engineer	author_substring	substring_unique_candidate	Discovery/Science	Explorer/Inventor/Developer	"[[""Discovery/Science"",""Explorer/Inventor/Developer""]]"	1	1	"[""engineer""]"	[1187]	"[[""Discovery/Science"",""Explorer/Inventor/Developer""]]"	[1187]	Discovery/Science	Explorer/Inventor/Developer	engineer	0	0	[]	0	0	"[""substring_requires_transfer_review""]"	Discovery/Science	proposed	medium	agrees_with_previous_llm	"[""substring_requires_transfer_review""]"	0	freebase_bhht_author_lookup_v1	lookup_candidate_not_frozen	"[""Arthur Stevan Klein"", ""David H. Koch"", ""Erik Bohr""]"
461	Electronic musician	14	electronic_musician	author_substring	substring_unique_candidate	Culture	Culture-core	"[[""Culture"",""Culture-core""]]"	1	1	"[""_music"",""musician""]"	[325,473]	"[[""Culture"",""Culture-core""]]"	[325,473]	Culture	Culture-core	_music	0	0	[]	0	0	"[""substring_requires_transfer_review""]"	Culture	proposed	high	agrees_with_previous_llm	"[""substring_requires_transfer_review""]"	0	freebase_bhht_author_lookup_v1	lookup_candidate_not_frozen	"[""Avicii"", ""Guy Lawrence"", ""Howard Lawrence""]"
463	Registered nurse	14	registered_nurse	author_substring	substring_unique_candidate	Discovery/Science	Academia	"[[""Discovery/Science"",""Academia""]]"	1	1	"[""nurse""]"	[828]	"[[""Discovery/Science"",""Academia""]]"	[828]	Discovery/Science	Academia	nurse	0	0	[]	0	0	"[""substring_requires_transfer_review""]"	Discovery/Science	proposed	medium	agrees_with_previous_llm	"[""substring_requires_transfer_review""]"	0	freebase_bhht_author_lookup_v1	lookup_candidate_not_frozen	"[""Beryl Salvatore"", ""Betty Asher (Art collector)"", ""Beulah M. Victor""]"
465	Film Historian	14	film_historian	author_substring	substring_cross_l1_conflict			"[[""Culture"",""Culture-core""],[""Discovery/Science"",""Academia""]]"	2	2	"[""_film_"",""historian""]"	[320,783]	"[[""Culture"",""Culture-core""],[""Discovery/Science"",""Academia""]]"	[320,783]	Culture	Culture-core	_film_	0	0	[]	0	0	"[""substring_requires_transfer_review"",""multiple_author_l1_candidates""]"	Discovery/Science	proposed	medium	no_unique_author_l1_candidate	"[""substring_requires_transfer_review"",""multiple_author_l1_candidates""]"	0	freebase_bhht_author_lookup_v1	lookup_candidate_not_frozen	"[""Chidananda Dasgupta"", ""François Chalais"", ""Fred Steiner""]"
466	Democracy activist	13	democracy_activist	author_substring	substring_unique_candidate	Leadership	Politics	"[[""Leadership"",""Politics""]]"	1	1	"[""activist""]"	[939]	"[[""Leadership"",""Politics""]]"	[939]	Leadership	Politics	activist	0	0	[]	0	0	"[""substring_requires_transfer_review""]"	Leadership	proposed	medium	agrees_with_previous_llm	"[""substring_requires_transfer_review""]"	0	freebase_bhht_author_lookup_v1	lookup_candidate_not_frozen	"[""Abdoulaye Wade"", ""Alassane Ouattara"", ""Alexander Aris""]"
468	TV chef	13	tv_chef	author_substring	substring_unique_candidate	Other	Worker/Business (small)	"[[""Other"",""Worker/Business (small)""]]"	1	1	"[""_chef_""]"	[1444]	"[[""Other"",""Worker/Business (small)""]]"	[1444]	Other	Worker/Business (small)	_chef_	0	0	[]	0	0	"[""substring_requires_transfer_review""]"	Culture	proposed	high	differs_from_previous_llm	"[""substring_requires_transfer_review"",""previous_llm_l1_disagreement""]"	0	freebase_bhht_author_lookup_v1	lookup_candidate_not_frozen	"[""Aileen Paul"", ""Alessandro Borghese"", ""Cat Cora""]"
469	Storyboard Artist	13	storyboard_artist	author_substring	substring_unique_candidate	Culture	Culture-core	"[[""Culture"",""Culture-core""]]"	1	1	"[""_artist""]"	[304]	"[[""Culture"",""Culture-core""]]"	[304]	Culture	Culture-core	_artist	0	0	[]	0	0	"[""substring_requires_transfer_review""]"	Culture	proposed	medium	agrees_with_previous_llm	"[""substring_requires_transfer_review""]"	0	freebase_bhht_author_lookup_v1	lookup_candidate_not_frozen	"[""Alex Hillkurtz"", ""Alex Lovy"", ""Bud Luckey""]"
471	Sports agent	13	sports_agent	author_substring	substring_unique_candidate	Sports/Games	Sports/Games	"[[""Sports/Games"",""Sports/Games""]]"	1	1	"[""_sport""]"	[24]	"[[""Sports/Games"",""Sports/Games""]]"	[24]	Sports/Games	Sports/Games	_sport	0	0	[]	0	0	"[""substring_requires_transfer_review""]"	Sports/Games	proposed	high	agrees_with_previous_llm	"[""substring_requires_transfer_review""]"	0	freebase_bhht_author_lookup_v1	lookup_candidate_not_frozen	"[""Anamaria Prodan"", ""Arn Tellem"", ""C. C. Pyle""]"
474	Circus Performer	13	circus_performer	author_substring	substring_unique_candidate	Culture	Culture-core	"[[""Culture"",""Culture-core""]]"	1	1	"[""circus"",""performer""]"	[387,488]	"[[""Culture"",""Culture-core""]]"	[387,488]	Culture	Culture-core	circus	0	0	[]	0	0	"[""substring_requires_transfer_review""]"	Culture	proposed	high	agrees_with_previous_llm	"[""substring_requires_transfer_review""]"	0	freebase_bhht_author_lookup_v1	lookup_candidate_not_frozen	"[""Anniqua Forss"", ""Breno Moroni"", ""Burt Lancaster""]"
475	Roman emperor	13	roman_emperor	author_substring	substring_unique_candidate	Leadership	Nobility	"[[""Leadership"",""Nobility""]]"	1	1	"[""emperor""]"	[1139]	"[[""Leadership"",""Nobility""]]"	[1139]	Leadership	Nobility	emperor	0	0	[]	0	0	"[""substring_requires_transfer_review""]"	Leadership	proposed	medium	agrees_with_previous_llm	"[""substring_requires_transfer_review""]"	0	freebase_bhht_author_lookup_v1	lookup_candidate_not_frozen	"[""Antoninus Pius"", ""Augustus"", ""Caracalla""]"
476	Opera composer	13	opera_composer	author_substring	substring_unique_candidate	Culture	Culture-core	"[[""Culture"",""Culture-core""]]"	1	1	"[""_opera_"",""composer""]"	[326,398]	"[[""Culture"",""Culture-core""]]"	[326,398]	Culture	Culture-core	_opera_	0	0	[]	0	0	"[""substring_requires_transfer_review""]"	Culture	proposed	high	agrees_with_previous_llm	"[""substring_requires_transfer_review""]"	0	freebase_bhht_author_lookup_v1	lookup_candidate_not_frozen	"[""Bretislav Lvovsky"", ""Carl Heinrich Graun"", ""Clemens von und zu Franckenstein""]"
479	Recording Engineer (Film job)	13	recording_engineer_(film_job)	author_substring	substring_unique_candidate	Discovery/Science	Explorer/Inventor/Developer	"[[""Discovery/Science"",""Explorer/Inventor/Developer""]]"	1	1	"[""engineer""]"	[1187]	"[[""Discovery/Science"",""Explorer/Inventor/Developer""]]"	[1187]	Discovery/Science	Explorer/Inventor/Developer	engineer	0	0	[]	0	0	"[""substring_requires_transfer_review""]"	Culture	proposed	high	differs_from_previous_llm	"[""substring_requires_transfer_review"",""previous_llm_l1_disagreement""]"	0	freebase_bhht_author_lookup_v1	lookup_candidate_not_frozen	"[""Cruz Martínez"", ""Ethan Johns"", ""Eugene Chaplin""]"
480	Trade unionist	13	trade_unionist	author_substring	substring_unique_candidate	Leadership	Politics	"[[""Leadership"",""Politics""]]"	1	1	"[""trade_union"",""unionist""]"	[1038,1041]	"[[""Leadership"",""Politics""]]"	[1038,1041]	Leadership	Politics	trade_union	0	0	[]	0	0	"[""substring_requires_transfer_review""]"	Leadership	proposed	high	agrees_with_previous_llm	"[""substring_requires_transfer_review""]"	0	freebase_bhht_author_lookup_v1	lookup_candidate_not_frozen	"[""Earl Browder"", ""Gamal al-Banna"", ""Gladys Bustamante""]"
481	Food critic	13	food_critic	author_substring	substring_unique_candidate	Culture	Culture-periphery	"[[""Culture"",""Culture-periphery""]]"	1	1	"[""critic""]"	[604]	"[[""Culture"",""Culture-periphery""]]"	[604]	Culture	Culture-periphery	critic	0	0	[]	0	0	"[""substring_requires_transfer_review""]"	Culture	proposed	medium	agrees_with_previous_llm	"[""substring_requires_transfer_review""]"	0	freebase_bhht_author_lookup_v1	lookup_candidate_not_frozen	"[""Egon Ronay"", ""Giles Coren"", ""Jay Rayner""]"
482	Special Effects Artist	13	special_effects_artist	author_substring	substring_unique_candidate	Culture	Culture-core	"[[""Culture"",""Culture-core""]]"	1	1	"[""_artist"",""special_effects""]"	[304,537]	"[[""Culture"",""Culture-core""]]"	[304,537]	Culture	Culture-core	_artist	0	0	[]	0	0	"[""substring_requires_transfer_review""]"	Culture	proposed	high	agrees_with_previous_llm	"[""substring_requires_transfer_review""]"	0	freebase_bhht_author_lookup_v1	lookup_candidate_not_frozen	"[""Eugenio Bava"", ""Hans F. Koenekamp"", ""Howard Lydecker""]"
487	Nordic combined skier	12	nordic_combined_skier	author_substring	substring_unique_candidate	Sports/Games	Sports/Games	"[[""Sports/Games"",""Sports/Games""]]"	1	1	"[""skier""]"	[239]	"[[""Sports/Games"",""Sports/Games""]]"	[239]	Sports/Games	Sports/Games	skier	0	0	[]	0	0	"[""substring_requires_transfer_review""]"	Sports/Games	proposed	medium	agrees_with_previous_llm	"[""substring_requires_transfer_review""]"	0	freebase_bhht_author_lookup_v1	lookup_candidate_not_frozen	"[""Akito Watabe"", ""Björn Kircheisen"", ""Brett Camerota""]"
488	Dance Teacher	12	dance_teacher	author_substring	substring_cross_l1_conflict			"[[""Culture"",""Culture-core""],[""Discovery/Science"",""Academia""]]"	2	2	"[""_dance_"",""teacher_""]"	[314,910]	"[[""Culture"",""Culture-core""],[""Discovery/Science"",""Academia""]]"	[314,910]	Culture	Culture-core	_dance_	0	0	[]	0	0	"[""substring_requires_transfer_review"",""multiple_author_l1_candidates""]"		needs_review	low	no_unique_author_l1_candidate	"[""substring_requires_transfer_review"",""multiple_author_l1_candidates""]"	0	freebase_bhht_author_lookup_v1	lookup_candidate_not_frozen	"[""Alexander Godunov"", ""Corky Ballas"", ""Divya Unni""]"
490	Rail transport worker	12	rail_transport_worker	author_substring	substring_unique_candidate	Other	Worker/Business (small)	"[[""Other"",""Worker/Business (small)""]]"	1	1	"[""worker""]"	[1716]	"[[""Other"",""Worker/Business (small)""]]"	[1716]	Other	Worker/Business (small)	worker	0	0	[]	0	0	"[""substring_requires_transfer_review""]"		out_of_scope	medium	formal_author_other_previously_out_of_scope	"[""substring_requires_transfer_review""]"	0	freebase_bhht_author_lookup_v1	lookup_candidate_not_frozen	"[""Alfred Lamert Dickens"", ""Allen B. Emmons"", ""Axel Taube""]"
491	Construction worker	12	construction_worker	author_substring	substring_cross_l1_conflict			"[[""Leadership"",""Corporate/Executive/Business (large)""],[""Other"",""Worker/Business (small)""]]"	2	2	"[""_construction"",""worker""]"	[1210,1716]	"[[""Leadership"",""Corporate/Executive/Business (large)""],[""Other"",""Worker/Business (small)""]]"	[1210,1716]	Leadership	Corporate/Executive/Business (large)	_construction	0	0	[]	0	0	"[""substring_requires_transfer_review"",""multiple_author_l1_candidates""]"		out_of_scope	high	no_unique_author_l1_candidate	"[""substring_requires_transfer_review"",""multiple_author_l1_candidates""]"	0	freebase_bhht_author_lookup_v1	lookup_candidate_not_frozen	"[""Andrej Warhola"", ""Andrew Guy Jones"", ""Charles Patrick Roberts""]"
496	Baseball Umpire	12	baseball_umpire	author_substring	substring_unique_candidate	Sports/Games	Sports/Games	"[[""Sports/Games"",""Sports/Games""]]"	1	1	"[""baseball"",""umpire""]"	[40,283]	"[[""Sports/Games"",""Sports/Games""]]"	[40,283]	Sports/Games	Sports/Games	baseball	0	0	[]	0	0	"[""substring_requires_transfer_review""]"	Sports/Games	proposed	medium	agrees_with_previous_llm	"[""substring_requires_transfer_review""]"	0	freebase_bhht_author_lookup_v1	lookup_candidate_not_frozen	"[""Bill Haller"", ""Bill Welke"", ""Brian Runge""]"
501	Contemporary artist	11	contemporary_artist	author_substring	substring_unique_candidate	Culture	Culture-core	"[[""Culture"",""Culture-core""]]"	1	1	"[""_artist""]"	[304]	"[[""Culture"",""Culture-core""]]"	[304]	Culture	Culture-core	_artist	0	0	[]	0	0	"[""substring_requires_transfer_review""]"	Culture	proposed	high	agrees_with_previous_llm	"[""substring_requires_transfer_review""]"	0	freebase_bhht_author_lookup_v1	lookup_candidate_not_frozen	"[""Ai Weiwei"", ""Damien Hirst"", ""Deborah Willis""]"
503	Hotel Manager	11	hotel_manager	author_substring	substring_unique_candidate	Leadership	Corporate/Executive/Business (large)	"[[""Leadership"",""Corporate/Executive/Business (large)""]]"	1	1	"[""manager""]"	[1234]	"[[""Leadership"",""Corporate/Executive/Business (large)""]]"	[1234]	Leadership	Corporate/Executive/Business (large)	manager	0	0	[]	0	0	"[""substring_requires_transfer_review""]"	Leadership	proposed	high	agrees_with_previous_llm	"[""substring_requires_transfer_review""]"	0	freebase_bhht_author_lookup_v1	lookup_candidate_not_frozen	"[""Alex Polizzi"", ""Ann Little"", ""Anouska Hempel""]"
504	Artistic Director	11	artistic_director	author_substring	substring_unique_candidate	Culture	Culture-core	"[[""Culture"",""Culture-core""]]"	1	1	"[""_artist""]"	[304]	"[[""Culture"",""Culture-core""]]"	[304]	Culture	Culture-core	_artist	0	0	[]	0	0	"[""substring_requires_transfer_review""]"	Culture	proposed	high	agrees_with_previous_llm	"[""substring_requires_transfer_review""]"	0	freebase_bhht_author_lookup_v1	lookup_candidate_not_frozen	"[""Alexander Schneider"", ""Daniel J. Sullivan"", ""Emily Mann""]"
505	Bank cashier	11	bank_cashier	author_substring	substring_cross_l1_conflict			"[[""Leadership"",""Corporate/Executive/Business (large)""],[""Other"",""Worker/Business (small)""]]"	2	2	"[""bank"",""_cashier""]"	[1215,1441]	"[[""Leadership"",""Corporate/Executive/Business (large)""],[""Other"",""Worker/Business (small)""]]"	[1215,1441]	Leadership	Corporate/Executive/Business (large)	bank	0	0	[]	0	0	"[""substring_requires_transfer_review"",""multiple_author_l1_candidates""]"		out_of_scope	medium	no_unique_author_l1_candidate	"[""substring_requires_transfer_review"",""multiple_author_l1_candidates""]"	0	freebase_bhht_author_lookup_v1	lookup_candidate_not_frozen	"[""Alfred Mueller-Stahl"", ""Alma Wahlberg"", ""Bill Fraser""]"
508	Music director	11	music_director	author_substring	substring_unique_candidate	Culture	Culture-core	"[[""Culture"",""Culture-core""]]"	1	1	"[""_music""]"	[325]	"[[""Culture"",""Culture-core""]]"	[325]	Culture	Culture-core	_music	0	0	[]	0	0	"[""substring_requires_transfer_review""]"	Culture	proposed	medium	agrees_with_previous_llm	"[""substring_requires_transfer_review""]"	0	freebase_bhht_author_lookup_v1	lookup_candidate_not_frozen	"[""Ananda Shankar"", ""Colin Romoff"", ""Ennio Morricone""]"
513	TV Program Creator	11	tv_program_creator	author_substring	substring_unique_candidate	Culture	Culture-core	"[[""Culture"",""Culture-core""]]"	1	1	"[""_creator_""]"	[313]	"[[""Culture"",""Culture-core""]]"	[313]	Culture	Culture-core	_creator_	0	0	[]	0	0	"[""substring_requires_transfer_review""]"	Culture	proposed	high	agrees_with_previous_llm	"[""substring_requires_transfer_review""]"	0	freebase_bhht_author_lookup_v1	lookup_candidate_not_frozen	"[""Arleen Sorkin"", ""Betty Corday"", ""Christopher Lloyd (TV Writer)""]"
514	Dance Instructor	11	dance_instructor	author_substring	substring_cross_l1_conflict			"[[""Culture"",""Culture-core""],[""Discovery/Science"",""Academia""]]"	2	2	"[""_dance_"",""instructor""]"	[314,794]	"[[""Culture"",""Culture-core""],[""Discovery/Science"",""Academia""]]"	[314,794]	Culture	Culture-core	_dance_	0	0	[]	0	0	"[""substring_requires_transfer_review"",""multiple_author_l1_candidates""]"		needs_review	low	no_unique_author_l1_candidate	"[""substring_requires_transfer_review"",""multiple_author_l1_candidates""]"	0	freebase_bhht_author_lookup_v1	lookup_candidate_not_frozen	"[""Asta Riis Poulsen"", ""Ben Blue"", ""Carolyn George""]"
516	Skateboarder	11	skateboarder	author_substring	substring_unique_candidate	Sports/Games	Sports/Games	"[[""Sports/Games"",""Sports/Games""]]"	1	1	"[""skateboard""]"	[233]	"[[""Sports/Games"",""Sports/Games""]]"	[233]	Sports/Games	Sports/Games	skateboard	0	0	[]	0	0	"[""substring_requires_transfer_review""]"	Sports/Games	proposed	high	agrees_with_previous_llm	"[""substring_requires_transfer_review""]"	0	freebase_bhht_author_lookup_v1	lookup_candidate_not_frozen	"[""Bam Margera"", ""Fernando Calleja (Skateboarder)"", ""Ivan Calleja""]"
518	Motorcycle Racer	11	motorcycle_racer	author_substring	substring_unique_candidate	Sports/Games	Sports/Games	"[[""Sports/Games"",""Sports/Games""]]"	1	1	"[""_racer_"",""motorcycle""]"	[18,167]	"[[""Sports/Games"",""Sports/Games""]]"	[18,167]	Sports/Games	Sports/Games	_racer_	0	0	[]	0	0	"[""substring_requires_transfer_review""]"	Sports/Games	proposed	high	agrees_with_previous_llm	"[""substring_requires_transfer_review""]"	0	freebase_bhht_author_lookup_v1	lookup_candidate_not_frozen	"[""Brett Harrelson"", ""Carey Hart"", ""Dave Ekins""]"
520	Music Theorist	11	music_theorist	author_substring	substring_cross_l1_conflict			"[[""Culture"",""Culture-core""],[""Discovery/Science"",""Academia""]]"	2	2	"[""_music"",""theorist""]"	[325,914]	"[[""Culture"",""Culture-core""],[""Discovery/Science"",""Academia""]]"	[325,914]	Culture	Culture-core	_music	0	0	[]	0	0	"[""substring_requires_transfer_review"",""multiple_author_l1_candidates""]"	Discovery/Science	proposed	medium	no_unique_author_l1_candidate	"[""substring_requires_transfer_review"",""multiple_author_l1_candidates""]"	0	freebase_bhht_author_lookup_v1	lookup_candidate_not_frozen	"[""Charles Rosen"", ""Emil Votoček"", ""Henry Cowell""]"
522	Video Game Producer	11	video_game_producer	author_substring	substring_cross_l1_conflict			"[[""Culture"",""Culture-core""],[""Sports/Games"",""Sports/Games""]]"	2	2	"[""_game"",""video_game"",""producer""]"	[12,284,506]	"[[""Culture"",""Culture-core""],[""Sports/Games"",""Sports/Games""]]"	[12,284,506]	Sports/Games	Sports/Games	_game	0	0	[]	0	0	"[""substring_requires_transfer_review"",""multiple_author_l1_candidates""]"	Culture	proposed	high	no_unique_author_l1_candidate	"[""substring_requires_transfer_review"",""multiple_author_l1_candidates""]"	0	freebase_bhht_author_lookup_v1	lookup_candidate_not_frozen	"[""Cliff Bleszinski"", ""Dan Houser"", ""Danny Bilson""]"
525	Skeleton racer	11	skeleton_racer	author_substring	substring_unique_candidate	Sports/Games	Sports/Games	"[[""Sports/Games"",""Sports/Games""]]"	1	1	"[""_racer_"",""skeleton""]"	[18,236]	"[[""Sports/Games"",""Sports/Games""]]"	[18,236]	Sports/Games	Sports/Games	_racer_	0	0	[]	0	0	"[""substring_requires_transfer_review""]"	Sports/Games	proposed	high	agrees_with_previous_llm	"[""substring_requires_transfer_review""]"	0	freebase_bhht_author_lookup_v1	lookup_candidate_not_frozen	"[""Darla Deschamps"", ""Emma Lincoln-Smith"", ""Francisco Suárez""]"
526	Structural engineer	11	structural_engineer	author_substring	substring_unique_candidate	Discovery/Science	Explorer/Inventor/Developer	"[[""Discovery/Science"",""Explorer/Inventor/Developer""]]"	1	1	"[""engineer""]"	[1187]	"[[""Discovery/Science"",""Explorer/Inventor/Developer""]]"	[1187]	Discovery/Science	Explorer/Inventor/Developer	engineer	0	0	[]	0	0	"[""substring_requires_transfer_review""]"	Discovery/Science	proposed	medium	agrees_with_previous_llm	"[""substring_requires_transfer_review""]"	0	freebase_bhht_author_lookup_v1	lookup_candidate_not_frozen	"[""Felix Samuely"", ""Isambard Kingdom Brunel"", ""Jacque Fresco""]"
533	Science-fiction writer	10	science-fiction_writer	author_substring	substring_cross_l1_conflict			"[[""Culture"",""Culture-core""],[""Discovery/Science"",""Academia""]]"	2	2	"[""_writer"",""science""]"	[343,892]	"[[""Culture"",""Culture-core""],[""Discovery/Science"",""Academia""]]"	[343,892]	Culture	Culture-core	_writer	0	0	[]	0	0	"[""substring_requires_transfer_review"",""multiple_author_l1_candidates""]"	Culture	proposed	high	no_unique_author_l1_candidate	"[""substring_requires_transfer_review"",""multiple_author_l1_candidates""]"	0	freebase_bhht_author_lookup_v1	lookup_candidate_not_frozen	"[""Alastair Reynolds"", ""Anthony Ha"", ""Cheryl Gray (Science-fiction writer)""]"
536	Yoga Instructor	10	yoga_instructor	author_substring	substring_unique_candidate	Discovery/Science	Academia	"[[""Discovery/Science"",""Academia""]]"	1	1	"[""instructor""]"	[794]	"[[""Discovery/Science"",""Academia""]]"	[794]	Discovery/Science	Academia	instructor	0	0	[]	0	0	"[""substring_requires_transfer_review""]"		needs_review	low	author_candidate_previous_needs_review	"[""substring_requires_transfer_review""]"	0	freebase_bhht_author_lookup_v1	lookup_candidate_not_frozen	"[""Amy Stiller"", ""Ashley Brooke Holm"", ""Brenda Strong""]"
538	Sound Technician	10	sound_technician	author_substring	substring_unique_candidate	Other	Worker/Business (small)	"[[""Other"",""Worker/Business (small)""]]"	1	1	"[""technician""]"	[1698]	"[[""Other"",""Worker/Business (small)""]]"	[1698]	Other	Worker/Business (small)	technician	0	0	[]	0	0	"[""substring_requires_transfer_review""]"	Culture	proposed	medium	differs_from_previous_llm	"[""substring_requires_transfer_review"",""previous_llm_l1_disagreement""]"	0	freebase_bhht_author_lookup_v1	lookup_candidate_not_frozen	"[""Antonis Samaras (Actor)"", ""Claudine Nougaret"", ""Denise Batcheff""]"
542	Steelworker	10	steelworker	author_substring	substring_unique_candidate	Other	Worker/Business (small)	"[[""Other"",""Worker/Business (small)""]]"	1	1	"[""worker""]"	[1716]	"[[""Other"",""Worker/Business (small)""]]"	[1716]	Other	Worker/Business (small)	worker	0	0	[]	0	0	"[""substring_requires_transfer_review""]"		out_of_scope	high	formal_author_other_previously_out_of_scope	"[""substring_requires_transfer_review""]"	0	freebase_bhht_author_lookup_v1	lookup_candidate_not_frozen	"[""Austin Allen (Music Composer)"", ""Clint Eastwood (Deceased Person)"", ""Coy Luther Perry, Jr.""]"
543	Visual Effects Supervisor	10	visual_effects_supervisor	author_substring	substring_unique_candidate	Culture	Culture-core	"[[""Culture"",""Culture-core""]]"	1	1	"[""visual_effects""]"	[566]	"[[""Culture"",""Culture-core""]]"	[566]	Culture	Culture-core	visual_effects	0	0	[]	0	0	"[""substring_requires_transfer_review""]"	Culture	proposed	high	agrees_with_previous_llm	"[""substring_requires_transfer_review""]"	0	freebase_bhht_author_lookup_v1	lookup_candidate_not_frozen	"[""Bennique Blasini"", ""Charley Henley"", ""Dennis Michelson""]"
546	Ballroom Dancer	10	ballroom_dancer	author_substring	substring_unique_candidate	Culture	Culture-core	"[[""Culture"",""Culture-core""]]"	1	1	"[""dancer""]"	[410]	"[[""Culture"",""Culture-core""]]"	[410]	Culture	Culture-core	dancer	0	0	[]	0	0	"[""substring_requires_transfer_review""]"	Culture	proposed	high	agrees_with_previous_llm	"[""substring_requires_transfer_review""]"	0	freebase_bhht_author_lookup_v1	lookup_candidate_not_frozen	"[""Cesar Romero"", ""Corky Ballas"", ""Daniel Ponickly""]"
547	Mixing engineer	10	mixing_engineer	author_substring	substring_unique_candidate	Discovery/Science	Explorer/Inventor/Developer	"[[""Discovery/Science"",""Explorer/Inventor/Developer""]]"	1	1	"[""engineer""]"	[1187]	"[[""Discovery/Science"",""Explorer/Inventor/Developer""]]"	[1187]	Discovery/Science	Explorer/Inventor/Developer	engineer	0	0	[]	0	0	"[""substring_requires_transfer_review""]"	Culture	proposed	medium	differs_from_previous_llm	"[""substring_requires_transfer_review"",""previous_llm_l1_disagreement""]"	0	freebase_bhht_author_lookup_v1	lookup_candidate_not_frozen	"[""Charles de Montebello"", ""Ethan Johns"", ""Gene Paul""]"
548	Postal worker	10	postal_worker	author_substring	substring_unique_candidate	Other	Worker/Business (small)	"[[""Other"",""Worker/Business (small)""]]"	1	1	"[""worker""]"	[1716]	"[[""Other"",""Worker/Business (small)""]]"	[1716]	Other	Worker/Business (small)	worker	0	0	[]	0	0	"[""substring_requires_transfer_review""]"		out_of_scope	high	formal_author_other_previously_out_of_scope	"[""substring_requires_transfer_review""]"	0	freebase_bhht_author_lookup_v1	lookup_candidate_not_frozen	"[""Donald E. Smith"", ""Franz Beckenbauer, Sr."", ""Gustav Schwarzenegger""]"
552	Tattoo artist	9	tattoo_artist	author_substring	substring_unique_candidate	Culture	Culture-core	"[[""Culture"",""Culture-core""]]"	1	1	"[""_artist""]"	[304]	"[[""Culture"",""Culture-core""]]"	[304]	Culture	Culture-core	_artist	0	0	[]	0	0	"[""substring_requires_transfer_review""]"	Culture	proposed	high	agrees_with_previous_llm	"[""substring_requires_transfer_review""]"	0	freebase_bhht_author_lookup_v1	lookup_candidate_not_frozen	"[""Alex Binnie"", ""Don Ed Hardy"", ""Guy Aitchison""]"
554	Cattle Rancher	9	cattle_rancher	author_substring	substring_unique_candidate	Other	Worker/Business (small)	"[[""Other"",""Worker/Business (small)""]]"	1	1	"[""rancher""]"	[1678]	"[[""Other"",""Worker/Business (small)""]]"	[1678]	Other	Worker/Business (small)	rancher	0	0	[]	0	0	"[""substring_requires_transfer_review""]"		out_of_scope	high	formal_author_other_previously_out_of_scope	"[""substring_requires_transfer_review""]"	0	freebase_bhht_author_lookup_v1	lookup_candidate_not_frozen	"[""Alphonzo E. Bell, Jr."", ""Byron Brown (Cattle Rancher)"", ""Dayton Lummis""]"
558	Dialect coach	9	dialect_coach	author_substring	substring_unique_candidate	Sports/Games	Sports/Games	"[[""Sports/Games"",""Sports/Games""]]"	1	1	"[""coach""]"	[75]	"[[""Sports/Games"",""Sports/Games""]]"	[75]	Sports/Games	Sports/Games	coach	0	0	[]	0	0	"[""substring_requires_transfer_review""]"	Culture	proposed	high	differs_from_previous_llm	"[""substring_requires_transfer_review"",""previous_llm_l1_disagreement""]"	0	freebase_bhht_author_lookup_v1	lookup_candidate_not_frozen	"[""Andrew Jack (Actor)"", ""Bob Corff"", ""Chip Fields""]"
560	Landscape architect	9	landscape_architect	author_substring	substring_unique_candidate	Culture	Culture-periphery	"[[""Culture"",""Culture-periphery""]]"	1	1	"[""architect""]"	[586]	"[[""Culture"",""Culture-periphery""]]"	[586]	Culture	Culture-periphery	architect	0	0	[]	0	0	"[""substring_requires_transfer_review""]"	Culture	proposed	medium	agrees_with_previous_llm	"[""substring_requires_transfer_review""]"	0	freebase_bhht_author_lookup_v1	lookup_candidate_not_frozen	"[""André Le Nôtre"", ""Frederick Law Olmsted"", ""Guillaume Beaumont""]"
561	Art Teacher	9	art_teacher	author_substring	substring_unique_candidate	Discovery/Science	Academia	"[[""Discovery/Science"",""Academia""]]"	1	1	"[""teacher_""]"	[910]	"[[""Discovery/Science"",""Academia""]]"	[910]	Discovery/Science	Academia	teacher_	0	0	[]	0	0	"[""substring_requires_transfer_review""]"		needs_review	low	author_candidate_previous_needs_review	"[""substring_requires_transfer_review""]"	0	freebase_bhht_author_lookup_v1	lookup_candidate_not_frozen	"[""Andy Kubert"", ""Anthony Angarola"", ""B. C. Sanyal""]"
563	Clinical psychologist	9	clinical_psychologist	author_substring	substring_unique_candidate	Discovery/Science	Academia	"[[""Discovery/Science"",""Academia""]]"	1	1	"[""psychologist""]"	[883]	"[[""Discovery/Science"",""Academia""]]"	[883]	Discovery/Science	Academia	psychologist	0	0	[]	0	0	"[""substring_requires_transfer_review""]"	Discovery/Science	proposed	high	agrees_with_previous_llm	"[""substring_requires_transfer_review""]"	0	freebase_bhht_author_lookup_v1	lookup_candidate_not_frozen	"[""Antony Kidman"", ""Carl Rogers"", ""Deborah Lynn Cicconi""]"
564	Beach Volleyball Player	9	beach_volleyball_player	author_substring	substring_unique_candidate	Sports/Games	Sports/Games	"[[""Sports/Games"",""Sports/Games""]]"	1	1	"[""player"",""volleyball""]"	[189,285]	"[[""Sports/Games"",""Sports/Games""]]"	[189,285]	Sports/Games	Sports/Games	player	0	0	[]	0	0	"[""substring_requires_transfer_review""]"	Sports/Games	proposed	high	agrees_with_previous_llm	"[""substring_requires_transfer_review""]"	0	freebase_bhht_author_lookup_v1	lookup_candidate_not_frozen	"[""April Ross"", ""Bradley Keenan"", ""Carolina Solberg Salgado""]"
565	Social Critic	9	social_critic	author_substring	substring_unique_candidate	Culture	Culture-periphery	"[[""Culture"",""Culture-periphery""]]"	1	1	"[""critic""]"	[604]	"[[""Culture"",""Culture-periphery""]]"	[604]	Culture	Culture-periphery	critic	0	0	[]	0	0	"[""substring_requires_transfer_review""]"	Culture	proposed	medium	agrees_with_previous_llm	"[""substring_requires_transfer_review""]"	0	freebase_bhht_author_lookup_v1	lookup_candidate_not_frozen	"[""Arthur M. Schlesinger, Jr."", ""Bertrand Russell"", ""Bill Hicks""]"
566	Children's book author	9	children's_book_author	author_substring	substring_unique_candidate	Culture	Culture-core	"[[""Culture"",""Culture-core""]]"	1	1	"[""author""]"	[352]	"[[""Culture"",""Culture-core""]]"	[352]	Culture	Culture-core	author	0	0	[]	0	0	"[""substring_requires_transfer_review""]"	Culture	proposed	high	agrees_with_previous_llm	"[""substring_requires_transfer_review""]"	0	freebase_bhht_author_lookup_v1	lookup_candidate_not_frozen	"[""Astrid Lindgren"", ""Jamie Rix"", ""Julianne Moore""]"
567	Music editor	9	music_editor	author_substring	substring_same_l1_multiple_l2	Culture		"[[""Culture"",""Culture-core""],[""Culture"",""Culture-periphery""]]"	1	2	"[""_music"",""editor""]"	[325,612]	"[[""Culture"",""Culture-core""],[""Culture"",""Culture-periphery""]]"	[325,612]	Culture	Culture-core	_music	0	0	[]	0	0	"[""substring_requires_transfer_review"",""multiple_author_l2_candidates""]"	Culture	proposed	high	agrees_with_previous_llm	"[""substring_requires_transfer_review"",""multiple_author_l2_candidates""]"	0	freebase_bhht_author_lookup_v1	lookup_candidate_not_frozen	"[""Bettie Biery"", ""Bill Richards"", ""Dan Carlin Sr.""]"
568	Fisherman	9	fisherman	author_substring	substring_unique_candidate	Other	Worker/Business (small)	"[[""Other"",""Worker/Business (small)""]]"	1	1	"[""fisher""]"	[1593]	"[[""Other"",""Worker/Business (small)""]]"	[1593]	Other	Worker/Business (small)	fisher	0	0	[]	0	0	"[""substring_requires_transfer_review""]"		out_of_scope	medium	formal_author_other_previously_out_of_scope	"[""substring_requires_transfer_review""]"	0	freebase_bhht_author_lookup_v1	lookup_candidate_not_frozen	"[""Bob Campbell"", ""Byron Velvick"", ""Douglas LaFont Sr.""]"
569	Child model	9	child_model	author_substring	substring_cross_l1_conflict			"[[""Culture"",""Culture-periphery""],[""Other"",""Family""]]"	2	2	"[""_model_"",""child_""]"	[577,1727]	"[[""Culture"",""Culture-periphery""],[""Other"",""Family""]]"	[577,1727]	Culture	Culture-periphery	_model_	0	0	[]	0	0	"[""substring_requires_transfer_review"",""multiple_author_l1_candidates""]"	Culture	proposed	medium	no_unique_author_l1_candidate	"[""substring_requires_transfer_review"",""multiple_author_l1_candidates""]"	0	freebase_bhht_author_lookup_v1	lookup_candidate_not_frozen	"[""Brian Murray (Man) #4"", ""Hilary Gordon (Actor)"", ""Koby Rouviere""]"
571	Molecular Biologist	9	molecular_biologist	author_substring	substring_unique_candidate	Discovery/Science	Academia	"[[""Discovery/Science"",""Academia""]]"	1	1	"[""biologist""]"	[705]	"[[""Discovery/Science"",""Academia""]]"	[705]	Discovery/Science	Academia	biologist	0	0	[]	0	0	"[""substring_requires_transfer_review""]"	Discovery/Science	proposed	medium	agrees_with_previous_llm	"[""substring_requires_transfer_review""]"	0	freebase_bhht_author_lookup_v1	lookup_candidate_not_frozen	"[""Carl Woese"", ""Carol W. Greider"", ""David Hillis""]"
572	Magistrate	9	magistrate	author_substring	substring_unique_candidate	Leadership	Administration/Law	"[[""Leadership"",""Administration/Law""]]"	1	1	"[""magistrat""]"	[1086]	"[[""Leadership"",""Administration/Law""]]"	[1086]	Leadership	Administration/Law	magistrat	0	0	[]	0	0	"[""substring_requires_transfer_review""]"	Leadership	proposed	high	agrees_with_previous_llm	"[""substring_requires_transfer_review""]"	0	freebase_bhht_author_lookup_v1	lookup_candidate_not_frozen	"[""Carl von Oertzen"", ""Lateef Fatima Khan"", ""Michael Johnson (Magistrate)""]"
578	Celebrity chef	9	celebrity_chef	author_substring	substring_cross_l1_conflict			"[[""Culture"",""Culture-core""],[""Other"",""Worker/Business (small)""]]"	2	2	"[""celebrity"",""_chef_""]"	[374,1444]	"[[""Culture"",""Culture-core""],[""Other"",""Worker/Business (small)""]]"	[374,1444]	Culture	Culture-core	celebrity	0	0	[]	0	0	"[""substring_requires_transfer_review"",""multiple_author_l1_candidates""]"		needs_review	medium	no_unique_author_l1_candidate	"[""substring_requires_transfer_review"",""multiple_author_l1_candidates""]"	0	freebase_bhht_author_lookup_v1	lookup_candidate_not_frozen	"[""Cornelia Poletto"", ""Gabriel Bologna"", ""Jay Rayner""]"
581	House painter and decorator	9	house_painter_and_decorator	author_substring	substring_same_l1_multiple_l2	Culture		"[[""Culture"",""Culture-core""],[""Culture"",""Culture-periphery""]]"	1	2	"[""painter"",""decorator""]"	[483,605]	"[[""Culture"",""Culture-core""],[""Culture"",""Culture-periphery""]]"	[483,605]	Culture	Culture-core	painter	0	0	[]	0	0	"[""substring_requires_transfer_review"",""multiple_author_l2_candidates""]"		out_of_scope	high	author_candidate_previous_out_of_scope	"[""substring_requires_transfer_review"",""multiple_author_l2_candidates""]"	0	freebase_bhht_author_lookup_v1	lookup_candidate_not_frozen	"[""Donal Gibson"", ""Eugène Morand"", ""Francisco José de Assis""]"
586	Venture capitalist	8	venture_capitalist	author_substring	substring_unique_candidate	Leadership	Corporate/Executive/Business (large)	"[[""Leadership"",""Corporate/Executive/Business (large)""]]"	1	1	"[""capitalist""]"	[1219]	"[[""Leadership"",""Corporate/Executive/Business (large)""]]"	[1219]	Leadership	Corporate/Executive/Business (large)	capitalist	0	0	[]	0	0	"[""substring_requires_transfer_review""]"		needs_review	low	author_candidate_previous_needs_review	"[""substring_requires_transfer_review""]"	0	freebase_bhht_author_lookup_v1	lookup_candidate_not_frozen	"[""Adam R. Dell"", ""Joi Ito"", ""Kevin O'Leary""]"
590	Studio executive	8	studio_executive	author_substring	substring_unique_candidate	Leadership	Corporate/Executive/Business (large)	"[[""Leadership"",""Corporate/Executive/Business (large)""]]"	1	1	"[""executive""]"	[1223]	"[[""Leadership"",""Corporate/Executive/Business (large)""]]"	[1223]	Leadership	Corporate/Executive/Business (large)	executive	0	0	[]	0	0	"[""substring_requires_transfer_review""]"	Leadership	proposed	medium	agrees_with_previous_llm	"[""substring_requires_transfer_review""]"	0	freebase_bhht_author_lookup_v1	lookup_candidate_not_frozen	"[""Alex Young"", ""Frank Mancuso, Sr."", ""Fred Ball""]"
591	High Priest	8	high_priest	author_substring	substring_unique_candidate	Leadership	Religious	"[[""Leadership"",""Religious""]]"	1	1	"[""priest""]"	[1346]	"[[""Leadership"",""Religious""]]"	[1346]	Leadership	Religious	priest	0	0	[]	0	0	"[""substring_requires_transfer_review""]"	Leadership	proposed	high	agrees_with_previous_llm	"[""substring_requires_transfer_review""]"	0	freebase_bhht_author_lookup_v1	lookup_candidate_not_frozen	"[""Alexander Jannaeus"", ""Antigonus II Mattathias"", ""Aristobulus I""]"
593	Ballet master	8	ballet_master	author_substring	substring_unique_candidate	Culture	Culture-core	"[[""Culture"",""Culture-core""]]"	1	1	"[""ballet""]"	[355]	"[[""Culture"",""Culture-core""]]"	[355]	Culture	Culture-core	ballet	0	0	[]	0	0	"[""substring_requires_transfer_review""]"	Culture	proposed	high	agrees_with_previous_llm	"[""substring_requires_transfer_review""]"	0	freebase_bhht_author_lookup_v1	lookup_candidate_not_frozen	"[""Alexander Plisetski"", ""Arthur Saint-Léon"", ""Filippo Taglioni""]"
594	Music Manager	8	music_manager	author_substring	substring_cross_l1_conflict			"[[""Culture"",""Culture-core""],[""Leadership"",""Corporate/Executive/Business (large)""]]"	2	2	"[""_music"",""manager""]"	[325,1234]	"[[""Culture"",""Culture-core""],[""Leadership"",""Corporate/Executive/Business (large)""]]"	[325,1234]	Culture	Culture-core	_music	0	0	[]	0	0	"[""substring_requires_transfer_review"",""multiple_author_l1_candidates""]"		needs_review	low	no_unique_author_l1_candidate	"[""substring_requires_transfer_review"",""multiple_author_l1_candidates""]"	0	freebase_bhht_author_lookup_v1	lookup_candidate_not_frozen	"[""Alexander Young"", ""Andrzej Pietras"", ""Brandon Davis""]"
596	Adult model	8	adult_model	author_substring	substring_unique_candidate	Culture	Culture-periphery	"[[""Culture"",""Culture-periphery""]]"	1	1	"[""_model_""]"	[577]	"[[""Culture"",""Culture-periphery""]]"	[577]	Culture	Culture-periphery	_model_	0	0	[]	0	0	"[""substring_requires_transfer_review""]"	Culture	proposed	medium	agrees_with_previous_llm	"[""substring_requires_transfer_review""]"	0	freebase_bhht_author_lookup_v1	lookup_candidate_not_frozen	"[""Alexis Texas"", ""Angelina Armani"", ""Anna Nicole Smith""]"
600	Tour guide	8	tour_guide	author_substring	substring_unique_candidate	Other	Worker/Business (small)	"[[""Other"",""Worker/Business (small)""]]"	1	1	"[""_guide_""]"	[1461]	"[[""Other"",""Worker/Business (small)""]]"	[1461]	Other	Worker/Business (small)	_guide_	0	0	[]	0	0	"[""substring_requires_transfer_review""]"		out_of_scope	high	formal_author_other_previously_out_of_scope	"[""substring_requires_transfer_review""]"	0	freebase_bhht_author_lookup_v1	lookup_candidate_not_frozen	"[""Andrew Divoff"", ""Bill Engvall"", ""Cevat Şakir Kabaağaçlı""]"
604	Political Consultant	8	political_consultant	author_substring	substring_cross_l1_conflict			"[[""Leadership"",""Politics""],[""Other"",""Worker/Business (small)""]]"	2	2	"[""political"",""consultant""]"	[1013,1566]	"[[""Leadership"",""Politics""],[""Other"",""Worker/Business (small)""]]"	[1013,1566]	Leadership	Politics	political	0	0	[]	0	0	"[""substring_requires_transfer_review"",""multiple_author_l1_candidates""]"	Leadership	proposed	medium	no_unique_author_l1_candidate	"[""substring_requires_transfer_review"",""multiple_author_l1_candidates""]"	0	freebase_bhht_author_lookup_v1	lookup_candidate_not_frozen	"[""Aquilino Morelle"", ""James Carville"", ""Karl Rove""]"
606	Lighting Designer	8	lighting_designer	author_substring	substring_unique_candidate	Culture	Culture-periphery	"[[""Culture"",""Culture-periphery""]]"	1	1	"[""designer""]"	[606]	"[[""Culture"",""Culture-periphery""]]"	[606]	Culture	Culture-periphery	designer	0	0	[]	0	0	"[""substring_requires_transfer_review""]"	Culture	proposed	high	agrees_with_previous_llm	"[""substring_requires_transfer_review""]"	0	freebase_bhht_author_lookup_v1	lookup_candidate_not_frozen	"[""Ben Edwards (Production Designer)"", ""Jo Mielziner"", ""Johnny Dodd""]"
608	Installation Artist	8	installation_artist	author_substring	substring_unique_candidate	Culture	Culture-core	"[[""Culture"",""Culture-core""]]"	1	1	"[""_artist""]"	[304]	"[[""Culture"",""Culture-core""]]"	[304]	Culture	Culture-core	_artist	0	0	[]	0	0	"[""substring_requires_transfer_review""]"	Culture	proposed	high	agrees_with_previous_llm	"[""substring_requires_transfer_review""]"	0	freebase_bhht_author_lookup_v1	lookup_candidate_not_frozen	"[""Bill Daniel"", ""Bill Jones (Photographer)"", ""Cady Noland""]"
610	Bishop (Religious Leadership Title) #112	8	bishop_(religious_leadership_title)_#112	author_substring	substring_unique_candidate	Leadership	Religious	"[[""Leadership"",""Religious""]]"	1	1	"[""bishop"",""religious""]"	[1280,1351]	"[[""Leadership"",""Religious""]]"	[1280,1351]	Leadership	Religious	bishop	0	0	[]	0	0	"[""substring_requires_transfer_review""]"	Leadership	proposed	medium	agrees_with_previous_llm	"[""substring_requires_transfer_review""]"	0	freebase_bhht_author_lookup_v1	lookup_candidate_not_frozen	"[""Charles H. Ellis III"", ""David L. Ellis Sr."", ""Dudley Cary-Elwes""]"
612	Auto mechanic	8	auto_mechanic	author_substring	substring_unique_candidate	Other	Worker/Business (small)	"[[""Other"",""Worker/Business (small)""]]"	1	1	"[""mechanic""]"	[1652]	"[[""Other"",""Worker/Business (small)""]]"	[1652]	Other	Worker/Business (small)	mechanic	0	0	[]	0	0	"[""substring_requires_transfer_review""]"		out_of_scope	high	formal_author_other_previously_out_of_scope	"[""substring_requires_transfer_review""]"	0	freebase_bhht_author_lookup_v1	lookup_candidate_not_frozen	"[""Charles Patrick Roberts"", ""Donald Cobain"", ""Earl Russell Madden""]"
613	Shadetree mechanic	8	shadetree_mechanic	author_substring	substring_unique_candidate	Other	Worker/Business (small)	"[[""Other"",""Worker/Business (small)""]]"	1	1	"[""mechanic""]"	[1652]	"[[""Other"",""Worker/Business (small)""]]"	[1652]	Other	Worker/Business (small)	mechanic	0	0	[]	0	0	"[""substring_requires_transfer_review""]"		out_of_scope	medium	formal_author_other_previously_out_of_scope	"[""substring_requires_transfer_review""]"	0	freebase_bhht_author_lookup_v1	lookup_candidate_not_frozen	"[""Charles Patrick Roberts"", ""Donald Cobain"", ""Earl Russell Madden""]"
614	School Administrator	8	school_administrator	author_substring	substring_unique_candidate	Leadership	Administration/Law	"[[""Leadership"",""Administration/Law""]]"	1	1	"[""administrator""]"	[1047]	"[[""Leadership"",""Administration/Law""]]"	[1047]	Leadership	Administration/Law	administrator	0	0	[]	0	0	"[""substring_requires_transfer_review""]"		needs_review	low	author_candidate_previous_needs_review	"[""substring_requires_transfer_review""]"	0	freebase_bhht_author_lookup_v1	lookup_candidate_not_frozen	"[""Charlie Bumgarner"", ""Glenn Hubbard"", ""Henry Bauchau""]"
617	Video game designer	8	video_game_designer	author_substring	substring_cross_l1_conflict			"[[""Culture"",""Culture-periphery""],[""Sports/Games"",""Sports/Games""]]"	2	2	"[""_game"",""video_game"",""designer""]"	[12,284,606]	"[[""Culture"",""Culture-periphery""],[""Sports/Games"",""Sports/Games""]]"	[12,284,606]	Sports/Games	Sports/Games	_game	0	0	[]	0	0	"[""substring_requires_transfer_review"",""multiple_author_l1_candidates""]"		needs_review	low	no_unique_author_l1_candidate	"[""substring_requires_transfer_review"",""multiple_author_l1_candidates""]"	0	freebase_bhht_author_lookup_v1	lookup_candidate_not_frozen	"[""Cliff Bleszinski"", ""Clive Barker"", ""Corwin VanHook""]"
618	Military engineer	8	military_engineer	author_substring	substring_cross_l1_conflict			"[[""Discovery/Science"",""Explorer/Inventor/Developer""],[""Leadership"",""Military""]]"	2	2	"[""engineer"",""militar""]"	[1187,1407]	"[[""Discovery/Science"",""Explorer/Inventor/Developer""],[""Leadership"",""Military""]]"	[1187,1407]	Discovery/Science	Explorer/Inventor/Developer	engineer	0	0	[]	0	0	"[""substring_requires_transfer_review"",""multiple_author_l1_candidates""]"	Discovery/Science	proposed	high	no_unique_author_l1_candidate	"[""substring_requires_transfer_review"",""multiple_author_l1_candidates""]"	0	freebase_bhht_author_lookup_v1	lookup_candidate_not_frozen	"[""David Gilroy"", ""Evgeny Menshikov"", ""Francisco de Arruda""]"
619	Theater Performer	8	theater_performer	author_substring	substring_unique_candidate	Culture	Culture-core	"[[""Culture"",""Culture-core""]]"	1	1	"[""performer"",""theater""]"	[488,549]	"[[""Culture"",""Culture-core""]]"	[488,549]	Culture	Culture-core	performer	0	0	[]	0	0	"[""substring_requires_transfer_review""]"	Culture	proposed	medium	agrees_with_previous_llm	"[""substring_requires_transfer_review""]"	0	freebase_bhht_author_lookup_v1	lookup_candidate_not_frozen	"[""George de la Peña"", ""Helen Sjöholm"", ""Judy Canova""]"
623	Women's rights activist	7	women's_rights_activist	author_substring	substring_unique_candidate	Leadership	Politics	"[[""Leadership"",""Politics""]]"	1	1	"[""activist""]"	[939]	"[[""Leadership"",""Politics""]]"	[939]	Leadership	Politics	activist	0	0	[]	0	0	"[""substring_requires_transfer_review""]"		needs_review	low	author_candidate_previous_needs_review	"[""substring_requires_transfer_review""]"	0	freebase_bhht_author_lookup_v1	lookup_candidate_not_frozen	"[""Agnes von Zahn-Harnack"", ""Betty Ford"", ""Coretta Scott King""]"
624	Public intellectual	7	public_intellectual	author_substring	substring_unique_candidate	Discovery/Science	Academia	"[[""Discovery/Science"",""Academia""]]"	1	1	"[""intellectual""]"	[795]	"[[""Discovery/Science"",""Academia""]]"	[795]	Discovery/Science	Academia	intellectual	0	0	[]	0	0	"[""substring_requires_transfer_review""]"		needs_review	low	author_candidate_previous_needs_review	"[""substring_requires_transfer_review""]"	0	freebase_bhht_author_lookup_v1	lookup_candidate_not_frozen	"[""Alain Finkielkraut"", ""Amr Hamzawy"", ""Arthur M. Schlesinger, Jr.""]"
625	Aircraft designer	7	aircraft_designer	author_substring	substring_unique_candidate	Culture	Culture-periphery	"[[""Culture"",""Culture-periphery""]]"	1	1	"[""designer""]"	[606]	"[[""Culture"",""Culture-periphery""]]"	[606]	Culture	Culture-periphery	designer	0	0	[]	0	0	"[""substring_requires_transfer_review""]"	Discovery/Science	proposed	medium	differs_from_previous_llm	"[""substring_requires_transfer_review"",""previous_llm_l1_disagreement""]"	0	freebase_bhht_author_lookup_v1	lookup_candidate_not_frozen	"[""Alan Lee Klapmeier"", ""Dale Edward Klapmeier"", ""Eduardo Aldasoro""]"
628	Crown Princess	7	crown_princess	author_substring	substring_unique_candidate	Leadership	Nobility	"[[""Leadership"",""Nobility""]]"	1	1	"[""princess""]"	[1161]	"[[""Leadership"",""Nobility""]]"	[1161]	Leadership	Nobility	princess	0	0	[]	0	0	"[""substring_requires_transfer_review""]"	Leadership	proposed	medium	agrees_with_previous_llm	"[""substring_requires_transfer_review""]"	0	freebase_bhht_author_lookup_v1	lookup_candidate_not_frozen	"[""Ameera Al-Taweel"", ""Archduchess Adelheid of Austria"", ""Archduchess Charlotte of Austria""]"
634	Animation Director	7	animation_director	author_substring	substring_unique_candidate	Culture	Culture-core	"[[""Culture"",""Culture-core""]]"	1	1	"[""animation""]"	[347]	"[[""Culture"",""Culture-core""]]"	[347]	Culture	Culture-core	animation	0	0	[]	0	0	"[""substring_requires_transfer_review""]"	Culture	proposed	medium	agrees_with_previous_llm	"[""substring_requires_transfer_review""]"	0	freebase_bhht_author_lookup_v1	lookup_candidate_not_frozen	"[""Attila Dargay"", ""Greg Colton"", ""Hayao Miyazaki""]"
637	Presenter (Profession) #27	7	presenter_(profession)_#27	author_substring	substring_unique_candidate	Culture	Culture-periphery	"[[""Culture"",""Culture-periphery""]]"	1	1	"[""presenter""]"	[638]	"[[""Culture"",""Culture-periphery""]]"	[638]	Culture	Culture-periphery	presenter	0	0	[]	0	0	"[""substring_requires_transfer_review""]"	Culture	proposed	medium	agrees_with_previous_llm	"[""substring_requires_transfer_review""]"	0	freebase_bhht_author_lookup_v1	lookup_candidate_not_frozen	"[""Bong Revilla"", ""Clare Kramer"", ""Lani Mercado""]"
639	Justice of the peace	7	justice_of_the_peace	author_substring	substring_unique_candidate	Leadership	Administration/Law	"[[""Leadership"",""Administration/Law""]]"	1	1	"[""justice""]"	[1080]	"[[""Leadership"",""Administration/Law""]]"	[1080]	Leadership	Administration/Law	justice	0	0	[]	0	0	"[""substring_requires_transfer_review""]"	Leadership	proposed	high	agrees_with_previous_llm	"[""substring_requires_transfer_review""]"	0	freebase_bhht_author_lookup_v1	lookup_candidate_not_frozen	"[""Carol Barnes"", ""Daniel Waldron"", ""George Mason I""]"
642	Film Distributor	7	film_distributor	author_substring	substring_unique_candidate	Culture	Culture-core	"[[""Culture"",""Culture-core""]]"	1	1	"[""_film_""]"	[320]	"[[""Culture"",""Culture-core""]]"	[320]	Culture	Culture-core	_film_	0	0	[]	0	0	"[""substring_requires_transfer_review""]"		needs_review	low	author_candidate_previous_needs_review	"[""substring_requires_transfer_review""]"	0	freebase_bhht_author_lookup_v1	lookup_candidate_not_frozen	"[""Dan Sonney"", ""Lal"", ""Marshall Schacker""]"
643	Professional Wrestling Referee	7	professional_wrestling_referee	author_substring	substring_unique_candidate	Sports/Games	Sports/Games	"[[""Sports/Games"",""Sports/Games""]]"	1	1	"[""referee"",""wrestling""]"	[211,299]	"[[""Sports/Games"",""Sports/Games""]]"	[211,299]	Sports/Games	Sports/Games	referee	0	0	[]	0	0	"[""substring_requires_transfer_review""]"	Sports/Games	proposed	medium	agrees_with_previous_llm	"[""substring_requires_transfer_review""]"	0	freebase_bhht_author_lookup_v1	lookup_candidate_not_frozen	"[""Dave Hebner"", ""Dean Hart"", ""Garett Bischoff""]"
647	Financial Analyst	7	financial_analyst	author_substring	substring_unique_candidate	Other	Worker/Business (small)	"[[""Other"",""Worker/Business (small)""]]"	1	1	"[""analyst""]"	[1514]	"[[""Other"",""Worker/Business (small)""]]"	[1514]	Other	Worker/Business (small)	analyst	0	0	[]	0	0	"[""substring_requires_transfer_review""]"		needs_review	medium	author_candidate_previous_needs_review	"[""substring_requires_transfer_review""]"	0	freebase_bhht_author_lookup_v1	lookup_candidate_not_frozen	"[""Emiliano Salinas"", ""Hadassah Lieberman"", ""Jules B. Garfunkel""]"
648	Tenant farmer	7	tenant_farmer	author_substring	substring_unique_candidate	Other	Worker/Business (small)	"[[""Other"",""Worker/Business (small)""]]"	1	1	"[""farmer""]"	[1589]	"[[""Other"",""Worker/Business (small)""]]"	[1589]	Other	Worker/Business (small)	farmer	0	0	[]	0	0	"[""substring_requires_transfer_review""]"		out_of_scope	high	formal_author_other_previously_out_of_scope	"[""substring_requires_transfer_review""]"	0	freebase_bhht_author_lookup_v1	lookup_candidate_not_frozen	"[""Emmett Berry Murphy"", ""Isaiah Harris (Deceased Person)"", ""Josie Bell Killian""]"
650	Director of audiography	7	director_of_audiography	author_substring	substring_unique_candidate	Culture	Culture-periphery	"[[""Culture"",""Culture-periphery""]]"	1	1	"[""_audio""]"	[574]	"[[""Culture"",""Culture-periphery""]]"	[574]	Culture	Culture-periphery	_audio	0	0	[]	0	0	"[""substring_requires_transfer_review""]"	Culture	proposed	high	agrees_with_previous_llm	"[""substring_requires_transfer_review""]"	0	freebase_bhht_author_lookup_v1	lookup_candidate_not_frozen	"[""Jin Aketagawa"", ""Kazuhiko Inoue"", ""Kōji Tsujitani""]"
651	Gossip columnist	6	gossip_columnist	author_substring	substring_unique_candidate	Culture	Culture-periphery	"[[""Culture"",""Culture-periphery""]]"	1	1	"[""columnist""]"	[597]	"[[""Culture"",""Culture-periphery""]]"	[597]	Culture	Culture-periphery	columnist	0	0	[]	0	0	"[""substring_requires_transfer_review""]"	Culture	proposed	high	agrees_with_previous_llm	"[""substring_requires_transfer_review""]"	0	freebase_bhht_author_lookup_v1	lookup_candidate_not_frozen	"[""A. J. Benza"", ""Cindy Adams"", ""Hedda Hopper""]"
655	Ethnomusicologist	6	ethnomusicologist	author_substring	substring_unique_candidate	Discovery/Science	Academia	"[[""Discovery/Science"",""Academia""]]"	1	1	"[""musicologist""]"	[664]	"[[""Discovery/Science"",""Academia""]]"	[664]	Discovery/Science	Academia	musicologist	0	0	[]	0	0	"[""substring_requires_transfer_review""]"	Discovery/Science	proposed	medium	agrees_with_previous_llm	"[""substring_requires_transfer_review""]"	0	freebase_bhht_author_lookup_v1	lookup_candidate_not_frozen	"[""Alan Lomax"", ""Daniel Alomía Robles"", ""Geraldine Connor""]"
658	Furniture Designer	6	furniture_designer	author_substring	substring_unique_candidate	Culture	Culture-periphery	"[[""Culture"",""Culture-periphery""]]"	1	1	"[""designer""]"	[606]	"[[""Culture"",""Culture-periphery""]]"	[606]	Culture	Culture-periphery	designer	0	0	[]	0	0	"[""substring_requires_transfer_review""]"	Culture	proposed	medium	agrees_with_previous_llm	"[""substring_requires_transfer_review""]"	0	freebase_bhht_author_lookup_v1	lookup_candidate_not_frozen	"[""Alexis de la Falaise"", ""Marius Sheamus Berg"", ""Peter Cohen""]"
659	Railroad engineer	6	railroad_engineer	author_substring	substring_cross_l1_conflict			"[[""Discovery/Science"",""Explorer/Inventor/Developer""],[""Other"",""Worker/Business (small)""]]"	2	2	"[""engineer"",""railroad""]"	[1187,1677]	"[[""Discovery/Science"",""Explorer/Inventor/Developer""],[""Other"",""Worker/Business (small)""]]"	[1187,1677]	Discovery/Science	Explorer/Inventor/Developer	engineer	0	0	[]	0	0	"[""substring_requires_transfer_review"",""multiple_author_l1_candidates""]"		needs_review	low	no_unique_author_l1_candidate	"[""substring_requires_transfer_review"",""multiple_author_l1_candidates""]"	0	freebase_bhht_author_lookup_v1	lookup_candidate_not_frozen	"[""Alfred Lamert Dickens"", ""Axel Taube"", ""Fred Evans (Deceased Person) #1""]"
661	Evolutionary Biologist	6	evolutionary_biologist	author_substring	substring_unique_candidate	Discovery/Science	Academia	"[[""Discovery/Science"",""Academia""]]"	1	1	"[""biologist""]"	[705]	"[[""Discovery/Science"",""Academia""]]"	[705]	Discovery/Science	Academia	biologist	0	0	[]	0	0	"[""substring_requires_transfer_review""]"	Discovery/Science	proposed	medium	agrees_with_previous_llm	"[""substring_requires_transfer_review""]"	0	freebase_bhht_author_lookup_v1	lookup_candidate_not_frozen	"[""Alfred Russel Wallace"", ""Jukka Jernvall"", ""Olivia Judson""]"
663	Online Marketing Professional	6	online_marketing_professional	author_substring	substring_unique_candidate	Other	Worker/Business (small)	"[[""Other"",""Worker/Business (small)""]]"	1	1	"[""marketing""]"	[1649]	"[[""Other"",""Worker/Business (small)""]]"	[1649]	Other	Worker/Business (small)	marketing	0	0	[]	0	0	"[""substring_requires_transfer_review""]"		needs_review	low	author_candidate_previous_needs_review	"[""substring_requires_transfer_review""]"	0	freebase_bhht_author_lookup_v1	lookup_candidate_not_frozen	"[""Amarjeet Sharma"", ""Hans Willemse"", ""Malika Sharma""]"
664	Switchboard operator	6	switchboard_operator	author_substring	substring_unique_candidate	Other	Worker/Business (small)	"[[""Other"",""Worker/Business (small)""]]"	1	1	"[""operator""]"	[1661]	"[[""Other"",""Worker/Business (small)""]]"	[1661]	Other	Worker/Business (small)	operator	0	0	[]	0	0	"[""substring_requires_transfer_review""]"		out_of_scope	medium	formal_author_other_previously_out_of_scope	"[""substring_requires_transfer_review""]"	0	freebase_bhht_author_lookup_v1	lookup_candidate_not_frozen	"[""Andrea Heinemann Simon"", ""Ethel McGuire"", ""Jane Wyman""]"
665	Fight Choreographer	6	fight_choreographer	author_substring	substring_unique_candidate	Culture	Culture-core	"[[""Culture"",""Culture-core""]]"	1	1	"[""choreographer""]"	[382]	"[[""Culture"",""Culture-core""]]"	[382]	Culture	Culture-core	choreographer	0	0	[]	0	0	"[""substring_requires_transfer_review""]"	Culture	proposed	high	agrees_with_previous_llm	"[""substring_requires_transfer_review""]"	0	freebase_bhht_author_lookup_v1	lookup_candidate_not_frozen	"[""Andrew Dasz"", ""Ho-Sung Pak"", ""Iko Uwais""]"
666	Corporate lawyer	6	corporate_lawyer	author_substring	substring_unique_candidate	Leadership	Administration/Law	"[[""Leadership"",""Administration/Law""]]"	1	1	"[""_lawyer""]"	[1053]	"[[""Leadership"",""Administration/Law""]]"	[1053]	Leadership	Administration/Law	_lawyer	0	0	[]	0	0	"[""substring_requires_transfer_review""]"	Leadership	proposed	high	agrees_with_previous_llm	"[""substring_requires_transfer_review""]"	0	freebase_bhht_author_lookup_v1	lookup_candidate_not_frozen	"[""Anthony Pantaleoni"", ""Asa Danes"", ""David Mills""]"
669	Kindergarten Teacher	6	kindergarten_teacher	author_substring	substring_unique_candidate	Discovery/Science	Academia	"[[""Discovery/Science"",""Academia""]]"	1	1	"[""teacher_""]"	[910]	"[[""Discovery/Science"",""Academia""]]"	[910]	Discovery/Science	Academia	teacher_	0	0	[]	0	0	"[""substring_requires_transfer_review""]"	Discovery/Science	proposed	high	agrees_with_previous_llm	"[""substring_requires_transfer_review""]"	0	freebase_bhht_author_lookup_v1	lookup_candidate_not_frozen	"[""Becky McCook"", ""Helen Brugat"", ""Helen TenBroeck Storms Cornell""]"
671	Bounty hunter	6	bounty_hunter	author_substring	substring_unique_candidate	Other	Worker/Business (small)	"[[""Other"",""Worker/Business (small)""]]"	1	1	"[""_hunter""]"	[1465]	"[[""Other"",""Worker/Business (small)""]]"	[1465]	Other	Worker/Business (small)	_hunter	0	0	[]	0	0	"[""substring_requires_transfer_review""]"		needs_review	low	author_candidate_previous_needs_review	"[""substring_requires_transfer_review""]"	0	freebase_bhht_author_lookup_v1	lookup_candidate_not_frozen	"[""Beth Smith"", ""Domino Harvey"", ""Duane Lee  Chapman""]"
676	Music publisher (Profession) #1	6	music_publisher_(profession)_#1	author_substring	substring_same_l1_multiple_l2	Culture		"[[""Culture"",""Culture-core""],[""Culture"",""Culture-periphery""]]"	1	2	"[""_music"",""publisher""]"	[325,643]	"[[""Culture"",""Culture-core""],[""Culture"",""Culture-periphery""]]"	[325,643]	Culture	Culture-core	_music	0	0	[]	0	0	"[""substring_requires_transfer_review"",""multiple_author_l2_candidates""]"	Culture	proposed	medium	agrees_with_previous_llm	"[""substring_requires_transfer_review"",""multiple_author_l2_candidates""]"	0	freebase_bhht_author_lookup_v1	lookup_candidate_not_frozen	"[""Bobby Crawford (Jockey)"", ""Carson Parks"", ""Giulio Ricordi""]"
677	Professional Chess Player	6	professional_chess_player	author_substring	substring_unique_candidate	Sports/Games	Sports/Games	"[[""Sports/Games"",""Sports/Games""]]"	1	1	"[""_chess"",""player""]"	[5,189]	"[[""Sports/Games"",""Sports/Games""]]"	[5,189]	Sports/Games	Sports/Games	_chess	0	0	[]	0	0	"[""substring_requires_transfer_review""]"	Sports/Games	proposed	high	agrees_with_previous_llm	"[""substring_requires_transfer_review""]"	0	freebase_bhht_author_lookup_v1	lookup_candidate_not_frozen	"[""Bobby Fischer"", ""Miyoko Watai"", ""Pendyala Harikrishna""]"
678	Military Leader	6	military_leader	author_substring	substring_unique_candidate	Leadership	Military	"[[""Leadership"",""Military""]]"	1	1	"[""militar""]"	[1407]	"[[""Leadership"",""Military""]]"	[1407]	Leadership	Military	militar	0	0	[]	0	0	"[""substring_requires_transfer_review""]"	Leadership	proposed	high	agrees_with_previous_llm	"[""substring_requires_transfer_review""]"	0	freebase_bhht_author_lookup_v1	lookup_candidate_not_frozen	"[""Bohdan Khmelnytsky"", ""Hans Jauch"", ""Henry Lee III""]"
679	Cook (Profession) #121	6	cook_(profession)_#121	author_substring	substring_unique_candidate	Other	Worker/Business (small)	"[[""Other"",""Worker/Business (small)""]]"	1	1	"[""_cook_""]"	[1449]	"[[""Other"",""Worker/Business (small)""]]"	[1449]	Other	Worker/Business (small)	_cook_	0	0	[]	0	0	"[""substring_requires_transfer_review""]"		out_of_scope	medium	formal_author_other_previously_out_of_scope	"[""substring_requires_transfer_review""]"	0	freebase_bhht_author_lookup_v1	lookup_candidate_not_frozen	"[""Charles Chan"", ""Gordon Ramsay"", ""Julia Child""]"
682	Bus driver	6	bus_driver	author_substring	substring_unique_candidate	Sports/Games	Sports/Games	"[[""Sports/Games"",""Sports/Games""]]"	1	1	"[""_driver_""]"	[9]	"[[""Sports/Games"",""Sports/Games""]]"	[9]	Sports/Games	Sports/Games	_driver_	0	0	[]	0	0	"[""substring_requires_transfer_review""]"		out_of_scope	medium	author_candidate_previous_out_of_scope	"[""substring_requires_transfer_review""]"	0	freebase_bhht_author_lookup_v1	lookup_candidate_not_frozen	"[""Chief Dan George"", ""Douglas Frederick Springsteen"", ""Jerome Jesse Berry""]"
683	Fashion Photographer	6	fashion_photographer	author_substring	substring_unique_candidate	Culture	Culture-core	"[[""Culture"",""Culture-core""]]"	1	1	"[""photographer""]"	[491]	"[[""Culture"",""Culture-core""]]"	[491]	Culture	Culture-core	photographer	0	0	[]	0	0	"[""substring_requires_transfer_review""]"	Culture	proposed	medium	agrees_with_previous_llm	"[""substring_requires_transfer_review""]"	0	freebase_bhht_author_lookup_v1	lookup_candidate_not_frozen	"[""Chris Kennedy (Man) #2"", ""Davide Sorrenti"", ""Gilles Bensimon""]"
685	Conservator-restorer	6	conservator-restorer	author_substring	substring_unique_candidate	Culture	Culture-periphery	"[[""Culture"",""Culture-periphery""]]"	1	1	"[""restorer""]"	[649]	"[[""Culture"",""Culture-periphery""]]"	[649]	Culture	Culture-periphery	restorer	0	0	[]	0	0	"[""substring_requires_transfer_review""]"	Culture	proposed	medium	agrees_with_previous_llm	"[""substring_requires_transfer_review""]"	0	freebase_bhht_author_lookup_v1	lookup_candidate_not_frozen	"[""Cyril Diver"", ""György Tarr"", ""Mary Badham""]"
687	Travel writer	6	travel_writer	author_substring	substring_unique_candidate	Culture	Culture-core	"[[""Culture"",""Culture-core""]]"	1	1	"[""_writer""]"	[343]	"[[""Culture"",""Culture-core""]]"	[343]	Culture	Culture-core	_writer	0	0	[]	0	0	"[""substring_requires_transfer_review""]"	Culture	proposed	high	agrees_with_previous_llm	"[""substring_requires_transfer_review""]"	0	freebase_bhht_author_lookup_v1	lookup_candidate_not_frozen	"[""Dana Lamb"", ""Hugo Williams"", ""Mary Shelley""]"
689	Interior Decorator	6	interior_decorator	author_substring	substring_unique_candidate	Culture	Culture-periphery	"[[""Culture"",""Culture-periphery""]]"	1	1	"[""decorator""]"	[605]	"[[""Culture"",""Culture-periphery""]]"	[605]	Culture	Culture-periphery	decorator	0	0	[]	0	0	"[""substring_requires_transfer_review""]"	Culture	proposed	medium	agrees_with_previous_llm	"[""substring_requires_transfer_review""]"	0	freebase_bhht_author_lookup_v1	lookup_candidate_not_frozen	"[""David Nightingale Hicks"", ""George Weber (Deceased Person)"", ""Jocasta Innes""]"
695	Geophysicist	6	geophysicist	author_substring	substring_unique_candidate	Discovery/Science	Academia	"[[""Discovery/Science"",""Academia""]]"	1	1	"[""physicist""]"	[868]	"[[""Discovery/Science"",""Academia""]]"	[868]	Discovery/Science	Academia	physicist	0	0	[]	0	0	"[""substring_requires_transfer_review""]"	Discovery/Science	proposed	high	agrees_with_previous_llm	"[""substring_requires_transfer_review""]"	0	freebase_bhht_author_lookup_v1	lookup_candidate_not_frozen	"[""Gilbert Mead"", ""Janez K. Lapajne"", ""Maurice Hill (Geophysicist)""]"
696	Street artist	6	street_artist	author_substring	substring_unique_candidate	Culture	Culture-core	"[[""Culture"",""Culture-core""]]"	1	1	"[""_artist""]"	[304]	"[[""Culture"",""Culture-core""]]"	[304]	Culture	Culture-core	_artist	0	0	[]	0	0	"[""substring_requires_transfer_review""]"	Culture	proposed	high	agrees_with_previous_llm	"[""substring_requires_transfer_review""]"	0	freebase_bhht_author_lookup_v1	lookup_candidate_not_frozen	"[""Gustavo Pandolfo"", ""Jean-Michel Basquiat"", ""Kylie Ireland""]"
697	Rodeo performer	6	rodeo_performer	author_substring	substring_cross_l1_conflict			"[[""Culture"",""Culture-core""],[""Sports/Games"",""Sports/Games""]]"	2	2	"[""rodeo"",""performer""]"	[217,488]	"[[""Culture"",""Culture-core""],[""Sports/Games"",""Sports/Games""]]"	[217,488]	Sports/Games	Sports/Games	rodeo	0	0	[]	0	0	"[""substring_requires_transfer_review"",""multiple_author_l1_candidates""]"	Sports/Games	proposed	medium	no_unique_author_l1_candidate	"[""substring_requires_transfer_review"",""multiple_author_l1_candidates""]"	0	freebase_bhht_author_lookup_v1	lookup_candidate_not_frozen	"[""Helen Gibson"", ""Kitty Canutt"", ""Montie Montana Jr.""]"
699	Web Developer	6	web_developer	author_substring	substring_unique_candidate	Discovery/Science	Explorer/Inventor/Developer	"[[""Discovery/Science"",""Explorer/Inventor/Developer""]]"	1	1	"[""developer""]"	[1184]	"[[""Discovery/Science"",""Explorer/Inventor/Developer""]]"	[1184]	Discovery/Science	Explorer/Inventor/Developer	developer	0	0	[]	0	0	"[""substring_requires_transfer_review""]"	Discovery/Science	proposed	high	agrees_with_previous_llm	"[""substring_requires_transfer_review""]"	0	freebase_bhht_author_lookup_v1	lookup_candidate_not_frozen	"[""Mantas Malukas"", ""Michał Wróblewski"", ""Paul Scolnick""]"
702	Son of the Storm God	5	son_of_the_storm_god	author_substring	substring_unique_candidate	Other	Family	"[[""Other"",""Family""]]"	1	1	"[""_son_""]"	[1724]	"[[""Other"",""Family""]]"	[1724]	Other	Family	_son_	0	0	[]	0	0	"[""substring_requires_transfer_review""]"		out_of_scope	high	formal_author_other_previously_out_of_scope	"[""substring_requires_transfer_review""]"	0	freebase_bhht_author_lookup_v1	lookup_candidate_not_frozen	"[""Abbas ibn Ali"", ""Ali"", ""David""]"
709	Theoretical Physicist	5	theoretical_physicist	author_substring	substring_unique_candidate	Discovery/Science	Academia	"[[""Discovery/Science"",""Academia""]]"	1	1	"[""physicist""]"	[868]	"[[""Discovery/Science"",""Academia""]]"	[868]	Discovery/Science	Academia	physicist	0	0	[]	0	0	"[""substring_requires_transfer_review""]"	Discovery/Science	proposed	medium	agrees_with_previous_llm	"[""substring_requires_transfer_review""]"	0	freebase_bhht_author_lookup_v1	lookup_candidate_not_frozen	"[""Albert Einstein"", ""Frank Wilczek"", ""J. Robert Oppenheimer""]"
711	College gymnast	5	college_gymnast	author_substring	substring_unique_candidate	Sports/Games	Sports/Games	"[[""Sports/Games"",""Sports/Games""]]"	1	1	"[""gymnast""]"	[123]	"[[""Sports/Games"",""Sports/Games""]]"	[123]	Sports/Games	Sports/Games	gymnast	0	0	[]	0	0	"[""substring_requires_transfer_review""]"	Sports/Games	proposed	high	agrees_with_previous_llm	"[""substring_requires_transfer_review""]"	0	freebase_bhht_author_lookup_v1	lookup_candidate_not_frozen	"[""Alex Waller (Professional Athlete) #1"", ""Brooklyn Doggette"", ""Kytra Hunter""]"
714	Gospel singer	5	gospel_singer	author_substring	substring_unique_candidate	Culture	Culture-core	"[[""Culture"",""Culture-core""]]"	1	1	"[""singer""]"	[529]	"[[""Culture"",""Culture-core""]]"	[529]	Culture	Culture-core	singer	0	0	[]	0	0	"[""substring_requires_transfer_review""]"	Culture	proposed	high	agrees_with_previous_llm	"[""substring_requires_transfer_review""]"	0	freebase_bhht_author_lookup_v1	lookup_candidate_not_frozen	"[""Alfonso Freeman"", ""David Mann"", ""Merry Clayton""]"
715	Patent attorney	5	patent_attorney	author_substring	substring_cross_l1_conflict			"[[""Discovery/Science"",""Explorer/Inventor/Developer""],[""Leadership"",""Administration/Law""]]"	2	2	"[""attorney"",""patent""]"	[1060,1201]	"[[""Discovery/Science"",""Explorer/Inventor/Developer""],[""Leadership"",""Administration/Law""]]"	[1060,1201]	Leadership	Administration/Law	attorney	0	0	[]	0	0	"[""substring_requires_transfer_review"",""multiple_author_l1_candidates""]"	Leadership	proposed	medium	no_unique_author_l1_candidate	"[""substring_requires_transfer_review"",""multiple_author_l1_candidates""]"	0	freebase_bhht_author_lookup_v1	lookup_candidate_not_frozen	"[""Alfred Ely Beach"", ""George Griswold Frelinghuysen"", ""George Ticknor Curtis""]"
717	Customs officer	5	customs_officer	author_substring	substring_unique_candidate	Leadership	Military	"[[""Leadership"",""Military""]]"	1	1	"[""officer_""]"	[1412]	"[[""Leadership"",""Military""]]"	[1412]	Leadership	Military	officer_	0	0	[]	0	0	"[""substring_requires_transfer_review""]"	Leadership	proposed	high	agrees_with_previous_llm	"[""substring_requires_transfer_review""]"	0	freebase_bhht_author_lookup_v1	lookup_candidate_not_frozen	"[""Ali Rıza Efendi"", ""Alois Hitler"", ""Herman Melville""]"
721	Magician (Profession) #81	5	magician_(profession)_#81	author_substring	substring_unique_candidate	Other	Other	"[[""Other"",""Other""]]"	1	1	"[""magic""]"	[1833]	"[[""Other"",""Other""]]"	[1833]	Other	Other	magic	0	0	[]	0	0	"[""substring_requires_transfer_review""]"	Culture	proposed	medium	differs_from_previous_llm	"[""substring_requires_transfer_review"",""previous_llm_l1_disagreement""]"	0	freebase_bhht_author_lookup_v1	lookup_candidate_not_frozen	"[""Andy Gross (Actor)"", ""David Wood (Dramatist)"", ""Jeff Altman""]"
722	Music Historian	5	music_historian	author_substring	substring_cross_l1_conflict			"[[""Culture"",""Culture-core""],[""Discovery/Science"",""Academia""]]"	2	2	"[""_music"",""historian""]"	[325,783]	"[[""Culture"",""Culture-core""],[""Discovery/Science"",""Academia""]]"	[325,783]	Culture	Culture-core	_music	0	0	[]	0	0	"[""substring_requires_transfer_review"",""multiple_author_l1_candidates""]"	Discovery/Science	proposed	high	no_unique_author_l1_candidate	"[""substring_requires_transfer_review"",""multiple_author_l1_candidates""]"	0	freebase_bhht_author_lookup_v1	lookup_candidate_not_frozen	"[""Andy Zax"", ""Bernice Johnson Reagon"", ""Billy Vera""]"
723	Shoe designer	5	shoe_designer	author_substring	substring_unique_candidate	Culture	Culture-periphery	"[[""Culture"",""Culture-periphery""]]"	1	1	"[""designer""]"	[606]	"[[""Culture"",""Culture-periphery""]]"	[606]	Culture	Culture-periphery	designer	0	0	[]	0	0	"[""substring_requires_transfer_review""]"	Culture	proposed	high	agrees_with_previous_llm	"[""substring_requires_transfer_review""]"	0	freebase_bhht_author_lookup_v1	lookup_candidate_not_frozen	"[""Angela Simmons"", ""Fred de la Bretonière"", ""Johannes Huebl""]"
724	Pastoralist	5	pastoralist	author_substring	substring_unique_candidate	Leadership	Religious	"[[""Leadership"",""Religious""]]"	1	1	"[""pastor""]"	[1341]	"[[""Leadership"",""Religious""]]"	[1341]	Leadership	Religious	pastor	0	0	[]	0	0	"[""substring_requires_transfer_review""]"		out_of_scope	medium	author_candidate_previous_out_of_scope	"[""substring_requires_transfer_review""]"	0	freebase_bhht_author_lookup_v1	lookup_candidate_not_frozen	"[""Angus McLachlan"", ""Archibald Clunes Innes"", ""Edward Hamersley""]"
728	Certified Public Accountant	5	certified_public_accountant	author_substring	substring_unique_candidate	Other	Worker/Business (small)	"[[""Other"",""Worker/Business (small)""]]"	1	1	"[""accountant""]"	[1504]	"[[""Other"",""Worker/Business (small)""]]"	[1504]	Other	Worker/Business (small)	accountant	0	0	[]	0	0	"[""substring_requires_transfer_review""]"		needs_review	low	author_candidate_previous_needs_review	"[""substring_requires_transfer_review""]"	0	freebase_bhht_author_lookup_v1	lookup_candidate_not_frozen	"[""Anne Kennedy Waymouth"", ""Beth Brooke"", ""Bobby Nelson""]"
729	Educationalist	5	educationalist	author_substring	substring_unique_candidate	Discovery/Science	Academia	"[[""Discovery/Science"",""Academia""]]"	1	1	"[""education""]"	[737]	"[[""Discovery/Science"",""Academia""]]"	[737]	Discovery/Science	Academia	education	0	0	[]	0	0	"[""substring_requires_transfer_review""]"	Discovery/Science	proposed	high	agrees_with_previous_llm	"[""substring_requires_transfer_review""]"	0	freebase_bhht_author_lookup_v1	lookup_candidate_not_frozen	"[""Anthony Burgess"", ""Caroline Benn"", ""Colin Mills""]"
731	Radio writer	5	radio_writer	author_substring	substring_same_l1_multiple_l2	Culture		"[[""Culture"",""Culture-core""],[""Culture"",""Culture-periphery""]]"	1	2	"[""_writer"",""_radio_""]"	[343,579]	"[[""Culture"",""Culture-core""],[""Culture"",""Culture-periphery""]]"	[343,579]	Culture	Culture-core	_writer	0	0	[]	0	0	"[""substring_requires_transfer_review"",""multiple_author_l2_candidates""]"	Culture	proposed	high	agrees_with_previous_llm	"[""substring_requires_transfer_review"",""multiple_author_l2_candidates""]"	0	freebase_bhht_author_lookup_v1	lookup_candidate_not_frozen	"[""Arch Hall, Sr."", ""Edward Sloman"", ""John Houseman""]"
733	Newspaper publisher	5	newspaper_publisher	author_substring	substring_unique_candidate	Culture	Culture-periphery	"[[""Culture"",""Culture-periphery""]]"	1	1	"[""publisher""]"	[643]	"[[""Culture"",""Culture-periphery""]]"	[643]	Culture	Culture-periphery	publisher	0	0	[]	0	0	"[""substring_requires_transfer_review""]"	Culture	proposed	medium	agrees_with_previous_llm	"[""substring_requires_transfer_review""]"	0	freebase_bhht_author_lookup_v1	lookup_candidate_not_frozen	"[""Arthur Hays Sulzberger"", ""Philip Dutartre Carter"", ""R. Beers Loos""]"
735	Level 10 gymnast	5	level_10_gymnast	author_substring	substring_unique_candidate	Sports/Games	Sports/Games	"[[""Sports/Games"",""Sports/Games""]]"	1	1	"[""gymnast""]"	[123]	"[[""Sports/Games"",""Sports/Games""]]"	[123]	Sports/Games	Sports/Games	gymnast	0	0	[]	0	0	"[""substring_requires_transfer_review""]"	Sports/Games	proposed	high	agrees_with_previous_llm	"[""substring_requires_transfer_review""]"	0	freebase_bhht_author_lookup_v1	lookup_candidate_not_frozen	"[""Ashley Szafranski"", ""Kaitlyn Szafranski"", ""McKenna Lane Kelley""]"
736	Saxophone player	5	saxophone_player	author_substring	substring_cross_l1_conflict			"[[""Culture"",""Culture-core""],[""Sports/Games"",""Sports/Games""]]"	2	2	"[""player"",""saxophone""]"	[189,517]	"[[""Culture"",""Culture-core""],[""Sports/Games"",""Sports/Games""]]"	[189,517]	Sports/Games	Sports/Games	player	0	0	[]	0	0	"[""substring_requires_transfer_review"",""multiple_author_l1_candidates""]"	Culture	proposed	medium	no_unique_author_l1_candidate	"[""substring_requires_transfer_review"",""multiple_author_l1_candidates""]"	0	freebase_bhht_author_lookup_v1	lookup_candidate_not_frozen	"[""Ayaka Hirahara"", ""Benjamin Koppel"", ""David Murray (Post-bop Artist)""]"
737	Climber	5	climber	author_substring	substring_unique_candidate	Sports/Games	Sports/Games	"[[""Sports/Games"",""Sports/Games""]]"	1	1	"[""climb""]"	[74]	"[[""Sports/Games"",""Sports/Games""]]"	[74]	Sports/Games	Sports/Games	climb	0	0	[]	0	0	"[""substring_requires_transfer_review""]"		needs_review	low	author_candidate_previous_needs_review	"[""substring_requires_transfer_review""]"	0	freebase_bhht_author_lookup_v1	lookup_candidate_not_frozen	"[""Barry Bishop"", ""Brent Bishop"", ""Jacek Berbeka""]"
739	Syndicated columnist	5	syndicated_columnist	author_substring	substring_unique_candidate	Culture	Culture-periphery	"[[""Culture"",""Culture-periphery""]]"	1	1	"[""columnist""]"	[597]	"[[""Culture"",""Culture-periphery""]]"	[597]	Culture	Culture-periphery	columnist	0	0	[]	0	0	"[""substring_requires_transfer_review""]"	Culture	proposed	medium	agrees_with_previous_llm	"[""substring_requires_transfer_review""]"	0	freebase_bhht_author_lookup_v1	lookup_candidate_not_frozen	"[""Bertram M. Bacharach"", ""Charley Reese"", ""Joe Hyams""]"
740	Speech therapist	5	speech_therapist	author_substring	substring_unique_candidate	Discovery/Science	Academia	"[[""Discovery/Science"",""Academia""]]"	1	1	"[""therapist""]"	[916]	"[[""Discovery/Science"",""Academia""]]"	[916]	Discovery/Science	Academia	therapist	0	0	[]	0	0	"[""substring_requires_transfer_review""]"	Discovery/Science	proposed	high	agrees_with_previous_llm	"[""substring_requires_transfer_review""]"	0	freebase_bhht_author_lookup_v1	lookup_candidate_not_frozen	"[""Betty DeGeneres"", ""Betty Martin (Deceased Person)"", ""Katie Firth""]"
741	Video Artist	5	video_artist	author_substring	substring_unique_candidate	Culture	Culture-core	"[[""Culture"",""Culture-core""]]"	1	1	"[""_artist""]"	[304]	"[[""Culture"",""Culture-core""]]"	[304]	Culture	Culture-core	_artist	0	0	[]	0	0	"[""substring_requires_transfer_review""]"	Culture	proposed	high	agrees_with_previous_llm	"[""substring_requires_transfer_review""]"	0	freebase_bhht_author_lookup_v1	lookup_candidate_not_frozen	"[""Bill Viola"", ""Max Hattler"", ""Mercedes Helnwein""]"
743	Voice coach	5	voice_coach	author_substring	substring_unique_candidate	Sports/Games	Sports/Games	"[[""Sports/Games"",""Sports/Games""]]"	1	1	"[""coach""]"	[75]	"[[""Sports/Games"",""Sports/Games""]]"	[75]	Sports/Games	Sports/Games	coach	0	0	[]	0	0	"[""substring_requires_transfer_review""]"	Culture	proposed	high	differs_from_previous_llm	"[""substring_requires_transfer_review"",""previous_llm_l1_disagreement""]"	0	freebase_bhht_author_lookup_v1	lookup_candidate_not_frozen	"[""Blake Shelton"", ""John W. Bullock"", ""Loredana Groza""]"
744	Production Manager (Band)	5	production_manager_(band)	author_substring	substring_cross_l1_conflict			"[[""Culture"",""Culture-core""],[""Leadership"",""Corporate/Executive/Business (large)""]]"	2	2	"[""production_manager"",""manager""]"	[508,1234]	"[[""Culture"",""Culture-core""],[""Leadership"",""Corporate/Executive/Business (large)""]]"	[508,1234]	Culture	Culture-core	production_manager	0	0	[]	0	0	"[""substring_requires_transfer_review"",""multiple_author_l1_candidates""]"	Culture	proposed	high	no_unique_author_l1_candidate	"[""substring_requires_transfer_review"",""multiple_author_l1_candidates""]"	0	freebase_bhht_author_lookup_v1	lookup_candidate_not_frozen	"[""Bluey Hill"", ""Florian Zapatka"", ""Hans Terofal""]"
746	Gymnastics Coach	5	gymnastics_coach	author_substring	substring_unique_candidate	Sports/Games	Sports/Games	"[[""Sports/Games"",""Sports/Games""]]"	1	1	"[""coach"",""gymnast""]"	[75,123]	"[[""Sports/Games"",""Sports/Games""]]"	[75,123]	Sports/Games	Sports/Games	coach	0	0	[]	0	0	"[""substring_requires_transfer_review""]"	Sports/Games	proposed	medium	agrees_with_previous_llm	"[""substring_requires_transfer_review""]"	0	freebase_bhht_author_lookup_v1	lookup_candidate_not_frozen	"[""Brandy Johnson"", ""Chris Burdette"", ""Chris Waller (Olympic athlete)""]"
747	Public Relations Executive	5	public_relations_executive	author_substring	substring_unique_candidate	Leadership	Corporate/Executive/Business (large)	"[[""Leadership"",""Corporate/Executive/Business (large)""]]"	1	1	"[""executive""]"	[1223]	"[[""Leadership"",""Corporate/Executive/Business (large)""]]"	[1223]	Leadership	Corporate/Executive/Business (large)	executive	0	0	[]	0	0	"[""substring_requires_transfer_review""]"	Leadership	proposed	high	agrees_with_previous_llm	"[""substring_requires_transfer_review""]"	0	freebase_bhht_author_lookup_v1	lookup_candidate_not_frozen	"[""Bridget Watkins"", ""Desirée Rogers"", ""Eugenia Martínez de Irujo, 12th Duchess of Montoro""]"
748	Fine art artist	5	fine_art_artist	author_substring	substring_unique_candidate	Culture	Culture-core	"[[""Culture"",""Culture-core""]]"	1	1	"[""_artist""]"	[304]	"[[""Culture"",""Culture-core""]]"	[304]	Culture	Culture-core	_artist	0	0	[]	0	0	"[""substring_requires_transfer_review""]"	Culture	proposed	medium	agrees_with_previous_llm	"[""substring_requires_transfer_review""]"	0	freebase_bhht_author_lookup_v1	lookup_candidate_not_frozen	"[""Bruno Schulz"", ""Gottfried Helnwein"", ""Luther E. Vann""]"
749	Executive officer	5	executive_officer	author_substring	substring_same_l1_multiple_l2	Leadership		"[[""Leadership"",""Corporate/Executive/Business (large)""],[""Leadership"",""Military""]]"	1	2	"[""executive"",""officer_""]"	[1223,1412]	"[[""Leadership"",""Corporate/Executive/Business (large)""],[""Leadership"",""Military""]]"	[1223,1412]	Leadership	Corporate/Executive/Business (large)	executive	0	0	[]	0	0	"[""substring_requires_transfer_review"",""multiple_author_l2_candidates""]"	Leadership	proposed	high	agrees_with_previous_llm	"[""substring_requires_transfer_review"",""multiple_author_l2_candidates""]"	0	freebase_bhht_author_lookup_v1	lookup_candidate_not_frozen	"[""Carly Fiorina"", ""Cecil Muellerleile"", ""Freeda Foreman""]"
750	Flamenco Dancer	5	flamenco_dancer	author_substring	substring_unique_candidate	Culture	Culture-core	"[[""Culture"",""Culture-core""]]"	1	1	"[""dancer""]"	[410]	"[[""Culture"",""Culture-core""]]"	[410]	Culture	Culture-core	dancer	0	0	[]	0	0	"[""substring_requires_transfer_review""]"	Culture	proposed	high	agrees_with_previous_llm	"[""substring_requires_transfer_review""]"	0	freebase_bhht_author_lookup_v1	lookup_candidate_not_frozen	"[""Carmen Peers"", ""Cristina Galbó"", ""Enrique Esteve (Actor)""]"
752	Wrestling Promoter	5	wrestling_promoter	author_substring	substring_unique_candidate	Sports/Games	Sports/Games	"[[""Sports/Games"",""Sports/Games""]]"	1	1	"[""wrestling""]"	[299]	"[[""Sports/Games"",""Sports/Games""]]"	[299]	Sports/Games	Sports/Games	wrestling	0	0	[]	0	0	"[""substring_requires_transfer_review""]"	Sports/Games	proposed	medium	agrees_with_previous_llm	"[""substring_requires_transfer_review""]"	0	freebase_bhht_author_lookup_v1	lookup_candidate_not_frozen	"[""Chris Adams"", ""Dave Hebner"", ""Jess McMahon""]"
755	Stunt Double	5	stunt_double	author_substring	substring_unique_candidate	Culture	Culture-core	"[[""Culture"",""Culture-core""]]"	1	1	"[""_stunt_""]"	[340]	"[[""Culture"",""Culture-core""]]"	[340]	Culture	Culture-core	_stunt_	0	0	[]	0	0	"[""substring_requires_transfer_review""]"	Culture	proposed	high	agrees_with_previous_llm	"[""substring_requires_transfer_review""]"	0	freebase_bhht_author_lookup_v1	lookup_candidate_not_frozen	"[""Chuck Roberson"", ""Joe Rock"", ""Loyd Bateman""]"
760	Cognitive scientist	5	cognitive_scientist	author_substring	substring_unique_candidate	Discovery/Science	Academia	"[[""Discovery/Science"",""Academia""]]"	1	1	"[""scientist""]"	[894]	"[[""Discovery/Science"",""Academia""]]"	[894]	Discovery/Science	Academia	scientist	0	0	[]	0	0	"[""substring_requires_transfer_review""]"	Discovery/Science	proposed	medium	agrees_with_previous_llm	"[""substring_requires_transfer_review""]"	0	freebase_bhht_author_lookup_v1	lookup_candidate_not_frozen	"[""Dan Sperber"", ""Daniel Dennett"", ""John McCarthy""]"
761	Tennis coach	5	tennis_coach	author_substring	substring_unique_candidate	Sports/Games	Sports/Games	"[[""Sports/Games"",""Sports/Games""]]"	1	1	"[""coach"",""tennis""]"	[75,271]	"[[""Sports/Games"",""Sports/Games""]]"	[75,271]	Sports/Games	Sports/Games	coach	0	0	[]	0	0	"[""substring_requires_transfer_review""]"	Sports/Games	proposed	medium	agrees_with_previous_llm	"[""substring_requires_transfer_review""]"	0	freebase_bhht_author_lookup_v1	lookup_candidate_not_frozen	"[""Daniel Melo"", ""Judy Murray"", ""Madeline McCoy""]"
763	Rally Driver	5	rally_driver	author_substring	substring_unique_candidate	Sports/Games	Sports/Games	"[[""Sports/Games"",""Sports/Games""]]"	1	1	"[""_driver_""]"	[9]	"[[""Sports/Games"",""Sports/Games""]]"	[9]	Sports/Games	Sports/Games	_driver_	0	0	[]	0	0	"[""substring_requires_transfer_review""]"	Sports/Games	proposed	medium	agrees_with_previous_llm	"[""substring_requires_transfer_review""]"	0	freebase_bhht_author_lookup_v1	lookup_candidate_not_frozen	"[""Darren Le Gallo"", ""David Henrie"", ""Han Han""]"
765	Still Photographer	5	still_photographer	author_substring	substring_unique_candidate	Culture	Culture-core	"[[""Culture"",""Culture-core""]]"	1	1	"[""photographer""]"	[491]	"[[""Culture"",""Culture-core""]]"	[491]	Culture	Culture-core	photographer	0	0	[]	0	0	"[""substring_requires_transfer_review""]"	Culture	proposed	high	agrees_with_previous_llm	"[""substring_requires_transfer_review""]"	0	freebase_bhht_author_lookup_v1	lookup_candidate_not_frozen	"[""Donata Wenders"", ""Eugene Kornman"", ""Hayley Catt""]"
768	Web Analyst	5	web_analyst	author_substring	substring_unique_candidate	Other	Worker/Business (small)	"[[""Other"",""Worker/Business (small)""]]"	1	1	"[""analyst""]"	[1514]	"[[""Other"",""Worker/Business (small)""]]"	[1514]	Other	Worker/Business (small)	analyst	0	0	[]	0	0	"[""substring_requires_transfer_review""]"		needs_review	low	author_candidate_previous_needs_review	"[""substring_requires_transfer_review""]"	0	freebase_bhht_author_lookup_v1	lookup_candidate_not_frozen	"[""Eduard Maeso"", ""Gretel Gutierrez"", ""Hans Willemse""]"
772	Music publisher	5	music_publisher	author_substring	substring_same_l1_multiple_l2	Culture		"[[""Culture"",""Culture-core""],[""Culture"",""Culture-periphery""]]"	1	2	"[""_music"",""publisher""]"	[325,643]	"[[""Culture"",""Culture-core""],[""Culture"",""Culture-periphery""]]"	[325,643]	Culture	Culture-core	_music	0	0	[]	0	0	"[""substring_requires_transfer_review"",""multiple_author_l2_candidates""]"	Culture	proposed	medium	agrees_with_previous_llm	"[""substring_requires_transfer_review"",""multiple_author_l2_candidates""]"	0	freebase_bhht_author_lookup_v1	lookup_candidate_not_frozen	"[""Fred Rose"", ""Henri Casadesus"", ""Jimmy Campbell (Actor) #3""]"
774	Literary Scholar	5	literary_scholar	author_substring	substring_cross_l1_conflict			"[[""Culture"",""Culture-core""],[""Discovery/Science"",""Academia""]]"	2	2	"[""_literary_"",""scholar""]"	[323,890]	"[[""Culture"",""Culture-core""],[""Discovery/Science"",""Academia""]]"	[323,890]	Culture	Culture-core	_literary_	0	0	[]	0	0	"[""substring_requires_transfer_review"",""multiple_author_l1_candidates""]"	Discovery/Science	proposed	high	no_unique_author_l1_candidate	"[""substring_requires_transfer_review"",""multiple_author_l1_candidates""]"	0	freebase_bhht_author_lookup_v1	lookup_candidate_not_frozen	"[""George Whalley"", ""Marguerite Kuczynski"", ""Pavel Macedonski""]"
778	Microbiologist	5	microbiologist	author_substring	substring_unique_candidate	Discovery/Science	Academia	"[[""Discovery/Science"",""Academia""]]"	1	1	"[""biologist""]"	[705]	"[[""Discovery/Science"",""Academia""]]"	[705]	Discovery/Science	Academia	biologist	0	0	[]	0	0	"[""substring_requires_transfer_review""]"	Discovery/Science	proposed	medium	agrees_with_previous_llm	"[""substring_requires_transfer_review""]"	0	freebase_bhht_author_lookup_v1	lookup_candidate_not_frozen	"[""Hermann Wagner (Microbiologist)"", ""Joshua Lederberg"", ""Louis Pasteur""]"
779	Flight instructor	5	flight_instructor	author_substring	substring_unique_candidate	Discovery/Science	Academia	"[[""Discovery/Science"",""Academia""]]"	1	1	"[""instructor""]"	[794]	"[[""Discovery/Science"",""Academia""]]"	[794]	Discovery/Science	Academia	instructor	0	0	[]	0	0	"[""substring_requires_transfer_review""]"	Discovery/Science	proposed	high	agrees_with_previous_llm	"[""substring_requires_transfer_review""]"	0	freebase_bhht_author_lookup_v1	lookup_candidate_not_frozen	"[""Howell M. Estes II"", ""Leslie George Chandler"", ""Mitr Chaibancha""]"
780	Marketing Consultant	5	marketing_consultant	author_substring	substring_unique_candidate	Other	Worker/Business (small)	"[[""Other"",""Worker/Business (small)""]]"	1	1	"[""consultant"",""marketing""]"	[1566,1649]	"[[""Other"",""Worker/Business (small)""]]"	[1566,1649]	Other	Worker/Business (small)	consultant	0	0	[]	0	0	"[""substring_requires_transfer_review""]"		needs_review	low	author_candidate_previous_needs_review	"[""substring_requires_transfer_review""]"	0	freebase_bhht_author_lookup_v1	lookup_candidate_not_frozen	"[""Jessica Jackley"", ""Kelly Breslin"", ""Libby Pataki""]"
781	Internet Entrepreneur	5	internet_entrepreneur	author_substring	substring_unique_candidate	Leadership	Corporate/Executive/Business (large)	"[[""Leadership"",""Corporate/Executive/Business (large)""]]"	1	1	"[""entrepreneur""]"	[1222]	"[[""Leadership"",""Corporate/Executive/Business (large)""]]"	[1222]	Leadership	Corporate/Executive/Business (large)	entrepreneur	0	0	[]	0	0	"[""substring_requires_transfer_review""]"	Leadership	proposed	medium	agrees_with_previous_llm	"[""substring_requires_transfer_review""]"	0	freebase_bhht_author_lookup_v1	lookup_candidate_not_frozen	"[""Jimmy Wales"", ""Keith Britton"", ""Larry Page""]"
783	Sports analyst	5	sports_analyst	author_substring	substring_cross_l1_conflict			"[[""Other"",""Worker/Business (small)""],[""Sports/Games"",""Sports/Games""]]"	2	2	"[""_sport"",""analyst""]"	[24,1514]	"[[""Other"",""Worker/Business (small)""],[""Sports/Games"",""Sports/Games""]]"	[24,1514]	Sports/Games	Sports/Games	_sport	0	0	[]	0	0	"[""substring_requires_transfer_review"",""multiple_author_l1_candidates""]"		needs_review	low	no_unique_author_l1_candidate	"[""substring_requires_transfer_review"",""multiple_author_l1_candidates""]"	0	freebase_bhht_author_lookup_v1	lookup_candidate_not_frozen	"[""Johnny Miller"", ""Kristi Yamaguchi"", ""Marcus Allen""]"
786	Promotional Model	4	promotional_model	author_substring	substring_unique_candidate	Culture	Culture-periphery	"[[""Culture"",""Culture-periphery""]]"	1	1	"[""_model_""]"	[577]	"[[""Culture"",""Culture-periphery""]]"	[577]	Culture	Culture-periphery	_model_	0	0	[]	0	0	"[""substring_requires_transfer_review""]"	Culture	proposed	high	agrees_with_previous_llm	"[""substring_requires_transfer_review""]"	0	freebase_bhht_author_lookup_v1	lookup_candidate_not_frozen	"[""AYAMI (Model)"", ""Gabor Steiner"", ""Phyllisha Anne""]"
787	Website content writer	4	website_content_writer	author_substring	substring_unique_candidate	Culture	Culture-core	"[[""Culture"",""Culture-core""]]"	1	1	"[""_writer""]"	[343]	"[[""Culture"",""Culture-core""]]"	[343]	Culture	Culture-core	_writer	0	0	[]	0	0	"[""substring_requires_transfer_review""]"	Culture	proposed	medium	agrees_with_previous_llm	"[""substring_requires_transfer_review""]"	0	freebase_bhht_author_lookup_v1	lookup_candidate_not_frozen	"[""Aberjhani"", ""Henry Baum"", ""Lijorocky Vadakedath Joseph""]"
788	Media consultant	4	media_consultant	author_substring	substring_cross_l1_conflict			"[[""Culture"",""Culture-periphery""],[""Other"",""Worker/Business (small)""]]"	2	2	"[""_media"",""consultant""]"	[576,1566]	"[[""Culture"",""Culture-periphery""],[""Other"",""Worker/Business (small)""]]"	[576,1566]	Culture	Culture-periphery	_media	0	0	[]	0	0	"[""substring_requires_transfer_review"",""multiple_author_l1_candidates""]"		needs_review	low	no_unique_author_l1_candidate	"[""substring_requires_transfer_review"",""multiple_author_l1_candidates""]"	0	freebase_bhht_author_lookup_v1	lookup_candidate_not_frozen	"[""Adam Klugman"", ""Jeri Kehn Thompson"", ""John Prescott Ellis""]"
790	Eastern Roman Emperor	4	eastern_roman_emperor	author_substring	substring_unique_candidate	Leadership	Nobility	"[[""Leadership"",""Nobility""]]"	1	1	"[""emperor""]"	[1139]	"[[""Leadership"",""Nobility""]]"	[1139]	Leadership	Nobility	emperor	0	0	[]	0	0	"[""substring_requires_transfer_review""]"	Leadership	proposed	medium	agrees_with_previous_llm	"[""substring_requires_transfer_review""]"	0	freebase_bhht_author_lookup_v1	lookup_candidate_not_frozen	"[""Alexios I Komnenos"", ""Arcadius"", ""Justinian I""]"
793	Foley Artist	4	foley_artist	author_substring	substring_unique_candidate	Culture	Culture-core	"[[""Culture"",""Culture-core""]]"	1	1	"[""_artist""]"	[304]	"[[""Culture"",""Culture-core""]]"	[304]	Culture	Culture-core	_artist	0	0	[]	0	0	"[""substring_requires_transfer_review""]"	Culture	proposed	medium	agrees_with_previous_llm	"[""substring_requires_transfer_review""]"	0	freebase_bhht_author_lookup_v1	lookup_candidate_not_frozen	"[""Alyson Dee Moore"", ""Benjamin Glazer"", ""Jeaneane Leaver-Fay""]"
794	Court clerk	4	court_clerk	author_substring	substring_unique_candidate	Other	Worker/Business (small)	"[[""Other"",""Worker/Business (small)""]]"	1	1	"[""_clerk""]"	[1446]	"[[""Other"",""Worker/Business (small)""]]"	[1446]	Other	Worker/Business (small)	_clerk	0	0	[]	0	0	"[""substring_requires_transfer_review""]"	Leadership	proposed	high	differs_from_previous_llm	"[""substring_requires_transfer_review"",""previous_llm_l1_disagreement""]"	0	freebase_bhht_author_lookup_v1	lookup_candidate_not_frozen	"[""Amal Clooney"", ""John Baker White (Army officer)"", ""Nehemiah R. Knight""]"
795	Officer of the court	4	officer_of_the_court	author_substring	substring_unique_candidate	Leadership	Military	"[[""Leadership"",""Military""]]"	1	1	"[""officer_""]"	[1412]	"[[""Leadership"",""Military""]]"	[1412]	Leadership	Military	officer_	0	0	[]	0	0	"[""substring_requires_transfer_review""]"	Leadership	proposed	high	agrees_with_previous_llm	"[""substring_requires_transfer_review""]"	0	freebase_bhht_author_lookup_v1	lookup_candidate_not_frozen	"[""Amal Clooney"", ""John Baker White (Army officer)"", ""Nehemiah R. Knight""]"
797	Technical advisor	4	technical_advisor	author_substring	substring_unique_candidate	Leadership	Politics	"[[""Leadership"",""Politics""]]"	1	1	"[""advisor""]"	[940]	"[[""Leadership"",""Politics""]]"	[940]	Leadership	Politics	advisor	0	0	[]	0	0	"[""substring_requires_transfer_review""]"		needs_review	low	author_candidate_previous_needs_review	"[""substring_requires_transfer_review""]"	0	freebase_bhht_author_lookup_v1	lookup_candidate_not_frozen	"[""Andy Redmond"", ""Doris Giannini"", ""Mike Stokey (Actor) #1""]"
800	Digital Compositor	4	digital_compositor	author_substring	substring_unique_candidate	Culture	Culture-core	"[[""Culture"",""Culture-core""]]"	1	1	"[""compositor""]"	[399]	"[[""Culture"",""Culture-core""]]"	[399]	Culture	Culture-core	compositor	0	0	[]	0	0	"[""substring_requires_transfer_review""]"	Culture	proposed	high	agrees_with_previous_llm	"[""substring_requires_transfer_review""]"	0	freebase_bhht_author_lookup_v1	lookup_candidate_not_frozen	"[""Anna Terekhova"", ""Max Hattler"", ""Paul Stodolny""]"
802	Developmental Biologist	4	developmental_biologist	author_substring	substring_unique_candidate	Discovery/Science	Academia	"[[""Discovery/Science"",""Academia""]]"	1	1	"[""biologist""]"	[705]	"[[""Discovery/Science"",""Academia""]]"	[705]	Discovery/Science	Academia	biologist	0	0	[]	0	0	"[""substring_requires_transfer_review""]"	Discovery/Science	proposed	medium	agrees_with_previous_llm	"[""substring_requires_transfer_review""]"	0	freebase_bhht_author_lookup_v1	lookup_candidate_not_frozen	"[""Armand Marie Leroi"", ""C. H. Waddington"", ""Kevin Eggan""]"
804	Hypnotherapist	4	hypnotherapist	author_substring	substring_unique_candidate	Discovery/Science	Academia	"[[""Discovery/Science"",""Academia""]]"	1	1	"[""therapist""]"	[916]	"[[""Discovery/Science"",""Academia""]]"	[916]	Discovery/Science	Academia	therapist	0	0	[]	0	0	"[""substring_requires_transfer_review""]"	Discovery/Science	proposed	high	agrees_with_previous_llm	"[""substring_requires_transfer_review""]"	0	freebase_bhht_author_lookup_v1	lookup_candidate_not_frozen	"[""Ava Cadell"", ""Florence Henderson"", ""John Kappas""]"
805	Engineering technologist	4	engineering_technologist	author_substring	substring_unique_candidate	Discovery/Science	Explorer/Inventor/Developer	"[[""Discovery/Science"",""Explorer/Inventor/Developer""]]"	1	1	"[""engineer""]"	[1187]	"[[""Discovery/Science"",""Explorer/Inventor/Developer""]]"	[1187]	Discovery/Science	Explorer/Inventor/Developer	engineer	0	0	[]	0	0	"[""substring_requires_transfer_review""]"	Discovery/Science	proposed	medium	agrees_with_previous_llm	"[""substring_requires_transfer_review""]"	0	freebase_bhht_author_lookup_v1	lookup_candidate_not_frozen	"[""B. J. Habibie"", ""Jose Simoes"", ""Noah Harlan""]"
806	Belly Dancer	4	belly_dancer	author_substring	substring_unique_candidate	Culture	Culture-core	"[[""Culture"",""Culture-core""]]"	1	1	"[""dancer""]"	[410]	"[[""Culture"",""Culture-core""]]"	[410]	Culture	Culture-core	dancer	0	0	[]	0	0	"[""substring_requires_transfer_review""]"	Culture	proposed	high	agrees_with_previous_llm	"[""substring_requires_transfer_review""]"	0	freebase_bhht_author_lookup_v1	lookup_candidate_not_frozen	"[""Badia Masabni"", ""Hayatem"", ""Nagwa Fouad""]"
809	Civil Rights Advocate	4	civil_rights_advocate	author_substring	substring_same_l1_multiple_l2	Leadership		"[[""Leadership"",""Administration/Law""],[""Leadership"",""Politics""]]"	1	2	"[""civil_rights"",""advocate""]"	[952,1058]	"[[""Leadership"",""Administration/Law""],[""Leadership"",""Politics""]]"	[952,1058]	Leadership	Politics	civil_rights	0	0	[]	0	0	"[""substring_requires_transfer_review"",""multiple_author_l2_candidates""]"		needs_review	low	author_candidate_previous_needs_review	"[""substring_requires_transfer_review"",""multiple_author_l2_candidates""]"	0	freebase_bhht_author_lookup_v1	lookup_candidate_not_frozen	"[""Betty Shabazz"", ""Clarence M. Mitchell, Jr."", ""Pauley Perrette""]"
810	Music Journalist	4	music_journalist	author_substring	substring_same_l1_multiple_l2	Culture		"[[""Culture"",""Culture-core""],[""Culture"",""Culture-periphery""]]"	1	2	"[""_music"",""journalist""]"	[325,629]	"[[""Culture"",""Culture-core""],[""Culture"",""Culture-periphery""]]"	[325,629]	Culture	Culture-core	_music	0	0	[]	0	0	"[""substring_requires_transfer_review"",""multiple_author_l2_candidates""]"	Culture	proposed	high	agrees_with_previous_llm	"[""substring_requires_transfer_review"",""multiple_author_l2_candidates""]"	0	freebase_bhht_author_lookup_v1	lookup_candidate_not_frozen	"[""Bill Adler"", ""Marcia Davenport"", ""Marilyn Manson""]"
811	Software Architect	4	software_architect	author_substring	substring_unique_candidate	Culture	Culture-periphery	"[[""Culture"",""Culture-periphery""]]"	1	1	"[""architect""]"	[586]	"[[""Culture"",""Culture-periphery""]]"	[586]	Culture	Culture-periphery	architect	0	0	[]	0	0	"[""substring_requires_transfer_review""]"	Discovery/Science	proposed	medium	differs_from_previous_llm	"[""substring_requires_transfer_review"",""previous_llm_l1_disagreement""]"	0	freebase_bhht_author_lookup_v1	lookup_candidate_not_frozen	"[""Bill Gates"", ""Brad Templeton"", ""Thomas Knoll""]"
814	Visual Effects Producer	4	visual_effects_producer	author_substring	substring_unique_candidate	Culture	Culture-core	"[[""Culture"",""Culture-core""]]"	1	1	"[""producer"",""visual_effects""]"	[506,566]	"[[""Culture"",""Culture-core""]]"	[506,566]	Culture	Culture-core	producer	0	0	[]	0	0	"[""substring_requires_transfer_review""]"	Culture	proposed	medium	agrees_with_previous_llm	"[""substring_requires_transfer_review""]"	0	freebase_bhht_author_lookup_v1	lookup_candidate_not_frozen	"[""Bruce Jurgens"", ""Joshua Culp"", ""Lauren Ritchie""]"
815	Cultural Historian	4	cultural_historian	author_substring	substring_unique_candidate	Discovery/Science	Academia	"[[""Discovery/Science"",""Academia""]]"	1	1	"[""historian""]"	[783]	"[[""Discovery/Science"",""Academia""]]"	[783]	Discovery/Science	Academia	historian	0	0	[]	0	0	"[""substring_requires_transfer_review""]"	Discovery/Science	proposed	high	agrees_with_previous_llm	"[""substring_requires_transfer_review""]"	0	freebase_bhht_author_lookup_v1	lookup_candidate_not_frozen	"[""Bruce Shoop"", ""Mor Thiam"", ""Tonie Walsh""]"
816	Multimedia artist	4	multimedia_artist	author_substring	substring_unique_candidate	Culture	Culture-core	"[[""Culture"",""Culture-core""]]"	1	1	"[""_artist""]"	[304]	"[[""Culture"",""Culture-core""]]"	[304]	Culture	Culture-core	_artist	0	0	[]	0	0	"[""substring_requires_transfer_review""]"	Culture	proposed	high	agrees_with_previous_llm	"[""substring_requires_transfer_review""]"	0	freebase_bhht_author_lookup_v1	lookup_candidate_not_frozen	"[""Bruno Aveillan"", ""Chris Marker"", ""Mirko Krabbé""]"
820	Military Historian	4	military_historian	author_substring	substring_cross_l1_conflict			"[[""Discovery/Science"",""Academia""],[""Leadership"",""Military""]]"	2	2	"[""historian"",""militar""]"	[783,1407]	"[[""Discovery/Science"",""Academia""],[""Leadership"",""Military""]]"	[783,1407]	Discovery/Science	Academia	historian	0	0	[]	0	0	"[""substring_requires_transfer_review"",""multiple_author_l1_candidates""]"	Discovery/Science	proposed	medium	no_unique_author_l1_candidate	"[""substring_requires_transfer_review"",""multiple_author_l1_candidates""]"	0	freebase_bhht_author_lookup_v1	lookup_candidate_not_frozen	"[""Carl von Clausewitz"", ""Jonathan Riley"", ""Rupert Allason""]"
821	Textile designer	4	textile_designer	author_substring	substring_unique_candidate	Culture	Culture-periphery	"[[""Culture"",""Culture-periphery""]]"	1	1	"[""designer""]"	[606]	"[[""Culture"",""Culture-periphery""]]"	[606]	Culture	Culture-periphery	designer	0	0	[]	0	0	"[""substring_requires_transfer_review""]"	Culture	proposed	high	agrees_with_previous_llm	"[""substring_requires_transfer_review""]"	0	freebase_bhht_author_lookup_v1	lookup_candidate_not_frozen	"[""Carla Danes"", ""Celia Birtwell"", ""Joseph Cornell (Merchant)""]"
822	Gamer	4	gamer	author_substring	substring_unique_candidate	Sports/Games	Sports/Games	"[[""Sports/Games"",""Sports/Games""]]"	1	1	"[""_game""]"	[12]	"[[""Sports/Games"",""Sports/Games""]]"	[12]	Sports/Games	Sports/Games	_game	0	0	[]	0	0	"[""substring_requires_transfer_review""]"		needs_review	low	author_candidate_previous_needs_review	"[""substring_requires_transfer_review""]"	0	freebase_bhht_author_lookup_v1	lookup_candidate_not_frozen	"[""Cha No-ah"", ""DJ Many (Electronic dance Artist)"", ""DJ Many (Pop Artist)""]"
823	Visual Effects Designer	4	visual_effects_designer	author_substring	substring_same_l1_multiple_l2	Culture		"[[""Culture"",""Culture-core""],[""Culture"",""Culture-periphery""]]"	1	2	"[""visual_effects"",""designer""]"	[566,606]	"[[""Culture"",""Culture-core""],[""Culture"",""Culture-periphery""]]"	[566,606]	Culture	Culture-core	visual_effects	0	0	[]	0	0	"[""substring_requires_transfer_review"",""multiple_author_l2_candidates""]"	Culture	proposed	medium	agrees_with_previous_llm	"[""substring_requires_transfer_review"",""multiple_author_l2_candidates""]"	0	freebase_bhht_author_lookup_v1	lookup_candidate_not_frozen	"[""Colin Strause"", ""Greg Strause"", ""Iginio Lardani""]"
825	Unit production manager	4	unit_production_manager	author_substring	substring_cross_l1_conflict			"[[""Culture"",""Culture-core""],[""Leadership"",""Corporate/Executive/Business (large)""]]"	2	2	"[""production_manager"",""manager""]"	[508,1234]	"[[""Culture"",""Culture-core""],[""Leadership"",""Corporate/Executive/Business (large)""]]"	[508,1234]	Culture	Culture-core	production_manager	0	0	[]	0	0	"[""substring_requires_transfer_review"",""multiple_author_l1_candidates""]"		needs_review	low	no_unique_author_l1_candidate	"[""substring_requires_transfer_review"",""multiple_author_l1_candidates""]"	0	freebase_bhht_author_lookup_v1	lookup_candidate_not_frozen	"[""Conrad Hool"", ""Eva Kučerová"", ""Gary Downie""]"
826	Theatre practitioner	4	theatre_practitioner	author_substring	substring_unique_candidate	Culture	Culture-core	"[[""Culture"",""Culture-core""]]"	1	1	"[""theatre""]"	[550]	"[[""Culture"",""Culture-core""]]"	[550]	Culture	Culture-core	theatre	0	0	[]	0	0	"[""substring_requires_transfer_review""]"	Culture	proposed	medium	agrees_with_previous_llm	"[""substring_requires_transfer_review""]"	0	freebase_bhht_author_lookup_v1	lookup_candidate_not_frozen	"[""Constantin Stanislavski"", ""Edward Gordon Craig"", ""John Bell (Actor) #9""]"
829	Technical writer	4	technical_writer	author_substring	substring_unique_candidate	Culture	Culture-core	"[[""Culture"",""Culture-core""]]"	1	1	"[""_writer""]"	[343]	"[[""Culture"",""Culture-core""]]"	[343]	Culture	Culture-core	_writer	0	0	[]	0	0	"[""substring_requires_transfer_review""]"	Culture	proposed	medium	agrees_with_previous_llm	"[""substring_requires_transfer_review""]"	0	freebase_bhht_author_lookup_v1	lookup_candidate_not_frozen	"[""Cynthia Armistead"", ""Peter A. Sturgeon"", ""Ted Chiang""]"
830	Public Relations Consultant	4	public_relations_consultant	author_substring	substring_unique_candidate	Other	Worker/Business (small)	"[[""Other"",""Worker/Business (small)""]]"	1	1	"[""consultant""]"	[1566]	"[[""Other"",""Worker/Business (small)""]]"	[1566]	Other	Worker/Business (small)	consultant	0	0	[]	0	0	"[""substring_requires_transfer_review""]"		needs_review	medium	author_candidate_previous_needs_review	"[""substring_requires_transfer_review""]"	0	freebase_bhht_author_lookup_v1	lookup_candidate_not_frozen	"[""Cynthia Willard-Lewis"", ""Edward Bernays"", ""Ramon Hervey II""]"
832	Ballet Teacher	4	ballet_teacher	author_substring	substring_cross_l1_conflict			"[[""Culture"",""Culture-core""],[""Discovery/Science"",""Academia""]]"	2	2	"[""ballet"",""teacher_""]"	[355,910]	"[[""Culture"",""Culture-core""],[""Discovery/Science"",""Academia""]]"	[355,910]	Culture	Culture-core	ballet	0	0	[]	0	0	"[""substring_requires_transfer_review"",""multiple_author_l1_candidates""]"		needs_review	low	no_unique_author_l1_candidate	"[""substring_requires_transfer_review"",""multiple_author_l1_candidates""]"	0	freebase_bhht_author_lookup_v1	lookup_candidate_not_frozen	"[""Dawn Andrews"", ""Hope Shaw"", ""Mia Slavenska""]"
834	Arts Administrator	4	arts_administrator	author_substring	substring_cross_l1_conflict			"[[""Culture"",""Culture-core""],[""Leadership"",""Administration/Law""]]"	2	2	"[""_arts_"",""administrator""]"	[305,1047]	"[[""Culture"",""Culture-core""],[""Leadership"",""Administration/Law""]]"	[305,1047]	Culture	Culture-core	_arts_	0	0	[]	0	0	"[""substring_requires_transfer_review"",""multiple_author_l1_candidates""]"		needs_review	low	no_unique_author_l1_candidate	"[""substring_requires_transfer_review"",""multiple_author_l1_candidates""]"	0	freebase_bhht_author_lookup_v1	lookup_candidate_not_frozen	"[""Dick Campbell (Dancer)"", ""Jörn Weisbrodt"", ""Omus Hirschbein""]"
839	Script editor	4	script_editor	author_substring	substring_same_l1_multiple_l2	Culture		"[[""Culture"",""Culture-core""],[""Culture"",""Culture-periphery""]]"	1	2	"[""_script_"",""editor""]"	[332,612]	"[[""Culture"",""Culture-core""],[""Culture"",""Culture-periphery""]]"	[332,612]	Culture	Culture-core	_script_	0	0	[]	0	0	"[""substring_requires_transfer_review"",""multiple_author_l2_candidates""]"	Culture	proposed	high	agrees_with_previous_llm	"[""substring_requires_transfer_review"",""multiple_author_l2_candidates""]"	0	freebase_bhht_author_lookup_v1	lookup_candidate_not_frozen	"[""Emma Freud"", ""Jan Gogola Sr."", ""Michael Wearing""]"
840	Japanese idol	4	japanese_idol	author_substring	substring_unique_candidate	Culture	Culture-core	"[[""Culture"",""Culture-core""]]"	1	1	"[""_idol_""]"	[322]	"[[""Culture"",""Culture-core""]]"	[322]	Culture	Culture-core	_idol_	0	0	[]	0	0	"[""substring_requires_transfer_review""]"	Culture	proposed	high	agrees_with_previous_llm	"[""substring_requires_transfer_review""]"	0	freebase_bhht_author_lookup_v1	lookup_candidate_not_frozen	"[""Eri Imai"", ""Rina Nakanishi"", ""Saori Minami""]"
841	Farmworker	4	farmworker	author_substring	substring_unique_candidate	Other	Worker/Business (small)	"[[""Other"",""Worker/Business (small)""]]"	1	1	"[""worker""]"	[1716]	"[[""Other"",""Worker/Business (small)""]]"	[1716]	Other	Worker/Business (small)	worker	0	0	[]	0	0	"[""substring_requires_transfer_review""]"		out_of_scope	medium	formal_author_other_previously_out_of_scope	"[""substring_requires_transfer_review""]"	0	freebase_bhht_author_lookup_v1	lookup_candidate_not_frozen	"[""Francis A. Nixon"", ""Januário José dos Santos"", ""John Doyle (Deceased Person)""]"
845	Chartered Accountant	4	chartered_accountant	author_substring	substring_unique_candidate	Other	Worker/Business (small)	"[[""Other"",""Worker/Business (small)""]]"	1	1	"[""accountant""]"	[1504]	"[[""Other"",""Worker/Business (small)""]]"	[1504]	Other	Worker/Business (small)	accountant	0	0	[]	0	0	"[""substring_requires_transfer_review""]"		needs_review	low	author_candidate_previous_needs_review	"[""substring_requires_transfer_review""]"	0	freebase_bhht_author_lookup_v1	lookup_candidate_not_frozen	"[""George Alexander Muthoot"", ""Kit Malthouse"", ""Piyush Goyal""]"
846	Military aviator	4	military_aviator	author_substring	substring_unique_candidate	Leadership	Military	"[[""Leadership"",""Military""]]"	1	1	"[""aviator"",""militar""]"	[1373,1407]	"[[""Leadership"",""Military""]]"	[1373,1407]	Leadership	Military	aviator	0	0	[]	0	0	"[""substring_requires_transfer_review""]"	Leadership	proposed	high	agrees_with_previous_llm	"[""substring_requires_transfer_review""]"	0	freebase_bhht_author_lookup_v1	lookup_candidate_not_frozen	"[""George H. W. Bush"", ""Neil Armstrong"", ""Robert L. Gibson""]"
848	Tax collector	4	tax_collector	author_substring	substring_unique_candidate	Culture	Culture-core	"[[""Culture"",""Culture-core""]]"	1	1	"[""collector""]"	[391]	"[[""Culture"",""Culture-core""]]"	[391]	Culture	Culture-core	collector	0	0	[]	0	0	"[""substring_requires_transfer_review""]"	Leadership	proposed	high	differs_from_previous_llm	"[""substring_requires_transfer_review"",""previous_llm_l1_disagreement""]"	0	freebase_bhht_author_lookup_v1	lookup_candidate_not_frozen	"[""Geórgios Theotokópoulos"", ""Joseph-Aristide Bataille"", ""Leo Raubal""]"
851	Graffiti artist	4	graffiti_artist	author_substring	substring_unique_candidate	Culture	Culture-core	"[[""Culture"",""Culture-core""]]"	1	1	"[""_artist""]"	[304]	"[[""Culture"",""Culture-core""]]"	[304]	Culture	Culture-core	_artist	0	0	[]	0	0	"[""substring_requires_transfer_review""]"	Culture	proposed	high	agrees_with_previous_llm	"[""substring_requires_transfer_review""]"	0	freebase_bhht_author_lookup_v1	lookup_candidate_not_frozen	"[""Gustavo Pandolfo"", ""Otavio Pandolfo"", ""Saman Sadeghpour""]"
852	Special Effects Supervisor	4	special_effects_supervisor	author_substring	substring_unique_candidate	Culture	Culture-core	"[[""Culture"",""Culture-core""]]"	1	1	"[""special_effects""]"	[537]	"[[""Culture"",""Culture-core""]]"	[537]	Culture	Culture-core	special_effects	0	0	[]	0	0	"[""substring_requires_transfer_review""]"	Culture	proposed	high	agrees_with_previous_llm	"[""substring_requires_transfer_review""]"	0	freebase_bhht_author_lookup_v1	lookup_candidate_not_frozen	"[""Hajime Tsuburaya"", ""John Dykstra"", ""Kevin Yagher""]"
855	Senior SEO Manager	4	senior_seo_manager	author_substring	substring_unique_candidate	Leadership	Corporate/Executive/Business (large)	"[[""Leadership"",""Corporate/Executive/Business (large)""]]"	1	1	"[""manager""]"	[1234]	"[[""Leadership"",""Corporate/Executive/Business (large)""]]"	[1234]	Leadership	Corporate/Executive/Business (large)	manager	0	0	[]	0	0	"[""substring_requires_transfer_review""]"		needs_review	low	author_candidate_previous_needs_review	"[""substring_requires_transfer_review""]"	0	freebase_bhht_author_lookup_v1	lookup_candidate_not_frozen	"[""Himanshu Suri (m/012vnkfv)"", ""Krystian Szastok (Hobbyist)"", ""Krystian Szastok (m/0zfhvhl)""]"
856	Political Economist	4	political_economist	author_substring	substring_cross_l1_conflict			"[[""Discovery/Science"",""Academia""],[""Leadership"",""Politics""]]"	2	2	"[""economist"",""political""]"	[736,1013]	"[[""Discovery/Science"",""Academia""],[""Leadership"",""Politics""]]"	[736,1013]	Discovery/Science	Academia	economist	0	0	[]	0	0	"[""substring_requires_transfer_review"",""multiple_author_l1_candidates""]"	Discovery/Science	proposed	medium	no_unique_author_l1_candidate	"[""substring_requires_transfer_review"",""multiple_author_l1_candidates""]"	0	freebase_bhht_author_lookup_v1	lookup_candidate_not_frozen	"[""Immanuel Wallerstein"", ""Moeletsi Mbeki"", ""Parakala Prabhakar""]"
858	Game creator	4	game_creator	author_substring	substring_cross_l1_conflict			"[[""Culture"",""Culture-core""],[""Sports/Games"",""Sports/Games""]]"	2	2	"[""_game"",""_creator_""]"	[12,313]	"[[""Culture"",""Culture-core""],[""Sports/Games"",""Sports/Games""]]"	[12,313]	Sports/Games	Sports/Games	_game	0	0	[]	0	0	"[""substring_requires_transfer_review"",""multiple_author_l1_candidates""]"		needs_review	low	no_unique_author_l1_candidate	"[""substring_requires_transfer_review"",""multiple_author_l1_candidates""]"	0	freebase_bhht_author_lookup_v1	lookup_candidate_not_frozen	"[""Jim Howard (Actor)"", ""Mamoru Oshii"", ""Richard Garriott""]"
859	Video game development	4	video_game_development	author_substring	substring_unique_candidate	Sports/Games	Sports/Games	"[[""Sports/Games"",""Sports/Games""]]"	1	1	"[""_game"",""video_game""]"	[12,284]	"[[""Sports/Games"",""Sports/Games""]]"	[12,284]	Sports/Games	Sports/Games	_game	0	0	[]	0	0	"[""substring_requires_transfer_review""]"		out_of_scope	medium	author_candidate_previous_out_of_scope	"[""substring_requires_transfer_review""]"	0	freebase_bhht_author_lookup_v1	lookup_candidate_not_frozen	"[""Jim Howard (Actor)"", ""Mamoru Oshii"", ""Richard Garriott""]"
865	Jazz Composer	3	jazz_composer	author_substring	substring_unique_candidate	Culture	Culture-core	"[[""Culture"",""Culture-core""]]"	1	1	"[""composer"",""jazz""]"	[398,451]	"[[""Culture"",""Culture-core""]]"	[398,451]	Culture	Culture-core	composer	0	0	[]	0	0	"[""substring_requires_transfer_review""]"	Culture	proposed	medium	agrees_with_previous_llm	"[""substring_requires_transfer_review""]"	0	freebase_bhht_author_lookup_v1	lookup_candidate_not_frozen	"[""Abbey Lincoln"", ""Anthony Braxton"", ""Hiromi""]"
866	Drama Coach	3	drama_coach	author_substring	substring_cross_l1_conflict			"[[""Culture"",""Culture-core""],[""Sports/Games"",""Sports/Games""]]"	2	2	"[""coach"",""_drama""]"	[75,318]	"[[""Culture"",""Culture-core""],[""Sports/Games"",""Sports/Games""]]"	[75,318]	Sports/Games	Sports/Games	coach	0	0	[]	0	0	"[""substring_requires_transfer_review"",""multiple_author_l1_candidates""]"	Culture	proposed	high	no_unique_author_l1_candidate	"[""substring_requires_transfer_review"",""multiple_author_l1_candidates""]"	0	freebase_bhht_author_lookup_v1	lookup_candidate_not_frozen	"[""Abner Biberman"", ""Helen Reaume"", ""Sessue Hayakawa""]"
870	Spiritual teacher	3	spiritual_teacher	author_substring	substring_unique_candidate	Discovery/Science	Academia	"[[""Discovery/Science"",""Academia""]]"	1	1	"[""teacher_""]"	[910]	"[[""Discovery/Science"",""Academia""]]"	[910]	Discovery/Science	Academia	teacher_	0	0	[]	0	0	"[""substring_requires_transfer_review""]"		needs_review	low	author_candidate_previous_needs_review	"[""substring_requires_transfer_review""]"	0	freebase_bhht_author_lookup_v1	lookup_candidate_not_frozen	"[""Adi Da"", ""Omar Ali-Shah"", ""Reshad Feild""]"
871	Christian Theologian	3	christian_theologian	author_substring	substring_unique_candidate	Discovery/Science	Academia	"[[""Discovery/Science"",""Academia""]]"	1	1	"[""theologian""]"	[913]	"[[""Discovery/Science"",""Academia""]]"	[913]	Discovery/Science	Academia	theologian	0	0	[]	0	0	"[""substring_requires_transfer_review""]"	Discovery/Science	proposed	medium	agrees_with_previous_llm	"[""substring_requires_transfer_review""]"	0	freebase_bhht_author_lookup_v1	lookup_candidate_not_frozen	"[""Adolf von Harnack"", ""Heinrich Wilhelm Josias Thiersch"", ""Peter Kreeft""]"
873	Racketeering	3	racketeering	author_substring	substring_unique_candidate	Other	Other	"[[""Other"",""Other""]]"	1	1	"[""racketeer""]"	[1868]	"[[""Other"",""Other""]]"	[1868]	Other	Other	racketeer	0	0	[]	0	0	"[""substring_requires_transfer_review""]"		out_of_scope	high	formal_author_other_previously_out_of_scope	"[""substring_requires_transfer_review""]"	0	freebase_bhht_author_lookup_v1	lookup_candidate_not_frozen	"[""Al Capone"", ""Carlo Gambino"", ""Sam Giancana""]"
876	Actor-manager	3	actor-manager	author_substring	substring_cross_l1_conflict			"[[""Culture"",""Culture-core""],[""Leadership"",""Corporate/Executive/Business (large)""]]"	2	2	"[""_actor"",""manager""]"	[303,1234]	"[[""Culture"",""Culture-core""],[""Leadership"",""Corporate/Executive/Business (large)""]]"	[303,1234]	Culture	Culture-core	_actor	0	0	[]	0	0	"[""substring_requires_transfer_review"",""multiple_author_l1_candidates""]"	Culture	proposed	high	no_unique_author_l1_candidate	"[""substring_requires_transfer_review"",""multiple_author_l1_candidates""]"	0	freebase_bhht_author_lookup_v1	lookup_candidate_not_frozen	"[""Alfred Dampier"", ""Arthur Bourchier"", ""Geoffrey Kendal""]"
877	Opera conductor	3	opera_conductor	author_substring	substring_unique_candidate	Culture	Culture-core	"[[""Culture"",""Culture-core""]]"	1	1	"[""_opera_"",""conductor""]"	[326,401]	"[[""Culture"",""Culture-core""]]"	[326,401]	Culture	Culture-core	_opera_	0	0	[]	0	0	"[""substring_requires_transfer_review""]"	Culture	proposed	medium	agrees_with_previous_llm	"[""substring_requires_transfer_review""]"	0	freebase_bhht_author_lookup_v1	lookup_candidate_not_frozen	"[""Alfred Sendrey"", ""Anton Coppola"", ""Fritz Reiner""]"
879	Creative consultant	3	creative_consultant	author_substring	substring_cross_l1_conflict			"[[""Culture"",""Culture-core""],[""Other"",""Worker/Business (small)""]]"	2	2	"[""creative"",""consultant""]"	[408,1566]	"[[""Culture"",""Culture-core""],[""Other"",""Worker/Business (small)""]]"	[408,1566]	Culture	Culture-core	creative	0	0	[]	0	0	"[""substring_requires_transfer_review"",""multiple_author_l1_candidates""]"	Culture	proposed	high	no_unique_author_l1_candidate	"[""substring_requires_transfer_review"",""multiple_author_l1_candidates""]"	0	freebase_bhht_author_lookup_v1	lookup_candidate_not_frozen	"[""Amanda Harlech"", ""Jocelyn Jones"", ""Raymond Gutierrez""]"
880	Biophysicist	3	biophysicist	author_substring	substring_unique_candidate	Discovery/Science	Academia	"[[""Discovery/Science"",""Academia""]]"	1	1	"[""physicist""]"	[868]	"[[""Discovery/Science"",""Academia""]]"	[868]	Discovery/Science	Academia	physicist	0	0	[]	0	0	"[""substring_requires_transfer_review""]"	Discovery/Science	proposed	medium	agrees_with_previous_llm	"[""substring_requires_transfer_review""]"	0	freebase_bhht_author_lookup_v1	lookup_candidate_not_frozen	"[""Andrew Huxley"", ""Professor Zurab D. Urushadze"", ""Sergey Nikitin""]"
885	Nurse midwife	3	nurse_midwife	author_substring	substring_cross_l1_conflict			"[[""Discovery/Science"",""Academia""],[""Other"",""Worker/Business (small)""]]"	2	2	"[""nurse"",""midwife""]"	[828,1655]	"[[""Discovery/Science"",""Academia""],[""Other"",""Worker/Business (small)""]]"	[828,1655]	Discovery/Science	Academia	nurse	0	0	[]	0	0	"[""substring_requires_transfer_review"",""multiple_author_l1_candidates""]"	Discovery/Science	proposed	high	no_unique_author_l1_candidate	"[""substring_requires_transfer_review"",""multiple_author_l1_candidates""]"	0	freebase_bhht_author_lookup_v1	lookup_candidate_not_frozen	"[""Anne Murphy Roffey"", ""Ina May Gaskin"", ""Olga Vilchinskaya""]"
886	Legal secretary	3	legal_secretary	author_substring	substring_unique_candidate	Leadership	Politics	"[[""Leadership"",""Politics""]]"	1	1	"[""secretary""]"	[1022]	"[[""Leadership"",""Politics""]]"	[1022]	Leadership	Politics	secretary	0	0	[]	0	0	"[""substring_requires_transfer_review""]"	Leadership	proposed	medium	agrees_with_previous_llm	"[""substring_requires_transfer_review""]"	0	freebase_bhht_author_lookup_v1	lookup_candidate_not_frozen	"[""Anne-Marie Conley"", ""Irmelin Indenbirken"", ""Virginia Johnson (Deceased Person)""]"
887	Jeweller (Film job)	3	jeweller_(film_job)	author_substring	substring_unique_candidate	Other	Worker/Business (small)	"[[""Other"",""Worker/Business (small)""]]"	1	1	"[""jeweller""]"	[1632]	"[[""Other"",""Worker/Business (small)""]]"	[1632]	Other	Worker/Business (small)	jeweller	0	0	[]	0	0	"[""substring_requires_transfer_review""]"		needs_review	low	author_candidate_previous_needs_review	"[""substring_requires_transfer_review""]"	0	freebase_bhht_author_lookup_v1	lookup_candidate_not_frozen	"[""Anthony Havelock-Allan"", ""Martin Konigsberg"", ""William Hinds""]"
890	Entertainment Lawyer	3	entertainment_lawyer	author_substring	substring_unique_candidate	Leadership	Administration/Law	"[[""Leadership"",""Administration/Law""]]"	1	1	"[""_lawyer""]"	[1053]	"[[""Leadership"",""Administration/Law""]]"	[1053]	Leadership	Administration/Law	_lawyer	0	0	[]	0	0	"[""substring_requires_transfer_review""]"	Leadership	proposed	high	agrees_with_previous_llm	"[""substring_requires_transfer_review""]"	0	freebase_bhht_author_lookup_v1	lookup_candidate_not_frozen	"[""Arthur B. Krim"", ""Doug Davis (Organisation founder)"", ""Michael Collyer""]"
891	Garment Worker	3	garment_worker	author_substring	substring_unique_candidate	Other	Worker/Business (small)	"[[""Other"",""Worker/Business (small)""]]"	1	1	"[""worker""]"	[1716]	"[[""Other"",""Worker/Business (small)""]]"	[1716]	Other	Worker/Business (small)	worker	0	0	[]	0	0	"[""substring_requires_transfer_review""]"		out_of_scope	high	formal_author_other_previously_out_of_scope	"[""substring_requires_transfer_review""]"	0	freebase_bhht_author_lookup_v1	lookup_candidate_not_frozen	"[""Arthur Gellar"", ""Frank Wesley Meservey"", ""Rose Matthow""]"
896	Architectural photographer	3	architectural_photographer	author_substring	substring_same_l1_multiple_l2	Culture		"[[""Culture"",""Culture-core""],[""Culture"",""Culture-periphery""]]"	1	2	"[""photographer"",""architect""]"	[491,586]	"[[""Culture"",""Culture-core""],[""Culture"",""Culture-periphery""]]"	[491,586]	Culture	Culture-core	photographer	0	0	[]	0	0	"[""substring_requires_transfer_review"",""multiple_author_l2_candidates""]"	Culture	proposed	medium	agrees_with_previous_llm	"[""substring_requires_transfer_review"",""multiple_author_l2_candidates""]"	0	freebase_bhht_author_lookup_v1	lookup_candidate_not_frozen	"[""Bedford Lemere (Organisation founder)"", ""Henry Bedford Lemere"", ""Roger Wulstan Park""]"
897	Radio jockey	3	radio_jockey	author_substring	substring_cross_l1_conflict			"[[""Culture"",""Culture-periphery""],[""Sports/Games"",""Sports/Games""]]"	2	2	"[""jockey"",""_radio_""]"	[144,579]	"[[""Culture"",""Culture-periphery""],[""Sports/Games"",""Sports/Games""]]"	[144,579]	Sports/Games	Sports/Games	jockey	0	0	[]	0	0	"[""substring_requires_transfer_review"",""multiple_author_l1_candidates""]"	Culture	proposed	high	no_unique_author_l1_candidate	"[""substring_requires_transfer_review"",""multiple_author_l1_candidates""]"	0	freebase_bhht_author_lookup_v1	lookup_candidate_not_frozen	"[""Behroze Sabzwari"", ""Senthil Kumar (Actor) #4"", ""Suchitra""]"
900	Sculptor (Constellation)	3	sculptor_(constellation)	author_substring	substring_unique_candidate	Culture	Culture-core	"[[""Culture"",""Culture-core""]]"	1	1	"[""sculptor""]"	[525]	"[[""Culture"",""Culture-core""]]"	[525]	Culture	Culture-core	sculptor	0	0	[]	0	0	"[""substring_requires_transfer_review""]"		out_of_scope	high	author_candidate_previous_out_of_scope	"[""substring_requires_transfer_review""]"	0	freebase_bhht_author_lookup_v1	lookup_candidate_not_frozen	"[""Beth Stephens"", ""Carl Akeley"", ""Mimsy Farmer""]"
901	Textile worker	3	textile_worker	author_substring	substring_unique_candidate	Other	Worker/Business (small)	"[[""Other"",""Worker/Business (small)""]]"	1	1	"[""worker""]"	[1716]	"[[""Other"",""Worker/Business (small)""]]"	[1716]	Other	Worker/Business (small)	worker	0	0	[]	0	0	"[""substring_requires_transfer_review""]"		out_of_scope	medium	formal_author_other_previously_out_of_scope	"[""substring_requires_transfer_review""]"	0	freebase_bhht_author_lookup_v1	lookup_candidate_not_frozen	"[""Bruce Laming"", ""Bruna Benigni"", ""Ion Creangă""]"
903	Stock trader	3	stock_trader	author_substring	substring_unique_candidate	Leadership	Corporate/Executive/Business (large)	"[[""Leadership"",""Corporate/Executive/Business (large)""]]"	1	1	"[""trader""]"	[1247]	"[[""Leadership"",""Corporate/Executive/Business (large)""]]"	[1247]	Leadership	Corporate/Executive/Business (large)	trader	0	0	[]	0	0	"[""substring_requires_transfer_review""]"		needs_review	low	author_candidate_previous_needs_review	"[""substring_requires_transfer_review""]"	0	freebase_bhht_author_lookup_v1	lookup_candidate_not_frozen	"[""Calvin J. Gooding"", ""Josh Brolin"", ""Larry R. Williams""]"
906	Script doctor	3	script_doctor	author_substring	substring_cross_l1_conflict			"[[""Culture"",""Culture-core""],[""Discovery/Science"",""Academia""]]"	2	2	"[""_script_"",""doctor""]"	[332,733]	"[[""Culture"",""Culture-core""],[""Discovery/Science"",""Academia""]]"	[332,733]	Culture	Culture-core	_script_	0	0	[]	0	0	"[""substring_requires_transfer_review"",""multiple_author_l1_candidates""]"	Culture	proposed	high	no_unique_author_l1_candidate	"[""substring_requires_transfer_review"",""multiple_author_l1_candidates""]"	0	freebase_bhht_author_lookup_v1	lookup_candidate_not_frozen	"[""Carrie Fisher"", ""Thomas Lennon"", ""William Goldman""]"
907	Film distributor (Profession)	3	film_distributor_(profession)	author_substring	substring_unique_candidate	Culture	Culture-core	"[[""Culture"",""Culture-core""]]"	1	1	"[""_film_""]"	[320]	"[[""Culture"",""Culture-core""]]"	[320]	Culture	Culture-core	_film_	0	0	[]	0	0	"[""substring_requires_transfer_review""]"		needs_review	low	author_candidate_previous_needs_review	"[""substring_requires_transfer_review""]"	0	freebase_bhht_author_lookup_v1	lookup_candidate_not_frozen	"[""Charles Mintz"", ""Komal"", ""Lawrence Woolner""]"
908	Neurophysiologist	3	neurophysiologist	author_substring	substring_unique_candidate	Discovery/Science	Academia	"[[""Discovery/Science"",""Academia""]]"	1	1	"[""physiologist""]"	[870]	"[[""Discovery/Science"",""Academia""]]"	[870]	Discovery/Science	Academia	physiologist	0	0	[]	0	0	"[""substring_requires_transfer_review""]"	Discovery/Science	proposed	high	agrees_with_previous_llm	"[""substring_requires_transfer_review""]"	0	freebase_bhht_author_lookup_v1	lookup_candidate_not_frozen	"[""Charles Scott Sherrington"", ""John Eccles"", ""William Grey Walter""]"
909	Educational psychologist	3	educational_psychologist	author_substring	substring_unique_candidate	Discovery/Science	Academia	"[[""Discovery/Science"",""Academia""]]"	1	1	"[""education"",""psychologist""]"	[737,883]	"[[""Discovery/Science"",""Academia""]]"	[737,883]	Discovery/Science	Academia	education	0	0	[]	0	0	"[""substring_requires_transfer_review""]"	Discovery/Science	proposed	high	agrees_with_previous_llm	"[""substring_requires_transfer_review""]"	0	freebase_bhht_author_lookup_v1	lookup_candidate_not_frozen	"[""Charles William Kimmins"", ""Julia Baird"", ""Sara Netanyahu""]"
913	Special Effects Technician	3	special_effects_technician	author_substring	substring_cross_l1_conflict			"[[""Culture"",""Culture-core""],[""Other"",""Worker/Business (small)""]]"	2	2	"[""special_effects"",""technician""]"	[537,1698]	"[[""Culture"",""Culture-core""],[""Other"",""Worker/Business (small)""]]"	[537,1698]	Culture	Culture-core	special_effects	0	0	[]	0	0	"[""substring_requires_transfer_review"",""multiple_author_l1_candidates""]"	Culture	proposed	medium	no_unique_author_l1_candidate	"[""substring_requires_transfer_review"",""multiple_author_l1_candidates""]"	0	freebase_bhht_author_lookup_v1	lookup_candidate_not_frozen	"[""Chris Corbould"", ""Morgan Guynes"", ""Rumen Stoychev""]"
914	Corporate officer	3	corporate_officer	author_substring	substring_unique_candidate	Leadership	Military	"[[""Leadership"",""Military""]]"	1	1	"[""officer_""]"	[1412]	"[[""Leadership"",""Military""]]"	[1412]	Leadership	Military	officer_	0	0	[]	0	0	"[""substring_requires_transfer_review""]"	Leadership	proposed	high	agrees_with_previous_llm	"[""substring_requires_transfer_review""]"	0	freebase_bhht_author_lookup_v1	lookup_candidate_not_frozen	"[""Chris Morris (Novelist)"", ""Moon Kook-jin"", ""Norbert Dave Singer""]"
915	Cloth merchant	3	cloth_merchant	author_substring	substring_unique_candidate	Leadership	Corporate/Executive/Business (large)	"[[""Leadership"",""Corporate/Executive/Business (large)""]]"	1	1	"[""merchant""]"	[1236]	"[[""Leadership"",""Corporate/Executive/Business (large)""]]"	[1236]	Leadership	Corporate/Executive/Business (large)	merchant	0	0	[]	0	0	"[""substring_requires_transfer_review""]"		out_of_scope	high	author_candidate_previous_out_of_scope	"[""substring_requires_transfer_review""]"	0	freebase_bhht_author_lookup_v1	lookup_candidate_not_frozen	"[""Christian Friedrich Böcklin"", ""Jakub Schulz"", ""Shaw Yuh Hsuen""]"
916	Sports Reporter	3	sports_reporter	author_substring	substring_cross_l1_conflict			"[[""Culture"",""Culture-periphery""],[""Sports/Games"",""Sports/Games""]]"	2	2	"[""_sport"",""reporter""]"	[24,648]	"[[""Culture"",""Culture-periphery""],[""Sports/Games"",""Sports/Games""]]"	[24,648]	Sports/Games	Sports/Games	_sport	0	0	[]	0	0	"[""substring_requires_transfer_review"",""multiple_author_l1_candidates""]"	Culture	proposed	medium	no_unique_author_l1_candidate	"[""substring_requires_transfer_review"",""multiple_author_l1_candidates""]"	0	freebase_bhht_author_lookup_v1	lookup_candidate_not_frozen	"[""Chuck Heaton"", ""Erin Hawksworth"", ""Knut Nesbø""]"
917	Native American activist	3	native_american_activist	author_substring	substring_unique_candidate	Leadership	Politics	"[[""Leadership"",""Politics""]]"	1	1	"[""activist""]"	[939]	"[[""Leadership"",""Politics""]]"	[939]	Leadership	Politics	activist	0	0	[]	0	0	"[""substring_requires_transfer_review""]"		needs_review	low	author_candidate_previous_needs_review	"[""substring_requires_transfer_review""]"	0	freebase_bhht_author_lookup_v1	lookup_candidate_not_frozen	"[""Clyde Bellecourt"", ""Sarah Winnemucca"", ""Vernon Bellecourt""]"
918	Mining Engineer	3	mining_engineer	author_substring	substring_unique_candidate	Discovery/Science	Explorer/Inventor/Developer	"[[""Discovery/Science"",""Explorer/Inventor/Developer""]]"	1	1	"[""engineer""]"	[1187]	"[[""Discovery/Science"",""Explorer/Inventor/Developer""]]"	[1187]	Discovery/Science	Explorer/Inventor/Developer	engineer	0	0	[]	0	0	"[""substring_requires_transfer_review""]"	Discovery/Science	proposed	high	agrees_with_previous_llm	"[""substring_requires_transfer_review""]"	0	freebase_bhht_author_lookup_v1	lookup_candidate_not_frozen	"[""Conrad Schlumberger"", ""Leopold Edward Krohn"", ""Monte Brice""]"
919	Life Coach	3	life_coach	author_substring	substring_unique_candidate	Sports/Games	Sports/Games	"[[""Sports/Games"",""Sports/Games""]]"	1	1	"[""coach""]"	[75]	"[[""Sports/Games"",""Sports/Games""]]"	[75]	Sports/Games	Sports/Games	coach	0	0	[]	0	0	"[""substring_requires_transfer_review""]"		needs_review	low	author_candidate_previous_needs_review	"[""substring_requires_transfer_review""]"	0	freebase_bhht_author_lookup_v1	lookup_candidate_not_frozen	"[""Corinne Camacho"", ""Loree Bischoff"", ""Randy Spelling""]"
920	Publicist (Profession) #5	3	publicist_(profession)_#5	author_substring	substring_unique_candidate	Culture	Culture-periphery	"[[""Culture"",""Culture-periphery""]]"	1	1	"[""publicist""]"	[641]	"[[""Culture"",""Culture-periphery""]]"	[641]	Culture	Culture-periphery	publicist	0	0	[]	0	0	"[""substring_requires_transfer_review""]"	Culture	proposed	medium	agrees_with_previous_llm	"[""substring_requires_transfer_review""]"	0	freebase_bhht_author_lookup_v1	lookup_candidate_not_frozen	"[""Cristina Pataky Medianu"", ""Ion Pillat"", ""Lydia Chukovskaya""]"
922	Bioethicist	3	bioethicist	author_substring	substring_unique_candidate	Discovery/Science	Academia	"[[""Discovery/Science"",""Academia""]]"	1	1	"[""ethicist""]"	[749]	"[[""Discovery/Science"",""Academia""]]"	[749]	Discovery/Science	Academia	ethicist	0	0	[]	0	0	"[""substring_requires_transfer_review""]"	Discovery/Science	proposed	medium	agrees_with_previous_llm	"[""substring_requires_transfer_review""]"	0	freebase_bhht_author_lookup_v1	lookup_candidate_not_frozen	"[""Daniel Callahan"", ""Jacob M. Appel"", ""Miyako Takagi""]"
923	Network administrator	3	network_administrator	author_substring	substring_unique_candidate	Leadership	Administration/Law	"[[""Leadership"",""Administration/Law""]]"	1	1	"[""administrator""]"	[1047]	"[[""Leadership"",""Administration/Law""]]"	[1047]	Leadership	Administration/Law	administrator	0	0	[]	0	0	"[""substring_requires_transfer_review""]"		needs_review	low	author_candidate_previous_needs_review	"[""substring_requires_transfer_review""]"	0	freebase_bhht_author_lookup_v1	lookup_candidate_not_frozen	"[""Daniel Podgaichenko"", ""Joseph Odipo"", ""Vali Mohammed Babi""]"
924	Medical research	3	medical_research	author_substring	substring_unique_candidate	Discovery/Science	Academia	"[[""Discovery/Science"",""Academia""]]"	1	1	"[""medical"",""research""]"	[812,887]	"[[""Discovery/Science"",""Academia""]]"	[812,887]	Discovery/Science	Academia	medical	0	0	[]	0	0	"[""substring_requires_transfer_review""]"		needs_review	low	author_candidate_previous_needs_review	"[""substring_requires_transfer_review""]"	0	freebase_bhht_author_lookup_v1	lookup_candidate_not_frozen	"[""David Shrayer-Petrov"", ""Henry Heimlich"", ""Michel Chrétien""]"
925	News analyst	3	news_analyst	author_substring	substring_unique_candidate	Other	Worker/Business (small)	"[[""Other"",""Worker/Business (small)""]]"	1	1	"[""analyst""]"	[1514]	"[[""Other"",""Worker/Business (small)""]]"	[1514]	Other	Worker/Business (small)	analyst	0	0	[]	0	0	"[""substring_requires_transfer_review""]"	Culture	proposed	medium	differs_from_previous_llm	"[""substring_requires_transfer_review"",""previous_llm_l1_disagreement""]"	0	freebase_bhht_author_lookup_v1	lookup_candidate_not_frozen	"[""Dee Dee Myers"", ""Haynes Johnson"", ""Marvin Kalb""]"
926	Radio announcer	3	radio_announcer	author_substring	substring_unique_candidate	Culture	Culture-periphery	"[[""Culture"",""Culture-periphery""]]"	1	1	"[""_radio_"",""announcer""]"	[579,585]	"[[""Culture"",""Culture-periphery""]]"	[579,585]	Culture	Culture-periphery	_radio_	0	0	[]	0	0	"[""substring_requires_transfer_review""]"	Culture	proposed	medium	agrees_with_previous_llm	"[""substring_requires_transfer_review""]"	0	freebase_bhht_author_lookup_v1	lookup_candidate_not_frozen	"[""Dick Van Dyke"", ""Mária Tasnádi Fekete"", ""Tedi Thurman""]"
928	Neurosurgeon	3	neurosurgeon	author_substring	substring_unique_candidate	Discovery/Science	Academia	"[[""Discovery/Science"",""Academia""]]"	1	1	"[""surgeon""]"	[908]	"[[""Discovery/Science"",""Academia""]]"	[908]	Discovery/Science	Academia	surgeon	0	0	[]	0	0	"[""substring_requires_transfer_review""]"	Discovery/Science	proposed	medium	agrees_with_previous_llm	"[""substring_requires_transfer_review""]"	0	freebase_bhht_author_lookup_v1	lookup_candidate_not_frozen	"[""Dr. Griffith R. Harsh IV"", ""Dr. Sanford Rothenberg"", ""Jörn Kubicki""]"
929	Boxing Trainer	3	boxing_trainer	author_substring	substring_unique_candidate	Sports/Games	Sports/Games	"[[""Sports/Games"",""Sports/Games""]]"	1	1	"[""boxing"",""trainer""]"	[60,277]	"[[""Sports/Games"",""Sports/Games""]]"	[60,277]	Sports/Games	Sports/Games	boxing	0	0	[]	0	0	"[""substring_requires_transfer_review""]"	Sports/Games	proposed	medium	agrees_with_previous_llm	"[""substring_requires_transfer_review""]"	0	freebase_bhht_author_lookup_v1	lookup_candidate_not_frozen	"[""Drew Bundini Brown"", ""Pepper Roach"", ""Shane McGuigan""]"
930	Investment broker	3	investment_broker	author_substring	substring_cross_l1_conflict			"[[""Leadership"",""Corporate/Executive/Business (large)""],[""Other"",""Worker/Business (small)""]]"	2	2	"[""investment"",""broker""]"	[1229,1543]	"[[""Leadership"",""Corporate/Executive/Business (large)""],[""Other"",""Worker/Business (small)""]]"	[1229,1543]	Leadership	Corporate/Executive/Business (large)	investment	0	0	[]	0	0	"[""substring_requires_transfer_review"",""multiple_author_l1_candidates""]"		needs_review	low	no_unique_author_l1_candidate	"[""substring_requires_transfer_review"",""multiple_author_l1_candidates""]"	0	freebase_bhht_author_lookup_v1	lookup_candidate_not_frozen	"[""Edgar Bethune Ward"", ""Jim Moran"", ""Nigel Doughty""]"
932	Children's book illustrator	3	children's_book_illustrator	author_substring	substring_unique_candidate	Culture	Culture-periphery	"[[""Culture"",""Culture-periphery""]]"	1	1	"[""illustrator""]"	[626]	"[[""Culture"",""Culture-periphery""]]"	[626]	Culture	Culture-periphery	illustrator	0	0	[]	0	0	"[""substring_requires_transfer_review""]"	Culture	proposed	high	agrees_with_previous_llm	"[""substring_requires_transfer_review""]"	0	freebase_bhht_author_lookup_v1	lookup_candidate_not_frozen	"[""Edgar Parin d'Aulaire"", ""Kate Greenaway"", ""Randolph Caldecott""]"
936	Professional Wrestling Booker	3	professional_wrestling_booker	author_substring	substring_unique_candidate	Sports/Games	Sports/Games	"[[""Sports/Games"",""Sports/Games""]]"	1	1	"[""wrestling""]"	[299]	"[[""Sports/Games"",""Sports/Games""]]"	[299]	Sports/Games	Sports/Games	wrestling	0	0	[]	0	0	"[""substring_requires_transfer_review""]"	Sports/Games	proposed	high	agrees_with_previous_llm	"[""substring_requires_transfer_review""]"	0	freebase_bhht_author_lookup_v1	lookup_candidate_not_frozen	"[""Eric Bischoff"", ""Gorilla Monsoon"", ""Triple H""]"
937	Sports Anchor	3	sports_anchor	author_substring	substring_cross_l1_conflict			"[[""Culture"",""Culture-periphery""],[""Sports/Games"",""Sports/Games""]]"	2	2	"[""_sport"",""_anchor_""]"	[24,573]	"[[""Culture"",""Culture-periphery""],[""Sports/Games"",""Sports/Games""]]"	[24,573]	Sports/Games	Sports/Games	_sport	0	0	[]	0	0	"[""substring_requires_transfer_review"",""multiple_author_l1_candidates""]"	Culture	proposed	medium	no_unique_author_l1_candidate	"[""substring_requires_transfer_review"",""multiple_author_l1_candidates""]"	0	freebase_bhht_author_lookup_v1	lookup_candidate_not_frozen	"[""Erin Hawksworth"", ""Lindsay Czarniak"", ""Rafer Weigel""]"
941	Railroad worker	3	railroad_worker	author_substring	substring_unique_candidate	Other	Worker/Business (small)	"[[""Other"",""Worker/Business (small)""]]"	1	1	"[""railroad"",""worker""]"	[1677,1716]	"[[""Other"",""Worker/Business (small)""]]"	[1677,1716]	Other	Worker/Business (small)	railroad	0	0	[]	0	0	"[""substring_requires_transfer_review""]"		out_of_scope	high	formal_author_other_previously_out_of_scope	"[""substring_requires_transfer_review""]"	0	freebase_bhht_author_lookup_v1	lookup_candidate_not_frozen	"[""Frank McDonald (Theatrical producer)"", ""James Thomas Mitchum"", ""Robert Earl Jones""]"
943	Concert Producer	3	concert_producer	author_substring	substring_unique_candidate	Culture	Culture-core	"[[""Culture"",""Culture-core""]]"	1	1	"[""producer""]"	[506]	"[[""Culture"",""Culture-core""]]"	[506]	Culture	Culture-core	producer	0	0	[]	0	0	"[""substring_requires_transfer_review""]"	Culture	proposed	medium	agrees_with_previous_llm	"[""substring_requires_transfer_review""]"	0	freebase_bhht_author_lookup_v1	lookup_candidate_not_frozen	"[""Franklin Lett"", ""Jomari Yllana"", ""Libby Titus""]"
946	Wine Critic	3	wine_critic	author_substring	substring_unique_candidate	Culture	Culture-periphery	"[[""Culture"",""Culture-periphery""]]"	1	1	"[""critic""]"	[604]	"[[""Culture"",""Culture-periphery""]]"	[604]	Culture	Culture-periphery	critic	0	0	[]	0	0	"[""substring_requires_transfer_review""]"	Culture	proposed	medium	agrees_with_previous_llm	"[""substring_requires_transfer_review""]"	0	freebase_bhht_author_lookup_v1	lookup_candidate_not_frozen	"[""Gary Vaynerchuk"", ""Jancis Robinson"", ""Monica Larner""]"
947	telecommunications expert	3	telecommunications_expert	author_substring	substring_unique_candidate	Other	Worker/Business (small)	"[[""Other"",""Worker/Business (small)""]]"	1	1	"[""communication""]"	[1564]	"[[""Other"",""Worker/Business (small)""]]"	[1564]	Other	Worker/Business (small)	communication	0	0	[]	0	0	"[""substring_requires_transfer_review""]"	Discovery/Science	proposed	high	differs_from_previous_llm	"[""substring_requires_transfer_review"",""previous_llm_l1_disagreement""]"	0	freebase_bhht_author_lookup_v1	lookup_candidate_not_frozen	"[""Gene Autry"", ""Lyudmila Garmash"", ""Pierre Clémenti""]"
948	Historian of Science	3	historian_of_science	author_substring	substring_unique_candidate	Discovery/Science	Academia	"[[""Discovery/Science"",""Academia""]]"	1	1	"[""historian"",""science""]"	[783,892]	"[[""Discovery/Science"",""Academia""]]"	[783,892]	Discovery/Science	Academia	historian	0	0	[]	0	0	"[""substring_requires_transfer_review""]"	Discovery/Science	proposed	high	agrees_with_previous_llm	"[""substring_requires_transfer_review""]"	0	freebase_bhht_author_lookup_v1	lookup_candidate_not_frozen	"[""George Sarton"", ""Horace Freeland Judson"", ""Peter Galison""]"
952	College Administrator	3	college_administrator	author_substring	substring_unique_candidate	Leadership	Administration/Law	"[[""Leadership"",""Administration/Law""]]"	1	1	"[""administrator""]"	[1047]	"[[""Leadership"",""Administration/Law""]]"	[1047]	Leadership	Administration/Law	administrator	0	0	[]	0	0	"[""substring_requires_transfer_review""]"	Leadership	proposed	medium	agrees_with_previous_llm	"[""substring_requires_transfer_review""]"	0	freebase_bhht_author_lookup_v1	lookup_candidate_not_frozen	"[""Glenn Hubbard"", ""Lester B. Pearson"", ""Susan Greenfield, Baroness Greenfield""]"
953	Picture editor	3	picture_editor	author_substring	substring_unique_candidate	Culture	Culture-periphery	"[[""Culture"",""Culture-periphery""]]"	1	1	"[""editor""]"	[612]	"[[""Culture"",""Culture-periphery""]]"	[612]	Culture	Culture-periphery	editor	0	0	[]	0	0	"[""substring_requires_transfer_review""]"	Culture	proposed	high	agrees_with_previous_llm	"[""substring_requires_transfer_review""]"	0	freebase_bhht_author_lookup_v1	lookup_candidate_not_frozen	"[""Grace Coddington"", ""Joan Mills Kerr"", ""John G. Morris""]"
954	Marine engineer	3	marine_engineer	author_substring	substring_cross_l1_conflict			"[[""Discovery/Science"",""Explorer/Inventor/Developer""],[""Leadership"",""Military""]]"	2	2	"[""engineer"",""_marine""]"	[1187,1403]	"[[""Discovery/Science"",""Explorer/Inventor/Developer""],[""Leadership"",""Military""]]"	[1187,1403]	Discovery/Science	Explorer/Inventor/Developer	engineer	0	0	[]	0	0	"[""substring_requires_transfer_review"",""multiple_author_l1_candidates""]"	Discovery/Science	proposed	high	no_unique_author_l1_candidate	"[""substring_requires_transfer_review"",""multiple_author_l1_candidates""]"	0	freebase_bhht_author_lookup_v1	lookup_candidate_not_frozen	"[""Graham Hawkes"", ""Samuel Hartt Pook"", ""Samuel M. Pook""]"
959	Scholar-official	3	scholar-official	author_substring	substring_unique_candidate	Discovery/Science	Academia	"[[""Discovery/Science"",""Academia""]]"	1	1	"[""scholar""]"	[890]	"[[""Discovery/Science"",""Academia""]]"	[890]	Discovery/Science	Academia	scholar	0	0	[]	0	0	"[""substring_requires_transfer_review""]"	Leadership	proposed	high	differs_from_previous_llm	"[""substring_requires_transfer_review"",""previous_llm_l1_disagreement""]"	0	freebase_bhht_author_lookup_v1	lookup_candidate_not_frozen	"[""He Yan"", ""Moshe Greenberg"", ""Paul Pimsleur""]"
960	Theatrical Set Designer	3	theatrical_set_designer	author_substring	substring_same_l1_multiple_l2	Culture		"[[""Culture"",""Culture-core""],[""Culture"",""Culture-periphery""]]"	1	2	"[""theatrical"",""designer""]"	[551,606]	"[[""Culture"",""Culture-core""],[""Culture"",""Culture-periphery""]]"	[551,606]	Culture	Culture-core	theatrical	0	0	[]	0	0	"[""substring_requires_transfer_review"",""multiple_author_l2_candidates""]"	Culture	proposed	high	agrees_with_previous_llm	"[""substring_requires_transfer_review"",""multiple_author_l2_candidates""]"	0	freebase_bhht_author_lookup_v1	lookup_candidate_not_frozen	"[""Heidi Ettinger"", ""Peer Boysen"", ""Romualdas Lukšas""]"
961	Architectural historian	3	architectural_historian	author_substring	substring_cross_l1_conflict			"[[""Culture"",""Culture-periphery""],[""Discovery/Science"",""Academia""]]"	2	2	"[""architect"",""historian""]"	[586,783]	"[[""Culture"",""Culture-periphery""],[""Discovery/Science"",""Academia""]]"	[586,783]	Culture	Culture-periphery	architect	0	0	[]	0	0	"[""substring_requires_transfer_review"",""multiple_author_l1_candidates""]"	Discovery/Science	proposed	medium	no_unique_author_l1_candidate	"[""substring_requires_transfer_review"",""multiple_author_l1_candidates""]"	0	freebase_bhht_author_lookup_v1	lookup_candidate_not_frozen	"[""Heinrich von Geymüller"", ""Paul Laspeyres"", ""Sarah McPhee""]"
963	Political strategist	3	political_strategist	author_substring	substring_unique_candidate	Leadership	Politics	"[[""Leadership"",""Politics""]]"	1	1	"[""political""]"	[1013]	"[[""Leadership"",""Politics""]]"	[1013]	Leadership	Politics	political	0	0	[]	0	0	"[""substring_requires_transfer_review""]"	Leadership	proposed	high	agrees_with_previous_llm	"[""substring_requires_transfer_review""]"	0	freebase_bhht_author_lookup_v1	lookup_candidate_not_frozen	"[""Hilary Rosen"", ""Louis Howe"", ""Stan Greenberg""]"
964	News producer	3	news_producer	author_substring	substring_unique_candidate	Culture	Culture-core	"[[""Culture"",""Culture-core""]]"	1	1	"[""producer""]"	[506]	"[[""Culture"",""Culture-core""]]"	[506]	Culture	Culture-core	producer	0	0	[]	0	0	"[""substring_requires_transfer_review""]"	Culture	proposed	medium	agrees_with_previous_llm	"[""substring_requires_transfer_review""]"	0	freebase_bhht_author_lookup_v1	lookup_candidate_not_frozen	"[""Howie Masters"", ""Josh Mankiewicz"", ""Joyce Caruso""]"
967	Flight engineer	3	flight_engineer	author_substring	substring_unique_candidate	Discovery/Science	Explorer/Inventor/Developer	"[[""Discovery/Science"",""Explorer/Inventor/Developer""]]"	1	1	"[""engineer""]"	[1187]	"[[""Discovery/Science"",""Explorer/Inventor/Developer""]]"	[1187]	Discovery/Science	Explorer/Inventor/Developer	engineer	0	0	[]	0	0	"[""substring_requires_transfer_review""]"	Discovery/Science	proposed	medium	agrees_with_previous_llm	"[""substring_requires_transfer_review""]"	0	freebase_bhht_author_lookup_v1	lookup_candidate_not_frozen	"[""Jack Brabham"", ""Scott Kelly"", ""Shannon Walker""]"
968	Ski Racer	3	ski_racer	author_substring	substring_unique_candidate	Sports/Games	Sports/Games	"[[""Sports/Games"",""Sports/Games""]]"	1	1	"[""_racer_"",""_ski_""]"	[18,23]	"[[""Sports/Games"",""Sports/Games""]]"	[18,23]	Sports/Games	Sports/Games	_racer_	0	0	[]	0	0	"[""substring_requires_transfer_review""]"	Sports/Games	proposed	high	agrees_with_previous_llm	"[""substring_requires_transfer_review""]"	0	freebase_bhht_author_lookup_v1	lookup_candidate_not_frozen	"[""Jack Reddish (Olympic athlete)"", ""Jean-Claude Killy"", ""Willy Bogner, Jr.""]"
972	Digital Marketing Strategist	3	digital_marketing_strategist	author_substring	substring_unique_candidate	Other	Worker/Business (small)	"[[""Other"",""Worker/Business (small)""]]"	1	1	"[""marketing""]"	[1649]	"[[""Other"",""Worker/Business (small)""]]"	[1649]	Other	Worker/Business (small)	marketing	0	0	[]	0	0	"[""substring_requires_transfer_review""]"		needs_review	low	author_candidate_previous_needs_review	"[""substring_requires_transfer_review""]"	0	freebase_bhht_author_lookup_v1	lookup_candidate_not_frozen	"[""Jeremy Niedt"", ""Malika Sharma"", ""Yad Bhatti""]"
975	Game programmer	3	game_programmer	author_substring	substring_cross_l1_conflict			"[[""Discovery/Science"",""Explorer/Inventor/Developer""],[""Sports/Games"",""Sports/Games""]]"	2	2	"[""_game"",""programmer""]"	[12,1202]	"[[""Discovery/Science"",""Explorer/Inventor/Developer""],[""Sports/Games"",""Sports/Games""]]"	[12,1202]	Sports/Games	Sports/Games	_game	0	0	[]	0	0	"[""substring_requires_transfer_review"",""multiple_author_l1_candidates""]"	Discovery/Science	proposed	high	no_unique_author_l1_candidate	"[""substring_requires_transfer_review"",""multiple_author_l1_candidates""]"	0	freebase_bhht_author_lookup_v1	lookup_candidate_not_frozen	"[""John Romero"", ""Ken Williams"", ""Sid Meier""]"
978	A&R executive	3	a&r_executive	author_substring	substring_unique_candidate	Leadership	Corporate/Executive/Business (large)	"[[""Leadership"",""Corporate/Executive/Business (large)""]]"	1	1	"[""executive""]"	[1223]	"[[""Leadership"",""Corporate/Executive/Business (large)""]]"	[1223]	Leadership	Corporate/Executive/Business (large)	executive	0	0	[]	0	0	"[""substring_requires_transfer_review""]"	Leadership	proposed	high	agrees_with_previous_llm	"[""substring_requires_transfer_review""]"	0	freebase_bhht_author_lookup_v1	lookup_candidate_not_frozen	"[""Jordan Bratman"", ""Randy Jackson"", ""Simon Cowell""]"
980	Information Technology Consultant	3	information_technology_consultant	author_substring	substring_unique_candidate	Other	Worker/Business (small)	"[[""Other"",""Worker/Business (small)""]]"	1	1	"[""consultant""]"	[1566]	"[[""Other"",""Worker/Business (small)""]]"	[1566]	Other	Worker/Business (small)	consultant	0	0	[]	0	0	"[""substring_requires_transfer_review""]"		needs_review	medium	author_candidate_previous_needs_review	"[""substring_requires_transfer_review""]"	0	freebase_bhht_author_lookup_v1	lookup_candidate_not_frozen	"[""Joseph Odipo"", ""Martin Henwood"", ""Paul Haines""]"
981	Freelance Writer	3	freelance_writer	author_substring	substring_unique_candidate	Culture	Culture-core	"[[""Culture"",""Culture-core""]]"	1	1	"[""_writer""]"	[343]	"[[""Culture"",""Culture-core""]]"	[343]	Culture	Culture-core	_writer	0	0	[]	0	0	"[""substring_requires_transfer_review""]"	Culture	proposed	high	agrees_with_previous_llm	"[""substring_requires_transfer_review""]"	0	freebase_bhht_author_lookup_v1	lookup_candidate_not_frozen	"[""Judith Huxley"", ""Vanessa Macias"", ""Şerban Foarţă""]"
983	Political writer	3	political_writer	author_substring	substring_cross_l1_conflict			"[[""Culture"",""Culture-core""],[""Leadership"",""Politics""]]"	2	2	"[""_writer"",""political""]"	[343,1013]	"[[""Culture"",""Culture-core""],[""Leadership"",""Politics""]]"	[343,1013]	Culture	Culture-core	_writer	0	0	[]	0	0	"[""substring_requires_transfer_review"",""multiple_author_l1_candidates""]"	Culture	proposed	high	no_unique_author_l1_candidate	"[""substring_requires_transfer_review"",""multiple_author_l1_candidates""]"	0	freebase_bhht_author_lookup_v1	lookup_candidate_not_frozen	"[""Karl Rove"", ""Matt Taibbi"", ""Naomi Klein""]"
985	Basketball Analyst	3	basketball_analyst	author_substring	substring_cross_l1_conflict			"[[""Other"",""Worker/Business (small)""],[""Sports/Games"",""Sports/Games""]]"	2	2	"[""basket"",""analyst""]"	[42,1514]	"[[""Other"",""Worker/Business (small)""],[""Sports/Games"",""Sports/Games""]]"	[42,1514]	Sports/Games	Sports/Games	basket	0	0	[]	0	0	"[""substring_requires_transfer_review"",""multiple_author_l1_candidates""]"	Culture	proposed	medium	no_unique_author_l1_candidate	"[""substring_requires_transfer_review"",""multiple_author_l1_candidates""]"	0	freebase_bhht_author_lookup_v1	lookup_candidate_not_frozen	"[""Kris Johnson"", ""Marques Johnson"", ""Rebecca Lobo""]"
988	White-collar worker	3	white-collar_worker	author_substring	substring_unique_candidate	Other	Worker/Business (small)	"[[""Other"",""Worker/Business (small)""]]"	1	1	"[""worker""]"	[1716]	"[[""Other"",""Worker/Business (small)""]]"	[1716]	Other	Worker/Business (small)	worker	0	0	[]	0	0	"[""substring_requires_transfer_review""]"		out_of_scope	medium	formal_author_other_previously_out_of_scope	"[""substring_requires_transfer_review""]"	0	freebase_bhht_author_lookup_v1	lookup_candidate_not_frozen	"[""Leslie Howard"", ""Tage Schaffer"", ""Warren Bradley (Deceased Person)""]"
989	Burlesque stripper	3	burlesque_stripper	author_substring	substring_unique_candidate	Other	Other	"[[""Other"",""Other""]]"	1	1	"[""stripper""]"	[1878]	"[[""Other"",""Other""]]"	[1878]	Other	Other	stripper	0	0	[]	0	0	"[""substring_requires_transfer_review""]"	Culture	proposed	high	differs_from_previous_llm	"[""substring_requires_transfer_review"",""previous_llm_l1_disagreement""]"	0	freebase_bhht_author_lookup_v1	lookup_candidate_not_frozen	"[""Lili St. Cyr"", ""Zen (Actor)"", ""Zero (Actor)""]"
990	Fashion Editor	3	fashion_editor	author_substring	substring_unique_candidate	Culture	Culture-periphery	"[[""Culture"",""Culture-periphery""]]"	1	1	"[""editor""]"	[612]	"[[""Culture"",""Culture-periphery""]]"	[612]	Culture	Culture-periphery	editor	0	0	[]	0	0	"[""substring_requires_transfer_review""]"	Culture	proposed	high	agrees_with_previous_llm	"[""substring_requires_transfer_review""]"	0	freebase_bhht_author_lookup_v1	lookup_candidate_not_frozen	"[""Lydia McLaughlin"", ""Roxanna Bina"", ""Sally Kirkland (Deceased Person)""]"
991	Angel investor	3	angel_investor	author_substring	substring_unique_candidate	Leadership	Corporate/Executive/Business (large)	"[[""Leadership"",""Corporate/Executive/Business (large)""]]"	1	1	"[""investor""]"	[1230]	"[[""Leadership"",""Corporate/Executive/Business (large)""]]"	[1230]	Leadership	Corporate/Executive/Business (large)	investor	0	0	[]	0	0	"[""substring_requires_transfer_review""]"		needs_review	low	author_candidate_previous_needs_review	"[""substring_requires_transfer_review""]"	0	freebase_bhht_author_lookup_v1	lookup_candidate_not_frozen	"[""Mark D. Kingdon"", ""Neil Patel (Organisation founder)"", ""Rajeev Motwani""]"
992	Parliamentarian	3	parliamentarian	author_substring	substring_unique_candidate	Leadership	Politics	"[[""Leadership"",""Politics""]]"	1	1	"[""parliament""]"	[1008]	"[[""Leadership"",""Politics""]]"	[1008]	Leadership	Politics	parliament	0	0	[]	0	0	"[""substring_requires_transfer_review""]"	Leadership	proposed	high	agrees_with_previous_llm	"[""substring_requires_transfer_review""]"	0	freebase_bhht_author_lookup_v1	lookup_candidate_not_frozen	"[""Mary C. Seward"", ""Maurice Peston, Baron Peston"", ""Mohammad Mosaddegh""]"
993	Blogger (Website)	3	blogger_(website)	author_substring	substring_unique_candidate	Culture	Culture-periphery	"[[""Culture"",""Culture-periphery""]]"	1	1	"[""blogger""]"	[589]	"[[""Culture"",""Culture-periphery""]]"	[589]	Culture	Culture-periphery	blogger	0	0	[]	0	0	"[""substring_requires_transfer_review""]"	Culture	proposed	high	agrees_with_previous_llm	"[""substring_requires_transfer_review""]"	0	freebase_bhht_author_lookup_v1	lookup_candidate_not_frozen	"[""Matthew Woodward"", ""Mukil Elango"", ""Yves Bole""]"
996	Marine biologist	3	marine_biologist	author_substring	substring_cross_l1_conflict			"[[""Discovery/Science"",""Academia""],[""Leadership"",""Military""]]"	2	2	"[""biologist"",""_marine""]"	[705,1403]	"[[""Discovery/Science"",""Academia""],[""Leadership"",""Military""]]"	[705,1403]	Discovery/Science	Academia	biologist	0	0	[]	0	0	"[""substring_requires_transfer_review"",""multiple_author_l1_candidates""]"	Discovery/Science	proposed	high	no_unique_author_l1_candidate	"[""substring_requires_transfer_review"",""multiple_author_l1_candidates""]"	0	freebase_bhht_author_lookup_v1	lookup_candidate_not_frozen	"[""Nicholas Hughes"", ""Rachel Carson"", ""William Beebe""]"
997	Construction Engineer	3	construction_engineer	author_substring	substring_cross_l1_conflict			"[[""Discovery/Science"",""Explorer/Inventor/Developer""],[""Leadership"",""Corporate/Executive/Business (large)""]]"	2	2	"[""engineer"",""_construction""]"	[1187,1210]	"[[""Discovery/Science"",""Explorer/Inventor/Developer""],[""Leadership"",""Corporate/Executive/Business (large)""]]"	[1187,1210]	Discovery/Science	Explorer/Inventor/Developer	engineer	0	0	[]	0	0	"[""substring_requires_transfer_review"",""multiple_author_l1_candidates""]"	Discovery/Science	proposed	medium	no_unique_author_l1_candidate	"[""substring_requires_transfer_review"",""multiple_author_l1_candidates""]"	0	freebase_bhht_author_lookup_v1	lookup_candidate_not_frozen	"[""Riccardo Scicolone"", ""Robert Carnahan"", ""Robert Olson (Soldier)""]"
1000	Special Effects Designer	2	special_effects_designer	author_substring	substring_same_l1_multiple_l2	Culture		"[[""Culture"",""Culture-core""],[""Culture"",""Culture-periphery""]]"	1	2	"[""special_effects"",""designer""]"	[537,606]	"[[""Culture"",""Culture-core""],[""Culture"",""Culture-periphery""]]"	[537,606]	Culture	Culture-core	special_effects	0	0	[]	0	0	"[""substring_requires_transfer_review"",""multiple_author_l2_candidates""]"	Culture	proposed	medium	agrees_with_previous_llm	"[""substring_requires_transfer_review"",""multiple_author_l2_candidates""]"	0	freebase_bhht_author_lookup_v1	lookup_candidate_not_frozen	"[""Adam Savage"", ""Jesse J. Clarkson""]"
1002	Wildlife biologist	2	wildlife_biologist	author_substring	substring_unique_candidate	Discovery/Science	Academia	"[[""Discovery/Science"",""Academia""]]"	1	1	"[""biologist""]"	[705]	"[[""Discovery/Science"",""Academia""]]"	[705]	Discovery/Science	Academia	biologist	0	0	[]	0	0	"[""substring_requires_transfer_review""]"	Discovery/Science	proposed	high	agrees_with_previous_llm	"[""substring_requires_transfer_review""]"	0	freebase_bhht_author_lookup_v1	lookup_candidate_not_frozen	"[""Adolph Murie"", ""Olaus Murie""]"
1004	TV Meteorologist	2	tv_meteorologist	author_substring	substring_unique_candidate	Discovery/Science	Academia	"[[""Discovery/Science"",""Academia""]]"	1	1	"[""meteorologist""]"	[815]	"[[""Discovery/Science"",""Academia""]]"	[815]	Discovery/Science	Academia	meteorologist	0	0	[]	0	0	"[""substring_requires_transfer_review""]"		needs_review	low	author_candidate_previous_needs_review	"[""substring_requires_transfer_review""]"	0	freebase_bhht_author_lookup_v1	lookup_candidate_not_frozen	"[""Al Roker"", ""Storm Field""]"
1005	Information systems technician	2	information_systems_technician	author_substring	substring_unique_candidate	Other	Worker/Business (small)	"[[""Other"",""Worker/Business (small)""]]"	1	1	"[""technician""]"	[1698]	"[[""Other"",""Worker/Business (small)""]]"	[1698]	Other	Worker/Business (small)	technician	0	0	[]	0	0	"[""substring_requires_transfer_review""]"		needs_review	low	author_candidate_previous_needs_review	"[""substring_requires_transfer_review""]"	0	freebase_bhht_author_lookup_v1	lookup_candidate_not_frozen	"[""Alan David Moss"", ""Jonathan W Lowe""]"
1006	Tour manager	2	tour_manager	author_substring	substring_unique_candidate	Leadership	Corporate/Executive/Business (large)	"[[""Leadership"",""Corporate/Executive/Business (large)""]]"	1	1	"[""manager""]"	[1234]	"[[""Leadership"",""Corporate/Executive/Business (large)""]]"	[1234]	Leadership	Corporate/Executive/Business (large)	manager	0	0	[]	0	0	"[""substring_requires_transfer_review""]"		needs_review	low	author_candidate_previous_needs_review	"[""substring_requires_transfer_review""]"	0	freebase_bhht_author_lookup_v1	lookup_candidate_not_frozen	"[""Alan Leeds"", ""Smith Puget""]"
1007	Alchemist	2	alchemist	author_substring	substring_unique_candidate	Discovery/Science	Academia	"[[""Discovery/Science"",""Academia""]]"	1	1	"[""chemist""]"	[715]	"[[""Discovery/Science"",""Academia""]]"	[715]	Discovery/Science	Academia	chemist	0	0	"[{""level1"":""Discovery/Science"",""level2"":""Academia"",""level3"":""alchemist"",""person_count"":1,""example_wikidata_codes"":""Q23839812""}]"	0	0	"[""substring_requires_transfer_review""]"		needs_review	low	author_candidate_previous_needs_review	"[""substring_requires_transfer_review""]"	0	freebase_bhht_author_lookup_v1	lookup_candidate_not_frozen	"[""Albert Łaski"", ""Giambattista della Porta""]"
1008	Lighting technician	2	lighting_technician	author_substring	substring_unique_candidate	Other	Worker/Business (small)	"[[""Other"",""Worker/Business (small)""]]"	1	1	"[""technician""]"	[1698]	"[[""Other"",""Worker/Business (small)""]]"	[1698]	Other	Worker/Business (small)	technician	0	0	[]	0	0	"[""substring_requires_transfer_review""]"		out_of_scope	high	formal_author_other_previously_out_of_scope	"[""substring_requires_transfer_review""]"	0	freebase_bhht_author_lookup_v1	lookup_candidate_not_frozen	"[""Alejandro Luna"", ""David Elwell""]"
1009	Political philosopher	2	political_philosopher	author_substring	substring_cross_l1_conflict			"[[""Discovery/Science"",""Academia""],[""Leadership"",""Politics""]]"	2	2	"[""philosopher"",""political""]"	[861,1013]	"[[""Discovery/Science"",""Academia""],[""Leadership"",""Politics""]]"	[861,1013]	Discovery/Science	Academia	philosopher	0	0	[]	0	0	"[""substring_requires_transfer_review"",""multiple_author_l1_candidates""]"	Discovery/Science	proposed	medium	no_unique_author_l1_candidate	"[""substring_requires_transfer_review"",""multiple_author_l1_candidates""]"	0	freebase_bhht_author_lookup_v1	lookup_candidate_not_frozen	"[""Alex Callinicos"", ""William Godwin""]"
1010	Cinematography	2	cinematography	author_substring	substring_unique_candidate	Culture	Culture-core	"[[""Culture"",""Culture-core""]]"	1	1	"[""cinema""]"	[385]	"[[""Culture"",""Culture-core""]]"	[385]	Culture	Culture-core	cinema	0	0	[]	0	0	"[""substring_requires_transfer_review""]"		needs_review	low	author_candidate_previous_needs_review	"[""substring_requires_transfer_review""]"	0	freebase_bhht_author_lookup_v1	lookup_candidate_not_frozen	"[""Alexander L'iravíkmela Giorgisdzé Matcharashvili"", ""Jane Campion""]"
1011	Aeronautical Engineer	2	aeronautical_engineer	author_substring	substring_same_l1_multiple_l2	Discovery/Science		"[[""Discovery/Science"",""Academia""],[""Discovery/Science"",""Explorer/Inventor/Developer""]]"	1	2	"[""aeronautical"",""engineer""]"	[674,1187]	"[[""Discovery/Science"",""Academia""],[""Discovery/Science"",""Explorer/Inventor/Developer""]]"	[674,1187]	Discovery/Science	Academia	aeronautical	0	0	[]	0	0	"[""substring_requires_transfer_review"",""multiple_author_l2_candidates""]"	Discovery/Science	proposed	high	agrees_with_previous_llm	"[""substring_requires_transfer_review"",""multiple_author_l2_candidates""]"	0	freebase_bhht_author_lookup_v1	lookup_candidate_not_frozen	"[""Alfred Roy Carey"", ""Katsuji Miyazaki""]"
1012	Literary executor	2	literary_executor	author_substring	substring_unique_candidate	Culture	Culture-core	"[[""Culture"",""Culture-core""]]"	1	1	"[""_literary_""]"	[323]	"[[""Culture"",""Culture-core""]]"	[323]	Culture	Culture-core	_literary_	0	0	[]	0	0	"[""substring_requires_transfer_review""]"		needs_review	low	author_candidate_previous_needs_review	"[""substring_requires_transfer_review""]"	0	freebase_bhht_author_lookup_v1	lookup_candidate_not_frozen	"[""Alice Methfessel"", ""Florence Balcombe""]"
1013	Digital Artist	2	digital_artist	author_substring	substring_unique_candidate	Culture	Culture-core	"[[""Culture"",""Culture-core""]]"	1	1	"[""_artist""]"	[304]	"[[""Culture"",""Culture-core""]]"	[304]	Culture	Culture-core	_artist	0	0	[]	0	0	"[""substring_requires_transfer_review""]"	Culture	proposed	high	agrees_with_previous_llm	"[""substring_requires_transfer_review""]"	0	freebase_bhht_author_lookup_v1	lookup_candidate_not_frozen	"[""Alicia Grimaldi"", ""Peter Nye (Film crewmember)""]"
1014	Pro-life activist	2	pro-life_activist	author_substring	substring_unique_candidate	Leadership	Politics	"[[""Leadership"",""Politics""]]"	1	1	"[""activist""]"	[939]	"[[""Leadership"",""Politics""]]"	[939]	Leadership	Politics	activist	0	0	[]	0	0	"[""substring_requires_transfer_review""]"		needs_review	low	author_candidate_previous_needs_review	"[""substring_requires_transfer_review""]"	0	freebase_bhht_author_lookup_v1	lookup_candidate_not_frozen	"[""Alveda King"", ""Sargent Shriver""]"
1017	Plus-size model	2	plus-size_model	author_substring	substring_unique_candidate	Culture	Culture-periphery	"[[""Culture"",""Culture-periphery""]]"	1	1	"[""_model_""]"	[577]	"[[""Culture"",""Culture-periphery""]]"	[577]	Culture	Culture-periphery	_model_	0	0	[]	0	0	"[""substring_requires_transfer_review""]"	Culture	proposed	high	agrees_with_previous_llm	"[""substring_requires_transfer_review""]"	0	freebase_bhht_author_lookup_v1	lookup_candidate_not_frozen	"[""Anansa Sims"", ""Mia Tyler""]"
1019	Music criticism	2	music_criticism	author_substring	substring_same_l1_multiple_l2	Culture		"[[""Culture"",""Culture-core""],[""Culture"",""Culture-periphery""]]"	1	2	"[""_music"",""critic""]"	[325,604]	"[[""Culture"",""Culture-core""],[""Culture"",""Culture-periphery""]]"	[325,604]	Culture	Culture-core	_music	0	0	[]	0	0	"[""substring_requires_transfer_review"",""multiple_author_l2_candidates""]"		needs_review	low	author_candidate_previous_needs_review	"[""substring_requires_transfer_review"",""multiple_author_l2_candidates""]"	0	freebase_bhht_author_lookup_v1	lookup_candidate_not_frozen	"[""Andrew Porter"", ""Peter Barakan""]"
1020	Sound Effects Editor	2	sound_effects_editor	author_substring	substring_unique_candidate	Culture	Culture-periphery	"[[""Culture"",""Culture-periphery""]]"	1	1	"[""editor""]"	[612]	"[[""Culture"",""Culture-periphery""]]"	[612]	Culture	Culture-periphery	editor	0	0	[]	0	0	"[""substring_requires_transfer_review""]"	Culture	proposed	high	agrees_with_previous_llm	"[""substring_requires_transfer_review""]"	0	freebase_bhht_author_lookup_v1	lookup_candidate_not_frozen	"[""Ann Kroeber"", ""Wayne Allwine""]"
1021	Court reporter	2	court_reporter	author_substring	substring_unique_candidate	Culture	Culture-periphery	"[[""Culture"",""Culture-periphery""]]"	1	1	"[""reporter""]"	[648]	"[[""Culture"",""Culture-periphery""]]"	[648]	Culture	Culture-periphery	reporter	0	0	[]	0	0	"[""substring_requires_transfer_review""]"		needs_review	low	author_candidate_previous_needs_review	"[""substring_requires_transfer_review""]"	0	freebase_bhht_author_lookup_v1	lookup_candidate_not_frozen	"[""Anna Dostoyevskaya"", ""Robert Andrews Millikan""]"
1022	People's Artist of Ukraine	2	people's_artist_of_ukraine	author_substring	substring_unique_candidate	Culture	Culture-core	"[[""Culture"",""Culture-core""]]"	1	1	"[""_artist""]"	[304]	"[[""Culture"",""Culture-core""]]"	[304]	Culture	Culture-core	_artist	0	0	[]	0	0	"[""substring_requires_transfer_review""]"		needs_review	low	author_candidate_previous_needs_review	"[""substring_requires_transfer_review""]"	0	freebase_bhht_author_lookup_v1	lookup_candidate_not_frozen	"[""Anna Ivanovna Opanasenko-Sumskaya"", ""Vyacheslav Ignatievich Sumskoy""]"
1024	Sex Educator	2	sex_educator	author_substring	substring_unique_candidate	Discovery/Science	Academia	"[[""Discovery/Science"",""Academia""]]"	1	1	"[""educator""]"	[738]	"[[""Discovery/Science"",""Academia""]]"	[738]	Discovery/Science	Academia	educator	0	0	[]	0	0	"[""substring_requires_transfer_review""]"	Discovery/Science	proposed	medium	agrees_with_previous_llm	"[""substring_requires_transfer_review""]"	0	freebase_bhht_author_lookup_v1	lookup_candidate_not_frozen	"[""Annie Sprinkle"", ""Laura Berman""]"
1026	Army officer (retired)	2	army_officer_(retired)	author_substring	substring_unique_candidate	Leadership	Military	"[[""Leadership"",""Military""]]"	1	1	"[""_army_"",""officer_""]"	[1364,1412]	"[[""Leadership"",""Military""]]"	[1364,1412]	Leadership	Military	_army_	0	0	[]	0	0	"[""substring_requires_transfer_review""]"	Leadership	proposed	high	agrees_with_previous_llm	"[""substring_requires_transfer_review""]"	0	freebase_bhht_author_lookup_v1	lookup_candidate_not_frozen	"[""Anthony Pullen Shaw"", ""Louis Gabriel Venant Le Bailly de La Falaise""]"
1027	Floral Designer	2	floral_designer	author_substring	substring_unique_candidate	Culture	Culture-periphery	"[[""Culture"",""Culture-periphery""]]"	1	1	"[""designer""]"	[606]	"[[""Culture"",""Culture-periphery""]]"	[606]	Culture	Culture-periphery	designer	0	0	[]	0	0	"[""substring_requires_transfer_review""]"	Culture	proposed	medium	agrees_with_previous_llm	"[""substring_requires_transfer_review""]"	0	freebase_bhht_author_lookup_v1	lookup_candidate_not_frozen	"[""Anulka Dziubinska"", ""Virginia Innis""]"
1031	Jazz Artist/Singer	2	jazz_artist/singer	author_substring	substring_unique_candidate	Culture	Culture-core	"[[""Culture"",""Culture-core""]]"	1	1	"[""_artist"",""jazz"",""singer""]"	[304,451,529]	"[[""Culture"",""Culture-core""]]"	[304,451,529]	Culture	Culture-core	_artist	0	0	[]	0	0	"[""substring_requires_transfer_review""]"	Culture	proposed	high	agrees_with_previous_llm	"[""substring_requires_transfer_review""]"	0	freebase_bhht_author_lookup_v1	lookup_candidate_not_frozen	"[""Aura Urziceanu Rully"", ""Mattie Shaw""]"
1034	Film Journalist	2	film_journalist	author_substring	substring_same_l1_multiple_l2	Culture		"[[""Culture"",""Culture-core""],[""Culture"",""Culture-periphery""]]"	1	2	"[""_film_"",""journalist""]"	[320,629]	"[[""Culture"",""Culture-core""],[""Culture"",""Culture-periphery""]]"	[320,629]	Culture	Culture-core	_film_	0	0	[]	0	0	"[""substring_requires_transfer_review"",""multiple_author_l2_candidates""]"	Culture	proposed	medium	agrees_with_previous_llm	"[""substring_requires_transfer_review"",""multiple_author_l2_candidates""]"	0	freebase_bhht_author_lookup_v1	lookup_candidate_not_frozen	"[""Baldev Raj Chopra"", ""Edmond T. Gréville""]"
1040	Greengrocer	2	greengrocer	author_substring	substring_unique_candidate	Other	Worker/Business (small)	"[[""Other"",""Worker/Business (small)""]]"	1	1	"[""grocer""]"	[1604]	"[[""Other"",""Worker/Business (small)""]]"	[1604]	Other	Worker/Business (small)	grocer	0	0	[]	0	0	"[""substring_requires_transfer_review""]"		needs_review	low	author_candidate_previous_needs_review	"[""substring_requires_transfer_review""]"	0	freebase_bhht_author_lookup_v1	lookup_candidate_not_frozen	"[""Barry Lineker"", ""William Hitchcock""]"
1042	Cardiac surgeon	2	cardiac_surgeon	author_substring	substring_unique_candidate	Discovery/Science	Academia	"[[""Discovery/Science"",""Academia""]]"	1	1	"[""surgeon""]"	[908]	"[[""Discovery/Science"",""Academia""]]"	[908]	Discovery/Science	Academia	surgeon	0	0	[]	0	0	"[""substring_requires_transfer_review""]"	Discovery/Science	proposed	medium	agrees_with_previous_llm	"[""substring_requires_transfer_review""]"	0	freebase_bhht_author_lookup_v1	lookup_candidate_not_frozen	"[""Belmont DeForest Bogart"", ""Mehmet Oz""]"
1045	Quantitative analyst	2	quantitative_analyst	author_substring	substring_unique_candidate	Other	Worker/Business (small)	"[[""Other"",""Worker/Business (small)""]]"	1	1	"[""analyst""]"	[1514]	"[[""Other"",""Worker/Business (small)""]]"	[1514]	Other	Worker/Business (small)	analyst	0	0	[]	0	0	"[""substring_requires_transfer_review""]"	Discovery/Science	proposed	medium	differs_from_previous_llm	"[""substring_requires_transfer_review"",""previous_llm_l1_disagreement""]"	0	freebase_bhht_author_lookup_v1	lookup_candidate_not_frozen	"[""Benjamin Azose"", ""Jesse Robert Stone""]"
1046	Confidence artist	2	confidence_artist	author_substring	substring_unique_candidate	Culture	Culture-core	"[[""Culture"",""Culture-core""]]"	1	1	"[""_artist""]"	[304]	"[[""Culture"",""Culture-core""]]"	[304]	Culture	Culture-core	_artist	0	0	[]	0	0	"[""substring_requires_transfer_review""]"		out_of_scope	high	author_candidate_previous_out_of_scope	"[""substring_requires_transfer_review""]"	0	freebase_bhht_author_lookup_v1	lookup_candidate_not_frozen	"[""Bernard Cornfeld"", ""William Rockefeller Sr.""]"
1047	Methodist minister	2	methodist_minister	author_substring	substring_unique_candidate	Leadership	Politics	"[[""Leadership"",""Politics""]]"	1	1	"[""minister""]"	[1000]	"[[""Leadership"",""Politics""]]"	[1000]	Leadership	Politics	minister	0	0	[]	0	0	"[""substring_requires_transfer_review""]"	Leadership	proposed	high	agrees_with_previous_llm	"[""substring_requires_transfer_review""]"	0	freebase_bhht_author_lookup_v1	lookup_candidate_not_frozen	"[""Beverly Carradine"", ""Joshua Van""]"
1050	Sports Columnist	2	sports_columnist	author_substring	substring_cross_l1_conflict			"[[""Culture"",""Culture-periphery""],[""Sports/Games"",""Sports/Games""]]"	2	2	"[""_sport"",""columnist""]"	[24,597]	"[[""Culture"",""Culture-periphery""],[""Sports/Games"",""Sports/Games""]]"	[24,597]	Sports/Games	Sports/Games	_sport	0	0	[]	0	0	"[""substring_requires_transfer_review"",""multiple_author_l1_candidates""]"	Culture	proposed	high	no_unique_author_l1_candidate	"[""substring_requires_transfer_review"",""multiple_author_l1_candidates""]"	0	freebase_bhht_author_lookup_v1	lookup_candidate_not_frozen	"[""Bill Simmons"", ""George Vecsey""]"
1053	Medical Doctor	2	medical_doctor	author_substring	substring_unique_candidate	Discovery/Science	Academia	"[[""Discovery/Science"",""Academia""]]"	1	1	"[""doctor"",""medical""]"	[733,812]	"[[""Discovery/Science"",""Academia""]]"	[733,812]	Discovery/Science	Academia	doctor	0	0	[]	0	0	"[""substring_requires_transfer_review""]"	Discovery/Science	proposed	high	agrees_with_previous_llm	"[""substring_requires_transfer_review""]"	0	freebase_bhht_author_lookup_v1	lookup_candidate_not_frozen	"[""Bodo Thyssen"", ""Carlos Humberto Valenzuela Priego""]"
1054	Lacrosse Player	2	lacrosse_player	author_substring	substring_unique_candidate	Sports/Games	Sports/Games	"[[""Sports/Games"",""Sports/Games""]]"	1	1	"[""lacrosse"",""player""]"	[155,189]	"[[""Sports/Games"",""Sports/Games""]]"	[155,189]	Sports/Games	Sports/Games	lacrosse	0	0	[]	0	0	"[""substring_requires_transfer_review""]"	Sports/Games	proposed	medium	agrees_with_previous_llm	"[""substring_requires_transfer_review""]"	0	freebase_bhht_author_lookup_v1	lookup_candidate_not_frozen	"[""Brian J. White"", ""Phil Newland""]"
1056	Biblical Scholar	2	biblical_scholar	author_substring	substring_cross_l1_conflict			"[[""Discovery/Science"",""Academia""],[""Leadership"",""Religious""]]"	2	2	"[""scholar"",""biblical""]"	[890,1279]	"[[""Discovery/Science"",""Academia""],[""Leadership"",""Religious""]]"	[890,1279]	Discovery/Science	Academia	scholar	0	0	[]	0	0	"[""substring_requires_transfer_review"",""multiple_author_l1_candidates""]"	Discovery/Science	proposed	high	no_unique_author_l1_candidate	"[""substring_requires_transfer_review"",""multiple_author_l1_candidates""]"	0	freebase_bhht_author_lookup_v1	lookup_candidate_not_frozen	"[""Calvin Ellis Stowe"", ""George Grove (Musicologist)""]"
1057	Nature Photographer	2	nature_photographer	author_substring	substring_unique_candidate	Culture	Culture-core	"[[""Culture"",""Culture-core""]]"	1	1	"[""photographer""]"	[491]	"[[""Culture"",""Culture-core""]]"	[491]	Culture	Culture-core	photographer	0	0	[]	0	0	"[""substring_requires_transfer_review""]"	Culture	proposed	medium	agrees_with_previous_llm	"[""substring_requires_transfer_review""]"	0	freebase_bhht_author_lookup_v1	lookup_candidate_not_frozen	"[""Carl Akeley"", ""Chris Packham""]"
1060	Athletic trainer	2	athletic_trainer	author_substring	substring_unique_candidate	Sports/Games	Sports/Games	"[[""Sports/Games"",""Sports/Games""]]"	1	1	"[""athletic"",""trainer""]"	[33,277]	"[[""Sports/Games"",""Sports/Games""]]"	[33,277]	Sports/Games	Sports/Games	athletic	0	0	[]	0	0	"[""substring_requires_transfer_review""]"		needs_review	low	author_candidate_previous_needs_review	"[""substring_requires_transfer_review""]"	0	freebase_bhht_author_lookup_v1	lookup_candidate_not_frozen	"[""Carlon Colker"", ""Mike Murphy (American Football Head Coach)""]"
1063	Legal Scholar	2	legal_scholar	author_substring	substring_unique_candidate	Discovery/Science	Academia	"[[""Discovery/Science"",""Academia""]]"	1	1	"[""scholar""]"	[890]	"[[""Discovery/Science"",""Academia""]]"	[890]	Discovery/Science	Academia	scholar	0	0	[]	0	0	"[""substring_requires_transfer_review""]"	Discovery/Science	proposed	medium	agrees_with_previous_llm	"[""substring_requires_transfer_review""]"	0	freebase_bhht_author_lookup_v1	lookup_candidate_not_frozen	"[""Cass Sunstein"", ""Tove Stang Dahl""]"
1064	Occupational Therapist	2	occupational_therapist	author_substring	substring_unique_candidate	Discovery/Science	Academia	"[[""Discovery/Science"",""Academia""]]"	1	1	"[""therapist""]"	[916]	"[[""Discovery/Science"",""Academia""]]"	[916]	Discovery/Science	Academia	therapist	0	0	[]	0	0	"[""substring_requires_transfer_review""]"	Discovery/Science	proposed	high	agrees_with_previous_llm	"[""substring_requires_transfer_review""]"	0	freebase_bhht_author_lookup_v1	lookup_candidate_not_frozen	"[""Catherine Elizabeth Collyer"", ""Elizabeth Upham Davis""]"
1066	Dog trainer	2	dog_trainer	author_substring	substring_unique_candidate	Sports/Games	Sports/Games	"[[""Sports/Games"",""Sports/Games""]]"	1	1	"[""trainer""]"	[277]	"[[""Sports/Games"",""Sports/Games""]]"	[277]	Sports/Games	Sports/Games	trainer	0	0	[]	0	0	"[""substring_requires_transfer_review""]"		needs_review	low	author_candidate_previous_needs_review	"[""substring_requires_transfer_review""]"	0	freebase_bhht_author_lookup_v1	lookup_candidate_not_frozen	"[""Cesar Millan"", ""Luke Rubenfeld""]"
1068	Criminal (Profession) #15	2	criminal_(profession)_#15	author_substring	substring_unique_candidate	Other	Other	"[[""Other"",""Other""]]"	1	1	"[""criminal""]"	[1792]	"[[""Other"",""Other""]]"	[1792]	Other	Other	criminal	0	0	[]	0	0	"[""substring_requires_transfer_review""]"		out_of_scope	high	formal_author_other_previously_out_of_scope	"[""substring_requires_transfer_review""]"	0	freebase_bhht_author_lookup_v1	lookup_candidate_not_frozen	"[""Charles Manson"", ""Ted Bundy""]"
1071	Radio DJ	2	radio_dj	author_substring	substring_unique_candidate	Culture	Culture-periphery	"[[""Culture"",""Culture-periphery""]]"	1	1	"[""_dj_"",""_radio_""]"	[575,579]	"[[""Culture"",""Culture-periphery""]]"	[575,579]	Culture	Culture-periphery	_dj_	0	0	[]	0	0	"[""substring_requires_transfer_review""]"	Culture	proposed	high	agrees_with_previous_llm	"[""substring_requires_transfer_review""]"	0	freebase_bhht_author_lookup_v1	lookup_candidate_not_frozen	"[""Chris Hardwick"", ""Joy Rene Smith""]"
1072	Defense policy analyst	2	defense_policy_analyst	author_substring	substring_unique_candidate	Other	Worker/Business (small)	"[[""Other"",""Worker/Business (small)""]]"	1	1	"[""analyst""]"	[1514]	"[[""Other"",""Worker/Business (small)""]]"	[1514]	Other	Worker/Business (small)	analyst	0	0	[]	0	0	"[""substring_requires_transfer_review""]"	Leadership	proposed	medium	differs_from_previous_llm	"[""substring_requires_transfer_review"",""previous_llm_l1_disagreement""]"	0	freebase_bhht_author_lookup_v1	lookup_candidate_not_frozen	"[""Chris Morris (Novelist)"", ""Janet Morris""]"
1073	Gamekeeper	2	gamekeeper	author_substring	substring_unique_candidate	Sports/Games	Sports/Games	"[[""Sports/Games"",""Sports/Games""]]"	1	1	"[""_game""]"	[12]	"[[""Sports/Games"",""Sports/Games""]]"	[12]	Sports/Games	Sports/Games	_game	0	0	[]	0	0	"[""substring_requires_transfer_review""]"		out_of_scope	high	author_candidate_previous_out_of_scope	"[""substring_requires_transfer_review""]"	0	freebase_bhht_author_lookup_v1	lookup_candidate_not_frozen	"[""Chuck Franco"", ""Jacob Fiennes""]"
1076	Fashion entrepreneur	2	fashion_entrepreneur	author_substring	substring_unique_candidate	Leadership	Corporate/Executive/Business (large)	"[[""Leadership"",""Corporate/Executive/Business (large)""]]"	1	1	"[""entrepreneur""]"	[1222]	"[[""Leadership"",""Corporate/Executive/Business (large)""]]"	[1222]	Leadership	Corporate/Executive/Business (large)	entrepreneur	0	0	[]	0	0	"[""substring_requires_transfer_review""]"	Leadership	proposed	high	agrees_with_previous_llm	"[""substring_requires_transfer_review""]"	0	freebase_bhht_author_lookup_v1	lookup_candidate_not_frozen	"[""Cristiano Ronaldo"", ""Randy Hubbard Parker""]"
1081	Executive Management	2	executive_management	author_substring	substring_unique_candidate	Leadership	Corporate/Executive/Business (large)	"[[""Leadership"",""Corporate/Executive/Business (large)""]]"	1	1	"[""executive"",""management""]"	[1223,1233]	"[[""Leadership"",""Corporate/Executive/Business (large)""]]"	[1223,1233]	Leadership	Corporate/Executive/Business (large)	executive	0	0	[]	0	0	"[""substring_requires_transfer_review""]"		needs_review	low	author_candidate_previous_needs_review	"[""substring_requires_transfer_review""]"	0	freebase_bhht_author_lookup_v1	lookup_candidate_not_frozen	"[""Dan Topping, Jr."", ""Sergey Brin""]"
1082	Emergency medical technician	2	emergency_medical_technician	author_substring	substring_cross_l1_conflict			"[[""Discovery/Science"",""Academia""],[""Other"",""Worker/Business (small)""]]"	2	2	"[""medical"",""technician""]"	[812,1698]	"[[""Discovery/Science"",""Academia""],[""Other"",""Worker/Business (small)""]]"	[812,1698]	Discovery/Science	Academia	medical	0	0	[]	0	0	"[""substring_requires_transfer_review"",""multiple_author_l1_candidates""]"	Discovery/Science	proposed	high	no_unique_author_l1_candidate	"[""substring_requires_transfer_review"",""multiple_author_l1_candidates""]"	0	freebase_bhht_author_lookup_v1	lookup_candidate_not_frozen	"[""Danuta Siedzikówna"", ""Patricia Seagal""]"
1083	Political campaigner	2	political_campaigner	author_substring	substring_unique_candidate	Leadership	Politics	"[[""Leadership"",""Politics""]]"	1	1	"[""campaign"",""political""]"	[948,1013]	"[[""Leadership"",""Politics""]]"	[948,1013]	Leadership	Politics	campaign	0	0	[]	0	0	"[""substring_requires_transfer_review""]"	Leadership	proposed	high	agrees_with_previous_llm	"[""substring_requires_transfer_review""]"	0	freebase_bhht_author_lookup_v1	lookup_candidate_not_frozen	"[""Dario Fo"", ""Ted Bundy""]"
1085	Environmental health officer	2	environmental_health_officer	author_substring	substring_unique_candidate	Leadership	Military	"[[""Leadership"",""Military""]]"	1	1	"[""officer_""]"	[1412]	"[[""Leadership"",""Military""]]"	[1412]	Leadership	Military	officer_	0	0	[]	0	0	"[""substring_requires_transfer_review""]"	Discovery/Science	proposed	high	differs_from_previous_llm	"[""substring_requires_transfer_review"",""previous_llm_l1_disagreement""]"	0	freebase_bhht_author_lookup_v1	lookup_candidate_not_frozen	"[""Denise Williams (Person)"", ""Paul Williams (Person) #16""]"
1086	Television executive producer	2	television_executive_producer	author_substring	substring_cross_l1_conflict			"[[""Culture"",""Culture-core""],[""Culture"",""Culture-periphery""],[""Leadership"",""Corporate/Executive/Business (large)""]]"	2	3	"[""producer"",""television"",""executive""]"	[506,655,1223]	"[[""Culture"",""Culture-core""],[""Culture"",""Culture-periphery""],[""Leadership"",""Corporate/Executive/Business (large)""]]"	[506,655,1223]	Culture	Culture-core	producer	0	0	[]	0	0	"[""substring_requires_transfer_review"",""multiple_author_l1_candidates""]"	Culture	proposed	high	no_unique_author_l1_candidate	"[""substring_requires_transfer_review"",""multiple_author_l1_candidates""]"	0	freebase_bhht_author_lookup_v1	lookup_candidate_not_frozen	"[""Dick Ebersol"", ""Jimmy Osmond""]"
1087	Fetish model	2	fetish_model	author_substring	substring_unique_candidate	Culture	Culture-periphery	"[[""Culture"",""Culture-periphery""]]"	1	1	"[""_model_""]"	[577]	"[[""Culture"",""Culture-periphery""]]"	[577]	Culture	Culture-periphery	_model_	0	0	[]	0	0	"[""substring_requires_transfer_review""]"	Culture	proposed	medium	agrees_with_previous_llm	"[""substring_requires_transfer_review""]"	0	freebase_bhht_author_lookup_v1	lookup_candidate_not_frozen	"[""Dita Von Teese"", ""Linse Kessler""]"
1088	Drag queen	2	drag_queen	author_substring	substring_unique_candidate	Leadership	Nobility	"[[""Leadership"",""Nobility""]]"	1	1	"[""_queen_""]"	[1122]	"[[""Leadership"",""Nobility""]]"	[1122]	Leadership	Nobility	_queen_	0	0	[]	0	0	"[""substring_requires_transfer_review""]"	Culture	proposed	high	differs_from_previous_llm	"[""substring_requires_transfer_review"",""previous_llm_l1_disagreement""]"	0	freebase_bhht_author_lookup_v1	lookup_candidate_not_frozen	"[""Divine"", ""James St. James""]"
1091	American Football Official	2	american_football_official	author_substring	substring_unique_candidate	Sports/Games	Sports/Games	"[[""Sports/Games"",""Sports/Games""]]"	1	1	"[""football""]"	[101]	"[[""Sports/Games"",""Sports/Games""]]"	[101]	Sports/Games	Sports/Games	football	0	0	[]	0	0	"[""substring_requires_transfer_review""]"	Sports/Games	proposed	high	agrees_with_previous_llm	"[""substring_requires_transfer_review""]"	0	freebase_bhht_author_lookup_v1	lookup_candidate_not_frozen	"[""Don Carey (American Football Official)"", ""Mike Carey (Referee)""]"
1092	Puppet Designer	2	puppet_designer	author_substring	substring_unique_candidate	Culture	Culture-periphery	"[[""Culture"",""Culture-periphery""]]"	1	1	"[""designer""]"	[606]	"[[""Culture"",""Culture-periphery""]]"	[606]	Culture	Culture-periphery	designer	0	0	[]	0	0	"[""substring_requires_transfer_review""]"	Culture	proposed	high	agrees_with_previous_llm	"[""substring_requires_transfer_review""]"	0	freebase_bhht_author_lookup_v1	lookup_candidate_not_frozen	"[""Don Sahlin"", ""Norman Hetherington""]"
1093	English Professor	2	english_professor	author_substring	substring_unique_candidate	Discovery/Science	Academia	"[[""Discovery/Science"",""Academia""]]"	1	1	"[""professor""]"	[878]	"[[""Discovery/Science"",""Academia""]]"	[878]	Discovery/Science	Academia	professor	0	0	[]	0	0	"[""substring_requires_transfer_review""]"	Discovery/Science	proposed	medium	agrees_with_previous_llm	"[""substring_requires_transfer_review""]"	0	freebase_bhht_author_lookup_v1	lookup_candidate_not_frozen	"[""Donald S. Cheney"", ""Sheila Cabase""]"
1095	Graphic Novelist	2	graphic_novelist	author_substring	substring_unique_candidate	Culture	Culture-core	"[[""Culture"",""Culture-core""]]"	1	1	"[""novelist""]"	[474]	"[[""Culture"",""Culture-core""]]"	[474]	Culture	Culture-core	novelist	0	0	[]	0	0	"[""substring_requires_transfer_review""]"	Culture	proposed	high	agrees_with_previous_llm	"[""substring_requires_transfer_review""]"	0	freebase_bhht_author_lookup_v1	lookup_candidate_not_frozen	"[""Douglas Rushkoff"", ""Neil Gaiman""]"
1096	Co-founder and Business Executive	2	co-founder_and_business_executive	author_substring	substring_unique_candidate	Leadership	Corporate/Executive/Business (large)	"[[""Leadership"",""Corporate/Executive/Business (large)""]]"	1	1	"[""business"",""executive""]"	[1218,1223]	"[[""Leadership"",""Corporate/Executive/Business (large)""]]"	[1218,1223]	Leadership	Corporate/Executive/Business (large)	business	0	0	[]	0	0	"[""substring_requires_transfer_review""]"	Leadership	proposed	medium	agrees_with_previous_llm	"[""substring_requires_transfer_review""]"	0	freebase_bhht_author_lookup_v1	lookup_candidate_not_frozen	"[""Drew Harden"", ""Harry Marvin""]"
1099	Paranormal Investigator	2	paranormal_investigator	author_substring	substring_unique_candidate	Other	Worker/Business (small)	"[[""Other"",""Worker/Business (small)""]]"	1	1	"[""_investigator""]"	[1467]	"[[""Other"",""Worker/Business (small)""]]"	[1467]	Other	Worker/Business (small)	_investigator	0	0	[]	0	0	"[""substring_requires_transfer_review""]"		needs_review	low	author_candidate_previous_needs_review	"[""substring_requires_transfer_review""]"	0	freebase_bhht_author_lookup_v1	lookup_candidate_not_frozen	"[""Ed Warren"", ""Lorraine Warren""]"
1100	Civil Rights Leader	2	civil_rights_leader	author_substring	substring_unique_candidate	Leadership	Politics	"[[""Leadership"",""Politics""]]"	1	1	"[""civil_rights""]"	[952]	"[[""Leadership"",""Politics""]]"	[952]	Leadership	Politics	civil_rights	0	0	[]	0	0	"[""substring_requires_transfer_review""]"	Leadership	proposed	high	agrees_with_previous_llm	"[""substring_requires_transfer_review""]"	0	freebase_bhht_author_lookup_v1	lookup_candidate_not_frozen	"[""Edgar Nixon"", ""James Forman""]"
1102	Theater Actress	2	theater_actress	author_substring	substring_unique_candidate	Culture	Culture-core	"[[""Culture"",""Culture-core""]]"	1	1	"[""actress"",""theater""]"	[345,549]	"[[""Culture"",""Culture-core""]]"	[345,549]	Culture	Culture-core	actress	0	0	[]	0	0	"[""substring_requires_transfer_review""]"	Culture	proposed	medium	agrees_with_previous_llm	"[""substring_requires_transfer_review""]"	0	freebase_bhht_author_lookup_v1	lookup_candidate_not_frozen	"[""Eliza Poe"", ""Florette Hillier""]"
1104	Materials Scientist	2	materials_scientist	author_substring	substring_unique_candidate	Discovery/Science	Academia	"[[""Discovery/Science"",""Academia""]]"	1	1	"[""scientist""]"	[894]	"[[""Discovery/Science"",""Academia""]]"	[894]	Discovery/Science	Academia	scientist	0	0	[]	0	0	"[""substring_requires_transfer_review""]"	Discovery/Science	proposed	high	agrees_with_previous_llm	"[""substring_requires_transfer_review""]"	0	freebase_bhht_author_lookup_v1	lookup_candidate_not_frozen	"[""Erik Winfree"", ""Steve Acquah""]"
1107	Network executive	2	network_executive	author_substring	substring_unique_candidate	Leadership	Corporate/Executive/Business (large)	"[[""Leadership"",""Corporate/Executive/Business (large)""]]"	1	1	"[""executive""]"	[1223]	"[[""Leadership"",""Corporate/Executive/Business (large)""]]"	[1223]	Leadership	Corporate/Executive/Business (large)	executive	0	0	[]	0	0	"[""substring_requires_transfer_review""]"	Leadership	proposed	high	agrees_with_previous_llm	"[""substring_requires_transfer_review""]"	0	freebase_bhht_author_lookup_v1	lookup_candidate_not_frozen	"[""Eugene Pleshette"", ""Ted Harbert""]"
1110	Child singer	2	child_singer	author_substring	substring_cross_l1_conflict			"[[""Culture"",""Culture-core""],[""Other"",""Family""]]"	2	2	"[""singer"",""child_""]"	[529,1727]	"[[""Culture"",""Culture-core""],[""Other"",""Family""]]"	[529,1727]	Culture	Culture-core	singer	0	0	[]	0	0	"[""substring_requires_transfer_review"",""multiple_author_l1_candidates""]"	Culture	proposed	high	no_unique_author_l1_candidate	"[""substring_requires_transfer_review"",""multiple_author_l1_candidates""]"	0	freebase_bhht_author_lookup_v1	lookup_candidate_not_frozen	"[""Famie Kaufman"", ""Sarthak Kalyani""]"
1112	Dialogue Editor	2	dialogue_editor	author_substring	substring_unique_candidate	Culture	Culture-periphery	"[[""Culture"",""Culture-periphery""]]"	1	1	"[""editor""]"	[612]	"[[""Culture"",""Culture-periphery""]]"	[612]	Culture	Culture-periphery	editor	0	0	[]	0	0	"[""substring_requires_transfer_review""]"	Culture	proposed	high	agrees_with_previous_llm	"[""substring_requires_transfer_review""]"	0	freebase_bhht_author_lookup_v1	lookup_candidate_not_frozen	"[""Fiamma Maglione"", ""Kira Roessler""]"
1114	Government agent	2	government_agent	author_substring	substring_unique_candidate	Leadership	Politics	"[[""Leadership"",""Politics""]]"	1	1	"[""government""]"	[982]	"[[""Leadership"",""Politics""]]"	[982]	Leadership	Politics	government	0	0	[]	0	0	"[""substring_requires_transfer_review""]"		needs_review	low	author_candidate_previous_needs_review	"[""substring_requires_transfer_review""]"	0	freebase_bhht_author_lookup_v1	lookup_candidate_not_frozen	"[""Floyd Eaton Chalkley"", ""G. Gordon Liddy""]"
1115	Civil law notary	2	civil_law_notary	author_substring	substring_unique_candidate	Leadership	Administration/Law	"[[""Leadership"",""Administration/Law""]]"	1	1	"[""_law_"",""notary""]"	[1052,1088]	"[[""Leadership"",""Administration/Law""]]"	[1052,1088]	Leadership	Administration/Law	_law_	0	0	[]	0	0	"[""substring_requires_transfer_review""]"	Leadership	proposed	high	agrees_with_previous_llm	"[""substring_requires_transfer_review""]"	0	freebase_bhht_author_lookup_v1	lookup_candidate_not_frozen	"[""Francesc de Paula Espriu i Torres"", ""Ioana Băsescu""]"
1116	Script supervisor	2	script_supervisor	author_substring	substring_unique_candidate	Culture	Culture-core	"[[""Culture"",""Culture-core""]]"	1	1	"[""_script_""]"	[332]	"[[""Culture"",""Culture-core""]]"	[332]	Culture	Culture-core	_script_	0	0	[]	0	0	"[""substring_requires_transfer_review""]"	Culture	proposed	high	agrees_with_previous_llm	"[""substring_requires_transfer_review""]"	0	freebase_bhht_author_lookup_v1	lookup_candidate_not_frozen	"[""Francisco Pinhão Botelho"", ""Lucie Lichtig""]"
1118	TV Art Director	2	tv_art_director	author_substring	substring_unique_candidate	Culture	Culture-core	"[[""Culture"",""Culture-core""]]"	1	1	"[""art_director""]"	[351]	"[[""Culture"",""Culture-core""]]"	[351]	Culture	Culture-core	art_director	0	0	[]	0	0	"[""substring_requires_transfer_review""]"	Culture	proposed	high	agrees_with_previous_llm	"[""substring_requires_transfer_review""]"	0	freebase_bhht_author_lookup_v1	lookup_candidate_not_frozen	"[""Frank White (Production Designer)"", ""Jane Musky""]"
1119	Agricultural Scientist	2	agricultural_scientist	author_substring	substring_unique_candidate	Discovery/Science	Academia	"[[""Discovery/Science"",""Academia""]]"	1	1	"[""scientist""]"	[894]	"[[""Discovery/Science"",""Academia""]]"	[894]	Discovery/Science	Academia	scientist	0	0	[]	0	0	"[""substring_requires_transfer_review""]"	Discovery/Science	proposed	high	agrees_with_previous_llm	"[""substring_requires_transfer_review""]"	0	freebase_bhht_author_lookup_v1	lookup_candidate_not_frozen	"[""Franklin Hiram King"", ""Norman Borlaug""]"
1120	Big-game hunter	2	big-game_hunter	author_substring	substring_unique_candidate	Other	Worker/Business (small)	"[[""Other"",""Worker/Business (small)""]]"	1	1	"[""_hunter""]"	[1465]	"[[""Other"",""Worker/Business (small)""]]"	[1465]	Other	Worker/Business (small)	_hunter	0	0	[]	0	0	"[""substring_requires_transfer_review""]"		out_of_scope	medium	formal_author_other_previously_out_of_scope	"[""substring_requires_transfer_review""]"	0	freebase_bhht_author_lookup_v1	lookup_candidate_not_frozen	"[""Frederick Selous"", ""Patrick Hemingway""]"
1123	Character Designer	2	character_designer	author_substring	substring_unique_candidate	Culture	Culture-periphery	"[[""Culture"",""Culture-periphery""]]"	1	1	"[""designer""]"	[606]	"[[""Culture"",""Culture-periphery""]]"	[606]	Culture	Culture-periphery	designer	0	0	[]	0	0	"[""substring_requires_transfer_review""]"	Culture	proposed	medium	agrees_with_previous_llm	"[""substring_requires_transfer_review""]"	0	freebase_bhht_author_lookup_v1	lookup_candidate_not_frozen	"[""Gene Barretta"", ""Keita Amemiya""]"
1125	Parapsychologist	2	parapsychologist	author_substring	substring_unique_candidate	Discovery/Science	Academia	"[[""Discovery/Science"",""Academia""]]"	1	1	"[""psychologist""]"	[883]	"[[""Discovery/Science"",""Academia""]]"	[883]	Discovery/Science	Academia	psychologist	0	0	[]	0	0	"[""substring_requires_transfer_review""]"	Discovery/Science	proposed	high	agrees_with_previous_llm	"[""substring_requires_transfer_review""]"	0	freebase_bhht_author_lookup_v1	lookup_candidate_not_frozen	"[""Gerard Croiset"", ""John Beloff""]"
1126	noblewoman	2	noblewoman	author_substring	substring_unique_candidate	Leadership	Nobility	"[[""Leadership"",""Nobility""]]"	1	1	"[""noble""]"	[1158]	"[[""Leadership"",""Nobility""]]"	[1158]	Leadership	Nobility	noble	0	0	[]	0	0	"[""substring_requires_transfer_review""]"	Leadership	proposed	medium	agrees_with_previous_llm	"[""substring_requires_transfer_review""]"	0	freebase_bhht_author_lookup_v1	lookup_candidate_not_frozen	"[""Gertrud von Hindenburg"", ""Walburga Habsburg Douglas""]"
1127	Digital Marketing Consultant (Profession) #1	2	digital_marketing_consultant_(profession)_#1	author_substring	substring_unique_candidate	Other	Worker/Business (small)	"[[""Other"",""Worker/Business (small)""]]"	1	1	"[""consultant"",""marketing""]"	[1566,1649]	"[[""Other"",""Worker/Business (small)""]]"	[1566,1649]	Other	Worker/Business (small)	consultant	0	0	[]	0	0	"[""substring_requires_transfer_review""]"		needs_review	medium	author_candidate_previous_needs_review	"[""substring_requires_transfer_review""]"	0	freebase_bhht_author_lookup_v1	lookup_candidate_not_frozen	"[""Ghanshyam Shah (m/012zmpg_)"", ""m/012zyjjh""]"
1129	Theatre teacher	2	theatre_teacher	author_substring	substring_cross_l1_conflict			"[[""Culture"",""Culture-core""],[""Discovery/Science"",""Academia""]]"	2	2	"[""theatre"",""teacher_""]"	[550,910]	"[[""Culture"",""Culture-core""],[""Discovery/Science"",""Academia""]]"	[550,910]	Culture	Culture-core	theatre	0	0	[]	0	0	"[""substring_requires_transfer_review"",""multiple_author_l1_candidates""]"		needs_review	low	no_unique_author_l1_candidate	"[""substring_requires_transfer_review"",""multiple_author_l1_candidates""]"	0	freebase_bhht_author_lookup_v1	lookup_candidate_not_frozen	"[""Grant Dodwell"", ""Michael Emerson""]"
1130	Systems Programmer	2	systems_programmer	author_substring	substring_unique_candidate	Discovery/Science	Explorer/Inventor/Developer	"[[""Discovery/Science"",""Explorer/Inventor/Developer""]]"	1	1	"[""programmer""]"	[1202]	"[[""Discovery/Science"",""Explorer/Inventor/Developer""]]"	[1202]	Discovery/Science	Explorer/Inventor/Developer	programmer	0	0	[]	0	0	"[""substring_requires_transfer_review""]"	Discovery/Science	proposed	high	agrees_with_previous_llm	"[""substring_requires_transfer_review""]"	0	freebase_bhht_author_lookup_v1	lookup_candidate_not_frozen	"[""Guido van Rossum"", ""John Bäckstrand""]"
1131	Social Psychologist	2	social_psychologist	author_substring	substring_unique_candidate	Discovery/Science	Academia	"[[""Discovery/Science"",""Academia""]]"	1	1	"[""psychologist""]"	[883]	"[[""Discovery/Science"",""Academia""]]"	[883]	Discovery/Science	Academia	psychologist	0	0	[]	0	0	"[""substring_requires_transfer_review""]"	Discovery/Science	proposed	high	agrees_with_previous_llm	"[""substring_requires_transfer_review""]"	0	freebase_bhht_author_lookup_v1	lookup_candidate_not_frozen	"[""Gustave Le Bon"", ""Jennifer Eberhardt""]"
1134	Geochemist	2	geochemist	author_substring	substring_unique_candidate	Discovery/Science	Academia	"[[""Discovery/Science"",""Academia""]]"	1	1	"[""chemist""]"	[715]	"[[""Discovery/Science"",""Academia""]]"	[715]	Discovery/Science	Academia	chemist	0	0	[]	0	0	"[""substring_requires_transfer_review""]"	Discovery/Science	proposed	high	agrees_with_previous_llm	"[""substring_requires_transfer_review""]"	0	freebase_bhht_author_lookup_v1	lookup_candidate_not_frozen	"[""Harrison Brown"", ""Vladimir Vernadsky""]"
1137	Folk Artist	2	folk_artist	author_substring	substring_unique_candidate	Culture	Culture-core	"[[""Culture"",""Culture-core""]]"	1	1	"[""_artist""]"	[304]	"[[""Culture"",""Culture-core""]]"	[304]	Culture	Culture-core	_artist	0	0	[]	0	0	"[""substring_requires_transfer_review""]"	Culture	proposed	high	agrees_with_previous_llm	"[""substring_requires_transfer_review""]"	0	freebase_bhht_author_lookup_v1	lookup_candidate_not_frozen	"[""Haydée Scull"", ""Sahara Scull""]"
1138	Tax advisor	2	tax_advisor	author_substring	substring_unique_candidate	Leadership	Politics	"[[""Leadership"",""Politics""]]"	1	1	"[""advisor""]"	[940]	"[[""Leadership"",""Politics""]]"	[940]	Leadership	Politics	advisor	0	0	[]	0	0	"[""substring_requires_transfer_review""]"		needs_review	low	author_candidate_previous_needs_review	"[""substring_requires_transfer_review""]"	0	freebase_bhht_author_lookup_v1	lookup_candidate_not_frozen	"[""Heather Biggs"", ""Robert Moszkowicz""]"
1140	Clerk (Profession) #147	2	clerk_(profession)_#147	author_substring	substring_unique_candidate	Other	Worker/Business (small)	"[[""Other"",""Worker/Business (small)""]]"	1	1	"[""_clerk""]"	[1446]	"[[""Other"",""Worker/Business (small)""]]"	[1446]	Other	Worker/Business (small)	_clerk	0	0	[]	0	0	"[""substring_requires_transfer_review""]"		needs_review	low	author_candidate_previous_needs_review	"[""substring_requires_transfer_review""]"	0	freebase_bhht_author_lookup_v1	lookup_candidate_not_frozen	"[""Henry Fowke Burnaby"", ""Jared Tallent""]"
1142	Chartered Surveyor	2	chartered_surveyor	author_substring	substring_unique_candidate	Other	Worker/Business (small)	"[[""Other"",""Worker/Business (small)""]]"	1	1	"[""surveyor""]"	[1694]	"[[""Other"",""Worker/Business (small)""]]"	[1694]	Other	Worker/Business (small)	surveyor	0	0	[]	0	0	"[""substring_requires_transfer_review""]"		needs_review	low	author_candidate_previous_needs_review	"[""substring_requires_transfer_review""]"	0	freebase_bhht_author_lookup_v1	lookup_candidate_not_frozen	"[""Henry Somerset, Marquess of Worcester"", ""Tim Aitchison""]"
1144	Architectural historian (Profession) #1	2	architectural_historian_(profession)_#1	author_substring	substring_cross_l1_conflict			"[[""Culture"",""Culture-periphery""],[""Discovery/Science"",""Academia""]]"	2	2	"[""architect"",""historian""]"	[586,783]	"[[""Culture"",""Culture-periphery""],[""Discovery/Science"",""Academia""]]"	[586,783]	Culture	Culture-periphery	architect	0	0	[]	0	0	"[""substring_requires_transfer_review"",""multiple_author_l1_candidates""]"	Discovery/Science	proposed	medium	no_unique_author_l1_candidate	"[""substring_requires_transfer_review"",""multiple_author_l1_candidates""]"	0	freebase_bhht_author_lookup_v1	lookup_candidate_not_frozen	"[""Henry-Russell Hitchcock"", ""Sir Banister Fletcher""]"
1145	Peking opera	2	peking_opera	author_substring	substring_unique_candidate	Culture	Culture-core	"[[""Culture"",""Culture-core""]]"	1	1	"[""_opera_""]"	[326]	"[[""Culture"",""Culture-core""]]"	[326]	Culture	Culture-core	_opera_	0	0	[]	0	0	"[""substring_requires_transfer_review""]"	Culture	proposed	high	agrees_with_previous_llm	"[""substring_requires_transfer_review""]"	0	freebase_bhht_author_lookup_v1	lookup_candidate_not_frozen	"[""Hoi-Yung Shin"", ""Yu Ming Kui""]"
1146	Road manager	2	road_manager	author_substring	substring_unique_candidate	Leadership	Corporate/Executive/Business (large)	"[[""Leadership"",""Corporate/Executive/Business (large)""]]"	1	1	"[""manager""]"	[1234]	"[[""Leadership"",""Corporate/Executive/Business (large)""]]"	[1234]	Leadership	Corporate/Executive/Business (large)	manager	0	0	[]	0	0	"[""substring_requires_transfer_review""]"	Culture	proposed	high	differs_from_previous_llm	"[""substring_requires_transfer_review"",""previous_llm_l1_disagreement""]"	0	freebase_bhht_author_lookup_v1	lookup_candidate_not_frozen	"[""Howard Bellamy"", ""Peter Watts (Audio engineer)""]"
1148	Hermit (Profession)	2	hermit_(profession)	author_substring	substring_unique_candidate	Leadership	Religious	"[[""Leadership"",""Religious""]]"	1	1	"[""hermit""]"	[1314]	"[[""Leadership"",""Religious""]]"	[1314]	Leadership	Religious	hermit	0	0	[]	0	0	"[""substring_requires_transfer_review""]"		out_of_scope	high	author_candidate_previous_out_of_scope	"[""substring_requires_transfer_review""]"	0	freebase_bhht_author_lookup_v1	lookup_candidate_not_frozen	"[""Ignatius of Loyola"", ""Saint Tarsicia of Rodez""]"
1150	Naval Architect	2	naval_architect	author_substring	substring_cross_l1_conflict			"[[""Culture"",""Culture-periphery""],[""Leadership"",""Military""]]"	2	2	"[""architect"",""naval_""]"	[586,1409]	"[[""Culture"",""Culture-periphery""],[""Leadership"",""Military""]]"	[586,1409]	Culture	Culture-periphery	architect	0	0	[]	0	0	"[""substring_requires_transfer_review"",""multiple_author_l1_candidates""]"	Discovery/Science	proposed	medium	no_unique_author_l1_candidate	"[""substring_requires_transfer_review"",""multiple_author_l1_candidates""]"	0	freebase_bhht_author_lookup_v1	lookup_candidate_not_frozen	"[""Irina Konstantinova-Bontemps"", ""Joel White""]"
1151	Art History Professor	2	art_history_professor	author_substring	substring_unique_candidate	Discovery/Science	Academia	"[[""Discovery/Science"",""Academia""]]"	1	1	"[""professor""]"	[878]	"[[""Discovery/Science"",""Academia""]]"	[878]	Discovery/Science	Academia	professor	0	0	[]	0	0	"[""substring_requires_transfer_review""]"	Discovery/Science	proposed	high	agrees_with_previous_llm	"[""substring_requires_transfer_review""]"	0	freebase_bhht_author_lookup_v1	lookup_candidate_not_frozen	"[""Iris Hofmeister Cheney"", ""Nina Tumarkin""]"
1154	SEO Consultant	2	seo_consultant	author_substring	substring_unique_candidate	Other	Worker/Business (small)	"[[""Other"",""Worker/Business (small)""]]"	1	1	"[""consultant""]"	[1566]	"[[""Other"",""Worker/Business (small)""]]"	[1566]	Other	Worker/Business (small)	consultant	0	0	[]	0	0	"[""substring_requires_transfer_review""]"		needs_review	medium	author_candidate_previous_needs_review	"[""substring_requires_transfer_review""]"	0	freebase_bhht_author_lookup_v1	lookup_candidate_not_frozen	"[""Jason BARNARD"", ""m/012zyjjh""]"
1155	Mental health counselor	2	mental_health_counselor	author_substring	substring_unique_candidate	Other	Worker/Business (small)	"[[""Other"",""Worker/Business (small)""]]"	1	1	"[""counselor""]"	[1571]	"[[""Other"",""Worker/Business (small)""]]"	[1571]	Other	Worker/Business (small)	counselor	0	0	[]	0	0	"[""substring_requires_transfer_review""]"	Discovery/Science	proposed	high	differs_from_previous_llm	"[""substring_requires_transfer_review"",""previous_llm_l1_disagreement""]"	0	freebase_bhht_author_lookup_v1	lookup_candidate_not_frozen	"[""Je'Niece Childress"", ""Kent S. Slayton""]"
1157	Softball Player	2	softball_player	author_substring	substring_unique_candidate	Sports/Games	Sports/Games	"[[""Sports/Games"",""Sports/Games""]]"	1	1	"[""player"",""softball""]"	[189,251]	"[[""Sports/Games"",""Sports/Games""]]"	[189,251]	Sports/Games	Sports/Games	player	0	0	[]	0	0	"[""substring_requires_transfer_review""]"	Sports/Games	proposed	high	agrees_with_previous_llm	"[""substring_requires_transfer_review""]"	0	freebase_bhht_author_lookup_v1	lookup_candidate_not_frozen	"[""Jennie Finch"", ""Marjorie Lorraine Dickey""]"
1161	Special Needs Counsellor	2	special_needs_counsellor	author_substring	substring_unique_candidate	Other	Worker/Business (small)	"[[""Other"",""Worker/Business (small)""]]"	1	1	"[""counsellor""]"	[1570]	"[[""Other"",""Worker/Business (small)""]]"	[1570]	Other	Worker/Business (small)	counsellor	0	0	[]	0	0	"[""substring_requires_transfer_review""]"	Discovery/Science	proposed	high	differs_from_previous_llm	"[""substring_requires_transfer_review"",""previous_llm_l1_disagreement""]"	0	freebase_bhht_author_lookup_v1	lookup_candidate_not_frozen	"[""Jocelyn Hammer"", ""Lucinda Gail Finlayson""]"
1162	Business Owner	2	business_owner	author_substring	substring_unique_candidate	Leadership	Corporate/Executive/Business (large)	"[[""Leadership"",""Corporate/Executive/Business (large)""]]"	1	1	"[""business""]"	[1218]	"[[""Leadership"",""Corporate/Executive/Business (large)""]]"	[1218]	Leadership	Corporate/Executive/Business (large)	business	0	0	[]	0	0	"[""substring_requires_transfer_review""]"	Leadership	proposed	medium	agrees_with_previous_llm	"[""substring_requires_transfer_review""]"	0	freebase_bhht_author_lookup_v1	lookup_candidate_not_frozen	"[""Joel Glenn Wright (Organisation leader) #1"", ""Sherry Pollex""]"
1163	Digital marketing	2	digital_marketing	author_substring	substring_unique_candidate	Other	Worker/Business (small)	"[[""Other"",""Worker/Business (small)""]]"	1	1	"[""marketing""]"	[1649]	"[[""Other"",""Worker/Business (small)""]]"	[1649]	Other	Worker/Business (small)	marketing	0	0	[]	0	0	"[""substring_requires_transfer_review""]"		needs_review	low	author_candidate_previous_needs_review	"[""substring_requires_transfer_review""]"	0	freebase_bhht_author_lookup_v1	lookup_candidate_not_frozen	"[""Joel Glenn Wright (Organisation leader) #1"", ""Melissa Harden""]"
1166	Java Developer	2	java_developer	author_substring	substring_unique_candidate	Discovery/Science	Explorer/Inventor/Developer	"[[""Discovery/Science"",""Explorer/Inventor/Developer""]]"	1	1	"[""developer""]"	[1184]	"[[""Discovery/Science"",""Explorer/Inventor/Developer""]]"	[1184]	Discovery/Science	Explorer/Inventor/Developer	developer	0	0	[]	0	0	"[""substring_requires_transfer_review""]"	Discovery/Science	proposed	high	agrees_with_previous_llm	"[""substring_requires_transfer_review""]"	0	freebase_bhht_author_lookup_v1	lookup_candidate_not_frozen	"[""John Bäckstrand"", ""Timothy Fisher""]"
1167	Theater Manager	2	theater_manager	author_substring	substring_cross_l1_conflict			"[[""Culture"",""Culture-core""],[""Leadership"",""Corporate/Executive/Business (large)""]]"	2	2	"[""theater"",""manager""]"	[549,1234]	"[[""Culture"",""Culture-core""],[""Leadership"",""Corporate/Executive/Business (large)""]]"	[549,1234]	Culture	Culture-core	theater	0	0	[]	0	0	"[""substring_requires_transfer_review"",""multiple_author_l1_candidates""]"		needs_review	low	no_unique_author_l1_candidate	"[""substring_requires_transfer_review"",""multiple_author_l1_candidates""]"	0	freebase_bhht_author_lookup_v1	lookup_candidate_not_frozen	"[""John Houseman"", ""Maximilian Steiner""]"
1168	Emergency physician	2	emergency_physician	author_substring	substring_unique_candidate	Discovery/Science	Academia	"[[""Discovery/Science"",""Academia""]]"	1	1	"[""physician""]"	[867]	"[[""Discovery/Science"",""Academia""]]"	[867]	Discovery/Science	Academia	physician	0	0	[]	0	0	"[""substring_requires_transfer_review""]"	Discovery/Science	proposed	medium	agrees_with_previous_llm	"[""substring_requires_transfer_review""]"	0	freebase_bhht_author_lookup_v1	lookup_candidate_not_frozen	"[""John Kitzhaber"", ""Skylar Satenstein""]"
1169	Lieutenant colonel	2	lieutenant_colonel	author_substring	substring_unique_candidate	Leadership	Military	"[[""Leadership"",""Military""]]"	1	1	"[""colonel"",""lieutenant""]"	[1380,1402]	"[[""Leadership"",""Military""]]"	[1380,1402]	Leadership	Military	colonel	0	0	[]	0	0	"[""substring_requires_transfer_review""]"	Leadership	proposed	high	agrees_with_previous_llm	"[""substring_requires_transfer_review""]"	0	freebase_bhht_author_lookup_v1	lookup_candidate_not_frozen	"[""John McCrae"", ""William Stewart Walker""]"
1172	Vietnam veteran	2	vietnam_veteran	author_substring	substring_unique_candidate	Leadership	Military	"[[""Leadership"",""Military""]]"	1	1	"[""veteran""]"	[1427]	"[[""Leadership"",""Military""]]"	[1427]	Leadership	Military	veteran	0	0	[]	0	0	"[""substring_requires_transfer_review""]"		needs_review	low	author_candidate_previous_needs_review	"[""substring_requires_transfer_review""]"	0	freebase_bhht_author_lookup_v1	lookup_candidate_not_frozen	"[""John Wojtowicz"", ""Robert S. Woods""]"
1175	Clothing manufacturer	2	clothing_manufacturer	author_substring	substring_unique_candidate	Leadership	Corporate/Executive/Business (large)	"[[""Leadership"",""Corporate/Executive/Business (large)""]]"	1	1	"[""manufacturer""]"	[1235]	"[[""Leadership"",""Corporate/Executive/Business (large)""]]"	[1235]	Leadership	Corporate/Executive/Business (large)	manufacturer	0	0	[]	0	0	"[""substring_requires_transfer_review""]"		needs_review	low	author_candidate_previous_needs_review	"[""substring_requires_transfer_review""]"	0	freebase_bhht_author_lookup_v1	lookup_candidate_not_frozen	"[""Joseph Shatner"", ""Lester Freedman (Deceased Person) #1""]"
1178	Human Rights Lawyer	2	human_rights_lawyer	author_substring	substring_unique_candidate	Leadership	Administration/Law	"[[""Leadership"",""Administration/Law""]]"	1	1	"[""_lawyer""]"	[1053]	"[[""Leadership"",""Administration/Law""]]"	[1053]	Leadership	Administration/Law	_lawyer	0	0	[]	0	0	"[""substring_requires_transfer_review""]"	Leadership	proposed	high	agrees_with_previous_llm	"[""substring_requires_transfer_review""]"	0	freebase_bhht_author_lookup_v1	lookup_candidate_not_frozen	"[""Judith Chomsky"", ""Radhia Nasraoui""]"
1179	Typeface designer	2	typeface_designer	author_substring	substring_unique_candidate	Culture	Culture-periphery	"[[""Culture"",""Culture-periphery""]]"	1	1	"[""designer""]"	[606]	"[[""Culture"",""Culture-periphery""]]"	[606]	Culture	Culture-periphery	designer	0	0	[]	0	0	"[""substring_requires_transfer_review""]"	Culture	proposed	high	agrees_with_previous_llm	"[""substring_requires_transfer_review""]"	0	freebase_bhht_author_lookup_v1	lookup_candidate_not_frozen	"[""Just van Rossum"", ""William Dana Orcutt""]"
1181	Historian of Philosophy and Religion	2	historian_of_philosophy_and_religion	author_substring	substring_unique_candidate	Discovery/Science	Academia	"[[""Discovery/Science"",""Academia""]]"	1	1	"[""historian"",""philosophy""]"	[783,864]	"[[""Discovery/Science"",""Academia""]]"	[783,864]	Discovery/Science	Academia	historian	0	0	[]	0	0	"[""substring_requires_transfer_review""]"	Discovery/Science	proposed	high	agrees_with_previous_llm	"[""substring_requires_transfer_review""]"	0	freebase_bhht_author_lookup_v1	lookup_candidate_not_frozen	"[""Kamil Sipowicz"", ""Leszek Kołakowski""]"
1182	Petroleum geologist	2	petroleum_geologist	author_substring	substring_unique_candidate	Discovery/Science	Academia	"[[""Discovery/Science"",""Academia""]]"	1	1	"[""geologist""]"	[765]	"[[""Discovery/Science"",""Academia""]]"	[765]	Discovery/Science	Academia	geologist	0	0	[]	0	0	"[""substring_requires_transfer_review""]"	Discovery/Science	proposed	high	agrees_with_previous_llm	"[""substring_requires_transfer_review""]"	0	freebase_bhht_author_lookup_v1	lookup_candidate_not_frozen	"[""Kevin Duncan (Man)"", ""Terry Kramer (Businessperson)""]"
1185	Line producer	2	line_producer	author_substring	substring_unique_candidate	Culture	Culture-core	"[[""Culture"",""Culture-core""]]"	1	1	"[""producer""]"	[506]	"[[""Culture"",""Culture-core""]]"	[506]	Culture	Culture-core	producer	0	0	[]	0	0	"[""substring_requires_transfer_review""]"	Culture	proposed	high	agrees_with_previous_llm	"[""substring_requires_transfer_review""]"	0	freebase_bhht_author_lookup_v1	lookup_candidate_not_frozen	"[""Laura Bailey"", ""Lucio Trentini""]"
1186	Stage management	2	stage_management	author_substring	substring_cross_l1_conflict			"[[""Culture"",""Culture-core""],[""Leadership"",""Corporate/Executive/Business (large)""]]"	2	2	"[""_stage_"",""management""]"	[338,1233]	"[[""Culture"",""Culture-core""],[""Leadership"",""Corporate/Executive/Business (large)""]]"	[338,1233]	Culture	Culture-core	_stage_	0	0	[]	0	0	"[""substring_requires_transfer_review"",""multiple_author_l1_candidates""]"		needs_review	low	no_unique_author_l1_candidate	"[""substring_requires_transfer_review"",""multiple_author_l1_candidates""]"	0	freebase_bhht_author_lookup_v1	lookup_candidate_not_frozen	"[""Lawrence Kasha"", ""Trevor Bentham""]"
1189	Online Marketing Strategist	2	online_marketing_strategist	author_substring	substring_unique_candidate	Other	Worker/Business (small)	"[[""Other"",""Worker/Business (small)""]]"	1	1	"[""marketing""]"	[1649]	"[[""Other"",""Worker/Business (small)""]]"	[1649]	Other	Worker/Business (small)	marketing	0	0	[]	0	0	"[""substring_requires_transfer_review""]"		needs_review	low	author_candidate_previous_needs_review	"[""substring_requires_transfer_review""]"	0	freebase_bhht_author_lookup_v1	lookup_candidate_not_frozen	"[""Lijorocky Vadakedath Joseph"", ""m/012zvydj""]"
1190	Broadway Producer	2	broadway_producer	author_substring	substring_unique_candidate	Culture	Culture-core	"[[""Culture"",""Culture-core""]]"	1	1	"[""producer""]"	[506]	"[[""Culture"",""Culture-core""]]"	[506]	Culture	Culture-core	producer	0	0	[]	0	0	"[""substring_requires_transfer_review""]"	Culture	proposed	high	agrees_with_previous_llm	"[""substring_requires_transfer_review""]"	0	freebase_bhht_author_lookup_v1	lookup_candidate_not_frozen	"[""Liska March"", ""Peggy Fears""]"
1192	Title Designer	2	title_designer	author_substring	substring_unique_candidate	Culture	Culture-periphery	"[[""Culture"",""Culture-periphery""]]"	1	1	"[""designer""]"	[606]	"[[""Culture"",""Culture-periphery""]]"	[606]	Culture	Culture-periphery	designer	0	0	[]	0	0	"[""substring_requires_transfer_review""]"	Culture	proposed	medium	agrees_with_previous_llm	"[""substring_requires_transfer_review""]"	0	freebase_bhht_author_lookup_v1	lookup_candidate_not_frozen	"[""Marcus Ringrose"", ""Pablo Ferro""]"
1193	Cultural Anthropologist	2	cultural_anthropologist	author_substring	substring_unique_candidate	Discovery/Science	Academia	"[[""Discovery/Science"",""Academia""]]"	1	1	"[""anthropologist""]"	[685]	"[[""Discovery/Science"",""Academia""]]"	[685]	Discovery/Science	Academia	anthropologist	0	0	[]	0	0	"[""substring_requires_transfer_review""]"	Discovery/Science	proposed	high	agrees_with_previous_llm	"[""substring_requires_transfer_review""]"	0	freebase_bhht_author_lookup_v1	lookup_candidate_not_frozen	"[""Margaret Mead"", ""Mary Catherine Bateson""]"
1197	Ecommerce Consultant	2	ecommerce_consultant	author_substring	substring_unique_candidate	Other	Worker/Business (small)	"[[""Other"",""Worker/Business (small)""]]"	1	1	"[""consultant""]"	[1566]	"[[""Other"",""Worker/Business (small)""]]"	[1566]	Other	Worker/Business (small)	consultant	0	0	[]	0	0	"[""substring_requires_transfer_review""]"		needs_review	low	author_candidate_previous_needs_review	"[""substring_requires_transfer_review""]"	0	freebase_bhht_author_lookup_v1	lookup_candidate_not_frozen	"[""Natzir Turrado"", ""m/012hsfbl""]"
1198	Theater Arts Educator	2	theater_arts_educator	author_substring	substring_cross_l1_conflict			"[[""Culture"",""Culture-core""],[""Discovery/Science"",""Academia""]]"	2	2	"[""_arts_"",""theater"",""educator""]"	[305,549,738]	"[[""Culture"",""Culture-core""],[""Discovery/Science"",""Academia""]]"	[305,549,738]	Culture	Culture-core	_arts_	0	0	[]	0	0	"[""substring_requires_transfer_review"",""multiple_author_l1_candidates""]"		needs_review	low	no_unique_author_l1_candidate	"[""substring_requires_transfer_review"",""multiple_author_l1_candidates""]"	0	freebase_bhht_author_lookup_v1	lookup_candidate_not_frozen	"[""Naum Kleiman"", ""Stanislav Rostotsky""]"
1199	Senior lieutenant	2	senior_lieutenant	author_substring	substring_unique_candidate	Leadership	Military	"[[""Leadership"",""Military""]]"	1	1	"[""lieutenant""]"	[1402]	"[[""Leadership"",""Military""]]"	[1402]	Leadership	Military	lieutenant	0	0	[]	0	0	"[""substring_requires_transfer_review""]"	Leadership	proposed	high	agrees_with_previous_llm	"[""substring_requires_transfer_review""]"	0	freebase_bhht_author_lookup_v1	lookup_candidate_not_frozen	"[""Naval Officer Butakov Alexander Ivanovich"", ""Pavel Voronov""]"
1200	United States Naval Aviator	2	united_states_naval_aviator	author_substring	substring_unique_candidate	Leadership	Military	"[[""Leadership"",""Military""]]"	1	1	"[""aviator"",""naval_""]"	[1373,1409]	"[[""Leadership"",""Military""]]"	[1373,1409]	Leadership	Military	aviator	0	0	[]	0	0	"[""substring_requires_transfer_review""]"	Leadership	proposed	high	agrees_with_previous_llm	"[""substring_requires_transfer_review""]"	0	freebase_bhht_author_lookup_v1	lookup_candidate_not_frozen	"[""Neil Armstrong"", ""Robert L. Gibson""]"
1202	Pilot trainer	2	pilot_trainer	author_substring	substring_unique_candidate	Sports/Games	Sports/Games	"[[""Sports/Games"",""Sports/Games""]]"	1	1	"[""trainer""]"	[277]	"[[""Sports/Games"",""Sports/Games""]]"	[277]	Sports/Games	Sports/Games	trainer	0	0	[]	0	0	"[""substring_requires_transfer_review""]"	Discovery/Science	proposed	high	differs_from_previous_llm	"[""substring_requires_transfer_review"",""previous_llm_l1_disagreement""]"	0	freebase_bhht_author_lookup_v1	lookup_candidate_not_frozen	"[""Orville Wright"", ""Wilbur Wright""]"
1203	Speech-language pathologist	2	speech-language_pathologist	author_substring	substring_unique_candidate	Discovery/Science	Academia	"[[""Discovery/Science"",""Academia""]]"	1	1	"[""pathologist""]"	[849]	"[[""Discovery/Science"",""Academia""]]"	[849]	Discovery/Science	Academia	pathologist	0	0	[]	0	0	"[""substring_requires_transfer_review""]"	Discovery/Science	proposed	high	agrees_with_previous_llm	"[""substring_requires_transfer_review""]"	0	freebase_bhht_author_lookup_v1	lookup_candidate_not_frozen	"[""Patricia Mae Hewitt"", ""Rebecca Judd""]"
1204	Human Resources Officer	2	human_resources_officer	author_substring	substring_unique_candidate	Leadership	Military	"[[""Leadership"",""Military""]]"	1	1	"[""officer_""]"	[1412]	"[[""Leadership"",""Military""]]"	[1412]	Leadership	Military	officer_	0	0	[]	0	0	"[""substring_requires_transfer_review""]"		needs_review	low	author_candidate_previous_needs_review	"[""substring_requires_transfer_review""]"	0	freebase_bhht_author_lookup_v1	lookup_candidate_not_frozen	"[""Peter Palzis"", ""Samantha Jensen (Person)""]"
1207	Lyric poet	2	lyric_poet	author_substring	substring_unique_candidate	Culture	Culture-core	"[[""Culture"",""Culture-core""]]"	1	1	"[""_poet""]"	[329]	"[[""Culture"",""Culture-core""]]"	[329]	Culture	Culture-core	_poet	0	0	[]	0	0	"[""substring_requires_transfer_review""]"	Culture	proposed	medium	agrees_with_previous_llm	"[""substring_requires_transfer_review""]"	0	freebase_bhht_author_lookup_v1	lookup_candidate_not_frozen	"[""Philitas of Cos"", ""Sappho""]"
1208	Notary public	2	notary_public	author_substring	substring_unique_candidate	Leadership	Administration/Law	"[[""Leadership"",""Administration/Law""]]"	1	1	"[""notary""]"	[1088]	"[[""Leadership"",""Administration/Law""]]"	[1088]	Leadership	Administration/Law	notary	0	0	[]	0	0	"[""substring_requires_transfer_review""]"	Leadership	proposed	high	agrees_with_previous_llm	"[""substring_requires_transfer_review""]"	0	freebase_bhht_author_lookup_v1	lookup_candidate_not_frozen	"[""Piero Fruosino di Antonio da Vinci"", ""m/010nw66j""]"
1215	Oil Executive	2	oil_executive	author_substring	substring_unique_candidate	Leadership	Corporate/Executive/Business (large)	"[[""Leadership"",""Corporate/Executive/Business (large)""]]"	1	1	"[""executive""]"	[1223]	"[[""Leadership"",""Corporate/Executive/Business (large)""]]"	[1223]	Leadership	Corporate/Executive/Business (large)	executive	0	0	[]	0	0	"[""substring_requires_transfer_review""]"	Leadership	proposed	high	agrees_with_previous_llm	"[""substring_requires_transfer_review""]"	0	freebase_bhht_author_lookup_v1	lookup_candidate_not_frozen	"[""Robert Kenaston"", ""W. Howard Lee""]"
1218	Canadian football player	2	canadian_football_player	author_substring	substring_unique_candidate	Sports/Games	Sports/Games	"[[""Sports/Games"",""Sports/Games""]]"	1	1	"[""football"",""player""]"	[101,189]	"[[""Sports/Games"",""Sports/Games""]]"	[101,189]	Sports/Games	Sports/Games	football	0	0	[]	0	0	"[""substring_requires_transfer_review""]"	Sports/Games	proposed	high	agrees_with_previous_llm	"[""substring_requires_transfer_review""]"	0	freebase_bhht_author_lookup_v1	lookup_candidate_not_frozen	"[""Roger Kramer"", ""Roy Jenson""]"
1220	Professional Wrestling Promoter	2	professional_wrestling_promoter	author_substring	substring_unique_candidate	Sports/Games	Sports/Games	"[[""Sports/Games"",""Sports/Games""]]"	1	1	"[""wrestling""]"	[299]	"[[""Sports/Games"",""Sports/Games""]]"	[299]	Sports/Games	Sports/Games	wrestling	0	0	[]	0	0	"[""substring_requires_transfer_review""]"	Sports/Games	proposed	medium	agrees_with_previous_llm	"[""substring_requires_transfer_review""]"	0	freebase_bhht_author_lookup_v1	lookup_candidate_not_frozen	"[""Ross Hart"", ""Vince McMahon""]"
1226	Editorial Writer	2	editorial_writer	author_substring	substring_same_l1_multiple_l2	Culture		"[[""Culture"",""Culture-core""],[""Culture"",""Culture-periphery""]]"	1	2	"[""_writer"",""editor""]"	[343,612]	"[[""Culture"",""Culture-core""],[""Culture"",""Culture-periphery""]]"	[343,612]	Culture	Culture-core	_writer	0	0	[]	0	0	"[""substring_requires_transfer_review"",""multiple_author_l2_candidates""]"	Culture	proposed	medium	agrees_with_previous_llm	"[""substring_requires_transfer_review"",""multiple_author_l2_candidates""]"	0	freebase_bhht_author_lookup_v1	lookup_candidate_not_frozen	"[""Temple Poteat"", ""Wellington Charles Wales""]"
1228	Liaison officer	2	liaison_officer	author_substring	substring_unique_candidate	Leadership	Military	"[[""Leadership"",""Military""]]"	1	1	"[""officer_""]"	[1412]	"[[""Leadership"",""Military""]]"	[1412]	Leadership	Military	officer_	0	0	[]	0	0	"[""substring_requires_transfer_review""]"		needs_review	low	author_candidate_previous_needs_review	"[""substring_requires_transfer_review""]"	0	freebase_bhht_author_lookup_v1	lookup_candidate_not_frozen	"[""Thuthukile Xolile Nomonde Zuma"", ""William Taliaferro Close""]"
1229	Adjunct Professor	2	adjunct_professor	author_substring	substring_unique_candidate	Discovery/Science	Academia	"[[""Discovery/Science"",""Academia""]]"	1	1	"[""professor""]"	[878]	"[[""Discovery/Science"",""Academia""]]"	[878]	Discovery/Science	Academia	professor	0	0	[]	0	0	"[""substring_requires_transfer_review""]"	Discovery/Science	proposed	high	agrees_with_previous_llm	"[""substring_requires_transfer_review""]"	0	freebase_bhht_author_lookup_v1	lookup_candidate_not_frozen	"[""Tony Edward"", ""Yad Bhatti""]"
1232	Commissioner of Baseball	1	commissioner_of_baseball	author_substring	substring_cross_l1_conflict			"[[""Leadership"",""Administration/Law""],[""Sports/Games"",""Sports/Games""]]"	2	2	"[""baseball"",""commissioner""]"	[40,1067]	"[[""Leadership"",""Administration/Law""],[""Sports/Games"",""Sports/Games""]]"	[40,1067]	Sports/Games	Sports/Games	baseball	0	0	[]	0	0	"[""substring_requires_transfer_review"",""multiple_author_l1_candidates""]"	Sports/Games	proposed	medium	no_unique_author_l1_candidate	"[""substring_requires_transfer_review"",""multiple_author_l1_candidates""]"	0	freebase_bhht_author_lookup_v1	lookup_candidate_not_frozen	"[""A. Bartlett Giamatti""]"
1235	primary school headmaster	1	primary_school_headmaster	author_substring	substring_unique_candidate	Leadership	Corporate/Executive/Business (large)	"[[""Leadership"",""Corporate/Executive/Business (large)""]]"	1	1	"[""headmaster""]"	[1226]	"[[""Leadership"",""Corporate/Executive/Business (large)""]]"	[1226]	Leadership	Corporate/Executive/Business (large)	headmaster	0	0	[]	0	0	"[""substring_requires_transfer_review""]"		needs_review	low	author_candidate_previous_needs_review	"[""substring_requires_transfer_review""]"	0	freebase_bhht_author_lookup_v1	lookup_candidate_not_frozen	"[""Albert Enoch Powell""]"
1236	glass artist	1	glass_artist	author_substring	substring_unique_candidate	Culture	Culture-core	"[[""Culture"",""Culture-core""]]"	1	1	"[""_artist""]"	[304]	"[[""Culture"",""Culture-core""]]"	[304]	Culture	Culture-core	_artist	0	0	[]	0	0	"[""substring_requires_transfer_review""]"	Culture	proposed	high	agrees_with_previous_llm	"[""substring_requires_transfer_review""]"	0	freebase_bhht_author_lookup_v1	lookup_candidate_not_frozen	"[""Aleksandra Yarmolnik""]"
1240	Film Photographer	1	film_photographer	author_substring	substring_unique_candidate	Culture	Culture-core	"[[""Culture"",""Culture-core""]]"	1	1	"[""_film_"",""photographer""]"	[320,491]	"[[""Culture"",""Culture-core""]]"	[320,491]	Culture	Culture-core	_film_	0	0	[]	0	0	"[""substring_requires_transfer_review""]"	Culture	proposed	medium	agrees_with_previous_llm	"[""substring_requires_transfer_review""]"	0	freebase_bhht_author_lookup_v1	lookup_candidate_not_frozen	"[""Alexander von Lagorio""]"
1242	Classical Indian Music Performer	1	classical_indian_music_performer	author_substring	substring_unique_candidate	Culture	Culture-core	"[[""Culture"",""Culture-core""]]"	1	1	"[""_music"",""performer""]"	[325,488]	"[[""Culture"",""Culture-core""]]"	[325,488]	Culture	Culture-core	_music	0	0	[]	0	0	"[""substring_requires_transfer_review""]"	Culture	proposed	high	agrees_with_previous_llm	"[""substring_requires_transfer_review""]"	0	freebase_bhht_author_lookup_v1	lookup_candidate_not_frozen	"[""Ali Akbar Khan""]"
1247	Audiologist	1	audiologist	author_substring	substring_unique_candidate	Culture	Culture-periphery	"[[""Culture"",""Culture-periphery""]]"	1	1	"[""_audio""]"	[574]	"[[""Culture"",""Culture-periphery""]]"	[574]	Culture	Culture-periphery	_audio	0	0	[]	0	0	"[""substring_requires_transfer_review""]"	Discovery/Science	proposed	high	differs_from_previous_llm	"[""substring_requires_transfer_review"",""previous_llm_l1_disagreement""]"	0	freebase_bhht_author_lookup_v1	lookup_candidate_not_frozen	"[""Alma Powell""]"
1248	Computer Graphics Animator	1	computer_graphics_animator	author_substring	substring_unique_candidate	Culture	Culture-core	"[[""Culture"",""Culture-core""]]"	1	1	"[""animator""]"	[348]	"[[""Culture"",""Culture-core""]]"	[348]	Culture	Culture-core	animator	0	0	[]	0	0	"[""substring_requires_transfer_review""]"	Culture	proposed	high	agrees_with_previous_llm	"[""substring_requires_transfer_review""]"	0	freebase_bhht_author_lookup_v1	lookup_candidate_not_frozen	"[""Alvy Ray Smith""]"
1249	Digital Marketing Consultant	1	digital_marketing_consultant	author_substring	substring_unique_candidate	Other	Worker/Business (small)	"[[""Other"",""Worker/Business (small)""]]"	1	1	"[""consultant"",""marketing""]"	[1566,1649]	"[[""Other"",""Worker/Business (small)""]]"	[1566,1649]	Other	Worker/Business (small)	consultant	0	0	[]	0	0	"[""substring_requires_transfer_review""]"		needs_review	low	author_candidate_previous_needs_review	"[""substring_requires_transfer_review""]"	0	freebase_bhht_author_lookup_v1	lookup_candidate_not_frozen	"[""Amarjeet Sharma""]"
1250	Fashion Illustrator	1	fashion_illustrator	author_substring	substring_unique_candidate	Culture	Culture-periphery	"[[""Culture"",""Culture-periphery""]]"	1	1	"[""illustrator""]"	[626]	"[[""Culture"",""Culture-periphery""]]"	[626]	Culture	Culture-periphery	illustrator	0	0	[]	0	0	"[""substring_requires_transfer_review""]"	Culture	proposed	high	agrees_with_previous_llm	"[""substring_requires_transfer_review""]"	0	freebase_bhht_author_lookup_v1	lookup_candidate_not_frozen	"[""Amy Davis (Actor)""]"
1251	Genetics Counselor	1	genetics_counselor	author_substring	substring_cross_l1_conflict			"[[""Discovery/Science"",""Academia""],[""Other"",""Worker/Business (small)""]]"	2	2	"[""genetics"",""counselor""]"	[761,1571]	"[[""Discovery/Science"",""Academia""],[""Other"",""Worker/Business (small)""]]"	[761,1571]	Discovery/Science	Academia	genetics	0	0	[]	0	0	"[""substring_requires_transfer_review"",""multiple_author_l1_candidates""]"	Discovery/Science	proposed	high	no_unique_author_l1_candidate	"[""substring_requires_transfer_review"",""multiple_author_l1_candidates""]"	0	freebase_bhht_author_lookup_v1	lookup_candidate_not_frozen	"[""Anabel Stenzel""]"
1252	Boom Operator	1	boom_operator	author_substring	substring_unique_candidate	Other	Worker/Business (small)	"[[""Other"",""Worker/Business (small)""]]"	1	1	"[""operator""]"	[1661]	"[[""Other"",""Worker/Business (small)""]]"	[1661]	Other	Worker/Business (small)	operator	0	0	[]	0	0	"[""substring_requires_transfer_review""]"	Culture	proposed	medium	differs_from_previous_llm	"[""substring_requires_transfer_review"",""previous_llm_l1_disagreement""]"	0	freebase_bhht_author_lookup_v1	lookup_candidate_not_frozen	"[""Andi Arsenie""]"
1253	Make-Up Designer	1	make-up_designer	author_substring	substring_unique_candidate	Culture	Culture-periphery	"[[""Culture"",""Culture-periphery""]]"	1	1	"[""designer""]"	[606]	"[[""Culture"",""Culture-periphery""]]"	[606]	Culture	Culture-periphery	designer	0	0	[]	0	0	"[""substring_requires_transfer_review""]"	Culture	proposed	high	agrees_with_previous_llm	"[""substring_requires_transfer_review""]"	0	freebase_bhht_author_lookup_v1	lookup_candidate_not_frozen	"[""Andrea Sorrentino""]"
1254	Nuclear Physicist	1	nuclear_physicist	author_substring	substring_unique_candidate	Discovery/Science	Academia	"[[""Discovery/Science"",""Academia""]]"	1	1	"[""physicist""]"	[868]	"[[""Discovery/Science"",""Academia""]]"	[868]	Discovery/Science	Academia	physicist	0	0	[]	0	0	"[""substring_requires_transfer_review""]"	Discovery/Science	proposed	high	agrees_with_previous_llm	"[""substring_requires_transfer_review""]"	0	freebase_bhht_author_lookup_v1	lookup_candidate_not_frozen	"[""Andrei Sakharov""]"
1256	Visual Effects Technician	1	visual_effects_technician	author_substring	substring_cross_l1_conflict			"[[""Culture"",""Culture-core""],[""Other"",""Worker/Business (small)""]]"	2	2	"[""visual_effects"",""technician""]"	[566,1698]	"[[""Culture"",""Culture-core""],[""Other"",""Worker/Business (small)""]]"	[566,1698]	Culture	Culture-core	visual_effects	0	0	[]	0	0	"[""substring_requires_transfer_review"",""multiple_author_l1_candidates""]"	Culture	proposed	high	no_unique_author_l1_candidate	"[""substring_requires_transfer_review"",""multiple_author_l1_candidates""]"	0	freebase_bhht_author_lookup_v1	lookup_candidate_not_frozen	"[""Andrew Cymek""]"
1257	Real Tennis Professional	1	real_tennis_professional	author_substring	substring_unique_candidate	Sports/Games	Sports/Games	"[[""Sports/Games"",""Sports/Games""]]"	1	1	"[""tennis""]"	[271]	"[[""Sports/Games"",""Sports/Games""]]"	[271]	Sports/Games	Sports/Games	tennis	0	0	[]	0	0	"[""substring_requires_transfer_review""]"	Sports/Games	proposed	high	agrees_with_previous_llm	"[""substring_requires_transfer_review""]"	0	freebase_bhht_author_lookup_v1	lookup_candidate_not_frozen	"[""Ann Lesley Pearson Ronaldson""]"
1258	Intellectual Historian	1	intellectual_historian	author_substring	substring_unique_candidate	Discovery/Science	Academia	"[[""Discovery/Science"",""Academia""]]"	1	1	"[""historian"",""intellectual""]"	[783,795]	"[[""Discovery/Science"",""Academia""]]"	[783,795]	Discovery/Science	Academia	historian	0	0	[]	0	0	"[""substring_requires_transfer_review""]"	Discovery/Science	proposed	medium	agrees_with_previous_llm	"[""substring_requires_transfer_review""]"	0	freebase_bhht_author_lookup_v1	lookup_candidate_not_frozen	"[""Ann M. Blair""]"
1264	Nurse practitioner	1	nurse_practitioner	author_substring	substring_unique_candidate	Discovery/Science	Academia	"[[""Discovery/Science"",""Academia""]]"	1	1	"[""nurse""]"	[828]	"[[""Discovery/Science"",""Academia""]]"	[828]	Discovery/Science	Academia	nurse	0	0	[]	0	0	"[""substring_requires_transfer_review""]"	Discovery/Science	proposed	medium	agrees_with_previous_llm	"[""substring_requires_transfer_review""]"	0	freebase_bhht_author_lookup_v1	lookup_candidate_not_frozen	"[""Anne Murphy Roffey""]"
1267	Children's writer	1	children's_writer	author_substring	substring_unique_candidate	Culture	Culture-core	"[[""Culture"",""Culture-core""]]"	1	1	"[""_writer""]"	[343]	"[[""Culture"",""Culture-core""]]"	[343]	Culture	Culture-core	_writer	0	0	[]	0	0	"[""substring_requires_transfer_review""]"	Culture	proposed	medium	agrees_with_previous_llm	"[""substring_requires_transfer_review""]"	0	freebase_bhht_author_lookup_v1	lookup_candidate_not_frozen	"[""Anthony Horowitz""]"
1268	VFX creative director	1	vfx_creative_director	author_substring	substring_unique_candidate	Culture	Culture-core	"[[""Culture"",""Culture-core""]]"	1	1	"[""creative""]"	[408]	"[[""Culture"",""Culture-core""]]"	[408]	Culture	Culture-core	creative	0	0	[]	0	0	"[""substring_requires_transfer_review""]"	Culture	proposed	high	agrees_with_previous_llm	"[""substring_requires_transfer_review""]"	0	freebase_bhht_author_lookup_v1	lookup_candidate_not_frozen	"[""Anthony Mandler""]"
1269	Construction Foreman	1	construction_foreman	author_substring	substring_cross_l1_conflict			"[[""Leadership"",""Corporate/Executive/Business (large)""],[""Other"",""Worker/Business (small)""]]"	2	2	"[""_construction"",""_foreman""]"	[1210,1459]	"[[""Leadership"",""Corporate/Executive/Business (large)""],[""Other"",""Worker/Business (small)""]]"	[1210,1459]	Leadership	Corporate/Executive/Business (large)	_construction	0	0	[]	0	0	"[""substring_requires_transfer_review"",""multiple_author_l1_candidates""]"		needs_review	low	no_unique_author_l1_candidate	"[""substring_requires_transfer_review"",""multiple_author_l1_candidates""]"	0	freebase_bhht_author_lookup_v1	lookup_candidate_not_frozen	"[""Anthony Orville Brokaw""]"
1272	Graphic Artist (Film job) #1	1	graphic_artist_(film_job)_#1	author_substring	substring_unique_candidate	Culture	Culture-core	"[[""Culture"",""Culture-core""]]"	1	1	"[""_artist""]"	[304]	"[[""Culture"",""Culture-core""]]"	[304]	Culture	Culture-core	_artist	0	0	[]	0	0	"[""substring_requires_transfer_review""]"	Culture	proposed	high	agrees_with_previous_llm	"[""substring_requires_transfer_review""]"	0	freebase_bhht_author_lookup_v1	lookup_candidate_not_frozen	"[""Asuka Sugiyama""]"
1275	Software Engineering	1	software_engineering	author_substring	substring_unique_candidate	Discovery/Science	Explorer/Inventor/Developer	"[[""Discovery/Science"",""Explorer/Inventor/Developer""]]"	1	1	"[""engineer""]"	[1187]	"[[""Discovery/Science"",""Explorer/Inventor/Developer""]]"	[1187]	Discovery/Science	Explorer/Inventor/Developer	engineer	0	0	[]	0	0	"[""substring_requires_transfer_review""]"		needs_review	low	author_candidate_previous_needs_review	"[""substring_requires_transfer_review""]"	0	freebase_bhht_author_lookup_v1	lookup_candidate_not_frozen	"[""Austin Cameron (Organisation founder)""]"
1276	Certified Sex Therapist	1	certified_sex_therapist	author_substring	substring_unique_candidate	Discovery/Science	Academia	"[[""Discovery/Science"",""Academia""]]"	1	1	"[""therapist""]"	[916]	"[[""Discovery/Science"",""Academia""]]"	[916]	Discovery/Science	Academia	therapist	0	0	[]	0	0	"[""substring_requires_transfer_review""]"	Discovery/Science	proposed	medium	agrees_with_previous_llm	"[""substring_requires_transfer_review""]"	0	freebase_bhht_author_lookup_v1	lookup_candidate_not_frozen	"[""Ava Cadell""]"
1278	Silent Film Actress	1	silent_film_actress	author_substring	substring_unique_candidate	Culture	Culture-core	"[[""Culture"",""Culture-core""]]"	1	1	"[""_film_"",""actress""]"	[320,345]	"[[""Culture"",""Culture-core""]]"	[320,345]	Culture	Culture-core	_film_	0	0	[]	0	0	"[""substring_requires_transfer_review""]"	Culture	proposed	high	agrees_with_previous_llm	"[""substring_requires_transfer_review""]"	0	freebase_bhht_author_lookup_v1	lookup_candidate_not_frozen	"[""Barbara La Marr""]"
1280	Makeup Effects Artist	1	makeup_effects_artist	author_substring	substring_unique_candidate	Culture	Culture-core	"[[""Culture"",""Culture-core""]]"	1	1	"[""_artist""]"	[304]	"[[""Culture"",""Culture-core""]]"	[304]	Culture	Culture-core	_artist	0	0	[]	0	0	"[""substring_requires_transfer_review""]"	Culture	proposed	high	agrees_with_previous_llm	"[""substring_requires_transfer_review""]"	0	freebase_bhht_author_lookup_v1	lookup_candidate_not_frozen	"[""Bart Mixon""]"
1281	Special Makeup Effects Artist	1	special_makeup_effects_artist	author_substring	substring_unique_candidate	Culture	Culture-core	"[[""Culture"",""Culture-core""]]"	1	1	"[""_artist""]"	[304]	"[[""Culture"",""Culture-core""]]"	[304]	Culture	Culture-core	_artist	0	0	[]	0	0	"[""substring_requires_transfer_review""]"	Culture	proposed	high	agrees_with_previous_llm	"[""substring_requires_transfer_review""]"	0	freebase_bhht_author_lookup_v1	lookup_candidate_not_frozen	"[""Bart Mixon""]"
1282	supermarket executive	1	supermarket_executive	author_substring	substring_unique_candidate	Leadership	Corporate/Executive/Business (large)	"[[""Leadership"",""Corporate/Executive/Business (large)""]]"	1	1	"[""executive""]"	[1223]	"[[""Leadership"",""Corporate/Executive/Business (large)""]]"	[1223]	Leadership	Corporate/Executive/Business (large)	executive	0	0	[]	0	0	"[""substring_requires_transfer_review""]"	Leadership	proposed	medium	agrees_with_previous_llm	"[""substring_requires_transfer_review""]"	0	freebase_bhht_author_lookup_v1	lookup_candidate_not_frozen	"[""Benjamin Saget""]"
1285	Rock Climber	1	rock_climber	author_substring	substring_cross_l1_conflict			"[[""Culture"",""Culture-core""],[""Sports/Games"",""Sports/Games""]]"	2	2	"[""climb"",""_rock_""]"	[74,331]	"[[""Culture"",""Culture-core""],[""Sports/Games"",""Sports/Games""]]"	[74,331]	Sports/Games	Sports/Games	climb	0	0	[]	0	0	"[""substring_requires_transfer_review"",""multiple_author_l1_candidates""]"	Sports/Games	proposed	medium	no_unique_author_l1_candidate	"[""substring_requires_transfer_review"",""multiple_author_l1_candidates""]"	0	freebase_bhht_author_lookup_v1	lookup_candidate_not_frozen	"[""Beverly Johnson (Woman) #4""]"
1290	Light Artist	1	light_artist	author_substring	substring_unique_candidate	Culture	Culture-core	"[[""Culture"",""Culture-core""]]"	1	1	"[""_artist""]"	[304]	"[[""Culture"",""Culture-core""]]"	[304]	Culture	Culture-core	_artist	0	0	[]	0	0	"[""substring_requires_transfer_review""]"	Culture	proposed	high	agrees_with_previous_llm	"[""substring_requires_transfer_review""]"	0	freebase_bhht_author_lookup_v1	lookup_candidate_not_frozen	"[""Bjorn von Schlebrügge""]"
1291	Child Psychologist	1	child_psychologist	author_substring	substring_cross_l1_conflict			"[[""Discovery/Science"",""Academia""],[""Other"",""Family""]]"	2	2	"[""psychologist"",""child_""]"	[883,1727]	"[[""Discovery/Science"",""Academia""],[""Other"",""Family""]]"	[883,1727]	Discovery/Science	Academia	psychologist	0	0	[]	0	0	"[""substring_requires_transfer_review"",""multiple_author_l1_candidates""]"	Discovery/Science	proposed	medium	no_unique_author_l1_candidate	"[""substring_requires_transfer_review"",""multiple_author_l1_candidates""]"	0	freebase_bhht_author_lookup_v1	lookup_candidate_not_frozen	"[""Bloeme Evers-Emden""]"
1293	Online Marketing Consultant	1	online_marketing_consultant	author_substring	substring_unique_candidate	Other	Worker/Business (small)	"[[""Other"",""Worker/Business (small)""]]"	1	1	"[""consultant"",""marketing""]"	[1566,1649]	"[[""Other"",""Worker/Business (small)""]]"	[1566,1649]	Other	Worker/Business (small)	consultant	0	0	[]	0	0	"[""substring_requires_transfer_review""]"		needs_review	low	author_candidate_previous_needs_review	"[""substring_requires_transfer_review""]"	0	freebase_bhht_author_lookup_v1	lookup_candidate_not_frozen	"[""Bogdan Lytvyn""]"
1294	Senior Consultant	1	senior_consultant	author_substring	substring_unique_candidate	Other	Worker/Business (small)	"[[""Other"",""Worker/Business (small)""]]"	1	1	"[""consultant""]"	[1566]	"[[""Other"",""Worker/Business (small)""]]"	[1566]	Other	Worker/Business (small)	consultant	0	0	[]	0	0	"[""substring_requires_transfer_review""]"		needs_review	low	author_candidate_previous_needs_review	"[""substring_requires_transfer_review""]"	0	freebase_bhht_author_lookup_v1	lookup_candidate_not_frozen	"[""Brant Gurganus""]"
1297	Lightworker	1	lightworker	author_substring	substring_unique_candidate	Other	Worker/Business (small)	"[[""Other"",""Worker/Business (small)""]]"	1	1	"[""worker""]"	[1716]	"[[""Other"",""Worker/Business (small)""]]"	[1716]	Other	Worker/Business (small)	worker	0	0	[]	0	0	"[""substring_requires_transfer_review""]"		needs_review	low	author_candidate_previous_needs_review	"[""substring_requires_transfer_review""]"	0	freebase_bhht_author_lookup_v1	lookup_candidate_not_frozen	"[""Bruce Shoop""]"
1301	Astrobiologist	1	astrobiologist	author_substring	substring_unique_candidate	Discovery/Science	Academia	"[[""Discovery/Science"",""Academia""]]"	1	1	"[""biologist""]"	[705]	"[[""Discovery/Science"",""Academia""]]"	[705]	Discovery/Science	Academia	biologist	0	0	[]	0	0	"[""substring_requires_transfer_review""]"	Discovery/Science	proposed	high	agrees_with_previous_llm	"[""substring_requires_transfer_review""]"	0	freebase_bhht_author_lookup_v1	lookup_candidate_not_frozen	"[""Carl Sagan""]"
1302	Planetary scientist	1	planetary_scientist	author_substring	substring_unique_candidate	Discovery/Science	Academia	"[[""Discovery/Science"",""Academia""]]"	1	1	"[""scientist""]"	[894]	"[[""Discovery/Science"",""Academia""]]"	[894]	Discovery/Science	Academia	scientist	0	0	[]	0	0	"[""substring_requires_transfer_review""]"	Discovery/Science	proposed	high	agrees_with_previous_llm	"[""substring_requires_transfer_review""]"	0	freebase_bhht_author_lookup_v1	lookup_candidate_not_frozen	"[""Carl Sagan""]"
1305	Massage therapist	1	massage_therapist	author_substring	substring_unique_candidate	Discovery/Science	Academia	"[[""Discovery/Science"",""Academia""]]"	1	1	"[""therapist""]"	[916]	"[[""Discovery/Science"",""Academia""]]"	[916]	Discovery/Science	Academia	therapist	0	0	[]	0	0	"[""substring_requires_transfer_review""]"		needs_review	low	author_candidate_previous_needs_review	"[""substring_requires_transfer_review""]"	0	freebase_bhht_author_lookup_v1	lookup_candidate_not_frozen	"[""Catherine Bell""]"
1307	Tenor Saxophonist	1	tenor_saxophonist	author_substring	substring_unique_candidate	Culture	Culture-core	"[[""Culture"",""Culture-core""]]"	1	1	"[""_tenor_"",""saxophonist""]"	[341,518]	"[[""Culture"",""Culture-core""]]"	[341,518]	Culture	Culture-core	_tenor_	0	0	[]	0	0	"[""substring_requires_transfer_review""]"	Culture	proposed	high	agrees_with_previous_llm	"[""substring_requires_transfer_review""]"	0	freebase_bhht_author_lookup_v1	lookup_candidate_not_frozen	"[""Charles Axton""]"
1309	Speculative writer	1	speculative_writer	author_substring	substring_unique_candidate	Culture	Culture-core	"[[""Culture"",""Culture-core""]]"	1	1	"[""_writer""]"	[343]	"[[""Culture"",""Culture-core""]]"	[343]	Culture	Culture-core	_writer	0	0	[]	0	0	"[""substring_requires_transfer_review""]"	Culture	proposed	medium	agrees_with_previous_llm	"[""substring_requires_transfer_review""]"	0	freebase_bhht_author_lookup_v1	lookup_candidate_not_frozen	"[""Cheryl Gray (Science-fiction writer)""]"
1312	Art therapist	1	art_therapist	author_substring	substring_unique_candidate	Discovery/Science	Academia	"[[""Discovery/Science"",""Academia""]]"	1	1	"[""therapist""]"	[916]	"[[""Discovery/Science"",""Academia""]]"	[916]	Discovery/Science	Academia	therapist	0	0	[]	0	0	"[""substring_requires_transfer_review""]"		needs_review	low	author_candidate_previous_needs_review	"[""substring_requires_transfer_review""]"	0	freebase_bhht_author_lookup_v1	lookup_candidate_not_frozen	"[""Chris Stamp""]"
1315	Information scientist	1	information_scientist	author_substring	substring_unique_candidate	Discovery/Science	Academia	"[[""Discovery/Science"",""Academia""]]"	1	1	"[""scientist""]"	[894]	"[[""Discovery/Science"",""Academia""]]"	[894]	Discovery/Science	Academia	scientist	0	0	[]	0	0	"[""substring_requires_transfer_review""]"	Discovery/Science	proposed	medium	agrees_with_previous_llm	"[""substring_requires_transfer_review""]"	0	freebase_bhht_author_lookup_v1	lookup_candidate_not_frozen	"[""Christine JM Connors""]"
1316	Prison officer	1	prison_officer	author_substring	substring_unique_candidate	Leadership	Military	"[[""Leadership"",""Military""]]"	1	1	"[""officer_""]"	[1412]	"[[""Leadership"",""Military""]]"	[1412]	Leadership	Military	officer_	0	0	[]	0	0	"[""substring_requires_transfer_review""]"	Leadership	proposed	high	agrees_with_previous_llm	"[""substring_requires_transfer_review""]"	0	freebase_bhht_author_lookup_v1	lookup_candidate_not_frozen	"[""Clinton Brown""]"
1317	Sketch Artist	1	sketch_artist	author_substring	substring_unique_candidate	Culture	Culture-core	"[[""Culture"",""Culture-core""]]"	1	1	"[""_artist""]"	[304]	"[[""Culture"",""Culture-core""]]"	[304]	Culture	Culture-core	_artist	0	0	[]	0	0	"[""substring_requires_transfer_review""]"	Culture	proposed	high	agrees_with_previous_llm	"[""substring_requires_transfer_review""]"	0	freebase_bhht_author_lookup_v1	lookup_candidate_not_frozen	"[""Dale Hennesy""]"
1320	Non-commissioned officer	1	non-commissioned_officer	author_substring	substring_unique_candidate	Leadership	Military	"[[""Leadership"",""Military""]]"	1	1	"[""officer_""]"	[1412]	"[[""Leadership"",""Military""]]"	[1412]	Leadership	Military	officer_	0	0	[]	0	0	"[""substring_requires_transfer_review""]"	Leadership	proposed	high	agrees_with_previous_llm	"[""substring_requires_transfer_review""]"	0	freebase_bhht_author_lookup_v1	lookup_candidate_not_frozen	"[""Darlene Mowry""]"
1321	Artistic Director (Job title)	1	artistic_director_(job_title)	author_substring	substring_unique_candidate	Culture	Culture-core	"[[""Culture"",""Culture-core""]]"	1	1	"[""_artist""]"	[304]	"[[""Culture"",""Culture-core""]]"	[304]	Culture	Culture-core	_artist	0	0	[]	0	0	"[""substring_requires_transfer_review""]"	Culture	proposed	medium	agrees_with_previous_llm	"[""substring_requires_transfer_review""]"	0	freebase_bhht_author_lookup_v1	lookup_candidate_not_frozen	"[""David Campbell""]"
1323	Music Programmer	1	music_programmer	author_substring	substring_cross_l1_conflict			"[[""Culture"",""Culture-core""],[""Discovery/Science"",""Explorer/Inventor/Developer""]]"	2	2	"[""_music"",""programmer""]"	[325,1202]	"[[""Culture"",""Culture-core""],[""Discovery/Science"",""Explorer/Inventor/Developer""]]"	[325,1202]	Culture	Culture-core	_music	0	0	[]	0	0	"[""substring_requires_transfer_review"",""multiple_author_l1_candidates""]"	Culture	proposed	high	no_unique_author_l1_candidate	"[""substring_requires_transfer_review"",""multiple_author_l1_candidates""]"	0	freebase_bhht_author_lookup_v1	lookup_candidate_not_frozen	"[""David Gilmour""]"
1325	Commanding General, Multi-National Force - Iraq	1	commanding_general,_multi-national_force_-_iraq	author_substring	substring_unique_candidate	Leadership	Military	"[[""Leadership"",""Military""]]"	1	1	"[""_force_""]"	[1365]	"[[""Leadership"",""Military""]]"	[1365]	Leadership	Military	_force_	0	0	[]	0	0	"[""substring_requires_transfer_review""]"	Leadership	proposed	high	agrees_with_previous_llm	"[""substring_requires_transfer_review""]"	0	freebase_bhht_author_lookup_v1	lookup_candidate_not_frozen	"[""David Petraeus""]"
1327	Industrial Supplies Merchant Wholesalers	1	industrial_supplies_merchant_wholesalers	author_substring	substring_cross_l1_conflict			"[[""Leadership"",""Corporate/Executive/Business (large)""],[""Other"",""Worker/Business (small)""]]"	2	2	"[""industrial"",""merchant"",""wholesale""]"	[1227,1236,1714]	"[[""Leadership"",""Corporate/Executive/Business (large)""],[""Other"",""Worker/Business (small)""]]"	[1227,1236,1714]	Leadership	Corporate/Executive/Business (large)	industrial	0	0	[]	0	0	"[""substring_requires_transfer_review"",""multiple_author_l1_candidates""]"		out_of_scope	medium	no_unique_author_l1_candidate	"[""substring_requires_transfer_review"",""multiple_author_l1_candidates""]"	0	freebase_bhht_author_lookup_v1	lookup_candidate_not_frozen	"[""David Yates (Deceased Person)""]"
1328	Car Worker	1	car_worker	author_substring	substring_unique_candidate	Other	Worker/Business (small)	"[[""Other"",""Worker/Business (small)""]]"	1	1	"[""worker""]"	[1716]	"[[""Other"",""Worker/Business (small)""]]"	[1716]	Other	Worker/Business (small)	worker	0	0	[]	0	0	"[""substring_requires_transfer_review""]"		out_of_scope	high	formal_author_other_previously_out_of_scope	"[""substring_requires_transfer_review""]"	0	freebase_bhht_author_lookup_v1	lookup_candidate_not_frozen	"[""Dean Cox (Man)""]"
1329	Deli Manager	1	deli_manager	author_substring	substring_unique_candidate	Leadership	Corporate/Executive/Business (large)	"[[""Leadership"",""Corporate/Executive/Business (large)""]]"	1	1	"[""manager""]"	[1234]	"[[""Leadership"",""Corporate/Executive/Business (large)""]]"	[1234]	Leadership	Corporate/Executive/Business (large)	manager	0	0	[]	0	0	"[""substring_requires_transfer_review""]"		out_of_scope	high	author_candidate_previous_out_of_scope	"[""substring_requires_transfer_review""]"	0	freebase_bhht_author_lookup_v1	lookup_candidate_not_frozen	"[""Deanna Kimberly""]"
1330	Historian of Photography	1	historian_of_photography	author_substring	substring_cross_l1_conflict			"[[""Culture"",""Culture-core""],[""Discovery/Science"",""Academia""]]"	2	2	"[""photography"",""historian""]"	[493,783]	"[[""Culture"",""Culture-core""],[""Discovery/Science"",""Academia""]]"	[493,783]	Culture	Culture-core	photography	0	0	[]	0	0	"[""substring_requires_transfer_review"",""multiple_author_l1_candidates""]"	Discovery/Science	proposed	medium	no_unique_author_l1_candidate	"[""substring_requires_transfer_review"",""multiple_author_l1_candidates""]"	0	freebase_bhht_author_lookup_v1	lookup_candidate_not_frozen	"[""Deborah Willis""]"
1331	Horse trader	1	horse_trader	author_substring	substring_unique_candidate	Leadership	Corporate/Executive/Business (large)	"[[""Leadership"",""Corporate/Executive/Business (large)""]]"	1	1	"[""trader""]"	[1247]	"[[""Leadership"",""Corporate/Executive/Business (large)""]]"	[1247]	Leadership	Corporate/Executive/Business (large)	trader	0	0	[]	0	0	"[""substring_requires_transfer_review""]"		needs_review	low	author_candidate_previous_needs_review	"[""substring_requires_transfer_review""]"	0	freebase_bhht_author_lookup_v1	lookup_candidate_not_frozen	"[""Diki Tsering""]"
1332	Swimming coach	1	swimming_coach	author_substring	substring_unique_candidate	Sports/Games	Sports/Games	"[[""Sports/Games"",""Sports/Games""]]"	1	1	"[""coach"",""swimming""]"	[75,265]	"[[""Sports/Games"",""Sports/Games""]]"	[75,265]	Sports/Games	Sports/Games	coach	0	0	[]	0	0	"[""substring_requires_transfer_review""]"	Sports/Games	proposed	high	agrees_with_previous_llm	"[""substring_requires_transfer_review""]"	0	freebase_bhht_author_lookup_v1	lookup_candidate_not_frozen	"[""Don Talbot""]"
1333	Merchant navy	1	merchant_navy	author_substring	substring_same_l1_multiple_l2	Leadership		"[[""Leadership"",""Corporate/Executive/Business (large)""],[""Leadership"",""Military""]]"	1	2	"[""merchant"",""navy""]"	[1236,1410]	"[[""Leadership"",""Corporate/Executive/Business (large)""],[""Leadership"",""Military""]]"	[1236,1410]	Leadership	Corporate/Executive/Business (large)	merchant	0	0	[]	0	0	"[""substring_requires_transfer_review"",""multiple_author_l2_candidates""]"		needs_review	low	author_candidate_previous_needs_review	"[""substring_requires_transfer_review"",""multiple_author_l2_candidates""]"	0	freebase_bhht_author_lookup_v1	lookup_candidate_not_frozen	"[""Donald Edwin King""]"
1334	Script coordinator	1	script_coordinator	author_substring	substring_unique_candidate	Culture	Culture-core	"[[""Culture"",""Culture-core""]]"	1	1	"[""_script_""]"	[332]	"[[""Culture"",""Culture-core""]]"	[332]	Culture	Culture-core	_script_	0	0	[]	0	0	"[""substring_requires_transfer_review""]"	Culture	proposed	high	agrees_with_previous_llm	"[""substring_requires_transfer_review""]"	0	freebase_bhht_author_lookup_v1	lookup_candidate_not_frozen	"[""Donald Spencer""]"
1335	musician, mastering engineer	1	musician,_mastering_engineer	author_substring	substring_cross_l1_conflict			"[[""Culture"",""Culture-core""],[""Discovery/Science"",""Explorer/Inventor/Developer""]]"	2	2	"[""_music"",""musician"",""engineer""]"	[325,473,1187]	"[[""Culture"",""Culture-core""],[""Discovery/Science"",""Explorer/Inventor/Developer""]]"	[325,473,1187]	Culture	Culture-core	_music	0	0	[]	0	0	"[""substring_requires_transfer_review"",""multiple_author_l1_candidates""]"	Culture	proposed	high	no_unique_author_l1_candidate	"[""substring_requires_transfer_review"",""multiple_author_l1_candidates""]"	0	freebase_bhht_author_lookup_v1	lookup_candidate_not_frozen	"[""Donald Tardy""]"
1336	Special Effects Creator	1	special_effects_creator	author_substring	substring_unique_candidate	Culture	Culture-core	"[[""Culture"",""Culture-core""]]"	1	1	"[""_creator_"",""special_effects""]"	[313,537]	"[[""Culture"",""Culture-core""]]"	[313,537]	Culture	Culture-core	_creator_	0	0	[]	0	0	"[""substring_requires_transfer_review""]"	Culture	proposed	medium	agrees_with_previous_llm	"[""substring_requires_transfer_review""]"	0	freebase_bhht_author_lookup_v1	lookup_candidate_not_frozen	"[""Donald Trumbull""]"
1338	Environmental Writer	1	environmental_writer	author_substring	substring_unique_candidate	Culture	Culture-core	"[[""Culture"",""Culture-core""]]"	1	1	"[""_writer""]"	[343]	"[[""Culture"",""Culture-core""]]"	[343]	Culture	Culture-core	_writer	0	0	[]	0	0	"[""substring_requires_transfer_review""]"	Culture	proposed	high	agrees_with_previous_llm	"[""substring_requires_transfer_review""]"	0	freebase_bhht_author_lookup_v1	lookup_candidate_not_frozen	"[""Donella Meadows""]"
1339	Karate Instructor	1	karate_instructor	author_substring	substring_cross_l1_conflict			"[[""Discovery/Science"",""Academia""],[""Sports/Games"",""Sports/Games""]]"	2	2	"[""karate"",""instructor""]"	[147,794]	"[[""Discovery/Science"",""Academia""],[""Sports/Games"",""Sports/Games""]]"	[147,794]	Sports/Games	Sports/Games	karate	0	0	[]	0	0	"[""substring_requires_transfer_review"",""multiple_author_l1_candidates""]"	Sports/Games	proposed	medium	no_unique_author_l1_candidate	"[""substring_requires_transfer_review"",""multiple_author_l1_candidates""]"	0	freebase_bhht_author_lookup_v1	lookup_candidate_not_frozen	"[""Dorothea Hurley""]"
1341	Fashion Consultant	1	fashion_consultant	author_substring	substring_unique_candidate	Other	Worker/Business (small)	"[[""Other"",""Worker/Business (small)""]]"	1	1	"[""consultant""]"	[1566]	"[[""Other"",""Worker/Business (small)""]]"	[1566]	Other	Worker/Business (small)	consultant	0	0	[]	0	0	"[""substring_requires_transfer_review""]"	Culture	proposed	high	differs_from_previous_llm	"[""substring_requires_transfer_review"",""previous_llm_l1_disagreement""]"	0	freebase_bhht_author_lookup_v1	lookup_candidate_not_frozen	"[""Drena De Niro""]"
1342	Product Designer	1	product_designer	author_substring	substring_unique_candidate	Culture	Culture-periphery	"[[""Culture"",""Culture-periphery""]]"	1	1	"[""designer""]"	[606]	"[[""Culture"",""Culture-periphery""]]"	[606]	Culture	Culture-periphery	designer	0	0	[]	0	0	"[""substring_requires_transfer_review""]"		needs_review	low	author_candidate_previous_needs_review	"[""substring_requires_transfer_review""]"	0	freebase_bhht_author_lookup_v1	lookup_candidate_not_frozen	"[""Ed Tsuwaki""]"
1344	Deputy mayor	1	deputy_mayor	author_substring	substring_unique_candidate	Leadership	Politics	"[[""Leadership"",""Politics""]]"	1	1	"[""deputy"",""mayor""]"	[965,998]	"[[""Leadership"",""Politics""]]"	[965,998]	Leadership	Politics	deputy	0	0	[]	0	0	"[""substring_requires_transfer_review""]"	Leadership	proposed	high	agrees_with_previous_llm	"[""substring_requires_transfer_review""]"	0	freebase_bhht_author_lookup_v1	lookup_candidate_not_frozen	"[""Edmundas Zenonas Malūkas""]"
1345	System Administrator	1	system_administrator	author_substring	substring_unique_candidate	Leadership	Administration/Law	"[[""Leadership"",""Administration/Law""]]"	1	1	"[""administrator""]"	[1047]	"[[""Leadership"",""Administration/Law""]]"	[1047]	Leadership	Administration/Law	administrator	0	0	[]	0	0	"[""substring_requires_transfer_review""]"		needs_review	low	author_candidate_previous_needs_review	"[""substring_requires_transfer_review""]"	0	freebase_bhht_author_lookup_v1	lookup_candidate_not_frozen	"[""Edward Snowden""]"
1348	machineworker	1	machineworker	author_substring	substring_unique_candidate	Other	Worker/Business (small)	"[[""Other"",""Worker/Business (small)""]]"	1	1	"[""worker""]"	[1716]	"[[""Other"",""Worker/Business (small)""]]"	[1716]	Other	Worker/Business (small)	worker	0	0	[]	0	0	"[""substring_requires_transfer_review""]"		out_of_scope	medium	formal_author_other_previously_out_of_scope	"[""substring_requires_transfer_review""]"	0	freebase_bhht_author_lookup_v1	lookup_candidate_not_frozen	"[""Eigil Jens Karl""]"
1349	Director of Special Effects	1	director_of_special_effects	author_substring	substring_unique_candidate	Culture	Culture-core	"[[""Culture"",""Culture-core""]]"	1	1	"[""special_effects""]"	[537]	"[[""Culture"",""Culture-core""]]"	[537]	Culture	Culture-core	special_effects	0	0	[]	0	0	"[""substring_requires_transfer_review""]"	Culture	proposed	high	agrees_with_previous_llm	"[""substring_requires_transfer_review""]"	0	freebase_bhht_author_lookup_v1	lookup_candidate_not_frozen	"[""Eiji Tsuburaya""]"
1350	Film cinematographer	1	film_cinematographer	author_substring	substring_unique_candidate	Culture	Culture-core	"[[""Culture"",""Culture-core""]]"	1	1	"[""_film_"",""cinema"",""cinematographer""]"	[320,385,386]	"[[""Culture"",""Culture-core""]]"	[320,385,386]	Culture	Culture-core	_film_	0	0	[]	0	0	"[""substring_requires_transfer_review""]"	Culture	proposed	high	agrees_with_previous_llm	"[""substring_requires_transfer_review""]"	0	freebase_bhht_author_lookup_v1	lookup_candidate_not_frozen	"[""Eino Heino""]"
1351	Distillery Worker	1	distillery_worker	author_substring	substring_unique_candidate	Other	Worker/Business (small)	"[[""Other"",""Worker/Business (small)""]]"	1	1	"[""distiller"",""worker""]"	[1580,1716]	"[[""Other"",""Worker/Business (small)""]]"	[1580,1716]	Other	Worker/Business (small)	distiller	0	0	[]	0	0	"[""substring_requires_transfer_review""]"		out_of_scope	medium	formal_author_other_previously_out_of_scope	"[""substring_requires_transfer_review""]"	0	freebase_bhht_author_lookup_v1	lookup_candidate_not_frozen	"[""Elbert E. Stephens""]"
1353	Company Secretary	1	company_secretary	author_substring	substring_unique_candidate	Leadership	Politics	"[[""Leadership"",""Politics""]]"	1	1	"[""secretary""]"	[1022]	"[[""Leadership"",""Politics""]]"	[1022]	Leadership	Politics	secretary	0	0	[]	0	0	"[""substring_requires_transfer_review""]"	Leadership	proposed	high	agrees_with_previous_llm	"[""substring_requires_transfer_review""]"	0	freebase_bhht_author_lookup_v1	lookup_candidate_not_frozen	"[""Eleanor \""Sis\"" Daley""]"
1354	Cognitive Psychologist	1	cognitive_psychologist	author_substring	substring_unique_candidate	Discovery/Science	Academia	"[[""Discovery/Science"",""Academia""]]"	1	1	"[""psychologist""]"	[883]	"[[""Discovery/Science"",""Academia""]]"	[883]	Discovery/Science	Academia	psychologist	0	0	[]	0	0	"[""substring_requires_transfer_review""]"	Discovery/Science	proposed	medium	agrees_with_previous_llm	"[""substring_requires_transfer_review""]"	0	freebase_bhht_author_lookup_v1	lookup_candidate_not_frozen	"[""Eleanor Duckworth""]"
1355	Gymnastics Teacher	1	gymnastics_teacher	author_substring	substring_cross_l1_conflict			"[[""Discovery/Science"",""Academia""],[""Sports/Games"",""Sports/Games""]]"	2	2	"[""gymnast"",""teacher_""]"	[123,910]	"[[""Discovery/Science"",""Academia""],[""Sports/Games"",""Sports/Games""]]"	[123,910]	Sports/Games	Sports/Games	gymnast	0	0	[]	0	0	"[""substring_requires_transfer_review"",""multiple_author_l1_candidates""]"	Sports/Games	proposed	medium	no_unique_author_l1_candidate	"[""substring_requires_transfer_review"",""multiple_author_l1_candidates""]"	0	freebase_bhht_author_lookup_v1	lookup_candidate_not_frozen	"[""Eleonora Vallone""]"
1357	Clinical Systems Analyst	1	clinical_systems_analyst	author_substring	substring_unique_candidate	Other	Worker/Business (small)	"[[""Other"",""Worker/Business (small)""]]"	1	1	"[""analyst""]"	[1514]	"[[""Other"",""Worker/Business (small)""]]"	[1514]	Other	Worker/Business (small)	analyst	0	0	[]	0	0	"[""substring_requires_transfer_review""]"	Discovery/Science	proposed	medium	differs_from_previous_llm	"[""substring_requires_transfer_review"",""previous_llm_l1_disagreement""]"	0	freebase_bhht_author_lookup_v1	lookup_candidate_not_frozen	"[""Elizabeth Marks (Actor)""]"
1358	Occupational Therapy Educator	1	occupational_therapy_educator	author_substring	substring_unique_candidate	Discovery/Science	Academia	"[[""Discovery/Science"",""Academia""]]"	1	1	"[""educator""]"	[738]	"[[""Discovery/Science"",""Academia""]]"	[738]	Discovery/Science	Academia	educator	0	0	[]	0	0	"[""substring_requires_transfer_review""]"	Discovery/Science	proposed	high	agrees_with_previous_llm	"[""substring_requires_transfer_review""]"	0	freebase_bhht_author_lookup_v1	lookup_candidate_not_frozen	"[""Elizabeth Upham Davis""]"
1359	Surgical Nurse	1	surgical_nurse	author_substring	substring_unique_candidate	Discovery/Science	Academia	"[[""Discovery/Science"",""Academia""]]"	1	1	"[""nurse""]"	[828]	"[[""Discovery/Science"",""Academia""]]"	[828]	Discovery/Science	Academia	nurse	0	0	[]	0	0	"[""substring_requires_transfer_review""]"	Discovery/Science	proposed	high	agrees_with_previous_llm	"[""substring_requires_transfer_review""]"	0	freebase_bhht_author_lookup_v1	lookup_candidate_not_frozen	"[""Elizabeth Young (Deceased Person) #4""]"
1360	Child Psychiatrist	1	child_psychiatrist	author_substring	substring_cross_l1_conflict			"[[""Discovery/Science"",""Academia""],[""Other"",""Family""]]"	2	2	"[""psychiatrist"",""child_""]"	[880,1727]	"[[""Discovery/Science"",""Academia""],[""Other"",""Family""]]"	[880,1727]	Discovery/Science	Academia	psychiatrist	0	0	[]	0	0	"[""substring_requires_transfer_review"",""multiple_author_l1_candidates""]"	Discovery/Science	proposed	medium	no_unique_author_l1_candidate	"[""substring_requires_transfer_review"",""multiple_author_l1_candidates""]"	0	freebase_bhht_author_lookup_v1	lookup_candidate_not_frozen	"[""Emanuel Miller""]"
1361	Drama Critic	1	drama_critic	author_substring	substring_same_l1_multiple_l2	Culture		"[[""Culture"",""Culture-core""],[""Culture"",""Culture-periphery""]]"	1	2	"[""_drama"",""critic""]"	[318,604]	"[[""Culture"",""Culture-core""],[""Culture"",""Culture-periphery""]]"	[318,604]	Culture	Culture-core	_drama	0	0	[]	0	0	"[""substring_requires_transfer_review"",""multiple_author_l2_candidates""]"	Culture	proposed	medium	agrees_with_previous_llm	"[""substring_requires_transfer_review"",""multiple_author_l2_candidates""]"	0	freebase_bhht_author_lookup_v1	lookup_candidate_not_frozen	"[""Ennio Flaiano""]"
1364	Transient laborer	1	transient_laborer	author_substring	substring_unique_candidate	Other	Worker/Business (small)	"[[""Other"",""Worker/Business (small)""]]"	1	1	"[""laborer""]"	[1636]	"[[""Other"",""Worker/Business (small)""]]"	[1636]	Other	Worker/Business (small)	laborer	0	0	[]	0	0	"[""substring_requires_transfer_review""]"		out_of_scope	high	formal_author_other_previously_out_of_scope	"[""substring_requires_transfer_review""]"	0	freebase_bhht_author_lookup_v1	lookup_candidate_not_frozen	"[""Eric Hoffer""]"
1367	port worker	1	port_worker	author_substring	substring_unique_candidate	Other	Worker/Business (small)	"[[""Other"",""Worker/Business (small)""]]"	1	1	"[""worker""]"	[1716]	"[[""Other"",""Worker/Business (small)""]]"	[1716]	Other	Worker/Business (small)	worker	0	0	[]	0	0	"[""substring_requires_transfer_review""]"		out_of_scope	high	formal_author_other_previously_out_of_scope	"[""substring_requires_transfer_review""]"	0	freebase_bhht_author_lookup_v1	lookup_candidate_not_frozen	"[""Erling Berens""]"
1368	Stage combat	1	stage_combat	author_substring	substring_unique_candidate	Culture	Culture-core	"[[""Culture"",""Culture-core""]]"	1	1	"[""_stage_""]"	[338]	"[[""Culture"",""Culture-core""]]"	[338]	Culture	Culture-core	_stage_	0	0	[]	0	0	"[""substring_requires_transfer_review""]"		needs_review	low	author_candidate_previous_needs_review	"[""substring_requires_transfer_review""]"	0	freebase_bhht_author_lookup_v1	lookup_candidate_not_frozen	"[""Ernie Reyes, Jr.""]"
1370	Aeronautics instructor	1	aeronautics_instructor	author_substring	substring_unique_candidate	Discovery/Science	Academia	"[[""Discovery/Science"",""Academia""]]"	1	1	"[""instructor""]"	[794]	"[[""Discovery/Science"",""Academia""]]"	[794]	Discovery/Science	Academia	instructor	0	0	[]	0	0	"[""substring_requires_transfer_review""]"	Discovery/Science	proposed	high	agrees_with_previous_llm	"[""substring_requires_transfer_review""]"	0	freebase_bhht_author_lookup_v1	lookup_candidate_not_frozen	"[""Eugene Luther Vidal""]"
1371	Pool Player	1	pool_player	author_substring	substring_unique_candidate	Sports/Games	Sports/Games	"[[""Sports/Games"",""Sports/Games""]]"	1	1	"[""player""]"	[189]	"[[""Sports/Games"",""Sports/Games""]]"	[189]	Sports/Games	Sports/Games	player	0	0	[]	0	0	"[""substring_requires_transfer_review""]"	Sports/Games	proposed	high	agrees_with_previous_llm	"[""substring_requires_transfer_review""]"	0	freebase_bhht_author_lookup_v1	lookup_candidate_not_frozen	"[""Ewa Laurance""]"
1372	Bioengineer	1	bioengineer	author_substring	substring_unique_candidate	Discovery/Science	Explorer/Inventor/Developer	"[[""Discovery/Science"",""Explorer/Inventor/Developer""]]"	1	1	"[""engineer""]"	[1187]	"[[""Discovery/Science"",""Explorer/Inventor/Developer""]]"	[1187]	Discovery/Science	Explorer/Inventor/Developer	engineer	0	0	[]	0	0	"[""substring_requires_transfer_review""]"	Discovery/Science	proposed	medium	agrees_with_previous_llm	"[""substring_requires_transfer_review""]"	0	freebase_bhht_author_lookup_v1	lookup_candidate_not_frozen	"[""Feng Zhang""]"
1374	Carmelite Friar	1	carmelite_friar	author_substring	substring_unique_candidate	Leadership	Religious	"[[""Leadership"",""Religious""]]"	1	1	"[""_friar_"",""carmelite""]"	[1256,1288]	"[[""Leadership"",""Religious""]]"	[1256,1288]	Leadership	Religious	_friar_	0	0	[]	0	0	"[""substring_requires_transfer_review""]"	Leadership	proposed	high	agrees_with_previous_llm	"[""substring_requires_transfer_review""]"	0	freebase_bhht_author_lookup_v1	lookup_candidate_not_frozen	"[""Filippino Lippi""]"
1375	Federal Government of Canada	1	federal_government_of_canada	author_substring	substring_unique_candidate	Leadership	Politics	"[[""Leadership"",""Politics""]]"	1	1	"[""government""]"	[982]	"[[""Leadership"",""Politics""]]"	[982]	Leadership	Politics	government	0	0	[]	0	0	"[""substring_requires_transfer_review""]"		out_of_scope	medium	author_candidate_previous_out_of_scope	"[""substring_requires_transfer_review""]"	0	freebase_bhht_author_lookup_v1	lookup_candidate_not_frozen	"[""Floyd J. Tufts""]"
1379	Maritime Archaeologist	1	maritime_archaeologist	author_substring	substring_unique_candidate	Discovery/Science	Academia	"[[""Discovery/Science"",""Academia""]]"	1	1	"[""archaeologist""]"	[690]	"[[""Discovery/Science"",""Academia""]]"	[690]	Discovery/Science	Academia	archaeologist	0	0	[]	0	0	"[""substring_requires_transfer_review""]"	Discovery/Science	proposed	high	agrees_with_previous_llm	"[""substring_requires_transfer_review""]"	0	freebase_bhht_author_lookup_v1	lookup_candidate_not_frozen	"[""Frank Pope""]"
1380	Clasics Violin Teacher	1	clasics_violin_teacher	author_substring	substring_cross_l1_conflict			"[[""Culture"",""Culture-core""],[""Discovery/Science"",""Academia""]]"	2	2	"[""violin"",""teacher_""]"	[563,910]	"[[""Culture"",""Culture-core""],[""Discovery/Science"",""Academia""]]"	[563,910]	Culture	Culture-core	violin	0	0	[]	0	0	"[""substring_requires_transfer_review"",""multiple_author_l1_candidates""]"		needs_review	low	no_unique_author_l1_candidate	"[""substring_requires_transfer_review"",""multiple_author_l1_candidates""]"	0	freebase_bhht_author_lookup_v1	lookup_candidate_not_frozen	"[""Franz von Lampe""]"
1381	Fencing master	1	fencing_master	author_substring	substring_unique_candidate	Sports/Games	Sports/Games	"[[""Sports/Games"",""Sports/Games""]]"	1	1	"[""fencing""]"	[95]	"[[""Sports/Games"",""Sports/Games""]]"	[95]	Sports/Games	Sports/Games	fencing	0	0	[]	0	0	"[""substring_requires_transfer_review""]"	Sports/Games	proposed	medium	agrees_with_previous_llm	"[""substring_requires_transfer_review""]"	0	freebase_bhht_author_lookup_v1	lookup_candidate_not_frozen	"[""Fred Cavens""]"
1384	Cavalry Officer	1	cavalry_officer	author_substring	substring_unique_candidate	Leadership	Military	"[[""Leadership"",""Military""]]"	1	1	"[""officer_""]"	[1412]	"[[""Leadership"",""Military""]]"	[1412]	Leadership	Military	officer_	0	0	[]	0	0	"[""substring_requires_transfer_review""]"	Leadership	proposed	medium	agrees_with_previous_llm	"[""substring_requires_transfer_review""]"	0	freebase_bhht_author_lookup_v1	lookup_candidate_not_frozen	"[""Friedrich Karl Johannes von Schlebrügge""]"
1387	Mastering engineer	1	mastering_engineer	author_substring	substring_unique_candidate	Discovery/Science	Explorer/Inventor/Developer	"[[""Discovery/Science"",""Explorer/Inventor/Developer""]]"	1	1	"[""engineer""]"	[1187]	"[[""Discovery/Science"",""Explorer/Inventor/Developer""]]"	[1187]	Discovery/Science	Explorer/Inventor/Developer	engineer	0	0	[]	0	0	"[""substring_requires_transfer_review""]"	Culture	proposed	medium	differs_from_previous_llm	"[""substring_requires_transfer_review"",""previous_llm_l1_disagreement""]"	0	freebase_bhht_author_lookup_v1	lookup_candidate_not_frozen	"[""Gene Paul""]"
1391	Rum-running	1	rum-running	author_substring	substring_unique_candidate	Sports/Games	Sports/Games	"[[""Sports/Games"",""Sports/Games""]]"	1	1	"[""running""]"	[222]	"[[""Sports/Games"",""Sports/Games""]]"	[222]	Sports/Games	Sports/Games	running	0	0	[]	0	0	"[""substring_requires_transfer_review""]"		out_of_scope	high	author_candidate_previous_out_of_scope	"[""substring_requires_transfer_review""]"	0	freebase_bhht_author_lookup_v1	lookup_candidate_not_frozen	"[""George Remus""]"
1394	Neurobiologist	1	neurobiologist	author_substring	substring_unique_candidate	Discovery/Science	Academia	"[[""Discovery/Science"",""Academia""]]"	1	1	"[""biologist""]"	[705]	"[[""Discovery/Science"",""Academia""]]"	[705]	Discovery/Science	Academia	biologist	0	0	[]	0	0	"[""substring_requires_transfer_review""]"	Discovery/Science	proposed	high	agrees_with_previous_llm	"[""substring_requires_transfer_review""]"	0	freebase_bhht_author_lookup_v1	lookup_candidate_not_frozen	"[""George Zweig""]"
1399	Church of Aphrodite	1	church_of_aphrodite	author_substring	substring_unique_candidate	Leadership	Religious	"[[""Leadership"",""Religious""]]"	1	1	"[""_church""]"	[1292]	"[[""Leadership"",""Religious""]]"	[1292]	Leadership	Religious	_church	0	0	[]	0	0	"[""substring_requires_transfer_review""]"		out_of_scope	medium	author_candidate_previous_out_of_scope	"[""substring_requires_transfer_review""]"	0	freebase_bhht_author_lookup_v1	lookup_candidate_not_frozen	"[""Gleb Botkin""]"
1400	Clinical Psychiatrist	1	clinical_psychiatrist	author_substring	substring_unique_candidate	Discovery/Science	Academia	"[[""Discovery/Science"",""Academia""]]"	1	1	"[""psychiatrist""]"	[880]	"[[""Discovery/Science"",""Academia""]]"	[880]	Discovery/Science	Academia	psychiatrist	0	0	[]	0	0	"[""substring_requires_transfer_review""]"	Discovery/Science	proposed	high	agrees_with_previous_llm	"[""substring_requires_transfer_review""]"	0	freebase_bhht_author_lookup_v1	lookup_candidate_not_frozen	"[""Glen Gabbard""]"
1402	Multi Media Artist	1	multi_media_artist	author_substring	substring_same_l1_multiple_l2	Culture		"[[""Culture"",""Culture-core""],[""Culture"",""Culture-periphery""]]"	1	2	"[""_artist"",""_media""]"	[304,576]	"[[""Culture"",""Culture-core""],[""Culture"",""Culture-periphery""]]"	[304,576]	Culture	Culture-core	_artist	0	0	[]	0	0	"[""substring_requires_transfer_review"",""multiple_author_l2_candidates""]"	Culture	proposed	medium	agrees_with_previous_llm	"[""substring_requires_transfer_review"",""multiple_author_l2_candidates""]"	0	freebase_bhht_author_lookup_v1	lookup_candidate_not_frozen	"[""Gottfried Helnwein""]"
1403	Business Manager	1	business_manager	author_substring	substring_unique_candidate	Leadership	Corporate/Executive/Business (large)	"[[""Leadership"",""Corporate/Executive/Business (large)""]]"	1	1	"[""business"",""manager""]"	[1218,1234]	"[[""Leadership"",""Corporate/Executive/Business (large)""]]"	[1218,1234]	Leadership	Corporate/Executive/Business (large)	business	0	0	[]	0	0	"[""substring_requires_transfer_review""]"	Leadership	proposed	high	agrees_with_previous_llm	"[""substring_requires_transfer_review""]"	0	freebase_bhht_author_lookup_v1	lookup_candidate_not_frozen	"[""Grace Massa Langlois""]"
1406	Backing vocalist	1	backing_vocalist	author_substring	substring_unique_candidate	Culture	Culture-core	"[[""Culture"",""Culture-core""]]"	1	1	"[""vocalist""]"	[567]	"[[""Culture"",""Culture-core""]]"	[567]	Culture	Culture-core	vocalist	0	0	[]	0	0	"[""substring_requires_transfer_review""]"	Culture	proposed	high	agrees_with_previous_llm	"[""substring_requires_transfer_review""]"	0	freebase_bhht_author_lookup_v1	lookup_candidate_not_frozen	"[""Gregg Tribbett""]"
1407	Joomla developer	1	joomla_developer	author_substring	substring_unique_candidate	Discovery/Science	Explorer/Inventor/Developer	"[[""Discovery/Science"",""Explorer/Inventor/Developer""]]"	1	1	"[""developer""]"	[1184]	"[[""Discovery/Science"",""Explorer/Inventor/Developer""]]"	[1184]	Discovery/Science	Explorer/Inventor/Developer	developer	0	0	[]	0	0	"[""substring_requires_transfer_review""]"	Discovery/Science	proposed	medium	agrees_with_previous_llm	"[""substring_requires_transfer_review""]"	0	freebase_bhht_author_lookup_v1	lookup_candidate_not_frozen	"[""Gretel Gutierrez""]"
1408	Trampoline Gymnast	1	trampoline_gymnast	author_substring	substring_unique_candidate	Sports/Games	Sports/Games	"[[""Sports/Games"",""Sports/Games""]]"	1	1	"[""gymnast""]"	[123]	"[[""Sports/Games"",""Sports/Games""]]"	[123]	Sports/Games	Sports/Games	gymnast	0	0	[]	0	0	"[""substring_requires_transfer_review""]"	Sports/Games	proposed	medium	agrees_with_previous_llm	"[""substring_requires_transfer_review""]"	0	freebase_bhht_author_lookup_v1	lookup_candidate_not_frozen	"[""Gurimu Narita""]"
1410	UI Designer	1	ui_designer	author_substring	substring_unique_candidate	Culture	Culture-periphery	"[[""Culture"",""Culture-periphery""]]"	1	1	"[""designer""]"	[606]	"[[""Culture"",""Culture-periphery""]]"	[606]	Culture	Culture-periphery	designer	0	0	[]	0	0	"[""substring_requires_transfer_review""]"	Culture	proposed	high	agrees_with_previous_llm	"[""substring_requires_transfer_review""]"	0	freebase_bhht_author_lookup_v1	lookup_candidate_not_frozen	"[""Han, Jae-Il""]"
1412	Professor (Profession) #40	1	professor_(profession)_#40	author_substring	substring_unique_candidate	Discovery/Science	Academia	"[[""Discovery/Science"",""Academia""]]"	1	1	"[""professor""]"	[878]	"[[""Discovery/Science"",""Academia""]]"	[878]	Discovery/Science	Academia	professor	0	0	[]	0	0	"[""substring_requires_transfer_review""]"	Discovery/Science	proposed	high	agrees_with_previous_llm	"[""substring_requires_transfer_review""]"	0	freebase_bhht_author_lookup_v1	lookup_candidate_not_frozen	"[""Hans Köchler""]"
1416	Jazz guitarist	1	jazz_guitarist	author_substring	substring_unique_candidate	Culture	Culture-core	"[[""Culture"",""Culture-core""]]"	1	1	"[""guitar"",""jazz""]"	[434,451]	"[[""Culture"",""Culture-core""]]"	[434,451]	Culture	Culture-core	guitar	0	0	[]	0	0	"[""substring_requires_transfer_review""]"	Culture	proposed	high	agrees_with_previous_llm	"[""substring_requires_transfer_review""]"	0	freebase_bhht_author_lookup_v1	lookup_candidate_not_frozen	"[""Haruhiko Takauchi""]"
1418	Recruitment Officer	1	recruitment_officer	author_substring	substring_unique_candidate	Leadership	Military	"[[""Leadership"",""Military""]]"	1	1	"[""officer_""]"	[1412]	"[[""Leadership"",""Military""]]"	[1412]	Leadership	Military	officer_	0	0	[]	0	0	"[""substring_requires_transfer_review""]"	Leadership	proposed	high	agrees_with_previous_llm	"[""substring_requires_transfer_review""]"	0	freebase_bhht_author_lookup_v1	lookup_candidate_not_frozen	"[""Hayley Walsh""]"
1419	Houseware designer	1	houseware_designer	author_substring	substring_unique_candidate	Culture	Culture-periphery	"[[""Culture"",""Culture-periphery""]]"	1	1	"[""designer""]"	[606]	"[[""Culture"",""Culture-periphery""]]"	[606]	Culture	Culture-periphery	designer	0	0	[]	0	0	"[""substring_requires_transfer_review""]"	Culture	proposed	high	agrees_with_previous_llm	"[""substring_requires_transfer_review""]"	0	freebase_bhht_author_lookup_v1	lookup_candidate_not_frozen	"[""Heather McCartney""]"
1422	internet business consultant	1	internet_business_consultant	author_substring	substring_cross_l1_conflict			"[[""Leadership"",""Corporate/Executive/Business (large)""],[""Other"",""Worker/Business (small)""]]"	2	2	"[""business"",""consultant""]"	[1218,1566]	"[[""Leadership"",""Corporate/Executive/Business (large)""],[""Other"",""Worker/Business (small)""]]"	[1218,1566]	Leadership	Corporate/Executive/Business (large)	business	0	0	[]	0	0	"[""substring_requires_transfer_review"",""multiple_author_l1_candidates""]"		needs_review	low	no_unique_author_l1_candidate	"[""substring_requires_transfer_review"",""multiple_author_l1_candidates""]"	0	freebase_bhht_author_lookup_v1	lookup_candidate_not_frozen	"[""Helga Haas""]"
1423	Military Strategist	1	military_strategist	author_substring	substring_unique_candidate	Leadership	Military	"[[""Leadership"",""Military""]]"	1	1	"[""militar""]"	[1407]	"[[""Leadership"",""Military""]]"	[1407]	Leadership	Military	militar	0	0	[]	0	0	"[""substring_requires_transfer_review""]"	Leadership	proposed	medium	agrees_with_previous_llm	"[""substring_requires_transfer_review""]"	0	freebase_bhht_author_lookup_v1	lookup_candidate_not_frozen	"[""Helmuth von Moltke the Elder""]"
1425	High Court Judge	1	high_court_judge	author_substring	substring_unique_candidate	Leadership	Administration/Law	"[[""Leadership"",""Administration/Law""]]"	1	1	"[""judge""]"	[1076]	"[[""Leadership"",""Administration/Law""]]"	[1076]	Leadership	Administration/Law	judge	0	0	[]	0	0	"[""substring_requires_transfer_review""]"	Leadership	proposed	high	agrees_with_previous_llm	"[""substring_requires_transfer_review""]"	0	freebase_bhht_author_lookup_v1	lookup_candidate_not_frozen	"[""Henry Hodge""]"
1427	Machine Tool operator	1	machine_tool_operator	author_substring	substring_unique_candidate	Other	Worker/Business (small)	"[[""Other"",""Worker/Business (small)""]]"	1	1	"[""operator""]"	[1661]	"[[""Other"",""Worker/Business (small)""]]"	[1661]	Other	Worker/Business (small)	operator	0	0	[]	0	0	"[""substring_requires_transfer_review""]"		out_of_scope	high	formal_author_other_previously_out_of_scope	"[""substring_requires_transfer_review""]"	0	freebase_bhht_author_lookup_v1	lookup_candidate_not_frozen	"[""Henry Maudslay""]"
1428	Pharmaceutical Entrepreneur	1	pharmaceutical_entrepreneur	author_substring	substring_unique_candidate	Leadership	Corporate/Executive/Business (large)	"[[""Leadership"",""Corporate/Executive/Business (large)""]]"	1	1	"[""entrepreneur""]"	[1222]	"[[""Leadership"",""Corporate/Executive/Business (large)""]]"	[1222]	Leadership	Corporate/Executive/Business (large)	entrepreneur	0	0	[]	0	0	"[""substring_requires_transfer_review""]"	Leadership	proposed	high	agrees_with_previous_llm	"[""substring_requires_transfer_review""]"	0	freebase_bhht_author_lookup_v1	lookup_candidate_not_frozen	"[""Henry Wellcome""]"
1429	First Lady of Chile	1	first_lady_of_chile	author_substring	substring_unique_candidate	Leadership	Politics	"[[""Leadership"",""Politics""]]"	1	1	"[""first_lady""]"	[973]	"[[""Leadership"",""Politics""]]"	[973]	Leadership	Politics	first_lady	0	0	[]	0	0	"[""substring_requires_transfer_review""]"		out_of_scope	medium	author_candidate_previous_out_of_scope	"[""substring_requires_transfer_review""]"	0	freebase_bhht_author_lookup_v1	lookup_candidate_not_frozen	"[""Hortensia Bussi""]"
1432	Theatre consultant	1	theatre_consultant	author_substring	substring_cross_l1_conflict			"[[""Culture"",""Culture-core""],[""Other"",""Worker/Business (small)""]]"	2	2	"[""theatre"",""consultant""]"	[550,1566]	"[[""Culture"",""Culture-core""],[""Other"",""Worker/Business (small)""]]"	[550,1566]	Culture	Culture-core	theatre	0	0	[]	0	0	"[""substring_requires_transfer_review"",""multiple_author_l1_candidates""]"		needs_review	low	no_unique_author_l1_candidate	"[""substring_requires_transfer_review"",""multiple_author_l1_candidates""]"	0	freebase_bhht_author_lookup_v1	lookup_candidate_not_frozen	"[""Ian Albery""]"
1434	Employment counsellor	1	employment_counsellor	author_substring	substring_unique_candidate	Other	Worker/Business (small)	"[[""Other"",""Worker/Business (small)""]]"	1	1	"[""counsellor""]"	[1570]	"[[""Other"",""Worker/Business (small)""]]"	[1570]	Other	Worker/Business (small)	counsellor	0	0	[]	0	0	"[""substring_requires_transfer_review""]"		needs_review	low	author_candidate_previous_needs_review	"[""substring_requires_transfer_review""]"	0	freebase_bhht_author_lookup_v1	lookup_candidate_not_frozen	"[""Ikezawa Schoenbaum Naomi""]"
1435	Medical assistant	1	medical_assistant	author_substring	substring_unique_candidate	Discovery/Science	Academia	"[[""Discovery/Science"",""Academia""]]"	1	1	"[""medical""]"	[812]	"[[""Discovery/Science"",""Academia""]]"	[812]	Discovery/Science	Academia	medical	0	0	[]	0	0	"[""substring_requires_transfer_review""]"		needs_review	low	author_candidate_previous_needs_review	"[""substring_requires_transfer_review""]"	0	freebase_bhht_author_lookup_v1	lookup_candidate_not_frozen	"[""Ilse Braun""]"
1437	Lord Chamberlain	1	lord_chamberlain	author_substring	substring_unique_candidate	Leadership	Nobility	"[[""Leadership"",""Nobility""]]"	1	1	"[""_lord"",""chamberlain""]"	[1120,1129]	"[[""Leadership"",""Nobility""]]"	[1120,1129]	Leadership	Nobility	_lord	0	0	[]	0	0	"[""substring_requires_transfer_review""]"	Leadership	proposed	high	agrees_with_previous_llm	"[""substring_requires_transfer_review""]"	0	freebase_bhht_author_lookup_v1	lookup_candidate_not_frozen	"[""Imre Madách (Landlord)""]"
1439	Medicine man	1	medicine_man	author_substring	substring_unique_candidate	Discovery/Science	Academia	"[[""Discovery/Science"",""Academia""]]"	1	1	"[""medicine""]"	[813]	"[[""Discovery/Science"",""Academia""]]"	[813]	Discovery/Science	Academia	medicine	0	0	[]	0	0	"[""substring_requires_transfer_review""]"		needs_review	low	author_candidate_previous_needs_review	"[""substring_requires_transfer_review""]"	0	freebase_bhht_author_lookup_v1	lookup_candidate_not_frozen	"[""Iron Jacket""]"
1443	Social media strategist	1	social_media_strategist	author_substring	substring_unique_candidate	Culture	Culture-periphery	"[[""Culture"",""Culture-periphery""]]"	1	1	"[""_media""]"	[576]	"[[""Culture"",""Culture-periphery""]]"	[576]	Culture	Culture-periphery	_media	0	0	[]	0	0	"[""substring_requires_transfer_review""]"		needs_review	low	author_candidate_previous_needs_review	"[""substring_requires_transfer_review""]"	0	freebase_bhht_author_lookup_v1	lookup_candidate_not_frozen	"[""Ivan Garcia Estebanez""]"
1444	Vice admiral	1	vice_admiral	author_substring	substring_unique_candidate	Leadership	Military	"[[""Leadership"",""Military""]]"	1	1	"[""admiral""]"	[1368]	"[[""Leadership"",""Military""]]"	[1368]	Leadership	Military	admiral	0	0	[]	0	0	"[""substring_requires_transfer_review""]"	Leadership	proposed	medium	agrees_with_previous_llm	"[""substring_requires_transfer_review""]"	0	freebase_bhht_author_lookup_v1	lookup_candidate_not_frozen	"[""Ivan Ivanovich Butakov""]"
1448	Basketball Official	1	basketball_official	author_substring	substring_unique_candidate	Sports/Games	Sports/Games	"[[""Sports/Games"",""Sports/Games""]]"	1	1	"[""basket""]"	[42]	"[[""Sports/Games"",""Sports/Games""]]"	[42]	Sports/Games	Sports/Games	basket	0	0	[]	0	0	"[""substring_requires_transfer_review""]"	Sports/Games	proposed	high	agrees_with_previous_llm	"[""substring_requires_transfer_review""]"	0	freebase_bhht_author_lookup_v1	lookup_candidate_not_frozen	"[""Jack Nies""]"
1450	Fur Trader	1	fur_trader	author_substring	substring_unique_candidate	Leadership	Corporate/Executive/Business (large)	"[[""Leadership"",""Corporate/Executive/Business (large)""]]"	1	1	"[""trader""]"	[1247]	"[[""Leadership"",""Corporate/Executive/Business (large)""]]"	[1247]	Leadership	Corporate/Executive/Business (large)	trader	0	0	[]	0	0	"[""substring_requires_transfer_review""]"		needs_review	low	author_candidate_previous_needs_review	"[""substring_requires_transfer_review""]"	0	freebase_bhht_author_lookup_v1	lookup_candidate_not_frozen	"[""Jack Rosenblatt""]"
1451	Aircraft maintenance technician	1	aircraft_maintenance_technician	author_substring	substring_unique_candidate	Other	Worker/Business (small)	"[[""Other"",""Worker/Business (small)""]]"	1	1	"[""technician""]"	[1698]	"[[""Other"",""Worker/Business (small)""]]"	[1698]	Other	Worker/Business (small)	technician	0	0	[]	0	0	"[""substring_requires_transfer_review""]"		out_of_scope	high	formal_author_other_previously_out_of_scope	"[""substring_requires_transfer_review""]"	0	freebase_bhht_author_lookup_v1	lookup_candidate_not_frozen	"[""Jack Ruby""]"
1452	Physical Training Instructor	1	physical_training_instructor	author_substring	substring_unique_candidate	Discovery/Science	Academia	"[[""Discovery/Science"",""Academia""]]"	1	1	"[""instructor""]"	[794]	"[[""Discovery/Science"",""Academia""]]"	[794]	Discovery/Science	Academia	instructor	0	0	[]	0	0	"[""substring_requires_transfer_review""]"	Sports/Games	proposed	high	differs_from_previous_llm	"[""substring_requires_transfer_review"",""previous_llm_l1_disagreement""]"	0	freebase_bhht_author_lookup_v1	lookup_candidate_not_frozen	"[""Jack Watson""]"
1455	Dance Educator	1	dance_educator	author_substring	substring_cross_l1_conflict			"[[""Culture"",""Culture-core""],[""Discovery/Science"",""Academia""]]"	2	2	"[""_dance_"",""educator""]"	[314,738]	"[[""Culture"",""Culture-core""],[""Discovery/Science"",""Academia""]]"	[314,738]	Culture	Culture-core	_dance_	0	0	[]	0	0	"[""substring_requires_transfer_review"",""multiple_author_l1_candidates""]"		needs_review	low	no_unique_author_l1_candidate	"[""substring_requires_transfer_review"",""multiple_author_l1_candidates""]"	0	freebase_bhht_author_lookup_v1	lookup_candidate_not_frozen	"[""Jacques d'Amboise""]"
1456	Stunt Assistant	1	stunt_assistant	author_substring	substring_unique_candidate	Culture	Culture-core	"[[""Culture"",""Culture-core""]]"	1	1	"[""_stunt_""]"	[340]	"[[""Culture"",""Culture-core""]]"	[340]	Culture	Culture-core	_stunt_	0	0	[]	0	0	"[""substring_requires_transfer_review""]"		needs_review	low	author_candidate_previous_needs_review	"[""substring_requires_transfer_review""]"	0	freebase_bhht_author_lookup_v1	lookup_candidate_not_frozen	"[""Jade Gordon""]"
1457	Pharmacy technician	1	pharmacy_technician	author_substring	substring_unique_candidate	Other	Worker/Business (small)	"[[""Other"",""Worker/Business (small)""]]"	1	1	"[""technician""]"	[1698]	"[[""Other"",""Worker/Business (small)""]]"	[1698]	Other	Worker/Business (small)	technician	0	0	[]	0	0	"[""substring_requires_transfer_review""]"		needs_review	low	author_candidate_previous_needs_review	"[""substring_requires_transfer_review""]"	0	freebase_bhht_author_lookup_v1	lookup_candidate_not_frozen	"[""Jade Michael LaFont""]"
1460	Commodore (Military rank) #12	1	commodore_(military_rank)_#12	author_substring	substring_unique_candidate	Leadership	Military	"[[""Leadership"",""Military""]]"	1	1	"[""militar""]"	[1407]	"[[""Leadership"",""Military""]]"	[1407]	Leadership	Military	militar	0	0	[]	0	0	"[""substring_requires_transfer_review""]"	Leadership	proposed	high	agrees_with_previous_llm	"[""substring_requires_transfer_review""]"	0	freebase_bhht_author_lookup_v1	lookup_candidate_not_frozen	"[""James Fanshawe (Military Person)""]"
1463	Post Office Worker	1	post_office_worker	author_substring	substring_unique_candidate	Other	Worker/Business (small)	"[[""Other"",""Worker/Business (small)""]]"	1	1	"[""worker""]"	[1716]	"[[""Other"",""Worker/Business (small)""]]"	[1716]	Other	Worker/Business (small)	worker	0	0	[]	0	0	"[""substring_requires_transfer_review""]"		out_of_scope	high	formal_author_other_previously_out_of_scope	"[""substring_requires_transfer_review""]"	0	freebase_bhht_author_lookup_v1	lookup_candidate_not_frozen	"[""James Millard Hopper""]"
1464	Light Sculptor	1	light_sculptor	author_substring	substring_unique_candidate	Culture	Culture-core	"[[""Culture"",""Culture-core""]]"	1	1	"[""sculptor""]"	[525]	"[[""Culture"",""Culture-core""]]"	[525]	Culture	Culture-core	sculptor	0	0	[]	0	0	"[""substring_requires_transfer_review""]"	Culture	proposed	high	agrees_with_previous_llm	"[""substring_requires_transfer_review""]"	0	freebase_bhht_author_lookup_v1	lookup_candidate_not_frozen	"[""James Turrell""]"
1467	Chairty Worker	1	chairty_worker	author_substring	substring_unique_candidate	Other	Worker/Business (small)	"[[""Other"",""Worker/Business (small)""]]"	1	1	"[""worker""]"	[1716]	"[[""Other"",""Worker/Business (small)""]]"	[1716]	Other	Worker/Business (small)	worker	0	0	[]	0	0	"[""substring_requires_transfer_review""]"		out_of_scope	high	formal_author_other_previously_out_of_scope	"[""substring_requires_transfer_review""]"	0	freebase_bhht_author_lookup_v1	lookup_candidate_not_frozen	"[""Jane Ellison (Woman)""]"
1468	School counselor	1	school_counselor	author_substring	substring_unique_candidate	Other	Worker/Business (small)	"[[""Other"",""Worker/Business (small)""]]"	1	1	"[""counselor""]"	[1571]	"[[""Other"",""Worker/Business (small)""]]"	[1571]	Other	Worker/Business (small)	counselor	0	0	[]	0	0	"[""substring_requires_transfer_review""]"	Discovery/Science	proposed	medium	differs_from_previous_llm	"[""substring_requires_transfer_review"",""previous_llm_l1_disagreement""]"	0	freebase_bhht_author_lookup_v1	lookup_candidate_not_frozen	"[""Jane Etta Pitt""]"
1469	Lead vocalist	1	lead_vocalist	author_substring	substring_unique_candidate	Culture	Culture-core	"[[""Culture"",""Culture-core""]]"	1	1	"[""vocalist""]"	[567]	"[[""Culture"",""Culture-core""]]"	[567]	Culture	Culture-core	vocalist	0	0	[]	0	0	"[""substring_requires_transfer_review""]"	Culture	proposed	high	agrees_with_previous_llm	"[""substring_requires_transfer_review""]"	0	freebase_bhht_author_lookup_v1	lookup_candidate_not_frozen	"[""Jared Leto""]"
1472	Fashion Commentator	1	fashion_commentator	author_substring	substring_unique_candidate	Culture	Culture-periphery	"[[""Culture"",""Culture-periphery""]]"	1	1	"[""commentator""]"	[599]	"[[""Culture"",""Culture-periphery""]]"	[599]	Culture	Culture-periphery	commentator	0	0	[]	0	0	"[""substring_requires_transfer_review""]"	Culture	proposed	high	agrees_with_previous_llm	"[""substring_requires_transfer_review""]"	0	freebase_bhht_author_lookup_v1	lookup_candidate_not_frozen	"[""Jeanne Cagney""]"
1474	Clinical Social Worker	1	clinical_social_worker	author_substring	substring_unique_candidate	Other	Worker/Business (small)	"[[""Other"",""Worker/Business (small)""]]"	1	1	"[""worker""]"	[1716]	"[[""Other"",""Worker/Business (small)""]]"	[1716]	Other	Worker/Business (small)	worker	0	0	[]	0	0	"[""substring_requires_transfer_review""]"	Discovery/Science	proposed	medium	differs_from_previous_llm	"[""substring_requires_transfer_review"",""previous_llm_l1_disagreement""]"	0	freebase_bhht_author_lookup_v1	lookup_candidate_not_frozen	"[""Jerome G. Miller""]"
1476	Trapper	1	trapper	author_substring	substring_unique_candidate	Culture	Culture-core	"[[""Culture"",""Culture-core""]]"	1	1	"[""rapper""]"	[512]	"[[""Culture"",""Culture-core""]]"	[512]	Culture	Culture-core	rapper	0	0	[]	0	0	"[""substring_requires_transfer_review""]"		out_of_scope	high	author_candidate_previous_out_of_scope	"[""substring_requires_transfer_review""]"	0	freebase_bhht_author_lookup_v1	lookup_candidate_not_frozen	"[""Jerome Leland-St. John""]"
1478	Drama Theorist	1	drama_theorist	author_substring	substring_cross_l1_conflict			"[[""Culture"",""Culture-core""],[""Discovery/Science"",""Academia""]]"	2	2	"[""_drama"",""theorist""]"	[318,914]	"[[""Culture"",""Culture-core""],[""Discovery/Science"",""Academia""]]"	[318,914]	Culture	Culture-core	_drama	0	0	[]	0	0	"[""substring_requires_transfer_review"",""multiple_author_l1_candidates""]"	Discovery/Science	proposed	high	no_unique_author_l1_candidate	"[""substring_requires_transfer_review"",""multiple_author_l1_candidates""]"	0	freebase_bhht_author_lookup_v1	lookup_candidate_not_frozen	"[""Jerzy Grotowski""]"
1479	Rock Musician	1	rock_musician	author_substring	substring_unique_candidate	Culture	Culture-core	"[[""Culture"",""Culture-core""]]"	1	1	"[""_music"",""_rock_"",""musician""]"	[325,331,473]	"[[""Culture"",""Culture-core""]]"	[325,331,473]	Culture	Culture-core	_music	0	0	[]	0	0	"[""substring_requires_transfer_review""]"	Culture	proposed	high	agrees_with_previous_llm	"[""substring_requires_transfer_review""]"	0	freebase_bhht_author_lookup_v1	lookup_candidate_not_frozen	"[""Jesse Blaze Snider""]"
1480	Engineering Drafter	1	engineering_drafter	author_substring	substring_unique_candidate	Discovery/Science	Explorer/Inventor/Developer	"[[""Discovery/Science"",""Explorer/Inventor/Developer""]]"	1	1	"[""engineer""]"	[1187]	"[[""Discovery/Science"",""Explorer/Inventor/Developer""]]"	[1187]	Discovery/Science	Explorer/Inventor/Developer	engineer	0	0	[]	0	0	"[""substring_requires_transfer_review""]"		needs_review	low	author_candidate_previous_needs_review	"[""substring_requires_transfer_review""]"	0	freebase_bhht_author_lookup_v1	lookup_candidate_not_frozen	"[""Jesse Wayne Swayze""]"
1484	Counsellor in Norwich	1	counsellor_in_norwich	author_substring	substring_unique_candidate	Other	Worker/Business (small)	"[[""Other"",""Worker/Business (small)""]]"	1	1	"[""counsellor""]"	[1570]	"[[""Other"",""Worker/Business (small)""]]"	[1570]	Other	Worker/Business (small)	counsellor	0	0	[]	0	0	"[""substring_requires_transfer_review""]"		needs_review	low	author_candidate_previous_needs_review	"[""substring_requires_transfer_review""]"	0	freebase_bhht_author_lookup_v1	lookup_candidate_not_frozen	"[""Joan Claridge""]"
1485	Dramatic colouratura	1	dramatic_colouratura	author_substring	substring_unique_candidate	Culture	Culture-core	"[[""Culture"",""Culture-core""]]"	1	1	"[""_drama""]"	[318]	"[[""Culture"",""Culture-core""]]"	[318]	Culture	Culture-core	_drama	0	0	[]	0	0	"[""substring_requires_transfer_review""]"	Culture	proposed	high	agrees_with_previous_llm	"[""substring_requires_transfer_review""]"	0	freebase_bhht_author_lookup_v1	lookup_candidate_not_frozen	"[""Joan Sutherland""]"
1487	Forklift operator	1	forklift_operator	author_substring	substring_unique_candidate	Other	Worker/Business (small)	"[[""Other"",""Worker/Business (small)""]]"	1	1	"[""operator""]"	[1661]	"[[""Other"",""Worker/Business (small)""]]"	[1661]	Other	Worker/Business (small)	operator	0	0	[]	0	0	"[""substring_requires_transfer_review""]"		out_of_scope	high	formal_author_other_previously_out_of_scope	"[""substring_requires_transfer_review""]"	0	freebase_bhht_author_lookup_v1	lookup_candidate_not_frozen	"[""Joe Isaak""]"
1489	Business Coach	1	business_coach	author_substring	substring_cross_l1_conflict			"[[""Leadership"",""Corporate/Executive/Business (large)""],[""Sports/Games"",""Sports/Games""]]"	2	2	"[""coach"",""business""]"	[75,1218]	"[[""Leadership"",""Corporate/Executive/Business (large)""],[""Sports/Games"",""Sports/Games""]]"	[75,1218]	Sports/Games	Sports/Games	coach	0	0	[]	0	0	"[""substring_requires_transfer_review"",""multiple_author_l1_candidates""]"		needs_review	low	no_unique_author_l1_candidate	"[""substring_requires_transfer_review"",""multiple_author_l1_candidates""]"	0	freebase_bhht_author_lookup_v1	lookup_candidate_not_frozen	"[""Joel Glenn Wright (Organisation leader) #1""]"
1490	Business consultant	1	business_consultant	author_substring	substring_cross_l1_conflict			"[[""Leadership"",""Corporate/Executive/Business (large)""],[""Other"",""Worker/Business (small)""]]"	2	2	"[""business"",""consultant""]"	[1218,1566]	"[[""Leadership"",""Corporate/Executive/Business (large)""],[""Other"",""Worker/Business (small)""]]"	[1218,1566]	Leadership	Corporate/Executive/Business (large)	business	0	0	[]	0	0	"[""substring_requires_transfer_review"",""multiple_author_l1_candidates""]"		needs_review	low	no_unique_author_l1_candidate	"[""substring_requires_transfer_review"",""multiple_author_l1_candidates""]"	0	freebase_bhht_author_lookup_v1	lookup_candidate_not_frozen	"[""Joel Glenn Wright (Organisation leader) #1""]"
1491	Entrepreneurship	1	entrepreneurship	author_substring	substring_unique_candidate	Leadership	Corporate/Executive/Business (large)	"[[""Leadership"",""Corporate/Executive/Business (large)""]]"	1	1	"[""entrepreneur""]"	[1222]	"[[""Leadership"",""Corporate/Executive/Business (large)""]]"	[1222]	Leadership	Corporate/Executive/Business (large)	entrepreneur	0	0	[]	0	0	"[""substring_requires_transfer_review""]"		out_of_scope	high	author_candidate_previous_out_of_scope	"[""substring_requires_transfer_review""]"	0	freebase_bhht_author_lookup_v1	lookup_candidate_not_frozen	"[""Joel Glenn Wright (Organisation leader) #1""]"
1492	School superintendent	1	school_superintendent	author_substring	substring_unique_candidate	Leadership	Administration/Law	"[[""Leadership"",""Administration/Law""]]"	1	1	"[""superintendent""]"	[1103]	"[[""Leadership"",""Administration/Law""]]"	[1103]	Leadership	Administration/Law	superintendent	0	0	[]	0	0	"[""substring_requires_transfer_review""]"		needs_review	low	author_candidate_previous_needs_review	"[""substring_requires_transfer_review""]"	0	freebase_bhht_author_lookup_v1	lookup_candidate_not_frozen	"[""Joel Klein""]"
1493	Set Painter	1	set_painter	author_substring	substring_unique_candidate	Culture	Culture-core	"[[""Culture"",""Culture-core""]]"	1	1	"[""painter""]"	[483]	"[[""Culture"",""Culture-core""]]"	[483]	Culture	Culture-core	painter	0	0	[]	0	0	"[""substring_requires_transfer_review""]"	Culture	proposed	high	agrees_with_previous_llm	"[""substring_requires_transfer_review""]"	0	freebase_bhht_author_lookup_v1	lookup_candidate_not_frozen	"[""Joey Genitempo""]"
1495	Media scholar	1	media_scholar	author_substring	substring_cross_l1_conflict			"[[""Culture"",""Culture-periphery""],[""Discovery/Science"",""Academia""]]"	2	2	"[""_media"",""scholar""]"	[576,890]	"[[""Culture"",""Culture-periphery""],[""Discovery/Science"",""Academia""]]"	[576,890]	Culture	Culture-periphery	_media	0	0	[]	0	0	"[""substring_requires_transfer_review"",""multiple_author_l1_candidates""]"	Discovery/Science	proposed	medium	no_unique_author_l1_candidate	"[""substring_requires_transfer_review"",""multiple_author_l1_candidates""]"	0	freebase_bhht_author_lookup_v1	lookup_candidate_not_frozen	"[""Johannes Wahlstrom""]"
1496	Australian rules football coach	1	australian_rules_football_coach	author_substring	substring_unique_candidate	Sports/Games	Sports/Games	"[[""Sports/Games"",""Sports/Games""]]"	1	1	"[""coach"",""football""]"	[75,101]	"[[""Sports/Games"",""Sports/Games""]]"	[75,101]	Sports/Games	Sports/Games	coach	0	0	[]	0	0	"[""substring_requires_transfer_review""]"	Sports/Games	proposed	medium	agrees_with_previous_llm	"[""substring_requires_transfer_review""]"	0	freebase_bhht_author_lookup_v1	lookup_candidate_not_frozen	"[""John Blair (Professional Athlete)""]"
1499	Bankruptcy Lawyer	1	bankruptcy_lawyer	author_substring	substring_same_l1_multiple_l2	Leadership		"[[""Leadership"",""Administration/Law""],[""Leadership"",""Corporate/Executive/Business (large)""]]"	1	2	"[""_lawyer"",""bank""]"	[1053,1215]	"[[""Leadership"",""Administration/Law""],[""Leadership"",""Corporate/Executive/Business (large)""]]"	[1053,1215]	Leadership	Administration/Law	_lawyer	0	0	[]	0	0	"[""substring_requires_transfer_review"",""multiple_author_l2_candidates""]"	Leadership	proposed	high	agrees_with_previous_llm	"[""substring_requires_transfer_review"",""multiple_author_l2_candidates""]"	0	freebase_bhht_author_lookup_v1	lookup_candidate_not_frozen	"[""John Keenan (Lawyer)""]"
1500	divorce lawyer	1	divorce_lawyer	author_substring	substring_unique_candidate	Leadership	Administration/Law	"[[""Leadership"",""Administration/Law""]]"	1	1	"[""_lawyer""]"	[1053]	"[[""Leadership"",""Administration/Law""]]"	[1053]	Leadership	Administration/Law	_lawyer	0	0	[]	0	0	"[""substring_requires_transfer_review""]"	Leadership	proposed	high	agrees_with_previous_llm	"[""substring_requires_transfer_review""]"	0	freebase_bhht_author_lookup_v1	lookup_candidate_not_frozen	"[""John Keenan (Lawyer)""]"
1501	Federal judge	1	federal_judge	author_substring	substring_unique_candidate	Leadership	Administration/Law	"[[""Leadership"",""Administration/Law""]]"	1	1	"[""judge""]"	[1076]	"[[""Leadership"",""Administration/Law""]]"	[1076]	Leadership	Administration/Law	judge	0	0	[]	0	0	"[""substring_requires_transfer_review""]"	Leadership	proposed	high	agrees_with_previous_llm	"[""substring_requires_transfer_review""]"	0	freebase_bhht_author_lookup_v1	lookup_candidate_not_frozen	"[""John Lewis Smith, Jr.""]"
1503	UX & Semantic Search Consultant	1	ux_&_semantic_search_consultant	author_substring	substring_unique_candidate	Other	Worker/Business (small)	"[[""Other"",""Worker/Business (small)""]]"	1	1	"[""consultant""]"	[1566]	"[[""Other"",""Worker/Business (small)""]]"	[1566]	Other	Worker/Business (small)	consultant	0	0	[]	0	0	"[""substring_requires_transfer_review""]"		needs_review	low	author_candidate_previous_needs_review	"[""substring_requires_transfer_review""]"	0	freebase_bhht_author_lookup_v1	lookup_candidate_not_frozen	"[""John S. Britsios""]"
1504	Professor of Elocution	1	professor_of_elocution	author_substring	substring_unique_candidate	Discovery/Science	Academia	"[[""Discovery/Science"",""Academia""]]"	1	1	"[""professor""]"	[878]	"[[""Discovery/Science"",""Academia""]]"	[878]	Discovery/Science	Academia	professor	0	0	[]	0	0	"[""substring_requires_transfer_review""]"	Discovery/Science	proposed	medium	agrees_with_previous_llm	"[""substring_requires_transfer_review""]"	0	freebase_bhht_author_lookup_v1	lookup_candidate_not_frozen	"[""John Walker (Lexicographer)""]"
1506	Online producer	1	online_producer	author_substring	substring_unique_candidate	Culture	Culture-core	"[[""Culture"",""Culture-core""]]"	1	1	"[""producer""]"	[506]	"[[""Culture"",""Culture-core""]]"	[506]	Culture	Culture-core	producer	0	0	[]	0	0	"[""substring_requires_transfer_review""]"		needs_review	low	author_candidate_previous_needs_review	"[""substring_requires_transfer_review""]"	0	freebase_bhht_author_lookup_v1	lookup_candidate_not_frozen	"[""Jon Schwartz""]"
1507	Medical researcher	1	medical_researcher	author_substring	substring_unique_candidate	Discovery/Science	Academia	"[[""Discovery/Science"",""Academia""]]"	1	1	"[""medical"",""research""]"	[812,887]	"[[""Discovery/Science"",""Academia""]]"	[812,887]	Discovery/Science	Academia	medical	0	0	[]	0	0	"[""substring_requires_transfer_review""]"	Discovery/Science	proposed	medium	agrees_with_previous_llm	"[""substring_requires_transfer_review""]"	0	freebase_bhht_author_lookup_v1	lookup_candidate_not_frozen	"[""Jonas Salk""]"
1510	Computer game designer	1	computer_game_designer	author_substring	substring_cross_l1_conflict			"[[""Culture"",""Culture-periphery""],[""Sports/Games"",""Sports/Games""]]"	2	2	"[""_game"",""designer""]"	[12,606]	"[[""Culture"",""Culture-periphery""],[""Sports/Games"",""Sports/Games""]]"	[12,606]	Sports/Games	Sports/Games	_game	0	0	[]	0	0	"[""substring_requires_transfer_review"",""multiple_author_l1_candidates""]"		needs_review	low	no_unique_author_l1_candidate	"[""substring_requires_transfer_review"",""multiple_author_l1_candidates""]"	0	freebase_bhht_author_lookup_v1	lookup_candidate_not_frozen	"[""Jordan Mechner""]"
1513	Serial entrepreneur	1	serial_entrepreneur	author_substring	substring_unique_candidate	Leadership	Corporate/Executive/Business (large)	"[[""Leadership"",""Corporate/Executive/Business (large)""]]"	1	1	"[""entrepreneur""]"	[1222]	"[[""Leadership"",""Corporate/Executive/Business (large)""]]"	[1222]	Leadership	Corporate/Executive/Business (large)	entrepreneur	0	0	[]	0	0	"[""substring_requires_transfer_review""]"	Leadership	proposed	medium	agrees_with_previous_llm	"[""substring_requires_transfer_review""]"	0	freebase_bhht_author_lookup_v1	lookup_candidate_not_frozen	"[""Jose Simoes""]"
1515	Hospital Driver	1	hospital_driver	author_substring	substring_unique_candidate	Sports/Games	Sports/Games	"[[""Sports/Games"",""Sports/Games""]]"	1	1	"[""_driver_""]"	[9]	"[[""Sports/Games"",""Sports/Games""]]"	[9]	Sports/Games	Sports/Games	_driver_	0	0	[]	0	0	"[""substring_requires_transfer_review""]"		out_of_scope	high	author_candidate_previous_out_of_scope	"[""substring_requires_transfer_review""]"	0	freebase_bhht_author_lookup_v1	lookup_candidate_not_frozen	"[""Joseph Mallam""]"
1517	Online Editor	1	online_editor	author_substring	substring_unique_candidate	Culture	Culture-periphery	"[[""Culture"",""Culture-periphery""]]"	1	1	"[""editor""]"	[612]	"[[""Culture"",""Culture-periphery""]]"	[612]	Culture	Culture-periphery	editor	0	0	[]	0	0	"[""substring_requires_transfer_review""]"	Culture	proposed	medium	agrees_with_previous_llm	"[""substring_requires_transfer_review""]"	0	freebase_bhht_author_lookup_v1	lookup_candidate_not_frozen	"[""Joseph Odipo""]"
1518	Legal writer	1	legal_writer	author_substring	substring_unique_candidate	Culture	Culture-core	"[[""Culture"",""Culture-core""]]"	1	1	"[""_writer""]"	[343]	"[[""Culture"",""Culture-core""]]"	[343]	Culture	Culture-core	_writer	0	0	[]	0	0	"[""substring_requires_transfer_review""]"	Culture	proposed	high	agrees_with_previous_llm	"[""substring_requires_transfer_review""]"	0	freebase_bhht_author_lookup_v1	lookup_candidate_not_frozen	"[""Joseph Reed (Politician)""]"
1519	Mayor of Montazels	1	mayor_of_montazels	author_substring	substring_unique_candidate	Leadership	Politics	"[[""Leadership"",""Politics""]]"	1	1	"[""mayor""]"	[998]	"[[""Leadership"",""Politics""]]"	[998]	Leadership	Politics	mayor	0	0	[]	0	0	"[""substring_requires_transfer_review""]"	Leadership	proposed	medium	agrees_with_previous_llm	"[""substring_requires_transfer_review""]"	0	freebase_bhht_author_lookup_v1	lookup_candidate_not_frozen	"[""Joseph Saunière (Deceased Person)""]"
1520	Software Developer (Profession)	1	software_developer_(profession)	author_substring	substring_unique_candidate	Discovery/Science	Explorer/Inventor/Developer	"[[""Discovery/Science"",""Explorer/Inventor/Developer""]]"	1	1	"[""developer""]"	[1184]	"[[""Discovery/Science"",""Explorer/Inventor/Developer""]]"	[1184]	Discovery/Science	Explorer/Inventor/Developer	developer	0	0	[]	0	0	"[""substring_requires_transfer_review""]"	Discovery/Science	proposed	high	agrees_with_previous_llm	"[""substring_requires_transfer_review""]"	0	freebase_bhht_author_lookup_v1	lookup_candidate_not_frozen	"[""Joseph Wolff (m/012l9p86)""]"
1521	Video journalist	1	video_journalist	author_substring	substring_unique_candidate	Culture	Culture-periphery	"[[""Culture"",""Culture-periphery""]]"	1	1	"[""journalist""]"	[629]	"[[""Culture"",""Culture-periphery""]]"	[629]	Culture	Culture-periphery	journalist	0	0	[]	0	0	"[""substring_requires_transfer_review""]"	Culture	proposed	high	agrees_with_previous_llm	"[""substring_requires_transfer_review""]"	0	freebase_bhht_author_lookup_v1	lookup_candidate_not_frozen	"[""Josh Wolf""]"
1523	Neuroscience	1	neuroscience	author_substring	substring_unique_candidate	Discovery/Science	Academia	"[[""Discovery/Science"",""Academia""]]"	1	1	"[""science""]"	[892]	"[[""Discovery/Science"",""Academia""]]"	[892]	Discovery/Science	Academia	science	0	0	[]	0	0	"[""substring_requires_transfer_review""]"		needs_review	low	author_candidate_previous_needs_review	"[""substring_requires_transfer_review""]"	0	freebase_bhht_author_lookup_v1	lookup_candidate_not_frozen	"[""Julian de Ajuriaguerra""]"
1524	Sound Artist	1	sound_artist	author_substring	substring_unique_candidate	Culture	Culture-core	"[[""Culture"",""Culture-core""]]"	1	1	"[""_artist""]"	[304]	"[[""Culture"",""Culture-core""]]"	[304]	Culture	Culture-core	_artist	0	0	[]	0	0	"[""substring_requires_transfer_review""]"	Culture	proposed	high	agrees_with_previous_llm	"[""substring_requires_transfer_review""]"	0	freebase_bhht_author_lookup_v1	lookup_candidate_not_frozen	"[""Jörn Donner""]"
1526	Social entrepreneur	1	social_entrepreneur	author_substring	substring_unique_candidate	Leadership	Corporate/Executive/Business (large)	"[[""Leadership"",""Corporate/Executive/Business (large)""]]"	1	1	"[""entrepreneur""]"	[1222]	"[[""Leadership"",""Corporate/Executive/Business (large)""]]"	[1222]	Leadership	Corporate/Executive/Business (large)	entrepreneur	0	0	[]	0	0	"[""substring_requires_transfer_review""]"		needs_review	low	author_candidate_previous_needs_review	"[""substring_requires_transfer_review""]"	0	freebase_bhht_author_lookup_v1	lookup_candidate_not_frozen	"[""Karen Spencer, Countess Spencer""]"
1527	Economic historian	1	economic_historian	author_substring	substring_unique_candidate	Discovery/Science	Academia	"[[""Discovery/Science"",""Academia""]]"	1	1	"[""historian""]"	[783]	"[[""Discovery/Science"",""Academia""]]"	[783]	Discovery/Science	Academia	historian	0	0	[]	0	0	"[""substring_requires_transfer_review""]"	Discovery/Science	proposed	high	agrees_with_previous_llm	"[""substring_requires_transfer_review""]"	0	freebase_bhht_author_lookup_v1	lookup_candidate_not_frozen	"[""Karl Polanyi""]"
1528	Colonel general	1	colonel_general	author_substring	substring_unique_candidate	Leadership	Military	"[[""Leadership"",""Military""]]"	1	1	"[""colonel""]"	[1380]	"[[""Leadership"",""Military""]]"	[1380]	Leadership	Military	colonel	0	0	[]	0	0	"[""substring_requires_transfer_review""]"	Leadership	proposed	medium	agrees_with_previous_llm	"[""substring_requires_transfer_review""]"	0	freebase_bhht_author_lookup_v1	lookup_candidate_not_frozen	"[""Kazys Grinius (Deceased Person)""]"
1529	Printmaker (Music Artist)	1	printmaker_(music_artist)	author_substring	substring_unique_candidate	Culture	Culture-core	"[[""Culture"",""Culture-core""]]"	1	1	"[""_artist"",""printmaker""]"	[304,504]	"[[""Culture"",""Culture-core""]]"	[304,504]	Culture	Culture-core	_artist	0	0	[]	0	0	"[""substring_requires_transfer_review""]"	Culture	proposed	high	agrees_with_previous_llm	"[""substring_requires_transfer_review""]"	0	freebase_bhht_author_lookup_v1	lookup_candidate_not_frozen	"[""Keisuke Miyazaki""]"
1535	Air Force Officer	1	air_force_officer	author_substring	substring_unique_candidate	Leadership	Military	"[[""Leadership"",""Military""]]"	1	1	"[""_force_"",""air_force"",""officer_""]"	[1365,1370,1412]	"[[""Leadership"",""Military""]]"	[1365,1370,1412]	Leadership	Military	_force_	0	0	[]	0	0	"[""substring_requires_transfer_review""]"	Leadership	proposed	high	agrees_with_previous_llm	"[""substring_requires_transfer_review""]"	0	freebase_bhht_author_lookup_v1	lookup_candidate_not_frozen	"[""Kingman Douglass""]"
1537	Animation Engineer	1	animation_engineer	author_substring	substring_cross_l1_conflict			"[[""Culture"",""Culture-core""],[""Discovery/Science"",""Explorer/Inventor/Developer""]]"	2	2	"[""animation"",""engineer""]"	[347,1187]	"[[""Culture"",""Culture-core""],[""Discovery/Science"",""Explorer/Inventor/Developer""]]"	[347,1187]	Culture	Culture-core	animation	0	0	[]	0	0	"[""substring_requires_transfer_review"",""multiple_author_l1_candidates""]"	Discovery/Science	proposed	medium	no_unique_author_l1_candidate	"[""substring_requires_transfer_review"",""multiple_author_l1_candidates""]"	0	freebase_bhht_author_lookup_v1	lookup_candidate_not_frozen	"[""Kitt Hirasaki""]"
1539	Secretary-General of the United Nations	1	secretary-general_of_the_united_nations	author_substring	substring_unique_candidate	Leadership	Politics	"[[""Leadership"",""Politics""]]"	1	1	"[""secretary"",""united_nation""]"	[1022,1042]	"[[""Leadership"",""Politics""]]"	[1022,1042]	Leadership	Politics	secretary	0	0	[]	0	0	"[""substring_requires_transfer_review""]"	Leadership	proposed	high	agrees_with_previous_llm	"[""substring_requires_transfer_review""]"	0	freebase_bhht_author_lookup_v1	lookup_candidate_not_frozen	"[""Kofi Annan""]"
1540	Design Engineer	1	design_engineer	author_substring	substring_unique_candidate	Discovery/Science	Explorer/Inventor/Developer	"[[""Discovery/Science"",""Explorer/Inventor/Developer""]]"	1	1	"[""engineer""]"	[1187]	"[[""Discovery/Science"",""Explorer/Inventor/Developer""]]"	[1187]	Discovery/Science	Explorer/Inventor/Developer	engineer	0	0	[]	0	0	"[""substring_requires_transfer_review""]"	Discovery/Science	proposed	medium	agrees_with_previous_llm	"[""substring_requires_transfer_review""]"	0	freebase_bhht_author_lookup_v1	lookup_candidate_not_frozen	"[""Kokilodaya Chaitra""]"
1541	Artillery Officer	1	artillery_officer	author_substring	substring_unique_candidate	Leadership	Military	"[[""Leadership"",""Military""]]"	1	1	"[""officer_""]"	[1412]	"[[""Leadership"",""Military""]]"	[1412]	Leadership	Military	officer_	0	0	[]	0	0	"[""substring_requires_transfer_review""]"	Leadership	proposed	high	agrees_with_previous_llm	"[""substring_requires_transfer_review""]"	0	freebase_bhht_author_lookup_v1	lookup_candidate_not_frozen	"[""Konstantine Khitrovo""]"
1542	Jazz Violinist	1	jazz_violinist	author_substring	substring_unique_candidate	Culture	Culture-core	"[[""Culture"",""Culture-core""]]"	1	1	"[""jazz"",""violin""]"	[451,563]	"[[""Culture"",""Culture-core""]]"	[451,563]	Culture	Culture-core	jazz	0	0	[]	0	0	"[""substring_requires_transfer_review""]"	Culture	proposed	high	agrees_with_previous_llm	"[""substring_requires_transfer_review""]"	0	freebase_bhht_author_lookup_v1	lookup_candidate_not_frozen	"[""Krzesimir Dębski""]"
1543	Martial Artist Teacher	1	martial_artist_teacher	author_substring	substring_cross_l1_conflict			"[[""Culture"",""Culture-core""],[""Discovery/Science"",""Academia""],[""Sports/Games"",""Sports/Games""]]"	3	3	"[""martial_art"",""_artist"",""teacher_""]"	[160,304,910]	"[[""Culture"",""Culture-core""],[""Discovery/Science"",""Academia""],[""Sports/Games"",""Sports/Games""]]"	[160,304,910]	Sports/Games	Sports/Games	martial_art	0	0	[]	0	0	"[""substring_requires_transfer_review"",""multiple_author_l1_candidates""]"	Sports/Games	proposed	medium	no_unique_author_l1_candidate	"[""substring_requires_transfer_review"",""multiple_author_l1_candidates""]"	0	freebase_bhht_author_lookup_v1	lookup_candidate_not_frozen	"[""Kwoklyn Wan""]"
1547	Music Collector	1	music_collector	author_substring	substring_unique_candidate	Culture	Culture-core	"[[""Culture"",""Culture-core""]]"	1	1	"[""_music"",""collector""]"	[325,391]	"[[""Culture"",""Culture-core""]]"	[325,391]	Culture	Culture-core	_music	0	0	[]	0	0	"[""substring_requires_transfer_review""]"		needs_review	low	author_candidate_previous_needs_review	"[""substring_requires_transfer_review""]"	0	freebase_bhht_author_lookup_v1	lookup_candidate_not_frozen	"[""Lawrence Gellert""]"
1548	Conceptual Artist	1	conceptual_artist	author_substring	substring_unique_candidate	Culture	Culture-core	"[[""Culture"",""Culture-core""]]"	1	1	"[""_artist""]"	[304]	"[[""Culture"",""Culture-core""]]"	[304]	Culture	Culture-core	_artist	0	0	[]	0	0	"[""substring_requires_transfer_review""]"	Culture	proposed	high	agrees_with_previous_llm	"[""substring_requires_transfer_review""]"	0	freebase_bhht_author_lookup_v1	lookup_candidate_not_frozen	"[""LeAnn Bartok""]"
1549	Infantry Weapons Officer	1	infantry_weapons_officer	author_substring	substring_unique_candidate	Leadership	Military	"[[""Leadership"",""Military""]]"	1	1	"[""infantry"",""officer_""]"	[1399,1412]	"[[""Leadership"",""Military""]]"	[1399,1412]	Leadership	Military	infantry	0	0	[]	0	0	"[""substring_requires_transfer_review""]"	Leadership	proposed	medium	agrees_with_previous_llm	"[""substring_requires_transfer_review""]"	0	freebase_bhht_author_lookup_v1	lookup_candidate_not_frozen	"[""Leo Beek (Disaster victim)""]"
1551	Secret police	1	secret_police	author_substring	substring_unique_candidate	Leadership	Administration/Law	"[[""Leadership"",""Administration/Law""]]"	1	1	"[""_police_""]"	[1056]	"[[""Leadership"",""Administration/Law""]]"	[1056]	Leadership	Administration/Law	_police_	0	0	[]	0	0	"[""substring_requires_transfer_review""]"	Leadership	proposed	high	agrees_with_previous_llm	"[""substring_requires_transfer_review""]"	0	freebase_bhht_author_lookup_v1	lookup_candidate_not_frozen	"[""Lev Knipper""]"
1552	SEO Analyst	1	seo_analyst	author_substring	substring_unique_candidate	Other	Worker/Business (small)	"[[""Other"",""Worker/Business (small)""]]"	1	1	"[""analyst""]"	[1514]	"[[""Other"",""Worker/Business (small)""]]"	[1514]	Other	Worker/Business (small)	analyst	0	0	[]	0	0	"[""substring_requires_transfer_review""]"		needs_review	low	author_candidate_previous_needs_review	"[""substring_requires_transfer_review""]"	0	freebase_bhht_author_lookup_v1	lookup_candidate_not_frozen	"[""Lijorocky Vadakedath Joseph""]"
1553	Geological engineer	1	geological_engineer	author_substring	substring_unique_candidate	Discovery/Science	Explorer/Inventor/Developer	"[[""Discovery/Science"",""Explorer/Inventor/Developer""]]"	1	1	"[""engineer""]"	[1187]	"[[""Discovery/Science"",""Explorer/Inventor/Developer""]]"	[1187]	Discovery/Science	Explorer/Inventor/Developer	engineer	0	0	[]	0	0	"[""substring_requires_transfer_review""]"	Discovery/Science	proposed	high	agrees_with_previous_llm	"[""substring_requires_transfer_review""]"	0	freebase_bhht_author_lookup_v1	lookup_candidate_not_frozen	"[""Liliya Yastrebova""]"
1554	Quantum chemist	1	quantum_chemist	author_substring	substring_unique_candidate	Discovery/Science	Academia	"[[""Discovery/Science"",""Academia""]]"	1	1	"[""chemist"",""quantum""]"	[715,885]	"[[""Discovery/Science"",""Academia""]]"	[715,885]	Discovery/Science	Academia	chemist	0	0	[]	0	0	"[""substring_requires_transfer_review""]"	Discovery/Science	proposed	high	agrees_with_previous_llm	"[""substring_requires_transfer_review""]"	0	freebase_bhht_author_lookup_v1	lookup_candidate_not_frozen	"[""Linus Pauling""]"
1555	Legal analyst	1	legal_analyst	author_substring	substring_unique_candidate	Other	Worker/Business (small)	"[[""Other"",""Worker/Business (small)""]]"	1	1	"[""analyst""]"	[1514]	"[[""Other"",""Worker/Business (small)""]]"	[1514]	Other	Worker/Business (small)	analyst	0	0	[]	0	0	"[""substring_requires_transfer_review""]"	Leadership	proposed	medium	differs_from_previous_llm	"[""substring_requires_transfer_review"",""previous_llm_l1_disagreement""]"	0	freebase_bhht_author_lookup_v1	lookup_candidate_not_frozen	"[""Lis Wiehl""]"
1556	Hair and Makeup Artist	1	hair_and_makeup_artist	author_substring	substring_same_l1_multiple_l2	Culture		"[[""Culture"",""Culture-core""],[""Culture"",""Culture-periphery""]]"	1	2	"[""_artist"",""makeup_artist""]"	[304,631]	"[[""Culture"",""Culture-core""],[""Culture"",""Culture-periphery""]]"	[304,631]	Culture	Culture-core	_artist	0	0	[]	0	0	"[""substring_requires_transfer_review"",""multiple_author_l2_candidates""]"	Culture	proposed	high	agrees_with_previous_llm	"[""substring_requires_transfer_review"",""multiple_author_l2_candidates""]"	0	freebase_bhht_author_lookup_v1	lookup_candidate_not_frozen	"[""Lorraine Altamura""]"
1557	Military police	1	military_police	author_substring	substring_same_l1_multiple_l2	Leadership		"[[""Leadership"",""Administration/Law""],[""Leadership"",""Military""]]"	1	2	"[""_police_"",""militar""]"	[1056,1407]	"[[""Leadership"",""Administration/Law""],[""Leadership"",""Military""]]"	[1056,1407]	Leadership	Administration/Law	_police_	0	0	[]	0	0	"[""substring_requires_transfer_review"",""multiple_author_l2_candidates""]"	Leadership	proposed	high	agrees_with_previous_llm	"[""substring_requires_transfer_review"",""multiple_author_l2_candidates""]"	0	freebase_bhht_author_lookup_v1	lookup_candidate_not_frozen	"[""Louis Erich Otto Dietrich""]"
1559	ADR Script Writer	1	adr_script_writer	author_substring	substring_unique_candidate	Culture	Culture-core	"[[""Culture"",""Culture-core""]]"	1	1	"[""_script_"",""_writer""]"	[332,343]	"[[""Culture"",""Culture-core""]]"	[332,343]	Culture	Culture-core	_script_	0	0	[]	0	0	"[""substring_requires_transfer_review""]"	Culture	proposed	high	agrees_with_previous_llm	"[""substring_requires_transfer_review""]"	0	freebase_bhht_author_lookup_v1	lookup_candidate_not_frozen	"[""Luci Christian""]"
1561	Assistant Teacher	1	assistant_teacher	author_substring	substring_unique_candidate	Discovery/Science	Academia	"[[""Discovery/Science"",""Academia""]]"	1	1	"[""teacher_""]"	[910]	"[[""Discovery/Science"",""Academia""]]"	[910]	Discovery/Science	Academia	teacher_	0	0	[]	0	0	"[""substring_requires_transfer_review""]"	Discovery/Science	proposed	medium	agrees_with_previous_llm	"[""substring_requires_transfer_review""]"	0	freebase_bhht_author_lookup_v1	lookup_candidate_not_frozen	"[""Lucille Davis (Woman)""]"
1567	Impressionist (Profession) #3	1	impressionist_(profession)_#3	author_substring	substring_unique_candidate	Culture	Culture-core	"[[""Culture"",""Culture-core""]]"	1	1	"[""impressionist""]"	[448]	"[[""Culture"",""Culture-core""]]"	[448]	Culture	Culture-core	impressionist	0	0	[]	0	0	"[""substring_requires_transfer_review""]"	Culture	proposed	medium	agrees_with_previous_llm	"[""substring_requires_transfer_review""]"	0	freebase_bhht_author_lookup_v1	lookup_candidate_not_frozen	"[""Maciej Stuhr""]"
1569	Politician & Trade Unionist	1	politician_&_trade_unionist	author_substring	substring_unique_candidate	Leadership	Politics	"[[""Leadership"",""Politics""]]"	1	1	"[""politician"",""trade_union"",""unionist""]"	[1014,1038,1041]	"[[""Leadership"",""Politics""]]"	[1014,1038,1041]	Leadership	Politics	politician	0	0	[]	0	0	"[""substring_requires_transfer_review""]"	Leadership	proposed	high	agrees_with_previous_llm	"[""substring_requires_transfer_review""]"	0	freebase_bhht_author_lookup_v1	lookup_candidate_not_frozen	"[""Mahendra Sukhdeo""]"
1570	Country Doctor	1	country_doctor	author_substring	substring_unique_candidate	Discovery/Science	Academia	"[[""Discovery/Science"",""Academia""]]"	1	1	"[""doctor""]"	[733]	"[[""Discovery/Science"",""Academia""]]"	[733]	Discovery/Science	Academia	doctor	0	0	[]	0	0	"[""substring_requires_transfer_review""]"	Discovery/Science	proposed	medium	agrees_with_previous_llm	"[""substring_requires_transfer_review""]"	0	freebase_bhht_author_lookup_v1	lookup_candidate_not_frozen	"[""Manfred Eichinger""]"
1571	Performer-Songwriter-Musical Director	1	performer-songwriter-musical_director	author_substring	substring_unique_candidate	Culture	Culture-core	"[[""Culture"",""Culture-core""]]"	1	1	"[""musical_director"",""performer"",""songwriter""]"	[472,488,535]	"[[""Culture"",""Culture-core""]]"	[472,488,535]	Culture	Culture-core	musical_director	0	0	[]	0	0	"[""substring_requires_transfer_review""]"	Culture	proposed	high	agrees_with_previous_llm	"[""substring_requires_transfer_review""]"	0	freebase_bhht_author_lookup_v1	lookup_candidate_not_frozen	"[""Manuel Kabajar Cabase""]"
1573	Food writer	1	food_writer	author_substring	substring_unique_candidate	Culture	Culture-core	"[[""Culture"",""Culture-core""]]"	1	1	"[""_writer""]"	[343]	"[[""Culture"",""Culture-core""]]"	[343]	Culture	Culture-core	_writer	0	0	[]	0	0	"[""substring_requires_transfer_review""]"	Culture	proposed	medium	agrees_with_previous_llm	"[""substring_requires_transfer_review""]"	0	freebase_bhht_author_lookup_v1	lookup_candidate_not_frozen	"[""Mapie de Toulouse-Lautrec""]"
1574	Police commissioner	1	police_commissioner	author_substring	substring_unique_candidate	Leadership	Administration/Law	"[[""Leadership"",""Administration/Law""]]"	1	1	"[""_police_"",""commissioner""]"	[1056,1067]	"[[""Leadership"",""Administration/Law""]]"	[1056,1067]	Leadership	Administration/Law	_police_	0	0	[]	0	0	"[""substring_requires_transfer_review""]"	Leadership	proposed	high	agrees_with_previous_llm	"[""substring_requires_transfer_review""]"	0	freebase_bhht_author_lookup_v1	lookup_candidate_not_frozen	"[""Marcin Ostrowski""]"
1575	Garden designer	1	garden_designer	author_substring	substring_unique_candidate	Culture	Culture-periphery	"[[""Culture"",""Culture-periphery""]]"	1	1	"[""designer""]"	[606]	"[[""Culture"",""Culture-periphery""]]"	[606]	Culture	Culture-periphery	designer	0	0	[]	0	0	"[""substring_requires_transfer_review""]"	Culture	proposed	high	agrees_with_previous_llm	"[""substring_requires_transfer_review""]"	0	freebase_bhht_author_lookup_v1	lookup_candidate_not_frozen	"[""Marella Agnelli""]"
1576	American Historian	1	american_historian	author_substring	substring_unique_candidate	Discovery/Science	Academia	"[[""Discovery/Science"",""Academia""]]"	1	1	"[""historian""]"	[783]	"[[""Discovery/Science"",""Academia""]]"	[783]	Discovery/Science	Academia	historian	0	0	[]	0	0	"[""substring_requires_transfer_review""]"	Discovery/Science	proposed	medium	agrees_with_previous_llm	"[""substring_requires_transfer_review""]"	0	freebase_bhht_author_lookup_v1	lookup_candidate_not_frozen	"[""Mari Jo Buhle""]"
1577	Paint Artist	1	paint_artist	author_substring	substring_unique_candidate	Culture	Culture-core	"[[""Culture"",""Culture-core""]]"	1	1	"[""_artist"",""_paint_""]"	[304,328]	"[[""Culture"",""Culture-core""]]"	[304,328]	Culture	Culture-core	_artist	0	0	[]	0	0	"[""substring_requires_transfer_review""]"	Culture	proposed	high	agrees_with_previous_llm	"[""substring_requires_transfer_review""]"	0	freebase_bhht_author_lookup_v1	lookup_candidate_not_frozen	"[""Marie E. Johnston""]"
1578	Molecular Geneticist	1	molecular_geneticist	author_substring	substring_unique_candidate	Discovery/Science	Academia	"[[""Discovery/Science"",""Academia""]]"	1	1	"[""geneticist""]"	[760]	"[[""Discovery/Science"",""Academia""]]"	[760]	Discovery/Science	Academia	geneticist	0	0	[]	0	0	"[""substring_requires_transfer_review""]"	Discovery/Science	proposed	high	agrees_with_previous_llm	"[""substring_requires_transfer_review""]"	0	freebase_bhht_author_lookup_v1	lookup_candidate_not_frozen	"[""Mario Capecchi""]"
1579	Political Assistant	1	political_assistant	author_substring	substring_unique_candidate	Leadership	Politics	"[[""Leadership"",""Politics""]]"	1	1	"[""political""]"	[1013]	"[[""Leadership"",""Politics""]]"	[1013]	Leadership	Politics	political	0	0	[]	0	0	"[""substring_requires_transfer_review""]"	Leadership	proposed	medium	agrees_with_previous_llm	"[""substring_requires_transfer_review""]"	0	freebase_bhht_author_lookup_v1	lookup_candidate_not_frozen	"[""Mario Díaz-Balart""]"
1580	Internet Executive	1	internet_executive	author_substring	substring_unique_candidate	Leadership	Corporate/Executive/Business (large)	"[[""Leadership"",""Corporate/Executive/Business (large)""]]"	1	1	"[""executive""]"	[1223]	"[[""Leadership"",""Corporate/Executive/Business (large)""]]"	[1223]	Leadership	Corporate/Executive/Business (large)	executive	0	0	[]	0	0	"[""substring_requires_transfer_review""]"	Leadership	proposed	high	agrees_with_previous_llm	"[""substring_requires_transfer_review""]"	0	freebase_bhht_author_lookup_v1	lookup_candidate_not_frozen	"[""Mark D. Kingdon""]"
1581	Information technology management	1	information_technology_management	author_substring	substring_unique_candidate	Leadership	Corporate/Executive/Business (large)	"[[""Leadership"",""Corporate/Executive/Business (large)""]]"	1	1	"[""management""]"	[1233]	"[[""Leadership"",""Corporate/Executive/Business (large)""]]"	[1233]	Leadership	Corporate/Executive/Business (large)	management	0	0	[]	0	0	"[""substring_requires_transfer_review""]"		needs_review	low	author_candidate_previous_needs_review	"[""substring_requires_transfer_review""]"	0	freebase_bhht_author_lookup_v1	lookup_candidate_not_frozen	"[""Mark Miller (Organisation leader) #4""]"
1583	Secret Intelligence Service officer	1	secret_intelligence_service_officer	author_substring	substring_cross_l1_conflict			"[[""Discovery/Science"",""Academia""],[""Leadership"",""Military""]]"	2	2	"[""intelligence"",""intelligence_service"",""officer_""]"	[796,1400,1412]	"[[""Discovery/Science"",""Academia""],[""Leadership"",""Military""]]"	[796,1400,1412]	Discovery/Science	Academia	intelligence	0	0	[]	0	0	"[""substring_requires_transfer_review"",""multiple_author_l1_candidates""]"	Leadership	proposed	high	no_unique_author_l1_candidate	"[""substring_requires_transfer_review"",""multiple_author_l1_candidates""]"	0	freebase_bhht_author_lookup_v1	lookup_candidate_not_frozen	"[""Markus Wolf""]"
1584	Ghost singer	1	ghost_singer	author_substring	substring_unique_candidate	Culture	Culture-core	"[[""Culture"",""Culture-core""]]"	1	1	"[""singer""]"	[529]	"[[""Culture"",""Culture-core""]]"	[529]	Culture	Culture-core	singer	0	0	[]	0	0	"[""substring_requires_transfer_review""]"	Culture	proposed	high	agrees_with_previous_llm	"[""substring_requires_transfer_review""]"	0	freebase_bhht_author_lookup_v1	lookup_candidate_not_frozen	"[""Marni Nixon""]"
1586	Health Authority Wages Clerk	1	health_authority_wages_clerk	author_substring	substring_cross_l1_conflict			"[[""Culture"",""Culture-core""],[""Other"",""Worker/Business (small)""]]"	2	2	"[""author"",""_clerk""]"	[352,1446]	"[[""Culture"",""Culture-core""],[""Other"",""Worker/Business (small)""]]"	[352,1446]	Culture	Culture-core	author	0	0	[]	0	0	"[""substring_requires_transfer_review"",""multiple_author_l1_candidates""]"		needs_review	low	no_unique_author_l1_candidate	"[""substring_requires_transfer_review"",""multiple_author_l1_candidates""]"	0	freebase_bhht_author_lookup_v1	lookup_candidate_not_frozen	"[""Martin Joseph Evans""]"
1587	Electronics technician	1	electronics_technician	author_substring	substring_unique_candidate	Other	Worker/Business (small)	"[[""Other"",""Worker/Business (small)""]]"	1	1	"[""technician""]"	[1698]	"[[""Other"",""Worker/Business (small)""]]"	[1698]	Other	Worker/Business (small)	technician	0	0	[]	0	0	"[""substring_requires_transfer_review""]"		out_of_scope	high	formal_author_other_previously_out_of_scope	"[""substring_requires_transfer_review""]"	0	freebase_bhht_author_lookup_v1	lookup_candidate_not_frozen	"[""Martin Kühner""]"
1588	Digital Marketing Analyst	1	digital_marketing_analyst	author_substring	substring_unique_candidate	Other	Worker/Business (small)	"[[""Other"",""Worker/Business (small)""]]"	1	1	"[""analyst"",""marketing""]"	[1514,1649]	"[[""Other"",""Worker/Business (small)""]]"	[1514,1649]	Other	Worker/Business (small)	analyst	0	0	[]	0	0	"[""substring_requires_transfer_review""]"		needs_review	low	author_candidate_previous_needs_review	"[""substring_requires_transfer_review""]"	0	freebase_bhht_author_lookup_v1	lookup_candidate_not_frozen	"[""Martin Šimko""]"
1590	Special Education Teacher	1	special_education_teacher	author_substring	substring_unique_candidate	Discovery/Science	Academia	"[[""Discovery/Science"",""Academia""]]"	1	1	"[""education"",""teacher_""]"	[737,910]	"[[""Discovery/Science"",""Academia""]]"	[737,910]	Discovery/Science	Academia	education	0	0	[]	0	0	"[""substring_requires_transfer_review""]"	Discovery/Science	proposed	high	agrees_with_previous_llm	"[""substring_requires_transfer_review""]"	0	freebase_bhht_author_lookup_v1	lookup_candidate_not_frozen	"[""Mary Ann Smyczynski""]"
1591	Midwife (Film subject)	1	midwife_(film_subject)	author_substring	substring_unique_candidate	Other	Worker/Business (small)	"[[""Other"",""Worker/Business (small)""]]"	1	1	"[""midwife""]"	[1655]	"[[""Other"",""Worker/Business (small)""]]"	[1655]	Other	Worker/Business (small)	midwife	0	0	[]	0	0	"[""substring_requires_transfer_review""]"		needs_review	low	author_candidate_previous_needs_review	"[""substring_requires_transfer_review""]"	0	freebase_bhht_author_lookup_v1	lookup_candidate_not_frozen	"[""Mary Carson Breckinridge""]"
1592	Management Theorist	1	management_theorist	author_substring	substring_cross_l1_conflict			"[[""Discovery/Science"",""Academia""],[""Leadership"",""Corporate/Executive/Business (large)""]]"	2	2	"[""theorist"",""management""]"	[914,1233]	"[[""Discovery/Science"",""Academia""],[""Leadership"",""Corporate/Executive/Business (large)""]]"	[914,1233]	Discovery/Science	Academia	theorist	0	0	[]	0	0	"[""substring_requires_transfer_review"",""multiple_author_l1_candidates""]"	Discovery/Science	proposed	high	no_unique_author_l1_candidate	"[""substring_requires_transfer_review"",""multiple_author_l1_candidates""]"	0	freebase_bhht_author_lookup_v1	lookup_candidate_not_frozen	"[""Mary Parker Follett""]"
1593	media & culture scientist	1	media_&_culture_scientist	author_substring	substring_cross_l1_conflict			"[[""Culture"",""Culture-periphery""],[""Discovery/Science"",""Academia""]]"	2	2	"[""_media"",""scientist""]"	[576,894]	"[[""Culture"",""Culture-periphery""],[""Discovery/Science"",""Academia""]]"	[576,894]	Culture	Culture-periphery	_media	0	0	[]	0	0	"[""substring_requires_transfer_review"",""multiple_author_l1_candidates""]"	Discovery/Science	proposed	high	no_unique_author_l1_candidate	"[""substring_requires_transfer_review"",""multiple_author_l1_candidates""]"	0	freebase_bhht_author_lookup_v1	lookup_candidate_not_frozen	"[""Mashya Deirdre Boon""]"
1594	Keirin Racer	1	keirin_racer	author_substring	substring_unique_candidate	Sports/Games	Sports/Games	"[[""Sports/Games"",""Sports/Games""]]"	1	1	"[""_racer_""]"	[18]	"[[""Sports/Games"",""Sports/Games""]]"	[18]	Sports/Games	Sports/Games	_racer_	0	0	[]	0	0	"[""substring_requires_transfer_review""]"	Sports/Games	proposed	medium	agrees_with_previous_llm	"[""substring_requires_transfer_review""]"	0	freebase_bhht_author_lookup_v1	lookup_candidate_not_frozen	"[""Masuo Tominaga""]"
1597	Arms Control Analyst	1	arms_control_analyst	author_substring	substring_unique_candidate	Other	Worker/Business (small)	"[[""Other"",""Worker/Business (small)""]]"	1	1	"[""analyst""]"	[1514]	"[[""Other"",""Worker/Business (small)""]]"	[1514]	Other	Worker/Business (small)	analyst	0	0	[]	0	0	"[""substring_requires_transfer_review""]"	Leadership	proposed	medium	differs_from_previous_llm	"[""substring_requires_transfer_review"",""previous_llm_l1_disagreement""]"	0	freebase_bhht_author_lookup_v1	lookup_candidate_not_frozen	"[""Matthew Meselson""]"
1598	Internet Marketing	1	internet_marketing	author_substring	substring_unique_candidate	Other	Worker/Business (small)	"[[""Other"",""Worker/Business (small)""]]"	1	1	"[""marketing""]"	[1649]	"[[""Other"",""Worker/Business (small)""]]"	[1649]	Other	Worker/Business (small)	marketing	0	0	[]	0	0	"[""substring_requires_transfer_review""]"		needs_review	low	author_candidate_previous_needs_review	"[""substring_requires_transfer_review""]"	0	freebase_bhht_author_lookup_v1	lookup_candidate_not_frozen	"[""Matthew Woodward""]"
1600	Waste collector	1	waste_collector	author_substring	substring_unique_candidate	Culture	Culture-core	"[[""Culture"",""Culture-core""]]"	1	1	"[""collector""]"	[391]	"[[""Culture"",""Culture-core""]]"	[391]	Culture	Culture-core	collector	0	0	[]	0	0	"[""substring_requires_transfer_review""]"		out_of_scope	medium	author_candidate_previous_out_of_scope	"[""substring_requires_transfer_review""]"	0	freebase_bhht_author_lookup_v1	lookup_candidate_not_frozen	"[""Matty Iadanza""]"
1602	Social Historian	1	social_historian	author_substring	substring_unique_candidate	Discovery/Science	Academia	"[[""Discovery/Science"",""Academia""]]"	1	1	"[""historian""]"	[783]	"[[""Discovery/Science"",""Academia""]]"	[783]	Discovery/Science	Academia	historian	0	0	[]	0	0	"[""substring_requires_transfer_review""]"	Discovery/Science	proposed	high	agrees_with_previous_llm	"[""substring_requires_transfer_review""]"	0	freebase_bhht_author_lookup_v1	lookup_candidate_not_frozen	"[""Michael Barone""]"
1603	Professor of Ancient Greek History and Classical Studies	1	professor_of_ancient_greek_history_and_classical_studies	author_substring	substring_unique_candidate	Discovery/Science	Academia	"[[""Discovery/Science"",""Academia""]]"	1	1	"[""professor"",""studies""]"	[878,907]	"[[""Discovery/Science"",""Academia""]]"	[878,907]	Discovery/Science	Academia	professor	0	0	[]	0	0	"[""substring_requires_transfer_review""]"	Discovery/Science	proposed	medium	agrees_with_previous_llm	"[""substring_requires_transfer_review""]"	0	freebase_bhht_author_lookup_v1	lookup_candidate_not_frozen	"[""Michael H. Jameson""]"
1604	Psycholinguist	1	psycholinguist	author_substring	substring_unique_candidate	Discovery/Science	Academia	"[[""Discovery/Science"",""Academia""]]"	1	1	"[""linguist""]"	[805]	"[[""Discovery/Science"",""Academia""]]"	[805]	Discovery/Science	Academia	linguist	0	0	[]	0	0	"[""substring_requires_transfer_review""]"	Discovery/Science	proposed	high	agrees_with_previous_llm	"[""substring_requires_transfer_review""]"	0	freebase_bhht_author_lookup_v1	lookup_candidate_not_frozen	"[""Michael Tanenhaus""]"
1605	Investment advisor	1	investment_advisor	author_substring	substring_same_l1_multiple_l2	Leadership		"[[""Leadership"",""Corporate/Executive/Business (large)""],[""Leadership"",""Politics""]]"	1	2	"[""advisor"",""investment""]"	[940,1229]	"[[""Leadership"",""Corporate/Executive/Business (large)""],[""Leadership"",""Politics""]]"	[940,1229]	Leadership	Politics	advisor	0	0	[]	0	0	"[""substring_requires_transfer_review"",""multiple_author_l2_candidates""]"		needs_review	low	author_candidate_previous_needs_review	"[""substring_requires_transfer_review"",""multiple_author_l2_candidates""]"	0	freebase_bhht_author_lookup_v1	lookup_candidate_not_frozen	"[""Michael Wittenberg""]"
1606	Video editor	1	video_editor	author_substring	substring_unique_candidate	Culture	Culture-periphery	"[[""Culture"",""Culture-periphery""]]"	1	1	"[""editor""]"	[612]	"[[""Culture"",""Culture-periphery""]]"	[612]	Culture	Culture-periphery	editor	0	0	[]	0	0	"[""substring_requires_transfer_review""]"	Culture	proposed	medium	agrees_with_previous_llm	"[""substring_requires_transfer_review""]"	0	freebase_bhht_author_lookup_v1	lookup_candidate_not_frozen	"[""Michał Wróblewski""]"
1612	County court bailiff	1	county_court_bailiff	author_substring	substring_unique_candidate	Leadership	Administration/Law	"[[""Leadership"",""Administration/Law""]]"	1	1	"[""bailiff""]"	[1061]	"[[""Leadership"",""Administration/Law""]]"	[1061]	Leadership	Administration/Law	bailiff	0	0	[]	0	0	"[""substring_requires_transfer_review""]"	Leadership	proposed	medium	agrees_with_previous_llm	"[""substring_requires_transfer_review""]"	0	freebase_bhht_author_lookup_v1	lookup_candidate_not_frozen	"[""Mikołaj Mickiewicz""]"
1613	Street sweeper	1	street_sweeper	author_substring	substring_unique_candidate	Other	Worker/Business (small)	"[[""Other"",""Worker/Business (small)""]]"	1	1	"[""_sweeper""]"	[1495]	"[[""Other"",""Worker/Business (small)""]]"	[1495]	Other	Worker/Business (small)	_sweeper	0	0	[]	0	0	"[""substring_requires_transfer_review""]"		out_of_scope	high	formal_author_other_previously_out_of_scope	"[""substring_requires_transfer_review""]"	0	freebase_bhht_author_lookup_v1	lookup_candidate_not_frozen	"[""Miles Woods""]"
1614	Private Secretary	1	private_secretary	author_substring	substring_unique_candidate	Leadership	Politics	"[[""Leadership"",""Politics""]]"	1	1	"[""secretary""]"	[1022]	"[[""Leadership"",""Politics""]]"	[1022]	Leadership	Politics	secretary	0	0	[]	0	0	"[""substring_requires_transfer_review""]"		needs_review	low	author_candidate_previous_needs_review	"[""substring_requires_transfer_review""]"	0	freebase_bhht_author_lookup_v1	lookup_candidate_not_frozen	"[""Mimi Smith""]"
1615	Dramaturgist	1	dramaturgist	author_substring	substring_unique_candidate	Culture	Culture-core	"[[""Culture"",""Culture-core""]]"	1	1	"[""_drama""]"	[318]	"[[""Culture"",""Culture-core""]]"	[318]	Culture	Culture-core	_drama	0	0	[]	0	0	"[""substring_requires_transfer_review""]"	Culture	proposed	medium	agrees_with_previous_llm	"[""substring_requires_transfer_review""]"	0	freebase_bhht_author_lookup_v1	lookup_candidate_not_frozen	"[""Miodrag Zalica""]"
1618	Production Stage Manager	1	production_stage_manager	author_substring	substring_cross_l1_conflict			"[[""Culture"",""Culture-core""],[""Leadership"",""Corporate/Executive/Business (large)""]]"	2	2	"[""_stage_"",""stage_manager"",""manager""]"	[338,541,1234]	"[[""Culture"",""Culture-core""],[""Leadership"",""Corporate/Executive/Business (large)""]]"	[338,541,1234]	Culture	Culture-core	_stage_	0	0	[]	0	0	"[""substring_requires_transfer_review"",""multiple_author_l1_candidates""]"		needs_review	low	no_unique_author_l1_candidate	"[""substring_requires_transfer_review"",""multiple_author_l1_candidates""]"	0	freebase_bhht_author_lookup_v1	lookup_candidate_not_frozen	"[""Mortimer Halpern""]"
1619	Naval Systems Analyst	1	naval_systems_analyst	author_substring	substring_cross_l1_conflict			"[[""Leadership"",""Military""],[""Other"",""Worker/Business (small)""]]"	2	2	"[""naval_"",""analyst""]"	[1409,1514]	"[[""Leadership"",""Military""],[""Other"",""Worker/Business (small)""]]"	[1409,1514]	Leadership	Military	naval_	0	0	[]	0	0	"[""substring_requires_transfer_review"",""multiple_author_l1_candidates""]"		needs_review	low	no_unique_author_l1_candidate	"[""substring_requires_transfer_review"",""multiple_author_l1_candidates""]"	0	freebase_bhht_author_lookup_v1	lookup_candidate_not_frozen	"[""Morty Drescher""]"
1621	Scout Leader	1	scout_leader	author_substring	substring_unique_candidate	Other	Other	"[[""Other"",""Other""]]"	1	1	"[""_scout_""]"	[1766]	"[[""Other"",""Other""]]"	[1766]	Other	Other	_scout_	0	0	[]	0	0	"[""substring_requires_transfer_review""]"		needs_review	low	author_candidate_previous_needs_review	"[""substring_requires_transfer_review""]"	0	freebase_bhht_author_lookup_v1	lookup_candidate_not_frozen	"[""Mukil Elango""]"
1622	Philosopher of Science	1	philosopher_of_science	author_substring	substring_unique_candidate	Discovery/Science	Academia	"[[""Discovery/Science"",""Academia""]]"	1	1	"[""philosopher"",""science""]"	[861,892]	"[[""Discovery/Science"",""Academia""]]"	[861,892]	Discovery/Science	Academia	philosopher	0	0	[]	0	0	"[""substring_requires_transfer_review""]"	Discovery/Science	proposed	high	agrees_with_previous_llm	"[""substring_requires_transfer_review""]"	0	freebase_bhht_author_lookup_v1	lookup_candidate_not_frozen	"[""Nancy Cartwright (Philosopher)""]"
1623	Suit actor	1	suit_actor	author_substring	substring_unique_candidate	Culture	Culture-core	"[[""Culture"",""Culture-core""]]"	1	1	"[""_actor""]"	[303]	"[[""Culture"",""Culture-core""]]"	[303]	Culture	Culture-core	_actor	0	0	[]	0	0	"[""substring_requires_transfer_review""]"		needs_review	low	author_candidate_previous_needs_review	"[""substring_requires_transfer_review""]"	0	freebase_bhht_author_lookup_v1	lookup_candidate_not_frozen	"[""Naoko Kamio""]"
1625	Professor of Malayalam	1	professor_of_malayalam	author_substring	substring_unique_candidate	Discovery/Science	Academia	"[[""Discovery/Science"",""Academia""]]"	1	1	"[""professor""]"	[878]	"[[""Discovery/Science"",""Academia""]]"	[878]	Discovery/Science	Academia	professor	0	0	[]	0	0	"[""substring_requires_transfer_review""]"	Discovery/Science	proposed	high	agrees_with_previous_llm	"[""substring_requires_transfer_review""]"	0	freebase_bhht_author_lookup_v1	lookup_candidate_not_frozen	"[""Nellikkal Muraleedharan""]"
1626	Stonemasonry	1	stonemasonry	author_substring	substring_unique_candidate	Other	Worker/Business (small)	"[[""Other"",""Worker/Business (small)""]]"	1	1	"[""masonry"",""stonemason""]"	[1650,1692]	"[[""Other"",""Worker/Business (small)""]]"	[1650,1692]	Other	Worker/Business (small)	masonry	0	0	[]	0	0	"[""substring_requires_transfer_review""]"		out_of_scope	high	formal_author_other_previously_out_of_scope	"[""substring_requires_transfer_review""]"	0	freebase_bhht_author_lookup_v1	lookup_candidate_not_frozen	"[""Nick Corfield""]"
1628	Diving instructor	1	diving_instructor	author_substring	substring_cross_l1_conflict			"[[""Discovery/Science"",""Academia""],[""Sports/Games"",""Sports/Games""]]"	2	2	"[""diving"",""instructor""]"	[90,794]	"[[""Discovery/Science"",""Academia""],[""Sports/Games"",""Sports/Games""]]"	[90,794]	Sports/Games	Sports/Games	diving	0	0	[]	0	0	"[""substring_requires_transfer_review"",""multiple_author_l1_candidates""]"		needs_review	low	no_unique_author_l1_candidate	"[""substring_requires_transfer_review"",""multiple_author_l1_candidates""]"	0	freebase_bhht_author_lookup_v1	lookup_candidate_not_frozen	"[""Nicolas Coster""]"
1629	Qualified Flying Instructor	1	qualified_flying_instructor	author_substring	substring_unique_candidate	Discovery/Science	Academia	"[[""Discovery/Science"",""Academia""]]"	1	1	"[""instructor""]"	[794]	"[[""Discovery/Science"",""Academia""]]"	[794]	Discovery/Science	Academia	instructor	0	0	[]	0	0	"[""substring_requires_transfer_review""]"	Discovery/Science	proposed	high	agrees_with_previous_llm	"[""substring_requires_transfer_review""]"	0	freebase_bhht_author_lookup_v1	lookup_candidate_not_frozen	"[""Nicolas Ivanoff""]"
1631	ADR Editor	1	adr_editor	author_substring	substring_unique_candidate	Culture	Culture-periphery	"[[""Culture"",""Culture-periphery""]]"	1	1	"[""editor""]"	[612]	"[[""Culture"",""Culture-periphery""]]"	[612]	Culture	Culture-periphery	editor	0	0	[]	0	0	"[""substring_requires_transfer_review""]"	Culture	proposed	high	agrees_with_previous_llm	"[""substring_requires_transfer_review""]"	0	freebase_bhht_author_lookup_v1	lookup_candidate_not_frozen	"[""Norval D. Crutcher (Film crewmember)""]"
1633	Figurative Sculptor	1	figurative_sculptor	author_substring	substring_unique_candidate	Culture	Culture-core	"[[""Culture"",""Culture-core""]]"	1	1	"[""sculptor""]"	[525]	"[[""Culture"",""Culture-core""]]"	[525]	Culture	Culture-core	sculptor	0	0	[]	0	0	"[""substring_requires_transfer_review""]"	Culture	proposed	medium	agrees_with_previous_llm	"[""substring_requires_transfer_review""]"	0	freebase_bhht_author_lookup_v1	lookup_candidate_not_frozen	"[""Nosratallah Karimi""]"
1634	Make-up artist	1	make-up_artist	author_substring	substring_unique_candidate	Culture	Culture-core	"[[""Culture"",""Culture-core""]]"	1	1	"[""_artist""]"	[304]	"[[""Culture"",""Culture-core""]]"	[304]	Culture	Culture-core	_artist	0	0	[]	0	0	"[""substring_requires_transfer_review""]"	Culture	proposed	high	agrees_with_previous_llm	"[""substring_requires_transfer_review""]"	0	freebase_bhht_author_lookup_v1	lookup_candidate_not_frozen	"[""Nosratallah Karimi""]"
1636	Child-Care Solicitor	1	child-care_solicitor	author_substring	substring_unique_candidate	Leadership	Administration/Law	"[[""Leadership"",""Administration/Law""]]"	1	1	"[""solicitor""]"	[1100]	"[[""Leadership"",""Administration/Law""]]"	[1100]	Leadership	Administration/Law	solicitor	0	0	[]	0	0	"[""substring_requires_transfer_review""]"	Leadership	proposed	medium	agrees_with_previous_llm	"[""substring_requires_transfer_review""]"	0	freebase_bhht_author_lookup_v1	lookup_candidate_not_frozen	"[""Oilen Wan""]"
1639	Dayan (Religious Leadership Title)	1	dayan_(religious_leadership_title)	author_substring	substring_unique_candidate	Leadership	Religious	"[[""Leadership"",""Religious""]]"	1	1	"[""religious""]"	[1351]	"[[""Leadership"",""Religious""]]"	[1351]	Leadership	Religious	religious	0	0	[]	0	0	"[""substring_requires_transfer_review""]"	Leadership	proposed	medium	agrees_with_previous_llm	"[""substring_requires_transfer_review""]"	0	freebase_bhht_author_lookup_v1	lookup_candidate_not_frozen	"[""Oser Loewe""]"
1640	Religious Judge	1	religious_judge	author_substring	substring_same_l1_multiple_l2	Leadership		"[[""Leadership"",""Administration/Law""],[""Leadership"",""Religious""]]"	1	2	"[""judge"",""religious""]"	[1076,1351]	"[[""Leadership"",""Administration/Law""],[""Leadership"",""Religious""]]"	[1076,1351]	Leadership	Administration/Law	judge	0	0	[]	0	0	"[""substring_requires_transfer_review"",""multiple_author_l2_candidates""]"	Leadership	proposed	high	agrees_with_previous_llm	"[""substring_requires_transfer_review"",""multiple_author_l2_candidates""]"	0	freebase_bhht_author_lookup_v1	lookup_candidate_not_frozen	"[""Oser Loewe""]"
1643	Bank manager	1	bank_manager	author_substring	substring_unique_candidate	Leadership	Corporate/Executive/Business (large)	"[[""Leadership"",""Corporate/Executive/Business (large)""]]"	1	1	"[""bank"",""manager""]"	[1215,1234]	"[[""Leadership"",""Corporate/Executive/Business (large)""]]"	[1215,1234]	Leadership	Corporate/Executive/Business (large)	bank	0	0	[]	0	0	"[""substring_requires_transfer_review""]"	Leadership	proposed	high	agrees_with_previous_llm	"[""substring_requires_transfer_review""]"	0	freebase_bhht_author_lookup_v1	lookup_candidate_not_frozen	"[""Patrick Daldry""]"
1644	Assistant Sound Editor	1	assistant_sound_editor	author_substring	substring_unique_candidate	Culture	Culture-periphery	"[[""Culture"",""Culture-periphery""]]"	1	1	"[""editor""]"	[612]	"[[""Culture"",""Culture-periphery""]]"	[612]	Culture	Culture-periphery	editor	0	0	[]	0	0	"[""substring_requires_transfer_review""]"	Culture	proposed	high	agrees_with_previous_llm	"[""substring_requires_transfer_review""]"	0	freebase_bhht_author_lookup_v1	lookup_candidate_not_frozen	"[""Paul Apted""]"
1645	Medical Anthropologist	1	medical_anthropologist	author_substring	substring_unique_candidate	Discovery/Science	Academia	"[[""Discovery/Science"",""Academia""]]"	1	1	"[""anthropologist"",""medical""]"	[685,812]	"[[""Discovery/Science"",""Academia""]]"	[685,812]	Discovery/Science	Academia	anthropologist	0	0	[]	0	0	"[""substring_requires_transfer_review""]"	Discovery/Science	proposed	medium	agrees_with_previous_llm	"[""substring_requires_transfer_review""]"	0	freebase_bhht_author_lookup_v1	lookup_candidate_not_frozen	"[""Paul Farmer""]"
1646	Population Biologist	1	population_biologist	author_substring	substring_unique_candidate	Discovery/Science	Academia	"[[""Discovery/Science"",""Academia""]]"	1	1	"[""biologist""]"	[705]	"[[""Discovery/Science"",""Academia""]]"	[705]	Discovery/Science	Academia	biologist	0	0	[]	0	0	"[""substring_requires_transfer_review""]"	Discovery/Science	proposed	high	agrees_with_previous_llm	"[""substring_requires_transfer_review""]"	0	freebase_bhht_author_lookup_v1	lookup_candidate_not_frozen	"[""Paul R. Ehrlich""]"
1647	Standart officer	1	standart_officer	author_substring	substring_unique_candidate	Leadership	Military	"[[""Leadership"",""Military""]]"	1	1	"[""officer_""]"	[1412]	"[[""Leadership"",""Military""]]"	[1412]	Leadership	Military	officer_	0	0	[]	0	0	"[""substring_requires_transfer_review""]"		out_of_scope	high	author_candidate_previous_out_of_scope	"[""substring_requires_transfer_review""]"	0	freebase_bhht_author_lookup_v1	lookup_candidate_not_frozen	"[""Pavel Voronov""]"
1648	Entrepreneur (Profession) #6	1	entrepreneur_(profession)_#6	author_substring	substring_unique_candidate	Leadership	Corporate/Executive/Business (large)	"[[""Leadership"",""Corporate/Executive/Business (large)""]]"	1	1	"[""entrepreneur""]"	[1222]	"[[""Leadership"",""Corporate/Executive/Business (large)""]]"	[1222]	Leadership	Corporate/Executive/Business (large)	entrepreneur	0	0	[]	0	0	"[""substring_requires_transfer_review""]"	Leadership	proposed	medium	agrees_with_previous_llm	"[""substring_requires_transfer_review""]"	0	freebase_bhht_author_lookup_v1	lookup_candidate_not_frozen	"[""Pedro Rousseff""]"
1650	Electronic Engineer	1	electronic_engineer	author_substring	substring_unique_candidate	Discovery/Science	Explorer/Inventor/Developer	"[[""Discovery/Science"",""Explorer/Inventor/Developer""]]"	1	1	"[""engineer""]"	[1187]	"[[""Discovery/Science"",""Explorer/Inventor/Developer""]]"	[1187]	Discovery/Science	Explorer/Inventor/Developer	engineer	0	0	[]	0	0	"[""substring_requires_transfer_review""]"	Discovery/Science	proposed	high	agrees_with_previous_llm	"[""substring_requires_transfer_review""]"	0	freebase_bhht_author_lookup_v1	lookup_candidate_not_frozen	"[""Peter Harold Cole""]"
1660	Prince of Hesse and by Rhine	1	prince_of_hesse_and_by_rhine	author_substring	substring_unique_candidate	Leadership	Nobility	"[[""Leadership"",""Nobility""]]"	1	1	"[""prince_""]"	[1160]	"[[""Leadership"",""Nobility""]]"	[1160]	Leadership	Nobility	prince_	0	0	[]	0	0	"[""substring_requires_transfer_review""]"	Leadership	proposed	medium	agrees_with_previous_llm	"[""substring_requires_transfer_review""]"	0	freebase_bhht_author_lookup_v1	lookup_candidate_not_frozen	"[""Prince Friedrich of Hesse and by Rhine""]"
1661	Fleet admiral	1	fleet_admiral	author_substring	substring_unique_candidate	Leadership	Military	"[[""Leadership"",""Military""]]"	1	1	"[""admiral""]"	[1368]	"[[""Leadership"",""Military""]]"	[1368]	Leadership	Military	admiral	0	0	[]	0	0	"[""substring_requires_transfer_review""]"	Leadership	proposed	high	agrees_with_previous_llm	"[""substring_requires_transfer_review""]"	0	freebase_bhht_author_lookup_v1	lookup_candidate_not_frozen	"[""Prince Philip, Duke of Edinburgh""]"
1662	Plastic arts	1	plastic_arts	author_substring	substring_unique_candidate	Culture	Culture-core	"[[""Culture"",""Culture-core""]]"	1	1	"[""_arts_""]"	[305]	"[[""Culture"",""Culture-core""]]"	[305]	Culture	Culture-core	_arts_	0	0	[]	0	0	"[""substring_requires_transfer_review""]"		needs_review	low	author_candidate_previous_needs_review	"[""substring_requires_transfer_review""]"	0	freebase_bhht_author_lookup_v1	lookup_candidate_not_frozen	"[""Princess Maria da Gloria, Duchess of Segorbe""]"
1664	Football Analyst	1	football_analyst	author_substring	substring_cross_l1_conflict			"[[""Other"",""Worker/Business (small)""],[""Sports/Games"",""Sports/Games""]]"	2	2	"[""football"",""analyst""]"	[101,1514]	"[[""Other"",""Worker/Business (small)""],[""Sports/Games"",""Sports/Games""]]"	[101,1514]	Sports/Games	Sports/Games	football	0	0	[]	0	0	"[""substring_requires_transfer_review"",""multiple_author_l1_candidates""]"		needs_review	low	no_unique_author_l1_candidate	"[""substring_requires_transfer_review"",""multiple_author_l1_candidates""]"	0	freebase_bhht_author_lookup_v1	lookup_candidate_not_frozen	"[""Randy Cross""]"
1665	Kathak Dancer	1	kathak_dancer	author_substring	substring_unique_candidate	Culture	Culture-core	"[[""Culture"",""Culture-core""]]"	1	1	"[""dancer""]"	[410]	"[[""Culture"",""Culture-core""]]"	[410]	Culture	Culture-core	dancer	0	0	[]	0	0	"[""substring_requires_transfer_review""]"	Culture	proposed	high	agrees_with_previous_llm	"[""substring_requires_transfer_review""]"	0	freebase_bhht_author_lookup_v1	lookup_candidate_not_frozen	"[""Reba Vidyarthi""]"
1666	Showrunner	1	showrunner	author_substring	substring_unique_candidate	Sports/Games	Sports/Games	"[[""Sports/Games"",""Sports/Games""]]"	1	1	"[""runner""]"	[221]	"[[""Sports/Games"",""Sports/Games""]]"	[221]	Sports/Games	Sports/Games	runner	0	0	[]	0	0	"[""substring_requires_transfer_review""]"	Culture	proposed	medium	differs_from_previous_llm	"[""substring_requires_transfer_review"",""previous_llm_l1_disagreement""]"	0	freebase_bhht_author_lookup_v1	lookup_candidate_not_frozen	"[""Rebecca Rand Kirshner""]"
1667	IT service management	1	it_service_management	author_substring	substring_unique_candidate	Leadership	Corporate/Executive/Business (large)	"[[""Leadership"",""Corporate/Executive/Business (large)""]]"	1	1	"[""management""]"	[1233]	"[[""Leadership"",""Corporate/Executive/Business (large)""]]"	[1233]	Leadership	Corporate/Executive/Business (large)	management	0	0	[]	0	0	"[""substring_requires_transfer_review""]"		needs_review	low	author_candidate_previous_needs_review	"[""substring_requires_transfer_review""]"	0	freebase_bhht_author_lookup_v1	lookup_candidate_not_frozen	"[""Remek Elek""]"
1668	Legal nurse consultant	1	legal_nurse_consultant	author_substring	substring_cross_l1_conflict			"[[""Discovery/Science"",""Academia""],[""Other"",""Worker/Business (small)""]]"	2	2	"[""nurse"",""consultant""]"	[828,1566]	"[[""Discovery/Science"",""Academia""],[""Other"",""Worker/Business (small)""]]"	[828,1566]	Discovery/Science	Academia	nurse	0	0	[]	0	0	"[""substring_requires_transfer_review"",""multiple_author_l1_candidates""]"	Discovery/Science	proposed	high	no_unique_author_l1_candidate	"[""substring_requires_transfer_review"",""multiple_author_l1_candidates""]"	0	freebase_bhht_author_lookup_v1	lookup_candidate_not_frozen	"[""Renea Burns""]"
1669	Direct marketing	1	direct_marketing	author_substring	substring_unique_candidate	Other	Worker/Business (small)	"[[""Other"",""Worker/Business (small)""]]"	1	1	"[""marketing""]"	[1649]	"[[""Other"",""Worker/Business (small)""]]"	[1649]	Other	Worker/Business (small)	marketing	0	0	[]	0	0	"[""substring_requires_transfer_review""]"		out_of_scope	medium	formal_author_other_previously_out_of_scope	"[""substring_requires_transfer_review""]"	0	freebase_bhht_author_lookup_v1	lookup_candidate_not_frozen	"[""Richard J. Tornetta""]"
1670	Inbound Marketing	1	inbound_marketing	author_substring	substring_unique_candidate	Other	Worker/Business (small)	"[[""Other"",""Worker/Business (small)""]]"	1	1	"[""marketing""]"	[1649]	"[[""Other"",""Worker/Business (small)""]]"	[1649]	Other	Worker/Business (small)	marketing	0	0	[]	0	0	"[""substring_requires_transfer_review""]"		needs_review	low	author_candidate_previous_needs_review	"[""substring_requires_transfer_review""]"	0	freebase_bhht_author_lookup_v1	lookup_candidate_not_frozen	"[""Richard J. Tornetta""]"
1671	Atmospheric scientist	1	atmospheric_scientist	author_substring	substring_unique_candidate	Discovery/Science	Academia	"[[""Discovery/Science"",""Academia""]]"	1	1	"[""scientist""]"	[894]	"[[""Discovery/Science"",""Academia""]]"	[894]	Discovery/Science	Academia	scientist	0	0	[]	0	0	"[""substring_requires_transfer_review""]"	Discovery/Science	proposed	high	agrees_with_previous_llm	"[""substring_requires_transfer_review""]"	0	freebase_bhht_author_lookup_v1	lookup_candidate_not_frozen	"[""Richard Turco""]"
1672	United States Ambassador to Seychelles	1	united_states_ambassador_to_seychelles	author_substring	substring_unique_candidate	Leadership	Administration/Law	"[[""Leadership"",""Administration/Law""]]"	1	1	"[""ambassador""]"	[1048]	"[[""Leadership"",""Administration/Law""]]"	[1048]	Leadership	Administration/Law	ambassador	0	0	[]	0	0	"[""substring_requires_transfer_review""]"	Leadership	proposed	medium	agrees_with_previous_llm	"[""substring_requires_transfer_review""]"	0	freebase_bhht_author_lookup_v1	lookup_candidate_not_frozen	"[""Richard Warner Carlson""]"
1676	Image consultant	1	image_consultant	author_substring	substring_unique_candidate	Other	Worker/Business (small)	"[[""Other"",""Worker/Business (small)""]]"	1	1	"[""consultant""]"	[1566]	"[[""Other"",""Worker/Business (small)""]]"	[1566]	Other	Worker/Business (small)	consultant	0	0	[]	0	0	"[""substring_requires_transfer_review""]"		needs_review	low	author_candidate_previous_needs_review	"[""substring_requires_transfer_review""]"	0	freebase_bhht_author_lookup_v1	lookup_candidate_not_frozen	"[""Rita Verreos""]"
1678	Master mariner	1	master_mariner	author_substring	substring_unique_candidate	Leadership	Military	"[[""Leadership"",""Military""]]"	1	1	"[""_marine""]"	[1403]	"[[""Leadership"",""Military""]]"	[1403]	Leadership	Military	_marine	0	0	[]	0	0	"[""substring_requires_transfer_review""]"		needs_review	low	author_candidate_previous_needs_review	"[""substring_requires_transfer_review""]"	0	freebase_bhht_author_lookup_v1	lookup_candidate_not_frozen	"[""Robert Baikie Linklater""]"
1679	European Historian	1	european_historian	author_substring	substring_unique_candidate	Discovery/Science	Academia	"[[""Discovery/Science"",""Academia""]]"	1	1	"[""historian""]"	[783]	"[[""Discovery/Science"",""Academia""]]"	[783]	Discovery/Science	Academia	historian	0	0	[]	0	0	"[""substring_requires_transfer_review""]"	Discovery/Science	proposed	high	agrees_with_previous_llm	"[""substring_requires_transfer_review""]"	0	freebase_bhht_author_lookup_v1	lookup_candidate_not_frozen	"[""Robert Darnton""]"
1681	Entrepreneur (Small Business) Nightclub and Auto Paint and Body Shops	1	entrepreneur_(small_business)_nightclub_and_auto_paint_and_body_shops	author_substring	substring_cross_l1_conflict			"[[""Culture"",""Culture-core""],[""Leadership"",""Corporate/Executive/Business (large)""]]"	2	2	"[""_paint_"",""business"",""entrepreneur""]"	[328,1218,1222]	"[[""Culture"",""Culture-core""],[""Leadership"",""Corporate/Executive/Business (large)""]]"	[328,1218,1222]	Culture	Culture-core	_paint_	0	0	[]	0	0	"[""substring_requires_transfer_review"",""multiple_author_l1_candidates""]"		needs_review	low	no_unique_author_l1_candidate	"[""substring_requires_transfer_review"",""multiple_author_l1_candidates""]"	0	freebase_bhht_author_lookup_v1	lookup_candidate_not_frozen	"[""Robert J. Quinn (Person)""]"
1682	Sociologist of Science	1	sociologist_of_science	author_substring	substring_unique_candidate	Discovery/Science	Academia	"[[""Discovery/Science"",""Academia""]]"	1	1	"[""science"",""sociologist""]"	[892,902]	"[[""Discovery/Science"",""Academia""]]"	[892,902]	Discovery/Science	Academia	science	0	0	[]	0	0	"[""substring_requires_transfer_review""]"	Discovery/Science	proposed	high	agrees_with_previous_llm	"[""substring_requires_transfer_review""]"	0	freebase_bhht_author_lookup_v1	lookup_candidate_not_frozen	"[""Robert K. Merton""]"
1683	Test engineer	1	test_engineer	author_substring	substring_unique_candidate	Discovery/Science	Explorer/Inventor/Developer	"[[""Discovery/Science"",""Explorer/Inventor/Developer""]]"	1	1	"[""engineer""]"	[1187]	"[[""Discovery/Science"",""Explorer/Inventor/Developer""]]"	[1187]	Discovery/Science	Explorer/Inventor/Developer	engineer	0	0	[]	0	0	"[""substring_requires_transfer_review""]"	Discovery/Science	proposed	high	agrees_with_previous_llm	"[""substring_requires_transfer_review""]"	0	freebase_bhht_author_lookup_v1	lookup_candidate_not_frozen	"[""Robert L. Behnken""]"
1684	Botanical Explorer	1	botanical_explorer	author_substring	substring_unique_candidate	Discovery/Science	Explorer/Inventor/Developer	"[[""Discovery/Science"",""Explorer/Inventor/Developer""]]"	1	1	"[""explorer""]"	[1189]	"[[""Discovery/Science"",""Explorer/Inventor/Developer""]]"	[1189]	Discovery/Science	Explorer/Inventor/Developer	explorer	0	0	[]	0	0	"[""substring_requires_transfer_review""]"	Discovery/Science	proposed	medium	agrees_with_previous_llm	"[""substring_requires_transfer_review""]"	0	freebase_bhht_author_lookup_v1	lookup_candidate_not_frozen	"[""Robert McKenzie Cross""]"
1685	Media Entrepreneur	1	media_entrepreneur	author_substring	substring_cross_l1_conflict			"[[""Culture"",""Culture-periphery""],[""Leadership"",""Corporate/Executive/Business (large)""]]"	2	2	"[""_media"",""entrepreneur""]"	[576,1222]	"[[""Culture"",""Culture-periphery""],[""Leadership"",""Corporate/Executive/Business (large)""]]"	[576,1222]	Culture	Culture-periphery	_media	0	0	[]	0	0	"[""substring_requires_transfer_review"",""multiple_author_l1_candidates""]"	Leadership	proposed	high	no_unique_author_l1_candidate	"[""substring_requires_transfer_review"",""multiple_author_l1_candidates""]"	0	freebase_bhht_author_lookup_v1	lookup_candidate_not_frozen	"[""Robert N. Fried""]"
1686	Neuroendocrinologist	1	neuroendocrinologist	author_substring	substring_unique_candidate	Discovery/Science	Academia	"[[""Discovery/Science"",""Academia""]]"	1	1	"[""endocrinologist""]"	[743]	"[[""Discovery/Science"",""Academia""]]"	[743]	Discovery/Science	Academia	endocrinologist	0	0	[]	0	0	"[""substring_requires_transfer_review""]"	Discovery/Science	proposed	high	agrees_with_previous_llm	"[""substring_requires_transfer_review""]"	0	freebase_bhht_author_lookup_v1	lookup_candidate_not_frozen	"[""Robert Sapolsky""]"
1689	Manager For a Catering Contractor	1	manager_for_a_catering_contractor	author_substring	substring_unique_candidate	Leadership	Corporate/Executive/Business (large)	"[[""Leadership"",""Corporate/Executive/Business (large)""]]"	1	1	"[""manager""]"	[1234]	"[[""Leadership"",""Corporate/Executive/Business (large)""]]"	[1234]	Leadership	Corporate/Executive/Business (large)	manager	0	0	[]	0	0	"[""substring_requires_transfer_review""]"		needs_review	low	author_candidate_previous_needs_review	"[""substring_requires_transfer_review""]"	0	freebase_bhht_author_lookup_v1	lookup_candidate_not_frozen	"[""Rodger Oscar Webb""]"
1690	Arts Educator	1	arts_educator	author_substring	substring_cross_l1_conflict			"[[""Culture"",""Culture-core""],[""Discovery/Science"",""Academia""]]"	2	2	"[""_arts_"",""educator""]"	[305,738]	"[[""Culture"",""Culture-core""],[""Discovery/Science"",""Academia""]]"	[305,738]	Culture	Culture-core	_arts_	0	0	[]	0	0	"[""substring_requires_transfer_review"",""multiple_author_l1_candidates""]"		needs_review	low	no_unique_author_l1_candidate	"[""substring_requires_transfer_review"",""multiple_author_l1_candidates""]"	0	freebase_bhht_author_lookup_v1	lookup_candidate_not_frozen	"[""Roelof Paul Citroen""]"
1691	Structural biologist	1	structural_biologist	author_substring	substring_unique_candidate	Discovery/Science	Academia	"[[""Discovery/Science"",""Academia""]]"	1	1	"[""biologist""]"	[705]	"[[""Discovery/Science"",""Academia""]]"	[705]	Discovery/Science	Academia	biologist	0	0	[]	0	0	"[""substring_requires_transfer_review""]"	Discovery/Science	proposed	high	agrees_with_previous_llm	"[""substring_requires_transfer_review""]"	0	freebase_bhht_author_lookup_v1	lookup_candidate_not_frozen	"[""Roger D. Kornberg""]"
1693	Soundtrack Composer	1	soundtrack_composer	author_substring	substring_unique_candidate	Culture	Culture-core	"[[""Culture"",""Culture-core""]]"	1	1	"[""composer""]"	[398]	"[[""Culture"",""Culture-core""]]"	[398]	Culture	Culture-core	composer	0	0	[]	0	0	"[""substring_requires_transfer_review""]"	Culture	proposed	medium	agrees_with_previous_llm	"[""substring_requires_transfer_review""]"	0	freebase_bhht_author_lookup_v1	lookup_candidate_not_frozen	"[""Roger Wolfe Kahn""]"
1696	Stage mother	1	stage_mother	author_substring	substring_unique_candidate	Culture	Culture-core	"[[""Culture"",""Culture-core""]]"	1	1	"[""_stage_""]"	[338]	"[[""Culture"",""Culture-core""]]"	[338]	Culture	Culture-core	_stage_	0	0	[]	0	0	"[""substring_requires_transfer_review""]"		needs_review	low	author_candidate_previous_needs_review	"[""substring_requires_transfer_review""]"	0	freebase_bhht_author_lookup_v1	lookup_candidate_not_frozen	"[""Rose Thompson Hovick""]"
1697	Personal injury lawyer	1	personal_injury_lawyer	author_substring	substring_unique_candidate	Leadership	Administration/Law	"[[""Leadership"",""Administration/Law""]]"	1	1	"[""_lawyer""]"	[1053]	"[[""Leadership"",""Administration/Law""]]"	[1053]	Leadership	Administration/Law	_lawyer	0	0	[]	0	0	"[""substring_requires_transfer_review""]"	Leadership	proposed	high	agrees_with_previous_llm	"[""substring_requires_transfer_review""]"	0	freebase_bhht_author_lookup_v1	lookup_candidate_not_frozen	"[""Ross C. Goodman""]"
1701	Political analyst	1	political_analyst	author_substring	substring_cross_l1_conflict			"[[""Leadership"",""Politics""],[""Other"",""Worker/Business (small)""]]"	2	2	"[""political"",""analyst""]"	[1013,1514]	"[[""Leadership"",""Politics""],[""Other"",""Worker/Business (small)""]]"	[1013,1514]	Leadership	Politics	political	0	0	[]	0	0	"[""substring_requires_transfer_review"",""multiple_author_l1_candidates""]"	Leadership	proposed	high	no_unique_author_l1_candidate	"[""substring_requires_transfer_review"",""multiple_author_l1_candidates""]"	0	freebase_bhht_author_lookup_v1	lookup_candidate_not_frozen	"[""S. Balasubramanian""]"
1706	Personal chef	1	personal_chef	author_substring	substring_unique_candidate	Other	Worker/Business (small)	"[[""Other"",""Worker/Business (small)""]]"	1	1	"[""_chef_""]"	[1444]	"[[""Other"",""Worker/Business (small)""]]"	[1444]	Other	Worker/Business (small)	_chef_	0	0	[]	0	0	"[""substring_requires_transfer_review""]"		out_of_scope	high	formal_author_other_previously_out_of_scope	"[""substring_requires_transfer_review""]"	0	freebase_bhht_author_lookup_v1	lookup_candidate_not_frozen	"[""Sam Kass (Businessperson)""]"
1707	Policy Consultant	1	policy_consultant	author_substring	substring_unique_candidate	Other	Worker/Business (small)	"[[""Other"",""Worker/Business (small)""]]"	1	1	"[""consultant""]"	[1566]	"[[""Other"",""Worker/Business (small)""]]"	[1566]	Other	Worker/Business (small)	consultant	0	0	[]	0	0	"[""substring_requires_transfer_review""]"	Leadership	proposed	high	differs_from_previous_llm	"[""substring_requires_transfer_review"",""previous_llm_l1_disagreement""]"	0	freebase_bhht_author_lookup_v1	lookup_candidate_not_frozen	"[""Samantha Fenty""]"
1708	Medical technologist	1	medical_technologist	author_substring	substring_unique_candidate	Discovery/Science	Academia	"[[""Discovery/Science"",""Academia""]]"	1	1	"[""medical""]"	[812]	"[[""Discovery/Science"",""Academia""]]"	[812]	Discovery/Science	Academia	medical	0	0	[]	0	0	"[""substring_requires_transfer_review""]"	Discovery/Science	proposed	medium	agrees_with_previous_llm	"[""substring_requires_transfer_review""]"	0	freebase_bhht_author_lookup_v1	lookup_candidate_not_frozen	"[""Samaria (Mitcham) Bailey""]"
1710	Yoga Consultant	1	yoga_consultant	author_substring	substring_unique_candidate	Other	Worker/Business (small)	"[[""Other"",""Worker/Business (small)""]]"	1	1	"[""consultant""]"	[1566]	"[[""Other"",""Worker/Business (small)""]]"	[1566]	Other	Worker/Business (small)	consultant	0	0	[]	0	0	"[""substring_requires_transfer_review""]"		needs_review	low	author_candidate_previous_needs_review	"[""substring_requires_transfer_review""]"	0	freebase_bhht_author_lookup_v1	lookup_candidate_not_frozen	"[""Sangeeta Kalyani""]"
1713	Computer repair technician	1	computer_repair_technician	author_substring	substring_unique_candidate	Other	Worker/Business (small)	"[[""Other"",""Worker/Business (small)""]]"	1	1	"[""technician""]"	[1698]	"[[""Other"",""Worker/Business (small)""]]"	[1698]	Other	Worker/Business (small)	technician	0	0	[]	0	0	"[""substring_requires_transfer_review""]"		needs_review	low	author_candidate_previous_needs_review	"[""substring_requires_transfer_review""]"	0	freebase_bhht_author_lookup_v1	lookup_candidate_not_frozen	"[""Shane Kosugi""]"
1714	Roller Skater	1	roller_skater	author_substring	substring_unique_candidate	Sports/Games	Sports/Games	"[[""Sports/Games"",""Sports/Games""]]"	1	1	"[""skater""]"	[234]	"[[""Sports/Games"",""Sports/Games""]]"	[234]	Sports/Games	Sports/Games	skater	0	0	[]	0	0	"[""substring_requires_transfer_review""]"	Sports/Games	proposed	medium	agrees_with_previous_llm	"[""substring_requires_transfer_review""]"	0	freebase_bhht_author_lookup_v1	lookup_candidate_not_frozen	"[""Shanna Moakler""]"
1716	Biomedical Engineer	1	biomedical_engineer	author_substring	substring_same_l1_multiple_l2	Discovery/Science		"[[""Discovery/Science"",""Academia""],[""Discovery/Science"",""Explorer/Inventor/Developer""]]"	1	2	"[""biomedical"",""medical"",""engineer""]"	[706,812,1187]	"[[""Discovery/Science"",""Academia""],[""Discovery/Science"",""Explorer/Inventor/Developer""]]"	[706,812,1187]	Discovery/Science	Academia	biomedical	0	0	[]	0	0	"[""substring_requires_transfer_review"",""multiple_author_l2_candidates""]"	Discovery/Science	proposed	high	agrees_with_previous_llm	"[""substring_requires_transfer_review"",""multiple_author_l2_candidates""]"	0	freebase_bhht_author_lookup_v1	lookup_candidate_not_frozen	"[""Sheldon Weinbaum""]"
1718	Arms Policy Analyst	1	arms_policy_analyst	author_substring	substring_unique_candidate	Other	Worker/Business (small)	"[[""Other"",""Worker/Business (small)""]]"	1	1	"[""analyst""]"	[1514]	"[[""Other"",""Worker/Business (small)""]]"	[1514]	Other	Worker/Business (small)	analyst	0	0	[]	0	0	"[""substring_requires_transfer_review""]"		needs_review	low	author_candidate_previous_needs_review	"[""substring_requires_transfer_review""]"	0	freebase_bhht_author_lookup_v1	lookup_candidate_not_frozen	"[""Sidney Drell""]"
1719	Navy pilot	1	navy_pilot	author_substring	substring_unique_candidate	Leadership	Military	"[[""Leadership"",""Military""]]"	1	1	"[""navy""]"	[1410]	"[[""Leadership"",""Military""]]"	[1410]	Leadership	Military	navy	0	0	[]	0	0	"[""substring_requires_transfer_review""]"	Leadership	proposed	high	agrees_with_previous_llm	"[""substring_requires_transfer_review""]"	0	freebase_bhht_author_lookup_v1	lookup_candidate_not_frozen	"[""Simon Scott Thomas""]"
1721	Nude model	1	nude_model	author_substring	substring_unique_candidate	Culture	Culture-periphery	"[[""Culture"",""Culture-periphery""]]"	1	1	"[""_model_""]"	[577]	"[[""Culture"",""Culture-periphery""]]"	[577]	Culture	Culture-periphery	_model_	0	0	[]	0	0	"[""substring_requires_transfer_review""]"	Culture	proposed	medium	agrees_with_previous_llm	"[""substring_requires_transfer_review""]"	0	freebase_bhht_author_lookup_v1	lookup_candidate_not_frozen	"[""Skin Diamond""]"
1722	Rodeo clown	1	rodeo_clown	author_substring	substring_cross_l1_conflict			"[[""Culture"",""Culture-core""],[""Sports/Games"",""Sports/Games""]]"	2	2	"[""rodeo"",""_clown_""]"	[217,310]	"[[""Culture"",""Culture-core""],[""Sports/Games"",""Sports/Games""]]"	[217,310]	Sports/Games	Sports/Games	rodeo	0	0	[]	0	0	"[""substring_requires_transfer_review"",""multiple_author_l1_candidates""]"		needs_review	low	no_unique_author_l1_candidate	"[""substring_requires_transfer_review"",""multiple_author_l1_candidates""]"	0	freebase_bhht_author_lookup_v1	lookup_candidate_not_frozen	"[""Slim Pickens""]"
1723	Business process outsourcing	1	business_process_outsourcing	author_substring	substring_unique_candidate	Leadership	Corporate/Executive/Business (large)	"[[""Leadership"",""Corporate/Executive/Business (large)""]]"	1	1	"[""business""]"	[1218]	"[[""Leadership"",""Corporate/Executive/Business (large)""]]"	[1218]	Leadership	Corporate/Executive/Business (large)	business	0	0	[]	0	0	"[""substring_requires_transfer_review""]"		out_of_scope	medium	author_candidate_previous_out_of_scope	"[""substring_requires_transfer_review""]"	0	freebase_bhht_author_lookup_v1	lookup_candidate_not_frozen	"[""Smita Nair Jain""]"
1726	Investment banking	1	investment_banking	author_substring	substring_unique_candidate	Leadership	Corporate/Executive/Business (large)	"[[""Leadership"",""Corporate/Executive/Business (large)""]]"	1	1	"[""bank"",""investment""]"	[1215,1229]	"[[""Leadership"",""Corporate/Executive/Business (large)""]]"	[1215,1229]	Leadership	Corporate/Executive/Business (large)	bank	0	0	[]	0	0	"[""substring_requires_transfer_review""]"		out_of_scope	medium	author_candidate_previous_out_of_scope	"[""substring_requires_transfer_review""]"	0	freebase_bhht_author_lookup_v1	lookup_candidate_not_frozen	"[""Smita Nair Jain""]"
1727	Wrestling Booker	1	wrestling_booker	author_substring	substring_unique_candidate	Sports/Games	Sports/Games	"[[""Sports/Games"",""Sports/Games""]]"	1	1	"[""wrestling""]"	[299]	"[[""Sports/Games"",""Sports/Games""]]"	[299]	Sports/Games	Sports/Games	wrestling	0	0	[]	0	0	"[""substring_requires_transfer_review""]"	Sports/Games	proposed	medium	agrees_with_previous_llm	"[""substring_requires_transfer_review""]"	0	freebase_bhht_author_lookup_v1	lookup_candidate_not_frozen	"[""Smith Hart""]"
1729	Promotional model	1	promotional_model	author_substring	substring_unique_candidate	Culture	Culture-periphery	"[[""Culture"",""Culture-periphery""]]"	1	1	"[""_model_""]"	[577]	"[[""Culture"",""Culture-periphery""]]"	[577]	Culture	Culture-periphery	_model_	0	0	[]	0	0	"[""substring_requires_transfer_review""]"	Culture	proposed	medium	agrees_with_previous_llm	"[""substring_requires_transfer_review""]"	0	freebase_bhht_author_lookup_v1	lookup_candidate_not_frozen	"[""Sneha""]"
1730	Oficer-Major of King Zog  I	1	oficer-major_of_king_zog__i	author_substring	substring_unique_candidate	Leadership	Nobility	"[[""Leadership"",""Nobility""]]"	1	1	"[""_king_""]"	[1119]	"[[""Leadership"",""Nobility""]]"	[1119]	Leadership	Nobility	_king_	0	0	[]	0	0	"[""substring_requires_transfer_review""]"	Leadership	proposed	high	agrees_with_previous_llm	"[""substring_requires_transfer_review""]"	0	freebase_bhht_author_lookup_v1	lookup_candidate_not_frozen	"[""Spiro Zheji""]"
1733	Solicitor advocate	1	solicitor_advocate	author_substring	substring_unique_candidate	Leadership	Administration/Law	"[[""Leadership"",""Administration/Law""]]"	1	1	"[""advocate"",""solicitor""]"	[1058,1100]	"[[""Leadership"",""Administration/Law""]]"	[1058,1100]	Leadership	Administration/Law	advocate	0	0	[]	0	0	"[""substring_requires_transfer_review""]"	Leadership	proposed	high	agrees_with_previous_llm	"[""substring_requires_transfer_review""]"	0	freebase_bhht_author_lookup_v1	lookup_candidate_not_frozen	"[""Stuart Ripley""]"
1734	Porcelain painter	1	porcelain_painter	author_substring	substring_unique_candidate	Culture	Culture-core	"[[""Culture"",""Culture-core""]]"	1	1	"[""painter""]"	[483]	"[[""Culture"",""Culture-core""]]"	[483]	Culture	Culture-core	painter	0	0	[]	0	0	"[""substring_requires_transfer_review""]"	Culture	proposed	high	agrees_with_previous_llm	"[""substring_requires_transfer_review""]"	0	freebase_bhht_author_lookup_v1	lookup_candidate_not_frozen	"[""Susanna Amalie Berri""]"
1735	Watercolor paint	1	watercolor_paint	author_substring	substring_unique_candidate	Culture	Culture-core	"[[""Culture"",""Culture-core""]]"	1	1	"[""_paint_""]"	[328]	"[[""Culture"",""Culture-core""]]"	[328]	Culture	Culture-core	_paint_	0	0	[]	0	0	"[""substring_requires_transfer_review""]"		out_of_scope	medium	author_candidate_previous_out_of_scope	"[""substring_requires_transfer_review""]"	0	freebase_bhht_author_lookup_v1	lookup_candidate_not_frozen	"[""Susanna Amalie Berri""]"
1736	CG Artist	1	cg_artist	author_substring	substring_unique_candidate	Culture	Culture-core	"[[""Culture"",""Culture-core""]]"	1	1	"[""_artist""]"	[304]	"[[""Culture"",""Culture-core""]]"	[304]	Culture	Culture-core	_artist	0	0	[]	0	0	"[""substring_requires_transfer_review""]"	Culture	proposed	high	agrees_with_previous_llm	"[""substring_requires_transfer_review""]"	0	freebase_bhht_author_lookup_v1	lookup_candidate_not_frozen	"[""Susumu Hirasawa""]"
1737	Business journalist	1	business_journalist	author_substring	substring_cross_l1_conflict			"[[""Culture"",""Culture-periphery""],[""Leadership"",""Corporate/Executive/Business (large)""]]"	2	2	"[""journalist"",""business""]"	[629,1218]	"[[""Culture"",""Culture-periphery""],[""Leadership"",""Corporate/Executive/Business (large)""]]"	[629,1218]	Culture	Culture-periphery	journalist	0	0	[]	0	0	"[""substring_requires_transfer_review"",""multiple_author_l1_candidates""]"	Culture	proposed	high	no_unique_author_l1_candidate	"[""substring_requires_transfer_review"",""multiple_author_l1_candidates""]"	0	freebase_bhht_author_lookup_v1	lookup_candidate_not_frozen	"[""Suzy Welch""]"
1738	Free speech activist	1	free_speech_activist	author_substring	substring_unique_candidate	Leadership	Politics	"[[""Leadership"",""Politics""]]"	1	1	"[""activist""]"	[939]	"[[""Leadership"",""Politics""]]"	[939]	Leadership	Politics	activist	0	0	[]	0	0	"[""substring_requires_transfer_review""]"	Leadership	proposed	medium	agrees_with_previous_llm	"[""substring_requires_transfer_review""]"	0	freebase_bhht_author_lookup_v1	lookup_candidate_not_frozen	"[""Sydnee Steele""]"
1739	Salsa Dancer	1	salsa_dancer	author_substring	substring_unique_candidate	Culture	Culture-core	"[[""Culture"",""Culture-core""]]"	1	1	"[""dancer""]"	[410]	"[[""Culture"",""Culture-core""]]"	[410]	Culture	Culture-core	dancer	0	0	[]	0	0	"[""substring_requires_transfer_review""]"	Culture	proposed	high	agrees_with_previous_llm	"[""substring_requires_transfer_review""]"	0	freebase_bhht_author_lookup_v1	lookup_candidate_not_frozen	"[""Takeshi Young""]"
1740	First Gentleman	1	first_gentleman	author_substring	substring_unique_candidate	Other	Other	"[[""Other"",""Other""]]"	1	1	"[""gentleman""]"	[1807]	"[[""Other"",""Other""]]"	[1807]	Other	Other	gentleman	0	0	[]	0	0	"[""substring_requires_transfer_review""]"		out_of_scope	high	formal_author_other_previously_out_of_scope	"[""substring_requires_transfer_review""]"	0	freebase_bhht_author_lookup_v1	lookup_candidate_not_frozen	"[""Taufiq Kiemas""]"
1742	Ethnobotanist	1	ethnobotanist	author_substring	substring_unique_candidate	Discovery/Science	Academia	"[[""Discovery/Science"",""Academia""]]"	1	1	"[""botanist""]"	[708]	"[[""Discovery/Science"",""Academia""]]"	[708]	Discovery/Science	Academia	botanist	0	0	[]	0	0	"[""substring_requires_transfer_review""]"	Discovery/Science	proposed	high	agrees_with_previous_llm	"[""substring_requires_transfer_review""]"	0	freebase_bhht_author_lookup_v1	lookup_candidate_not_frozen	"[""Terence McKenna""]"
1743	Singer/Songwriter/Producer/Filmmaker	1	singer/songwriter/producer/filmmaker	author_substring	substring_unique_candidate	Culture	Culture-core	"[[""Culture"",""Culture-core""]]"	1	1	"[""filmmaker"",""producer"",""singer"",""songwriter""]"	[424,506,529,535]	"[[""Culture"",""Culture-core""]]"	[424,506,529,535]	Culture	Culture-core	filmmaker	0	0	[]	0	0	"[""substring_requires_transfer_review""]"	Culture	proposed	high	agrees_with_previous_llm	"[""substring_requires_transfer_review""]"	0	freebase_bhht_author_lookup_v1	lookup_candidate_not_frozen	"[""The Bullitts""]"
1746	Plant Biologist	1	plant_biologist	author_substring	substring_unique_candidate	Discovery/Science	Academia	"[[""Discovery/Science"",""Academia""]]"	1	1	"[""biologist""]"	[705]	"[[""Discovery/Science"",""Academia""]]"	[705]	Discovery/Science	Academia	biologist	0	0	[]	0	0	"[""substring_requires_transfer_review""]"	Discovery/Science	proposed	high	agrees_with_previous_llm	"[""substring_requires_transfer_review""]"	0	freebase_bhht_author_lookup_v1	lookup_candidate_not_frozen	"[""Thomas Laxton (Deceased Person)""]"
1747	Founder/President T. Mellon & Sons Bank	1	founder/president_t._mellon_&_sons_bank	author_substring	substring_cross_l1_conflict			"[[""Leadership"",""Corporate/Executive/Business (large)""],[""Other"",""Family""]]"	2	2	"[""bank"",""_sons_""]"	[1215,1725]	"[[""Leadership"",""Corporate/Executive/Business (large)""],[""Other"",""Family""]]"	[1215,1725]	Leadership	Corporate/Executive/Business (large)	bank	0	0	[]	0	0	"[""substring_requires_transfer_review"",""multiple_author_l1_candidates""]"	Leadership	proposed	medium	no_unique_author_l1_candidate	"[""substring_requires_transfer_review"",""multiple_author_l1_candidates""]"	0	freebase_bhht_author_lookup_v1	lookup_candidate_not_frozen	"[""Thomas Mellon""]"
1749	Pyrotechnician	1	pyrotechnician	author_substring	substring_unique_candidate	Other	Worker/Business (small)	"[[""Other"",""Worker/Business (small)""]]"	1	1	"[""technician""]"	[1698]	"[[""Other"",""Worker/Business (small)""]]"	[1698]	Other	Worker/Business (small)	technician	0	0	[]	0	0	"[""substring_requires_transfer_review""]"		needs_review	low	author_candidate_previous_needs_review	"[""substring_requires_transfer_review""]"	0	freebase_bhht_author_lookup_v1	lookup_candidate_not_frozen	"[""Till Lindemann""]"
1750	Rails Developer	1	rails_developer	author_substring	substring_unique_candidate	Discovery/Science	Explorer/Inventor/Developer	"[[""Discovery/Science"",""Explorer/Inventor/Developer""]]"	1	1	"[""developer""]"	[1184]	"[[""Discovery/Science"",""Explorer/Inventor/Developer""]]"	[1184]	Discovery/Science	Explorer/Inventor/Developer	developer	0	0	[]	0	0	"[""substring_requires_transfer_review""]"	Discovery/Science	proposed	medium	agrees_with_previous_llm	"[""substring_requires_transfer_review""]"	0	freebase_bhht_author_lookup_v1	lookup_candidate_not_frozen	"[""Timothy Fisher""]"
1751	Ruby Developer	1	ruby_developer	author_substring	substring_unique_candidate	Discovery/Science	Explorer/Inventor/Developer	"[[""Discovery/Science"",""Explorer/Inventor/Developer""]]"	1	1	"[""developer""]"	[1184]	"[[""Discovery/Science"",""Explorer/Inventor/Developer""]]"	[1184]	Discovery/Science	Explorer/Inventor/Developer	developer	0	0	[]	0	0	"[""substring_requires_transfer_review""]"	Discovery/Science	proposed	high	agrees_with_previous_llm	"[""substring_requires_transfer_review""]"	0	freebase_bhht_author_lookup_v1	lookup_candidate_not_frozen	"[""Timothy Fisher""]"
1755	Outreach worker	1	outreach_worker	author_substring	substring_unique_candidate	Other	Worker/Business (small)	"[[""Other"",""Worker/Business (small)""]]"	1	1	"[""worker""]"	[1716]	"[[""Other"",""Worker/Business (small)""]]"	[1716]	Other	Worker/Business (small)	worker	0	0	[]	0	0	"[""substring_requires_transfer_review""]"		out_of_scope	high	formal_author_other_previously_out_of_scope	"[""substring_requires_transfer_review""]"	0	freebase_bhht_author_lookup_v1	lookup_candidate_not_frozen	"[""Tony Wilkinson (Businessperson)""]"
1756	Youth worker	1	youth_worker	author_substring	substring_unique_candidate	Other	Worker/Business (small)	"[[""Other"",""Worker/Business (small)""]]"	1	1	"[""worker""]"	[1716]	"[[""Other"",""Worker/Business (small)""]]"	[1716]	Other	Worker/Business (small)	worker	0	0	[]	0	0	"[""substring_requires_transfer_review""]"		out_of_scope	medium	formal_author_other_previously_out_of_scope	"[""substring_requires_transfer_review""]"	0	freebase_bhht_author_lookup_v1	lookup_candidate_not_frozen	"[""Tony Wilkinson (Businessperson)""]"
1757	Veterinary Technician	1	veterinary_technician	author_substring	substring_unique_candidate	Other	Worker/Business (small)	"[[""Other"",""Worker/Business (small)""]]"	1	1	"[""technician""]"	[1698]	"[[""Other"",""Worker/Business (small)""]]"	[1698]	Other	Worker/Business (small)	technician	0	0	[]	0	0	"[""substring_requires_transfer_review""]"		needs_review	low	author_candidate_previous_needs_review	"[""substring_requires_transfer_review""]"	0	freebase_bhht_author_lookup_v1	lookup_candidate_not_frozen	"[""Tracey McShane""]"
1759	Hacker (TV subject)	1	hacker_(tv_subject)	author_substring	substring_unique_candidate	Other	Other	"[[""Other"",""Other""]]"	1	1	"[""_hacker_""]"	[1757]	"[[""Other"",""Other""]]"	[1757]	Other	Other	_hacker_	0	0	[]	0	0	"[""substring_requires_transfer_review""]"		needs_review	low	author_candidate_previous_needs_review	"[""substring_requires_transfer_review""]"	0	freebase_bhht_author_lookup_v1	lookup_candidate_not_frozen	"[""Uttam Ujjwal""]"
1760	Advocate General	1	advocate_general	author_substring	substring_unique_candidate	Leadership	Administration/Law	"[[""Leadership"",""Administration/Law""]]"	1	1	"[""advocate""]"	[1058]	"[[""Leadership"",""Administration/Law""]]"	[1058]	Leadership	Administration/Law	advocate	0	0	[]	0	0	"[""substring_requires_transfer_review""]"	Leadership	proposed	high	agrees_with_previous_llm	"[""substring_requires_transfer_review""]"	0	freebase_bhht_author_lookup_v1	lookup_candidate_not_frozen	"[""V. P. Raman""]"
1761	Central Intelligence Agency Officer	1	central_intelligence_agency_officer	author_substring	substring_cross_l1_conflict			"[[""Discovery/Science"",""Academia""],[""Leadership"",""Military""]]"	2	2	"[""intelligence"",""officer_""]"	[796,1412]	"[[""Discovery/Science"",""Academia""],[""Leadership"",""Military""]]"	[796,1412]	Discovery/Science	Academia	intelligence	0	0	[]	0	0	"[""substring_requires_transfer_review"",""multiple_author_l1_candidates""]"	Leadership	proposed	high	no_unique_author_l1_candidate	"[""substring_requires_transfer_review"",""multiple_author_l1_candidates""]"	0	freebase_bhht_author_lookup_v1	lookup_candidate_not_frozen	"[""Valerie Plame""]"
1763	Singer (Profession) #212	1	singer_(profession)_#212	author_substring	substring_unique_candidate	Culture	Culture-core	"[[""Culture"",""Culture-core""]]"	1	1	"[""singer""]"	[529]	"[[""Culture"",""Culture-core""]]"	[529]	Culture	Culture-core	singer	0	0	[]	0	0	"[""substring_requires_transfer_review""]"	Culture	proposed	high	agrees_with_previous_llm	"[""substring_requires_transfer_review""]"	0	freebase_bhht_author_lookup_v1	lookup_candidate_not_frozen	"[""Valerie Simpson""]"
1764	Nature Historian	1	nature_historian	author_substring	substring_unique_candidate	Discovery/Science	Academia	"[[""Discovery/Science"",""Academia""]]"	1	1	"[""historian""]"	[783]	"[[""Discovery/Science"",""Academia""]]"	[783]	Discovery/Science	Academia	historian	0	0	[]	0	0	"[""substring_requires_transfer_review""]"	Discovery/Science	proposed	high	agrees_with_previous_llm	"[""substring_requires_transfer_review""]"	0	freebase_bhht_author_lookup_v1	lookup_candidate_not_frozen	"[""Valmik Thapar""]"
1765	Prince of Novgorod	1	prince_of_novgorod	author_substring	substring_unique_candidate	Leadership	Nobility	"[[""Leadership"",""Nobility""]]"	1	1	"[""prince_""]"	[1160]	"[[""Leadership"",""Nobility""]]"	[1160]	Leadership	Nobility	prince_	0	0	[]	0	0	"[""substring_requires_transfer_review""]"	Leadership	proposed	medium	agrees_with_previous_llm	"[""substring_requires_transfer_review""]"	0	freebase_bhht_author_lookup_v1	lookup_candidate_not_frozen	"[""Vasily Aleksandrovich""]"
1767	Communications Consultant	1	communications_consultant	author_substring	substring_unique_candidate	Other	Worker/Business (small)	"[[""Other"",""Worker/Business (small)""]]"	1	1	"[""communication"",""consultant""]"	[1564,1566]	"[[""Other"",""Worker/Business (small)""]]"	[1564,1566]	Other	Worker/Business (small)	communication	0	0	[]	0	0	"[""substring_requires_transfer_review""]"		needs_review	low	author_candidate_previous_needs_review	"[""substring_requires_transfer_review""]"	0	freebase_bhht_author_lookup_v1	lookup_candidate_not_frozen	"[""Victoria C. Clarke""]"
1768	Architectural Critic	1	architectural_critic	author_substring	substring_unique_candidate	Culture	Culture-periphery	"[[""Culture"",""Culture-periphery""]]"	1	1	"[""architect"",""critic""]"	[586,604]	"[[""Culture"",""Culture-periphery""]]"	[586,604]	Culture	Culture-periphery	architect	0	0	[]	0	0	"[""substring_requires_transfer_review""]"	Culture	proposed	medium	agrees_with_previous_llm	"[""substring_requires_transfer_review""]"	0	freebase_bhht_author_lookup_v1	lookup_candidate_not_frozen	"[""Vincent Barrett Price""]"
1769	Sheriff officer	1	sheriff_officer	author_substring	substring_same_l1_multiple_l2	Leadership		"[[""Leadership"",""Administration/Law""],[""Leadership"",""Military""]]"	1	2	"[""sheriff"",""officer_""]"	[1099,1412]	"[[""Leadership"",""Administration/Law""],[""Leadership"",""Military""]]"	[1099,1412]	Leadership	Administration/Law	sheriff	0	0	[]	0	0	"[""substring_requires_transfer_review"",""multiple_author_l2_candidates""]"	Leadership	proposed	high	agrees_with_previous_llm	"[""substring_requires_transfer_review"",""multiple_author_l2_candidates""]"	0	freebase_bhht_author_lookup_v1	lookup_candidate_not_frozen	"[""Virgie Mae Hogan""]"
1770	Nurse anesthetist	1	nurse_anesthetist	author_substring	substring_unique_candidate	Discovery/Science	Academia	"[[""Discovery/Science"",""Academia""]]"	1	1	"[""nurse""]"	[828]	"[[""Discovery/Science"",""Academia""]]"	[828]	Discovery/Science	Academia	nurse	0	0	[]	0	0	"[""substring_requires_transfer_review""]"	Discovery/Science	proposed	high	agrees_with_previous_llm	"[""substring_requires_transfer_review""]"	0	freebase_bhht_author_lookup_v1	lookup_candidate_not_frozen	"[""Virginia Clinton Kelley""]"
1771	pedagogue assistant	1	pedagogue_assistant	author_substring	substring_unique_candidate	Discovery/Science	Academia	"[[""Discovery/Science"",""Academia""]]"	1	1	"[""pedagogue""]"	[851]	"[[""Discovery/Science"",""Academia""]]"	[851]	Discovery/Science	Academia	pedagogue	0	0	[]	0	0	"[""substring_requires_transfer_review""]"	Discovery/Science	proposed	medium	agrees_with_previous_llm	"[""substring_requires_transfer_review""]"	0	freebase_bhht_author_lookup_v1	lookup_candidate_not_frozen	"[""Vivi Berens""]"
1772	Physician assistant	1	physician_assistant	author_substring	substring_unique_candidate	Discovery/Science	Academia	"[[""Discovery/Science"",""Academia""]]"	1	1	"[""physician""]"	[867]	"[[""Discovery/Science"",""Academia""]]"	[867]	Discovery/Science	Academia	physician	0	0	[]	0	0	"[""substring_requires_transfer_review""]"	Discovery/Science	proposed	high	agrees_with_previous_llm	"[""substring_requires_transfer_review""]"	0	freebase_bhht_author_lookup_v1	lookup_candidate_not_frozen	"[""Vladimir Derevenko""]"
1774	Hydrogeologist	1	hydrogeologist	author_substring	substring_unique_candidate	Discovery/Science	Academia	"[[""Discovery/Science"",""Academia""]]"	1	1	"[""geologist""]"	[765]	"[[""Discovery/Science"",""Academia""]]"	[765]	Discovery/Science	Academia	geologist	0	0	[]	0	0	"[""substring_requires_transfer_review""]"	Discovery/Science	proposed	medium	agrees_with_previous_llm	"[""substring_requires_transfer_review""]"	0	freebase_bhht_author_lookup_v1	lookup_candidate_not_frozen	"[""Vsevolod Shestakov""]"
1775	Methodist Preacher (Profession)	1	methodist_preacher_(profession)	author_substring	substring_unique_candidate	Leadership	Religious	"[[""Leadership"",""Religious""]]"	1	1	"[""preacher""]"	[1343]	"[[""Leadership"",""Religious""]]"	[1343]	Leadership	Religious	preacher	0	0	[]	0	0	"[""substring_requires_transfer_review""]"	Leadership	proposed	high	agrees_with_previous_llm	"[""substring_requires_transfer_review""]"	0	freebase_bhht_author_lookup_v1	lookup_candidate_not_frozen	"[""W.L. Clark""]"
1777	Rocket scientist	1	rocket_scientist	author_substring	substring_unique_candidate	Discovery/Science	Academia	"[[""Discovery/Science"",""Academia""]]"	1	1	"[""scientist""]"	[894]	"[[""Discovery/Science"",""Academia""]]"	[894]	Discovery/Science	Academia	scientist	0	0	[]	0	0	"[""substring_requires_transfer_review""]"	Discovery/Science	proposed	medium	agrees_with_previous_llm	"[""substring_requires_transfer_review""]"	0	freebase_bhht_author_lookup_v1	lookup_candidate_not_frozen	"[""Wernher von Braun""]"
1779	Figure skating coach	1	figure_skating_coach	author_substring	substring_unique_candidate	Sports/Games	Sports/Games	"[[""Sports/Games"",""Sports/Games""]]"	1	1	"[""coach"",""skating""]"	[75,235]	"[[""Sports/Games"",""Sports/Games""]]"	[75,235]	Sports/Games	Sports/Games	coach	0	0	[]	0	0	"[""substring_requires_transfer_review""]"	Sports/Games	proposed	high	agrees_with_previous_llm	"[""substring_requires_transfer_review""]"	0	freebase_bhht_author_lookup_v1	lookup_candidate_not_frozen	"[""Wilhelm Henie""]"
1780	Puzzle designer	1	puzzle_designer	author_substring	substring_unique_candidate	Culture	Culture-periphery	"[[""Culture"",""Culture-periphery""]]"	1	1	"[""designer""]"	[606]	"[[""Culture"",""Culture-periphery""]]"	[606]	Culture	Culture-periphery	designer	0	0	[]	0	0	"[""substring_requires_transfer_review""]"		needs_review	low	author_candidate_previous_needs_review	"[""substring_requires_transfer_review""]"	0	freebase_bhht_author_lookup_v1	lookup_candidate_not_frozen	"[""Will Shortz""]"
1781	Refrigeration Engineer	1	refrigeration_engineer	author_substring	substring_unique_candidate	Discovery/Science	Explorer/Inventor/Developer	"[[""Discovery/Science"",""Explorer/Inventor/Developer""]]"	1	1	"[""engineer""]"	[1187]	"[[""Discovery/Science"",""Explorer/Inventor/Developer""]]"	[1187]	Discovery/Science	Explorer/Inventor/Developer	engineer	0	0	[]	0	0	"[""substring_requires_transfer_review""]"	Discovery/Science	proposed	high	agrees_with_previous_llm	"[""substring_requires_transfer_review""]"	0	freebase_bhht_author_lookup_v1	lookup_candidate_not_frozen	"[""Willard Christopher Smith, Sr.""]"
1782	Architectural Sculptor	1	architectural_sculptor	author_substring	substring_same_l1_multiple_l2	Culture		"[[""Culture"",""Culture-core""],[""Culture"",""Culture-periphery""]]"	1	2	"[""sculptor"",""architect""]"	[525,586]	"[[""Culture"",""Culture-core""],[""Culture"",""Culture-periphery""]]"	[525,586]	Culture	Culture-core	sculptor	0	0	[]	0	0	"[""substring_requires_transfer_review"",""multiple_author_l2_candidates""]"	Culture	proposed	high	agrees_with_previous_llm	"[""substring_requires_transfer_review"",""multiple_author_l2_candidates""]"	0	freebase_bhht_author_lookup_v1	lookup_candidate_not_frozen	"[""William Aumonier (Deceased Person)""]"
1784	Palaeontologist (Profession) #1	1	palaeontologist_(profession)_#1	author_substring	substring_unique_candidate	Discovery/Science	Academia	"[[""Discovery/Science"",""Academia""]]"	1	1	"[""palaeontologist""]"	[844]	"[[""Discovery/Science"",""Academia""]]"	[844]	Discovery/Science	Academia	palaeontologist	0	0	[]	0	0	"[""substring_requires_transfer_review""]"	Discovery/Science	proposed	high	agrees_with_previous_llm	"[""substring_requires_transfer_review""]"	0	freebase_bhht_author_lookup_v1	lookup_candidate_not_frozen	"[""William Cole, 3rd Earl of Enniskillen""]"
1785	Book Designer	1	book_designer	author_substring	substring_unique_candidate	Culture	Culture-periphery	"[[""Culture"",""Culture-periphery""]]"	1	1	"[""designer""]"	[606]	"[[""Culture"",""Culture-periphery""]]"	[606]	Culture	Culture-periphery	designer	0	0	[]	0	0	"[""substring_requires_transfer_review""]"	Culture	proposed	high	agrees_with_previous_llm	"[""substring_requires_transfer_review""]"	0	freebase_bhht_author_lookup_v1	lookup_candidate_not_frozen	"[""William Dana Orcutt""]"
1790	Train Conductor	1	train_conductor	author_substring	substring_unique_candidate	Culture	Culture-core	"[[""Culture"",""Culture-core""]]"	1	1	"[""conductor""]"	[401]	"[[""Culture"",""Culture-core""]]"	[401]	Culture	Culture-core	conductor	0	0	[]	0	0	"[""substring_requires_transfer_review""]"		needs_review	low	author_candidate_previous_needs_review	"[""substring_requires_transfer_review""]"	0	freebase_bhht_author_lookup_v1	lookup_candidate_not_frozen	"[""William Wallace Wagner""]"
1791	Diocesan bishop	1	diocesan_bishop	author_substring	substring_unique_candidate	Leadership	Religious	"[[""Leadership"",""Religious""]]"	1	1	"[""bishop""]"	[1280]	"[[""Leadership"",""Religious""]]"	[1280]	Leadership	Religious	bishop	0	0	[]	0	0	"[""substring_requires_transfer_review""]"	Leadership	proposed	high	agrees_with_previous_llm	"[""substring_requires_transfer_review""]"	0	freebase_bhht_author_lookup_v1	lookup_candidate_not_frozen	"[""Willie L. Porter""]"
1796	Actor (Profession) #80	1	actor_(profession)_#80	author_substring	substring_unique_candidate	Culture	Culture-core	"[[""Culture"",""Culture-core""]]"	1	1	"[""_actor""]"	[303]	"[[""Culture"",""Culture-core""]]"	[303]	Culture	Culture-core	_actor	0	0	[]	0	0	"[""substring_requires_transfer_review""]"	Culture	proposed	high	agrees_with_previous_llm	"[""substring_requires_transfer_review""]"	0	freebase_bhht_author_lookup_v1	lookup_candidate_not_frozen	"[""Young Dirrt""]"
1798	Audio Dramatist	1	audio_dramatist	author_substring	substring_same_l1_multiple_l2	Culture		"[[""Culture"",""Culture-core""],[""Culture"",""Culture-periphery""]]"	1	2	"[""_drama"",""dramatist"",""_audio""]"	[318,412,574]	"[[""Culture"",""Culture-core""],[""Culture"",""Culture-periphery""]]"	[318,412,574]	Culture	Culture-core	_drama	0	0	[]	0	0	"[""substring_requires_transfer_review"",""multiple_author_l2_candidates""]"	Culture	proposed	medium	agrees_with_previous_llm	"[""substring_requires_transfer_review"",""multiple_author_l2_candidates""]"	0	freebase_bhht_author_lookup_v1	lookup_candidate_not_frozen	"[""Yuri Rasovsky""]"
1799	Rector (Profession)	1	rector_(profession)	author_substring	substring_unique_candidate	Discovery/Science	Academia	"[[""Discovery/Science"",""Academia""]]"	1	1	"[""_rector_""]"	[669]	"[[""Discovery/Science"",""Academia""]]"	[669]	Discovery/Science	Academia	_rector_	0	0	[]	0	0	"[""substring_requires_transfer_review""]"		needs_review	low	author_candidate_previous_needs_review	"[""substring_requires_transfer_review""]"	0	freebase_bhht_author_lookup_v1	lookup_candidate_not_frozen	"[""Zachris Topelius""]"
1801	Slave Trader	1	slave_trader	author_substring	substring_cross_l1_conflict			"[[""Leadership"",""Corporate/Executive/Business (large)""],[""Other"",""Other""]]"	2	2	"[""trader"",""_slave_""]"	[1247,1767]	"[[""Leadership"",""Corporate/Executive/Business (large)""],[""Other"",""Other""]]"	[1247,1767]	Leadership	Corporate/Executive/Business (large)	trader	0	0	[]	0	0	"[""substring_requires_transfer_review"",""multiple_author_l1_candidates""]"		out_of_scope	medium	no_unique_author_l1_candidate	"[""substring_requires_transfer_review"",""multiple_author_l1_candidates""]"	0	freebase_bhht_author_lookup_v1	lookup_candidate_not_frozen	"[""Zephaniah Kingsley""]"
1802	Stamp designer	1	stamp_designer	author_substring	substring_unique_candidate	Culture	Culture-periphery	"[[""Culture"",""Culture-periphery""]]"	1	1	"[""designer""]"	[606]	"[[""Culture"",""Culture-periphery""]]"	[606]	Culture	Culture-periphery	designer	0	0	[]	0	0	"[""substring_requires_transfer_review""]"	Culture	proposed	high	agrees_with_previous_llm	"[""substring_requires_transfer_review""]"	0	freebase_bhht_author_lookup_v1	lookup_candidate_not_frozen	"[""Zoltan Nagy (Graphic Designer)""]"
1804	Professional Artist	1	professional_artist	author_substring	substring_unique_candidate	Culture	Culture-core	"[[""Culture"",""Culture-core""]]"	1	1	"[""_artist""]"	[304]	"[[""Culture"",""Culture-core""]]"	[304]	Culture	Culture-core	_artist	0	0	[]	0	0	"[""substring_requires_transfer_review""]"	Culture	proposed	medium	agrees_with_previous_llm	"[""substring_requires_transfer_review""]"	0	freebase_bhht_author_lookup_v1	lookup_candidate_not_frozen	"[""kerbyrosanes""]"
1808	IT/Software Developer	1	it/software_developer	author_substring	substring_unique_candidate	Discovery/Science	Explorer/Inventor/Developer	"[[""Discovery/Science"",""Explorer/Inventor/Developer""]]"	1	1	"[""developer""]"	[1184]	"[[""Discovery/Science"",""Explorer/Inventor/Developer""]]"	[1184]	Discovery/Science	Explorer/Inventor/Developer	developer	0	0	[]	0	0	"[""substring_requires_transfer_review""]"	Discovery/Science	proposed	high	agrees_with_previous_llm	"[""substring_requires_transfer_review""]"	0	freebase_bhht_author_lookup_v1	lookup_candidate_not_frozen	"[""m/0127dpdc""]"
1809	Web Application Developer	1	web_application_developer	author_substring	substring_unique_candidate	Discovery/Science	Explorer/Inventor/Developer	"[[""Discovery/Science"",""Explorer/Inventor/Developer""]]"	1	1	"[""developer""]"	[1184]	"[[""Discovery/Science"",""Explorer/Inventor/Developer""]]"	[1184]	Discovery/Science	Explorer/Inventor/Developer	developer	0	0	[]	0	0	"[""substring_requires_transfer_review""]"	Discovery/Science	proposed	high	agrees_with_previous_llm	"[""substring_requires_transfer_review""]"	0	freebase_bhht_author_lookup_v1	lookup_candidate_not_frozen	"[""m/0127dpdc""]"
1810	Inbound marketing	1	inbound_marketing	author_substring	substring_unique_candidate	Other	Worker/Business (small)	"[[""Other"",""Worker/Business (small)""]]"	1	1	"[""marketing""]"	[1649]	"[[""Other"",""Worker/Business (small)""]]"	[1649]	Other	Worker/Business (small)	marketing	0	0	[]	0	0	"[""substring_requires_transfer_review""]"		needs_review	low	author_candidate_previous_needs_review	"[""substring_requires_transfer_review""]"	0	freebase_bhht_author_lookup_v1	lookup_candidate_not_frozen	"[""m/012zvydj""]"
1812	Online marketing consultant specializing in SEO	1	online_marketing_consultant_specializing_in_seo	author_substring	substring_unique_candidate	Other	Worker/Business (small)	"[[""Other"",""Worker/Business (small)""]]"	1	1	"[""consultant"",""marketing""]"	[1566,1649]	"[[""Other"",""Worker/Business (small)""]]"	[1566,1649]	Other	Worker/Business (small)	consultant	0	0	[]	0	0	"[""substring_requires_transfer_review""]"		needs_review	low	author_candidate_previous_needs_review	"[""substring_requires_transfer_review""]"	0	freebase_bhht_author_lookup_v1	lookup_candidate_not_frozen	"[""m/012zvydj""]"
1814	Marketing Specialist	1	marketing_specialist	author_substring	substring_unique_candidate	Other	Worker/Business (small)	"[[""Other"",""Worker/Business (small)""]]"	1	1	"[""marketing""]"	[1649]	"[[""Other"",""Worker/Business (small)""]]"	[1649]	Other	Worker/Business (small)	marketing	0	0	[]	0	0	"[""substring_requires_transfer_review""]"		needs_review	medium	author_candidate_previous_needs_review	"[""substring_requires_transfer_review""]"	0	freebase_bhht_author_lookup_v1	lookup_candidate_not_frozen	"[""patrickjudeilagan""]"
1816	Business Analyst	1	business_analyst	author_substring	substring_cross_l1_conflict			"[[""Leadership"",""Corporate/Executive/Business (large)""],[""Other"",""Worker/Business (small)""]]"	2	2	"[""business"",""analyst""]"	[1218,1514]	"[[""Leadership"",""Corporate/Executive/Business (large)""],[""Other"",""Worker/Business (small)""]]"	[1218,1514]	Leadership	Corporate/Executive/Business (large)	business	0	0	[]	0	0	"[""substring_requires_transfer_review"",""multiple_author_l1_candidates""]"		needs_review	low	no_unique_author_l1_candidate	"[""substring_requires_transfer_review"",""multiple_author_l1_candidates""]"	0	freebase_bhht_author_lookup_v1	lookup_candidate_not_frozen	"[""sunny ujjawal""]"
1817	Digital Marketing Strategist (Job title)	1	digital_marketing_strategist_(job_title)	author_substring	substring_unique_candidate	Other	Worker/Business (small)	"[[""Other"",""Worker/Business (small)""]]"	1	1	"[""marketing""]"	[1649]	"[[""Other"",""Worker/Business (small)""]]"	[1649]	Other	Worker/Business (small)	marketing	0	0	[]	0	0	"[""substring_requires_transfer_review""]"		needs_review	medium	author_candidate_previous_needs_review	"[""substring_requires_transfer_review""]"	0	freebase_bhht_author_lookup_v1	lookup_candidate_not_frozen	"[""yogendrachavda""]"
