rank	raw_value	graph_people	normalized_label	lookup_method	match_status	candidate_level1	candidate_level2	candidate_parent_pairs_json	candidate_level1_count	candidate_level2_count	candidate_keywords_json	selected_rule_priorities_json	all_substring_parent_pairs_json	all_substring_rule_priorities_json	author_first_match_level1	author_first_match_level2	author_first_match_keyword	exact_overrides_first_match_l1	exact_overrides_first_match_parent	observed_main_reference_json	observed_reference_disagrees	observed_reference_l1_disagrees	lookup_flags_json	previous_llm_level1	previous_llm_status	previous_llm_confidence	previous_llm_comparison	review_flags_json	auxiliary_reference_only_without_author_rule	mapping_version	label_status	sample_people_json
36	Health professional	1687	health_professional	no_author_rule	no_author_rule			[]	0	0	[]	[]	[]	[]				0	0	[]	0	0	"[""no_author_rule""]"	Discovery/Science	proposed	medium	no_unique_author_l1_candidate	"[""no_author_rule""]"	0	freebase_bhht_author_lookup_v1	lookup_candidate_not_frozen	"[""A. J. Cronin"", ""A. Lakshmanaswami Mudaliar"", ""Aaron Ciechanover""]"
41	Healthcare professional	1555	healthcare_professional	no_author_rule	no_author_rule			[]	0	0	[]	[]	[]	[]				0	0	[]	0	0	"[""no_author_rule""]"	Discovery/Science	proposed	medium	no_unique_author_l1_candidate	"[""no_author_rule""]"	0	freebase_bhht_author_lookup_v1	lookup_candidate_not_frozen	"[""A. J. Cronin"", ""A. Lakshmanaswami Mudaliar"", ""Aaron Ciechanover""]"
43	Cameraman	1466	cameraman	no_author_rule	no_author_rule			[]	0	0	[]	[]	[]	[]				0	0	[]	0	0	"[""no_author_rule""]"	Culture	proposed	high	no_unique_author_l1_candidate	"[""no_author_rule""]"	0	freebase_bhht_author_lookup_v1	lookup_candidate_not_frozen	"[""Abbas Kiarostami"", ""Abe Forman-Greenwald"", ""Adam Alleca""]"
61	Official	913	official	no_author_rule	no_author_rule			[]	0	0	[]	[]	[]	[]				0	0	[]	0	0	"[""no_author_rule""]"		needs_review	low	no_unique_author_l1_candidate	"[""no_author_rule""]"	0	freebase_bhht_author_lookup_v1	lookup_candidate_not_frozen	"[""Aaron Isaac Maltin"", ""Abd al-Aziz ibn Baz"", ""Abid Hussain""]"
91	Agent	378	agent	no_author_rule	no_author_rule			[]	0	0	[]	[]	[]	[]				0	0	"[{""level1"":""Culture"",""level2"":""Culture-core"",""level3"":""agent"",""person_count"":22,""example_wikidata_codes"":""Q16138080|Q16262430|Q1701304""}]"	0	0	"[""no_author_rule""]"		needs_review	low	no_unique_author_l1_candidate	"[""no_author_rule""]"	1	freebase_bhht_author_lookup_v1	lookup_candidate_not_frozen	"[""A. D. Peters"", ""Adrie Subono"", ""Aileen Eaton""]"
97	TV Personality (Profession)	346	tv_personality_(profession)	no_author_rule	no_author_rule			[]	0	0	[]	[]	[]	[]				0	0	[]	0	0	"[""no_author_rule""]"	Culture	proposed	high	no_unique_author_l1_candidate	"[""no_author_rule""]"	0	freebase_bhht_author_lookup_v1	lookup_candidate_not_frozen	"[""Adam Carolla"", ""Adam Curry"", ""Akiko Matsumoto (Actor)""]"
111	Arranger	265	arranger	no_author_rule	no_author_rule			[]	0	0	[]	[]	[]	[]				0	0	[]	0	0	"[""no_author_rule""]"	Culture	proposed	medium	no_unique_author_l1_candidate	"[""no_author_rule""]"	0	freebase_bhht_author_lookup_v1	lookup_candidate_not_frozen	"[""A. R. Rahman"", ""Aaron Johnson (Musician)"", ""Adam Guettel""]"
115	Agriculturalist	252	agriculturalist	no_author_rule	no_author_rule			[]	0	0	[]	[]	[]	[]				0	0	[]	0	0	"[""no_author_rule""]"		needs_review	low	no_unique_author_l1_candidate	"[""no_author_rule""]"	0	freebase_bhht_author_lookup_v1	lookup_candidate_not_frozen	"[""A. N. Hartley"", ""Adrian Bell"", ""Aksel Sandemose""]"
132	Beautician	198	beautician	no_author_rule	no_author_rule			[]	0	0	[]	[]	[]	[]				0	0	[]	0	0	"[""no_author_rule""]"		out_of_scope	high	no_unique_author_l1_candidate	"[""no_author_rule""]"	0	freebase_bhht_author_lookup_v1	lookup_candidate_not_frozen	"[""Aase Tarp"", ""Adam Brandy"", ""Adhuna Bhabani Akhtar""]"
145	Marketer	166	marketer	no_author_rule	no_author_rule			[]	0	0	[]	[]	[]	[]				0	0	[]	0	0	"[""no_author_rule""]"		needs_review	low	no_unique_author_l1_candidate	"[""no_author_rule""]"	0	freebase_bhht_author_lookup_v1	lookup_candidate_not_frozen	"[""Adrie Subono"", ""Aileen Eaton"", ""Alfred Cleveland Blumenthal""]"
150	Spokesperson	149	spokesperson	no_author_rule	no_author_rule			[]	0	0	[]	[]	[]	[]				0	0	[]	0	0	"[""no_author_rule""]"		needs_review	low	no_unique_author_l1_candidate	"[""no_author_rule""]"	0	freebase_bhht_author_lookup_v1	lookup_candidate_not_frozen	"[""Abhishek Singhvi"", ""Amber Smith"", ""Amber Valletta""]"
185	Public speaker	96	public_speaker	no_author_rule	no_author_rule			[]	0	0	[]	[]	[]	[]				0	0	[]	0	0	"[""no_author_rule""]"		needs_review	low	no_unique_author_l1_candidate	"[""no_author_rule""]"	0	freebase_bhht_author_lookup_v1	lookup_candidate_not_frozen	"[""Ahmed Deedat"", ""Ahn Changho"", ""Alex Steffen""]"
250	Supermodel	53	supermodel	no_author_rule	no_author_rule			[]	0	0	[]	[]	[]	[]				0	0	[]	0	0	"[""no_author_rule""]"	Culture	proposed	medium	no_unique_author_l1_candidate	"[""no_author_rule""]"	0	freebase_bhht_author_lookup_v1	lookup_candidate_not_frozen	"[""Aamina Sheikh"", ""Adriana Karembeu"", ""Adriana Lima""]"
251	VJ	53	vj	no_author_rule	no_author_rule			[]	0	0	[]	[]	[]	[]				0	0	[]	0	0	"[""no_author_rule""]"	Culture	proposed	medium	no_unique_author_l1_candidate	"[""no_author_rule""]"	0	freebase_bhht_author_lookup_v1	lookup_candidate_not_frozen	"[""Adam Curry"", ""Aditya Roy Kapur"", ""Alishba Yousuf""]"
252	Master of Ceremonies	53	master_of_ceremonies	no_author_rule	no_author_rule			[]	0	0	[]	[]	[]	[]				0	0	[]	0	0	"[""no_author_rule""]"	Culture	proposed	high	no_unique_author_l1_candidate	"[""no_author_rule""]"	0	freebase_bhht_author_lookup_v1	lookup_candidate_not_frozen	"[""Akala"", ""Alan Thicke"", ""Anne Curtis""]"
259	Homemaking	48	homemaking	no_author_rule	no_author_rule			[]	0	0	[]	[]	[]	[]				0	0	[]	0	0	"[""no_author_rule""]"		out_of_scope	medium	no_unique_author_l1_candidate	"[""no_author_rule""]"	0	freebase_bhht_author_lookup_v1	lookup_candidate_not_frozen	"[""Adriana Sabarots"", ""Akie Abe"", ""Alice Violet Randall""]"
261	Adviser	48	adviser	no_author_rule	no_author_rule			[]	0	0	[]	[]	[]	[]				0	0	[]	0	0	"[""no_author_rule""]"		needs_review	low	no_unique_author_l1_candidate	"[""no_author_rule""]"	0	freebase_bhht_author_lookup_v1	lookup_candidate_not_frozen	"[""Alfred D. Rosner"", ""Angelo Leno"", ""Ben Stein""]"
275	Spiritual leader	43	spiritual_leader	no_author_rule	no_author_rule			[]	0	0	[]	[]	[]	[]				0	0	[]	0	0	"[""no_author_rule""]"	Leadership	proposed	high	no_unique_author_l1_candidate	"[""no_author_rule""]"	0	freebase_bhht_author_lookup_v1	lookup_candidate_not_frozen	"[""Adelard of Bath"", ""Al-Battani"", ""Albertus Magnus""]"
277	Pin-up girl	43	pin-up_girl	no_author_rule	no_author_rule			[]	0	0	[]	[]	[]	[]				0	0	[]	0	0	"[""no_author_rule""]"	Culture	proposed	medium	no_unique_author_l1_candidate	"[""no_author_rule""]"	0	freebase_bhht_author_lookup_v1	lookup_candidate_not_frozen	"[""Alla Nazimova"", ""Anne Gwynne"", ""Barbara Bates""]"
288	Narrator	41	narrator	no_author_rule	no_author_rule			[]	0	0	[]	[]	[]	[]				0	0	[]	0	0	"[""no_author_rule""]"	Culture	proposed	high	no_unique_author_l1_candidate	"[""no_author_rule""]"	0	freebase_bhht_author_lookup_v1	lookup_candidate_not_frozen	"[""Alexandra Kluge"", ""Don Wildman"", ""Edward Winter""]"
290	Carpentry	40	carpentry	no_author_rule	no_author_rule			[]	0	0	[]	[]	[]	[]				0	0	[]	0	0	"[""no_author_rule""]"		out_of_scope	high	no_unique_author_l1_candidate	"[""no_author_rule""]"	0	freebase_bhht_author_lookup_v1	lookup_candidate_not_frozen	"[""Adam Carolla"", ""Alexey Ivanovich Gagarin"", ""Andreas Matt""]"
293	Promoter	39	promoter	no_author_rule	no_author_rule			[]	0	0	[]	[]	[]	[]				0	0	[]	0	0	"[""no_author_rule""]"		needs_review	low	no_unique_author_l1_candidate	"[""no_author_rule""]"	0	freebase_bhht_author_lookup_v1	lookup_candidate_not_frozen	"[""Adrie Subono"", ""Aileen Eaton"", ""Alfred Cleveland Blumenthal""]"
298	Waiting staff	37	waiting_staff	no_author_rule	no_author_rule			[]	0	0	[]	[]	[]	[]				0	0	[]	0	0	"[""no_author_rule""]"		out_of_scope	medium	no_unique_author_l1_candidate	"[""no_author_rule""]"	0	freebase_bhht_author_lookup_v1	lookup_candidate_not_frozen	"[""Adrianne Curry"", ""Alfred Lennon"", ""Cruz \""Allen\"" Rivera""]"
330	Insurer	31	insurer	no_author_rule	no_author_rule			[]	0	0	[]	[]	[]	[]				0	0	[]	0	0	"[""no_author_rule""]"		needs_review	low	no_unique_author_l1_candidate	"[""no_author_rule""]"	0	freebase_bhht_author_lookup_v1	lookup_candidate_not_frozen	"[""Alfred D. Rosner"", ""Angelo Leno"", ""Charles Hughesdon""]"
341	Rescue	29	rescue	no_author_rule	no_author_rule			[]	0	0	[]	[]	[]	[]				0	0	[]	0	0	"[""no_author_rule""]"		needs_review	low	no_unique_author_l1_candidate	"[""no_author_rule""]"	0	freebase_bhht_author_lookup_v1	lookup_candidate_not_frozen	"[""Anthony Martin Sinatra"", ""António Silva"", ""Brian Williams""]"
353	Editing	27	editing	no_author_rule	no_author_rule			[]	0	0	[]	[]	[]	[]				0	0	[]	0	0	"[""no_author_rule""]"		needs_review	low	no_unique_author_l1_candidate	"[""no_author_rule""]"	0	freebase_bhht_author_lookup_v1	lookup_candidate_not_frozen	"[""Ahsan Habib"", ""Ambrose Evans-Pritchard"", ""Archie Bland""]"
385	Condottiere	21	condottiere	no_author_rule	no_author_rule			[]	0	0	[]	[]	[]	[]				0	0	[]	0	0	"[""no_author_rule""]"	Leadership	proposed	medium	no_unique_author_l1_candidate	"[""no_author_rule""]"	0	freebase_bhht_author_lookup_v1	lookup_candidate_not_frozen	"[""Alessandro Sforza"", ""Carlo I Malatesta"", ""Costanzo I Sforza""]"
404	Stagehand	19	stagehand	no_author_rule	no_author_rule			[]	0	0	[]	[]	[]	[]				0	0	[]	0	0	"[""no_author_rule""]"		out_of_scope	high	no_unique_author_l1_candidate	"[""no_author_rule""]"	0	freebase_bhht_author_lookup_v1	lookup_candidate_not_frozen	"[""Alexander R. Scott"", ""Arthur Benjamin Carr Glyn"", ""Bridget Samuel""]"
408	Property caretaker	19	property_caretaker	no_author_rule	no_author_rule			[]	0	0	[]	[]	[]	[]				0	0	[]	0	0	"[""no_author_rule""]"		out_of_scope	high	no_unique_author_l1_candidate	"[""no_author_rule""]"	0	freebase_bhht_author_lookup_v1	lookup_candidate_not_frozen	"[""Andries Bicker"", ""Andries de Graeff"", ""Bernard Neeson""]"
414	Aircrew	18	aircrew	no_author_rule	no_author_rule			[]	0	0	[]	[]	[]	[]				0	0	[]	0	0	"[""no_author_rule""]"		out_of_scope	high	no_unique_author_l1_candidate	"[""no_author_rule""]"	0	freebase_bhht_author_lookup_v1	lookup_candidate_not_frozen	"[""Alice Hoglan"", ""Dimitra Liani"", ""Grace Hightower""]"
423	Web analytics	17	web_analytics	no_author_rule	no_author_rule			[]	0	0	[]	[]	[]	[]				0	0	[]	0	0	"[""no_author_rule""]"		needs_review	low	no_unique_author_l1_candidate	"[""no_author_rule""]"	0	freebase_bhht_author_lookup_v1	lookup_candidate_not_frozen	"[""Andrew Akesson"", ""Aviran Zazon"", ""Bill Sebald""]"
430	SEM Professional	16	sem_professional	no_author_rule	no_author_rule			[]	0	0	[]	[]	[]	[]				0	0	[]	0	0	"[""no_author_rule""]"		needs_review	low	no_unique_author_l1_candidate	"[""no_author_rule""]"	0	freebase_bhht_author_lookup_v1	lookup_candidate_not_frozen	"[""Andrew Akesson"", ""Aviran Zazon"", ""Bill Sebald""]"
431	SEO Professional	16	seo_professional	no_author_rule	no_author_rule			[]	0	0	[]	[]	[]	[]				0	0	[]	0	0	"[""no_author_rule""]"		needs_review	medium	no_unique_author_l1_candidate	"[""no_author_rule""]"	0	freebase_bhht_author_lookup_v1	lookup_candidate_not_frozen	"[""Andrew Akesson"", ""Aviran Zazon"", ""Bill Sebald""]"
442	Voice acting in Japan	15	voice_acting_in_japan	no_author_rule	no_author_rule			[]	0	0	[]	[]	[]	[]				0	0	[]	0	0	"[""no_author_rule""]"		out_of_scope	medium	no_unique_author_l1_candidate	"[""no_author_rule""]"	0	freebase_bhht_author_lookup_v1	lookup_candidate_not_frozen	"[""Akio Nojima"", ""Akio Ōtsuka"", ""DAIGO""]"
459	Student	14	student	no_author_rule	no_author_rule			[]	0	0	[]	[]	[]	[]				0	0	[]	0	0	"[""no_author_rule""]"		out_of_scope	high	no_unique_author_l1_candidate	"[""no_author_rule""]"	0	freebase_bhht_author_lookup_v1	lookup_candidate_not_frozen	"[""Amina Zlailouh"", ""Felix Axel Gimeno Gil"", ""James Greaves""]"
472	Landlord	13	landlord	no_author_rule	no_author_rule			[]	0	0	[]	[]	[]	[]				0	0	[]	0	0	"[""no_author_rule""]"		out_of_scope	medium	no_unique_author_l1_candidate	"[""no_author_rule""]"	0	freebase_bhht_author_lookup_v1	lookup_candidate_not_frozen	"[""Andries Bicker"", ""Andries de Graeff"", ""Carl Keitel""]"
498	Remixer	11	remixer	no_author_rule	no_author_rule			[]	0	0	[]	[]	[]	[]				0	0	[]	0	0	"[""no_author_rule""]"	Culture	proposed	high	no_unique_author_l1_candidate	"[""no_author_rule""]"	0	freebase_bhht_author_lookup_v1	lookup_candidate_not_frozen	"[""Adam Goldstein"", ""Afrojack"", ""Avicii""]"
512	Digital Marketer	11	digital_marketer	no_author_rule	no_author_rule			[]	0	0	[]	[]	[]	[]				0	0	[]	0	0	"[""no_author_rule""]"		needs_review	medium	no_unique_author_l1_candidate	"[""no_author_rule""]"	0	freebase_bhht_author_lookup_v1	lookup_candidate_not_frozen	"[""Andrew Akesson"", ""Andrew Isidoro"", ""Cristian Sepulveda""]"
524	SEO strategist	11	seo_strategist	no_author_rule	no_author_rule			[]	0	0	[]	[]	[]	[]				0	0	[]	0	0	"[""no_author_rule""]"		needs_review	medium	no_unique_author_l1_candidate	"[""no_author_rule""]"	0	freebase_bhht_author_lookup_v1	lookup_candidate_not_frozen	"[""Cristian Sepulveda"", ""Gretel Gutierrez"", ""Ivan Garcia Estebanez""]"
550	General contractor	9	general_contractor	no_author_rule	no_author_rule			[]	0	0	[]	[]	[]	[]				0	0	[]	0	0	"[""no_author_rule""]"		out_of_scope	medium	no_unique_author_l1_candidate	"[""no_author_rule""]"	0	freebase_bhht_author_lookup_v1	lookup_candidate_not_frozen	"[""Abdul R. Awan"", ""Arthur Sr. Lange"", ""Buddy Tudor""]"
555	ADR Director	9	adr_director	no_author_rule	no_author_rule			[]	0	0	[]	[]	[]	[]				0	0	[]	0	0	"[""no_author_rule""]"	Culture	proposed	high	no_unique_author_l1_candidate	"[""no_author_rule""]"	0	freebase_bhht_author_lookup_v1	lookup_candidate_not_frozen	"[""Amanda Winn-Lee"", ""Christopher Ayres"", ""Crispin Freeman""]"
557	SEO	9	seo	no_author_rule	no_author_rule			[]	0	0	[]	[]	[]	[]				0	0	[]	0	0	"[""no_author_rule""]"		needs_review	low	no_unique_author_l1_candidate	"[""no_author_rule""]"	0	freebase_bhht_author_lookup_v1	lookup_candidate_not_frozen	"[""Andrew Isidoro"", ""Cristian Sepulveda"", ""Eduard Maeso""]"
559	Showman	9	showman	no_author_rule	no_author_rule			[]	0	0	[]	[]	[]	[]				0	0	[]	0	0	"[""no_author_rule""]"	Culture	proposed	medium	no_unique_author_l1_candidate	"[""no_author_rule""]"	0	freebase_bhht_author_lookup_v1	lookup_candidate_not_frozen	"[""Andrey Urgant"", ""Bruce Forsyth"", ""George Webb (Actor) #2""]"
577	EMS Professional	9	ems_professional	no_author_rule	no_author_rule			[]	0	0	[]	[]	[]	[]				0	0	[]	0	0	"[""no_author_rule""]"	Discovery/Science	proposed	medium	no_unique_author_l1_candidate	"[""no_author_rule""]"	0	freebase_bhht_author_lookup_v1	lookup_candidate_not_frozen	"[""Cody Walker (Actor)"", ""Danuta Siedzikówna"", ""David Lee Roth""]"
583	Search Engine Optimization	9	search_engine_optimization	no_author_rule	no_author_rule			[]	0	0	[]	[]	[]	[]				0	0	[]	0	0	"[""no_author_rule""]"		out_of_scope	medium	no_unique_author_l1_candidate	"[""no_author_rule""]"	0	freebase_bhht_author_lookup_v1	lookup_candidate_not_frozen	"[""Jason BARNARD"", ""Joel Glenn Wright (Organisation leader) #1"", ""Matthew Woodward""]"
584	Keytarist	8	keytarist	no_author_rule	no_author_rule			[]	0	0	[]	[]	[]	[]				0	0	[]	0	0	"[""no_author_rule""]"	Culture	proposed	high	no_unique_author_l1_candidate	"[""no_author_rule""]"	0	freebase_bhht_author_lookup_v1	lookup_candidate_not_frozen	"[""\""Weird Al\"" Yankovic"", ""Donald Fagen"", ""Jan Hammer""]"
585	Inker	8	inker	no_author_rule	no_author_rule			[]	0	0	[]	[]	[]	[]				0	0	[]	0	0	"[""no_author_rule""]"	Culture	proposed	high	no_unique_author_l1_candidate	"[""no_author_rule""]"	0	freebase_bhht_author_lookup_v1	lookup_candidate_not_frozen	"[""Adam Kubert"", ""Andy Kubert"", ""Bob McCay""]"
588	Ophthalmology	8	ophthalmology	no_author_rule	no_author_rule			[]	0	0	[]	[]	[]	[]				0	0	[]	0	0	"[""no_author_rule""]"		needs_review	low	no_unique_author_l1_candidate	"[""no_author_rule""]"	0	freebase_bhht_author_lookup_v1	lookup_candidate_not_frozen	"[""Albrecht von Graefe"", ""Fay Boozman"", ""Georg Joseph Beer""]"
595	Medic	8	medic	no_author_rule	no_author_rule			[]	0	0	[]	[]	[]	[]				0	0	"[{""level1"":""Discovery/Science"",""level2"":""Academia"",""level3"":""medic"",""person_count"":2,""example_wikidata_codes"":""Q10317823|Q16492250""}]"	0	0	"[""no_author_rule""]"	Discovery/Science	proposed	medium	no_unique_author_l1_candidate	"[""no_author_rule""]"	1	freebase_bhht_author_lookup_v1	lookup_candidate_not_frozen	"[""Alexandra Noskwith"", ""Ernesto Pinto-Bazurco"", ""John Bradley""]"
597	Cosmetologist	8	cosmetologist	no_author_rule	no_author_rule			[]	0	0	[]	[]	[]	[]				0	0	[]	0	0	"[""no_author_rule""]"		out_of_scope	high	no_unique_author_l1_candidate	"[""no_author_rule""]"	0	freebase_bhht_author_lookup_v1	lookup_candidate_not_frozen	"[""Alla Golubkina"", ""Eleanor Alexander"", ""Evelyn Jackson (Pastor)""]"
598	Tutor	8	tutor	no_author_rule	no_author_rule			[]	0	0	[]	[]	[]	[]				0	0	"[{""level1"":""Sports/Games"",""level2"":""Sports/Games"",""level3"":""tutor"",""person_count"":4,""example_wikidata_codes"":""Q16584207|Q20015609|Q5993724""}]"	0	0	"[""no_author_rule""]"		needs_review	low	no_unique_author_l1_candidate	"[""no_author_rule""]"	1	freebase_bhht_author_lookup_v1	lookup_candidate_not_frozen	"[""Alphonso Taft"", ""Aristotle"", ""Arlen Roth""]"
602	Sound Recordist	8	sound_recordist	no_author_rule	no_author_rule			[]	0	0	[]	[]	[]	[]				0	0	[]	0	0	"[""no_author_rule""]"	Culture	proposed	high	no_unique_author_l1_candidate	"[""no_author_rule""]"	0	freebase_bhht_author_lookup_v1	lookup_candidate_not_frozen	"[""Ann Kroeber"", ""Baynham Honri"", ""Eddie Harman""]"
611	Landholder	8	landholder	no_author_rule	no_author_rule			[]	0	0	[]	[]	[]	[]				0	0	[]	0	0	"[""no_author_rule""]"		needs_review	low	no_unique_author_l1_candidate	"[""no_author_rule""]"	0	freebase_bhht_author_lookup_v1	lookup_candidate_not_frozen	"[""Charles Palmer-Tomkinson"", ""Cornelia Adair"", ""Gheorghe I. Taşcă""]"
633	Governess	7	governess	no_author_rule	no_author_rule			[]	0	0	[]	[]	[]	[]				0	0	[]	0	0	"[""no_author_rule""]"		needs_review	low	no_unique_author_l1_candidate	"[""no_author_rule""]"	0	freebase_bhht_author_lookup_v1	lookup_candidate_not_frozen	"[""Anne Brontë"", ""Charlotte Brontë"", ""Dulcie Gray""]"
638	/m/02h65y5	7	/m/02h65y5	no_author_rule	no_author_rule			[]	0	0	[]	[]	[]	[]				0	0	[]	0	0	"[""no_author_rule""]"		needs_review	low	no_unique_author_l1_candidate	"[""no_author_rule""]"	0	freebase_bhht_author_lookup_v1	lookup_candidate_not_frozen	"[""Burt Rutan"", ""George Cayley"", ""George H. Prudden""]"
644	Strategist	7	strategist	no_author_rule	no_author_rule			[]	0	0	[]	[]	[]	[]				0	0	[]	0	0	"[""no_author_rule""]"		needs_review	low	no_unique_author_l1_candidate	"[""no_author_rule""]"	0	freebase_bhht_author_lookup_v1	lookup_candidate_not_frozen	"[""David Meerman Scott"", ""Joel Glenn Wright (Organisation leader) #1"", ""Margaret Hoover""]"
652	Webmaster	6	webmaster	no_author_rule	no_author_rule			[]	0	0	[]	[]	[]	[]				0	0	[]	0	0	"[""no_author_rule""]"		needs_review	low	no_unique_author_l1_candidate	"[""no_author_rule""]"	0	freebase_bhht_author_lookup_v1	lookup_candidate_not_frozen	"[""A.J. Marik"", ""David J"", ""Dino Andrade""]"
653	Maid	6	maid	no_author_rule	no_author_rule			[]	0	0	[]	[]	[]	[]				0	0	[]	0	0	"[""no_author_rule""]"		out_of_scope	high	no_unique_author_l1_candidate	"[""no_author_rule""]"	0	freebase_bhht_author_lookup_v1	lookup_candidate_not_frozen	"[""Ada Richards"", ""Anne Turner"", ""Christina Fack""]"
654	Acrobat	6	acrobat	no_author_rule	no_author_rule			[]	0	0	[]	[]	[]	[]				0	0	[]	0	0	"[""no_author_rule""]"	Culture	proposed	high	no_unique_author_l1_candidate	"[""no_author_rule""]"	0	freebase_bhht_author_lookup_v1	lookup_candidate_not_frozen	"[""Afonso Stuart"", ""Astrid Villaume"", ""Jennifer Bricker""]"
662	Internet Marketer	6	internet_marketer	no_author_rule	no_author_rule			[]	0	0	[]	[]	[]	[]				0	0	[]	0	0	"[""no_author_rule""]"		needs_review	medium	no_unique_author_l1_candidate	"[""no_author_rule""]"	0	freebase_bhht_author_lookup_v1	lookup_candidate_not_frozen	"[""Amarjeet Sharma"", ""Chris Graham (Web Designer)"", ""Ivan Garcia Estebanez""]"
673	Public Relations	6	public_relations	no_author_rule	no_author_rule			[]	0	0	[]	[]	[]	[]				0	0	[]	0	0	"[""no_author_rule""]"		needs_review	low	no_unique_author_l1_candidate	"[""no_author_rule""]"	0	freebase_bhht_author_lookup_v1	lookup_candidate_not_frozen	"[""Betül Mardin"", ""Bob Bennett"", ""Joe Baca""]"
674	Mail carrier	6	mail_carrier	no_author_rule	no_author_rule			[]	0	0	[]	[]	[]	[]				0	0	[]	0	0	"[""no_author_rule""]"		out_of_scope	high	no_unique_author_l1_candidate	"[""no_author_rule""]"	0	freebase_bhht_author_lookup_v1	lookup_candidate_not_frozen	"[""Bill Smith (Man) #24"", ""Giovanni Sarto"", ""Johnson Flanagan Sr.""]"
681	Generalissimo	6	generalissimo	no_author_rule	no_author_rule			[]	0	0	[]	[]	[]	[]				0	0	[]	0	0	"[""no_author_rule""]"	Leadership	proposed	high	no_unique_author_l1_candidate	"[""no_author_rule""]"	0	freebase_bhht_author_lookup_v1	lookup_candidate_not_frozen	"[""Chiang Kai-shek"", ""John of Austria"", ""Miguel I of Portugal""]"
684	Dubbing Director	6	dubbing_director	no_author_rule	no_author_rule			[]	0	0	[]	[]	[]	[]				0	0	[]	0	0	"[""no_author_rule""]"	Culture	proposed	high	no_unique_author_l1_candidate	"[""no_author_rule""]"	0	freebase_bhht_author_lookup_v1	lookup_candidate_not_frozen	"[""Cristiana Lionello"", ""Garcia Júnior"", ""Gianni Musy""]"
688	Chiropractor	6	chiropractor	no_author_rule	no_author_rule			[]	0	0	[]	[]	[]	[]				0	0	[]	0	0	"[""no_author_rule""]"	Discovery/Science	proposed	medium	no_unique_author_l1_candidate	"[""no_author_rule""]"	0	freebase_bhht_author_lookup_v1	lookup_candidate_not_frozen	"[""Daniel David Palmer"", ""Gus Mercurio"", ""Hilliard Beyerstein""]"
690	Sound Director	6	sound_director	no_author_rule	no_author_rule			[]	0	0	[]	[]	[]	[]				0	0	[]	0	0	"[""no_author_rule""]"	Culture	proposed	high	no_unique_author_l1_candidate	"[""no_author_rule""]"	0	freebase_bhht_author_lookup_v1	lookup_candidate_not_frozen	"[""Douglas Shearer"", ""Jacob Vander Ark"", ""Sadayoshi Fujino""]"
691	Drafter	6	drafter	no_author_rule	no_author_rule			[]	0	0	[]	[]	[]	[]				0	0	[]	0	0	"[""no_author_rule""]"		needs_review	low	no_unique_author_l1_candidate	"[""no_author_rule""]"	0	freebase_bhht_author_lookup_v1	lookup_candidate_not_frozen	"[""Elizabeth Murray"", ""Gordon Jackson"", ""Hall Caine""]"
698	Property Master	6	property_master	no_author_rule	no_author_rule			[]	0	0	[]	[]	[]	[]				0	0	[]	0	0	"[""no_author_rule""]"	Culture	proposed	high	no_unique_author_l1_candidate	"[""no_author_rule""]"	0	freebase_bhht_author_lookup_v1	lookup_candidate_not_frozen	"[""J. Robert Benton"", ""Joseph Badalucco Jr."", ""Julie Witherington""]"
701	Avatar of Vashanka	5	avatar_of_vashanka	no_author_rule	no_author_rule			[]	0	0	[]	[]	[]	[]				0	0	[]	0	0	"[""no_author_rule""]"		needs_review	low	no_unique_author_l1_candidate	"[""no_author_rule""]"	0	freebase_bhht_author_lookup_v1	lookup_candidate_not_frozen	"[""Abbas ibn Ali"", ""Ali"", ""David""]"
704	Boss	5	boss	no_author_rule	no_author_rule			[]	0	0	[]	[]	[]	[]				0	0	[]	0	0	"[""no_author_rule""]"		needs_review	low	no_unique_author_l1_candidate	"[""no_author_rule""]"	0	freebase_bhht_author_lookup_v1	lookup_candidate_not_frozen	"[""Abu Salem"", ""Carlo Gambino"", ""John Franzese""]"
707	Lumberjack	5	lumberjack	no_author_rule	no_author_rule			[]	0	0	[]	[]	[]	[]				0	0	[]	0	0	"[""no_author_rule""]"		out_of_scope	high	no_unique_author_l1_candidate	"[""no_author_rule""]"	0	freebase_bhht_author_lookup_v1	lookup_candidate_not_frozen	"[""Aksel Sandemose"", ""Chief Dan George"", ""Fred Ward""]"
716	Porter	5	porter	no_author_rule	no_author_rule			[]	0	0	[]	[]	[]	[]				0	0	"[{""level1"":""Other"",""level2"":""Worker/Business (small)"",""level3"":""porter"",""person_count"":1,""example_wikidata_codes"":""Q5984185""}]"	0	0	"[""no_author_rule""]"		out_of_scope	high	no_unique_author_l1_candidate	"[""no_author_rule""]"	1	freebase_bhht_author_lookup_v1	lookup_candidate_not_frozen	"[""Alfred Lennon"", ""Dudley Henry Dickerson"", ""Edgar Nixon""]"
718	Sideman	5	sideman	no_author_rule	no_author_rule			[]	0	0	[]	[]	[]	[]				0	0	[]	0	0	"[""no_author_rule""]"	Culture	proposed	medium	no_unique_author_l1_candidate	"[""no_author_rule""]"	0	freebase_bhht_author_lookup_v1	lookup_candidate_not_frozen	"[""Alice Coltrane"", ""Bobby Womack"", ""Eric Dolphy""]"
720	Stevedore	5	stevedore	no_author_rule	no_author_rule			[]	0	0	[]	[]	[]	[]				0	0	[]	0	0	"[""no_author_rule""]"		out_of_scope	high	no_unique_author_l1_candidate	"[""no_author_rule""]"	0	freebase_bhht_author_lookup_v1	lookup_candidate_not_frozen	"[""Allan Connors"", ""Chief Dan George"", ""Eric Hoffer""]"
725	Retired	5	retired	no_author_rule	no_author_rule			[]	0	0	[]	[]	[]	[]				0	0	[]	0	0	"[""no_author_rule""]"		out_of_scope	high	no_unique_author_l1_candidate	"[""no_author_rule""]"	0	freebase_bhht_author_lookup_v1	lookup_candidate_not_frozen	"[""Ann Swinton"", ""Francis Franck"", ""Peteris Breikss (Retired person)""]"
732	Arranger (Profession)	5	arranger_(profession)	no_author_rule	no_author_rule			[]	0	0	[]	[]	[]	[]				0	0	[]	0	0	"[""no_author_rule""]"	Culture	proposed	high	no_unique_author_l1_candidate	"[""no_author_rule""]"	0	freebase_bhht_author_lookup_v1	lookup_candidate_not_frozen	"[""Arlen L. Card"", ""Gerard McBurney"", ""John Welsman""]"
745	Aerialist	5	aerialist	no_author_rule	no_author_rule			[]	0	0	[]	[]	[]	[]				0	0	[]	0	0	"[""no_author_rule""]"	Culture	proposed	medium	no_unique_author_l1_candidate	"[""no_author_rule""]"	0	freebase_bhht_author_lookup_v1	lookup_candidate_not_frozen	"[""Branca Ferrazo"", ""Carolyn Hennesy"", ""Charley Grapewin""]"
751	Groom of the Stool	5	groom_of_the_stool	no_author_rule	no_author_rule			[]	0	0	[]	[]	[]	[]				0	0	[]	0	0	"[""no_author_rule""]"		needs_review	low	no_unique_author_l1_candidate	"[""no_author_rule""]"	0	freebase_bhht_author_lookup_v1	lookup_candidate_not_frozen	"[""Charles Spencer, 3rd Earl of Sunderland"", ""Henry Sydney, 1st Earl of Romney"", ""James Hamilton, 1st Duke of Abercorn""]"
756	Building contractor	5	building_contractor	no_author_rule	no_author_rule			[]	0	0	[]	[]	[]	[]				0	0	[]	0	0	"[""no_author_rule""]"		out_of_scope	high	no_unique_author_l1_candidate	"[""no_author_rule""]"	0	freebase_bhht_author_lookup_v1	lookup_candidate_not_frozen	"[""Colin Rowe (Deceased Person)"", ""Edward Tierney"", ""Jamie Spears""]"
762	Security guard	5	security_guard	no_author_rule	no_author_rule			[]	0	0	[]	[]	[]	[]				0	0	[]	0	0	"[""no_author_rule""]"		out_of_scope	high	no_unique_author_l1_candidate	"[""no_author_rule""]"	0	freebase_bhht_author_lookup_v1	lookup_candidate_not_frozen	"[""Darlene Mowry"", ""Ken Lo"", ""Kevin Sorbo""]"
776	Sensei	5	sensei	no_author_rule	no_author_rule			[]	0	0	[]	[]	[]	[]				0	0	[]	0	0	"[""no_author_rule""]"		needs_review	low	no_unique_author_l1_candidate	"[""no_author_rule""]"	0	freebase_bhht_author_lookup_v1	lookup_candidate_not_frozen	"[""Gōzō Shioda"", ""Kisshomaru Ueshiba"", ""Koichi Tohei""]"
777	Horse breeding	5	horse_breeding	no_author_rule	no_author_rule			[]	0	0	[]	[]	[]	[]				0	0	[]	0	0	"[""no_author_rule""]"		out_of_scope	high	no_unique_author_l1_candidate	"[""no_author_rule""]"	0	freebase_bhht_author_lookup_v1	lookup_candidate_not_frozen	"[""Henry Clay McDowell"", ""Jerry Moss"", ""Thomas Clay McDowell""]"
789	Commoner	4	commoner	no_author_rule	no_author_rule			[]	0	0	[]	[]	[]	[]				0	0	[]	0	0	"[""no_author_rule""]"		out_of_scope	high	no_unique_author_l1_candidate	"[""no_author_rule""]"	0	freebase_bhht_author_lookup_v1	lookup_candidate_not_frozen	"[""Alex Rollin"", ""Elinor Ostrom"", ""Henry George""]"
796	Animal training	4	animal_training	no_author_rule	no_author_rule			[]	0	0	[]	[]	[]	[]				0	0	[]	0	0	"[""no_author_rule""]"		out_of_scope	medium	no_unique_author_l1_candidate	"[""no_author_rule""]"	0	freebase_bhht_author_lookup_v1	lookup_candidate_not_frozen	"[""Anatoly Durov"", ""Martin Lacey"", ""Martin Lacey, Jr.""]"
801	Lady-in-waiting	4	lady-in-waiting	no_author_rule	no_author_rule			[]	0	0	[]	[]	[]	[]				0	0	[]	0	0	"[""no_author_rule""]"		out_of_scope	high	no_unique_author_l1_candidate	"[""no_author_rule""]"	0	freebase_bhht_author_lookup_v1	lookup_candidate_not_frozen	"[""Anna Vyrubova"", ""Baroness Sophie Buxhoeveden"", ""Margarita Sergeevna Khitrovo""]"
812	Primatologist	4	primatologist	no_author_rule	no_author_rule			[]	0	0	[]	[]	[]	[]				0	0	[]	0	0	"[""no_author_rule""]"	Discovery/Science	proposed	high	no_unique_author_l1_candidate	"[""no_author_rule""]"	0	freebase_bhht_author_lookup_v1	lookup_candidate_not_frozen	"[""Birutė Galdikas"", ""Jane Goodall"", ""Patricia Wright""]"
813	Cossack	4	cossack	no_author_rule	no_author_rule			[]	0	0	[]	[]	[]	[]				0	0	[]	0	0	"[""no_author_rule""]"		out_of_scope	high	no_unique_author_l1_candidate	"[""no_author_rule""]"	0	freebase_bhht_author_lookup_v1	lookup_candidate_not_frozen	"[""Bohdan Khmelnytsky"", ""Kyrylo Rozumovskyi"", ""Tymofiy Khmelnytsky""]"
818	Second Unit Director	4	second_unit_director	no_author_rule	no_author_rule			[]	0	0	[]	[]	[]	[]				0	0	[]	0	0	"[""no_author_rule""]"	Culture	proposed	high	no_unique_author_l1_candidate	"[""no_author_rule""]"	0	freebase_bhht_author_lookup_v1	lookup_candidate_not_frozen	"[""Buddy Joe Hooker"", ""David Curtiz (Deceased Person)"", ""Francisco Pinhão Botelho""]"
824	Raconteur	4	raconteur	no_author_rule	no_author_rule			[]	0	0	[]	[]	[]	[]				0	0	[]	0	0	"[""no_author_rule""]"		needs_review	low	no_unique_author_l1_candidate	"[""no_author_rule""]"	0	freebase_bhht_author_lookup_v1	lookup_candidate_not_frozen	"[""Compton Mackenzie"", ""Jean Shepherd"", ""Noel Ferrier""]"
827	Canon	4	canon	no_author_rule	no_author_rule			[]	0	0	[]	[]	[]	[]				0	0	[]	0	0	"[""no_author_rule""]"	Leadership	proposed	high	no_unique_author_l1_candidate	"[""no_author_rule""]"	0	freebase_bhht_author_lookup_v1	lookup_candidate_not_frozen	"[""Cornelis de Graeff II."", ""Edmund Wilson (Religious Leader)"", ""Samuel Barnett (Organisation founder)""]"
831	m/0513qg_	4	m/0513qg_	no_author_rule	no_author_rule			[]	0	0	[]	[]	[]	[]				0	0	[]	0	0	"[""no_author_rule""]"		needs_review	low	no_unique_author_l1_candidate	"[""no_author_rule""]"	0	freebase_bhht_author_lookup_v1	lookup_candidate_not_frozen	"[""David Granditsky"", ""Jonathan Briley (Sound Engineer)"", ""Owen Griffiths""]"
833	Pimp	4	pimp	no_author_rule	no_author_rule			[]	0	0	[]	[]	[]	[]				0	0	[]	0	0	"[""no_author_rule""]"		out_of_scope	high	no_unique_author_l1_candidate	"[""no_author_rule""]"	0	freebase_bhht_author_lookup_v1	lookup_candidate_not_frozen	"[""Dennis Hof"", ""Heidi Fleiss"", ""Maya Angelou""]"
837	Bail bondsman	4	bail_bondsman	no_author_rule	no_author_rule			[]	0	0	[]	[]	[]	[]				0	0	[]	0	0	"[""no_author_rule""]"	Leadership	proposed	high	no_unique_author_l1_candidate	"[""no_author_rule""]"	0	freebase_bhht_author_lookup_v1	lookup_candidate_not_frozen	"[""Duane Lee  Chapman"", ""Hosea Williams"", ""Leland Blaine Chapman""]"
847	Funeral director	4	funeral_director	no_author_rule	no_author_rule			[]	0	0	[]	[]	[]	[]				0	0	[]	0	0	"[""no_author_rule""]"		out_of_scope	medium	no_unique_author_l1_candidate	"[""no_author_rule""]"	0	freebase_bhht_author_lookup_v1	lookup_candidate_not_frozen	"[""Gerard Luz James"", ""J.O. Patterson, Jr."", ""J.O. Patterson, Sr.""]"
849	Choreography	4	choreography	no_author_rule	no_author_rule			[]	0	0	[]	[]	[]	[]				0	0	[]	0	0	"[""no_author_rule""]"		needs_review	low	no_unique_author_l1_candidate	"[""no_author_rule""]"	0	freebase_bhht_author_lookup_v1	lookup_candidate_not_frozen	"[""Giuseppe Urbani"", ""Harry Pilcer"", ""Tristan MacManus""]"
850	Vlogger	4	vlogger	no_author_rule	no_author_rule			[]	0	0	[]	[]	[]	[]				0	0	[]	0	0	"[""no_author_rule""]"	Culture	proposed	medium	no_unique_author_l1_candidate	"[""no_author_rule""]"	0	freebase_bhht_author_lookup_v1	lookup_candidate_not_frozen	"[""Glenn Beck"", ""Hank Green"", ""Jack Harries""]"
862	Vedette	4	vedette	no_author_rule	no_author_rule			[]	0	0	[]	[]	[]	[]				0	0	[]	0	0	"[""no_author_rule""]"	Culture	proposed	medium	no_unique_author_l1_candidate	"[""no_author_rule""]"	0	freebase_bhht_author_lookup_v1	lookup_candidate_not_frozen	"[""Lilián del Río"", ""María Turgenova"", ""Moria Casán""]"
863	SEO Professional (Profession) #1	4	seo_professional_(profession)_#1	no_author_rule	no_author_rule			[]	0	0	[]	[]	[]	[]				0	0	[]	0	0	"[""no_author_rule""]"		needs_review	medium	no_unique_author_l1_candidate	"[""no_author_rule""]"	0	freebase_bhht_author_lookup_v1	lookup_candidate_not_frozen	"[""Paul Scolnick"", ""ingenieroseo"", ""m/012hsfbl""]"
864	Newspaper	4	newspaper	no_author_rule	no_author_rule			[]	0	0	[]	[]	[]	[]				0	0	[]	0	0	"[""no_author_rule""]"		out_of_scope	high	no_unique_author_l1_candidate	"[""no_author_rule""]"	0	freebase_bhht_author_lookup_v1	lookup_candidate_not_frozen	"[""Vakkom Moulavi"", ""Walter E. Hussman, Jr."", ""Walter E. Hussman, Sr.""]"
872	Pretty Horsebreaker	3	pretty_horsebreaker	no_author_rule	no_author_rule			[]	0	0	[]	[]	[]	[]				0	0	[]	0	0	"[""no_author_rule""]"		needs_review	low	no_unique_author_l1_candidate	"[""no_author_rule""]"	0	freebase_bhht_author_lookup_v1	lookup_candidate_not_frozen	"[""Agnes Wyndham"", ""Catherine Walters"", ""Laura Bell (Celebrity)""]"
882	Furrier	3	furrier	no_author_rule	no_author_rule			[]	0	0	[]	[]	[]	[]				0	0	[]	0	0	"[""no_author_rule""]"		out_of_scope	high	no_unique_author_l1_candidate	"[""no_author_rule""]"	0	freebase_bhht_author_lookup_v1	lookup_candidate_not_frozen	"[""André Ciganer"", ""Hendrik Roelof Citroen"", ""Wilhelm Henie""]"
883	Gallery Owner	3	gallery_owner	no_author_rule	no_author_rule			[]	0	0	[]	[]	[]	[]				0	0	[]	0	0	"[""no_author_rule""]"		needs_review	low	no_unique_author_l1_candidate	"[""no_author_rule""]"	0	freebase_bhht_author_lookup_v1	lookup_candidate_not_frozen	"[""André Emmerich"", ""Betty Asher (Art collector)"", ""Jean-Gabriel Mitterrand""]"
889	Virtuoso	3	virtuoso	no_author_rule	no_author_rule			[]	0	0	[]	[]	[]	[]				0	0	[]	0	0	"[""no_author_rule""]"	Culture	proposed	medium	no_unique_author_l1_candidate	"[""no_author_rule""]"	0	freebase_bhht_author_lookup_v1	lookup_candidate_not_frozen	"[""Arcadi Volodos"", ""Life of Franz Liszt"", ""Niccolò Paganini""]"
892	Production Supervisor	3	production_supervisor	no_author_rule	no_author_rule			[]	0	0	[]	[]	[]	[]				0	0	[]	0	0	"[""no_author_rule""]"		needs_review	low	no_unique_author_l1_candidate	"[""no_author_rule""]"	0	freebase_bhht_author_lookup_v1	lookup_candidate_not_frozen	"[""Arthur Hornblow, Jr."", ""Jerry Adler"", ""Leo McCarey""]"
894	Theoretician	3	theoretician	no_author_rule	no_author_rule			[]	0	0	[]	[]	[]	[]				0	0	[]	0	0	"[""no_author_rule""]"		needs_review	low	no_unique_author_l1_candidate	"[""no_author_rule""]"	0	freebase_bhht_author_lookup_v1	lookup_candidate_not_frozen	"[""Attar of Nishapur"", ""Herbert Blau"", ""Hollis Frampton""]"
898	Personal organizer	3	personal_organizer	no_author_rule	no_author_rule			[]	0	0	[]	[]	[]	[]				0	0	[]	0	0	"[""no_author_rule""]"		out_of_scope	medium	no_unique_author_l1_candidate	"[""no_author_rule""]"	0	freebase_bhht_author_lookup_v1	lookup_candidate_not_frozen	"[""Ben Manski"", ""Michael Sládek"", ""Sarah Turner""]"
905	Cosmologist	3	cosmologist	no_author_rule	no_author_rule			[]	0	0	[]	[]	[]	[]				0	0	[]	0	0	"[""no_author_rule""]"	Discovery/Science	proposed	high	no_unique_author_l1_candidate	"[""no_author_rule""]"	0	freebase_bhht_author_lookup_v1	lookup_candidate_not_frozen	"[""Carl Sagan"", ""Jayant Narlikar"", ""Stephen Hawking""]"
912	Action Director	3	action_director	no_author_rule	no_author_rule			[]	0	0	[]	[]	[]	[]				0	0	[]	0	0	"[""no_author_rule""]"	Culture	proposed	high	no_unique_author_l1_candidate	"[""no_author_rule""]"	0	freebase_bhht_author_lookup_v1	lookup_candidate_not_frozen	"[""Ching Siu-tung"", ""Donnie Yen"", ""Louis Fan""]"
921	Pioneer	3	pioneer	no_author_rule	no_author_rule			[]	0	0	[]	[]	[]	[]				0	0	[]	0	0	"[""no_author_rule""]"		needs_review	low	no_unique_author_l1_candidate	"[""no_author_rule""]"	0	freebase_bhht_author_lookup_v1	lookup_candidate_not_frozen	"[""Cyrus West Field"", ""Jim Bowie"", ""Wallace McCutcheon, Sr.""]"
931	Union organizer	3	union_organizer	no_author_rule	no_author_rule			[]	0	0	[]	[]	[]	[]				0	0	[]	0	0	"[""no_author_rule""]"	Leadership	proposed	medium	no_unique_author_l1_candidate	"[""no_author_rule""]"	0	freebase_bhht_author_lookup_v1	lookup_candidate_not_frozen	"[""Edgar Nixon"", ""Gilles Duceppe"", ""Mary Harris Jones""]"
938	Dominatrix	3	dominatrix	no_author_rule	no_author_rule			[]	0	0	[]	[]	[]	[]				0	0	[]	0	0	"[""no_author_rule""]"		out_of_scope	high	no_unique_author_l1_candidate	"[""no_author_rule""]"	0	freebase_bhht_author_lookup_v1	lookup_candidate_not_frozen	"[""Eva Norvind"", ""Karin Winslow"", ""Michelle Belanger""]"
939	Dubber	3	dubber	no_author_rule	no_author_rule			[]	0	0	[]	[]	[]	[]				0	0	[]	0	0	"[""no_author_rule""]"	Culture	proposed	high	no_unique_author_l1_candidate	"[""no_author_rule""]"	0	freebase_bhht_author_lookup_v1	lookup_candidate_not_frozen	"[""Federica Bomba"", ""Francesca Braggiotti"", ""Francesco Giuffrè""]"
940	Statistical graphics	3	statistical_graphics	no_author_rule	no_author_rule			[]	0	0	[]	[]	[]	[]				0	0	[]	0	0	"[""no_author_rule""]"		out_of_scope	medium	no_unique_author_l1_candidate	"[""no_author_rule""]"	0	freebase_bhht_author_lookup_v1	lookup_candidate_not_frozen	"[""Florence Nightingale"", ""Otto Neurath"", ""William Playfair""]"
950	Haberdasher	3	haberdasher	no_author_rule	no_author_rule			[]	0	0	[]	[]	[]	[]				0	0	[]	0	0	"[""no_author_rule""]"		needs_review	low	no_unique_author_l1_candidate	"[""no_author_rule""]"	0	freebase_bhht_author_lookup_v1	lookup_candidate_not_frozen	"[""Gilbert Shakespeare"", ""Harry S. Truman"", ""Mitchell Siegel""]"
951	Information Technologist	3	information_technologist	no_author_rule	no_author_rule			[]	0	0	[]	[]	[]	[]				0	0	[]	0	0	"[""no_author_rule""]"	Discovery/Science	proposed	high	no_unique_author_l1_candidate	"[""no_author_rule""]"	0	freebase_bhht_author_lookup_v1	lookup_candidate_not_frozen	"[""Gitanjali Jogia"", ""Mark D. Kingdon"", ""Sujata Maharaj""]"
955	Cyberneticist	3	cyberneticist	no_author_rule	no_author_rule			[]	0	0	[]	[]	[]	[]				0	0	[]	0	0	"[""no_author_rule""]"	Discovery/Science	proposed	medium	no_unique_author_l1_candidate	"[""no_author_rule""]"	0	freebase_bhht_author_lookup_v1	lookup_candidate_not_frozen	"[""Gregory Bateson"", ""Kevin Warwick"", ""Oswald Wiener""]"
957	Minstrel	3	minstrel	no_author_rule	no_author_rule			[]	0	0	[]	[]	[]	[]				0	0	[]	0	0	"[""no_author_rule""]"	Culture	proposed	high	no_unique_author_l1_candidate	"[""no_author_rule""]"	0	freebase_bhht_author_lookup_v1	lookup_candidate_not_frozen	"[""Harry Barlow (Man)"", ""Milt G. Barlow"", ""Reginald Barlow""]"
971	Mental health professional	3	mental_health_professional	no_author_rule	no_author_rule			[]	0	0	[]	[]	[]	[]				0	0	[]	0	0	"[""no_author_rule""]"	Discovery/Science	proposed	high	no_unique_author_l1_candidate	"[""no_author_rule""]"	0	freebase_bhht_author_lookup_v1	lookup_candidate_not_frozen	"[""Je'Niece Childress"", ""Kathy Cronkite"", ""Kent S. Slayton""]"
973	Combat medic	3	combat_medic	no_author_rule	no_author_rule			[]	0	0	[]	[]	[]	[]				0	0	[]	0	0	"[""no_author_rule""]"	Discovery/Science	proposed	medium	no_unique_author_l1_candidate	"[""no_author_rule""]"	0	freebase_bhht_author_lookup_v1	lookup_candidate_not_frozen	"[""John Bradley"", ""Mykel Hawke"", ""Sașa Pană""]"
974	Letterer	3	letterer	no_author_rule	no_author_rule			[]	0	0	[]	[]	[]	[]				0	0	[]	0	0	"[""no_author_rule""]"	Culture	proposed	high	no_unique_author_l1_candidate	"[""no_author_rule""]"	0	freebase_bhht_author_lookup_v1	lookup_candidate_not_frozen	"[""John Byrne"", ""Julia Warhola"", ""Noëlle Châtelet""]"
977	Special Agent	3	special_agent	no_author_rule	no_author_rule			[]	0	0	[]	[]	[]	[]				0	0	[]	0	0	"[""no_author_rule""]"		needs_review	low	no_unique_author_l1_candidate	"[""no_author_rule""]"	0	freebase_bhht_author_lookup_v1	lookup_candidate_not_frozen	"[""Jona von Ustinov"", ""Lorraine Copeland"", ""Miles Copeland Jr.""]"
979	Assistant Property Master	3	assistant_property_master	no_author_rule	no_author_rule			[]	0	0	[]	[]	[]	[]				0	0	[]	0	0	"[""no_author_rule""]"		needs_review	low	no_unique_author_l1_candidate	"[""no_author_rule""]"	0	freebase_bhht_author_lookup_v1	lookup_candidate_not_frozen	"[""Joseph Badalucco Jr."", ""Julie Witherington"", ""Kevin Hughes (Set Decorator)""]"
984	Bouncer	3	bouncer	no_author_rule	no_author_rule			[]	0	0	[]	[]	[]	[]				0	0	[]	0	0	"[""no_author_rule""]"		out_of_scope	high	no_unique_author_l1_candidate	"[""no_author_rule""]"	0	freebase_bhht_author_lookup_v1	lookup_candidate_not_frozen	"[""Ken Lo"", ""Kevin Sorbo"", ""Wally Watkins""]"
986	Helicopter Pilot	3	helicopter_pilot	no_author_rule	no_author_rule			[]	0	0	[]	[]	[]	[]				0	0	[]	0	0	"[""no_author_rule""]"		needs_review	low	no_unique_author_l1_candidate	"[""no_author_rule""]"	0	freebase_bhht_author_lookup_v1	lookup_candidate_not_frozen	"[""Kris Kristofferson"", ""Robert 'Bobby Z' Zajonc"", ""Tim Ward-Booth""]"
987	Hypnotist	3	hypnotist	no_author_rule	no_author_rule			[]	0	0	[]	[]	[]	[]				0	0	[]	0	0	"[""no_author_rule""]"		needs_review	low	no_unique_author_l1_candidate	"[""no_author_rule""]"	0	freebase_bhht_author_lookup_v1	lookup_candidate_not_frozen	"[""Lawrence M. Schoen"", ""Michael Grant, 12th Baron de Longueuil"", ""Paul Goldin""]"
998	Set Production Assistant	2	set_production_assistant	no_author_rule	no_author_rule			[]	0	0	[]	[]	[]	[]				0	0	[]	0	0	"[""no_author_rule""]"		needs_review	low	no_unique_author_l1_candidate	"[""no_author_rule""]"	0	freebase_bhht_author_lookup_v1	lookup_candidate_not_frozen	"[""Aaron Horwitz"", ""Olivia McCallum""]"
1003	Station master	2	station_master	no_author_rule	no_author_rule			[]	0	0	[]	[]	[]	[]				0	0	[]	0	0	"[""no_author_rule""]"		out_of_scope	medium	no_unique_author_l1_candidate	"[""no_author_rule""]"	0	freebase_bhht_author_lookup_v1	lookup_candidate_not_frozen	"[""Adolph Schiele"", ""Louis R Hanks""]"
1015	Set Dresser	2	set_dresser	no_author_rule	no_author_rule			[]	0	0	[]	[]	[]	[]				0	0	[]	0	0	"[""no_author_rule""]"	Culture	proposed	medium	no_unique_author_l1_candidate	"[""no_author_rule""]"	0	freebase_bhht_author_lookup_v1	lookup_candidate_not_frozen	"[""Amal Allana"", ""Robert Shipman""]"
1016	Registrar	2	registrar	no_author_rule	no_author_rule			[]	0	0	[]	[]	[]	[]				0	0	[]	0	0	"[""no_author_rule""]"		needs_review	low	no_unique_author_l1_candidate	"[""no_author_rule""]"	0	freebase_bhht_author_lookup_v1	lookup_candidate_not_frozen	"[""Amelita Ramos"", ""Dorothy Joplin""]"
1018	Commissar	2	commissar	no_author_rule	no_author_rule			[]	0	0	[]	[]	[]	[]				0	0	[]	0	0	"[""no_author_rule""]"	Leadership	proposed	medium	no_unique_author_l1_candidate	"[""no_author_rule""]"	0	freebase_bhht_author_lookup_v1	lookup_candidate_not_frozen	"[""Anastas Mikoyan"", ""Aziz Aliyev""]"
1023	Human computer	2	human_computer	no_author_rule	no_author_rule			[]	0	0	[]	[]	[]	[]				0	0	[]	0	0	"[""no_author_rule""]"		out_of_scope	high	no_unique_author_l1_candidate	"[""no_author_rule""]"	0	freebase_bhht_author_lookup_v1	lookup_candidate_not_frozen	"[""Annie Jump Cannon"", ""Jérôme Lalande""]"
1025	Partisan	2	partisan	no_author_rule	no_author_rule			[]	0	0	[]	[]	[]	[]				0	0	[]	0	0	"[""no_author_rule""]"		needs_review	low	no_unique_author_l1_candidate	"[""no_author_rule""]"	0	freebase_bhht_author_lookup_v1	lookup_candidate_not_frozen	"[""Ante Novak (Deceased Person)"", ""Folco Lulli""]"
1028	Public figure	2	public_figure	no_author_rule	no_author_rule			[]	0	0	[]	[]	[]	[]				0	0	[]	0	0	"[""no_author_rule""]"		out_of_scope	high	no_unique_author_l1_candidate	"[""no_author_rule""]"	0	freebase_bhht_author_lookup_v1	lookup_candidate_not_frozen	"[""Arthur Balfour"", ""Stefan Bogoridi""]"
1029	Etymologist	2	etymologist	no_author_rule	no_author_rule			[]	0	0	[]	[]	[]	[]				0	0	[]	0	0	"[""no_author_rule""]"	Discovery/Science	proposed	high	no_unique_author_l1_candidate	"[""no_author_rule""]"	0	freebase_bhht_author_lookup_v1	lookup_candidate_not_frozen	"[""Ashley Judd"", ""O. W. Fischer""]"
1030	Kannushi	2	kannushi	no_author_rule	no_author_rule			[]	0	0	[]	[]	[]	[]				0	0	[]	0	0	"[""no_author_rule""]"	Leadership	proposed	medium	no_unique_author_l1_candidate	"[""no_author_rule""]"	0	freebase_bhht_author_lookup_v1	lookup_candidate_not_frozen	"[""Atsuko Ikeda"", ""Kazuko Takatsukasa""]"
1032	Server	2	server	no_author_rule	no_author_rule			[]	0	0	[]	[]	[]	[]				0	0	[]	0	0	"[""no_author_rule""]"		out_of_scope	high	no_unique_author_l1_candidate	"[""no_author_rule""]"	0	freebase_bhht_author_lookup_v1	lookup_candidate_not_frozen	"[""Austin Allen (Music Composer)"", ""Darlene Elizabeth Ferrin""]"
1033	Search engine technology	2	search_engine_technology	no_author_rule	no_author_rule			[]	0	0	[]	[]	[]	[]				0	0	[]	0	0	"[""no_author_rule""]"		out_of_scope	medium	no_unique_author_l1_candidate	"[""no_author_rule""]"	0	freebase_bhht_author_lookup_v1	lookup_candidate_not_frozen	"[""BIll Slawski"", ""m/012zvydj""]"
1035	Dental assistant	2	dental_assistant	no_author_rule	no_author_rule			[]	0	0	[]	[]	[]	[]				0	0	[]	0	0	"[""no_author_rule""]"		needs_review	low	no_unique_author_l1_candidate	"[""no_author_rule""]"	0	freebase_bhht_author_lookup_v1	lookup_candidate_not_frozen	"[""Barbara Ann Knudson"", ""Pamela Putnam (Woman)""]"
1036	Visionary	2	visionary	no_author_rule	no_author_rule			[]	0	0	[]	[]	[]	[]				0	0	[]	0	0	"[""no_author_rule""]"		needs_review	low	no_unique_author_l1_candidate	"[""no_author_rule""]"	0	freebase_bhht_author_lookup_v1	lookup_candidate_not_frozen	"[""Barbara Marx Hubbard"", ""Buckminster Fuller""]"
1041	Volcanologist	2	volcanologist	no_author_rule	no_author_rule			[]	0	0	[]	[]	[]	[]				0	0	[]	0	0	"[""no_author_rule""]"	Discovery/Science	proposed	high	no_unique_author_l1_candidate	"[""no_author_rule""]"	0	freebase_bhht_author_lookup_v1	lookup_candidate_not_frozen	"[""Barry Voight"", ""James Dwight Dana""]"
1043	Art Conservator	2	art_conservator	no_author_rule	no_author_rule			[]	0	0	[]	[]	[]	[]				0	0	[]	0	0	"[""no_author_rule""]"	Culture	proposed	high	no_unique_author_l1_candidate	"[""no_author_rule""]"	0	freebase_bhht_author_lookup_v1	lookup_candidate_not_frozen	"[""Ben Fino-Radin"", ""Dragan Espenschied""]"
1048	Pitchman	2	pitchman	no_author_rule	no_author_rule			[]	0	0	[]	[]	[]	[]				0	0	[]	0	0	"[""no_author_rule""]"		needs_review	low	no_unique_author_l1_candidate	"[""no_author_rule""]"	0	freebase_bhht_author_lookup_v1	lookup_candidate_not_frozen	"[""Bill Mumy"", ""Merlin Olsen""]"
1052	Lineman	2	lineman	no_author_rule	no_author_rule			[]	0	0	[]	[]	[]	[]				0	0	[]	0	0	"[""no_author_rule""]"		needs_review	low	no_unique_author_l1_candidate	"[""no_author_rule""]"	0	freebase_bhht_author_lookup_v1	lookup_candidate_not_frozen	"[""Bob Hope"", ""Henry Durrell Ball""]"
1067	Shepherd	2	shepherd	no_author_rule	no_author_rule			[]	0	0	[]	[]	[]	[]				0	0	[]	0	0	"[""no_author_rule""]"		out_of_scope	high	no_unique_author_l1_candidate	"[""no_author_rule""]"	0	freebase_bhht_author_lookup_v1	lookup_candidate_not_frozen	"[""Charles Alexander Lyon Mundell Laurie"", ""William Charles Bottle""]"
1069	Labor Union Leader	2	labor_union_leader	no_author_rule	no_author_rule			[]	0	0	[]	[]	[]	[]				0	0	[]	0	0	"[""no_author_rule""]"	Leadership	proposed	medium	no_unique_author_l1_candidate	"[""no_author_rule""]"	0	freebase_bhht_author_lookup_v1	lookup_candidate_not_frozen	"[""Chester F. Duncan"", ""Richard  D, Acton""]"
1070	Semantic Web	2	semantic_web	no_author_rule	no_author_rule			[]	0	0	[]	[]	[]	[]				0	0	[]	0	0	"[""no_author_rule""]"		needs_review	low	no_unique_author_l1_candidate	"[""no_author_rule""]"	0	freebase_bhht_author_lookup_v1	lookup_candidate_not_frozen	"[""Chris Graham (Web Designer)"", ""Ivan Herman""]"
1074	News director	2	news_director	no_author_rule	no_author_rule			[]	0	0	[]	[]	[]	[]				0	0	[]	0	0	"[""no_author_rule""]"	Culture	proposed	high	no_unique_author_l1_candidate	"[""no_author_rule""]"	0	freebase_bhht_author_lookup_v1	lookup_candidate_not_frozen	"[""Claire Chazal"", ""Terry McElhatton""]"
1075	Glovemaker	2	glovemaker	no_author_rule	no_author_rule			[]	0	0	[]	[]	[]	[]				0	0	[]	0	0	"[""no_author_rule""]"		out_of_scope	medium	no_unique_author_l1_candidate	"[""no_author_rule""]"	0	freebase_bhht_author_lookup_v1	lookup_candidate_not_frozen	"[""Cornelia James"", ""John Shakespeare""]"
1077	Software Tester	2	software_tester	no_author_rule	no_author_rule			[]	0	0	[]	[]	[]	[]				0	0	[]	0	0	"[""no_author_rule""]"	Discovery/Science	proposed	high	no_unique_author_l1_candidate	"[""no_author_rule""]"	0	freebase_bhht_author_lookup_v1	lookup_candidate_not_frozen	"[""Cynthia Armistead"", ""Özer Kavak""]"
1078	Conservation	2	conservation	no_author_rule	no_author_rule			[]	0	0	[]	[]	[]	[]				0	0	[]	0	0	"[""no_author_rule""]"		needs_review	low	no_unique_author_l1_candidate	"[""no_author_rule""]"	0	freebase_bhht_author_lookup_v1	lookup_candidate_not_frozen	"[""Cyril Diver"", ""Mualla Eyüboğlu""]"
1080	Managing Director	2	managing_director	no_author_rule	no_author_rule			[]	0	0	[]	[]	[]	[]				0	0	[]	0	0	"[""no_author_rule""]"	Leadership	proposed	high	no_unique_author_l1_candidate	"[""no_author_rule""]"	0	freebase_bhht_author_lookup_v1	lookup_candidate_not_frozen	"[""Dan Siroker (m/0130fb82)"", ""Matthew Woodward""]"
1084	Shop Owner	2	shop_owner	no_author_rule	no_author_rule			[]	0	0	[]	[]	[]	[]				0	0	[]	0	0	"[""no_author_rule""]"		out_of_scope	medium	no_unique_author_l1_candidate	"[""no_author_rule""]"	0	freebase_bhht_author_lookup_v1	lookup_candidate_not_frozen	"[""David Jacob Eisenhower"", ""Mary Clyde (Deceased Person)""]"
1089	Acrobatics	2	acrobatics	no_author_rule	no_author_rule			[]	0	0	[]	[]	[]	[]				0	0	[]	0	0	"[""no_author_rule""]"		out_of_scope	high	no_unique_author_l1_candidate	"[""no_author_rule""]"	0	freebase_bhht_author_lookup_v1	lookup_candidate_not_frozen	"[""Dixie Ross"", ""Guillaume Lemay-Thivierge""]"
1098	Dental hygienist	2	dental_hygienist	no_author_rule	no_author_rule			[]	0	0	[]	[]	[]	[]				0	0	[]	0	0	"[""no_author_rule""]"	Discovery/Science	proposed	high	no_unique_author_l1_candidate	"[""no_author_rule""]"	0	freebase_bhht_author_lookup_v1	lookup_candidate_not_frozen	"[""Dusty Dawn Bowman"", ""Lauren M. Weimar Tornetta""]"
1103	Charwoman	2	charwoman	no_author_rule	no_author_rule			[]	0	0	[]	[]	[]	[]				0	0	[]	0	0	"[""no_author_rule""]"		out_of_scope	high	no_unique_author_l1_candidate	"[""no_author_rule""]"	0	freebase_bhht_author_lookup_v1	lookup_candidate_not_frozen	"[""Ellen Maria Burchell"", ""Olwen Jones""]"
1105	Enzymologist	2	enzymologist	no_author_rule	no_author_rule			[]	0	0	[]	[]	[]	[]				0	0	[]	0	0	"[""no_author_rule""]"	Discovery/Science	proposed	medium	no_unique_author_l1_candidate	"[""no_author_rule""]"	0	freebase_bhht_author_lookup_v1	lookup_candidate_not_frozen	"[""Ernest Sym"", ""Jacques Monod""]"
1108	Shop assistant	2	shop_assistant	no_author_rule	no_author_rule			[]	0	0	[]	[]	[]	[]				0	0	[]	0	0	"[""no_author_rule""]"		out_of_scope	medium	no_unique_author_l1_candidate	"[""no_author_rule""]"	0	freebase_bhht_author_lookup_v1	lookup_candidate_not_frozen	"[""Eva Braun"", ""Stella Stoppelman""]"
1109	Guest speaker	2	guest_speaker	no_author_rule	no_author_rule			[]	0	0	[]	[]	[]	[]				0	0	[]	0	0	"[""no_author_rule""]"		needs_review	low	no_unique_author_l1_candidate	"[""no_author_rule""]"	0	freebase_bhht_author_lookup_v1	lookup_candidate_not_frozen	"[""Eva Schloss"", ""Hannah Pik-Goslar""]"
1124	Filibuster	2	filibuster	no_author_rule	no_author_rule			[]	0	0	[]	[]	[]	[]				0	0	[]	0	0	"[""no_author_rule""]"		needs_review	low	no_unique_author_l1_candidate	"[""no_author_rule""]"	0	freebase_bhht_author_lookup_v1	lookup_candidate_not_frozen	"[""George Rogers Clark"", ""William Blount""]"
1128	Soubrette	2	soubrette	no_author_rule	no_author_rule			[]	0	0	[]	[]	[]	[]				0	0	[]	0	0	"[""no_author_rule""]"	Culture	proposed	high	no_unique_author_l1_candidate	"[""no_author_rule""]"	0	freebase_bhht_author_lookup_v1	lookup_candidate_not_frozen	"[""Gianna Giuffré"", ""Teresa Rossi Passante""]"
1132	Ship-owner	2	ship-owner	no_author_rule	no_author_rule			[]	0	0	[]	[]	[]	[]				0	0	[]	0	0	"[""no_author_rule""]"		out_of_scope	medium	no_unique_author_l1_candidate	"[""no_author_rule""]"	0	freebase_bhht_author_lookup_v1	lookup_candidate_not_frozen	"[""Hans Eleonardus Møller"", ""Vane Ivanović""]"
1135	m/05hmb8k	2	m/05hmb8k	no_author_rule	no_author_rule			[]	0	0	[]	[]	[]	[]				0	0	[]	0	0	"[""no_author_rule""]"		needs_review	low	no_unique_author_l1_candidate	"[""no_author_rule""]"	0	freebase_bhht_author_lookup_v1	lookup_candidate_not_frozen	"[""Harry Blackstone, Jr."", ""Harry Blackstone, Sr.""]"
1139	Orthopaedist	2	orthopaedist	no_author_rule	no_author_rule			[]	0	0	[]	[]	[]	[]				0	0	[]	0	0	"[""no_author_rule""]"	Discovery/Science	proposed	high	no_unique_author_l1_candidate	"[""no_author_rule""]"	0	freebase_bhht_author_lookup_v1	lookup_candidate_not_frozen	"[""Heinz-Horst Deichmann"", ""Werner Bastians""]"
1141	Tool and die maker	2	tool_and_die_maker	no_author_rule	no_author_rule			[]	0	0	[]	[]	[]	[]				0	0	[]	0	0	"[""no_author_rule""]"		out_of_scope	medium	no_unique_author_l1_candidate	"[""no_author_rule""]"	0	freebase_bhht_author_lookup_v1	lookup_candidate_not_frozen	"[""Henry Maudslay"", ""Joseph Stone""]"
1143	Chief mate	2	chief_mate	no_author_rule	no_author_rule			[]	0	0	[]	[]	[]	[]				0	0	[]	0	0	"[""no_author_rule""]"		needs_review	low	no_unique_author_l1_candidate	"[""no_author_rule""]"	0	freebase_bhht_author_lookup_v1	lookup_candidate_not_frozen	"[""Henry Tingle Wilde"", ""William McMaster Murdoch""]"
1164	Search Engine Optimization (Industry) #1	2	search_engine_optimization_(industry)_#1	no_author_rule	no_author_rule			[]	0	0	[]	[]	[]	[]				0	0	[]	0	0	"[""no_author_rule""]"		out_of_scope	high	no_unique_author_l1_candidate	"[""no_author_rule""]"	0	freebase_bhht_author_lookup_v1	lookup_candidate_not_frozen	"[""Joel Glenn Wright (Organisation leader) #1"", ""Melissa Harden""]"
1165	Competitive Eater	2	competitive_eater	no_author_rule	no_author_rule			[]	0	0	[]	[]	[]	[]				0	0	[]	0	0	"[""no_author_rule""]"	Sports/Games	proposed	medium	no_unique_author_l1_candidate	"[""no_author_rule""]"	0	freebase_bhht_author_lookup_v1	lookup_candidate_not_frozen	"[""Joey Chestnut"", ""Neslie Ricasa""]"
1170	Publican	2	publican	no_author_rule	no_author_rule			[]	0	0	[]	[]	[]	[]				0	0	[]	0	0	"[""no_author_rule""]"		needs_review	low	no_unique_author_l1_candidate	"[""no_author_rule""]"	0	freebase_bhht_author_lookup_v1	lookup_candidate_not_frozen	"[""John Ryan (Critic)"", ""W. T. Cosgrave""]"
1173	Aquanaut	2	aquanaut	no_author_rule	no_author_rule			[]	0	0	[]	[]	[]	[]				0	0	[]	0	0	"[""no_author_rule""]"	Discovery/Science	proposed	high	no_unique_author_l1_candidate	"[""no_author_rule""]"	0	freebase_bhht_author_lookup_v1	lookup_candidate_not_frozen	"[""Jon Lindbergh"", ""Sylvia Earle""]"
1174	Used Car Dealer	2	used_car_dealer	no_author_rule	no_author_rule			[]	0	0	[]	[]	[]	[]				0	0	[]	0	0	"[""no_author_rule""]"		needs_review	low	no_unique_author_l1_candidate	"[""no_author_rule""]"	0	freebase_bhht_author_lookup_v1	lookup_candidate_not_frozen	"[""Joseph R. Biden Sr."", ""Richard Shelton (Deceased Person)""]"
1176	Labour leader	2	labour_leader	no_author_rule	no_author_rule			[]	0	0	[]	[]	[]	[]				0	0	[]	0	0	"[""no_author_rule""]"	Leadership	proposed	high	no_unique_author_l1_candidate	"[""no_author_rule""]"	0	freebase_bhht_author_lookup_v1	lookup_candidate_not_frozen	"[""Joseph Yablonski"", ""Moe Foner""]"
1183	Voice Director	2	voice_director	no_author_rule	no_author_rule			[]	0	0	[]	[]	[]	[]				0	0	[]	0	0	"[""no_author_rule""]"	Culture	proposed	medium	no_unique_author_l1_candidate	"[""no_author_rule""]"	0	freebase_bhht_author_lookup_v1	lookup_candidate_not_frozen	"[""Kris Zimmerman"", ""Sam Riegel""]"
1187	Typesetting	2	typesetting	no_author_rule	no_author_rule			[]	0	0	[]	[]	[]	[]				0	0	[]	0	0	"[""no_author_rule""]"		needs_review	low	no_unique_author_l1_candidate	"[""no_author_rule""]"	0	freebase_bhht_author_lookup_v1	lookup_candidate_not_frozen	"[""Leo Alcide Kerouac"", ""Mario-Cezar Popescu""]"
1188	Expert	2	expert	no_author_rule	no_author_rule			[]	0	0	[]	[]	[]	[]				0	0	[]	0	0	"[""no_author_rule""]"		needs_review	low	no_unique_author_l1_candidate	"[""no_author_rule""]"	0	freebase_bhht_author_lookup_v1	lookup_candidate_not_frozen	"[""Letitia Baldrige"", ""Nicolas Belfrage""]"
1191	Caterer	2	caterer	no_author_rule	no_author_rule			[]	0	0	[]	[]	[]	[]				0	0	[]	0	0	"[""no_author_rule""]"		out_of_scope	high	no_unique_author_l1_candidate	"[""no_author_rule""]"	0	freebase_bhht_author_lookup_v1	lookup_candidate_not_frozen	"[""Lyn Peters"", ""Ted Kantrow""]"
1194	Pilgrim Fathers	2	pilgrim_fathers	no_author_rule	no_author_rule			[]	0	0	[]	[]	[]	[]				0	0	[]	0	0	"[""no_author_rule""]"		out_of_scope	high	no_unique_author_l1_candidate	"[""no_author_rule""]"	0	freebase_bhht_author_lookup_v1	lookup_candidate_not_frozen	"[""Mary Brewster"", ""William Brewster""]"
1195	Tour promoter	2	tour_promoter	no_author_rule	no_author_rule			[]	0	0	[]	[]	[]	[]				0	0	[]	0	0	"[""no_author_rule""]"		needs_review	low	no_unique_author_l1_candidate	"[""no_author_rule""]"	0	freebase_bhht_author_lookup_v1	lookup_candidate_not_frozen	"[""Michael Edgley"", ""Michael Lang""]"
1201	Independent contractor	2	independent_contractor	no_author_rule	no_author_rule			[]	0	0	[]	[]	[]	[]				0	0	[]	0	0	"[""no_author_rule""]"		out_of_scope	medium	no_unique_author_l1_candidate	"[""no_author_rule""]"	0	freebase_bhht_author_lookup_v1	lookup_candidate_not_frozen	"[""Nick Berg"", ""Omar bin Laden""]"
1211	Software development	2	software_development	no_author_rule	no_author_rule			[]	0	0	[]	[]	[]	[]				0	0	[]	0	0	"[""no_author_rule""]"		needs_review	low	no_unique_author_l1_candidate	"[""no_author_rule""]"	0	freebase_bhht_author_lookup_v1	lookup_candidate_not_frozen	"[""Rashmi Rathi"", ""Uttam Ujjwal""]"
1212	Financial planner	2	financial_planner	no_author_rule	no_author_rule			[]	0	0	[]	[]	[]	[]				0	0	[]	0	0	"[""no_author_rule""]"		needs_review	low	no_unique_author_l1_candidate	"[""no_author_rule""]"	0	freebase_bhht_author_lookup_v1	lookup_candidate_not_frozen	"[""Richard Luthman"", ""William Poehler""]"
1217	Roboticist	2	roboticist	no_author_rule	no_author_rule			[]	0	0	[]	[]	[]	[]				0	0	[]	0	0	"[""no_author_rule""]"	Discovery/Science	proposed	high	no_unique_author_l1_candidate	"[""no_author_rule""]"	0	freebase_bhht_author_lookup_v1	lookup_candidate_not_frozen	"[""Rodney Brooks"", ""William Grey Walter""]"
1219	Didgeridooist	2	didgeridooist	no_author_rule	no_author_rule			[]	0	0	[]	[]	[]	[]				0	0	[]	0	0	"[""no_author_rule""]"	Culture	proposed	medium	no_unique_author_l1_candidate	"[""no_author_rule""]"	0	freebase_bhht_author_lookup_v1	lookup_candidate_not_frozen	"[""Rolf Harris"", ""Wycliffe Gordon""]"
1224	Appraiser	2	appraiser	no_author_rule	no_author_rule			[]	0	0	[]	[]	[]	[]				0	0	[]	0	0	"[""no_author_rule""]"		out_of_scope	high	no_unique_author_l1_candidate	"[""no_author_rule""]"	0	freebase_bhht_author_lookup_v1	lookup_candidate_not_frozen	"[""Silvia Gašparovičová"", ""Tom Norton (Writer)""]"
1225	Window dresser	2	window_dresser	no_author_rule	no_author_rule			[]	0	0	[]	[]	[]	[]				0	0	[]	0	0	"[""no_author_rule""]"	Culture	proposed	medium	no_unique_author_l1_candidate	"[""no_author_rule""]"	0	freebase_bhht_author_lookup_v1	lookup_candidate_not_frozen	"[""Simon Doonan"", ""Victor Hugo (Celebrity)""]"
1230	Driller	2	driller	no_author_rule	no_author_rule			[]	0	0	[]	[]	[]	[]				0	0	[]	0	0	"[""no_author_rule""]"		out_of_scope	high	no_unique_author_l1_candidate	"[""no_author_rule""]"	0	freebase_bhht_author_lookup_v1	lookup_candidate_not_frozen	"[""W H Helmerich III"", ""William Henry Gable""]"
1231	Turntablist	1	turntablist	no_author_rule	no_author_rule			[]	0	0	[]	[]	[]	[]				0	0	[]	0	0	"[""no_author_rule""]"	Culture	proposed	medium	no_unique_author_l1_candidate	"[""no_author_rule""]"	0	freebase_bhht_author_lookup_v1	lookup_candidate_not_frozen	"[""A-Trak""]"
1233	Payroll (Profession)	1	payroll_(profession)	no_author_rule	no_author_rule			[]	0	0	[]	[]	[]	[]				0	0	[]	0	0	"[""no_author_rule""]"		out_of_scope	high	no_unique_author_l1_candidate	"[""no_author_rule""]"	0	freebase_bhht_author_lookup_v1	lookup_candidate_not_frozen	"[""AIbert Abraham Cauvern""]"
1237	Open source/Internet technologist	1	open_source/internet_technologist	no_author_rule	no_author_rule			[]	0	0	[]	[]	[]	[]				0	0	[]	0	0	"[""no_author_rule""]"	Discovery/Science	proposed	medium	no_unique_author_l1_candidate	"[""no_author_rule""]"	0	freebase_bhht_author_lookup_v1	lookup_candidate_not_frozen	"[""Alex Bayley""]"
1238	Master Quarrier	1	master_quarrier	no_author_rule	no_author_rule			[]	0	0	[]	[]	[]	[]				0	0	[]	0	0	"[""no_author_rule""]"		out_of_scope	high	no_unique_author_l1_candidate	"[""no_author_rule""]"	0	freebase_bhht_author_lookup_v1	lookup_candidate_not_frozen	"[""Alexander Cross (Deceased Person)""]"
1241	Bellhop	1	bellhop	no_author_rule	no_author_rule			[]	0	0	[]	[]	[]	[]				0	0	[]	0	0	"[""no_author_rule""]"		out_of_scope	high	no_unique_author_l1_candidate	"[""no_author_rule""]"	0	freebase_bhht_author_lookup_v1	lookup_candidate_not_frozen	"[""Alfred Lennon""]"
1244	Cosmetics	1	cosmetics	no_author_rule	no_author_rule			[]	0	0	[]	[]	[]	[]				0	0	[]	0	0	"[""no_author_rule""]"		needs_review	low	no_unique_author_l1_candidate	"[""no_author_rule""]"	0	freebase_bhht_author_lookup_v1	lookup_candidate_not_frozen	"[""Alina Tytarenko""]"
1245	Handmade soap	1	handmade_soap	no_author_rule	no_author_rule			[]	0	0	[]	[]	[]	[]				0	0	[]	0	0	"[""no_author_rule""]"		out_of_scope	high	no_unique_author_l1_candidate	"[""no_author_rule""]"	0	freebase_bhht_author_lookup_v1	lookup_candidate_not_frozen	"[""Alina Tytarenko""]"
1246	Soap Maker	1	soap_maker	no_author_rule	no_author_rule			[]	0	0	[]	[]	[]	[]				0	0	[]	0	0	"[""no_author_rule""]"		out_of_scope	medium	no_unique_author_l1_candidate	"[""no_author_rule""]"	0	freebase_bhht_author_lookup_v1	lookup_candidate_not_frozen	"[""Alina Tytarenko""]"
1259	Corrector	1	corrector	no_author_rule	no_author_rule			[]	0	0	[]	[]	[]	[]				0	0	[]	0	0	"[""no_author_rule""]"		needs_review	low	no_unique_author_l1_candidate	"[""no_author_rule""]"	0	freebase_bhht_author_lookup_v1	lookup_candidate_not_frozen	"[""Anna Izryadnova""]"
1260	Plantation owner	1	plantation_owner	no_author_rule	no_author_rule			[]	0	0	[]	[]	[]	[]				0	0	[]	0	0	"[""no_author_rule""]"	Leadership	proposed	high	no_unique_author_l1_candidate	"[""no_author_rule""]"	0	freebase_bhht_author_lookup_v1	lookup_candidate_not_frozen	"[""Anna Kingsley""]"
1261	Milkmaid	1	milkmaid	no_author_rule	no_author_rule			[]	0	0	[]	[]	[]	[]				0	0	[]	0	0	"[""no_author_rule""]"		out_of_scope	medium	no_unique_author_l1_candidate	"[""no_author_rule""]"	0	freebase_bhht_author_lookup_v1	lookup_candidate_not_frozen	"[""Anna Timofeyevna Gagarina""]"
1263	Babysitter	1	babysitter	no_author_rule	no_author_rule			[]	0	0	[]	[]	[]	[]				0	0	[]	0	0	"[""no_author_rule""]"		out_of_scope	high	no_unique_author_l1_candidate	"[""no_author_rule""]"	0	freebase_bhht_author_lookup_v1	lookup_candidate_not_frozen	"[""Anne Frank""]"
1265	Diagnostic radiographer	1	diagnostic_radiographer	no_author_rule	no_author_rule			[]	0	0	[]	[]	[]	[]				0	0	[]	0	0	"[""no_author_rule""]"	Discovery/Science	proposed	high	no_unique_author_l1_candidate	"[""no_author_rule""]"	0	freebase_bhht_author_lookup_v1	lookup_candidate_not_frozen	"[""Anthony Earl Numkena""]"
1266	Hospital corpsman	1	hospital_corpsman	no_author_rule	no_author_rule			[]	0	0	[]	[]	[]	[]				0	0	[]	0	0	"[""no_author_rule""]"		out_of_scope	high	no_unique_author_l1_candidate	"[""no_author_rule""]"	0	freebase_bhht_author_lookup_v1	lookup_candidate_not_frozen	"[""Anthony Earl Numkena""]"
1274	Costume Supervisor	1	costume_supervisor	no_author_rule	no_author_rule			[]	0	0	[]	[]	[]	[]				0	0	[]	0	0	"[""no_author_rule""]"	Culture	proposed	high	no_unique_author_l1_candidate	"[""no_author_rule""]"	0	freebase_bhht_author_lookup_v1	lookup_candidate_not_frozen	"[""Audrey Tannenbaum""]"
1279	Majordomo	1	majordomo	no_author_rule	no_author_rule			[]	0	0	[]	[]	[]	[]				0	0	[]	0	0	"[""no_author_rule""]"		out_of_scope	medium	no_unique_author_l1_candidate	"[""no_author_rule""]"	0	freebase_bhht_author_lookup_v1	lookup_candidate_not_frozen	"[""Barry Comden""]"
1283	United States Post Office Department	1	united_states_post_office_department	no_author_rule	no_author_rule			[]	0	0	[]	[]	[]	[]				0	0	[]	0	0	"[""no_author_rule""]"		needs_review	low	no_unique_author_l1_candidate	"[""no_author_rule""]"	0	freebase_bhht_author_lookup_v1	lookup_candidate_not_frozen	"[""Bernard Baral""]"
1284	FLMI	1	flmi	no_author_rule	no_author_rule			[]	0	0	[]	[]	[]	[]				0	0	[]	0	0	"[""no_author_rule""]"		out_of_scope	high	no_unique_author_l1_candidate	"[""no_author_rule""]"	0	freebase_bhht_author_lookup_v1	lookup_candidate_not_frozen	"[""Beth Brooke""]"
1286	Fashion Director	1	fashion_director	no_author_rule	no_author_rule			[]	0	0	[]	[]	[]	[]				0	0	[]	0	0	"[""no_author_rule""]"	Culture	proposed	high	no_unique_author_l1_candidate	"[""no_author_rule""]"	0	freebase_bhht_author_lookup_v1	lookup_candidate_not_frozen	"[""Bijie Martin""]"
1287	Muezzin	1	muezzin	no_author_rule	no_author_rule			[]	0	0	[]	[]	[]	[]				0	0	[]	0	0	"[""no_author_rule""]"	Leadership	proposed	high	no_unique_author_l1_candidate	"[""no_author_rule""]"	0	freebase_bhht_author_lookup_v1	lookup_candidate_not_frozen	"[""Bilal Ibn Rabah""]"
1289	Rural Mail Carrier	1	rural_mail_carrier	no_author_rule	no_author_rule			[]	0	0	[]	[]	[]	[]				0	0	[]	0	0	"[""no_author_rule""]"		out_of_scope	high	no_unique_author_l1_candidate	"[""no_author_rule""]"	0	freebase_bhht_author_lookup_v1	lookup_candidate_not_frozen	"[""Bill Smith (Man) #24""]"
1295	Grip	1	grip	no_author_rule	no_author_rule			[]	0	0	[]	[]	[]	[]				0	0	[]	0	0	"[""no_author_rule""]"	Culture	proposed	high	no_unique_author_l1_candidate	"[""no_author_rule""]"	0	freebase_bhht_author_lookup_v1	lookup_candidate_not_frozen	"[""Braverijah Gregg""]"
1296	Wool classing	1	wool_classing	no_author_rule	no_author_rule			[]	0	0	[]	[]	[]	[]				0	0	[]	0	0	"[""no_author_rule""]"		out_of_scope	high	no_unique_author_l1_candidate	"[""no_author_rule""]"	0	freebase_bhht_author_lookup_v1	lookup_candidate_not_frozen	"[""Bruce Laming""]"
1298	Plantsman	1	plantsman	no_author_rule	no_author_rule			[]	0	0	[]	[]	[]	[]				0	0	[]	0	0	"[""no_author_rule""]"		needs_review	low	no_unique_author_l1_candidate	"[""no_author_rule""]"	0	freebase_bhht_author_lookup_v1	lookup_candidate_not_frozen	"[""Burbage Harrison""]"
1299	Dermatology	1	dermatology	no_author_rule	no_author_rule			[]	0	0	[]	[]	[]	[]				0	0	[]	0	0	"[""no_author_rule""]"		needs_review	low	no_unique_author_l1_candidate	"[""no_author_rule""]"	0	freebase_bhht_author_lookup_v1	lookup_candidate_not_frozen	"[""Camila Krysicka Janniger""]"
1300	Taxidermist	1	taxidermist	no_author_rule	no_author_rule			[]	0	0	[]	[]	[]	[]				0	0	[]	0	0	"[""no_author_rule""]"		out_of_scope	medium	no_unique_author_l1_candidate	"[""no_author_rule""]"	0	freebase_bhht_author_lookup_v1	lookup_candidate_not_frozen	"[""Carl Akeley""]"
1306	Canine Professional	1	canine_professional	no_author_rule	no_author_rule			[]	0	0	[]	[]	[]	[]				0	0	[]	0	0	"[""no_author_rule""]"		needs_review	low	no_unique_author_l1_candidate	"[""no_author_rule""]"	0	freebase_bhht_author_lookup_v1	lookup_candidate_not_frozen	"[""Cesar Millan""]"
1310	Tokoyama	1	tokoyama	no_author_rule	no_author_rule			[]	0	0	[]	[]	[]	[]				0	0	[]	0	0	"[""no_author_rule""]"		needs_review	low	no_unique_author_l1_candidate	"[""no_author_rule""]"	0	freebase_bhht_author_lookup_v1	lookup_candidate_not_frozen	"[""Chiharu Kato""]"
1311	Web design	1	web_design	no_author_rule	no_author_rule			[]	0	0	[]	[]	[]	[]				0	0	[]	0	0	"[""no_author_rule""]"		needs_review	low	no_unique_author_l1_candidate	"[""no_author_rule""]"	0	freebase_bhht_author_lookup_v1	lookup_candidate_not_frozen	"[""Chris Graham (Web Designer)""]"
1314	Poltician	1	poltician	no_author_rule	no_author_rule			[]	0	0	[]	[]	[]	[]				0	0	[]	0	0	"[""no_author_rule""]"		needs_review	low	no_unique_author_l1_candidate	"[""no_author_rule""]"	0	freebase_bhht_author_lookup_v1	lookup_candidate_not_frozen	"[""Christian Simenon""]"
1318	Production coordinator	1	production_coordinator	no_author_rule	no_author_rule			[]	0	0	[]	[]	[]	[]				0	0	[]	0	0	"[""no_author_rule""]"		needs_review	low	no_unique_author_l1_candidate	"[""no_author_rule""]"	0	freebase_bhht_author_lookup_v1	lookup_candidate_not_frozen	"[""Damian Anderson""]"
1322	College Student	1	college_student	no_author_rule	no_author_rule			[]	0	0	[]	[]	[]	[]				0	0	[]	0	0	"[""no_author_rule""]"		out_of_scope	high	no_unique_author_l1_candidate	"[""no_author_rule""]"	0	freebase_bhht_author_lookup_v1	lookup_candidate_not_frozen	"[""David Eugene Cole II""]"
1324	Cavalryman	1	cavalryman	no_author_rule	no_author_rule			[]	0	0	[]	[]	[]	[]				0	0	[]	0	0	"[""no_author_rule""]"	Leadership	proposed	medium	no_unique_author_l1_candidate	"[""no_author_rule""]"	0	freebase_bhht_author_lookup_v1	lookup_candidate_not_frozen	"[""David Mironovich Turok""]"
1326	Psychedelic art	1	psychedelic_art	no_author_rule	no_author_rule			[]	0	0	[]	[]	[]	[]				0	0	[]	0	0	"[""no_author_rule""]"		needs_review	low	no_unique_author_l1_candidate	"[""no_author_rule""]"	0	freebase_bhht_author_lookup_v1	lookup_candidate_not_frozen	"[""David Vaughan (Man)""]"
1340	Dormitory Matron	1	dormitory_matron	no_author_rule	no_author_rule			[]	0	0	[]	[]	[]	[]				0	0	[]	0	0	"[""no_author_rule""]"		needs_review	medium	no_unique_author_l1_candidate	"[""no_author_rule""]"	0	freebase_bhht_author_lookup_v1	lookup_candidate_not_frozen	"[""Dorothy Marie Webb""]"
1343	Seashore Hotel	1	seashore_hotel	no_author_rule	no_author_rule			[]	0	0	[]	[]	[]	[]				0	0	[]	0	0	"[""no_author_rule""]"		needs_review	low	no_unique_author_l1_candidate	"[""no_author_rule""]"	0	freebase_bhht_author_lookup_v1	lookup_candidate_not_frozen	"[""Edgar Latimer Hinton II, Sr.""]"
1346	Agricultural Agent	1	agricultural_agent	no_author_rule	no_author_rule			[]	0	0	[]	[]	[]	[]				0	0	[]	0	0	"[""no_author_rule""]"		needs_review	low	no_unique_author_l1_candidate	"[""no_author_rule""]"	0	freebase_bhht_author_lookup_v1	lookup_candidate_not_frozen	"[""Edwin Arnold Spacek, Sr.""]"
1347	Metalsmith	1	metalsmith	no_author_rule	no_author_rule			[]	0	0	[]	[]	[]	[]				0	0	[]	0	0	"[""no_author_rule""]"		out_of_scope	high	no_unique_author_l1_candidate	"[""no_author_rule""]"	0	freebase_bhht_author_lookup_v1	lookup_candidate_not_frozen	"[""Eigil Jens Karl""]"
1352	Logger	1	logger	no_author_rule	no_author_rule			[]	0	0	[]	[]	[]	[]				0	0	[]	0	0	"[""no_author_rule""]"		out_of_scope	high	no_unique_author_l1_candidate	"[""no_author_rule""]"	0	freebase_bhht_author_lookup_v1	lookup_candidate_not_frozen	"[""Elbert Loren Kingdon""]"
1362	Automotive design	1	automotive_design	no_author_rule	no_author_rule			[]	0	0	[]	[]	[]	[]				0	0	[]	0	0	"[""no_author_rule""]"		needs_review	low	no_unique_author_l1_candidate	"[""no_author_rule""]"	0	freebase_bhht_author_lookup_v1	lookup_candidate_not_frozen	"[""Enzo Ferrari""]"
1363	Electrical contractor	1	electrical_contractor	no_author_rule	no_author_rule			[]	0	0	[]	[]	[]	[]				0	0	[]	0	0	"[""no_author_rule""]"		out_of_scope	medium	no_unique_author_l1_candidate	"[""no_author_rule""]"	0	freebase_bhht_author_lookup_v1	lookup_candidate_not_frozen	"[""Eric Crawford (Deceased Person)""]"
1365	First Assistant Director	1	first_assistant_director	no_author_rule	no_author_rule			[]	0	0	[]	[]	[]	[]				0	0	[]	0	0	"[""no_author_rule""]"	Culture	proposed	high	no_unique_author_l1_candidate	"[""no_author_rule""]"	0	freebase_bhht_author_lookup_v1	lookup_candidate_not_frozen	"[""Erich von Stroheim Jr.""]"
1366	Assistant Director	1	assistant_director	no_author_rule	no_author_rule			[]	0	0	[]	[]	[]	[]				0	0	[]	0	0	"[""no_author_rule""]"	Culture	proposed	medium	no_unique_author_l1_candidate	"[""no_author_rule""]"	0	freebase_bhht_author_lookup_v1	lookup_candidate_not_frozen	"[""Erik Leijonborg""]"
1369	Woodcutter	1	woodcutter	no_author_rule	no_author_rule			[]	0	0	[]	[]	[]	[]				0	0	[]	0	0	"[""no_author_rule""]"		out_of_scope	medium	no_unique_author_l1_candidate	"[""no_author_rule""]"	0	freebase_bhht_author_lookup_v1	lookup_candidate_not_frozen	"[""Esther Bensusan Pissarro""]"
1373	Cornerman	1	cornerman	no_author_rule	no_author_rule			[]	0	0	[]	[]	[]	[]				0	0	[]	0	0	"[""no_author_rule""]"		needs_review	low	no_unique_author_l1_candidate	"[""no_author_rule""]"	0	freebase_bhht_author_lookup_v1	lookup_candidate_not_frozen	"[""Ferdie Pacheco""]"
1376	Buccaneer	1	buccaneer	no_author_rule	no_author_rule			[]	0	0	[]	[]	[]	[]				0	0	[]	0	0	"[""no_author_rule""]"		out_of_scope	high	no_unique_author_l1_candidate	"[""no_author_rule""]"	0	freebase_bhht_author_lookup_v1	lookup_candidate_not_frozen	"[""Francis Drake""]"
1377	Assayer	1	assayer	no_author_rule	no_author_rule			[]	0	0	[]	[]	[]	[]				0	0	[]	0	0	"[""no_author_rule""]"	Discovery/Science	proposed	high	no_unique_author_l1_candidate	"[""no_author_rule""]"	0	freebase_bhht_author_lookup_v1	lookup_candidate_not_frozen	"[""Francis George Claudet""]"
1378	Frame Gilder	1	frame_gilder	no_author_rule	no_author_rule			[]	0	0	[]	[]	[]	[]				0	0	[]	0	0	"[""no_author_rule""]"		out_of_scope	medium	no_unique_author_l1_candidate	"[""no_author_rule""]"	0	freebase_bhht_author_lookup_v1	lookup_candidate_not_frozen	"[""Francisco Constantino Augusto da Silva""]"
1386	PR Expert	1	pr_expert	no_author_rule	no_author_rule			[]	0	0	[]	[]	[]	[]				0	0	[]	0	0	"[""no_author_rule""]"		needs_review	low	no_unique_author_l1_candidate	"[""no_author_rule""]"	0	freebase_bhht_author_lookup_v1	lookup_candidate_not_frozen	"[""GARAI Judit""]"
1390	Herald	1	herald	no_author_rule	no_author_rule			[]	0	0	[]	[]	[]	[]				0	0	[]	0	0	"[""no_author_rule""]"		needs_review	low	no_unique_author_l1_candidate	"[""no_author_rule""]"	0	freebase_bhht_author_lookup_v1	lookup_candidate_not_frozen	"[""George Owen (Deceased Person)""]"
1393	Upholsterer	1	upholsterer	no_author_rule	no_author_rule			[]	0	0	[]	[]	[]	[]				0	0	[]	0	0	"[""no_author_rule""]"		out_of_scope	medium	no_unique_author_l1_candidate	"[""no_author_rule""]"	0	freebase_bhht_author_lookup_v1	lookup_candidate_not_frozen	"[""George Weber (Deceased Person)""]"
1395	Shoemaking	1	shoemaking	no_author_rule	no_author_rule			[]	0	0	[]	[]	[]	[]				0	0	[]	0	0	"[""no_author_rule""]"		out_of_scope	high	no_unique_author_l1_candidate	"[""no_author_rule""]"	0	freebase_bhht_author_lookup_v1	lookup_candidate_not_frozen	"[""Georges Méliès""]"
1404	Proofreader	1	proofreader	no_author_rule	no_author_rule			[]	0	0	[]	[]	[]	[]				0	0	[]	0	0	"[""no_author_rule""]"	Culture	proposed	high	no_unique_author_l1_candidate	"[""no_author_rule""]"	0	freebase_bhht_author_lookup_v1	lookup_candidate_not_frozen	"[""Graham Maby""]"
1405	Security Firm Chief	1	security_firm_chief	no_author_rule	no_author_rule			[]	0	0	[]	[]	[]	[]				0	0	[]	0	0	"[""no_author_rule""]"	Leadership	proposed	medium	no_unique_author_l1_candidate	"[""no_author_rule""]"	0	freebase_bhht_author_lookup_v1	lookup_candidate_not_frozen	"[""Graham Quinn""]"
1411	Events Organiser	1	events_organiser	no_author_rule	no_author_rule			[]	0	0	[]	[]	[]	[]				0	0	[]	0	0	"[""no_author_rule""]"		needs_review	low	no_unique_author_l1_candidate	"[""no_author_rule""]"	0	freebase_bhht_author_lookup_v1	lookup_candidate_not_frozen	"[""Hannah Bronwen Snow""]"
1413	Conversion rate optimization specialist	1	conversion_rate_optimization_specialist	no_author_rule	no_author_rule			[]	0	0	[]	[]	[]	[]				0	0	[]	0	0	"[""no_author_rule""]"		needs_review	low	no_unique_author_l1_candidate	"[""no_author_rule""]"	0	freebase_bhht_author_lookup_v1	lookup_candidate_not_frozen	"[""Hans Willemse""]"
1414	Recording Director	1	recording_director	no_author_rule	no_author_rule			[]	0	0	[]	[]	[]	[]				0	0	[]	0	0	"[""no_author_rule""]"	Culture	proposed	medium	no_unique_author_l1_candidate	"[""no_author_rule""]"	0	freebase_bhht_author_lookup_v1	lookup_candidate_not_frozen	"[""Harold V. King""]"
1415	Escapology	1	escapology	no_author_rule	no_author_rule			[]	0	0	[]	[]	[]	[]				0	0	[]	0	0	"[""no_author_rule""]"		needs_review	low	no_unique_author_l1_candidate	"[""no_author_rule""]"	0	freebase_bhht_author_lookup_v1	lookup_candidate_not_frozen	"[""Harry Houdini""]"
1417	Neurosurgery	1	neurosurgery	no_author_rule	no_author_rule			[]	0	0	[]	[]	[]	[]				0	0	[]	0	0	"[""no_author_rule""]"		out_of_scope	medium	no_unique_author_l1_candidate	"[""no_author_rule""]"	0	freebase_bhht_author_lookup_v1	lookup_candidate_not_frozen	"[""Harvey Cushing""]"
1420	Prima donna	1	prima_donna	no_author_rule	no_author_rule			[]	0	0	[]	[]	[]	[]				0	0	[]	0	0	"[""no_author_rule""]"	Culture	proposed	medium	no_unique_author_l1_candidate	"[""no_author_rule""]"	0	freebase_bhht_author_lookup_v1	lookup_candidate_not_frozen	"[""Hedwig Kindermann""]"
1421	Benshi	1	benshi	no_author_rule	no_author_rule			[]	0	0	[]	[]	[]	[]				0	0	[]	0	0	"[""no_author_rule""]"	Culture	proposed	high	no_unique_author_l1_candidate	"[""no_author_rule""]"	0	freebase_bhht_author_lookup_v1	lookup_candidate_not_frozen	"[""Heigo Kurosawa""]"
1424	Reverand	1	reverand	no_author_rule	no_author_rule			[]	0	0	[]	[]	[]	[]				0	0	[]	0	0	"[""no_author_rule""]"		needs_review	low	no_unique_author_l1_candidate	"[""no_author_rule""]"	0	freebase_bhht_author_lookup_v1	lookup_candidate_not_frozen	"[""Henry Beard Delany""]"
1426	Reconnaissance	1	reconnaissance	no_author_rule	no_author_rule			[]	0	0	[]	[]	[]	[]				0	0	[]	0	0	"[""no_author_rule""]"		out_of_scope	medium	no_unique_author_l1_candidate	"[""no_author_rule""]"	0	freebase_bhht_author_lookup_v1	lookup_candidate_not_frozen	"[""Henry Kissinger""]"
1430	Shock jock	1	shock_jock	no_author_rule	no_author_rule			[]	0	0	[]	[]	[]	[]				0	0	[]	0	0	"[""no_author_rule""]"	Culture	proposed	high	no_unique_author_l1_candidate	"[""no_author_rule""]"	0	freebase_bhht_author_lookup_v1	lookup_candidate_not_frozen	"[""Howard Stern""]"
1431	Road agent	1	road_agent	no_author_rule	no_author_rule			[]	0	0	[]	[]	[]	[]				0	0	[]	0	0	"[""no_author_rule""]"		out_of_scope	high	no_unique_author_l1_candidate	"[""no_author_rule""]"	0	freebase_bhht_author_lookup_v1	lookup_candidate_not_frozen	"[""Héctor Guerrero""]"
1433	Faqīh	1	faqīh	no_author_rule	no_author_rule			[]	0	0	[]	[]	[]	[]				0	0	[]	0	0	"[""no_author_rule""]"	Discovery/Science	proposed	high	no_unique_author_l1_candidate	"[""no_author_rule""]"	0	freebase_bhht_author_lookup_v1	lookup_candidate_not_frozen	"[""Ibn Kathir""]"
1440	Head Master	1	head_master	no_author_rule	no_author_rule			[]	0	0	[]	[]	[]	[]				0	0	[]	0	0	"[""no_author_rule""]"		needs_review	low	no_unique_author_l1_candidate	"[""no_author_rule""]"	0	freebase_bhht_author_lookup_v1	lookup_candidate_not_frozen	"[""Israel Oludotun Ransome-Kuti""]"
1441	Crewman	1	crewman	no_author_rule	no_author_rule			[]	0	0	[]	[]	[]	[]				0	0	[]	0	0	"[""no_author_rule""]"		out_of_scope	medium	no_unique_author_l1_candidate	"[""no_author_rule""]"	0	freebase_bhht_author_lookup_v1	lookup_candidate_not_frozen	"[""Ivan Dmitriyevich Sednev""]"
1442	Lackey (Profession)	1	lackey_(profession)	no_author_rule	no_author_rule			[]	0	0	[]	[]	[]	[]				0	0	[]	0	0	"[""no_author_rule""]"		out_of_scope	high	no_unique_author_l1_candidate	"[""no_author_rule""]"	0	freebase_bhht_author_lookup_v1	lookup_candidate_not_frozen	"[""Ivan Dmitriyevich Sednev""]"
1445	Key grip	1	key_grip	no_author_rule	no_author_rule			[]	0	0	[]	[]	[]	[]				0	0	[]	0	0	"[""no_author_rule""]"	Culture	proposed	high	no_unique_author_l1_candidate	"[""no_author_rule""]"	0	freebase_bhht_author_lookup_v1	lookup_candidate_not_frozen	"[""J. Patrick Daily (Man)""]"
1446	B-boy	1	b-boy	no_author_rule	no_author_rule			[]	0	0	[]	[]	[]	[]				0	0	[]	0	0	"[""no_author_rule""]"	Culture	proposed	medium	no_unique_author_l1_candidate	"[""no_author_rule""]"	0	freebase_bhht_author_lookup_v1	lookup_candidate_not_frozen	"[""JAQ""]"
1453	Sexton	1	sexton	no_author_rule	no_author_rule			[]	0	0	[]	[]	[]	[]				0	0	[]	0	0	"[""no_author_rule""]"	Leadership	proposed	medium	no_unique_author_l1_candidate	"[""no_author_rule""]"	0	freebase_bhht_author_lookup_v1	lookup_candidate_not_frozen	"[""Jacob Johnson""]"
1458	Laity	1	laity	no_author_rule	no_author_rule			[]	0	0	[]	[]	[]	[]				0	0	[]	0	0	"[""no_author_rule""]"		out_of_scope	high	no_unique_author_l1_candidate	"[""no_author_rule""]"	0	freebase_bhht_author_lookup_v1	lookup_candidate_not_frozen	"[""James A. Garfield""]"
1459	Barista	1	barista	no_author_rule	no_author_rule			[]	0	0	[]	[]	[]	[]				0	0	[]	0	0	"[""no_author_rule""]"		out_of_scope	medium	no_unique_author_l1_candidate	"[""no_author_rule""]"	0	freebase_bhht_author_lookup_v1	lookup_candidate_not_frozen	"[""James A. Moore""]"
1461	Gymterneter	1	gymterneter	no_author_rule	no_author_rule			[]	0	0	[]	[]	[]	[]				0	0	[]	0	0	"[""no_author_rule""]"		needs_review	low	no_unique_author_l1_candidate	"[""no_author_rule""]"	0	freebase_bhht_author_lookup_v1	lookup_candidate_not_frozen	"[""James Greaves""]"
1462	Most Eligible	1	most_eligible	no_author_rule	no_author_rule			[]	0	0	[]	[]	[]	[]				0	0	[]	0	0	"[""no_author_rule""]"		out_of_scope	medium	no_unique_author_l1_candidate	"[""no_author_rule""]"	0	freebase_bhht_author_lookup_v1	lookup_candidate_not_frozen	"[""James Greaves""]"
1465	Attaché	1	attaché	no_author_rule	no_author_rule			[]	0	0	[]	[]	[]	[]				0	0	[]	0	0	"[""no_author_rule""]"	Leadership	proposed	medium	no_unique_author_l1_candidate	"[""no_author_rule""]"	0	freebase_bhht_author_lookup_v1	lookup_candidate_not_frozen	"[""Jan Arvesen""]"
1466	Courier	1	courier	no_author_rule	no_author_rule			[]	0	0	[]	[]	[]	[]				0	0	[]	0	0	"[""no_author_rule""]"		out_of_scope	high	no_unique_author_l1_candidate	"[""no_author_rule""]"	0	freebase_bhht_author_lookup_v1	lookup_candidate_not_frozen	"[""Jan Karski""]"
1470	Vibraphonist	1	vibraphonist	no_author_rule	no_author_rule			[]	0	0	[]	[]	[]	[]				0	0	[]	0	0	"[""no_author_rule""]"	Culture	proposed	high	no_unique_author_l1_candidate	"[""no_author_rule""]"	0	freebase_bhht_author_lookup_v1	lookup_candidate_not_frozen	"[""Jason Marsalis""]"
1471	Underwriting	1	underwriting	no_author_rule	no_author_rule			[]	0	0	[]	[]	[]	[]				0	0	[]	0	0	"[""no_author_rule""]"		out_of_scope	medium	no_unique_author_l1_candidate	"[""no_author_rule""]"	0	freebase_bhht_author_lookup_v1	lookup_candidate_not_frozen	"[""Jaya Shah""]"
1475	Hospital Attendant	1	hospital_attendant	no_author_rule	no_author_rule			[]	0	0	[]	[]	[]	[]				0	0	[]	0	0	"[""no_author_rule""]"		out_of_scope	high	no_unique_author_l1_candidate	"[""no_author_rule""]"	0	freebase_bhht_author_lookup_v1	lookup_candidate_not_frozen	"[""Jerome Jesse Berry""]"
1481	Agrarian	1	agrarian	no_author_rule	no_author_rule			[]	0	0	[]	[]	[]	[]				0	0	[]	0	0	"[""no_author_rule""]"		needs_review	low	no_unique_author_l1_candidate	"[""no_author_rule""]"	0	freebase_bhht_author_lookup_v1	lookup_candidate_not_frozen	"[""Jethro Tull (Inventor)""]"
1482	Custodian	1	custodian	no_author_rule	no_author_rule			[]	0	0	[]	[]	[]	[]				0	0	[]	0	0	"[""no_author_rule""]"		out_of_scope	high	no_unique_author_l1_candidate	"[""no_author_rule""]"	0	freebase_bhht_author_lookup_v1	lookup_candidate_not_frozen	"[""Jimmy Lee Simpson""]"
1486	Wardrobe Assistant	1	wardrobe_assistant	no_author_rule	no_author_rule			[]	0	0	[]	[]	[]	[]				0	0	[]	0	0	"[""no_author_rule""]"		needs_review	low	no_unique_author_l1_candidate	"[""no_author_rule""]"	0	freebase_bhht_author_lookup_v1	lookup_candidate_not_frozen	"[""Joana Pinhão Botelho""]"
1494	Laryngologist	1	laryngologist	no_author_rule	no_author_rule			[]	0	0	[]	[]	[]	[]				0	0	[]	0	0	"[""no_author_rule""]"	Discovery/Science	proposed	high	no_unique_author_l1_candidate	"[""no_author_rule""]"	0	freebase_bhht_author_lookup_v1	lookup_candidate_not_frozen	"[""Johann Schnitzler""]"
1502	Carpet cleaning	1	carpet_cleaning	no_author_rule	no_author_rule			[]	0	0	[]	[]	[]	[]				0	0	[]	0	0	"[""no_author_rule""]"		out_of_scope	high	no_unique_author_l1_candidate	"[""no_author_rule""]"	0	freebase_bhht_author_lookup_v1	lookup_candidate_not_frozen	"[""John Mascia""]"
1508	Epistemologist	1	epistemologist	no_author_rule	no_author_rule			[]	0	0	[]	[]	[]	[]				0	0	[]	0	0	"[""no_author_rule""]"	Discovery/Science	proposed	high	no_unique_author_l1_candidate	"[""no_author_rule""]"	0	freebase_bhht_author_lookup_v1	lookup_candidate_not_frozen	"[""Jonathan Dancy""]"
1509	Paymaster	1	paymaster	no_author_rule	no_author_rule			[]	0	0	[]	[]	[]	[]				0	0	[]	0	0	"[""no_author_rule""]"		out_of_scope	high	no_unique_author_l1_candidate	"[""no_author_rule""]"	0	freebase_bhht_author_lookup_v1	lookup_candidate_not_frozen	"[""Jonathan Trumbull, Jr.""]"
1511	Gambist	1	gambist	no_author_rule	no_author_rule			[]	0	0	[]	[]	[]	[]				0	0	[]	0	0	"[""no_author_rule""]"	Culture	proposed	high	no_unique_author_l1_candidate	"[""no_author_rule""]"	0	freebase_bhht_author_lookup_v1	lookup_candidate_not_frozen	"[""Jordi Savall""]"
1516	Information security	1	information_security	no_author_rule	no_author_rule			[]	0	0	[]	[]	[]	[]				0	0	[]	0	0	"[""no_author_rule""]"		out_of_scope	medium	no_unique_author_l1_candidate	"[""no_author_rule""]"	0	freebase_bhht_author_lookup_v1	lookup_candidate_not_frozen	"[""Joseph Odipo""]"
1530	Vocal Arranger	1	vocal_arranger	no_author_rule	no_author_rule			[]	0	0	[]	[]	[]	[]				0	0	[]	0	0	"[""no_author_rule""]"	Culture	proposed	high	no_unique_author_l1_candidate	"[""no_author_rule""]"	0	freebase_bhht_author_lookup_v1	lookup_candidate_not_frozen	"[""Ken Darby""]"
1531	Tax Preparer	1	tax_preparer	no_author_rule	no_author_rule			[]	0	0	[]	[]	[]	[]				0	0	[]	0	0	"[""no_author_rule""]"		out_of_scope	medium	no_unique_author_l1_candidate	"[""no_author_rule""]"	0	freebase_bhht_author_lookup_v1	lookup_candidate_not_frozen	"[""Kent Damon""]"
1534	Gyōji	1	gyōji	no_author_rule	no_author_rule			[]	0	0	[]	[]	[]	[]				0	0	[]	0	0	"[""no_author_rule""]"	Sports/Games	proposed	medium	no_unique_author_l1_candidate	"[""no_author_rule""]"	0	freebase_bhht_author_lookup_v1	lookup_candidate_not_frozen	"[""Kimura Hisanosuke""]"
1536	Doshu	1	doshu	no_author_rule	no_author_rule			[]	0	0	[]	[]	[]	[]				0	0	[]	0	0	"[""no_author_rule""]"		needs_review	low	no_unique_author_l1_candidate	"[""no_author_rule""]"	0	freebase_bhht_author_lookup_v1	lookup_candidate_not_frozen	"[""Kisshomaru Ueshiba""]"
1538	Bonesetter	1	bonesetter	no_author_rule	no_author_rule			[]	0	0	[]	[]	[]	[]				0	0	[]	0	0	"[""no_author_rule""]"		needs_review	low	no_unique_author_l1_candidate	"[""no_author_rule""]"	0	freebase_bhht_author_lookup_v1	lookup_candidate_not_frozen	"[""Kiyoshi Hayashishita""]"
1544	CNR (Composition)	1	cnr_(composition)	no_author_rule	no_author_rule			[]	0	0	[]	[]	[]	[]				0	0	[]	0	0	"[""no_author_rule""]"		needs_review	low	no_unique_author_l1_candidate	"[""no_author_rule""]"	0	freebase_bhht_author_lookup_v1	lookup_candidate_not_frozen	"[""LJ Duplacey""]"
1545	Manicurist	1	manicurist	no_author_rule	no_author_rule			[]	0	0	[]	[]	[]	[]				0	0	[]	0	0	"[""no_author_rule""]"		out_of_scope	high	no_unique_author_l1_candidate	"[""no_author_rule""]"	0	freebase_bhht_author_lookup_v1	lookup_candidate_not_frozen	"[""Laila Ali""]"
1546	Woman	1	woman	no_author_rule	no_author_rule			[]	0	0	[]	[]	[]	[]				0	0	[]	0	0	"[""no_author_rule""]"		out_of_scope	medium	no_unique_author_l1_candidate	"[""no_author_rule""]"	0	freebase_bhht_author_lookup_v1	lookup_candidate_not_frozen	"[""Lauren Greaves""]"
1558	Ontologist	1	ontologist	no_author_rule	no_author_rule			[]	0	0	[]	[]	[]	[]				0	0	[]	0	0	"[""no_author_rule""]"	Discovery/Science	proposed	medium	no_unique_author_l1_candidate	"[""no_author_rule""]"	0	freebase_bhht_author_lookup_v1	lookup_candidate_not_frozen	"[""Lowell Vizenor""]"
1563	Exile	1	exile	no_author_rule	no_author_rule			[]	0	0	[]	[]	[]	[]				0	0	[]	0	0	"[""no_author_rule""]"		out_of_scope	high	no_unique_author_l1_candidate	"[""no_author_rule""]"	0	freebase_bhht_author_lookup_v1	lookup_candidate_not_frozen	"[""Luigi Picchioni""]"
1564	Credit control	1	credit_control	no_author_rule	no_author_rule			[]	0	0	[]	[]	[]	[]				0	0	[]	0	0	"[""no_author_rule""]"		out_of_scope	medium	no_unique_author_l1_candidate	"[""no_author_rule""]"	0	freebase_bhht_author_lookup_v1	lookup_candidate_not_frozen	"[""Lynne Isidoro""]"
1565	Dispatcher	1	dispatcher	no_author_rule	no_author_rule			[]	0	0	[]	[]	[]	[]				0	0	[]	0	0	"[""no_author_rule""]"		out_of_scope	high	no_unique_author_l1_candidate	"[""no_author_rule""]"	0	freebase_bhht_author_lookup_v1	lookup_candidate_not_frozen	"[""Lyudmila Garmash""]"
1566	Kaymakam	1	kaymakam	no_author_rule	no_author_rule			[]	0	0	[]	[]	[]	[]				0	0	[]	0	0	"[""no_author_rule""]"	Leadership	proposed	high	no_unique_author_l1_candidate	"[""no_author_rule""]"	0	freebase_bhht_author_lookup_v1	lookup_candidate_not_frozen	"[""Lütfi Uraz""]"
1572	Web builder	1	web_builder	no_author_rule	no_author_rule			[]	0	0	[]	[]	[]	[]				0	0	[]	0	0	"[""no_author_rule""]"		needs_review	low	no_unique_author_l1_candidate	"[""no_author_rule""]"	0	freebase_bhht_author_lookup_v1	lookup_candidate_not_frozen	"[""Manuel Vila""]"
1582	Stonecutter	1	stonecutter	no_author_rule	no_author_rule			[]	0	0	[]	[]	[]	[]				0	0	[]	0	0	"[""no_author_rule""]"		out_of_scope	medium	no_unique_author_l1_candidate	"[""no_author_rule""]"	0	freebase_bhht_author_lookup_v1	lookup_candidate_not_frozen	"[""Markus Helenius""]"
1585	Camera Assistant	1	camera_assistant	no_author_rule	no_author_rule			[]	0	0	[]	[]	[]	[]				0	0	[]	0	0	"[""no_author_rule""]"	Culture	proposed	medium	no_unique_author_l1_candidate	"[""no_author_rule""]"	0	freebase_bhht_author_lookup_v1	lookup_candidate_not_frozen	"[""Martin Glouner""]"
1589	Page-boy	1	page-boy	no_author_rule	no_author_rule			[]	0	0	[]	[]	[]	[]				0	0	[]	0	0	"[""no_author_rule""]"		out_of_scope	high	no_unique_author_l1_candidate	"[""no_author_rule""]"	0	freebase_bhht_author_lookup_v1	lookup_candidate_not_frozen	"[""Martín Cortés""]"
1595	Wheelwright	1	wheelwright	no_author_rule	no_author_rule			[]	0	0	[]	[]	[]	[]				0	0	[]	0	0	"[""no_author_rule""]"		out_of_scope	high	no_unique_author_l1_candidate	"[""no_author_rule""]"	0	freebase_bhht_author_lookup_v1	lookup_candidate_not_frozen	"[""Mathias Haydn""]"
1599	Chimney sweep	1	chimney_sweep	no_author_rule	no_author_rule			[]	0	0	[]	[]	[]	[]				0	0	[]	0	0	"[""no_author_rule""]"		out_of_scope	high	no_unique_author_l1_candidate	"[""no_author_rule""]"	0	freebase_bhht_author_lookup_v1	lookup_candidate_not_frozen	"[""Matti Berenett""]"
1601	Reno (Profession)	1	reno_(profession)	no_author_rule	no_author_rule			[]	0	0	[]	[]	[]	[]				0	0	[]	0	0	"[""no_author_rule""]"		needs_review	low	no_unique_author_l1_candidate	"[""no_author_rule""]"	0	freebase_bhht_author_lookup_v1	lookup_candidate_not_frozen	"[""Meghann Hamilton-Ritson""]"
1607	Black belt	1	black_belt	no_author_rule	no_author_rule			[]	0	0	[]	[]	[]	[]				0	0	[]	0	0	"[""no_author_rule""]"		needs_review	low	no_unique_author_l1_candidate	"[""no_author_rule""]"	0	freebase_bhht_author_lookup_v1	lookup_candidate_not_frozen	"[""Michelle Edwards (Woman) #2""]"
1608	Usurper	1	usurper	no_author_rule	no_author_rule			[]	0	0	[]	[]	[]	[]				0	0	[]	0	0	"[""no_author_rule""]"		out_of_scope	high	no_unique_author_l1_candidate	"[""no_author_rule""]"	0	freebase_bhht_author_lookup_v1	lookup_candidate_not_frozen	"[""Miguel I of Portugal""]"
1609	Character Modeler	1	character_modeler	no_author_rule	no_author_rule			[]	0	0	[]	[]	[]	[]				0	0	[]	0	0	"[""no_author_rule""]"	Culture	proposed	medium	no_unique_author_l1_candidate	"[""no_author_rule""]"	0	freebase_bhht_author_lookup_v1	lookup_candidate_not_frozen	"[""Mike Altman""]"
1610	Modeler	1	modeler	no_author_rule	no_author_rule			[]	0	0	[]	[]	[]	[]				0	0	[]	0	0	"[""no_author_rule""]"		needs_review	low	no_unique_author_l1_candidate	"[""no_author_rule""]"	0	freebase_bhht_author_lookup_v1	lookup_candidate_not_frozen	"[""Mike Altman""]"
1611	Restaurant Mgt.	1	restaurant_mgt.	no_author_rule	no_author_rule			[]	0	0	[]	[]	[]	[]				0	0	[]	0	0	"[""no_author_rule""]"		needs_review	low	no_unique_author_l1_candidate	"[""no_author_rule""]"	0	freebase_bhht_author_lookup_v1	lookup_candidate_not_frozen	"[""Mike Hallinan""]"
1616	Informant	1	informant	no_author_rule	no_author_rule			[]	0	0	[]	[]	[]	[]				0	0	[]	0	0	"[""no_author_rule""]"		needs_review	low	no_unique_author_l1_candidate	"[""no_author_rule""]"	0	freebase_bhht_author_lookup_v1	lookup_candidate_not_frozen	"[""Molly Childers""]"
1617	Miscellaneous Crew	1	miscellaneous_crew	no_author_rule	no_author_rule			[]	0	0	[]	[]	[]	[]				0	0	[]	0	0	"[""no_author_rule""]"		out_of_scope	high	no_unique_author_l1_candidate	"[""no_author_rule""]"	0	freebase_bhht_author_lookup_v1	lookup_candidate_not_frozen	"[""Morgan Holly""]"
1624	Pyrotechnics Supervisor	1	pyrotechnics_supervisor	no_author_rule	no_author_rule			[]	0	0	[]	[]	[]	[]				0	0	[]	0	0	"[""no_author_rule""]"		needs_review	low	no_unique_author_l1_candidate	"[""no_author_rule""]"	0	freebase_bhht_author_lookup_v1	lookup_candidate_not_frozen	"[""Neil Corbould""]"
1627	Wine Expert	1	wine_expert	no_author_rule	no_author_rule			[]	0	0	[]	[]	[]	[]				0	0	[]	0	0	"[""no_author_rule""]"		needs_review	low	no_unique_author_l1_candidate	"[""no_author_rule""]"	0	freebase_bhht_author_lookup_v1	lookup_candidate_not_frozen	"[""Nicolas Belfrage""]"
1630	Mother (Profession)	1	mother_(profession)	no_author_rule	no_author_rule			[]	0	0	[]	[]	[]	[]				0	0	[]	0	0	"[""no_author_rule""]"		out_of_scope	medium	no_unique_author_l1_candidate	"[""no_author_rule""]"	0	freebase_bhht_author_lookup_v1	lookup_candidate_not_frozen	"[""Nikohl Vandel""]"
1632	Plantation Overseer	1	plantation_overseer	no_author_rule	no_author_rule			[]	0	0	[]	[]	[]	[]				0	0	[]	0	0	"[""no_author_rule""]"		out_of_scope	high	no_unique_author_l1_candidate	"[""no_author_rule""]"	0	freebase_bhht_author_lookup_v1	lookup_candidate_not_frozen	"[""Norval Marley""]"
1635	Internet Visionary	1	internet_visionary	no_author_rule	no_author_rule			[]	0	0	[]	[]	[]	[]				0	0	[]	0	0	"[""no_author_rule""]"		needs_review	low	no_unique_author_l1_candidate	"[""no_author_rule""]"	0	freebase_bhht_author_lookup_v1	lookup_candidate_not_frozen	"[""Nova Spivack""]"
1638	Kidnapping	1	kidnapping	no_author_rule	no_author_rule			[]	0	0	[]	[]	[]	[]				0	0	[]	0	0	"[""no_author_rule""]"		out_of_scope	high	no_unique_author_l1_candidate	"[""no_author_rule""]"	0	freebase_bhht_author_lookup_v1	lookup_candidate_not_frozen	"[""Omar Treviño Morales""]"
1649	Water Conservation Specialist	1	water_conservation_specialist	no_author_rule	no_author_rule			[]	0	0	[]	[]	[]	[]				0	0	[]	0	0	"[""no_author_rule""]"	Discovery/Science	proposed	high	no_unique_author_l1_candidate	"[""no_author_rule""]"	0	freebase_bhht_author_lookup_v1	lookup_candidate_not_frozen	"[""Peter Gleick""]"
1651	User experience design	1	user_experience_design	no_author_rule	no_author_rule			[]	0	0	[]	[]	[]	[]				0	0	[]	0	0	"[""no_author_rule""]"		needs_review	low	no_unique_author_l1_candidate	"[""no_author_rule""]"	0	freebase_bhht_author_lookup_v1	lookup_candidate_not_frozen	"[""Phil Gribbon""]"
1652	Pub Owner	1	pub_owner	no_author_rule	no_author_rule			[]	0	0	[]	[]	[]	[]				0	0	[]	0	0	"[""no_author_rule""]"		needs_review	low	no_unique_author_l1_candidate	"[""no_author_rule""]"	0	freebase_bhht_author_lookup_v1	lookup_candidate_not_frozen	"[""Philip Thompson (Deceased Person)""]"
1653	Hymnology	1	hymnology	no_author_rule	no_author_rule			[]	0	0	[]	[]	[]	[]				0	0	[]	0	0	"[""no_author_rule""]"		needs_review	low	no_unique_author_l1_candidate	"[""no_author_rule""]"	0	freebase_bhht_author_lookup_v1	lookup_candidate_not_frozen	"[""Philipp Wackernagel""]"
1654	Wardrobe supervisor	1	wardrobe_supervisor	no_author_rule	no_author_rule			[]	0	0	[]	[]	[]	[]				0	0	[]	0	0	"[""no_author_rule""]"		needs_review	low	no_unique_author_l1_candidate	"[""no_author_rule""]"	0	freebase_bhht_author_lookup_v1	lookup_candidate_not_frozen	"[""Phyllis Garr""]"
1655	Receiver general	1	receiver_general	no_author_rule	no_author_rule			[]	0	0	[]	[]	[]	[]				0	0	[]	0	0	"[""no_author_rule""]"	Leadership	proposed	high	no_unique_author_l1_candidate	"[""no_author_rule""]"	0	freebase_bhht_author_lookup_v1	lookup_candidate_not_frozen	"[""Pierre Perrault (Scientist)""]"
1656	Arms Dealer	1	arms_dealer	no_author_rule	no_author_rule			[]	0	0	[]	[]	[]	[]				0	0	[]	0	0	"[""no_author_rule""]"		out_of_scope	high	no_unique_author_l1_candidate	"[""no_author_rule""]"	0	freebase_bhht_author_lookup_v1	lookup_candidate_not_frozen	"[""Pierre de Beaumarchais""]"
1657	Adjudicator	1	adjudicator	no_author_rule	no_author_rule			[]	0	0	[]	[]	[]	[]				0	0	[]	0	0	"[""no_author_rule""]"		needs_review	low	no_unique_author_l1_candidate	"[""no_author_rule""]"	0	freebase_bhht_author_lookup_v1	lookup_candidate_not_frozen	"[""Piers Morgan""]"
1659	Park ranger	1	park_ranger	no_author_rule	no_author_rule			[]	0	0	[]	[]	[]	[]				0	0	[]	0	0	"[""no_author_rule""]"		needs_review	low	no_unique_author_l1_candidate	"[""no_author_rule""]"	0	freebase_bhht_author_lookup_v1	lookup_candidate_not_frozen	"[""Pranas Stankevičius""]"
1663	Herder	1	herder	no_author_rule	no_author_rule			[]	0	0	[]	[]	[]	[]				0	0	[]	0	0	"[""no_author_rule""]"		out_of_scope	medium	no_unique_author_l1_candidate	"[""no_author_rule""]"	0	freebase_bhht_author_lookup_v1	lookup_candidate_not_frozen	"[""Ram Singh (Security guard)""]"
1674	Nailist	1	nailist	no_author_rule	no_author_rule			[]	0	0	[]	[]	[]	[]				0	0	[]	0	0	"[""no_author_rule""]"		out_of_scope	high	no_unique_author_l1_candidate	"[""no_author_rule""]"	0	freebase_bhht_author_lookup_v1	lookup_candidate_not_frozen	"[""Rie Imaoka""]"
1675	Curriculum Director	1	curriculum_director	no_author_rule	no_author_rule			[]	0	0	[]	[]	[]	[]				0	0	[]	0	0	"[""no_author_rule""]"		needs_review	low	no_unique_author_l1_candidate	"[""no_author_rule""]"	0	freebase_bhht_author_lookup_v1	lookup_candidate_not_frozen	"[""Rita Polen""]"
1677	Boat builder	1	boat_builder	no_author_rule	no_author_rule			[]	0	0	[]	[]	[]	[]				0	0	[]	0	0	"[""no_author_rule""]"		out_of_scope	high	no_unique_author_l1_candidate	"[""no_author_rule""]"	0	freebase_bhht_author_lookup_v1	lookup_candidate_not_frozen	"[""Robb White IV""]"
1688	Botonist	1	botonist	no_author_rule	no_author_rule			[]	0	0	[]	[]	[]	[]				0	0	[]	0	0	"[""no_author_rule""]"		needs_review	low	no_unique_author_l1_candidate	"[""no_author_rule""]"	0	freebase_bhht_author_lookup_v1	lookup_candidate_not_frozen	"[""Roberto Burle Marx""]"
1692	Information professional	1	information_professional	no_author_rule	no_author_rule			[]	0	0	[]	[]	[]	[]				0	0	[]	0	0	"[""no_author_rule""]"		needs_review	low	no_unique_author_l1_candidate	"[""no_author_rule""]"	0	freebase_bhht_author_lookup_v1	lookup_candidate_not_frozen	"[""Roger K. Summit""]"
1695	Nursing Graduate	1	nursing_graduate	no_author_rule	no_author_rule			[]	0	0	[]	[]	[]	[]				0	0	[]	0	0	"[""no_author_rule""]"		out_of_scope	high	no_unique_author_l1_candidate	"[""no_author_rule""]"	0	freebase_bhht_author_lookup_v1	lookup_candidate_not_frozen	"[""Roscelle Jhoyce Miñoza""]"
1698	Information retrieval	1	information_retrieval	no_author_rule	no_author_rule			[]	0	0	[]	[]	[]	[]				0	0	[]	0	0	"[""no_author_rule""]"		needs_review	low	no_unique_author_l1_candidate	"[""no_author_rule""]"	0	freebase_bhht_author_lookup_v1	lookup_candidate_not_frozen	"[""Russell M Wright""]"
1699	Salonnieres	1	salonnieres	no_author_rule	no_author_rule			[]	0	0	[]	[]	[]	[]				0	0	[]	0	0	"[""no_author_rule""]"		needs_review	low	no_unique_author_l1_candidate	"[""no_author_rule""]"	0	freebase_bhht_author_lookup_v1	lookup_candidate_not_frozen	"[""Ruth Ford""]"
1700	m/0qcntlr	1	m/0qcntlr	no_author_rule	no_author_rule			[]	0	0	[]	[]	[]	[]				0	0	[]	0	0	"[""no_author_rule""]"		needs_review	low	no_unique_author_l1_candidate	"[""no_author_rule""]"	0	freebase_bhht_author_lookup_v1	lookup_candidate_not_frozen	"[""Rómulo León""]"
1702	Illegal drug dealer	1	illegal_drug_dealer	no_author_rule	no_author_rule			[]	0	0	[]	[]	[]	[]				0	0	[]	0	0	"[""no_author_rule""]"		out_of_scope	medium	no_unique_author_l1_candidate	"[""no_author_rule""]"	0	freebase_bhht_author_lookup_v1	lookup_candidate_not_frozen	"[""Sabrina Jackson""]"
1703	Party leader	1	party_leader	no_author_rule	no_author_rule			[]	0	0	[]	[]	[]	[]				0	0	[]	0	0	"[""no_author_rule""]"	Leadership	proposed	high	no_unique_author_l1_candidate	"[""no_author_rule""]"	0	freebase_bhht_author_lookup_v1	lookup_candidate_not_frozen	"[""Saddam Hussein""]"
1704	Android software development	1	android_software_development	no_author_rule	no_author_rule			[]	0	0	[]	[]	[]	[]				0	0	[]	0	0	"[""no_author_rule""]"		needs_review	low	no_unique_author_l1_candidate	"[""no_author_rule""]"	0	freebase_bhht_author_lookup_v1	lookup_candidate_not_frozen	"[""Sahil Kumar""]"
1705	Help Desk Coordinator	1	help_desk_coordinator	no_author_rule	no_author_rule			[]	0	0	[]	[]	[]	[]				0	0	[]	0	0	"[""no_author_rule""]"		out_of_scope	medium	no_unique_author_l1_candidate	"[""no_author_rule""]"	0	freebase_bhht_author_lookup_v1	lookup_candidate_not_frozen	"[""Sam Chupp""]"
1711	Rob Gibsun	1	rob_gibsun	no_author_rule	no_author_rule			[]	0	0	[]	[]	[]	[]				0	0	[]	0	0	"[""no_author_rule""]"		needs_review	low	no_unique_author_l1_candidate	"[""no_author_rule""]"	0	freebase_bhht_author_lookup_v1	lookup_candidate_not_frozen	"[""Saul Williams""]"
1712	On-set Dresser	1	on-set_dresser	no_author_rule	no_author_rule			[]	0	0	[]	[]	[]	[]				0	0	[]	0	0	"[""no_author_rule""]"	Culture	proposed	high	no_unique_author_l1_candidate	"[""no_author_rule""]"	0	freebase_bhht_author_lookup_v1	lookup_candidate_not_frozen	"[""Scott Getzinger""]"
1715	Computer Tech	1	computer_tech	no_author_rule	no_author_rule			[]	0	0	[]	[]	[]	[]				0	0	[]	0	0	"[""no_author_rule""]"		needs_review	low	no_unique_author_l1_candidate	"[""no_author_rule""]"	0	freebase_bhht_author_lookup_v1	lookup_candidate_not_frozen	"[""Sheila Ingamells""]"
1717	Computer professional	1	computer_professional	no_author_rule	no_author_rule			[]	0	0	[]	[]	[]	[]				0	0	[]	0	0	"[""no_author_rule""]"		needs_review	low	no_unique_author_l1_candidate	"[""no_author_rule""]"	0	freebase_bhht_author_lookup_v1	lookup_candidate_not_frozen	"[""Shivani (Programmer)""]"
1720	Pipefitter	1	pipefitter	no_author_rule	no_author_rule			[]	0	0	[]	[]	[]	[]				0	0	[]	0	0	"[""no_author_rule""]"		out_of_scope	medium	no_unique_author_l1_candidate	"[""no_author_rule""]"	0	freebase_bhht_author_lookup_v1	lookup_candidate_not_frozen	"[""Sixty Rayburn""]"
1724	Financial Services	1	financial_services	no_author_rule	no_author_rule			[]	0	0	[]	[]	[]	[]				0	0	[]	0	0	"[""no_author_rule""]"		needs_review	low	no_unique_author_l1_candidate	"[""no_author_rule""]"	0	freebase_bhht_author_lookup_v1	lookup_candidate_not_frozen	"[""Smita Nair Jain""]"
1725	Information technology	1	information_technology	no_author_rule	no_author_rule			[]	0	0	[]	[]	[]	[]				0	0	[]	0	0	"[""no_author_rule""]"		needs_review	low	no_unique_author_l1_candidate	"[""no_author_rule""]"	0	freebase_bhht_author_lookup_v1	lookup_candidate_not_frozen	"[""Smita Nair Jain""]"
1728	Taluk Office	1	taluk_office	no_author_rule	no_author_rule			[]	0	0	[]	[]	[]	[]				0	0	[]	0	0	"[""no_author_rule""]"		needs_review	low	no_unique_author_l1_candidate	"[""no_author_rule""]"	0	freebase_bhht_author_lookup_v1	lookup_candidate_not_frozen	"[""Smrithi Muralidhar""]"
1731	ADR Recordist	1	adr_recordist	no_author_rule	no_author_rule			[]	0	0	[]	[]	[]	[]				0	0	[]	0	0	"[""no_author_rule""]"	Culture	proposed	high	no_unique_author_l1_candidate	"[""no_author_rule""]"	0	freebase_bhht_author_lookup_v1	lookup_candidate_not_frozen	"[""Stephen Hoff""]"
1732	Aerial Coordinator	1	aerial_coordinator	no_author_rule	no_author_rule			[]	0	0	[]	[]	[]	[]				0	0	[]	0	0	"[""no_author_rule""]"		needs_review	low	no_unique_author_l1_candidate	"[""no_author_rule""]"	0	freebase_bhht_author_lookup_v1	lookup_candidate_not_frozen	"[""Steve Stafford""]"
1745	Chapmen	1	chapmen	no_author_rule	no_author_rule			[]	0	0	[]	[]	[]	[]				0	0	[]	0	0	"[""no_author_rule""]"		needs_review	medium	no_unique_author_l1_candidate	"[""no_author_rule""]"	0	freebase_bhht_author_lookup_v1	lookup_candidate_not_frozen	"[""Thomas Bunyan""]"
1752	Sound Re-Recordist	1	sound_re-recordist	no_author_rule	no_author_rule			[]	0	0	[]	[]	[]	[]				0	0	[]	0	0	"[""no_author_rule""]"	Culture	proposed	high	no_unique_author_l1_candidate	"[""no_author_rule""]"	0	freebase_bhht_author_lookup_v1	lookup_candidate_not_frozen	"[""Tom Fleischman""]"
1754	Party organizer	1	party_organizer	no_author_rule	no_author_rule			[]	0	0	[]	[]	[]	[]				0	0	[]	0	0	"[""no_author_rule""]"	Leadership	proposed	high	no_unique_author_l1_candidate	"[""no_author_rule""]"	0	freebase_bhht_author_lookup_v1	lookup_candidate_not_frozen	"[""Tony Truman""]"
1758	Divemaster	1	divemaster	no_author_rule	no_author_rule			[]	0	0	[]	[]	[]	[]				0	0	[]	0	0	"[""no_author_rule""]"		out_of_scope	high	no_unique_author_l1_candidate	"[""no_author_rule""]"	0	freebase_bhht_author_lookup_v1	lookup_candidate_not_frozen	"[""Tracy Griffith""]"
1762	Staff	1	staff	no_author_rule	no_author_rule			[]	0	0	[]	[]	[]	[]				0	0	[]	0	0	"[""no_author_rule""]"		out_of_scope	medium	no_unique_author_l1_candidate	"[""no_author_rule""]"	0	freebase_bhht_author_lookup_v1	lookup_candidate_not_frozen	"[""Valerie Plame""]"
1766	Call Center Agent	1	call_center_agent	no_author_rule	no_author_rule			[]	0	0	[]	[]	[]	[]				0	0	[]	0	0	"[""no_author_rule""]"		out_of_scope	high	no_unique_author_l1_candidate	"[""no_author_rule""]"	0	freebase_bhht_author_lookup_v1	lookup_candidate_not_frozen	"[""Vicky Pattison""]"
1776	Bootseller	1	bootseller	no_author_rule	no_author_rule			[]	0	0	[]	[]	[]	[]				0	0	[]	0	0	"[""no_author_rule""]"		out_of_scope	high	no_unique_author_l1_candidate	"[""no_author_rule""]"	0	freebase_bhht_author_lookup_v1	lookup_candidate_not_frozen	"[""Walter Thomas (Deceased Person)""]"
1778	Wrangler	1	wrangler	no_author_rule	no_author_rule			[]	0	0	[]	[]	[]	[]				0	0	[]	0	0	"[""no_author_rule""]"		needs_review	low	no_unique_author_l1_candidate	"[""no_author_rule""]"	0	freebase_bhht_author_lookup_v1	lookup_candidate_not_frozen	"[""Wilford Brimley""]"
1787	Moneylender	1	moneylender	no_author_rule	no_author_rule			[]	0	0	[]	[]	[]	[]				0	0	[]	0	0	"[""no_author_rule""]"		needs_review	medium	no_unique_author_l1_candidate	"[""no_author_rule""]"	0	freebase_bhht_author_lookup_v1	lookup_candidate_not_frozen	"[""William James (Deceased Person)""]"
1788	Peddler	1	peddler	no_author_rule	no_author_rule			[]	0	0	[]	[]	[]	[]				0	0	[]	0	0	"[""no_author_rule""]"		out_of_scope	high	no_unique_author_l1_candidate	"[""no_author_rule""]"	0	freebase_bhht_author_lookup_v1	lookup_candidate_not_frozen	"[""William Jefferson Blythe Jr.""]"
1792	Gunslinger	1	gunslinger	no_author_rule	no_author_rule			[]	0	0	[]	[]	[]	[]				0	0	[]	0	0	"[""no_author_rule""]"		out_of_scope	medium	no_unique_author_l1_candidate	"[""no_author_rule""]"	0	freebase_bhht_author_lookup_v1	lookup_candidate_not_frozen	"[""Wyatt Earp""]"
1793	Marksman	1	marksman	no_author_rule	no_author_rule			[]	0	0	[]	[]	[]	[]				0	0	[]	0	0	"[""no_author_rule""]"		needs_review	low	no_unique_author_l1_candidate	"[""no_author_rule""]"	0	freebase_bhht_author_lookup_v1	lookup_candidate_not_frozen	"[""Wyatt Earp""]"
1794	Animal control service	1	animal_control_service	no_author_rule	no_author_rule			[]	0	0	[]	[]	[]	[]				0	0	[]	0	0	"[""no_author_rule""]"		out_of_scope	high	no_unique_author_l1_candidate	"[""no_author_rule""]"	0	freebase_bhht_author_lookup_v1	lookup_candidate_not_frozen	"[""Yassim al-Jemoni""]"
1795	Goatherd	1	goatherd	no_author_rule	no_author_rule			[]	0	0	[]	[]	[]	[]				0	0	[]	0	0	"[""no_author_rule""]"		out_of_scope	medium	no_unique_author_l1_candidate	"[""no_author_rule""]"	0	freebase_bhht_author_lookup_v1	lookup_candidate_not_frozen	"[""Yassim al-Jemoni""]"
1797	Ringmaster	1	ringmaster	no_author_rule	no_author_rule			[]	0	0	[]	[]	[]	[]				0	0	[]	0	0	"[""no_author_rule""]"	Culture	proposed	high	no_unique_author_l1_candidate	"[""no_author_rule""]"	0	freebase_bhht_author_lookup_v1	lookup_candidate_not_frozen	"[""Yuri Nikulin""]"
1800	elder	1	elder	no_author_rule	no_author_rule			[]	0	0	[]	[]	[]	[]				0	0	[]	0	0	"[""no_author_rule""]"		needs_review	low	no_unique_author_l1_candidate	"[""no_author_rule""]"	0	freebase_bhht_author_lookup_v1	lookup_candidate_not_frozen	"[""Zedekiah Monda Matundura""]"
1803	Antropology	1	antropology	no_author_rule	no_author_rule			[]	0	0	[]	[]	[]	[]				0	0	[]	0	0	"[""no_author_rule""]"		needs_review	low	no_unique_author_l1_candidate	"[""no_author_rule""]"	0	freebase_bhht_author_lookup_v1	lookup_candidate_not_frozen	"[""g/1q6m2nbpt""]"
1805	Conversion Rate Optimisation	1	conversion_rate_optimisation	no_author_rule	no_author_rule			[]	0	0	[]	[]	[]	[]				0	0	[]	0	0	"[""no_author_rule""]"		needs_review	low	no_unique_author_l1_candidate	"[""no_author_rule""]"	0	freebase_bhht_author_lookup_v1	lookup_candidate_not_frozen	"[""kylenewsam""]"
1811	Industriemechaniker	1	industriemechaniker	no_author_rule	no_author_rule			[]	0	0	[]	[]	[]	[]				0	0	[]	0	0	"[""no_author_rule""]"		out_of_scope	high	no_unique_author_l1_candidate	"[""no_author_rule""]"	0	freebase_bhht_author_lookup_v1	lookup_candidate_not_frozen	"[""m/012zvydj""]"
1813	m/012zw2f7	1	m/012zw2f7	no_author_rule	no_author_rule			[]	0	0	[]	[]	[]	[]				0	0	[]	0	0	"[""no_author_rule""]"		needs_review	low	no_unique_author_l1_candidate	"[""no_author_rule""]"	0	freebase_bhht_author_lookup_v1	lookup_candidate_not_frozen	"[""m/012zw2f1""]"
1815	Affiliate	1	affiliate	no_author_rule	no_author_rule			[]	0	0	[]	[]	[]	[]				0	0	[]	0	0	"[""no_author_rule""]"		out_of_scope	high	no_unique_author_l1_candidate	"[""no_author_rule""]"	0	freebase_bhht_author_lookup_v1	lookup_candidate_not_frozen	"[""sunny ujjawal""]"
