raw_value	facts	unique_people	priority_people	union_people	draft_status	suggested_level1	suggested_level2	old_supporting_nodes	old_alternatives	review_decision	approved_level1	approved_level2	review_notes
Actor	444049	444049	89773	89819	exact_text_candidate	Culture	Culture-core	24341					
Writer	166513	166513	41332	41358	exact_text_candidate	Culture	Culture-core	10299					
Artist	230502	230502	39195	39465	exact_text_candidate	Culture	Culture-core	3153					
Performance Artist	166931	166931	32895	33157	unmatched			0					
Musician	150708	150708	26617	26877	exact_text_candidate	Culture	Culture-core	1					
Athlete	126453	126453	26187	26391	exact_text_candidate	Sports/Games	Sports/Games	450					
Screenwriter	86812	86812	20139	20153	exact_text_candidate	Culture	Culture-core	1609					
Film Producer	98488	98488	17372	17378	unmatched			0					
Film director	76370	76370	15795	15823	unmatched			0					
Politician	54402	54402	15010	15015	exact_text_candidate	Leadership	Politics	33872					
Singer	46702	46702	14842	14955	exact_text_candidate	Culture	Culture-core	5873					
Football player	52505	52505	11007	11007	unmatched			0					
Businessperson	28344	28344	10479	10483	unmatched			0					
Business executive	47110	47110	9612	9667	unmatched			0					
Manager	46630	46630	9381	9436	exact_text_candidate	Leadership	Corporate/Executive/Business (large)	138					
Educator	21152	21152	8352	8355	exact_text_candidate	Discovery/Science	Academia	221					
Composer (Profession)	38081	38081	7129	7169	unmatched			0					
Criminal defense lawyer	20433	20433	6708	6712	unmatched			0					
Lawyer	20433	20433	6708	6712	exact_text_candidate	Leadership	Administration/Law	4956					
Author	17097	17097	6615	6617	exact_text_candidate	Culture	Culture-core	2101					
Television producer	32781	32781	6603	6606	unmatched			0					
Broadcaster	13194	13194	6270	6274	unmatched			0					
Journalist	21388	21388	6240	6240	exact_text_candidate	Culture	Culture-periphery	4212					
Voice Actor	16950	16950	6003	6006	unmatched			0					
Scientist	19169	19169	5566	5566	exact_text_candidate	Discovery/Science	Academia	524					
Model	11048	11048	5196	5199	exact_text_candidate	Culture	Culture-periphery	791					
Presenter	10854	10854	5115	5119	exact_text_candidate	Culture	Culture-periphery	652					
Designer	42076	42076	4796	4803	exact_text_candidate	Culture	Culture-periphery	565					
Editor	45745	45745	4735	4742	exact_text_candidate	Culture	Culture-periphery	390					
Health professional	13443	13443	4717	4718	unmatched			0					
Teacher	9448	9448	4621	4624	exact_text_candidate	Discovery/Science	Academia	680					
Film Score Composer	26063	26063	4350	4369	unmatched			0					
Entertainer	10132	10132	4345	4355	exact_text_candidate	Culture	Culture-core	12					
Television director	13507	13507	4218	4223	unmatched			0					
Healthcare professional	12413	12413	4160	4161	unmatched			0					
American Football player	14782	14782	3979	3979	unmatched			0					
Songwriter	13143	13143	3967	4035	exact_text_candidate	Culture	Culture-core	249					
Novelist	10295	10295	3782	3783	exact_text_candidate	Culture	Culture-core	1321					
Physician	11431	11431	3575	3576	exact_text_candidate	Discovery/Science	Academia	2639					
Operator	36342	36342	3459	3461	old_other_bucket	Other	Worker/Business (small)	9					
Film editor	37314	37314	3402	3407	unmatched			0					
Cameraman	36247	36247	3402	3404	unmatched			0					
Comedian	6404	6404	3327	3334	exact_text_candidate	Culture	Culture-core	456					
Cinematographer	35339	35339	3299	3301	exact_text_candidate	Culture	Culture-core	4					
Singer-songwriter	8259	8259	2810	2858	unmatched			0					
Engineer	15932	15932	2648	2658	exact_text_candidate	Discovery/Science	Explorer/Inventor/Developer	1687					
Entrepreneur	5376	5376	2632	2635	exact_text_candidate	Leadership	Corporate/Executive/Business (large)	1493					
Dancer	5163	5163	2599	2601	ambiguous_old_mapping			759	Culture > Sports/Games (437) | Culture > Culture-core (322)				
Coach	8951	8951	2490	2491	ambiguous_old_mapping			221	Sports/Games > Sports/Games (219) | Sports/Games > Culture-periphery (2)				
Poet	5836	5836	2477	2478	exact_text_candidate	Culture	Culture-core	3815					
Music Producer	10369	10369	2466	2515	unmatched			0					
Playwright	5661	5661	2450	2451	exact_text_candidate	Culture	Culture-core	641					
Baseball Player	19973	19973	2310	2310	unmatched			0					
Music executive	9752	9752	2306	2353	unmatched			0					
Record producer	9688	9688	2278	2325	unmatched			0					
Official	10781	10781	2240	2243	unmatched			0					
Professor	7942	7942	2147	2147	exact_text_candidate	Discovery/Science	Academia	874					
Visual Artist	6186	6186	2057	2058	unmatched			0					
Guitarist	12015	12015	2049	2098	unmatched			0					
Mathematician	19192	19192	2048	2048	exact_text_candidate	Discovery/Science	Academia	7359					
Religious Leader (Religious Leadership Title)	5197	5197	1733	1734	unmatched			0					
Theatre Director	3607	3607	1722	1722	unmatched			0					
Photographer	7645	7645	1687	1687	exact_text_candidate	Culture	Culture-core	1202					
Painter	3192	3192	1596	1596	exact_text_candidate	Culture	Culture-core	14948					
Soldier	4292	4292	1587	1587	exact_text_candidate	Leadership	Military	672					
Television crew	20867	20867	1544	1546	unmatched			0					
Basketball Player	3992	3992	1412	1412	unmatched			0					
Philosopher	3924	3924	1392	1393	exact_text_candidate	Discovery/Science	Academia	2459					
Conductor	4481	4481	1347	1353	exact_text_candidate	Culture	Culture-core	1278					
Architect	6226	6226	1249	1249	exact_text_candidate	Culture	Culture-periphery	3243					
Pianist	3705	3705	1226	1230	exact_text_candidate	Culture	Culture-core	1280					
Ice Hockey Player	4991	4991	1222	1222	unmatched			0					
Physicist	3485	3485	1164	1164	exact_text_candidate	Discovery/Science	Academia	3014					
Historian	4320	4320	1097	1097	exact_text_candidate	Discovery/Science	Academia	4568					
Stunt Performer	4727	4727	1091	1091	unmatched			0					
Agent	1798	1798	1056	1056	exact_text_candidate	Culture	Culture-core	8					
Clergy	3014	3014	1016	1016	exact_text_candidate	Leadership	Religious	179					
Judge	7319	7319	1006	1006	exact_text_candidate	Leadership	Administration/Law	1252					
Navigator	3909	3909	1001	1001	exact_text_candidate	Discovery/Science	Explorer/Inventor/Developer	20					
Costume designer	12750	12750	993	996	unmatched			0					
Art Director	18512	18512	991	995	unmatched			0					
Military Officer	1880	1880	979	979	unmatched			0					
Production Designer	14405	14405	963	964	unmatched			0					
Economist	3546	3546	963	963	exact_text_candidate	Discovery/Science	Academia	2257					
Cartoonist	4879	4879	942	943	exact_text_candidate	Culture	Culture-core	194					
Activist	1888	1888	937	937	exact_text_candidate	Leadership	Politics	621					
Agriculturalist	1917	1917	908	908	unmatched			0					
Tradesman	1484	1484	857	857	unmatched			0					
Film art director	13052	13052	828	829	unmatched			0					
Chemist	2450	2450	824	824	exact_text_candidate	Discovery/Science	Academia	1751					
Sex worker	9015	9015	814	814	unmatched			0					
Diplomat	2683	2683	795	798	exact_text_candidate	Leadership	Administration/Law	2420					
Critic	1881	1881	788	788	exact_text_candidate	Culture	Culture-periphery	27					
Pornographic film actor	8850	8850	752	752	unmatched			0					
Radio personality	1507	1507	745	746	unmatched			0					
Lyricist (Profession)	2115	2115	740	743	unmatched			0					
Producer	2718	2718	718	718	exact_text_candidate	Culture	Culture-core	641					
Rugby Player	2324	2324	707	707	unmatched			0					
Technician	3267	3267	704	704	old_other_bucket	Other	Worker/Business (small)	3					
Law enforcement officer	1722	1722	699	699	unmatched			0					
Farmer	1465	1465	695	695	old_other_bucket	Other	Worker/Business (small)	206					
TV Personality (Profession)	1037	1037	671	671	unmatched			0					
Drummer	5015	5015	662	682	exact_text_candidate	Culture	Culture-core	112					
Linguist	1525	1525	656	656	exact_text_candidate	Discovery/Science	Academia	1206					
Rapper	3540	3540	647	674	exact_text_candidate	Culture	Culture-core	225					
Announcer	1460	1460	640	641	exact_text_candidate	Culture	Culture-periphery	23					
Aviator	1915	1915	636	636	exact_text_candidate	Leadership	Military	51					
Casting Director	5307	5307	634	634	unmatched			0					
Theatrical producer	2272	2272	621	621	unmatched			0					
Wrestler	1626	1626	609	611	exact_text_candidate	Sports/Games	Sports/Games	802					
Music Director	1523	1523	597	600	unmatched			0					
Nurse	990	990	588	588	exact_text_candidate	Discovery/Science	Academia	96					
Banker	1189	1189	577	577	unmatched			0					
Beautician	5035	5035	571	571	unmatched			0					
Choreographer	1558	1558	571	573	exact_text_candidate	Culture	Culture-core	381					
Race car driver	3313	3313	557	557	unmatched			0					
Television Editor	5913	5913	552	553	unmatched			0					
Blue-collar worker	837	837	539	539	unmatched			0					
Cricketer	4531	4531	533	533	unmatched			0					
Minister	1606	1606	523	523	exact_text_candidate	Leadership	Politics	402					
Tennis player	2713	2713	519	718	unmatched			0					
Disc jockey	2553	2553	517	520	unmatched			0					
Psychologist	1796	1796	517	517	exact_text_candidate	Discovery/Science	Academia	764					
Arranger	1377	1377	500	502	unmatched			0					
Cook	1616	1616	497	497	old_other_bucket	Other	Worker/Business (small)	25					
Fashion designer	967	967	495	495	unmatched			0					
Track and field athlete	1977	1977	493	493	unmatched			0					
Bassist	3940	3940	478	493	exact_text_candidate	Culture	Culture-core	58					
Professional Boxer	1856	1856	478	478	unmatched			0					
Animator	2803	2803	467	468	exact_text_candidate	Culture	Culture-core	86					
Golfer	1871	1871	463	463	unmatched			0					
Inventor	1613	1613	462	462	exact_text_candidate	Discovery/Science	Explorer/Inventor/Developer	300					
Essayist	842	842	461	461	exact_text_candidate	Culture	Culture-core	177					
Translator (Film job)	1008	1008	458	458	unmatched			0					
Television presenter	885	885	450	450	unmatched			0					
Swimmer	2764	2764	446	446	exact_text_candidate	Sports/Games	Sports/Games	699					
Publisher (Editor title)	919	919	441	441	unmatched			0					
Computer scientist	1274	1274	440	440	unmatched			0					
Basketball Coach	713	713	436	436	unmatched			0					
Sales management	574	574	434	434	unmatched			0					
Police officer	1035	1035	418	418	unmatched			0					
Martial artist	951	951	418	418	unmatched			0					
Ballet Dancer	794	794	402	402	unmatched			0					
Illustrator (Profession)	1422	1422	394	394	unmatched			0					
Music artist	1295	1295	393	402	unmatched			0					
Commentator	672	672	391	391	exact_text_candidate	Culture	Culture-periphery	7					
Marketer	904	904	390	391	unmatched			0					
Sound Engineer	7432	7432	389	394	unmatched			0					
Chef	1460	1460	388	388	ambiguous_old_mapping			93	Other > Worker/Business (small) (84) | Leadership > Corporate/Executive/Business (large) (9)				
Set Decorator	7914	7914	387	387	unmatched			0					
Sculptor	727	727	384	384	exact_text_candidate	Culture	Culture-core	3128					
American Football coach	671	671	382	382	unmatched			0					
Fashion Model	809	809	371	371	unmatched			0					
Opera singer	725	725	369	369	unmatched			0					
Surgeon	1357	1357	368	368	exact_text_candidate	Discovery/Science	Academia	370					
Consultant	883	883	363	364	old_other_bucket	Other	Worker/Business (small)	8					
Child Actor	818	818	356	356	unmatched			0					
Real Estate Broker	576	576	352	352	unmatched			0					
Makeup Artist	3700	3700	345	345	unmatched			0					
Artisan	657	657	345	345	old_other_bucket	Other	Worker/Business (small)	12					
Keyboard player	2056	2056	336	342	unmatched			0					
Accountant	756	756	328	328	old_other_bucket	Other	Worker/Business (small)	19					
Merchant	564	564	325	325	exact_text_candidate	Leadership	Corporate/Executive/Business (large)	418					
Scholar	947	947	324	325	exact_text_candidate	Discovery/Science	Academia	455					
Astronomer	1249	1249	311	311	exact_text_candidate	Discovery/Science	Academia	1033					
Sailor	1887	1887	304	304	ambiguous_old_mapping			143	Discovery/Science > Sports/Games (85) | Discovery/Science > Explorer/Inventor/Developer (58)				
Violist	1024	1024	302	303	exact_text_candidate	Culture	Culture-core	11					
Newscaster	765	765	302	302	unmatched			0					
Restaurateur	435	435	302	303	old_other_bucket	Other	Worker/Business (small)	41					
Barrister	1052	1052	297	297	exact_text_candidate	Leadership	Administration/Law	167					
Spokesperson	641	641	295	295	unmatched			0					
Sports commentator	688	688	294	294	unmatched			0					
Domestic worker	371	371	294	294	unmatched			0					
Australian rules football player	1404	1404	283	283	unmatched			0					
Office Worker	386	386	283	283	unmatched			0					
Civil engineer	918	918	275	275	unmatched			0					
Researcher	1014	1014	271	271	unmatched			0					
Social activist	506	506	259	259	unmatched			0					
Priest	1178	1178	255	255	exact_text_candidate	Leadership	Religious	16991					
Philanthropist	364	364	254	254	old_other_bucket	Other	Other	367					
Pastor	554	554	248	248	exact_text_candidate	Leadership	Religious	185					
Filmmaker	633	633	245	245	exact_text_candidate	Culture	Culture-core	59					
Bandleader	641	641	242	244	exact_text_candidate	Culture	Culture-core	62					
Graphic Designer	1452	1452	238	239	unmatched			0					
Alpine skier	726	726	235	235	unmatched			0					
Audio Engineer	4151	4151	233	235	unmatched			0					
Programmer	1177	1177	233	234	exact_text_candidate	Discovery/Science	Explorer/Inventor/Developer	20					
Anthropologist	794	794	232	232	exact_text_candidate	Discovery/Science	Academia	1141					
Multi-instrumentalist	740	740	230	234	unmatched			0					
Dentist	485	485	230	231	exact_text_candidate	Discovery/Science	Academia	39					
Playback Singer	793	793	229	229	unmatched			0					
Rabbi	710	710	227	227	exact_text_candidate	Leadership	Religious	671					
Public speaker	567	567	227	227	unmatched			0					
Talent manager	392	392	224	224	unmatched			0					
Secretary	272	272	224	224	exact_text_candidate	Leadership	Politics	134					
Gymnast	661	661	221	221	exact_text_candidate	Sports/Games	Sports/Games	276					
Salesman	249	249	214	214	exact_text_candidate	Leadership	Corporate/Executive/Business (large)	1					
Adviser	394	394	210	210	unmatched			0					
Financial adviser	394	394	210	210	unmatched			0					
Social Worker	338	338	209	209	unmatched			0					
Geologist	1151	1151	204	204	exact_text_candidate	Discovery/Science	Academia	432					
Hairdresser	1482	1482	199	199	old_other_bucket	Other	Worker/Business (small)	14					
Botanist	1238	1238	199	199	exact_text_candidate	Discovery/Science	Academia	1681					
Volleyball player	710	710	195	195	unmatched			0					
Criminal	775	775	187	187	old_other_bucket	Other	Other	73					
Investor	357	357	185	185	exact_text_candidate	Leadership	Corporate/Executive/Business (large)	29					
Cross-country skier	576	576	182	182	unmatched			0					
Nude Glamour Model	830	830	178	178	unmatched			0					
Professional Road Racing Cyclist	1061	1061	176	176	unmatched			0					
TV Journalist	646	646	176	176	unmatched			0					
Environmentalist	453	453	175	175	exact_text_candidate	Leadership	Politics	29					
Librarian	535	535	172	172	old_other_bucket	Other	Worker/Business (small)	190					
Stand-up comedian	339	339	172	172	unmatched			0					
Animal trainer	554	554	169	169	unmatched			0					
Psychiatrist	364	364	169	169	exact_text_candidate	Discovery/Science	Academia	410					
Vaudeville Performer	177	177	169	169	unmatched			0					
Figure Skater	478	478	168	168	unmatched			0					
Snowboarder	666	666	167	168	unmatched			0					
Biologist	586	586	166	166	exact_text_candidate	Discovery/Science	Academia	867					
Speed Skater	969	969	163	163	unmatched			0					
Talk show host	256	256	161	161	unmatched			0					
Jazz Pianist	573	573	160	161	unmatched			0					
Homemaking	173	173	159	159	unmatched			0					
Talent agent	207	207	158	158	unmatched			0					
Violinist	539	539	157	158	unmatched			0					
Financier	423	423	156	156	exact_text_candidate	Leadership	Corporate/Executive/Business (large)	143					
Jurist	484	484	153	153	unmatched			0					
Publicist	270	270	150	150	exact_text_candidate	Culture	Culture-periphery	13					
Political scientist	806	806	146	146	unmatched			0					
Statistician	408	408	146	146	exact_text_candidate	Discovery/Science	Academia	285					
Civil servant	330	330	146	146	unmatched			0					
Rescuer	282	282	146	146	unmatched			0					
Sports instructor	317	317	145	145	unmatched			0					
Rescue	277	277	145	145	unmatched			0					
Set Designer	731	731	144	144	unmatched			0					
Music video director	630	630	144	148	unmatched			0					
Film critic	350	350	144	144	unmatched			0					
Organist	607	607	143	143	exact_text_candidate	Culture	Culture-core	378					
Interior designer	196	196	142	142	unmatched			0					
Literary critic	306	306	141	141	unmatched			0					
Statesman	198	198	141	141	exact_text_candidate	Leadership	Politics	172					
Electrical engineer	450	450	140	141	unmatched			0					
Carpentry	244	244	140	140	unmatched			0					
Biathlete	390	390	139	139	unmatched			0					
Political activist	225	225	139	139	unmatched			0					
Librettist	351	351	137	137	exact_text_candidate	Culture	Culture-core	76					
Equestrian	213	213	135	135	exact_text_candidate	Sports/Games	Sports/Games	47					
Handball Player	749	749	133	133	unmatched			0					
Rower	680	680	133	133	exact_text_candidate	Sports/Games	Sports/Games	620					
Legislator	613	613	132	132	exact_text_candidate	Leadership	Politics	9					
Mixed Martial Artist	406	406	131	131	unmatched			0					
Astronaut	580	580	130	130	exact_text_candidate	Discovery/Science	Academia	49					
Tarento	266	266	129	129	exact_text_candidate	Culture	Culture-periphery	8					
Insurer	239	239	128	128	unmatched			0					
Horse trainer	456	456	127	127	unmatched			0					
Sociologist	291	291	127	127	exact_text_candidate	Discovery/Science	Academia	700					
Baseball Coach	1026	1026	126	126	unmatched			0					
Sumo Wrestler	339	339	126	126	unmatched			0					
Trumpeter	688	688	125	128	unmatched			0					
Insurance broker	233	233	123	123	unmatched			0					
Stockbroker	154	154	123	123	exact_text_candidate	Leadership	Corporate/Executive/Business (large)	32					
Freestyle skier	483	483	122	122	unmatched			0					
Psychoanalyst	230	230	122	122	exact_text_candidate	Discovery/Science	Academia	86					
Firefighter	227	227	122	122	unmatched			0					
Percussionist	921	921	121	125	exact_text_candidate	Culture	Culture-core	14					
Science writer	459	459	119	119	unmatched			0					
Computer Engineer	383	383	118	119	unmatched			0					
Spiritual leader	382	382	118	118	unmatched			0					
Saxophonist	630	630	117	120	exact_text_candidate	Culture	Culture-core	68					
Preacher	213	213	117	117	exact_text_candidate	Leadership	Religious	67					
Psychotherapist	208	208	117	117	unmatched			0					
Archaeologist	415	415	115	115	exact_text_candidate	Discovery/Science	Academia	658					
Prophet	372	372	111	111	exact_text_candidate	Leadership	Religious	42					
Surfer	288	288	111	111	exact_text_candidate	Sports/Games	Sports/Games	46					
Waiting staff	206	206	111	111	unmatched			0					
Socialite	127	127	111	111	exact_text_candidate	Leadership	Nobility	290					
Missionary	336	336	109	109	exact_text_candidate	Leadership	Religious	293					
VJ	210	210	109	110	unmatched			0					
Pharmacist	199	199	107	107	exact_text_candidate	Discovery/Science	Academia	104					
Mechanic	164	164	106	106	old_other_bucket	Other	Worker/Business (small)	12					
Explorer	260	260	105	105	exact_text_candidate	Discovery/Science	Explorer/Inventor/Developer	680					
Biographer	232	232	105	105	exact_text_candidate	Culture	Culture-core	277					
Business magnate	173	173	105	105	unmatched			0					
Field Hockey player	619	619	103	103	unmatched			0					
Curator	541	541	103	103	exact_text_candidate	Culture	Culture-core	123					
Master of Ceremonies	303	303	103	104	unmatched			0					
Art Historian	238	238	103	103	unmatched			0					
Theologian	235	235	103	103	exact_text_candidate	Discovery/Science	Academia	1390					
Columnist	248	248	102	102	exact_text_candidate	Culture	Culture-periphery	67					
Player	269	269	98	98	ambiguous_old_mapping			2316	Sports/Games > Sports/Games (2314) | Sports/Games > Culture-core (2)				
Baseball Manager	859	859	97	97	unmatched			0					
Acting Coach	148	148	97	97	unmatched			0					
Electrician	178	178	95	95	unmatched			0					
Mountaineer	543	543	94	94	exact_text_candidate	Sports/Games	Sports/Games	139					
Music Teacher	214	214	93	93	unmatched			0					
Puppeteer	271	271	92	93	exact_text_candidate	Culture	Culture-core	28					
Book editor	326	326	91	91	unmatched			0					
Solicitor	254	254	91	91	exact_text_candidate	Leadership	Administration/Law	25					
Motivational speaker	271	271	90	90	unmatched			0					
Orchestrator	261	261	89	89	unmatched			0					
Personal trainer	218	218	89	89	unmatched			0					
Magazine editor	130	130	88	88	unmatched			0					
Art critic	279	279	87	87	unmatched			0					
Promoter	179	179	87	87	unmatched			0					
Aerospace Engineer	326	326	86	86	unmatched			0					
Cellist	222	222	86	87	exact_text_candidate	Culture	Culture-core	137					
Real estate development	134	134	86	86	unmatched			0					
Factory worker	94	94	86	86	unmatched			0					
Referee	1009	1009	85	85	exact_text_candidate	Sports/Games	Sports/Games	6					
Manufacturer	125	125	85	85	exact_text_candidate	Leadership	Corporate/Executive/Business (large)	196					
Registered nurse	145	145	84	84	unmatched			0					
Sound Editor	1882	1882	83	83	unmatched			0					
Miner	164	164	83	83	old_other_bucket	Other	Worker/Business (small)	6					
Veterinary physician	151	151	82	82	unmatched			0					
Tailor	117	117	82	82	old_other_bucket	Other	Worker/Business (small)	6					
Investment Banker	115	115	80	80	unmatched			0					
Attorney at law	222	222	79	79	unmatched			0					
Jockey	705	705	78	78	ambiguous_old_mapping			96	Sports/Games > Sports/Games (77) | Culture > Culture-periphery (15) | Culture > Culture-core (4)				
Mechanical Engineer	252	252	78	78	unmatched			0					
Professional golfer	234	234	78	78	unmatched			0					
Aircrew	115	115	77	77	unmatched			0					
Flight attendant	115	115	77	77	unmatched			0					
Truck driver	110	110	77	77	unmatched			0					
Photojournalist	356	356	76	76	exact_text_candidate	Culture	Culture-core	13					
Supermodel	123	123	76	77	unmatched			0					
Magician	299	299	75	75	unmatched			0					
Jewelry designer	100	100	75	75	unmatched			0					
Bodybuilder	313	313	74	74	exact_text_candidate	Sports/Games	Sports/Games	9					
Humorist	119	119	74	74	exact_text_candidate	Culture	Culture-core	3					
Television Show Host	105	105	73	73	unmatched			0					
Software Engineer	286	286	72	72	unmatched			0					
Ski jumper	277	277	72	72	unmatched			0					
Bobsleigher	378	378	71	71	unmatched			0					
Real estate entrepreneur	107	107	71	71	unmatched			0					
Mangaka	434	434	70	70	unmatched			0					
Radio producer	173	173	69	69	unmatched			0					
Astrologer	258	258	68	68	old_other_bucket	Other	Other	10					
Character Actor	140	140	68	69	unmatched			0					
Luger	393	393	66	66	exact_text_candidate	Sports/Games	Sports/Games	94					
Narrator	150	150	66	66	unmatched			0					
Documentary Filmmaker	141	141	66	66	unmatched			0					
Art collector	100	100	66	66	unmatched			0					
Printmaker	163	163	65	65	exact_text_candidate	Culture	Culture-core	139					
Clerk	79	79	65	65	old_other_bucket	Other	Worker/Business (small)	4					
Stagehand	166	166	63	63	unmatched			0					
Surveyor	157	157	63	63	old_other_bucket	Other	Worker/Business (small)	20					
Clown	144	144	63	63	exact_text_candidate	Culture	Culture-core	15					
Industrialist	96	96	63	63	exact_text_candidate	Leadership	Corporate/Executive/Business (large)	80					
Stunt coordinator	288	288	62	62	unmatched			0					
Jazz Drummer	123	123	62	63	unmatched			0					
Peace activist	152	152	61	61	unmatched			0					
Conservationist	147	147	61	61	ambiguous_old_mapping			11	Leadership > Politics (9) | Discovery/Science > Academia (2)				
Televangelist	124	124	60	60	unmatched			0					
Naval Officer	101	101	60	60	unmatched			0					
Showgirl	76	76	60	60	exact_text_candidate	Culture	Culture-core	7					
Comics artist	225	225	59	59	unmatched			0					
Musicologist	207	207	59	60	exact_text_candidate	Discovery/Science	Academia	29					
Art dealer	165	165	59	59	unmatched			0					
Fighter pilot	114	114	59	59	unmatched			0					
Evangelist	103	103	59	59	exact_text_candidate	Leadership	Religious	20					
Game designer	567	567	58	58	unmatched			0					
Clarinetist	217	217	58	58	exact_text_candidate	Culture	Culture-core	1					
Cleric	202	202	58	58	exact_text_candidate	Leadership	Religious	247					
Advocate	151	151	58	58	exact_text_candidate	Leadership	Administration/Law	42					
Game Show Host	90	90	58	58	unmatched			0					
Impresario	113	113	57	57	exact_text_candidate	Culture	Culture-core	42					
Nobleman	70	70	57	57	unmatched			0					
Storyboard Artist	256	256	56	56	unmatched			0					
Curler	209	209	56	58	exact_text_candidate	Sports/Games	Sports/Games	172					
Sheriff	152	152	56	56	exact_text_candidate	Leadership	Administration/Law	53					
Triathlete	178	178	55	55	unmatched			0					
Gangster	96	96	55	55	old_other_bucket	Other	Other	21					
Memoirist	78	78	55	55	exact_text_candidate	Culture	Culture-core	25					
Pin-up girl	64	64	55	55	unmatched			0					
Visual Effects Artist	1173	1173	54	54	unmatched			0					
Acting Teacher	80	80	54	54	unmatched			0					
Short Track Speed Skater	448	448	53	53	unmatched			0					
Mafioso	330	330	53	53	old_other_bucket	Other	Other	3					
Editing	217	217	53	53	unmatched			0					
Construction worker	80	80	53	53	unmatched			0					
Cleaner	69	69	53	53	unmatched			0					
Advertising Executive	65	65	53	53	unmatched			0					
Seamstress	59	59	53	53	old_other_bucket	Other	Worker/Business (small)	2					
Meteorologist	228	228	52	52	exact_text_candidate	Discovery/Science	Academia	124					
Session musician	213	213	52	55	unmatched			0					
Samurai	105	105	52	52	exact_text_candidate	Leadership	Military	384					
Daimyo	92	92	52	52	exact_text_candidate	Leadership	Nobility	43					
Territorial lord	92	92	52	52	unmatched			0					
Pediatrician	107	107	51	51	exact_text_candidate	Discovery/Science	Academia	3					
Printer	101	101	51	51	old_other_bucket	Other	Worker/Business (small)	133					
Jazz Musician	94	94	51	51	unmatched			0					
Hair Stylist	986	986	50	50	unmatched			0					
Warlord	213	213	50	50	exact_text_candidate	Leadership	Military	75					
Music critic	144	144	50	50	unmatched			0					
Fiddler	256	256	49	49	exact_text_candidate	Culture	Culture-core	23					
Skateboarder	158	158	49	49	unmatched			0					
Orator	99	99	49	49	old_other_bucket	Other	Other	7					
Winemaker	99	99	49	49	exact_text_candidate	Leadership	Corporate/Executive/Business (large)	6					
Nun	95	95	49	49	exact_text_candidate	Leadership	Religious	202					
Trombonist	347	347	48	48	exact_text_candidate	Culture	Culture-core	7					
Flautist	224	224	48	49	exact_text_candidate	Culture	Culture-core	23					
Professional Poker Player	92	92	48	48	unmatched			0					
Opera Director (Profession)	86	86	48	48	unmatched			0					
Barber	75	75	48	48	old_other_bucket	Other	Worker/Business (small)	1					
Fitness professional	74	74	48	48	unmatched			0					
Circus Performer	60	60	48	48	unmatched			0					
Biochemist	113	113	47	47	exact_text_candidate	Discovery/Science	Academia	307					
Copywriter	2578	2578	46	47	unmatched			0					
Human rights activist	133	133	46	46	unmatched			0					
Philologist	116	116	46	46	exact_text_candidate	Discovery/Science	Academia	723					
Newspaper editor	87	87	46	46	unmatched			0					
Stage Manager	82	82	46	46	unmatched			0					
Impressionist	71	71	46	46	exact_text_candidate	Culture	Culture-core	5					
Baker	70	70	46	46	old_other_bucket	Other	Worker/Business (small)	6					
Weightlifter	337	337	45	45	exact_text_candidate	Sports/Games	Sports/Games	56					
SEM Professional	160	160	45	46	unmatched			0					
Internet marketing	151	151	45	46	unmatched			0					
Web analytics	150	150	45	46	unmatched			0					
Comic book creator	132	132	45	45	unmatched			0					
Cab Driver	68	68	45	45	unmatched			0					
Hotel Manager	56	56	45	45	unmatched			0					
Dressmaker	54	54	45	45	old_other_bucket	Other	Worker/Business (small)	3					
Bartender	92	92	44	44	unmatched			0					
Tribal chief	173	173	43	43	unmatched			0					
SEO Professional	146	146	43	44	unmatched			0					
Certified Public Accountant	137	137	43	43	unmatched			0					
Prosecutor	100	100	43	43	exact_text_candidate	Leadership	Administration/Law	5					
Stripper	95	95	43	43	unmatched			0					
General contractor	74	74	43	43	unmatched			0					
Trader	72	72	43	43	exact_text_candidate	Leadership	Corporate/Executive/Business (large)	29					
Venture capitalist	221	221	42	42	unmatched			0					
Instructor	91	91	42	42	exact_text_candidate	Discovery/Science	Academia	11					
Physiotherapist	85	85	42	42	exact_text_candidate	Discovery/Science	Academia	3					
Property caretaker	71	71	42	42	unmatched			0					
Veteran	71	71	42	42	exact_text_candidate	Leadership	Military	6					
Lighting Designer	359	359	41	41	unmatched			0					
Antiquarian	84	84	41	41	old_other_bucket	Other	Worker/Business (small)	29					
Lobbyist	70	70	41	41	exact_text_candidate	Leadership	Corporate/Executive/Business (large)	15					
Martial Arts Instructor	65	65	41	41	unmatched			0					
Butcher	63	63	41	41	old_other_bucket	Other	Worker/Business (small)	3					
Tennis coach	55	55	41	41	unmatched			0					
Naturalist	90	90	40	40	exact_text_candidate	Discovery/Science	Academia	195					
Laborer	65	65	40	40	unmatched			0					
Estate agent	58	58	40	40	unmatched			0					
Grocer	55	55	40	40	old_other_bucket	Other	Worker/Business (small)	5					
Graphic Artist	153	153	39	39	unmatched			0					
Security guard	77	77	39	39	unmatched			0					
School Administrator	71	71	39	39	unmatched			0					
Cowboy	69	69	39	39	ambiguous_old_mapping			10	Other > Other (9) | Sports/Games > Sports/Games (1)				
Literary agent	61	61	39	39	unmatched			0					
Rail transport worker	54	54	39	39	unmatched			0					
Chaplain	427	427	38	38	exact_text_candidate	Leadership	Religious	22					
Law professor	151	151	38	38	unmatched			0					
Geographer	134	134	38	38	exact_text_candidate	Discovery/Science	Academia	298					
Industrial designer	130	130	38	38	unmatched			0					
Radio Broadcaster	74	74	38	38	unmatched			0					
Satirist	61	61	38	38	exact_text_candidate	Culture	Culture-core	5					
Dance Teacher	58	58	38	38	unmatched			0					
Cabaret Artist	55	55	38	38	unmatched			0					
Bishop	122	122	37	37	exact_text_candidate	Leadership	Religious	914					
Beach Volleyball Player	113	113	37	37	unmatched			0					
Bus driver	44	44	37	37	unmatched			0					
Videographer	232	232	36	36	exact_text_candidate	Culture	Culture-periphery	3					
Runner	149	149	36	36	exact_text_candidate	Sports/Games	Sports/Games	197					
Monk	108	108	36	37	exact_text_candidate	Leadership	Religious	214					
Dramaturge	97	97	36	36	exact_text_candidate	Culture	Culture-core	2					
Civil rights activist	82	82	36	36	unmatched			0					
Geneticist	73	73	36	36	exact_text_candidate	Discovery/Science	Academia	166					
Voice teacher	58	58	36	36	unmatched			0					
Yoga Instructor	56	56	36	36	unmatched			0					
Postal worker	43	43	36	36	unmatched			0					
Student	135	135	35	35	unmatched			0					
Vocal coach	84	84	35	35	unmatched			0					
Nutritionist	78	78	35	35	exact_text_candidate	Discovery/Science	Academia	13					
Ice dancer	102	102	34	34	unmatched			0					
Guide	84	84	34	34	old_other_bucket	Other	Worker/Business (small)	7					
Media Personality	84	84	34	34	unmatched			0					
Gardener	70	70	34	34	old_other_bucket	Other	Worker/Business (small)	49					
Exotic dancer	53	53	34	34	unmatched			0					
Dance Instructor	48	48	34	34	unmatched			0					
House painter and decorator	42	42	34	34	unmatched			0					
Trade unionist	103	103	33	33	unmatched			0					
Zoologist	92	92	33	33	exact_text_candidate	Discovery/Science	Academia	478					
Bodyguard	70	70	33	33	old_other_bucket	Other	Worker/Business (small)	1					
Animation Director	232	232	32	32	unmatched			0					
Special Effects Artist	210	210	32	32	unmatched			0					
Nordic combined skier	105	105	32	32	unmatched			0					
Cattle Rancher	61	61	32	32	unmatched			0					
Impersonator	61	61	32	32	old_other_bucket	Other	Other	1					
TV chef	61	61	32	32	unmatched			0					
Humanitarian	45	45	32	32	exact_text_candidate	Leadership	Politics	21					
Bookkeeper	42	42	32	32	unmatched			0					
Jeweller	41	41	32	32	old_other_bucket	Other	Worker/Business (small)	33					
Shoemaker	40	40	32	32	unmatched			0					
Bank cashier	39	39	32	32	unmatched			0					
Motorcycle Racer	160	160	31	31	unmatched			0					
Torero	114	114	31	31	exact_text_candidate	Sports/Games	Sports/Games	37					
Urban planner	100	100	31	31	unmatched			0					
Fisherman	93	93	31	31	unmatched			0					
Music pedagogue	90	90	31	31	unmatched			0					
Academician	78	78	31	31	unmatched			0					
Artistic Director	70	70	31	31	unmatched			0					
Sports agent	70	70	31	31	unmatched			0					
Art Teacher	50	50	31	31	unmatched			0					
Mail carrier	48	48	31	31	unmatched			0					
Auto mechanic	42	42	31	31	unmatched			0					
Shadetree mechanic	42	42	31	31	unmatched			0					
Web Developer	92	92	30	30	unmatched			0					
Landlord	52	52	30	30	unmatched			0					
Financial Analyst	51	51	30	30	unmatched			0					
Mime artist	46	46	30	30	unmatched			0					
Chemical engineer	74	74	29	29	unmatched			0					
Celebrity chef	57	57	29	29	unmatched			0					
Blacksmith	45	45	29	29	old_other_bucket	Other	Worker/Business (small)	10					
Condottiere	40	40	29	29	unmatched			0					
Gynecologist	36	36	29	29	unmatched			0					
Coal Miner	35	35	29	29	unmatched			0					
TV Meteorologist	124	124	28	28	unmatched			0					
Oboist	121	121	28	28	exact_text_candidate	Culture	Culture-core	38					
Neuroscientist	79	79	28	28	exact_text_candidate	Discovery/Science	Academia	138					
Spy	66	66	28	28	exact_text_candidate	Leadership	Military	64					
EMS Professional	58	58	28	28	unmatched			0					
Media proprietor	54	54	28	28	unmatched			0					
Food critic	53	53	28	28	unmatched			0					
Landscape architect	50	50	28	28	unmatched			0					
Cardiologist	44	44	28	28	exact_text_candidate	Discovery/Science	Academia	29					
Plastic Surgeon	44	44	28	28	unmatched			0					
Theatre Manager	35	35	28	28	unmatched			0					
Sound Technician	849	849	27	27	unmatched			0					
Recording Engineer (Film job)	510	510	27	28	unmatched			0					
Special Effects Supervisor	296	296	27	27	unmatched			0					
Public Servant	126	126	27	27	unmatched			0					
SEO strategist	78	78	27	27	unmatched			0					
Diver	72	72	27	27	exact_text_candidate	Sports/Games	Sports/Games	108					
Cryptographer	56	56	27	27	old_other_bucket	Other	Worker/Business (small)	12					
Plumber	51	51	27	27	old_other_bucket	Other	Worker/Business (small)	1					
Visual Effects Supervisor	543	543	26	26	unmatched			0					
Skeleton racer	234	234	26	26	unmatched			0					
Music editor	176	176	26	26	unmatched			0					
Harpsichordist	123	123	26	26	exact_text_candidate	Culture	Culture-core	39					
Music director	75	75	26	26	unmatched			0					
Harpist	69	69	26	26	exact_text_candidate	Culture	Culture-core	30					
Speechwriter	62	62	26	26	exact_text_candidate	Culture	Culture-core	2					
Pathologist	58	58	26	26	exact_text_candidate	Discovery/Science	Academia	64					
Shopkeeper	36	36	26	26	exact_text_candidate	Leadership	Corporate/Executive/Business (large)	6					
Roman emperor	26	26	26	26	unmatched			0					
Cardinal	101	101	25	25	exact_text_candidate	Leadership	Religious	552					
Magistrate	73	73	25	25	unmatched			0					
Presenter (Profession) #27	71	71	25	25	unmatched			0					
Analyst	60	60	25	25	old_other_bucket	Other	Worker/Business (small)	7					
Imam	60	60	25	25	exact_text_candidate	Leadership	Religious	78					
Neurologist	53	53	25	25	exact_text_candidate	Discovery/Science	Academia	88					
Bricklayer	39	39	25	25	old_other_bucket	Other	Worker/Business (small)	1					
Acrobat	34	34	25	25	unmatched			0					
Holy Roman Emperor	25	25	25	25	unmatched			0					
Sound Recordist	515	515	24	24	unmatched			0					
Gravure idol	104	104	24	24	unmatched			0					
Web designer	95	95	24	24	unmatched			0					
Strategist	72	72	24	24	unmatched			0					
Public Relations	62	62	24	24	unmatched			0					
Newspaper publisher	37	37	24	24	unmatched			0					
Anesthesiologist	34	34	24	24	exact_text_candidate	Discovery/Science	Academia	1					
Breeder	32	32	24	24	old_other_bucket	Other	Worker/Business (small)	14					
Welder	27	27	24	24	old_other_bucket	Other	Worker/Business (small)	1					
Special Effects Technician	373	373	23	23	unmatched			0					
Pirate	196	196	23	23	exact_text_candidate	Leadership	Military	27					
TV Program Creator	121	121	23	23	unmatched			0					
Astrophysicist	65	65	23	23	exact_text_candidate	Discovery/Science	Academia	104					
Chartered Accountant	63	63	23	23	unmatched			0					
Digital Marketer	57	57	23	23	unmatched			0					
Theater Performer	51	51	23	23	unmatched			0					
Military engineer	43	43	23	23	unmatched			0					
Film Historian	42	42	23	23	unmatched			0					
Crime writer	38	38	23	23	unmatched			0					
Folklorist	37	37	23	23	exact_text_candidate	Culture	Culture-core	25					
Generalissimo	34	34	23	23	unmatched			0					
Art Model	30	30	23	23	unmatched			0					
Housekeeper	29	29	23	23	old_other_bucket	Other	Worker/Business (small)	1					
Courtier	28	28	23	23	old_other_bucket	Other	Worker/Business (small)	112					
Structural engineer	102	102	22	22	unmatched			0					
Scenographer	71	71	22	22	exact_text_candidate	Culture	Culture-core	62					
Palaeontologist	59	59	22	22	exact_text_candidate	Discovery/Science	Academia	255					
Cultural critic	40	40	22	22	unmatched			0					
Interior Decorator	29	29	22	22	unmatched			0					
Military aviator	29	29	22	22	unmatched			0					
Strongman	198	198	21	21	exact_text_candidate	Sports/Games	Sports/Games	1					
Video Game Producer	181	181	21	21	unmatched			0					
Archivist	72	72	21	21	exact_text_candidate	Discovery/Science	Academia	101					
Engraver	72	72	21	21	exact_text_candidate	Culture	Culture-periphery	458					
Online Marketing Professional	63	63	21	21	unmatched			0					
Bookseller	58	58	21	21	old_other_bucket	Other	Worker/Business (small)	63					
Chiropractor	50	50	21	21	unmatched			0					
Dialect coach	47	47	21	21	unmatched			0					
Tutor	40	40	21	21	exact_text_candidate	Sports/Games	Sports/Games	2					
Revolutionary	35	35	21	21	exact_text_candidate	Leadership	Politics	136					
Aerialist	34	34	21	21	unmatched			0					
Potter	32	32	21	21	old_other_bucket	Other	Worker/Business (small)	32					
Counselor	30	30	21	21	old_other_bucket	Other	Worker/Business (small)	2					
Maid	27	27	21	21	unmatched			0					
Steelworker	22	22	21	21	unmatched			0					
accordionist	137	137	20	20	exact_text_candidate	Culture	Culture-core	2					
Opera composer	103	103	20	20	unmatched			0					
Bishop (Religious Leadership Title) #112	78	78	20	20	unmatched			0					
Ethnographer	62	62	20	20	unmatched			0					
Script supervisor	57	57	20	20	unmatched			0					
Private investigator	49	49	20	20	unmatched			0					
Magician (Profession) #81	48	48	20	20	unmatched			0					
High Priest	46	46	20	20	unmatched			0					
ADR Director	45	45	20	20	unmatched			0					
Illusionist	44	44	20	20	exact_text_candidate	Culture	Culture-core	3					
Paramedic	41	41	20	20	exact_text_candidate	Discovery/Science	Academia	7					
Medic	37	37	20	20	unmatched			0					
Public Relations Executive	36	36	20	20	unmatched			0					
Ventriloquist	36	36	20	20	exact_text_candidate	Culture	Culture-core	2					
Ballroom Dancer	35	35	20	20	unmatched			0					
Machinist	34	34	20	20	old_other_bucket	Other	Worker/Business (small)	1					
Political Consultant	33	33	20	20	unmatched			0					
Baseball Umpire	293	293	19	19	unmatched			0					
Voice acting in Japan	154	154	19	19	unmatched			0					
Electronic musician	108	108	19	20	unmatched			0					
Remixer	100	100	19	19	unmatched			0					
Internet Marketer	74	74	19	19	unmatched			0					
Detective	72	72	19	19	old_other_bucket	Other	Worker/Business (small)	1					
Webmaster	58	58	19	19	unmatched			0					
Democracy activist	54	54	19	19	unmatched			0					
Entomologist	51	51	19	19	exact_text_candidate	Discovery/Science	Academia	249					
Fashion Photographer	41	41	19	19	unmatched			0					
College gymnast	31	31	19	19	unmatched			0					
Lexicographer	90	90	18	18	exact_text_candidate	Discovery/Science	Academia	121					
Rebel	88	88	18	18	exact_text_candidate	Leadership	Military	51					
Keytarist	45	45	18	18	unmatched			0					
Clinical psychologist	42	42	18	18	unmatched			0					
Ophthalmologist	40	40	18	18	exact_text_candidate	Discovery/Science	Academia	99					
Massage therapist	34	34	18	18	unmatched			0					
Newspaper	32	32	18	18	unmatched			0					
Paralegal	31	31	18	18	unmatched			0					
Boss	29	29	18	18	unmatched			0					
Music Manager	26	26	18	18	unmatched			0					
Video game designer	345	345	17	17	unmatched			0					
Tattoo artist	68	68	17	17	unmatched			0					
Flight engineer	61	61	17	17	unmatched			0					
/m/02h65y5	59	59	17	17	unmatched			0					
Skier	59	59	17	17	exact_text_candidate	Sports/Games	Sports/Games	605					
Still Photographer	46	46	17	17	unmatched			0					
Psychic	45	45	17	17	old_other_bucket	Other	Other	5					
Cheerleader	39	39	17	17	old_other_bucket	Other	Other	2					
Muralist	36	36	17	17	exact_text_candidate	Culture	Culture-periphery	6					
Agronomist	32	32	17	17	exact_text_candidate	Discovery/Science	Academia	88					
Contemporary artist	32	32	17	17	unmatched			0					
Chauffeur	31	31	17	17	old_other_bucket	Other	Worker/Business (small)	2					
Groom of the Stool	31	31	17	17	unmatched			0					
Medical Doctor	28	28	17	17	unmatched			0					
Film Distributor	27	27	17	17	unmatched			0					
Retailer	21	21	17	17	old_other_bucket	Other	Worker/Business (small)	1					
Switchboard operator	19	19	17	17	unmatched			0					
Mixing engineer	403	403	16	16	unmatched			0					
Property Master	176	176	16	16	unmatched			0					
Professional Chess Player	57	57	16	16	unmatched			0					
Microbiologist	50	50	16	16	unmatched			0					
Lifeguard	39	39	16	16	unmatched			0					
Justice of the peace	38	38	16	16	unmatched			0					
Radio jockey	38	38	16	16	unmatched			0					
Nanny	32	32	16	16	old_other_bucket	Other	Worker/Business (small)	1					
Business consultant	30	30	16	16	unmatched			0					
Penciller	29	29	16	16	exact_text_candidate	Culture	Culture-core	24					
Sports analyst	29	29	16	16	unmatched			0					
Watchmaker	29	29	16	16	old_other_bucket	Other	Worker/Business (small)	33					
Stevedore	28	28	16	16	unmatched			0					
Bouncer	25	25	16	16	unmatched			0					
Cosmetologist	25	25	16	16	unmatched			0					
Horse breeder	24	24	16	16	unmatched			0					
Dermatologist	23	23	16	16	exact_text_candidate	Discovery/Science	Academia	26					
Obstetrician	21	21	16	16	exact_text_candidate	Discovery/Science	Academia	20					
Building contractor	18	18	16	16	unmatched			0					
Special Makeup Effects Artist	223	223	15	15	unmatched			0					
SEO	60	60	15	16	unmatched			0					
Internet Entrepreneur	57	57	15	15	unmatched			0					
Physiologist	51	51	15	15	exact_text_candidate	Discovery/Science	Academia	131					
Marketing Consultant	46	46	15	15	unmatched			0					
Ulama	38	38	15	15	exact_text_candidate	Sports/Games	Sports/Games	8					
Ballet master	37	37	15	15	unmatched			0					
Futurist	34	34	15	15	exact_text_candidate	Discovery/Science	Explorer/Inventor/Developer	2					
Porter	31	31	15	15	unmatched			0					
Seaman	27	27	15	15	unmatched			0					
Tour guide	27	27	15	15	unmatched			0					
Music publisher (Profession) #1	26	26	15	15	unmatched			0					
Railroad engineer	26	26	15	15	unmatched			0					
Showman	22	22	15	15	unmatched			0					
Gymnastics Coach	21	21	15	15	unmatched			0					
Nurse practitioner	21	21	15	15	unmatched			0					
Children's book author	20	20	15	15	unmatched			0					
Travel Agent	20	20	15	15	unmatched			0					
Crown Princess	16	16	15	15	unmatched			0					
Railroad worker	15	15	15	15	unmatched			0					
Drag queen	111	111	14	14	unmatched			0					
Prostitute	90	90	14	14	old_other_bucket	Other	Other	5					
Music Theorist	43	43	14	14	unmatched			0					
Ornithologist	43	43	14	14	exact_text_candidate	Discovery/Science	Academia	201					
Adult model	34	34	14	14	unmatched			0					
Saxophone player	34	34	14	14	unmatched			0					
Funeral director	33	33	14	14	unmatched			0					
Landholder	28	28	14	14	unmatched			0					
Radiologist	28	28	14	14	exact_text_candidate	Discovery/Science	Academia	7					
Air Force Officer	25	25	14	14	unmatched			0					
Flamenco Dancer	25	25	14	14	unmatched			0					
telecommunications expert	25	25	14	14	unmatched			0					
Bookmaker	24	24	14	14	old_other_bucket	Other	Worker/Business (small)	4					
Airline Pilot	21	21	14	14	unmatched			0					
Juggler	20	20	14	14	unmatched			0					
Midwife	20	20	14	14	old_other_bucket	Other	Worker/Business (small)	7					
Logician	19	19	14	14	exact_text_candidate	Discovery/Science	Academia	11					
Aeronautical Engineer	18	18	14	14	unmatched			0					
Swimming coach	18	18	14	14	unmatched			0					
United States Naval Aviator	18	18	14	14	unmatched			0					
Child model	15	15	14	14	unmatched			0					
Shop Owner	15	15	14	14	unmatched			0					
Eastern Roman Emperor	14	14	14	14	unmatched			0					
Foreman	14	14	14	14	unmatched			0					
Stunt Double	76	76	13	13	unmatched			0					
Bureaucrat	54	54	13	13	exact_text_candidate	Leadership	Administration/Law	29					
Sculpture	49	49	13	13	exact_text_candidate	Culture	Culture-core	1					
Software Architect	45	45	13	13	unmatched			0					
Luthier	44	44	13	13	old_other_bucket	Other	Worker/Business (small)	18					
Multimedia artist	40	40	13	13	unmatched			0					
Helicopter Pilot	37	37	13	13	unmatched			0					
Educationalist	34	34	13	13	unmatched			0					
Interpreter	33	33	13	13	exact_text_candidate	Culture	Culture-core	24					
Airman	32	32	13	13	exact_text_candidate	Leadership	Military	5					
Financial planner	25	25	13	13	unmatched			0					
Flight instructor	24	24	13	13	unmatched			0					
Forester	24	24	13	13	old_other_bucket	Other	Worker/Business (small)	14					
Furniture Designer	24	24	13	13	unmatched			0					
Calligrapher	22	22	13	13	exact_text_candidate	Culture	Culture-periphery	43					
Professional Wrestling Referee	22	22	13	13	unmatched			0					
Handyman	17	17	13	13	unmatched			0					
Janitor	16	16	13	13	unmatched			0					
Kindergarten Teacher	16	16	13	13	unmatched			0					
Legal secretary	16	16	13	13	unmatched			0					
Furrier	13	13	13	13	unmatched			0					
Compositor	464	464	12	12	unmatched			0					
Visual Effects Producer	316	316	12	12	unmatched			0					
Pastry chef	58	58	12	12	unmatched			0					
Science-fiction writer	54	54	12	12	unmatched			0					
Criminologist	52	52	12	12	exact_text_candidate	Discovery/Science	Academia	25					
Game creator	49	49	12	12	unmatched			0					
Music Educator	48	48	12	12	unmatched			0					
Molecular Biologist	35	35	12	12	unmatched			0					
Test pilot	35	35	12	12	unmatched			0					
Military Leader	29	29	12	12	unmatched			0					
SEO Professional (Profession) #1	28	28	12	12	unmatched			0					
Dietitian	27	27	12	12	old_other_bucket	Other	Worker/Business (small)	4					
Ethnologist	24	24	12	12	exact_text_candidate	Discovery/Science	Academia	74					
Instrument maker	24	24	12	12	unmatched			0					
Gospel singer	23	23	12	12	unmatched			0					
Racketeering	23	23	12	12	unmatched			0					
Ballet Teacher	21	21	12	12	unmatched			0					
Electronic Engineer	21	21	12	12	unmatched			0					
Hatter	21	21	12	12	old_other_bucket	Other	Worker/Business (small)	1					
Goldsmith	20	20	12	12	exact_text_candidate	Culture	Culture-periphery	73					
Auctioneer	19	19	12	12	old_other_bucket	Other	Worker/Business (small)	8					
Customs officer	19	19	12	12	unmatched			0					
Internist	19	19	12	12	exact_text_candidate	Discovery/Science	Academia	43					
Women's rights activist	19	19	12	12	unmatched			0					
Mental health professional	18	18	12	12	unmatched			0					
Officer of the court	18	18	12	12	unmatched			0					
Florist	16	16	12	12	old_other_bucket	Other	Worker/Business (small)	1					
Governess	16	16	12	12	unmatched			0					
Lieutenant	16	16	12	12	exact_text_candidate	Leadership	Military	183					
Monologist	16	16	12	12	unmatched			0					
Occupational Therapist	16	16	12	12	unmatched			0					
Voice coach	16	16	12	12	unmatched			0					
Social Critic	14	14	12	12	unmatched			0					
Clothing designer	13	13	12	12	unmatched			0					
White-collar worker	12	12	12	12	unmatched			0					
Executioner	59	59	11	11	exact_text_candidate	Leadership	Military	12					
Ecologist	51	51	11	11	ambiguous_old_mapping			172	Discovery/Science > Academia (163) | Leadership > Politics (9)				
Video Artist	49	49	11	11	unmatched			0					
Video game development	44	44	11	11	unmatched			0					
Gaffer (Profession)	43	43	11	11	unmatched			0					
Ophthalmology	42	42	11	11	unmatched			0					
Digital marketing	37	37	11	12	unmatched			0					
Drafter	37	37	11	11	unmatched			0					
General practitioner	36	36	11	11	unmatched			0					
Confidence artist	35	35	11	11	unmatched			0					
Street artist	35	35	11	11	unmatched			0					
Trampoline Gymnast	35	35	11	11	unmatched			0					
College Administrator	33	33	11	11	unmatched			0					
Second Unit Director	33	33	11	11	unmatched			0					
Installation Artist	30	30	11	11	unmatched			0					
Sports Reporter	30	30	11	11	unmatched			0					
Oceanographer	29	29	11	11	exact_text_candidate	Discovery/Science	Academia	30					
Search Engine Optimization	29	29	11	11	unmatched			0					
Geophysicist	28	28	11	11	unmatched			0					
Conservator-restorer	23	23	11	11	unmatched			0					
Corporate lawyer	22	22	11	11	unmatched			0					
Event planner	22	22	11	11	unmatched			0					
Guru	20	20	11	11	exact_text_candidate	Leadership	Religious	17					
Inker	20	20	11	11	unmatched			0					
Freelance Writer	19	19	11	11	unmatched			0					
Radio announcer	18	18	11	11	unmatched			0					
Cantor	17	17	11	11	unmatched			0					
Caterer	17	17	11	11	unmatched			0					
Illegal drug dealer	16	16	11	11	unmatched			0					
Retired	16	16	11	11	unmatched			0					
Court reporter	13	13	11	11	unmatched			0					
Rodeo performer	13	13	11	11	unmatched			0					
Speech therapist	13	13	11	11	unmatched			0					
Foley Artist	198	198	10	10	unmatched			0					
Game programmer	112	112	10	10	unmatched			0					
Conquistador	51	51	10	10	exact_text_candidate	Discovery/Science	Explorer/Inventor/Developer	15					
m/0513qg_	48	48	10	10	unmatched			0					
Climber	39	39	10	10	unmatched			0					
Mountain guide	36	36	10	10	unmatched			0					
Information Technologist	33	33	10	10	unmatched			0					
Director of audiography	31	31	10	10	unmatched			0					
Drug lord	28	28	10	10	unmatched			0					
Picture editor	26	26	10	10	unmatched			0					
Postmaster	24	24	10	10	old_other_bucket	Other	Worker/Business (small)	5					
Horse breeding	23	23	10	10	unmatched			0					
Oncologist	23	23	10	10	exact_text_candidate	Discovery/Science	Academia	16					
Boxing Coach	21	21	10	10	unmatched			0					
Epidemiologist	21	21	10	10	exact_text_candidate	Discovery/Science	Academia	45					
Rally Driver	21	21	10	10	unmatched			0					
Union organizer	21	21	10	10	unmatched			0					
Optician	20	20	10	10	old_other_bucket	Other	Worker/Business (small)	7					
Consul	19	19	10	10	exact_text_candidate	Leadership	Politics	37					
Concertmaster	18	18	10	10	exact_text_candidate	Culture	Culture-core	12					
Dog trainer	18	18	10	10	unmatched			0					
Avatar of Vashanka	16	16	10	10	unmatched			0					
Son of the Storm God	16	16	10	10	unmatched			0					
Warrior	16	16	10	10	exact_text_candidate	Leadership	Military	33					
Court clerk	15	15	10	10	unmatched			0					
Stonemason	15	15	10	10	old_other_bucket	Other	Worker/Business (small)	10					
Studio executive	15	15	10	10	unmatched			0					
Computer professional	14	14	10	10	unmatched			0					
Stenographer	14	14	10	10	exact_text_candidate	Culture	Culture-core	2					
Auditor	13	13	10	10	old_other_bucket	Other	Worker/Business (small)	2					
Nuclear Physicist	13	13	10	10	unmatched			0					
Usurper	13	13	10	10	unmatched			0					
Spiritual teacher	12	12	10	10	unmatched			0					
Graduate student	78	78	9	9	unmatched			0					
Production Manager (Band)	72	72	9	9	unmatched			0					
Ufologists	65	65	9	9	unmatched			0					
Lighting technician	56	56	9	9	unmatched			0					
Beekeeper	33	33	9	9	old_other_bucket	Other	Worker/Business (small)	6					
Corporate officer	31	31	9	9	unmatched			0					
Marine biologist	29	29	9	9	unmatched			0					
Egyptologist	27	27	9	9	exact_text_candidate	Discovery/Science	Academia	58					
Media consultant	22	22	9	9	unmatched			0					
Travel writer	22	22	9	9	unmatched			0					
Ethnomusicologist	19	19	9	9	unmatched			0					
Fight Choreographer	19	19	9	9	unmatched			0					
Software Tester	19	19	9	9	unmatched			0					
Special Agent	19	19	9	9	unmatched			0					
Boxing Trainer	18	18	9	9	unmatched			0					
Cardiac surgeon	18	18	9	9	unmatched			0					
Emergency medical technician	18	18	9	9	unmatched			0					
Neurosurgeon	18	18	9	9	unmatched			0					
News producer	18	18	9	9	unmatched			0					
Polymath	17	17	9	9	exact_text_candidate	Discovery/Science	Academia	7					
Bacteriologist	16	16	9	9	exact_text_candidate	Discovery/Science	Academia	25					
Brewer	16	16	9	9	old_other_bucket	Other	Worker/Business (small)	25					
Jeweller (Film job)	16	16	9	9	unmatched			0					
Mineralogist	16	16	9	9	exact_text_candidate	Discovery/Science	Academia	66					
Political strategist	16	16	9	9	unmatched			0					
Web Analyst	16	16	9	9	unmatched			0					
Landscaper	15	15	9	9	unmatched			0					
Level 10 gymnast	14	14	9	9	unmatched			0					
Mining Engineer	14	14	9	9	unmatched			0					
Tax collector	13	13	9	9	unmatched			0					
Gossip columnist	12	12	9	9	unmatched			0					
Hypnotist	12	12	9	9	unmatched			0					
Adventurer	11	11	9	9	exact_text_candidate	Discovery/Science	Explorer/Inventor/Developer	14					
Haberdasher	11	11	9	9	unmatched			0					
Speech-language pathologist	10	10	9	9	unmatched			0					
Tool and die maker	10	10	9	9	unmatched			0					
Dental hygienist	9	9	9	9	unmatched			0					
Salaryman	9	9	9	9	unmatched			0					
Usher	9	9	9	9	unmatched			0					
Boom Operator	272	272	8	8	unmatched			0					
Japanese idol	47	47	8	8	unmatched			0					
Vlogger	46	46	8	8	unmatched			0					
Character Designer	45	45	8	8	unmatched			0					
Editorial Writer	45	45	8	8	unmatched			0					
Lecturer	42	42	8	8	exact_text_candidate	Discovery/Science	Academia	31					
Script editor	42	42	8	8	unmatched			0					
Sound Director	38	38	8	8	unmatched			0					
Cartographer	32	32	8	8	exact_text_candidate	Discovery/Science	Academia	103					
Executive officer	32	32	8	8	unmatched			0					
Patent attorney	31	31	8	8	unmatched			0					
Food writer	30	30	8	8	unmatched			0					
Sommelier	28	28	8	8	old_other_bucket	Other	Worker/Business (small)	2					
Music Journalist	27	27	8	8	unmatched			0					
Voice Director	25	25	8	8	unmatched			0					
Pastoralist	23	23	8	8	unmatched			0					
Engineering technologist	21	21	8	8	unmatched			0					
Evolutionary Biologist	20	20	8	8	unmatched			0					
Lithographer	20	20	8	8	exact_text_candidate	Culture	Culture-core	131					
News director	20	20	8	8	unmatched			0					
Bowler	19	19	8	8	exact_text_candidate	Sports/Games	Sports/Games	7					
Caricaturist	19	19	8	8	exact_text_candidate	Culture	Culture-periphery	49					
Life Coach	18	18	8	8	unmatched			0					
Traveler	17	17	8	8	exact_text_candidate	Discovery/Science	Explorer/Inventor/Developer	1					
Arts Administrator	16	16	8	8	unmatched			0					
Canon	16	16	8	8	unmatched			0					
City council	16	16	8	8	unmatched			0					
Ethicist	16	16	8	8	exact_text_candidate	Discovery/Science	Academia	2					
Marine engineer	16	16	8	8	unmatched			0					
Pool Player	16	16	8	8	unmatched			0					
Labour leader	15	15	8	8	unmatched			0					
Pharmacologist	15	15	8	8	exact_text_candidate	Discovery/Science	Academia	46					
Weaver	15	15	8	8	old_other_bucket	Other	Worker/Business (small)	11					
Bounty hunter	14	14	8	8	unmatched			0					
Deacon	14	14	8	8	exact_text_candidate	Leadership	Religious	35					
Draftsman	14	14	8	8	exact_text_candidate	Culture	Culture-core	1					
Planter	14	14	8	8	old_other_bucket	Other	Worker/Business (small)	18					
Public Relations Consultant	14	14	8	8	unmatched			0					
Raconteur	14	14	8	8	unmatched			0					
Aircraft designer	13	13	8	8	unmatched			0					
Boat builder	13	13	8	8	unmatched			0					
Diarist	13	13	8	8	exact_text_candidate	Culture	Culture-core	57					
Entertainment Lawyer	13	13	8	8	unmatched			0					
Hypnotherapist	13	13	8	8	unmatched			0					
Lieutenant colonel	13	13	8	8	unmatched			0					
Computer systems analyst	12	12	8	8	unmatched			0					
Pamphleteer	12	12	8	8	exact_text_candidate	Leadership	Politics	5					
Shoe designer	12	12	8	8	unmatched			0					
Vedette	12	12	8	8	unmatched			0					
Road manager	11	11	8	8	unmatched			0					
Textile worker	11	11	8	8	unmatched			0					
Tour promoter	11	11	8	8	unmatched			0					
Cook (Profession) #121	10	10	8	8	unmatched			0					
Ironworker	10	10	8	8	unmatched			0					
Medical technologist	9	9	8	8	unmatched			0					
Sensei	9	9	8	8	unmatched			0					
Storekeeper	9	9	8	8	unmatched			0					
Investment broker	8	8	8	8	unmatched			0					
Public intellectual	8	8	8	8	unmatched			0					
Tenant farmer	8	8	8	8	unmatched			0					
Vietnam veteran	8	8	8	8	unmatched			0					
Digital Compositor	310	310	7	7	unmatched			0					
Digital Artist	174	174	7	7	unmatched			0					
Set Dresser	152	152	7	7	unmatched			0					
Title Designer	111	111	7	7	unmatched			0					
Cinematography	78	78	7	7	unmatched			0					
Mandolinist	68	68	7	7	exact_text_candidate	Culture	Culture-core	1					
Theatrical Set Designer	47	47	7	7	unmatched			0					
Scenic Artist	44	44	7	7	unmatched			0					
Homeopath	29	29	7	7	exact_text_candidate	Discovery/Science	Academia	7					
Didgeridooist	26	26	7	7	unmatched			0					
Arranger (Profession)	25	25	7	7	unmatched			0					
Literary Scholar	25	25	7	7	unmatched			0					
Air traffic controller	23	23	7	7	unmatched			0					
Anatomist	23	23	7	7	exact_text_candidate	Discovery/Science	Academia	92					
Lumberjack	23	23	7	7	unmatched			0					
Cossack	20	20	7	7	unmatched			0					
Carpenter	19	19	7	7	old_other_bucket	Other	Worker/Business (small)	10					
Miller	19	19	7	7	old_other_bucket	Other	Worker/Business (small)	7					
Set Production Assistant	19	19	7	7	unmatched			0					
Softball Player	19	19	7	7	unmatched			0					
Gunsmith	18	18	7	7	old_other_bucket	Other	Worker/Business (small)	11					
Ironmaster	17	17	7	7	old_other_bucket	Other	Worker/Business (small)	14					
Agriculturist	16	16	7	7	old_other_bucket	Other	Worker/Business (small)	4					
Animal training	16	16	7	7	unmatched			0					
Dubbing Director	16	16	7	7	unmatched			0					
Lacrosse Player	16	16	7	7	unmatched			0					
Technical advisor	16	16	7	7	unmatched			0					
Rum-running	15	15	7	7	unmatched			0					
Stock trader	14	14	7	7	unmatched			0					
Stylist	14	14	7	7	exact_text_candidate	Culture	Culture-periphery	8					
Farmworker	13	13	7	7	unmatched			0					
Independent contractor	13	13	7	7	unmatched			0					
Pioneer	13	13	7	7	unmatched			0					
Blogger (Website)	12	12	7	7	unmatched			0					
Crystallographer	12	12	7	7	exact_text_candidate	Discovery/Science	Academia	8					
Fashion Editor	12	12	7	7	unmatched			0					
Jazz Composer	12	12	7	7	unmatched			0					
Podiatrist	12	12	7	7	unmatched			0					
Telegraphist	12	12	7	7	unmatched			0					
Actuary	11	11	7	7	old_other_bucket	Other	Worker/Business (small)	7					
Civil Rights Advocate	11	11	7	7	unmatched			0					
Dental assistant	11	11	7	7	unmatched			0					
Metalsmith	11	11	7	7	unmatched			0					
Fireman	10	10	7	7	unmatched			0					
Methodist minister	10	10	7	7	unmatched			0					
Typesetting	10	10	7	7	unmatched			0					
Bank manager	9	9	7	7	unmatched			0					
Combat medic	9	9	7	7	unmatched			0					
Furniture Maker	9	9	7	7	unmatched			0					
Gallery Owner	9	9	7	7	unmatched			0					
Lady-in-waiting	9	9	7	7	unmatched			0					
Theater Manager	9	9	7	7	unmatched			0					
Bail bondsman	8	8	7	7	unmatched			0					
Construction Engineer	8	8	7	7	unmatched			0					
Criminal (Profession) #15	8	8	7	7	unmatched			0					
Medical assistant	8	8	7	7	unmatched			0					
Peddler	8	8	7	7	unmatched			0					
Script doctor	8	8	7	7	unmatched			0					
Clothing manufacturer	7	7	7	7	unmatched			0					
Laboratory Technician	7	7	7	7	unmatched			0					
Sound Effects Editor	347	347	6	6	unmatched			0					
Dialogue Editor	193	193	6	6	unmatched			0					
Costumer	159	159	6	6	unmatched			0					
Colourist	50	50	6	6	exact_text_candidate	Culture	Culture-periphery	4					
Rector	42	42	6	6	exact_text_candidate	Discovery/Science	Academia	26					
Rock Climber	34	34	6	6	unmatched			0					
Music publisher	33	33	6	6	unmatched			0					
Gamer	32	32	6	6	unmatched			0					
Visual Effects Designer	25	25	6	6	unmatched			0					
Digital Marketing Consultant	24	24	6	7	unmatched			0					
Classicist	23	23	6	6	exact_text_candidate	Discovery/Science	Academia	4					
Hazzan	22	22	6	6	exact_text_candidate	Leadership	Religious	1					
Graffiti artist	20	20	6	6	unmatched			0					
Information Technology Consultant	20	20	6	6	unmatched			0					
Turntablist	20	20	6	6	unmatched			0					
Inspector	19	19	6	6	exact_text_candidate	Leadership	Administration/Law	6					
Clockmaker	16	16	6	6	old_other_bucket	Other	Worker/Business (small)	10					
Gambler	16	16	6	6	old_other_bucket	Other	Other	2					
Key grip	16	16	6	6	unmatched			0					
Orthodontist	16	16	6	6	old_other_bucket	Other	Worker/Business (small)	2					
Contortionist	15	15	6	6	unmatched			0					
Graphic Novelist	15	15	6	6	unmatched			0					
Shepherd	15	15	6	6	unmatched			0					
Website content writer	15	15	6	6	unmatched			0					
Music Historian	14	14	6	6	unmatched			0					
Choreography	13	13	6	6	unmatched			0					
Dubber	13	13	6	6	unmatched			0					
Military Historian	13	13	6	6	unmatched			0					
Network administrator	13	13	6	6	unmatched			0					
Pimp	13	13	6	6	unmatched			0					
Theater Actress	13	13	6	6	unmatched			0					
Theoretical Physicist	13	13	6	6	unmatched			0					
Automotive Engineer	12	12	6	6	unmatched			0					
Emergency physician	12	12	6	6	unmatched			0					
Filibuster	12	12	6	6	unmatched			0					
Intellectual	12	12	6	6	exact_text_candidate	Discovery/Science	Academia	15					
School counselor	12	12	6	6	unmatched			0					
Civil Rights Leader	11	11	6	6	unmatched			0					
Mental health counselor	11	11	6	6	unmatched			0					
Silversmith	11	11	6	6	exact_text_candidate	Culture	Culture-core	53					
Textile artist	11	11	6	6	unmatched			0					
Zookeeper	11	11	6	6	old_other_bucket	Other	Worker/Business (small)	2					
Children's book illustrator	10	10	6	6	unmatched			0					
Dental technician	10	10	6	6	unmatched			0					
Fashion Consultant	10	10	6	6	unmatched			0					
Film distributor (Profession)	10	10	6	6	unmatched			0					
Fine art artist	10	10	6	6	unmatched			0					
Optometrist	10	10	6	6	unmatched			0					
Paratrooper	10	10	6	6	exact_text_candidate	Leadership	Military	5					
Actor-manager	9	9	6	6	unmatched			0					
Cognitive scientist	9	9	6	6	unmatched			0					
Computer repair technician	9	9	6	6	unmatched			0					
Concert Producer	9	9	6	6	unmatched			0					
Projectionist	9	9	6	6	unmatched			0					
Radio writer	9	9	6	6	unmatched			0					
Clinical Psychiatrist	8	8	6	6	unmatched			0					
Dispatcher	8	8	6	6	unmatched			0					
Greengrocer	8	8	6	6	unmatched			0					
Joiner	8	8	6	6	old_other_bucket	Other	Worker/Business (small)	12					
Station master	8	8	6	6	unmatched			0					
Syndicated columnist	8	8	6	6	unmatched			0					
Wrestling Promoter	8	8	6	6	unmatched			0					
Cloth merchant	7	7	6	6	unmatched			0					
Driller	7	7	6	6	unmatched			0					
Garment Worker	7	7	6	6	unmatched			0					
Company Secretary	6	6	6	6	unmatched			0					
Educational psychologist	6	6	6	6	unmatched			0					
Innkeeper	6	6	6	6	old_other_bucket	Other	Worker/Business (small)	1					
Minstrel	6	6	6	6	unmatched			0					
Traveling Salesman	6	6	6	6	unmatched			0					
TV Art Director	93	93	5	5	unmatched			0					
Costume Supervisor	88	88	5	5	unmatched			0					
Canadian football player	35	35	5	5	unmatched			0					
American Football Official	27	27	5	5	unmatched			0					
Wardrobe supervisor	27	27	5	5	unmatched			0					
Neurosurgery	25	25	5	5	unmatched			0					
Puppet Designer	25	25	5	5	unmatched			0					
Bioinformatician	23	23	5	5	exact_text_candidate	Discovery/Science	Academia	48					
Constable	23	23	5	5	unmatched			0					
Line producer	22	22	5	5	unmatched			0					
Unit production manager	21	21	5	5	unmatched			0					
Business Owner	20	20	5	5	unmatched			0					
Draper	19	19	5	5	unmatched			0					
Immunologist	19	19	5	5	exact_text_candidate	Discovery/Science	Academia	51					
Marksman	19	19	5	5	unmatched			0					
Snooker player	18	18	5	5	unmatched			0					
Social entrepreneur	18	18	5	5	unmatched			0					
Fetish model	17	17	5	5	unmatched			0					
Publican	17	17	5	5	unmatched			0					
Naval Architect	15	15	5	5	unmatched			0					
Special Effects Designer	15	15	5	5	unmatched			0					
Wine Critic	15	15	5	5	unmatched			0					
Civil law notary	14	14	5	5	unmatched			0					
SEO Consultant	14	14	5	5	unmatched			0					
Soundtrack Composer	14	14	5	5	unmatched			0					
Competitive Eater	13	13	5	5	unmatched			0					
Herbalist	13	13	5	5	exact_text_candidate	Discovery/Science	Academia	4					
Biophysicist	12	12	5	5	unmatched			0					
Highwayman	12	12	5	5	old_other_bucket	Other	Worker/Business (small)	1					
Cultural Historian	11	11	5	5	unmatched			0					
Mining Civil Engineer	11	11	5	5	unmatched			0					
Product Designer	11	11	5	5	unmatched			0					
Sideman	11	11	5	5	unmatched			0					
Bibliophile	10	10	5	5	exact_text_candidate	Culture	Culture-core	13					
Bookbinder	10	10	5	5	old_other_bucket	Other	Worker/Business (small)	14					
Butler	10	10	5	5	old_other_bucket	Other	Worker/Business (small)	39					
Call girl	10	10	5	5	unmatched			0					
Endocrinologist	10	10	5	5	exact_text_candidate	Discovery/Science	Academia	3					
Gunslinger	10	10	5	5	unmatched			0					
Park ranger	10	10	5	5	unmatched			0					
Pitchman	10	10	5	5	unmatched			0					
Political analyst	10	10	5	5	unmatched			0					
Public figure	10	10	5	5	unmatched			0					
Publicist (Profession) #5	10	10	5	5	unmatched			0					
Radio DJ	10	10	5	5	unmatched			0					
Social media strategist	10	10	5	5	unmatched			0					
Virtuoso	10	10	5	5	unmatched			0					
Wedding Planner	10	10	5	5	unmatched			0					
ADR Script Writer	9	9	5	5	unmatched			0					
Chartered Surveyor	9	9	5	5	unmatched			0					
Communications Consultant	9	9	5	5	unmatched			0					
Councillor	9	9	5	5	exact_text_candidate	Leadership	Politics	17					
Ethologist	9	9	5	5	exact_text_candidate	Discovery/Science	Academia	14					
FBI Agent	9	9	5	5	unmatched			0					
Human Resources Officer	9	9	5	5	unmatched			0					
Lama	9	9	5	5	exact_text_candidate	Leadership	Religious	20					
Nurse midwife	9	9	5	5	unmatched			0					
Political Economist	9	9	5	5	unmatched			0					
Primatologist	9	9	5	5	unmatched			0					
Software Engineering	9	9	5	5	unmatched			0					
Waste collector	9	9	5	5	unmatched			0					
Barista	8	8	5	5	unmatched			0					
Cabinet maker	8	8	5	5	unmatched			0					
Scholar-official	8	8	5	5	unmatched			0					
Senior SEO Manager	8	8	5	5	unmatched			0					
Shop assistant	8	8	5	5	unmatched			0					
Agricultural engineer	7	7	5	5	unmatched			0					
Buyer	7	7	5	5	unmatched			0					
Deputy mayor	7	7	5	5	unmatched			0					
Hermit (Profession)	7	7	5	5	unmatched			0					
Jazz Artist/Singer	7	7	5	5	unmatched			0					
Navy pilot	7	7	5	5	unmatched			0					
Parliamentarian	7	7	5	5	unmatched			0					
Political writer	7	7	5	5	unmatched			0					
Restaurant management	7	7	5	5	unmatched			0					
Textile designer	7	7	5	5	unmatched			0					
Theater Arts Educator	7	7	5	5	unmatched			0					
Train Conductor	7	7	5	5	unmatched			0					
Belly Dancer	6	6	5	5	unmatched			0					
Bioethicist	6	6	5	5	unmatched			0					
Burlesque stripper	6	6	5	5	unmatched			0					
Clinical Social Worker	6	6	5	5	unmatched			0					
Master mariner	6	6	5	5	unmatched			0					
Native American activist	6	6	5	5	unmatched			0					
Physician assistant	6	6	5	5	unmatched			0					
Used Car Dealer	6	6	5	5	unmatched			0					
Audiologist	5	5	5	5	unmatched			0					
Drug counselor	5	5	5	5	unmatched			0					
Duchess	5	5	5	5	exact_text_candidate	Leadership	Nobility	200					
Forklift operator	5	5	5	5	unmatched			0					
News analyst	5	5	5	5	unmatched			0					
Ontologist	5	5	5	5	unmatched			0					
Plastic arts	5	5	5	5	unmatched			0					
Post Office Worker	5	5	5	5	unmatched			0					
Sub-inspector	5	5	5	5	unmatched			0					
Urologist	5	5	5	5	exact_text_candidate	Discovery/Science	Academia	8					
Digital Effects Artist	93	93	4	4	unmatched			0					
Hair and Makeup Artist	58	58	4	4	unmatched			0					
Make-Up Designer	47	47	4	4	unmatched			0					
Managing Director	33	33	4	4	unmatched			0					
Online producer	28	28	4	4	unmatched			0					
Opera conductor	28	28	4	4	unmatched			0					
Sound Artist	28	28	4	4	unmatched			0					
Darts Player	27	27	4	4	unmatched			0					
Historian of Science	27	27	4	4	unmatched			0					
Bushranger	24	24	4	4	old_other_bucket	Other	Other	2					
Miscellaneous Crew	24	24	4	4	unmatched			0					
Basketball Official	22	22	4	4	unmatched			0					
Layout Artist	21	21	4	4	unmatched			0					
Virologist	21	21	4	4	exact_text_candidate	Discovery/Science	Academia	32					
Improviser	20	20	4	4	unmatched			0					
Web design	20	20	4	4	unmatched			0					
Assistant Property Master	19	19	4	4	unmatched			0					
Grip	19	19	4	4	unmatched			0					
Automotive design	18	18	4	4	unmatched			0					
Sinologist	18	18	4	4	exact_text_candidate	Discovery/Science	Academia	72					
Appraiser	16	16	4	4	unmatched			0					
Garden designer	15	15	4	4	unmatched			0					
Social Media Professional	15	15	4	4	unmatched			0					
Angel investor	14	14	4	4	unmatched			0					
Athletic trainer	14	14	4	4	unmatched			0					
Board game designer	14	14	4	4	unmatched			0					
Legal Scholar	14	14	4	4	unmatched			0					
Medical research	14	14	4	4	unmatched			0					
Software Developer (Profession)	14	14	4	4	unmatched			0					
Apothecary	13	13	4	4	exact_text_candidate	Discovery/Science	Academia	4					
Archeologist	13	13	4	4	exact_text_candidate	Discovery/Science	Academia	1					
IT Consultant	13	13	4	4	unmatched			0					
Jazz Violinist	13	13	4	4	unmatched			0					
Podcaster	13	13	4	4	exact_text_candidate	Culture	Culture-core	10					
Technical writer	13	13	4	4	unmatched			0					
Business Analyst	12	12	4	4	unmatched			0					
Information systems technician	12	12	4	4	unmatched			0					
Notary public	12	12	4	4	unmatched			0					
Billiards Player	11	11	4	4	unmatched			0					
High Court Judge	11	11	4	4	unmatched			0					
Optometry	11	11	4	4	unmatched			0					
Prison officer	11	11	4	4	unmatched			0					
Roboticist	11	11	4	4	unmatched			0					
Seismologist	11	11	4	4	exact_text_candidate	Discovery/Science	Academia	8					
Sex Educator	11	11	4	4	unmatched			0					
Slave	11	11	4	4	old_other_bucket	Other	Other	18					
Theatre teacher	11	11	4	4	unmatched			0					
Agricultural Scientist	10	10	4	4	unmatched			0					
Climatologist	10	10	4	4	exact_text_candidate	Discovery/Science	Academia	16					
Conceptual Artist	10	10	4	4	unmatched			0					
Construction Manager	10	10	4	4	unmatched			0					
Cosmologist	10	10	4	4	unmatched			0					
Deejay	10	10	4	4	unmatched			0					
Freedom fighter	10	10	4	4	unmatched			0					
Horticulturalist	10	10	4	4	old_other_bucket	Other	Worker/Business (small)	1					
Industrial Engineer	10	10	4	4	unmatched			0					
Promotional model	10	10	4	4	unmatched			0					
Recruiter	10	10	4	4	unmatched			0					
Courtesan	9	9	4	4	exact_text_candidate	Leadership	Nobility	12					
Action Director	8	8	4	4	unmatched			0					
Artistic Director (Job title)	8	8	4	4	unmatched			0					
Clerk (Profession) #147	8	8	4	4	unmatched			0					
Conservation	8	8	4	4	unmatched			0					
Developmental Biologist	8	8	4	4	unmatched			0					
Government agent	8	8	4	4	unmatched			0					
Mufti	8	8	4	4	exact_text_candidate	Leadership	Religious	11					
Music Therapist	8	8	4	4	unmatched			0					
Player-coach	8	8	4	4	unmatched			0					
Semantic Web	8	8	4	4	unmatched			0					
Ski Racer	8	8	4	4	unmatched			0					
Sports Anchor	8	8	4	4	unmatched			0					
Kapellmeister	7	7	4	4	exact_text_candidate	Leadership	Religious	7					
Liaison officer	7	7	4	4	unmatched			0					
Lineman	7	7	4	4	unmatched			0					
Locksmith	7	7	4	4	old_other_bucket	Other	Worker/Business (small)	4					
Neurophysiologist	7	7	4	4	unmatched			0					
Partisan	7	7	4	4	unmatched			0					
Plus-size model	7	7	4	4	unmatched			0					
Registrar	7	7	4	4	unmatched			0					
Scout	7	7	4	4	old_other_bucket	Other	Other	6					
Visionary	7	7	4	4	unmatched			0					
Volcanologist	7	7	4	4	unmatched			0					
Youth worker	7	7	4	4	unmatched			0					
Commoner	6	6	4	4	unmatched			0					
Drama Coach	6	6	4	4	unmatched			0					
Fashion entrepreneur	6	6	4	4	unmatched			0					
Fundraising	6	6	4	4	unmatched			0					
Go Player	6	6	4	4	unmatched			0					
Investment advisor	6	6	4	4	unmatched			0					
Osteopath	6	6	4	4	unmatched			0					
Personal Assistant	6	6	4	4	unmatched			0					
Petroleum Engineer	6	6	4	4	unmatched			0					
Roller Skater	6	6	4	4	unmatched			0					
Special Education Teacher	6	6	4	4	unmatched			0					
Theatre practitioner	6	6	4	4	unmatched			0					
Admiral	5	5	4	4	exact_text_candidate	Leadership	Military	110					
Army officer (retired)	5	5	4	4	unmatched			0					
Art therapist	5	5	4	4	unmatched			0					
Bard	5	5	4	4	exact_text_candidate	Culture	Culture-core	1					
Nature Photographer	5	5	4	4	unmatched			0					
Neuropsychologist	5	5	4	4	unmatched			0					
Promotional Model	5	5	4	4	unmatched			0					
Sculptor (Constellation)	5	5	4	4	unmatched			0					
Secretary-General of the United Nations	5	5	4	4	unmatched			0					
Shipwright	5	5	4	4	unmatched			0					
Toolmaker	5	5	4	4	unmatched			0					
Upholsterer	5	5	4	4	unmatched			0					
A&R executive	4	4	4	4	unmatched			0					
Big-game hunter	4	4	4	4	unmatched			0					
Circus Owner	4	4	4	4	unmatched			0					
Colonel	4	4	4	4	exact_text_candidate	Leadership	Military	86					
Lord Chamberlain	4	4	4	4	unmatched			0					
Medical Secretary	4	4	4	4	unmatched			0					
Server	4	4	4	4	unmatched			0					
Window dresser	4	4	4	4	unmatched			0					
Lighting Director	108	108	3	3	unmatched			0					
Key Hair Stylist	101	101	3	3	unmatched			0					
ADR Editor	86	86	3	3	unmatched			0					
Mastering engineer	78	78	3	3	unmatched			0					
Visual Effects Animator	74	74	3	3	unmatched			0					
Cricket Umpire	51	51	3	3	unmatched			0					
Special Effects	41	41	3	3	unmatched			0					
Visual Effects Editor	38	38	3	3	unmatched			0					
Video editor	35	35	3	3	unmatched			0					
Production Stage Manager	34	34	3	3	unmatched			0					
m/05hmb8k	28	28	3	3	unmatched			0					
Executive Producer	22	22	3	3	unmatched			0					
Jazz guitarist	22	22	3	3	unmatched			0					
Bassoonist	20	20	3	3	exact_text_candidate	Culture	Culture-core	1					
Orientalist	19	19	3	3	exact_text_candidate	Discovery/Science	Academia	116					
First Assistant Director	18	18	3	3	unmatched			0					
Production coordinator	18	18	3	3	unmatched			0					
Assistant Cameraman	17	17	3	3	unmatched			0					
Biblical Scholar	16	16	3	3	unmatched			0					
Bibliographer	16	16	3	3	exact_text_candidate	Culture	Culture-core	19					
Media scholar	16	16	3	3	unmatched			0					
Friar	14	14	3	3	exact_text_candidate	Leadership	Religious	17					
Genealogist	14	14	3	3	exact_text_candidate	Discovery/Science	Academia	52					
Hacker	14	14	3	3	old_other_bucket	Other	Other	2					
Indian Administrative Service	14	14	3	3	unmatched			0					
Medicine man	14	14	3	3	unmatched			0					
Tour manager	14	14	3	3	unmatched			0					
Personal stylist	13	13	3	3	unmatched			0					
Australian rules football coach	12	12	3	3	unmatched			0					
Qari	12	12	3	3	unmatched			0					
Television executive producer	12	12	3	3	unmatched			0					
Orthopedic surgery	11	11	3	3	unmatched			0					
Settler	11	11	3	3	exact_text_candidate	Discovery/Science	Explorer/Inventor/Developer	27					
Typeface designer	11	11	3	3	unmatched			0					
Automobile designer	10	10	3	3	unmatched			0					
Construction Foreman	10	10	3	3	unmatched			0					
Ecommerce Consultant	10	10	3	3	unmatched			0					
Prelate	10	10	3	3	exact_text_candidate	Leadership	Religious	2258					
Radiographer	10	10	3	3	unmatched			0					
Veterinary surgeon	10	10	3	3	unmatched			0					
Wrangler	10	10	3	3	unmatched			0					
Cultural Anthropologist	9	9	3	3	unmatched			0					
Licensed practical nurse	9	9	3	3	unmatched			0					
Mercenary	9	9	3	3	exact_text_candidate	Leadership	Military	11					
Metallurgist	9	9	3	3	old_other_bucket	Other	Worker/Business (small)	47					
Personal organizer	9	9	3	3	unmatched			0					
Property manager	9	9	3	3	unmatched			0					
Software development	9	9	3	3	unmatched			0					
Wardrobe Assistant	9	9	3	3	unmatched			0					
Biomedical Engineer	8	8	3	3	unmatched			0					
Boilermaker	8	8	3	3	unmatched			0					
Broker	8	8	3	3	old_other_bucket	Other	Worker/Business (small)	11					
Business journalist	8	8	3	3	unmatched			0					
Creative consultant	8	8	3	3	unmatched			0					
Expert	8	8	3	3	unmatched			0					
Fashion Director	8	8	3	3	unmatched			0					
Labor Union Leader	8	8	3	3	unmatched			0					
Materials Scientist	8	8	3	3	unmatched			0					
Serial entrepreneur	8	8	3	3	unmatched			0					
Trapper	8	8	3	3	unmatched			0					
Arborist	7	7	3	3	unmatched			0					
Architectural historian	7	7	3	3	unmatched			0					
Camera Assistant	7	7	3	3	unmatched			0					
Ceramic Artist	7	7	3	3	unmatched			0					
Christian Theologian	7	7	3	3	unmatched			0					
Content marketing	7	7	3	3	unmatched			0					
Custodian	7	7	3	3	unmatched			0					
Free speech activist	7	7	3	3	unmatched			0					
Handball Coach	7	7	3	3	unmatched			0					
Herder	7	7	3	3	unmatched			0					
Letterer	7	7	3	3	unmatched			0					
Lutenist	7	7	3	3	exact_text_candidate	Culture	Culture-core	10					
Nazi hunter	7	7	3	3	unmatched			0					
Perfumer	7	7	3	3	old_other_bucket	Other	Other	5					
Rodeo clown	7	7	3	3	unmatched			0					
Ship-owner	7	7	3	3	unmatched			0					
Social Psychologist	7	7	3	3	unmatched			0					
Systems Programmer	7	7	3	3	unmatched			0					
User experience design	7	7	3	3	unmatched			0					
Whistleblower	7	7	3	3	unmatched			0					
Acrobatics	6	6	3	3	unmatched			0					
Alchemist	6	6	3	3	unmatched			0					
Coxswain	6	6	3	3	exact_text_candidate	Sports/Games	Sports/Games	18					
Diving instructor	6	6	3	4	unmatched			0					
Dominatrix	6	6	3	3	unmatched			0					
Gerontologist	6	6	3	3	exact_text_candidate	Discovery/Science	Academia	3					
Grammarian	6	6	3	3	exact_text_candidate	Discovery/Science	Academia	25					
Kidnapping	6	6	3	3	unmatched			0					
Media Entrepreneur	6	6	3	3	unmatched			0					
Petroleum geologist	6	6	3	3	unmatched			0					
Political campaigner	6	6	3	3	unmatched			0					
Senior management	6	6	3	3	unmatched			0					
Toxicologist	6	6	3	3	exact_text_candidate	Discovery/Science	Academia	5					
Architectural photographer	5	5	3	3	unmatched			0					
Art History Professor	5	5	3	3	unmatched			0					
Certified Sex Therapist	5	5	3	3	unmatched			0					
Cyberneticist	5	5	3	3	unmatched			0					
Digital Marketing Strategist	5	5	3	3	unmatched			0					
Educational consultant	5	5	3	3	unmatched			0					
Football Analyst	5	5	3	3	unmatched			0					
Hematologist	5	5	3	3	exact_text_candidate	Discovery/Science	Academia	4					
Impressionist (Profession) #3	5	5	3	3	unmatched			0					
Laity	5	5	3	3	unmatched			0					
Magnate	5	5	3	3	exact_text_candidate	Leadership	Corporate/Executive/Business (large)	66					
Police commissioner	5	5	3	3	unmatched			0					
Political Assistant	5	5	3	3	unmatched			0					
Pro-life activist	5	5	3	3	unmatched			0					
Radio Programmer	5	5	3	3	unmatched			0					
Rheumatologist	5	5	3	3	unmatched			0					
Search Engine Optimization (Industry) #1	5	5	3	3	unmatched			0					
Statistical graphics	5	5	3	3	unmatched			0					
Vendor	5	5	3	3	unmatched			0					
Administrator	4	4	3	3	exact_text_candidate	Leadership	Administration/Law	80					
Caregiver	4	4	3	3	unmatched			0					
Charwoman	4	4	3	3	unmatched			0					
Child singer	4	4	3	3	unmatched			0					
Children's writer	4	4	3	3	unmatched			0					
Coachman	4	4	3	3	unmatched			0					
College gymnast (m/011ddc28)	4	4	3	3	unmatched			0					
Cordwainer	4	4	3	3	old_other_bucket	Other	Worker/Business (small)	1					
Customer service advisor	4	4	3	3	unmatched			0					
Digital Marketing Consultant (Profession) #1	4	4	3	3	unmatched			0					
Drill instructor	4	4	3	3	unmatched			0					
Environmental health officer	4	4	3	3	unmatched			0					
Fashion Commentator	4	4	3	3	unmatched			0					
Fashion Illustrator	4	4	3	3	unmatched			0					
Health Educator	4	4	3	3	unmatched			0					
Historian of Photography	4	4	3	3	unmatched			0					
Labour Lawyer	4	4	3	3	unmatched			0					
Orthopaedist	4	4	3	3	unmatched			0					
Paralympian	4	4	3	3	unmatched			0					
Parapsychologist	4	4	3	3	unmatched			0					
Pilates Trainer	4	4	3	3	unmatched			0					
Plantsman	4	4	3	3	unmatched			0					
Production Supervisor	4	4	3	3	unmatched			0					
Quantity surveyor	4	4	3	3	unmatched			0					
Religion Scholar	4	4	3	3	unmatched			0					
Sports Columnist	4	4	3	3	unmatched			0					
Superintendent	4	4	3	3	exact_text_candidate	Leadership	Administration/Law	3					
Theoretician	4	4	3	3	unmatched			0					
Vice admiral	4	4	3	3	unmatched			0					
glass artist	4	4	3	3	unmatched			0					
Aircraft maintenance technician	3	3	3	3	unmatched			0					
Aquanaut	3	3	3	3	unmatched			0					
Attaché	3	3	3	3	unmatched			0					
Basketball Analyst	3	3	3	3	unmatched			0					
Business Proprietor	3	3	3	3	unmatched			0					
Castellan	3	3	3	3	exact_text_candidate	Leadership	Nobility	7					
Cavalryman	3	3	3	3	unmatched			0					
Clasics Violin Teacher	3	3	3	3	unmatched			0					
Commissioner of Baseball	3	3	3	3	unmatched			0					
Consort	3	3	3	3	exact_text_candidate	Leadership	Nobility	278					
Cornerman	3	3	3	3	unmatched			0					
Costermonger	3	3	3	3	unmatched			0					
Design Engineer	3	3	3	3	unmatched			0					
Electronics technician	3	3	3	3	unmatched			0					
Elevator operator	3	3	3	3	unmatched			0					
Fencing master	3	3	3	3	unmatched			0					
Floral Designer	3	3	3	3	unmatched			0					
Gamekeeper	3	3	3	3	unmatched			0					
Glazier	3	3	3	3	unmatched			0					
Gymnastics Teacher	3	3	3	3	unmatched			0					
Head Master	3	3	3	3	unmatched			0					
Housemaster	3	3	3	3	unmatched			0					
Java Developer	3	3	3	3	unmatched			0					
Literary executor	3	3	3	3	unmatched			0					
Merchant navy	3	3	3	3	unmatched			0					
Muezzin	3	3	3	3	unmatched			0					
Negotiator	3	3	3	3	unmatched			0					
Non-commissioned officer	3	3	3	3	unmatched			0					
Oil Executive	3	3	3	3	unmatched			0					
Online marketing consultant specializing in SEO	3	3	3	3	unmatched			0					
Paint Artist	3	3	3	3	unmatched			0					
Pilot officer	3	3	3	3	unmatched			0					
Police inspector	3	3	3	3	unmatched			0					
Pretty Horsebreaker	3	3	3	3	unmatched			0					
Professional Wrestling Booker	3	3	3	3	unmatched			0					
Regent	3	3	3	3	exact_text_candidate	Leadership	Nobility	325					
Repairman	3	3	3	3	unmatched			0					
Senior lieutenant	3	3	3	3	unmatched			0					
Sheet Metal Worker	3	3	3	3	unmatched			0					
Soubrette	3	3	3	3	unmatched			0					
Tobacconist	3	3	3	3	unmatched			0					
Yacht designer	3	3	3	3	unmatched			0					
ADR Recordist	106	106	2	2	unmatched			0					
ADR Mixer	75	75	2	2	unmatched			0					
Foley Editor	70	70	2	2	unmatched			0					
Special Effects Foreman	43	43	2	2	unmatched			0					
Aerobatic Pilot	42	42	2	2	unmatched			0					
Special Effects Make-up	39	39	2	2	unmatched			0					
Dubbing	34	34	2	2	unmatched			0					
CG Artist	29	29	2	2	unmatched			0					
Official (Profession) #27	29	29	2	2	unmatched			0					
Hair Department Head	25	25	2	2	unmatched			0					
Visual Effects Technician	23	23	2	2	unmatched			0					
Concept Artist	22	22	2	2	unmatched			0					
Coroner	20	20	2	2	exact_text_candidate	Leadership	Administration/Law	1					
Web Application Developer	20	20	2	2	unmatched			0					
Wig Maker	18	18	2	2	unmatched			0					
Video journalist	17	17	2	2	unmatched			0					
Cornetist	16	16	2	2	unmatched			0					
Escapology	16	16	2	2	unmatched			0					
Model Maker	16	16	2	2	unmatched			0					
Abbot	15	15	2	2	exact_text_candidate	Leadership	Religious	90					
Assistant editor	13	13	2	2	unmatched			0					
Tenor Saxophonist	13	13	2	2	unmatched			0					
Economic historian	12	12	2	2	unmatched			0					
General manager	12	12	2	2	unmatched			0					
Hunter	12	12	2	2	old_other_bucket	Other	Worker/Business (small)	11					
Matte Painter	12	12	2	2	unmatched			0					
Personal injury lawyer	12	12	2	3	unmatched			0					
Professor (Profession) #40	12	12	2	2	unmatched			0					
Set Painter	12	12	2	2	unmatched			0					
Actor (Profession) #80	11	11	2	3	unmatched			0					
Human Rights Lawyer	11	11	2	2	unmatched			0					
Video editor (Profession) #1	11	11	2	2	unmatched			0					
Conservation Biologist	9	9	2	2	unmatched			0					
Dairy	9	9	2	2	unmatched			0					
Distiller	9	9	2	2	old_other_bucket	Other	Worker/Business (small)	1					
Entrepreneurship	9	9	2	2	unmatched			0					
Graphic Artist (Film job) #1	9	9	2	2	unmatched			0					
Herpetologist	9	9	2	2	exact_text_candidate	Discovery/Science	Academia	17					
Management	9	9	2	2	exact_text_candidate	Leadership	Corporate/Executive/Business (large)	5					
Media historian	9	9	2	2	unmatched			0					
Medieval Historian	9	9	2	2	unmatched			0					
Electronics engineer	8	8	2	2	unmatched			0					
Executive Management	8	8	2	2	unmatched			0					
Focus puller	8	8	2	2	unmatched			0					
Fur Trader	8	8	2	2	unmatched			0					
Hitman	8	8	2	2	unmatched			0					
Music criticism	8	8	2	2	unmatched			0					
Neurobiologist	8	8	2	2	unmatched			0					
Nursing Assistant	8	8	2	2	unmatched			0					
Online Marketing Consultant	8	8	2	2	unmatched			0					
Product Manager	8	8	2	2	unmatched			0					
Prosthetic Technician	8	8	2	2	unmatched			0					
Ski Mountaineer	8	8	2	2	unmatched			0					
Stage combat	8	8	2	2	unmatched			0					
Stage management	8	8	2	2	unmatched			0					
Surfboard shaper	8	8	2	2	unmatched			0					
Architectural Critic	7	7	2	2	unmatched			0					
Child Psychiatrist	7	7	2	2	unmatched			0					
Corporate trainer	7	7	2	2	unmatched			0					
Data architect	7	7	2	2	unmatched			0					
Elvis impersonator	7	7	2	2	unmatched			0					
Environmental engineer	7	7	2	2	unmatched			0					
Film Journalist	7	7	2	2	unmatched			0					
Hydrographer	7	7	2	2	exact_text_candidate	Discovery/Science	Academia	6					
Inbound marketing	7	7	2	2	unmatched			0					
Mountain biker	7	7	2	2	unmatched			0					
Online Marketing Strategist	7	7	2	2	unmatched			0					
Rocket scientist	7	7	2	2	unmatched			0					
Tax advisor	7	7	2	2	unmatched			0					
Teamster	7	7	2	2	old_other_bucket	Other	Worker/Business (small)	1					
Woodworker	7	7	2	2	unmatched			0					
Architectural historian (Profession) #1	6	6	2	2	unmatched			0					
Astrobiologist	6	6	2	2	unmatched			0					
Clinician	6	6	2	2	unmatched			0					
Conferencier	6	6	2	2	unmatched			0					
Etymologist	6	6	2	2	unmatched			0					
Federal judge	6	6	2	2	unmatched			0					
Internet Marketing	6	6	2	2	unmatched			0					
Logger	6	6	2	2	unmatched			0					
Manicurist	6	6	2	2	unmatched			0					
Marketing strategy	6	6	2	2	unmatched			0					
Oral and maxillofacial surgeon	6	6	2	2	unmatched			0					
Pediatrics	6	6	2	2	unmatched			0					
Proprietor	6	6	2	2	unmatched			0					
Recording Director	6	6	2	2	unmatched			0					
Sniper	6	6	2	2	exact_text_candidate	Leadership	Military	3					
Social Historian	6	6	2	2	unmatched			0					
Spymaster	6	6	2	2	exact_text_candidate	Leadership	Military	1					
Associate Justice	5	5	2	2	unmatched			0					
Boxing judge	5	5	2	2	unmatched			0					
Classical Vocalist	5	5	2	2	unmatched			0					
Commissar	5	5	2	2	unmatched			0					
Cooper	5	5	2	2	old_other_bucket	Other	Worker/Business (small)	7					
Demographer	5	5	2	2	exact_text_candidate	Discovery/Science	Academia	3					
Digital Marketing Manager	5	5	2	2	unmatched			0					
Ethnobotanist	5	5	2	2	unmatched			0					
Figurative Sculptor	5	5	2	2	unmatched			0					
Geochemist	5	5	2	2	unmatched			0					
Grazier	5	5	2	2	old_other_bucket	Other	Worker/Business (small)	3					
Human computer	5	5	2	2	unmatched			0					
Lyric poet	5	5	2	2	unmatched			0					
Martial Artist Teacher	5	5	2	2	unmatched			0					
Organ builder	5	5	2	2	unmatched			0					
Political philosopher	5	5	2	2	unmatched			0					
Special Effects Director	5	5	2	2	unmatched			0					
Tennis Instructor	5	5	2	2	unmatched			0					
Trainer	5	5	2	2	exact_text_candidate	Sports/Games	Sports/Games	16					
captured guards	5	5	2	2	unmatched			0					
Advocacy	4	4	2	2	unmatched			0					
Bailiff	4	4	2	2	exact_text_candidate	Leadership	Administration/Law	7					
British Army Officer	4	4	2	2	unmatched			0					
Chemical technologist	4	4	2	2	unmatched			0					
Co-founder and Business Executive	4	4	2	2	unmatched			0					
Dermatology	4	4	2	2	unmatched			0					
Film Photographer	4	4	2	2	unmatched			0					
Flying ace	4	4	2	2	unmatched			0					
Folk Artist	4	4	2	2	unmatched			0					
Germanist	4	4	2	2	exact_text_candidate	Discovery/Science	Academia	45					
Griot	4	4	2	2	unmatched			0					
Groundskeeper	4	4	2	2	unmatched			0					
Heavy equipment operator	4	4	2	2	unmatched			0					
Hebraist	4	4	2	2	exact_text_candidate	Discovery/Science	Academia	4					
Jazz Performer	4	4	2	2	unmatched			0					
Kathak Dancer	4	4	2	2	unmatched			0					
Maritime Archaeologist	4	4	2	2	unmatched			0					
Medical researcher	4	4	2	2	unmatched			0					
Military Strategist	4	4	2	2	unmatched			0					
Military police	4	4	2	2	unmatched			0					
Minister (Profession) #5	4	4	2	2	unmatched			0					
Music Consultant	4	4	2	2	unmatched			0					
Music Coordinator	4	4	2	2	unmatched			0					
Nature writer	4	4	2	2	unmatched			0					
Network executive	4	4	2	2	unmatched			0					
Paranormal Investigator	4	4	2	2	unmatched			0					
Philanthropists	4	4	2	2	unmatched			0					
Physical Training Instructor	4	4	2	2	unmatched			0					
Poltician	4	4	2	2	unmatched			0					
Quantitative analyst	4	4	2	2	unmatched			0					
Quartermaster	4	4	2	2	unmatched			0					
Rector (Profession)	4	4	2	2	unmatched			0					
Reverand	4	4	2	2	unmatched			0					
Ringmaster	4	4	2	2	unmatched			0					
Roofer	4	4	2	2	unmatched			0					
Search engine technology	4	4	2	2	unmatched			0					
Sign Language Interpreter	4	4	2	2	unmatched			0					
Street sweeper	4	4	2	2	unmatched			0					
Teaching assistant	4	4	2	2	unmatched			0					
Warehouseman	4	4	2	2	unmatched			0					
Wedding Photographer	4	4	2	2	unmatched			0					
Wildlife biologist	4	4	2	2	unmatched			0					
Wool classing	4	4	2	2	unmatched			0					
Agricultural Economist	3	3	2	2	unmatched			0					
Army	3	3	2	2	exact_text_candidate	Leadership	Military	297					
Babysitter	3	3	2	2	unmatched			0					
Broadway Producer	3	3	2	2	unmatched			0					
Chief mate	3	3	2	2	unmatched			0					
College Student	3	3	2	2	unmatched			0					
Country Doctor	3	3	2	2	unmatched			0					
Couturier	3	3	2	2	old_other_bucket	Other	Worker/Business (small)	4					
Dramaturgist	3	3	2	2	unmatched			0					
English Professor	3	3	2	2	unmatched			0					
Entrepreneur (Profession) #6	3	3	2	2	unmatched			0					
Environmental Health Scientist	3	3	2	2	unmatched			0					
Environmental Writer	3	3	2	2	unmatched			0					
Esthetician	3	3	2	2	unmatched			0					
Events Organiser	3	3	2	2	unmatched			0					
Eye care professional	3	3	2	2	unmatched			0					
Farrier	3	3	2	2	unmatched			0					
Fishmonger	3	3	2	2	unmatched			0					
Geisha	3	3	2	2	unmatched			0					
Groom	3	3	2	2	unmatched			0					
Headmaster	3	3	2	2	exact_text_candidate	Leadership	Corporate/Executive/Business (large)	5					
Human Resources Manager	3	3	2	2	unmatched			0					
Image consultant	3	3	2	2	unmatched			0					
Java LOP	3	3	2	2	unmatched			0					
Kannushi	3	3	2	2	unmatched			0					
Karate Instructor	3	3	2	2	unmatched			0					
Knight	3	3	2	2	exact_text_candidate	Leadership	Nobility	145					
Legal analyst	3	3	2	2	unmatched			0					
Machine Tool operator	3	3	2	2	unmatched			0					
Mason	3	3	2	2	old_other_bucket	Other	Worker/Business (small)	2					
Mathematical Physicist	3	3	2	2	unmatched			0					
Mercer	3	3	2	2	unmatched			0					
Moneylender	3	3	2	2	unmatched			0					
Music Librarian	3	3	2	2	unmatched			0					
Negative Cutter	3	3	2	2	unmatched			0					
Nuclear Engineer	3	3	2	2	unmatched			0					
Nurse educator	3	3	2	2	unmatched			0					
Paraprofessional	3	3	2	2	unmatched			0					
Pharmacy technician	3	3	2	2	unmatched			0					
Pollster	3	3	2	2	unmatched			0					
Professional Wrestling Promoter	3	3	2	2	unmatched			0					
Real estate appraisal	3	3	2	2	unmatched			0					
Road agent	3	3	2	2	unmatched			0					
School Aide	3	3	2	2	unmatched			0					
School superintendent	3	3	2	2	unmatched			0					
Scribe	3	3	2	2	exact_text_candidate	Leadership	Administration/Law	4					
Shoemaking	3	3	2	2	unmatched			0					
Shooting coach	3	3	2	2	unmatched			0					
Showrunner	3	3	2	2	unmatched			0					
Stationary engineer	3	3	2	2	unmatched			0					
Stunt pilot	3	3	2	2	unmatched			0					
Surgical technologist	3	3	2	2	unmatched			0					
Swimming Teacher	3	3	2	2	unmatched			0					
Tinsmith	3	3	2	2	old_other_bucket	Other	Worker/Business (small)	1					
Travel photographer	3	3	2	2	unmatched			0					
Video Camera Operator	3	3	2	2	unmatched			0					
Vocal Arranger	3	3	2	2	unmatched			0					
Wordpress Developer	3	3	2	2	unmatched			0					
Wrestling Booker	3	3	2	2	unmatched			0					
noblewoman	3	3	2	2	unmatched			0					
Adjunct Professor	2	2	2	2	unmatched			0					
Aero-Space Engineer	2	2	2	2	unmatched			0					
Art Conservator	2	2	2	2	unmatched			0					
Artillery Officer	2	2	2	2	unmatched			0					
Assistant Teacher	2	2	2	2	unmatched			0					
Benshi	2	2	2	2	unmatched			0					
Bishop of Iceland	2	2	2	2	unmatched			0					
Botonist	2	2	2	2	unmatched			0					
Brigadier	2	2	2	2	exact_text_candidate	Leadership	Military	24					
Builder	2	2	2	2	unmatched			0					
Canal engineer	2	2	2	2	unmatched			0					
Caïd	2	2	2	2	unmatched			0					
Certified Arborist	2	2	2	2	unmatched			0					
Chief inspector	2	2	2	2	unmatched			0					
Civilian contractor	2	2	2	2	unmatched			0					
Clothier	2	2	2	2	unmatched			0					
Commissioner of the NBA	2	2	2	2	unmatched			0					
Computer operator	2	2	2	2	unmatched			0					
Coppersmith	2	2	2	2	exact_text_candidate	Culture	Culture-core	1					
Council Worker	2	2	2	2	unmatched			0					
Dairy owner	2	2	2	2	unmatched			0					
Defense policy analyst	2	2	2	2	unmatched			0					
Department Chair	2	2	2	2	unmatched			0					
Distillery Worker	2	2	2	2	unmatched			0					
Dresser	2	2	2	2	unmatched			0					
Dry cleaning	2	2	2	2	unmatched			0					
Employment counsellor	2	2	2	2	unmatched			0					
Enzymologist	2	2	2	2	unmatched			0					
Food stylist	2	2	2	2	unmatched			0					
Frame Gilder	2	2	2	2	unmatched			0					
Gambist	2	2	2	2	unmatched			0					
General Manager	2	2	2	2	unmatched			0					
Glovemaker	2	2	2	2	unmatched			0					
Guest speaker	2	2	2	2	unmatched			0					
Health visitor	2	2	2	2	unmatched			0					
Herald	2	2	2	2	unmatched			0					
Historian of Philosophy and Religion	2	2	2	2	unmatched			0					
Horse trader	2	2	2	2	unmatched			0					
Hospital Attendant	2	2	2	2	unmatched			0					
Insurance Employee	2	2	2	2	unmatched			0					
Judicial officer	2	2	2	2	unmatched			0					
Kung Fu Instructor	2	2	2	2	unmatched			0					
Labor Relations Negotiator	2	2	2	2	unmatched			0					
Leather Worker	2	2	2	2	unmatched			0					
Legal nurse consultant	2	2	2	2	unmatched			0					
Leon Youngblood Sr	2	2	2	2	unmatched			0					
Lepidopterist	2	2	2	2	exact_text_candidate	Discovery/Science	Academia	29					
Literary science	2	2	2	2	unmatched			0					
Majordomo	2	2	2	2	unmatched			0					
Meat Packer	2	2	2	2	unmatched			0					
Meat cutter	2	2	2	2	unmatched			0					
Mother	2	2	2	2	unmatched			0					
Mud engineer	2	2	2	2	unmatched			0					
Nailist	2	2	2	2	unmatched			0					
Otolaryngologist	2	2	2	2	exact_text_candidate	Discovery/Science	Academia	1					
Outreach worker	2	2	2	2	unmatched			0					
Pawnbroker	2	2	2	2	unmatched			0					
Peking opera	2	2	2	2	unmatched			0					
Penologist	2	2	2	2	unmatched			0					
People's Artist of Ukraine	2	2	2	2	unmatched			0					
Personal chef	2	2	2	2	unmatched			0					
Pilgrim Fathers	2	2	2	2	unmatched			0					
Pilot trainer	2	2	2	2	unmatched			0					
Plantation Overseer	2	2	2	2	unmatched			0					
Policy Consultant	2	2	2	2	unmatched			0					
Population Biologist	2	2	2	2	unmatched			0					
Porcelain painter	2	2	2	2	unmatched			0					
President of Calvin College	2	2	2	2	unmatched			0					
Pub Owner	2	2	2	2	unmatched			0					
Quantum chemist	2	2	2	2	unmatched			0					
Quartermaster sergeant	2	2	2	2	unmatched			0					
Real Estate Appraiser	2	2	2	2	unmatched			0					
Receiver general	2	2	2	2	unmatched			0					
Religious Judge	2	2	2	2	unmatched			0					
Research Chemist	2	2	2	2	unmatched			0					
Respiratory Therapist	2	2	2	2	unmatched			0					
Science education	2	2	2	2	unmatched			0					
Secret police	2	2	2	2	unmatched			0					
Shipping Clerk	2	2	2	2	unmatched			0					
Sketch Artist	2	2	2	2	unmatched			0					
Special Needs Counsellor	2	2	2	2	unmatched			0					
Stage mother	2	2	2	2	unmatched			0					
Stained Glass Artist	2	2	2	2	unmatched			0					
State Attorney	2	2	2	2	unmatched			0					
Stonecutter	2	2	2	2	unmatched			0					
Tax Preparer	2	2	2	2	unmatched			0					
Theatrical Agent	2	2	2	2	unmatched			0					
Wheelwright	2	2	2	2	unmatched			0					
Woman	2	2	2	2	unmatched			0					
peasant farmer	2	2	2	2	unmatched			0					
port worker	2	2	2	2	unmatched			0					
Sound Department	79	79	1	1	unmatched			0					
Key Makeup Artist	70	70	1	1	unmatched			0					
Visual Effects Coordinator	67	67	1	1	unmatched			0					
Foley Mixer	65	65	1	1	unmatched			0					
Sound Re-Recordist	49	49	1	1	unmatched			0					
Set Costumer	45	45	1	1	unmatched			0					
Gaffer	43	43	1	1	unmatched			0					
Sound Supervisor	43	43	1	1	unmatched			0					
On-set Dresser	42	42	1	1	unmatched			0					
Backing vocalist	35	35	1	1	unmatched			0					
Film cinematographer	33	33	1	1	unmatched			0					
Ufologist	33	33	1	1	exact_text_candidate	Discovery/Science	Academia	1					
Prosthetic Makeup Artist	30	30	1	1	unmatched			0					
Game artist	29	29	1	1	unmatched			0					
Animation Supervisor	28	28	1	1	unmatched			0					
Art Department Coordinator	27	27	1	1	unmatched			0					
Construction Coordinator	27	27	1	1	unmatched			0					
Art Department Assistant	26	26	1	1	unmatched			0					
Assistant Hair Stylist	21	21	1	1	unmatched			0					
Vibraphonist	20	20	1	2	unmatched			0					
g/121xq1qg	20	20	1	1	unmatched			0					
Assistant Sound Editor	18	18	1	1	unmatched			0					
Video Controller	18	18	1	1	unmatched			0					
Hair Designer	16	16	1	1	unmatched			0					
Makeup Effects Artist	15	15	1	1	unmatched			0					
Web Marketing	14	14	1	1	unmatched			0					
Arts Educator	13	13	1	1	unmatched			0					
Preservationist	12	12	1	1	exact_text_candidate	Culture	Culture-periphery	5					
Rock Musician	12	12	1	1	unmatched			0					
Sound Effects Supervisor	12	12	1	1	unmatched			0					
Assistant Director	11	11	1	1	unmatched			0					
Assistant director	11	11	1	1	unmatched			0					
Caddy	11	11	1	1	unmatched			0					
Bridge Player	10	10	1	1	unmatched			0					
Dubbing Editor	10	10	1	1	unmatched			0					
Sheep shearer	10	10	1	1	unmatched			0					
Call Center Agent	9	9	1	1	unmatched			0					
Horticulturist	9	9	1	1	exact_text_candidate	Discovery/Science	Academia	52					
Leadman	9	9	1	1	unmatched			0					
Modeler	9	9	1	1	unmatched			0					
Planetary scientist	9	9	1	1	unmatched			0					
Prosthetic Effects Designer	9	9	1	1	unmatched			0					
Book Designer	8	8	1	1	unmatched			0					
Computer Graphics Artist	8	8	1	1	unmatched			0					
Cricketeer	8	8	1	1	unmatched			0					
Ghostwriter	8	8	1	1	exact_text_candidate	Culture	Culture-core	2					
IT/Software Developer	8	8	1	1	unmatched			0					
Ichthyologist	8	8	1	1	exact_text_candidate	Discovery/Science	Academia	27					
Medical examiner	8	8	1	1	unmatched			0					
Production Manager	8	8	1	1	unmatched			0					
Set Director	8	8	1	1	unmatched			0					
Visual Effects Director	8	8	1	1	unmatched			0					
musician, mastering engineer	8	8	1	1	unmatched			0					
Bioengineer	7	7	1	1	unmatched			0					
Book Collector	7	7	1	1	unmatched			0					
Cgi Artist	7	7	1	1	unmatched			0					
Co-producer	7	7	1	1	unmatched			0					
Costume Supervisor (Film job)	7	7	1	1	unmatched			0					
Glaciologist	7	7	1	1	unmatched			0					
Informant	7	7	1	1	unmatched			0					
Lead vocalist	7	7	1	1	unmatched			0					
Maritime pilot	7	7	1	1	unmatched			0					
Multi Media Artist	7	7	1	1	unmatched			0					
Pedagogy	7	7	1	1	unmatched			0					
Social Media Marketing	7	7	1	1	unmatched			0					
Theatrical Lighting Designer	7	7	1	1	unmatched			0					
Animal control service	6	6	1	1	unmatched			0					
Ashik	6	6	1	1	unmatched			0					
Camera and Electrical Department	6	6	1	1	unmatched			0					
Film Crew	6	6	1	1	unmatched			0					
Indologist	6	6	1	1	exact_text_candidate	Discovery/Science	Academia	44					
Online advertising	6	6	1	1	unmatched			0					
Pyrotechnician	6	6	1	1	unmatched			0					
Script coordinator	6	6	1	1	unmatched			0					
Sex columnist	6	6	1	1	unmatched			0					
Sports trainer	6	6	1	1	unmatched			0					
Studio manager	6	6	1	1	unmatched			0					
Suit actor	6	6	1	1	unmatched			0					
Synthesist	6	6	1	1	unmatched			0					
Taxidermist	6	6	1	1	unmatched			0					
divorce lawyer	6	6	1	1	unmatched			0					
B-boy	5	5	1	1	unmatched			0					
Business Coach	5	5	1	1	unmatched			0					
Car dealership	5	5	1	1	unmatched			0					
Chansonnier	5	5	1	1	exact_text_candidate	Culture	Culture-core	29					
Character Animator	5	5	1	1	unmatched			0					
Counsellor	5	5	1	1	old_other_bucket	Other	Worker/Business (small)	3					
Drover	5	5	1	1	unmatched			0					
Flight surgeon	5	5	1	1	unmatched			0					
Forensic Pathologist	5	5	1	1	unmatched			0					
Geheimrat	5	5	1	1	exact_text_candidate	Leadership	Nobility	109					
Ghost singer	5	5	1	1	unmatched			0					
Inbound Marketing Consultant	5	5	1	1	unmatched			0					
Information scientist	5	5	1	1	unmatched			0					
Intendant	5	5	1	1	exact_text_candidate	Leadership	Administration/Law	8					
Lawman	5	5	1	1	unmatched			0					
Motion Capture Supervisor	5	5	1	1	unmatched			0					
Movement director	5	5	1	1	unmatched			0					
Network Engineer	5	5	1	1	unmatched			0					
Philosopher of Science	5	5	1	1	unmatched			0					
Plant Pathologist	5	5	1	1	unmatched			0					
Portfolio manager	5	5	1	1	unmatched			0					
Special Effects Co-Coordinator	5	5	1	1	unmatched			0					
Technical Director	5	5	1	1	unmatched			0					
Tyrant	5	5	1	1	unmatched			0					
Wood engraver	5	5	1	1	unmatched			0					
Zamindar	5	5	1	1	unmatched			0					
ADR Engineer	4	4	1	1	unmatched			0					
Adjudicator	4	4	1	1	unmatched			0					
Assyriologist	4	4	1	1	exact_text_candidate	Discovery/Science	Academia	9					
Chief executive	4	4	1	1	unmatched			0					
Claims adjustor	4	4	1	1	unmatched			0					
Computer Graphics Animator	4	4	1	1	unmatched			0					
Direct marketing	4	4	1	1	unmatched			0					
Dubbing Recordist	4	4	1	1	unmatched			0					
Enologist	4	4	1	1	unmatched			0					
Go-go dancing	4	4	1	1	unmatched			0					
Horologist	4	4	1	1	unmatched			0					
Hydrogeologist	4	4	1	1	unmatched			0					
Inbound Marketing	4	4	1	1	unmatched			0					
Information professional	4	4	1	1	unmatched			0					
Information security	4	4	1	1	unmatched			0					
Intellectual Historian	4	4	1	1	unmatched			0					
Karō	4	4	1	1	unmatched			0					
Man-servant	4	4	1	1	unmatched			0					
Midwife (Film subject)	4	4	1	1	unmatched			0					
Nephrologist	4	4	1	1	exact_text_candidate	Discovery/Science	Academia	1					
Ninja	4	4	1	1	unmatched			0					
Nude model	4	4	1	1	unmatched			0					
Palaeontologist (Profession) #1	4	4	1	1	unmatched			0					
Pay per click	4	4	1	1	unmatched			0					
Pipefitter	4	4	1	1	unmatched			0					
Private Secretary	4	4	1	1	unmatched			0					
Public Policy Analyst	4	4	1	1	unmatched			0					
Road crew	4	4	1	1	unmatched			0					
SEO Analyst	4	4	1	1	unmatched			0					
Software designer	4	4	1	1	unmatched			0					
System Administrator	4	4	1	1	unmatched			0					
Theatrical critic	4	4	1	1	unmatched			0					
Wedding photography	4	4	1	1	unmatched			0					
Wine Merchant	4	4	1	1	unmatched			0					
Able seaman	3	3	1	1	unmatched			0					
Architectural designer	3	3	1	1	unmatched			0					
Art department	3	3	1	1	unmatched			0					
Assayer	3	3	1	1	unmatched			0					
Assistant Costume Designer	3	3	1	1	unmatched			0					
Brandon C.J. Grimes	3	3	1	1	unmatched			0					
Brewmaster	3	3	1	1	unmatched			0					
Bursar	3	3	1	1	unmatched			0					
Cavalry	3	3	1	1	unmatched			0					
Caver	3	3	1	1	unmatched			0					
Chamber-maid	3	3	1	1	unmatched			0					
Church musician	3	3	1	1	unmatched			0					
Classical Music Producer	3	3	1	1	unmatched			0					
Colonel (Military rank) #36	3	3	1	1	unmatched			0					
Comb maker	3	3	1	1	unmatched			0					
Commodity broker	3	3	1	1	unmatched			0					
Concierge	3	3	1	1	unmatched			0					
Contact Lens Technician	3	3	1	1	unmatched			0					
Courier	3	3	1	1	unmatched			0					
Cutman	3	3	1	1	unmatched			0					
Diocesan bishop	3	3	1	1	unmatched			0					
Divemaster	3	3	1	2	unmatched			0					
Driving instructor	3	3	1	1	unmatched			0					
Elder	3	3	1	1	unmatched			0					
Electrical contractor	3	3	1	1	unmatched			0					
Fence	3	3	1	1	unmatched			0					
Fire Marshal	3	3	1	1	unmatched			0					
Flight test engineer	3	3	1	1	unmatched			0					
Food Historian	3	3	1	1	unmatched			0					
Geological engineer	3	3	1	1	unmatched			0					
Goatherd	3	3	1	1	unmatched			0					
Google Analytics	3	3	1	1	unmatched			0					
Human Rights Organizer	3	3	1	1	unmatched			0					
Impostor	3	3	1	1	unmatched			0					
Information technology	3	3	1	1	unmatched			0					
Internet celebrity	3	3	1	1	unmatched			0					
Legal writer	3	3	1	1	unmatched			0					
Make-up artist	3	3	1	1	unmatched			0					
Marketeer	3	3	1	1	unmatched			0					
Masseur	3	3	1	1	unmatched			0					
Mediator	3	3	1	1	unmatched			0					
Medical Anthropologist	3	3	1	1	unmatched			0					
Molecular Geneticist	3	3	1	1	unmatched			0					
Muckraker	3	3	1	1	unmatched			0					
Music Collector	3	3	1	1	unmatched			0					
Mycologist	3	3	1	1	exact_text_candidate	Discovery/Science	Academia	27					
Office management	3	3	1	1	unmatched			0					
Online Editor	3	3	1	1	unmatched			0					
Online Marketing Executive	3	3	1	1	unmatched			0					
Organic Chemist	3	3	1	1	unmatched			0					
Paleoanthropologist	3	3	1	1	unmatched			0					
Party organizer	3	3	1	1	unmatched			0					
Patronage	3	3	1	1	unmatched			0					
Plant Biologist	3	3	1	1	unmatched			0					
Production Department Manager	3	3	1	1	unmatched			0					
Production Secretary	3	3	1	1	unmatched			0					
Professor Emerita	3	3	1	1	unmatched			0					
Public Health Physician	3	3	1	1	unmatched			0					
Reconnaissance	3	3	1	1	unmatched			0					
Recruitment Consultant	3	3	1	1	unmatched			0					
Rob Gibsun	3	3	1	1	unmatched			0					
Secret Intelligence Service officer	3	3	1	1	unmatched			0					
Sergeant major	3	3	1	1	unmatched			0					
Staff	3	3	1	1	unmatched			0					
Theatre Instructor	3	3	1	1	unmatched			0					
Toy maker	3	3	1	1	unmatched			0					
Visual Effects Specialist	3	3	1	1	unmatched			0					
Woodcutter	3	3	1	1	unmatched			0					
hedge fund manager	3	3	1	1	unmatched			0					
local politician	3	3	1	1	unmatched			0					
software consultant	3	3	1	1	unmatched			0					
uk glamour model	3	3	1	1	unmatched			0					
Acupuncture	2	2	1	1	unmatched			0					
Acupuncturist	2	2	1	1	unmatched			0					
Affiliate	2	2	1	1	unmatched			0					
American Historian	2	2	1	1	unmatched			0					
Animal nutritionist	2	2	1	1	unmatched			0					
Animatronic Effects Supervisor	2	2	1	1	unmatched			0					
Architectural Sculptor	2	2	1	1	unmatched			0					
Arms Control Analyst	2	2	1	1	unmatched			0					
Atmospheric scientist	2	2	1	1	unmatched			0					
Bellhop	2	2	1	1	unmatched			0					
Bicycle mechanic	2	2	1	1	unmatched			0					
Body double	2	2	1	1	unmatched			0					
Body man	2	2	1	1	unmatched			0					
Carpet cleaning	2	2	1	1	unmatched			0					
Cattle Dealer	2	2	1	1	unmatched			0					
Certified Fraud Examiner	2	2	1	1	unmatched			0					
Charge Scenic Artist	2	2	1	1	unmatched			0					
Chartered Financial Analyst	2	2	1	1	unmatched			0					
Child care worker	2	2	1	1	unmatched			0					
Chocolatier	2	2	1	1	old_other_bucket	Other	Worker/Business (small)	8					
Churchman	2	2	1	1	unmatched			0					
Civil Rights Lawyer	2	2	1	1	unmatched			0					
Cognitive Psychologist	2	2	1	1	unmatched			0					
Computer Engineering	2	2	1	1	unmatched			0					
Computer Network Engineer	2	2	1	1	unmatched			0					
Computer game designer	2	2	1	1	unmatched			0					
Conceptual Designer	2	2	1	1	unmatched			0					
Copy typist	2	2	1	1	unmatched			0					
Corrector	2	2	1	1	unmatched			0					
Critical care nurse	2	2	1	1	unmatched			0					
Day trader	2	2	1	1	unmatched			0					
Dhalang	2	2	1	1	unmatched			0					
Digital Marketing Strategist (Job title)	2	2	1	1	unmatched			0					
Early childhood educator	2	2	1	1	unmatched			0					
Environmental scientist	2	2	1	1	unmatched			0					
Epistemologist	2	2	1	1	unmatched			0					
Executive Secretary	2	2	1	1	unmatched			0					
Extras casting	2	2	1	1	unmatched			0					
Feldsher	2	2	1	1	unmatched			0					
Financial Services	2	2	1	1	unmatched			0					
Footman	2	2	1	1	unmatched			0					
Fugitive	2	2	1	1	unmatched			0					
Hawker	2	2	1	1	unmatched			0					
Head coach	2	2	1	1	unmatched			0					
Hobo	2	2	1	1	unmatched			0					
IT service management	2	2	1	1	unmatched			0					
Imagineer	2	2	1	1	unmatched			0					
Information graphic designer	2	2	1	1	unmatched			0					
Ironmonger	2	2	1	1	unmatched			0					
Landscape painter	2	2	1	1	unmatched			0					
Lector	2	2	1	1	unmatched			0					
Legal philosopher	2	2	1	1	unmatched			0					
Lord Mayor of Cork	2	2	1	1	unmatched			0					
Magic consultant	2	2	1	1	unmatched			0					
Marine Conservationist	2	2	1	1	unmatched			0					
Marketing Manager	2	2	1	1	unmatched			0					
Marketing Specialist	2	2	1	1	unmatched			0					
Marketing and Advertising	2	2	1	1	unmatched			0					
Mechanician	2	2	1	1	unmatched			0					
Medical sociologist	2	2	1	1	unmatched			0					
Milkmaid	2	2	1	1	unmatched			0					
Mine Owner	2	2	1	1	unmatched			0					
Mobile Web	2	2	1	1	unmatched			0					
Mortician	2	2	1	1	unmatched			0					
Motorcycle Builder	2	2	1	1	unmatched			0					
Mural Painter	2	2	1	1	unmatched			0					
Music Programmer	2	2	1	1	unmatched			0					
Nature Historian	2	2	1	1	unmatched			0					
Night Club Owner	2	2	1	1	unmatched			0					
Nurse anesthetist	2	2	1	1	unmatched			0					
Nursemaid	2	2	1	1	unmatched			0					
Online Advertising Manager	2	2	1	1	unmatched			0					
Open source/Internet technologist	2	2	1	1	unmatched			0					
Optical Physicist	2	2	1	1	unmatched			0					
Packer	2	2	1	1	unmatched			0					
Parson	2	2	1	1	exact_text_candidate	Leadership	Religious	28					
Patriarch	2	2	1	1	exact_text_candidate	Leadership	Religious	7					
Paymaster	2	2	1	1	unmatched			0					
Personal Hair Stylist	2	2	1	1	unmatched			0					
Pharmaceutical Entrepreneur	2	2	1	1	unmatched			0					
Piano tuner	2	2	1	1	unmatched			0					
Pizza delivery person	2	2	1	1	unmatched			0					
Plantation owner	2	2	1	1	unmatched			0					
Plasterer	2	2	1	1	old_other_bucket	Other	Worker/Business (small)	5					
Politician & Trade Unionist	2	2	1	1	unmatched			0					
Post Production Mixer	2	2	1	1	unmatched			0					
Praetorian prefect	2	2	1	1	unmatched			0					
Prima donna	2	2	1	1	unmatched			0					
Prostitution	2	2	1	1	old_other_bucket	Other	Other	1					
Psycholinguist	2	2	1	1	unmatched			0					
Public information officer	2	2	1	1	unmatched			0					
Puzzle designer	2	2	1	1	unmatched			0					
Pyrotechnics Supervisor	2	2	1	1	unmatched			0					
Ragtime Pianist	2	2	1	1	unmatched			0					
Railway Conductor	2	2	1	1	unmatched			0					
Returning officer	2	2	1	1	unmatched			0					
Robber	2	2	1	1	old_other_bucket	Other	Other	2					
Science-fiction author	2	2	1	1	unmatched			0					
Scoring Mixer	2	2	1	1	unmatched			0					
Search Marketing Consultant	2	2	1	1	unmatched			0					
Semi-Professional Boxer	2	2	1	1	unmatched			0					
Senior Consultant	2	2	1	1	unmatched			0					
Sexton	2	2	1	1	unmatched			0					
Sheriff officer	2	2	1	1	unmatched			0					
Signwriter	2	2	1	1	unmatched			0					
Singing	2	2	1	1	exact_text_candidate	Culture	Culture-core	2					
Slave Trader	2	2	1	1	unmatched			0					
Smelter	2	2	1	1	unmatched			0					
Social Policy Analyst	2	2	1	1	unmatched			0					
Social entrepreneurship	2	2	1	1	unmatched			0					
Sofer	2	2	1	1	unmatched			0					
Software Specialist	2	2	1	1	unmatched			0					
Special Effects Creator	2	2	1	1	unmatched			0					
Speculator	2	2	1	1	exact_text_candidate	Leadership	Corporate/Executive/Business (large)	1					
Sport psychologist	2	2	1	1	unmatched			0					
Stamp designer	2	2	1	1	unmatched			0					
Startup Founder	2	2	1	2	unmatched			0					
Structural biologist	2	2	1	1	unmatched			0					
Surf Instructor	2	2	1	1	unmatched			0					
Surgeon's assistant	2	2	1	1	unmatched			0					
Taxonomist	2	2	1	1	exact_text_candidate	Discovery/Science	Academia	2					
Terrorist	2	2	1	1	old_other_bucket	Other	Other	39					
Test engineer	2	2	1	1	unmatched			0					
Theatre Publicist	2	2	1	1	unmatched			0					
Titular ruler	2	2	1	1	unmatched			0					
Train Crew	2	2	1	1	unmatched			0					
Tram Driver	2	2	1	1	unmatched			0					
Transient laborer	2	2	1	1	unmatched			0					
UI Designer	2	2	1	1	unmatched			0					
User interface design	2	2	1	1	unmatched			0					
Vocal Producer	2	2	1	1	unmatched			0					
Wakeboarder	2	2	1	1	unmatched			0					
Wine Expert	2	2	1	1	unmatched			0					
Zen master	2	2	1	1	unmatched			0					
burglar	2	2	1	1	unmatched			0					
geodesist	2	2	1	1	exact_text_candidate	Discovery/Science	Academia	21					
m/0_rbpsl	2	2	1	1	unmatched			0					
tester	2	2	1	1	unmatched			0					
/m/0vjs6	1	1	1	1	unmatched			0					
Accounting analyst	1	1	1	1	unmatched			0					
Actor (m/012z62_8)	1	1	1	1	unmatched			0					
Advocate General	1	1	1	1	unmatched			0					
Aerial Coordinator	1	1	1	1	unmatched			0					
Aeronautics instructor	1	1	1	1	unmatched			0					
Agrarian	1	1	1	1	unmatched			0					
Agricultural Agent	1	1	1	1	unmatched			0					
Airline employee	1	1	1	1	unmatched			0					
Alexander Technique Teacher	1	1	1	1	unmatched			0					
Alutiiq Curator	1	1	1	1	unmatched			0					
Ambassador	1	1	1	1	exact_text_candidate	Leadership	Administration/Law	20					
Android software development	1	1	1	1	unmatched			0					
Animation Engineer	1	1	1	1	unmatched			0					
Antropology	1	1	1	1	unmatched			0					
Apostle (Profession)	1	1	1	1	unmatched			0					
Apple Consultant	1	1	1	1	unmatched			0					
Archimandrite	1	1	1	1	unmatched			0					
Armatoloi	1	1	1	1	unmatched			0					
Arms Dealer	1	1	1	1	unmatched			0					
Arms Policy Analyst	1	1	1	1	unmatched			0					
Art Magazine Editor	1	1	1	1	unmatched			0					
Artistic Consultant	1	1	1	1	unmatched			0					
Askari	1	1	1	1	unmatched			0					
Audio Dramatist	1	1	1	1	unmatched			0					
Audio Engineering	1	1	1	1	unmatched			0					
Audio engineer	1	1	1	1	unmatched			0					
Author, Motivation Speaker, Entrepreneur	1	1	1	1	unmatched			0					
Auxiliary bishop	1	1	1	1	unmatched			0					
Aw Bet Din	1	1	1	1	unmatched			0					
Bankruptcy Lawyer	1	1	1	1	unmatched			0					
Barber surgeon	1	1	1	1	unmatched			0					
Baron (Male Noble Rank)	1	1	1	1	unmatched			0					
Belizean American	1	1	1	1	unmatched			0					
Biblical hermeneutics	1	1	1	1	unmatched			0					
Biomedical Equipment Technician	1	1	1	1	unmatched			0					
Biometrician	1	1	1	1	unmatched			0					
Biostatistician	1	1	1	1	unmatched			0					
Biotechnician	1	1	1	1	unmatched			0					
Bird sanctuary worker	1	1	1	1	unmatched			0					
Black belt	1	1	1	1	unmatched			0					
Bond broker	1	1	1	1	unmatched			0					
Bonesetter	1	1	1	1	unmatched			0					
Bootmaker clicker	1	1	1	1	unmatched			0					
Bootseller	1	1	1	1	unmatched			0					
Botanical Explorer	1	1	1	1	unmatched			0					
Brand management	1	1	1	1	unmatched			0					
Broadcast Assistant	1	1	1	1	unmatched			0					
Buccaneer	1	1	1	1	unmatched			0					
Buddhist teacher and scholar	1	1	1	1	unmatched			0					
Budget Analyst	1	1	1	1	unmatched			0					
Building Manager	1	1	1	1	unmatched			0					
Building code	1	1	1	1	unmatched			0					
Business	1	1	1	1	exact_text_candidate	Leadership	Corporate/Executive/Business (large)	3987					
Business Administration and Marketing	1	1	1	1	unmatched			0					
Business Manager	1	1	1	1	unmatched			0					
Business intelligence	1	1	1	1	unmatched			0					
Business process outsourcing	1	1	1	1	unmatched			0					
Business-to-business	1	1	1	1	unmatched			0					
CNR (Composition)	1	1	1	1	unmatched			0					
Canine Professional	1	1	1	1	unmatched			0					
Car Worker	1	1	1	1	unmatched			0					
Carmelite Friar	1	1	1	1	unmatched			0					
Carnatic Singer	1	1	1	1	unmatched			0					
Cavalry Officer	1	1	1	1	unmatched			0					
Celebrity Liaison	1	1	1	1	unmatched			0					
Central Intelligence Agency Officer	1	1	1	1	unmatched			0					
Certified Financial Planner	1	1	1	1	unmatched			0					
Certified National Weather Service Storm Spotter	1	1	1	1	unmatched			0					
Chairman, Chivalry Democratic Party	1	1	1	1	unmatched			0					
Chairty Worker	1	1	1	1	unmatched			0					
Chapmen	1	1	1	1	unmatched			0					
Character Modeler	1	1	1	1	unmatched			0					
Chief Technology Officer	1	1	1	1	unmatched			0					
Chief steward	1	1	1	1	unmatched			0					
Child Psychologist	1	1	1	1	unmatched			0					
Child-Care Solicitor	1	1	1	1	unmatched			0					
Chimney sweep	1	1	1	1	unmatched			0					
Church of Aphrodite	1	1	1	1	unmatched			0					
Citizen Soldier	1	1	1	1	unmatched			0					
City treasurer	1	1	1	1	unmatched			0					
Classical Indian Music Performer	1	1	1	1	unmatched			0					
Clinical Systems Analyst	1	1	1	1	unmatched			0					
Clinical research associate	1	1	1	1	unmatched			0					
Club fighter	1	1	1	1	unmatched			0					
Co-Owner Estate Agency	1	1	1	1	unmatched			0					
Colonel general	1	1	1	1	unmatched			0					
Commanding General, Multi-National Force - Iraq	1	1	1	1	unmatched			0					
Commodore (Military rank) #12	1	1	1	1	unmatched			0					
Commodore (Military rank) #5	1	1	1	1	unmatched			0					
Communications Executive	1	1	1	1	unmatched			0					
Community Health Specialist	1	1	1	1	unmatched			0					
Community mental health service	1	1	1	1	unmatched			0					
Company Director	1	1	1	1	unmatched			0					
Company owner	1	1	1	1	unmatched			0					
Computational Biologist	1	1	1	1	unmatched			0					
Computer Tech	1	1	1	1	unmatched			0					
Computer program	1	1	1	1	unmatched			0					
Conversion Rate Optimisation	1	1	1	1	unmatched			0					
Conversion rate optimization specialist	1	1	1	1	unmatched			0					
Copper expert	1	1	1	1	unmatched			0					
Corsetmaker	1	1	1	1	unmatched			0					
Cosmetics	1	1	1	1	unmatched			0					
Counseling Teacher	1	1	1	1	unmatched			0					
Counsellor in Norwich	1	1	1	1	unmatched			0					
County court bailiff	1	1	1	1	unmatched			0					
Credit control	1	1	1	1	unmatched			0					
Credit manager	1	1	1	1	unmatched			0					
Crewman	1	1	1	1	unmatched			0					
Curriculum Director	1	1	1	1	unmatched			0					
Custody officer	1	1	1	1	unmatched			0					
Cytogeneticist	1	1	1	1	unmatched			0					
Dance Educator	1	1	1	1	unmatched			0					
Data Engineer	1	1	1	1	unmatched			0					
Dating coach	1	1	1	1	unmatched			0					
Dayan (Religious Leadership Title)	1	1	1	1	unmatched			0					
Deaf Advocate	1	1	1	1	unmatched			0					
Defterdar	1	1	1	1	unmatched			0					
Deli Manager	1	1	1	1	unmatched			0					
Design Coordinator	1	1	1	1	unmatched			0					
Designer (Profession) #16	1	1	1	1	unmatched			0					
Detailhandler	1	1	1	1	unmatched			0					
Developer	1	1	1	1	exact_text_candidate	Discovery/Science	Explorer/Inventor/Developer	16					
Development chef	1	1	1	1	unmatched			0					
Diagnostic radiographer	1	1	1	1	unmatched			0					
Diamantaire	1	1	1	1	unmatched			0					
Digital Director	1	1	1	1	unmatched			0					
Digital Marketing Analyst	1	1	1	1	unmatched			0					
Director of Growth, Customer Acquisition, & Online Marketing	1	1	1	1	unmatched			0					
Director of Human Resources	1	1	1	1	unmatched			0					
Director of Marketing	1	1	1	1	unmatched			0					
Director of New Business	1	1	1	1	unmatched			0					
Director of Special Effects	1	1	1	1	unmatched			0					
Disruptive innovation	1	1	1	1	unmatched			0					
Doctoral advisor	1	1	1	1	unmatched			0					
Documentalist	1	1	1	1	unmatched			0					
Domestic cleaner	1	1	1	1	unmatched			0					
Dormitory Matron	1	1	1	1	unmatched			0					
Doshu	1	1	1	1	unmatched			0					
Drama Critic	1	1	1	1	unmatched			0					
Drama Theorist	1	1	1	1	unmatched			0					
Dramatic colouratura	1	1	1	1	unmatched			0					
Dream Interpreter	1	1	1	1	unmatched			0					
Drum Programmer	1	1	1	1	unmatched			0					
Duty solicitor	1	1	1	1	unmatched			0					
Emergency Manager	1	1	1	1	unmatched			0					
Engineer (Profession) #40	1	1	1	1	unmatched			0					
Engineering Drafter	1	1	1	1	unmatched			0					
Enrolled agent	1	1	1	1	unmatched			0					
Entrepreneur (Small Business) Nightclub and Auto Paint and Body Shops	1	1	1	1	unmatched			0					
European Historian	1	1	1	1	unmatched			0					
Exile	1	1	1	1	unmatched			0					
FLMI	1	1	1	1	unmatched			0					
Faqīh	1	1	1	1	unmatched			0					
Federal Administrative Law Judge	1	1	1	1	unmatched			0					
Federal Government of Canada	1	1	1	1	unmatched			0					
Figure skating coach	1	1	1	1	unmatched			0					
Filipino martial arts	1	1	1	1	unmatched			0					
First Gentleman	1	1	1	1	unmatched			0					
First Lady of Chile	1	1	1	1	unmatched			0					
Fishing Guide	1	1	1	1	unmatched			0					
Fitter and turner	1	1	1	1	unmatched			0					
Fleet admiral	1	1	1	1	unmatched			0					
Founder/President T. Mellon & Sons Bank	1	1	1	1	unmatched			0					
Freelancer	1	1	1	1	unmatched			0					
Freight forwarder	1	1	1	1	unmatched			0					
Fuel Oil Dealers	1	1	1	1	unmatched			0					
Gas Engineer	1	1	1	1	unmatched			0					
Gas Meter Reader	1	1	1	1	unmatched			0					
Gas contractor	1	1	1	1	unmatched			0					
Gemcutter	1	1	1	1	unmatched			0					
Genetics Counselor	1	1	1	1	unmatched			0					
Gigolo (Profession)	1	1	1	1	unmatched			0					
Go professional	1	1	1	1	unmatched			0					
Grenadier	1	1	1	1	unmatched			0					
Gymterneter	1	1	1	1	unmatched			0					
Gyōji	1	1	1	1	unmatched			0					
Hacker (TV subject)	1	1	1	1	unmatched			0					
Hairdressing Supplies Wholesaler	1	1	1	1	unmatched			0					
Handmade soap	1	1	1	1	unmatched			0					
Head Skinner	1	1	1	1	unmatched			0					
Head of New Media	1	1	1	1	unmatched			0					
Head of Technology	1	1	1	1	unmatched			0					
Health Authority Wages Clerk	1	1	1	1	unmatched			0					
Help Desk Coordinator	1	1	1	1	unmatched			0					
Hematology/Oncology	1	1	1	1	unmatched			0					
Hetaira	1	1	1	1	unmatched			0					
High king	1	1	1	1	unmatched			0					
Hindi Pandit	1	1	1	1	unmatched			0					
Hospital Driver	1	1	1	1	unmatched			0					
Hospital corpsman	1	1	1	1	unmatched			0					
Hotel Development	1	1	1	1	unmatched			0					
Houseware designer	1	1	1	1	unmatched			0					
Human Resources Consultant	1	1	1	1	unmatched			0					
Hymnology	1	1	1	1	unmatched			0					
IT Support Specialist	1	1	1	1	unmatched			0					
Imaginary Menagerie Manager	1	1	1	1	unmatched			0					
Independent reviewer	1	1	1	1	unmatched			0					
Industrial Supplies Merchant Wholesalers	1	1	1	1	unmatched			0					
Industrial design	1	1	1	1	unmatched			0					
Industriemechaniker	1	1	1	1	unmatched			0					
Industry analyst	1	1	1	1	unmatched			0					
Infantry Weapons Officer	1	1	1	1	unmatched			0					
Information retrieval	1	1	1	1	unmatched			0					
Information technology management	1	1	1	1	unmatched			0					
Insurance investigator	1	1	1	1	unmatched			0					
Internet Executive	1	1	1	1	unmatched			0					
Internet Marketing Consultant	1	1	1	1	unmatched			0					
Internet Marketing Manager	1	1	1	1	unmatched			0					
Internet Visionary	1	1	1	1	unmatched			0					
Investment banking	1	1	1	1	unmatched			0					
Java Ripple	1	1	1	1	unmatched			0					
Joomla developer	1	1	1	1	unmatched			0					
Justiciar	1	1	1	1	unmatched			0					
Kaymakam	1	1	1	1	unmatched			0					
Keirin Racer	1	1	1	1	unmatched			0					
King of Champa	1	1	1	1	unmatched			0					
Knight-errant	1	1	1	1	unmatched			0					
Lackey (Profession)	1	1	1	1	unmatched			0					
Lady's maid	1	1	1	1	unmatched			0					
Laryngologist	1	1	1	1	unmatched			0					
Light Artist	1	1	1	1	unmatched			0					
Light Sculptor	1	1	1	1	unmatched			0					
Lightworker	1	1	1	1	unmatched			0					
Limner	1	1	1	1	unmatched			0					
Live sound mixing	1	1	1	1	unmatched			0					
Loan Officer	1	1	1	1	unmatched			0					
Logistics PM	1	1	1	1	unmatched			0					
MFT	1	1	1	1	unmatched			0					
Maestro of parafine	1	1	1	1	unmatched			0					
Magasinier	1	1	1	1	unmatched			0					
Management Theorist	1	1	1	1	unmatched			0					
Manager For a Catering Contractor	1	1	1	1	unmatched			0					
Managing Editor	1	1	1	1	unmatched			0					
Map Maker	1	1	1	1	unmatched			0					
Marketing & Education Manager	1	1	1	1	unmatched			0					
Marketing Director	1	1	1	1	unmatched			0					
Marketing Technologist	1	1	1	1	unmatched			0					
Masonry Contractors	1	1	1	1	unmatched			0					
Master Instructor	1	1	1	1	unmatched			0					
Master Quarrier	1	1	1	1	unmatched			0					
Mathematics education	1	1	1	1	unmatched			0					
Mayor of Montazels	1	1	1	1	unmatched			0					
Medical Writer	1	1	1	1	unmatched			0					
Member of the Russian Government Senate	1	1	1	1	unmatched			0					
Member of the Russian State Council	1	1	1	1	unmatched			0					
Merchandise & IT	1	1	1	1	unmatched			0					
Metal Worker	1	1	1	1	unmatched			0					
Methodist Preacher (Profession)	1	1	1	1	unmatched			0					
Microsoft executive	1	1	1	1	unmatched			0					
Missionary (Religious Leadership Title)	1	1	1	1	unmatched			0					
Mixed Media Artist	1	1	1	1	unmatched			0					
Modelmaker	1	1	1	1	unmatched			0					
Most Eligible	1	1	1	1	unmatched			0					
Mother (Profession)	1	1	1	1	unmatched			0					
Motorist (Profession)	1	1	1	1	unmatched			0					
Museum Worker	1	1	1	1	unmatched			0					
Music Coordinator (Film job) #1	1	1	1	1	unmatched			0					
Music industry	1	1	1	1	unmatched			0					
Mutual fund salesman	1	1	1	1	unmatched			0					
Naval Inspector General	1	1	1	1	unmatched			0					
Naval Systems Analyst	1	1	1	1	unmatched			0					
Neuroendocrinologist	1	1	1	1	unmatched			0					
Neuromarketing	1	1	1	1	unmatched			0					
Neuroscience	1	1	1	1	unmatched			0					
Newspaper Columnist	1	1	1	1	unmatched			0					
Newspaper delivery	1	1	1	1	unmatched			0					
Nonprofit Management	1	1	1	1	unmatched			0					
Nursing Graduate	1	1	1	1	unmatched			0					
Nursing Professor	1	1	1	1	unmatched			0					
Nutritional Therapist	1	1	1	1	unmatched			0					
Occupational Therapy Educator	1	1	1	1	unmatched			0					
Oficer-Major of King Zog  I	1	1	1	1	unmatched			0					
Online Marketing Consultant Specialized in SEO	1	1	1	1	unmatched			0					
Operations Manager	1	1	1	1	unmatched			0					
Oral poet	1	1	1	1	unmatched			0					
Orthotist	1	1	1	1	unmatched			0					
Outdoor Writer	1	1	1	1	unmatched			0					
P.R.O, Writer	1	1	1	1	unmatched			0					
PR Expert	1	1	1	1	unmatched			0					
Page 3	1	1	1	1	unmatched			0					
Page-boy	1	1	1	1	unmatched			0					
Painting	1	1	1	1	exact_text_candidate	Culture	Culture-core	4					
Paleobiologist	1	1	1	1	unmatched			0					
Parlormaid	1	1	1	1	unmatched			0					
Party Planner	1	1	1	1	unmatched			0					
Party leader	1	1	1	1	unmatched			0					
Payroll (Profession)	1	1	1	1	unmatched			0					
Pediatric nurse practitioner	1	1	1	1	unmatched			0					
Performer-Songwriter-Musical Director	1	1	1	1	unmatched			0					
Permanent Representative to the United Nations	1	1	1	1	unmatched			0					
Personal banking	1	1	1	1	unmatched			0					
Photography Studio Manager	1	1	1	1	unmatched			0					
Piano Singer	1	1	1	1	unmatched			0					
Plant Virologist	1	1	1	1	unmatched			0					
Plumbers Merchant	1	1	1	1	unmatched			0					
Poet (Profession) #43	1	1	1	1	unmatched			0					
Police Commander	1	1	1	1	unmatched			0					
Polygraph Examiner	1	1	1	1	unmatched			0					
Port Wine Merchant	1	1	1	1	unmatched			0					
Power broker	1	1	1	1	unmatched			0					
Prefect (Profession)	1	1	1	1	unmatched			0					
Prime Minister of Canada	1	1	1	1	unmatched			0					
Prince of Hesse and by Rhine	1	1	1	1	unmatched			0					
Prince of Novgorod	1	1	1	1	unmatched			0					
Printmaker (Music Artist)	1	1	1	1	unmatched			0					
Prior	1	1	1	1	unmatched			0					
Proctologist	1	1	1	1	unmatched			0					
Professional Artist	1	1	1	1	unmatched			0					
Professional Bass Fisherman	1	1	1	1	unmatched			0					
Professional Voice Artist and Filmmaker	1	1	1	1	unmatched			0					
Professor of Ancient Greek History and Classical Studies	1	1	1	1	unmatched			0					
Professor of Elocution	1	1	1	1	unmatched			0					
Professor of Malayalam	1	1	1	1	unmatched			0					
Prompter	1	1	1	1	unmatched			0					
Proofreader	1	1	1	1	unmatched			0					
Protopope	1	1	1	1	unmatched			0					
Protostrator	1	1	1	1	unmatched			0					
Psychedelic art	1	1	1	1	unmatched			0					
PsychiatricTechnician	1	1	1	1	unmatched			0					
Pullman porter	1	1	1	1	unmatched			0					
Puroresu	1	1	1	1	unmatched			0					
Qualified Flying Instructor	1	1	1	1	unmatched			0					
Radio Consultants	1	1	1	1	unmatched			0					
Radio Monitor Operator	1	1	1	1	unmatched			0					
Rails Developer	1	1	1	1	unmatched			0					
Real Tennis Professional	1	1	1	1	unmatched			0					
Receptionist	1	1	1	1	unmatched			0					
Recording Supervisor	1	1	1	1	unmatched			0					
Recruitment Officer	1	1	1	1	unmatched			0					
Refrigeration Engineer	1	1	1	1	unmatched			0					
Reno (Profession)	1	1	1	1	unmatched			0					
Restaurant Mgt.	1	1	1	1	unmatched			0					
Restoration Artist	1	1	1	1	unmatched			0					
Retired (Profession) #9	1	1	1	1	unmatched			0					
Riding instructor	1	1	1	1	unmatched			0					
Riveter	1	1	1	1	unmatched			0					
Ruby Developer	1	1	1	1	unmatched			0					
Rural Mail Carrier	1	1	1	1	unmatched			0					
SEO Enthusiast	1	1	1	1	unmatched			0					
SEO Project Manager	1	1	1	1	unmatched			0					
Safety engineer	1	1	1	1	unmatched			0					
Salonnieres	1	1	1	1	unmatched			0					
Salsa Dancer	1	1	1	1	unmatched			0					
Sawyer (Literature Subject)	1	1	1	1	unmatched			0					
School Inspector	1	1	1	1	unmatched			0					
School Secretary	1	1	1	1	unmatched			0					
Score Consultant	1	1	1	1	unmatched			0					
Scout Leader	1	1	1	1	unmatched			0					
Seal Inspector	1	1	1	1	unmatched			0					
Search Engine Optimization Strategist	1	1	1	1	unmatched			0					
Seashore Hotel	1	1	1	1	unmatched			0					
Security Firm Chief	1	1	1	1	unmatched			0					
Senior Member	1	1	1	1	unmatched			0					
Shakespearian Scholar	1	1	1	1	unmatched			0					
Shihainin	1	1	1	1	unmatched			0					
Shihan	1	1	1	1	unmatched			0					
Shock jock	1	1	1	1	unmatched			0					
Shoulder Surgeon	1	1	1	1	unmatched			0					
Silent Film Actress	1	1	1	1	unmatched			0					
Silk dealer	1	1	1	1	unmatched			0					
Singer (Profession) #212	1	1	1	1	unmatched			0					
Singer/Songwriter/Producer/Filmmaker	1	1	1	1	unmatched			0					
Sky marshal	1	1	1	1	unmatched			0					
Slater (Profession)	1	1	1	1	unmatched			0					
Soap Maker	1	1	1	1	unmatched			0					
Social Software Architect	1	1	1	1	unmatched			0					
Sociologist of Science	1	1	1	1	unmatched			0					
Softcore Actor	1	1	1	1	unmatched			0					
Software product manager	1	1	1	1	unmatched			0					
Soldiers Close Combat Trainer	1	1	1	1	unmatched			0					
Solicitor advocate	1	1	1	1	unmatched			0					
Spas Designer	1	1	1	1	unmatched			0					
Specialist trikotage	1	1	1	1	unmatched			0					
Speculative writer	1	1	1	1	unmatched			0					
Spicere@Pedagog of Academia of Arte	1	1	1	1	unmatched			0					
Sports medicine	1	1	1	1	unmatched			0					
Stalker (Profession)	1	1	1	1	unmatched			0					
Stall Manager	1	1	1	1	unmatched			0					
Standart officer	1	1	1	1	unmatched			0					
Stonemasonry	1	1	1	1	unmatched			0					
Story Artist	1	1	1	1	unmatched			0					
Street Lighting Technician	1	1	1	1	unmatched			0					
Stunt Assistant	1	1	1	1	unmatched			0					
Style Consultant	1	1	1	1	unmatched			0					
Styrmann	1	1	1	1	unmatched			0					
Subway Conductor	1	1	1	1	unmatched			0					
Sultan of Egypt	1	1	1	1	unmatched			0					
Surgical Nurse	1	1	1	1	unmatched			0					
Taiwanese opera	1	1	1	1	unmatched			0					
Taluk Office	1	1	1	1	unmatched			0					
Technical SEO Strategist	1	1	1	1	unmatched			0					
Technical librarian	1	1	1	1	unmatched			0					
Technology Journalist	1	1	1	1	unmatched			0					
Television Advertising Broker	1	1	1	1	unmatched			0					
Tentmaker	1	1	1	1	unmatched			0					
Textile Merchant and Manufacturer	1	1	1	1	unmatched			0					
The Music Mill - Co-Owner	1	1	1	1	unmatched			0					
Theatre consultant	1	1	1	1	unmatched			0					
Ticket Collector (Profession)	1	1	1	1	unmatched			0					
Tile Setter	1	1	1	1	unmatched			0					
Tokoyama	1	1	1	1	unmatched			0					
Tour accountant	1	1	1	1	unmatched			0					
Transportation Coordinator	1	1	1	1	unmatched			0					
Travel Coordinator	1	1	1	1	unmatched			0					
Tulku	1	1	1	1	unmatched			0					
Turner (Profession)	1	1	1	1	unmatched			0					
UX & Semantic Search Consultant	1	1	1	1	unmatched			0					
Ufology	1	1	1	1	unmatched			0					
Underwriting	1	1	1	1	unmatched			0					
United States Air Force / retired	1	1	1	1	unmatched			0					
United States Ambassador to Seychelles	1	1	1	1	unmatched			0					
United States Post Office Department	1	1	1	1	unmatched			0					
VFX creative director	1	1	1	1	unmatched			0					
Vert skating	1	1	1	1	unmatched			0					
Veterinary Technician	1	1	1	1	unmatched			0					
Watchman (Profession)	1	1	1	1	unmatched			0					
Water Conservation Specialist	1	1	1	1	unmatched			0					
Watercolor paint	1	1	1	1	unmatched			0					
Wave Tank Designer	1	1	1	1	unmatched			0					
Weapon system operator	1	1	1	1	unmatched			0					
Web builder	1	1	1	1	unmatched			0					
Website development	1	1	1	1	unmatched			0					
Wildcatter	1	1	1	1	unmatched			0					
Window cleaner	1	1	1	1	unmatched			0					
Writer & Actor	1	1	1	1	unmatched			0					
Yeoman	1	1	1	1	unmatched			0					
Yoga Consultant	1	1	1	1	unmatched			0					
actor (Profession) #1	1	1	1	1	unmatched			0					
alternative therapist	1	1	1	1	unmatched			0					
author, kompositor performer	1	1	1	1	unmatched			0					
backgammon player	1	1	1	1	unmatched			0					
carcinologist	1	1	1	1	unmatched			0					
commission agent	1	1	1	1	unmatched			0					
elder	1	1	1	1	unmatched			0					
hospital administrator	1	1	1	1	unmatched			0					
infectious Disease Specialist	1	1	1	1	unmatched			0					
internet business consultant	1	1	1	1	unmatched			0					
m/012zw2f7	1	1	1	1	unmatched			0					
m/0qcntlr	1	1	1	1	unmatched			0					
machineworker	1	1	1	1	unmatched			0					
media & culture scientist	1	1	1	1	unmatched			0					
pedagogue assistant	1	1	1	1	unmatched			0					
primary school headmaster	1	1	1	1	unmatched			0					
sewing machine operator	1	1	1	1	unmatched			0					
snooker referee	1	1	1	1	unmatched			0					
supermarket executive	1	1	1	1	unmatched			0					
writer-rector 'Academia of Arte	1	1	1	1	unmatched			0					
Extra	95	95	0	0	unmatched			0					
Assistant Makeup Artist	90	90	0	0	unmatched			0					
Visual Effects	58	58	0	0	unmatched			0					
Assistant Art Director	47	47	0	0	unmatched			0					
CG Supervisor	43	43	0	0	unmatched			0					
Foley Recordist	39	39	0	0	unmatched			0					
Visual Effects Compositor	34	34	0	0	unmatched			0					
Sound Crew	31	31	0	0	unmatched			0					
Digital Effects Supervisor	28	28	0	0	unmatched			0					
ADR Supervisor	27	27	0	0	unmatched			0					
Supervising Sound Editor	26	26	0	0	unmatched			0					
Music Mixer	24	24	0	0	unmatched			0					
Hornist	23	23	0	0	exact_text_candidate	Culture	Culture-core	11					
Background Artist	20	20	0	0	unmatched			0					
Professional sport fisherman	18	18	0	0	unmatched			0					
Compositing Supervisor	17	17	0	0	unmatched			0					
Costume Assistant	16	16	0	0	unmatched			0					
Set Constructor	15	15	0	0	unmatched			0					
Sound Effects Recordist	15	15	0	0	unmatched			0					
Special Effects Assistant	15	15	0	0	unmatched			0					
Web Marketing Specialist	15	15	0	0	unmatched			0					
Wigs/Hair Designer	15	15	0	0	unmatched			0					
Daily Carpenter	14	14	0	0	unmatched			0					
Department Head Hair Stylist	14	14	0	0	unmatched			0					
Makeup Department Head	14	14	0	0	unmatched			0					
Sound Mix Technician	14	14	0	0	unmatched			0					
Sound Recording Mixer	14	14	0	0	unmatched			0					
Visual Effects Executive Producer	14	14	0	0	unmatched			0					
Audio Mixer	13	13	0	0	unmatched			0					
Projection Designer	13	13	0	0	unmatched			0					
Special Makeup Effects	13	13	0	0	unmatched			0					
Supervising Sound Effects Editor	13	13	0	0	unmatched			0					
Utility Sound Technician	13	13	0	0	unmatched			0					
Graphics coordinator	12	12	0	0	unmatched			0					
Make-Up and Hair Designer	12	12	0	0	unmatched			0					
Production Mixer	12	12	0	0	unmatched			0					
Additional Hair Stylist	11	11	0	0	unmatched			0					
Compilation Producer	11	11	0	0	unmatched			0					
Digital Effects Coordinator	11	11	0	0	unmatched			0					
Sound Consultant	11	11	0	0	unmatched			0					
Costume design	10	10	0	0	unmatched			0					
Makeup Supervisor	10	10	0	0	unmatched			0					
Additional Sound	9	9	0	0	unmatched			0					
Busker	9	9	0	0	unmatched			0					
Digital Colorist	9	9	0	0	unmatched			0					
Key Costumer	9	9	0	0	unmatched			0					
Matte Artist	9	9	0	0	unmatched			0					
Render I/O Coordinator	9	9	0	0	unmatched			0					
Sound Effect	9	9	0	0	unmatched			0					
Anthropological Linguist	8	8	0	0	unmatched			0					
Art Department Crew	8	8	0	0	unmatched			0					
Executive Director	8	8	0	0	unmatched			0					
Human Rights Leader	8	8	0	0	unmatched			0					
Lighting Technical Director	8	8	0	0	unmatched			0					
Notary	8	8	0	0	exact_text_candidate	Leadership	Administration/Law	41					
Sound Producer	8	8	0	0	unmatched			0					
Valet	8	8	0	0	unmatched			0					
Visual Effects Cameraman	8	8	0	0	unmatched			0					
Visual Effects Line Producer	8	8	0	0	unmatched			0					
3D artist	7	7	0	0	unmatched			0					
Additional Makeup Artist	7	7	0	0	unmatched			0					
Assistant Set Decorator	7	7	0	0	unmatched			0					
Dialogue Recordist	7	7	0	0	unmatched			0					
Digital Animator	7	7	0	0	unmatched			0					
Music Recordist	7	7	0	0	unmatched			0					
Physical Chemist	7	7	0	0	unmatched			0					
Post-Production Coordinator	7	7	0	0	unmatched			0					
Previsualization Artist	7	7	0	0	unmatched			0					
Render Coordinator	7	7	0	0	unmatched			0					
Set Decoration Buyer	7	7	0	0	unmatched			0					
Sound	7	7	0	0	unmatched			0					
Sound Utility	7	7	0	0	unmatched			0					
Special Makeup Effects Supervisor	7	7	0	0	unmatched			0					
Video Designer	7	7	0	0	unmatched			0					
3D Supervisor	6	6	0	0	unmatched			0					
Community Development Leader	6	6	0	0	unmatched			0					
Dialogue Mixer	6	6	0	0	unmatched			0					
Digital Intermediate Producer	6	6	0	0	unmatched			0					
Dolby Sound Consultant	6	6	0	0	unmatched			0					
Epigrapher	6	6	0	0	unmatched			0					
Fight Director	6	6	0	0	unmatched			0					
General director	6	6	0	0	unmatched			0					
Head Hair Stylist	6	6	0	0	unmatched			0					
Key Hair Stylist (Film job)	6	6	0	0	unmatched			0					
Lighting Supervisor	6	6	0	0	unmatched			0					
Makeup Assistant	6	6	0	0	unmatched			0					
Marketing communications	6	6	0	0	unmatched			0					
Motion Graphic Artist	6	6	0	0	unmatched			0					
Neo-Burlesque	6	6	0	0	unmatched			0					
Prosthetics	6	6	0	0	unmatched			0					
Set Decoration Coordinator	6	6	0	0	unmatched			0					
Sound Technician (Film job)	6	6	0	0	unmatched			0					
Sound operator	6	6	0	0	unmatched			0					
Type designer	6	6	0	0	unmatched			0					
Visual Effects Art Director	6	6	0	0	unmatched			0					
Animatronics Designer	5	5	0	0	unmatched			0					
Archbishop	5	5	0	0	exact_text_candidate	Leadership	Religious	791					
Associate Professor	5	5	0	0	unmatched			0					
Biomedical scientist	5	5	0	0	unmatched			0					
Captain general	5	5	0	0	unmatched			0					
Creative Producer	5	5	0	0	unmatched			0					
Criminal defense lawyer (Profession) #1	5	5	0	0	unmatched			0					
Cultural Preservationist	5	5	0	0	unmatched			0					
Digital Coordinator	5	5	0	0	unmatched			0					
Digital Supervisor	5	5	0	0	unmatched			0					
Digital compositing	5	5	0	0	unmatched			0					
Effects Animator	5	5	0	0	unmatched			0					
Hair Artist	5	5	0	0	unmatched			0					
Historian of Religion	5	5	0	0	unmatched			0					
Matchmove Supervisor	5	5	0	0	unmatched			0					
New media artist	5	5	0	0	unmatched			0					
On-Line Editor	5	5	0	0	unmatched			0					
Professional Organizer	5	5	0	0	unmatched			0					
Prospector	5	5	0	0	old_other_bucket	Other	Worker/Business (small)	2					
Search Engine Marketing	5	5	0	0	unmatched			0					
Senior Special Effects Technician	5	5	0	0	unmatched			0					
Sound Recordist (Film job)	5	5	0	0	unmatched			0					
Toy Designer	5	5	0	0	unmatched			0					
Translation (Industry)	5	5	0	0	unmatched			0					
Umpire	5	5	0	0	unmatched			0					
Video Engineer	5	5	0	0	unmatched			0					
Visual Effect Producer	5	5	0	0	unmatched			0					
Visual Effects Administrator	5	5	0	0	unmatched			0					
Wig Designer	5	5	0	0	unmatched			0					
Anime character designer	4	4	0	0	unmatched			0					
Arms trafficking	4	4	0	0	unmatched			0					
Bandurist	4	4	0	0	unmatched			0					
Blues Musician	4	4	0	0	unmatched			0					
Body Makeup Artist	4	4	0	0	unmatched			0					
Chamberlain	4	4	0	0	exact_text_candidate	Leadership	Nobility	484					
Character Technical Director	4	4	0	0	unmatched			0					
Chess coach	4	4	0	0	unmatched			0					
Clapper loader	4	4	0	0	unmatched			0					
Classical guitarists	4	4	0	0	unmatched			0					
Copyist	4	4	0	0	unmatched			0					
Cryptozoologist	4	4	0	0	unmatched			0					
Dialogue Supervisor	4	4	0	0	unmatched			0					
Digital Compositing Supervisor	4	4	0	0	unmatched			0					
Digital Effects Producer	4	4	0	0	unmatched			0					
Digital Intermediate Supervisor	4	4	0	0	unmatched			0					
Digital Production Manager	4	4	0	0	unmatched			0					
Digital Visual Effects Supervisor	4	4	0	0	unmatched			0					
Digital matte artist	4	4	0	0	unmatched			0					
Fellow	4	4	0	0	unmatched			0					
Foley Operator	4	4	0	0	unmatched			0					
Hairstyle	4	4	0	0	unmatched			0					
IT Director	4	4	0	0	unmatched			0					
Lighting Artist	4	4	0	0	unmatched			0					
Make-Up Trainee	4	4	0	0	unmatched			0					
Makeup Effects Sculptor	4	4	0	0	unmatched			0					
Managing Director (Board Member Title)	4	4	0	0	unmatched			0					
Model Shop Supervisor	4	4	0	0	unmatched			0					
Modeling Supervisor	4	4	0	0	unmatched			0					
Models & Sets	4	4	0	0	unmatched			0					
Motion Graphics Designer	4	4	0	0	unmatched			0					
Music Supervisor	4	4	0	0	unmatched			0					
Seal hunting	4	4	0	0	unmatched			0					
Sound Effects Designer	4	4	0	0	unmatched			0					
Sound Mix Operator	4	4	0	0	unmatched			0					
Sound Re-Recording Mixer	4	4	0	0	unmatched			0					
Special Effects Fabricator	4	4	0	0	unmatched			0					
Special Makeup Effects Designer	4	4	0	0	unmatched			0					
Stockman	4	4	0	0	unmatched			0					
Strategic Analyst	4	4	0	0	unmatched			0					
Technical editor	4	4	0	0	unmatched			0					
Utility Sound	4	4	0	0	unmatched			0					
Visual Effects Model Maker	4	4	0	0	unmatched			0					
Visual Effects Technical Supervisor	4	4	0	0	unmatched			0					
Weathercaster	4	4	0	0	unmatched			0					
selenographer	4	4	0	0	unmatched			0					
Additional Sound Recordist	3	3	0	0	unmatched			0					
Aditional Makeup Artist	3	3	0	0	unmatched			0					
Animation Checker	3	3	0	0	unmatched			0					
Animatronic Designer	3	3	0	0	unmatched			0					
Assassin	3	3	0	0	unmatched			0					
Assistant Dialogue Editor	3	3	0	0	unmatched			0					
Assistant Director (Profession)	3	3	0	0	unmatched			0					
Assistant Production Designer	3	3	0	0	unmatched			0					
Assistant Production Manager	3	3	0	0	unmatched			0					
Ballet	3	3	0	0	exact_text_candidate	Culture	Culture-core	244					
Book Artist	3	3	0	0	unmatched			0					
Bowyer	3	3	0	0	unmatched			0					
Ceramist	3	3	0	0	exact_text_candidate	Culture	Culture-core	124					
Character Rigging Supervisor	3	3	0	0	unmatched			0					
Classical Scholar	3	3	0	0	unmatched			0					
Coach (m/0bwcwdg)	3	3	0	0	unmatched			0					
Compositing Artist	3	3	0	0	unmatched			0					
Conveyancer	3	3	0	0	unmatched			0					
Costume Coordinator	3	3	0	0	unmatched			0					
Digital Matte Painter	3	3	0	0	unmatched			0					
Digital Paint Supervisor	3	3	0	0	unmatched			0					
Digital Producer	3	3	0	0	unmatched			0					
Digital Set Designer	3	3	0	0	unmatched			0					
Doctor	3	3	0	0	exact_text_candidate	Discovery/Science	Academia	41					
Dubbing Supervisor	3	3	0	0	unmatched			0					
Effects Artist	3	3	0	0	unmatched			0					
Electrician (Profession) #12	3	3	0	0	unmatched			0					
Embroiderer	3	3	0	0	unmatched			0					
Franciscan Friar	3	3	0	0	unmatched			0					
Guerrilla marketing	3	3	0	0	unmatched			0					
Hymnist	3	3	0	0	unmatched			0					
Key Animator	3	3	0	0	unmatched			0					
Layout Supervisor	3	3	0	0	unmatched			0					
Make-Up/Hair Artist	3	3	0	0	unmatched			0					
Millwright	3	3	0	0	old_other_bucket	Other	Worker/Business (small)	1					
Model Supervisor	3	3	0	0	unmatched			0					
Motion Graphics Artist	3	3	0	0	unmatched			0					
Naval historian	3	3	0	0	unmatched			0					
Papyrologist	3	3	0	0	unmatched			0					
Project Management Professional	3	3	0	0	unmatched			0					
Prosthetic Artist	3	3	0	0	unmatched			0					
Prosthetics Technician	3	3	0	0	unmatched			0					
Rigging Supervisor	3	3	0	0	unmatched			0					
Rose Breeding	3	3	0	0	unmatched			0					
SEO Specialist	3	3	0	0	unmatched			0					
Scanning & Recording Operator	3	3	0	0	unmatched			0					
Second Boom Operator	3	3	0	0	unmatched			0					
Soil Scientist	3	3	0	0	unmatched			0					
Sound Effects Technician	3	3	0	0	unmatched			0					
Sound Mixing Recordist	3	3	0	0	unmatched			0					
Sound Recorder	3	3	0	0	unmatched			0					
Sound Recording and Reproduction	3	3	0	0	unmatched			0					
Sound Sculptor	3	3	0	0	unmatched			0					
Sound Studio Manager	3	3	0	0	unmatched			0					
Special Effects Key	3	3	0	0	unmatched			0					
Special Effects Laborer	3	3	0	0	unmatched			0					
Special Effects Set Supervisor	3	3	0	0	unmatched			0					
Supervising Sound Mixer	3	3	0	0	unmatched			0					
System Engineer	3	3	0	0	unmatched			0					
Tanner	3	3	0	0	old_other_bucket	Other	Worker/Business (small)	6					
Teaching artist	3	3	0	0	unmatched			0					
Technical Support	3	3	0	0	unmatched			0					
Texture Artist	3	3	0	0	unmatched			0					
Town crier	3	3	0	0	unmatched			0					
Video game design	3	3	0	0	unmatched			0					
Visual Effects Concept Artist	3	3	0	0	unmatched			0					
Visual Effects Production Manager	3	3	0	0	unmatched			0					
Visual Effects Technical Director	3	3	0	0	unmatched			0					
Wardrobe Stylist	3	3	0	0	unmatched			0					
Weapons master	3	3	0	0	unmatched			0					
Yodeler	3	3	0	0	unmatched			0					
YouTuber	3	3	0	0	exact_text_candidate	Culture	Culture-periphery	17					
set designer	3	3	0	0	unmatched			0					
theater production assistant	3	3	0	0	unmatched			0					
/m/05hj__k	2	2	0	0	unmatched			0					
3D Effects Artist	2	2	0	0	unmatched			0					
3D and CG Supervisor	2	2	0	0	unmatched			0					
ADR Re-recordist	2	2	0	0	unmatched			0					
Action Coordinator	2	2	0	0	unmatched			0					
Actress	2	2	0	0	exact_text_candidate	Culture	Culture-core	212					
AdWords	2	2	0	0	unmatched			0					
Additional Re-Recording Mixer	2	2	0	0	unmatched			0					
Additional Sound Effects Editor	2	2	0	0	unmatched			0					
Additional Sound Re-recording Mixer	2	2	0	0	unmatched			0					
Advertising	2	2	0	0	exact_text_candidate	Culture	Culture-periphery	17					
Airshow pilot	2	2	0	0	unmatched			0					
American Soldier	2	2	0	0	unmatched			0					
Apprentice Sound Editor	2	2	0	0	unmatched			0					
Army Doctor	2	2	0	0	unmatched			0					
Art Coordinator	2	2	0	0	unmatched			0					
Art Department Production Assistant	2	2	0	0	unmatched			0					
Assistant ADR Editor	2	2	0	0	unmatched			0					
Assistant Animator	2	2	0	0	unmatched			0					
Assistant Producer	2	2	0	0	unmatched			0					
Assistant Re-Recording Mixer	2	2	0	0	unmatched			0					
Audio Designer	2	2	0	0	unmatched			0					
Baby farming	2	2	0	0	unmatched			0					
Beamter	2	2	0	0	unmatched			0					
Broadcaster/Writer/ Curator	2	2	0	0	unmatched			0					
Bull Rider	2	2	0	0	unmatched			0					
Bullocky	2	2	0	0	unmatched			0					
CG Effects Supervisor	2	2	0	0	unmatched			0					
Camera Department	2	2	0	0	unmatched			0					
Career counseling	2	2	0	0	unmatched			0					
Caseworker	2	2	0	0	unmatched			0					
Certification mark	2	2	0	0	unmatched			0					
Chartered Certified Accountant	2	2	0	0	unmatched			0					
Chiropractic	2	2	0	0	unmatched			0					
Co-Founder	2	2	0	0	unmatched			0					
Community Developer	2	2	0	0	unmatched			0					
Con Artist	2	2	0	0	unmatched			0					
Concept Designer	2	2	0	0	unmatched			0					
Costume Production Assistant	2	2	0	0	unmatched			0					
Creature And Makeup Effects Designer	2	2	0	0	unmatched			0					
Cryptologist	2	2	0	0	unmatched			0					
Defender	2	2	0	0	unmatched			0					
Developmental Psychologist	2	2	0	0	unmatched			0					
Digital Effects Director	2	2	0	0	unmatched			0					
Digital Intermediate Colorist	2	2	0	0	unmatched			0					
Digital Lab Supervisor	2	2	0	0	unmatched			0					
Digital Paint Artist	2	2	0	0	unmatched			0					
Digital Restoration Artist	2	2	0	0	unmatched			0					
Digital Visual Effects Artist	2	2	0	0	unmatched			0					
Drayman	2	2	0	0	unmatched			0					
Drumline Instructor	2	2	0	0	unmatched			0					
Economic Development Strategist	2	2	0	0	unmatched			0					
Education Reform Leader	2	2	0	0	unmatched			0					
Education Technology	2	2	0	0	unmatched			0					
Effects Coordinator	2	2	0	0	unmatched			0					
Effects Technical Director	2	2	0	0	unmatched			0					
Energy Analyst	2	2	0	0	unmatched			0					
Engineering technician	2	2	0	0	unmatched			0					
Enterprise architect	2	2	0	0	unmatched			0					
Entertainment journalism	2	2	0	0	unmatched			0					
Environmental Policy Analyst	2	2	0	0	unmatched			0					
Esotericism	2	2	0	0	unmatched			0					
Events Manager	2	2	0	0	unmatched			0					
Executive Coach	2	2	0	0	unmatched			0					
Family dentistry	2	2	0	0	unmatched			0					
Film Consultant	2	2	0	0	unmatched			0					
Film Scanning And Recording Supervisor	2	2	0	0	unmatched			0					
Final Sound Mixer	2	2	0	0	unmatched			0					
Financial manager	2	2	0	0	unmatched			0					
Foreign Policy Analyst	2	2	0	0	unmatched			0					
Founder and Chief Creative Director	2	2	0	0	unmatched			0					
Game director	2	2	0	0	unmatched			0					
General Manager, Automotive	2	2	0	0	unmatched			0					
Gensaku-sha	2	2	0	0	unmatched			0					
Graphic Effects Artist	2	2	0	0	unmatched			0					
Graphic design	2	2	0	0	unmatched			0					
Growth hacking	2	2	0	0	unmatched			0					
Guitar & bass teacher	2	2	0	0	unmatched			0					
Guitar technician	2	2	0	0	unmatched			0					
Hair Consultant	2	2	0	0	unmatched			0					
Hair Supervisor	2	2	0	0	unmatched			0					
Hand model	2	2	0	0	unmatched			0					
Health Care Leader	2	2	0	0	unmatched			0					
Healthcare scientists	2	2	0	0	unmatched			0					
Human Rights Investigator	2	2	0	0	unmatched			0					
IT Analyst	2	2	0	0	unmatched			0					
IT Business Consultant	2	2	0	0	unmatched			0					
Imaging Supervisor	2	2	0	0	unmatched			0					
Indian Police Service	2	2	0	0	unmatched			0					
Industrial Artist	2	2	0	0	unmatched			0					
Inferno Artist	2	2	0	0	unmatched			0					
Information architecture	2	2	0	0	unmatched			0					
Jazz Historian	2	2	0	0	unmatched			0					
Key Mechanical Designer	2	2	0	0	unmatched			0					
Key Special Effects Makeup Artist	2	2	0	0	unmatched			0					
Labour law	2	2	0	1	unmatched			0					
Lead CGi Artist	2	2	0	0	unmatched			0					
Lead Compositor	2	2	0	0	unmatched			0					
Legal executive	2	2	0	0	unmatched			0					
Lifecaster	2	2	0	0	unmatched			0					
Lighthouse keeper	2	2	0	0	unmatched			0					
Makeup Effects Supervisor	2	2	0	0	unmatched			0					
Makeup Stylist	2	2	0	0	unmatched			0					
Manhwa creator	2	2	0	0	unmatched			0					
Marketing	2	2	0	0	old_other_bucket	Other	Worker/Business (small)	5					
Master craftsman	2	2	0	0	unmatched			0					
Match Move Artist	2	2	0	0	unmatched			0					
Mathematics Educator	2	2	0	0	unmatched			0					
Mayanist	2	2	0	0	unmatched			0					
Mechanical Designer	2	2	0	0	unmatched			0					
Media Training	2	2	0	0	unmatched			0					
Medical Physicist	2	2	0	0	unmatched			0					
Medicine	2	2	0	0	exact_text_candidate	Discovery/Science	Academia	11					
Miniature Supervisor	2	2	0	0	unmatched			0					
Mobile application development	2	2	0	0	unmatched			0					
Mohel	2	2	0	0	unmatched			0					
Mold/Technical Department	2	2	0	0	unmatched			0					
Music Scoring Mixer	2	2	0	0	unmatched			0					
Music journalism	2	2	0	0	unmatched			0					
Narrative Journalist	2	2	0	0	unmatched			0					
Numismatics	2	2	0	0	unmatched			0					
On-Set Decorator	2	2	0	0	unmatched			0					
On-Set Props	2	2	0	0	unmatched			0					
Optical Cameraman	2	2	0	0	unmatched			0					
Optical Supervisor	2	2	0	0	unmatched			0					
Paint Coordinator	2	2	0	0	unmatched			0					
Parasitologist	2	2	0	0	exact_text_candidate	Discovery/Science	Academia	4					
Pediatric Hematologist	2	2	0	0	unmatched			0					
Petrologist	2	2	0	0	unmatched			0					
Picture Car Coordinator	2	2	0	0	unmatched			0					
Pipeline Supervisor	2	2	0	0	unmatched			0					
Pipeline Technical Director	2	2	0	0	unmatched			0					
Plant collector	2	2	0	0	unmatched			0					
Population Geneticist	2	2	0	0	unmatched			0					
Post Production Assistant	2	2	0	0	unmatched			0					
Post-Audio Mixer	2	2	0	0	unmatched			0					
Post-Production Sound	2	2	0	0	unmatched			0					
Production Buyer	2	2	0	0	unmatched			0					
Production Illustrator	2	2	0	0	unmatched			0					
Professional farter	2	2	0	0	unmatched			0					
Programming Language Designer	2	2	0	0	unmatched			0					
Project manager	2	2	0	0	unmatched			0					
Prop Driver	2	2	0	0	unmatched			0					
Property designer	2	2	0	0	unmatched			0					
Public Health Leader	2	2	0	0	unmatched			0					
Quality management	2	2	0	0	unmatched			0					
Race caller	2	2	0	0	unmatched			0					
Racehorse owner	2	2	0	0	unmatched			0					
Real estate lawyer	2	2	0	0	unmatched			0					
Research Physician	2	2	0	0	unmatched			0					
Rigging Technical Director	2	2	0	0	unmatched			0					
Roto/Paint Artist	2	2	0	0	unmatched			0					
Rotoscope Artist	2	2	0	0	unmatched			0					
SEO Expert	2	2	0	0	unmatched			0					
Scientific equipment optician	2	2	0	0	unmatched			0					
Second Assistant Director	2	2	0	0	unmatched			0					
Senior Hair Stylist	2	2	0	0	unmatched			0					
Senior Makeup Artist	2	2	0	0	unmatched			0					
Signing agent	2	2	0	0	unmatched			0					
Social Media Marketing (Industry)	2	2	0	0	unmatched			0					
Sonar technician	2	2	0	0	unmatched			0					
Sound Dubbing Mixer	2	2	0	0	unmatched			0					
Sound Maintenance Engineer	2	2	0	0	unmatched			0					
Sound Re-recording Assistant	2	2	0	0	unmatched			0					
Sound Transferer	2	2	0	0	unmatched			0					
Soundman	2	2	0	0	unmatched			0					
Special Effects Accountant	2	2	0	0	unmatched			0					
Special Effects Art Director	2	2	0	0	unmatched			0					
Special Effects Buyer	2	2	0	0	unmatched			0					
Special Effects Cinematographer	2	2	0	0	unmatched			0					
Special Effects Consultant	2	2	0	0	unmatched			0					
Special Effects Cooridinator	2	2	0	0	unmatched			0					
Special Effects Mechanical Designer	2	2	0	0	unmatched			0					
Special Makeup Designer	2	2	0	0	unmatched			0					
Special Sound Effects	2	2	0	0	unmatched			0					
Special Sound Effects Editor	2	2	0	0	unmatched			0					
Stage Engineer	2	2	0	0	unmatched			0					
Stand-in	2	2	0	0	unmatched			0					
Stereoscopic Supervisor	2	2	0	0	unmatched			0					
Strength and conditioning coach	2	2	0	0	unmatched			0					
Strongwoman	2	2	0	0	unmatched			0					
Supervising Re-Recording Mixer	2	2	0	0	unmatched			0					
Supervisor Sound Designer	2	2	0	0	unmatched			0					
Sweeper	2	2	0	0	unmatched			0					
Systems Administrator	2	2	0	0	unmatched			0					
T.V. Writer	2	2	0	0	unmatched			0					
Technical Supervisor	2	2	0	0	unmatched			0					
Theoretical physics	2	2	0	0	unmatched			0					
Video Operator	2	2	0	0	unmatched			0					
Visual Designer	2	2	0	0	unmatched			0					
Visual Effects Accountant	2	2	0	0	unmatched			0					
Visual Effects Data Operator	2	2	0	0	unmatched			0					
Visual Effects Gaffer	2	2	0	0	unmatched			0					
Visual Effects Generalist	2	2	0	0	unmatched			0					
Visual Effects Intern	2	2	0	0	unmatched			0					
Voting Rights Advocate	2	2	0	0	unmatched			0					
Wardrobe Coordinator	2	2	0	0	unmatched			0					
Web & Graphic Designer	2	2	0	0	unmatched			0					
Wildlife Photographer	2	2	0	0	unmatched			0					
animation timer	2	2	0	0	unmatched			0					
g/11x7vlvq0	2	2	0	0	unmatched			0					
independent researcher	2	2	0	0	unmatched			0					
professional speaker	2	2	0	0	unmatched			0					
3D Animator	1	1	0	0	unmatched			0					
3D Lighting Artist	1	1	0	0	unmatched			0					
3D Modeling Supervisor	1	1	0	0	unmatched			0					
AIDS Policy Specialist	1	1	0	0	unmatched			0					
AIDS Researcher	1	1	0	0	unmatched			0					
Activism	1	1	0	0	exact_text_candidate	Leadership	Politics	2					
Actor (Profession) #103	1	1	0	0	unmatched			0					
Actor (Profession) #138	1	1	0	0	unmatched			0					
Actor (Profession) #145	1	1	0	0	unmatched			0					
Actor (Profession) #147	1	1	0	0	unmatched			0					
Actor (Profession) #15	1	1	0	0	unmatched			0					
Actor (Profession) #153	1	1	0	0	unmatched			0					
Actor (Profession) #18	1	1	0	0	unmatched			0					
Actor (Profession) #37	1	1	0	0	unmatched			0					
Actor (Profession) #47	1	1	0	0	unmatched			0					
Actor (Profession) #51	1	1	0	0	unmatched			0					
Actor (Profession) #52	1	1	0	0	unmatched			0					
Actor (Profession) #56	1	1	0	0	unmatched			0					
Actor (Profession) #76	1	1	0	0	unmatched			0					
Actor (Profession) #90	1	1	0	0	unmatched			0					
Additional Chief Secretary	1	1	0	0	unmatched			0					
Additional Graphic Artist	1	1	0	0	unmatched			0					
Additional Sound Editor	1	1	0	0	unmatched			0					
Aerial Effects Supervisor	1	1	0	0	unmatched			0					
Aeronautical engineering	1	1	0	0	unmatched			0					
Affiliate Marketer	1	1	0	0	unmatched			0					
Affiliate marketing	1	1	0	0	unmatched			0					
Affineur	1	1	0	0	unmatched			0					
Agricultural Entomologist	1	1	0	0	unmatched			0					
Aircraft broker	1	1	0	0	unmatched			0					
Alaskan Health Care Leader	1	1	0	0	unmatched			0					
Almoner	1	1	0	0	exact_text_candidate	Leadership	Religious	2					
Alternative model	1	1	0	0	unmatched			0					
Amanuensis	1	1	0	0	unmatched			0					
Amateur Boxing	1	1	0	0	unmatched			0					
Animation Technical Supervisor	1	1	0	0	unmatched			0					
Animatronics Engineer	1	1	0	0	unmatched			0					
Animatronics Supervisor	1	1	0	0	unmatched			0					
Antarctician	1	1	0	0	unmatched			0					
Arabist	1	1	0	0	exact_text_candidate	Discovery/Science	Academia	21					
Arachnologist	1	1	0	0	exact_text_candidate	Discovery/Science	Academia	16					
Arbovirologist	1	1	0	0	unmatched			0					
Archaeological Illustrator	1	1	0	0	unmatched			0					
Archetypal Engineer	1	1	0	0	unmatched			0					
Architectural technologist	1	1	0	0	unmatched			0					
Archivist of the United States	1	1	0	0	unmatched			0					
Arms Control Strategist	1	1	0	0	unmatched			0					
Art Assistant	1	1	0	0	unmatched			0					
Art Installer	1	1	0	0	unmatched			0					
Art model	1	1	0	0	unmatched			0					
Arthroscopy	1	1	0	0	unmatched			0					
Artist, Writer, Performer, Producer, Artistic Director	1	1	0	0	unmatched			0					
Artistic Supervisor	1	1	0	0	unmatched			0					
Assistant Audio Engineer	1	1	0	0	unmatched			0					
Assistant Choreographer	1	1	0	0	unmatched			0					
Assistant Foley Artist	1	1	0	0	unmatched			0					
Assistant Sound Designer	1	1	0	0	unmatched			0					
Assistant Sound Re-Recording Mixer	1	1	0	0	unmatched			0					
Associate Artistic Director	1	1	0	0	unmatched			0					
Associate Visual Effects Producer	1	1	0	0	unmatched			0					
Assyriology	1	1	0	0	unmatched			0					
Astronautical engineering	1	1	0	0	unmatched			0					
Astrophotography	1	1	0	0	unmatched			0					
Athlete Trainer	1	1	0	0	unmatched			0					
Atmospheric Chemist	1	1	0	0	unmatched			0					
Ator	1	1	0	0	unmatched			0					
Audio Post Producer	1	1	0	0	unmatched			0					
Audio post production	1	1	0	0	unmatched			0					
Audiography	1	1	0	0	unmatched			0					
Australian rules football	1	1	0	0	unmatched			0					
Authority	1	1	0	0	unmatched			0					
Auto electrician	1	1	0	0	unmatched			0					
Automobile safety	1	1	0	0	unmatched			0					
Auxiliary police	1	1	0	0	unmatched			0					
BOTB Indexer	1	1	0	0	unmatched			0					
Background & Props	1	1	0	0	unmatched			0					
Background Designer	1	1	0	0	unmatched			0					
Background Key Painter	1	1	0	0	unmatched			0					
Balloonist	1	1	0	0	old_other_bucket	Other	Worker/Business (small)	7					
Bank robber	1	1	0	0	unmatched			0					
Bargirl	1	1	0	0	unmatched			0					
Beauty queen (Profession)	1	1	0	0	unmatched			0					
Bencher	1	1	0	0	unmatched			0					
Benedictine Monk	1	1	0	0	unmatched			0					
Benefactor	1	1	0	0	unmatched			0					
Best Boy Electric (Film job)	1	1	0	0	unmatched			0					
Best Boy Grip	1	1	0	0	unmatched			0					
Best boy	1	1	0	0	unmatched			0					
Bidding Producer	1	1	0	0	unmatched			0					
Biological Anthropologist	1	1	0	0	unmatched			0					
Biomechanical engineer	1	1	0	0	unmatched			0					
Biophysical Chemist	1	1	0	0	unmatched			0					
Black model	1	1	0	0	unmatched			0					
Bodypaint model	1	1	0	0	unmatched			0					
Boom operator	1	1	0	0	unmatched			0					
Botanical illustrator	1	1	0	0	unmatched			0					
Bow maker	1	1	0	0	unmatched			0					
Brain Researcher	1	1	0	0	unmatched			0					
Brand 360	1	1	0	0	unmatched			0					
Brand Manager	1	1	0	0	unmatched			0					
Brand Marketing	1	1	0	0	unmatched			0					
Breakup Coach	1	1	0	0	unmatched			0					
Brickmaker	1	1	0	0	unmatched			0					
Brokerage Assistant	1	1	0	0	unmatched			0					
Business Admin.	1	1	0	0	unmatched			0					
Business Commando	1	1	0	0	unmatched			0					
Business Management (Profession)	1	1	0	0	unmatched			0					
Business Networker	1	1	0	0	unmatched			0					
Business Strategist	1	1	0	0	unmatched			0					
Butt Pirate	1	1	0	0	unmatched			0					
CCTV Cameras	1	1	0	0	unmatched			0					
CEO Bad Ass, Inc.	1	1	0	0	unmatched			0					
CEO Waste Removal	1	1	0	0	unmatched			0					
CGI Supervisor	1	1	0	0	unmatched			0					
CTO	1	1	0	0	unmatched			0					
Cake decorating	1	1	0	0	unmatched			0					
Camera Supervisor	1	1	0	0	unmatched			0					
Camera Technical Director	1	1	0	0	unmatched			0					
Camgirl	1	1	0	0	unmatched			0					
Carabinier	1	1	0	0	unmatched			0					
Casting Assistant	1	1	0	0	unmatched			0					
Casting Department	1	1	0	0	unmatched			0					
Catechist	1	1	0	0	unmatched			0					
Cavalry officer	1	1	0	0	unmatched			0					
Certified Internal Auditor	1	1	0	0	unmatched			0					
Cg Modeler	1	1	0	0	unmatched			0					
Character Effects Supervisor	1	1	0	0	unmatched			0					
Character Modeling And Articulation Artist	1	1	0	0	unmatched			0					
Character Rigger	1	1	0	0	unmatched			0					
Charioteer (Literature Subject)	1	1	0	0	unmatched			0					
Chess Player	1	1	0	0	unmatched			0					
Chess Promotor	1	1	0	0	unmatched			0					
Chess composer	1	1	0	0	unmatched			0					
Chess problem composer	1	1	0	0	unmatched			0					
Chief Financial Officer	1	1	0	0	unmatched			0					
Chief Information Officer	1	1	0	0	unmatched			0					
Chief Physician	1	1	0	0	unmatched			0					
Chief Technical Architect	1	1	0	0	unmatched			0					
Chief communications officer	1	1	0	0	unmatched			0					
Chief cook	1	1	0	0	unmatched			0					
Chief petty officer (Profession)	1	1	0	0	unmatched			0					
Chief police officer	1	1	0	0	unmatched			0					
Chief software development	1	1	0	0	unmatched			0					
Child Care Leader	1	1	0	0	unmatched			0					
Child and Family Development Specialist	1	1	0	0	unmatched			0					
Children's rights activist	1	1	0	0	unmatched			0					
Chronicler	1	1	0	0	exact_text_candidate	Culture	Culture-periphery	10					
Civic engagement	1	1	0	0	unmatched			0					
Civil Rights Policy Analyst	1	1	0	0	unmatched			0					
Clay animator	1	1	0	0	unmatched			0					
Clinical Molecular Biologist	1	1	0	0	unmatched			0					
Clinical neurophysiology	1	1	0	0	unmatched			0					
Clinician (Profession) #1	1	1	0	0	unmatched			0					
Coadjutor bishop	1	1	0	0	unmatched			0					
Coin Manufacturer	1	1	0	0	unmatched			0					
College Writing Instructor	1	1	0	0	unmatched			0					
Color Designer	1	1	0	0	unmatched			0					
Colour Supervisor	1	1	0	0	unmatched			0					
Commemorative Artist	1	1	0	0	unmatched			0					
Commercial Actor	1	1	0	0	unmatched			0					
Commercial law	1	1	0	0	unmatched			0					
Commodities Trader	1	1	0	0	unmatched			0					
Computer Designer (Film job)	1	1	0	0	unmatched			0					
Computer Graphics Animation	1	1	0	0	unmatched			0					
Computer Graphics Designer	1	1	0	0	unmatched			0					
Computer Graphics Director	1	1	0	0	unmatched			0					
Computer Linguist	1	1	0	0	unmatched			0					
Computer Software Sales	1	1	0	0	unmatched			0					
Computer security	1	1	0	0	unmatched			0					
Concept Art Director	1	1	0	0	unmatched			0					
Conceptual Storyboard Artist	1	1	0	0	unmatched			0					
Connoisseur	1	1	0	0	unmatched			0					
Construction	1	1	0	0	exact_text_candidate	Leadership	Corporate/Executive/Business (large)	9					
Construction Head	1	1	0	0	unmatched			0					
Construction Supervisor	1	1	0	0	unmatched			0					
Construction buyer	1	1	0	0	unmatched			0					
Consultant Editor	1	1	0	0	unmatched			0					
Consultant Trichologist	1	1	0	0	unmatched			0					
Consulting Visual Effects Supervisor	1	1	0	0	unmatched			0					
Consultor	1	1	0	0	unmatched			0					
Contact Lens Consultant	1	1	0	0	unmatched			0					
Contact Lens Designer/Painter	1	1	0	0	unmatched			0					
Content Producer	1	1	0	0	unmatched			0					
Content Strategist	1	1	0	0	unmatched			0					
Content strategy	1	1	0	0	unmatched			0					
Conversion rate optimization	1	1	0	0	unmatched			0					
Copy writers	1	1	0	0	unmatched			0					
Corporate finance	1	1	0	0	unmatched			0					
Cosmetic Finisher	1	1	0	0	unmatched			0					
Cosmetic dentistry	1	1	0	0	unmatched			0					
Costume Buyer	1	1	0	0	unmatched			0					
Costume Master	1	1	0	0	unmatched			0					
Costume Runner	1	1	0	0	unmatched			0					
Crowd Animation Supervisor	1	1	0	0	unmatched			0					
Crowds Supervisor	1	1	0	0	unmatched			0					
Cultural Geographer	1	1	0	0	unmatched			0					
Culture Jammer	1	1	0	0	unmatched			0					
Custody assistant	1	1	0	0	unmatched			0					
Dark and Light Circuit Master	1	1	0	0	unmatched			0					
Data Analyst	1	1	0	0	unmatched			0					
Data Coordinator	1	1	0	0	unmatched			0					
Data Scientist	1	1	0	0	unmatched			0					
Database administrator	1	1	0	0	unmatched			0					
Database manager	1	1	0	0	unmatched			0					
Day Player Makeup Artist	1	1	0	0	unmatched			0					
Dental Prosthetist	1	1	0	0	unmatched			0					
Deputy Group Chief Executive Officer and Managing Director	1	1	0	0	unmatched			0					
Design Researcher	1	1	0	0	unmatched			0					
Development executive	1	1	0	0	unmatched			0					
Di Producer	1	1	0	0	unmatched			0					
Dialogue & Sound Effects Editor	1	1	0	0	unmatched			0					
Dialogue Dubbing Mixer	1	1	0	0	unmatched			0					
Digerati	1	1	0	0	unmatched			0					
Digital Animation Supervisor	1	1	0	0	unmatched			0					
Digital Artist Supervisor	1	1	0	0	unmatched			0					
Digital Cleanup Artist	1	1	0	0	unmatched			0					
Digital Color Timing Supervisor	1	1	0	0	unmatched			0					
Digital Colorist Assist	1	1	0	0	unmatched			0					
Digital Colourist	1	1	0	0	unmatched			0					
Digital Film Colorist	1	1	0	0	unmatched			0					
Digital Intermediate Data Operator	1	1	0	0	unmatched			0					
Digital Intermediate Retouch	1	1	0	0	unmatched			0					
Digital Marketing Consultant (Job title)	1	1	0	0	unmatched			0					
Digital Matter Painter	1	1	0	0	unmatched			0					
Digital Project Manager	1	1	0	0	unmatched			0					
Digital Rotoscope and Paint Artist	1	1	0	0	unmatched			0					
Digital Solutions Architect	1	1	0	0	unmatched			0					
Digital Systems Guy	1	1	0	0	unmatched			0					
Digital Timing Supervisor	1	1	0	0	unmatched			0					
Director	1	1	0	0	unmatched			0					
Director (Profession) #100	1	1	0	0	unmatched			0					
Director (Profession) #178	1	1	0	0	unmatched			0					
Director (Profession) #247	1	1	0	0	unmatched			0					
Director of Advocacy	1	1	0	0	unmatched			0					
Director of Finance	1	1	0	0	unmatched			0					
Director of HR	1	1	0	0	unmatched			0					
Director of Legal Affairs	1	1	0	0	unmatched			0					
Director of Rodic Davidson Architects	1	1	0	0	unmatched			0					
Director of communications	1	1	0	0	unmatched			0					
Director, Creative Content	1	1	0	0	unmatched			0					
Director, Media	1	1	0	0	unmatched			0					
Director, News and Current Affairs	1	1	0	0	unmatched			0					
Director, Operations	1	1	0	0	unmatched			0					
Disaster Prevention Specialist	1	1	0	0	unmatched			0					
Disaster-Relief Specialist	1	1	0	0	unmatched			0					
Display advertising	1	1	0	0	unmatched			0					
Dog walking	1	1	0	0	unmatched			0					
Doula	1	1	0	0	unmatched			0					
Doxographer	1	1	0	0	unmatched			0					
Dr Lifestyle	1	1	0	0	unmatched			0					
Drag Queen Promoter	1	1	0	0	unmatched			0					
Drag king	1	1	0	0	unmatched			0					
Drain cleaning	1	1	0	0	unmatched			0					
E-commerce	1	1	0	0	unmatched			0					
E-tutor	1	1	0	0	unmatched			0					
ETL Developer	1	1	0	0	unmatched			0					
Earth scientist	1	1	0	0	unmatched			0					
Ecommerce	1	1	0	0	unmatched			0					
Economic Development Analyst	1	1	0	0	unmatched			0					
Economic Development Leader	1	1	0	0	unmatched			0					
Editor in Chief	1	1	0	0	unmatched			0					
Education Network Manager	1	1	0	0	unmatched			0					
Education Strategist	1	1	0	0	unmatched			0					
Educational Design	1	1	0	0	unmatched			0					
Educational technology	1	1	0	0	unmatched			0					
Effects Animation Supervisor	1	1	0	0	unmatched			0					
Effects Technician	1	1	0	0	unmatched			0					
Electronic keyboard (Musical Performance Role)	1	1	0	0	unmatched			0					
Email marketing	1	1	0	0	unmatched			0					
Emailing	1	1	0	0	unmatched			0					
Emergency medical dispatcher	1	1	0	0	unmatched			0					
Employer branding	1	1	0	0	unmatched			0					
Endodontist	1	1	0	0	unmatched			0					
Energy Conservation Specialist	1	1	0	0	unmatched			0					
Energy Policy Specialist	1	1	0	0	unmatched			0					
Engineer (Profession) #79	1	1	0	0	unmatched			0					
Enterprise Marketing Consultant	1	1	0	0	unmatched			0					
Envirnoment Designer	1	1	0	0	unmatched			0					
Environmental Geographer	1	1	0	0	unmatched			0					
Environmental Historian	1	1	0	0	unmatched			0					
Estate planning	1	1	0	0	unmatched			0					
Etudiante	1	1	0	0	unmatched			0					
Euphoniumist	1	1	0	0	unmatched			0					
Events Specialist	1	1	0	0	unmatched			0					
Evolutionary Ecologist	1	1	0	0	unmatched			0					
Executive	1	1	0	0	exact_text_candidate	Leadership	Corporate/Executive/Business (large)	70					
Executive In Charge of Music	1	1	0	0	unmatched			0					
Executive Producer (Theater Production Staff Role)	1	1	0	0	unmatched			0					
Exercise physiology	1	1	0	0	unmatched			0					
Exhibitionist	1	1	0	0	unmatched			0					
Exterminator (Profession)	1	1	0	0	unmatched			0					
Fabrication Supervisor	1	1	0	0	unmatched			0					
Facial Motion Capture Supervisor	1	1	0	0	unmatched			0					
Facilities Coordinator	1	1	0	0	unmatched			0					
Farm Labor Leader	1	1	0	0	unmatched			0					
Fashion editor	1	1	0	0	unmatched			0					
Fellmonger	1	1	0	0	unmatched			0					
Fetish priest	1	1	0	0	unmatched			0					
Field recordist	1	1	0	0	unmatched			0					
Filling station attendant	1	1	0	0	unmatched			0					
Film Mastering Engineer	1	1	0	0	unmatched			0					
Film Music Recorder	1	1	0	0	unmatched			0					
Film Prop Maker	1	1	0	0	unmatched			0					
Finance Manager	1	1	0	0	unmatched			0					
Financial Services Management Consultant	1	1	0	0	unmatched			0					
Financial Services Management Consulting	1	1	0	0	unmatched			0					
Fire safety	1	1	0	0	unmatched			0					
Firearms Engineer	1	1	0	0	unmatched			0					
Firearms Enquiry Officer	1	1	0	0	unmatched			0					
Fireater	1	1	0	0	unmatched			0					
First Assistant Carpenter	1	1	0	0	unmatched			0					
First Assistant Sound Editor	1	1	0	0	unmatched			0					
First assistant camera	1	1	0	0	unmatched			0					
Fish Pathologist	1	1	0	0	unmatched			0					
Flag captain	1	1	0	0	unmatched			0					
Flame Artist	1	1	0	0	unmatched			0					
Flight-Adjutant	1	1	0	0	unmatched			0					
Fluffer	1	1	0	0	unmatched			0					
Food safety	1	1	0	0	unmatched			0					
Forager (Profession)	1	1	0	0	unmatched			0					
Foreign Policy Scholar	1	1	0	0	unmatched			0					
Forensic Anthropologist	1	1	0	0	unmatched			0					
Forensic genealogist	1	1	0	0	unmatched			0					
Forest Scientist	1	1	0	0	unmatched			0					
Forest range officer	1	1	0	0	unmatched			0					
Founding Director	1	1	0	0	unmatched			0					
Free Church Minister	1	1	0	0	unmatched			0					
Freelance Professor	1	1	0	0	unmatched			0					
French Dubbing Mixer	1	1	0	0	unmatched			0					
Frogman	1	1	0	0	unmatched			0					
Fusilier	1	1	0	0	unmatched			0					
Företagsledare	1	1	0	0	unmatched			0					
Gaucho	1	1	0	0	unmatched			0					
General Construction Foreman	1	1	0	0	unmatched			0					
General Manager at City Wine Cellar	1	1	0	0	unmatched			0					
Gerontological Nurse	1	1	0	0	unmatched			0					
Gladiator (Profession)	1	1	0	0	unmatched			0					
Glass Technologist	1	1	0	0	unmatched			0					
Glassblower	1	1	0	0	unmatched			0					
Globemaker	1	1	0	0	unmatched			0					
Glycobiologist	1	1	0	0	unmatched			0					
Goalkeeper	1	1	0	0	unmatched			0					
God	1	1	0	0	unmatched			0					
Golf instruction	1	1	0	0	unmatched			0					
Gondolier	1	1	0	0	unmatched			0					
Goodwill Ambassador	1	1	0	0	unmatched			0					
Google Business View	1	1	0	0	unmatched			0					
Gospel Music Performer	1	1	0	0	unmatched			0					
Government documents librarian	1	1	0	0	unmatched			0					
Group Product Manager	1	1	0	0	unmatched			0					
Guitar Teacher	1	1	0	1	unmatched			0					
Guitar maker	1	1	0	0	unmatched			0					
HVAC Contractor	1	1	0	0	unmatched			0					
Hair Loss Specialist	1	1	0	0	unmatched			0					
Hair and Wig Designer	1	1	0	0	unmatched			0					
Hardware Programmer	1	1	0	0	unmatched			0					
Head of Marketing	1	1	0	0	unmatched			0					
Head of Technical SEO	1	1	0	0	unmatched			0					
Headlamp	1	1	0	0	unmatched			0					
Heilpraktiker	1	1	0	0	unmatched			0					
Hematopathology	1	1	0	0	unmatched			0					
Heraldry	1	1	0	0	unmatched			0					
Hieromonk	1	1	0	0	unmatched			0					
Hispanist	1	1	0	0	exact_text_candidate	Discovery/Science	Academia	14					
Historian of Africa	1	1	0	0	unmatched			0					
Historian of Economics	1	1	0	0	unmatched			0					
Historian of technology	1	1	0	0	unmatched			0					
Historian of the Book	1	1	0	0	unmatched			0					
Home construction	1	1	0	0	unmatched			0					
Homebrewing	1	1	0	0	unmatched			0					
Horror Writer	1	1	0	0	unmatched			0					
Hostler	1	1	0	0	unmatched			0					
House music	1	1	0	0	unmatched			0					
Human Factors Engineer	1	1	0	0	unmatched			0					
Human Rights Strategist	1	1	0	0	unmatched			0					
Humanitarian Coordinator	1	1	0	0	unmatched			0					
Hurricane Expert	1	1	0	0	unmatched			0					
Husbandman	1	1	0	0	unmatched			0					
INGENIEUR DEVELOPPEUR WEB	1	1	0	0	unmatched			0					
INGENIEUR EN DEVELOPPEMENT WEB	1	1	0	0	unmatched			0					
IT Manager	1	1	0	0	unmatched			0					
IT Service Manager	1	1	0	0	unmatched			0					
IT Strategy Consulting	1	1	0	0	unmatched			0					
Ice cream van	1	1	0	0	unmatched			0					
Imaging/Timing Supervisor	1	1	0	0	unmatched			0					
Impostor (Literature Subject)	1	1	0	0	unmatched			0					
Independent inventor	1	1	0	0	unmatched			0					
Indian Railways	1	1	0	0	unmatched			0					
Inferno Supervisor	1	1	0	0	unmatched			0					
Information activism	1	1	0	0	unmatched			0					
Information technology consulting	1	1	0	0	unmatched			0					
Ingeniero en Electrónica	1	1	0	0	unmatched			0					
Innovative Director	1	1	0	0	unmatched			0					
Insect Biologist	1	1	0	0	unmatched			0					
Instructional design	1	1	0	0	unmatched			0					
Integration Artist	1	1	0	0	unmatched			0					
Intelligence specialist	1	1	0	0	unmatched			0					
Interaction design	1	1	0	0	unmatched			0					
Interdisciplinary Artist	1	1	0	0	unmatched			0					
Interior architecture	1	1	0	0	unmatched			0					
International Wedding Photographer	1	1	0	0	unmatched			0					
Internet Jedi	1	1	0	0	unmatched			0					
Internet Media Production	1	1	0	0	unmatched			0					
Internetworking	1	1	0	0	unmatched			0					
Interpreter (Profession) #39	1	1	0	0	unmatched			0					
Interpreter (m/012g5cvv)	1	1	0	0	unmatched			0					
Interrogator	1	1	0	0	unmatched			0					
Investing online	1	1	0	0	unmatched			0					
Ironworker (Project role)	1	1	0	0	unmatched			0					
Jackaroo (Profession)	1	1	0	0	unmatched			0					
Jazz Music Journalist (freelance)	1	1	0	0	unmatched			0					
Jester	1	1	0	0	unmatched			0					
Journeyman	1	1	0	0	unmatched			0					
Kapitan Cina	1	1	0	0	unmatched			0					
Key Artist	1	1	0	0	unmatched			0					
Key Hair Stylist & Makeup Artist	1	1	0	0	unmatched			0					
Keyboard Instrument Collector	1	1	0	0	unmatched			0					
Khatib	1	1	0	0	unmatched			0					
Kinesiologist	1	1	0	0	unmatched			0					
Knowledge engineer	1	1	0	0	unmatched			0					
Land and Farm Development Specialist	1	1	0	0	unmatched			0					
Landscape ecologist	1	1	0	0	unmatched			0					
Language consultant	1	1	0	0	unmatched			0					
Laser Engineer	1	1	0	0	unmatched			0					
Lead Matchmove	1	1	0	0	unmatched			0					
Lead Visual Effects Compositor	1	1	0	0	unmatched			0					
Lehrer (Family name)	1	1	0	0	unmatched			0					
Letter cutting	1	1	0	0	unmatched			0					
Library Clerk	1	1	0	0	unmatched			0					
Lighting	1	1	0	0	unmatched			0					
Lighting Td	1	1	0	0	unmatched			0					
Lighting and Compositing Supervisor	1	1	0	0	unmatched			0					
Line editor	1	1	0	0	unmatched			0					
Liner notes author	1	1	0	0	unmatched			0					
Literacy Educator	1	1	0	0	unmatched			0					
Location Sound Technician	1	1	0	0	unmatched			0					
Location manager	1	1	0	0	unmatched			0					
Location scouting	1	1	0	0	unmatched			0					
Logistics management	1	1	0	0	unmatched			0					
Machine Room Operator	1	1	0	0	unmatched			0					
Main Title Sequence Designer	1	1	0	0	unmatched			0					
Makeup & Prosthetics	1	1	0	0	unmatched			0					
Makeup Department	1	1	0	0	unmatched			0					
Makeup FX Artist	1	1	0	0	unmatched			0					
Management Consultant	1	1	0	0	unmatched			0					
Management Consultant and writer	1	1	0	0	unmatched			0					
Management Specialist	1	1	0	0	unmatched			0					
Manager Of Sound Services	1	1	0	0	unmatched			0					
Managing Partner	1	1	0	0	unmatched			0					
Manciple	1	1	0	0	unmatched			0					
Marine Conservation Specialist	1	1	0	0	unmatched			0					
Marketing Management	1	1	0	0	unmatched			0					
Marketing Manger	1	1	0	0	unmatched			0					
Marketing management	1	1	0	0	unmatched			0					
Master electrician	1	1	0	0	unmatched			0					
Master sergeant	1	1	0	0	unmatched			0					
Match Mover	1	1	0	0	unmatched			0					
Match referee	1	1	0	0	unmatched			0					
Matchmove Technical Director	1	1	0	0	unmatched			0					
Materials engineer	1	1	0	0	unmatched			0					
Math teacher	1	1	0	0	unmatched			0					
Mathematical Biologist	1	1	0	0	unmatched			0					
Mechanical Department Supervisor	1	1	0	0	unmatched			0					
Mechanical Design Engineer	1	1	0	0	unmatched			0					
Medalist	1	1	0	0	unmatched			0					
Medical sociology	1	1	0	0	unmatched			0					
Merchandising	1	1	0	0	unmatched			0					
Mindfulness meditation	1	1	0	0	unmatched			0					
Missouri Broadcasters Association	1	1	0	0	unmatched			0					
Model Development Supervisor	1	1	0	0	unmatched			0					
Model Project Supervisor	1	1	0	0	unmatched			0					
Model Unit Supervisor	1	1	0	0	unmatched			0					
Modeling Artist	1	1	0	0	unmatched			0					
Modelmaking Supervisor	1	1	0	0	unmatched			0					
Models Supervisor	1	1	0	0	unmatched			0					
Mold Maker	1	1	0	0	unmatched			0					
Moldmaker	1	1	0	0	unmatched			0					
Molecular Developmental Biologist	1	1	0	0	unmatched			0					
Molecular Physiologist	1	1	0	0	unmatched			0					
Motion Capture Editor	1	1	0	0	unmatched			0					
Motion Capture Pipeline Tech Director	1	1	0	0	unmatched			0					
Motion Capture Technician	1	1	0	0	unmatched			0					
Motion Control Camera Operator	1	1	0	0	unmatched			0					
Motion Designer	1	1	0	0	unmatched			0					
Motivational Keynote Speaker	1	1	0	0	unmatched			0					
Multireedist	1	1	0	0	unmatched			0					
Nagarvadhu	1	1	0	0	unmatched			0					
Nanotechnology	1	1	0	0	unmatched			0					
Nautical Archaeologist	1	1	0	0	unmatched			0					
Nazi Concentration Camp guard	1	1	0	0	unmatched			0					
Needleworker	1	1	0	0	unmatched			0					
Neuromuscular Dentist	1	1	0	0	unmatched			0					
Neuroroboticist	1	1	0	0	unmatched			0					
New media	1	1	0	0	unmatched			0					
Newsreader	1	1	0	0	unmatched			0					
Night auditor	1	1	0	0	unmatched			0					
Notarius	1	1	0	0	unmatched			0					
Nuncio	1	1	0	0	unmatched			0					
Obstetrics and gynaecology	1	1	0	0	unmatched			0					
Odontologist	1	1	0	0	unmatched			0					
Offshore drilling	1	1	0	0	unmatched			0					
Olivia (Film character) #43	1	1	0	0	unmatched			0					
On-Set Costumer	1	1	0	0	unmatched			0					
On-Set Supervisor	1	1	0	0	unmatched			0					
Online Media	1	1	0	0	unmatched			0					
Online analytical processing	1	1	0	0	unmatched			0					
Online designer	1	1	0	0	unmatched			0					
Onomastician	1	1	0	0	unmatched			0					
Open Source Consultant	1	1	0	0	unmatched			0					
Operations Director	1	1	0	0	unmatched			0					
Options Trader & Educator	1	1	0	0	unmatched			0					
Organic chemistry	1	1	0	0	unmatched			0					
Original Dialogue Mixer	1	1	0	0	unmatched			0					
Otorhinolaryngology	1	1	0	0	unmatched			0					
Owner of bed and breakfast	1	1	0	0	unmatched			0					
Paediatric cardiologist	1	1	0	0	unmatched			0					
Paint Supervisor	1	1	0	0	unmatched			0					
Paint/Final Check Supervisor	1	1	0	0	unmatched			0					
Paleoclimatologist	1	1	0	0	unmatched			0					
Paleoethnobotanist	1	1	0	0	unmatched			0					
Paleographer	1	1	0	0	unmatched			0					
Panel beater	1	1	0	0	unmatched			0					
Paniolo	1	1	0	0	unmatched			0					
Patent Agent	1	1	0	0	unmatched			0					
Pediatric neurology	1	1	0	0	unmatched			0					
Penis Enlargement Expert	1	1	0	0	unmatched			0					
Perfusionist	1	1	0	0	unmatched			0					
Periodista	1	1	0	0	unmatched			0					
Personal branding	1	1	0	0	unmatched			0					
Personal shopper	1	1	0	0	unmatched			0					
Personalized retargeting	1	1	0	0	unmatched			0					
Pet psychic	1	1	0	0	unmatched			0					
Photographer (Profession) #292	1	1	0	0	unmatched			0					
Picture Vehicle Coordinator	1	1	0	0	unmatched			0					
Pizza Baker	1	1	0	0	unmatched			0					
Playback Mixer	1	1	0	0	unmatched			0					
Playboy Playmate (m/09nt2tx)	1	1	0	0	unmatched			0					
Police chaplain	1	1	0	0	unmatched			0					
Political Attache	1	1	0	0	unmatched			0					
Politiker	1	1	0	0	exact_text_candidate	Leadership	Politics	2					
Pope-elect	1	1	0	0	unmatched			0					
Portrait Photographer	1	1	0	0	unmatched			0					
Post Audio Coordinator	1	1	0	0	unmatched			0					
Post Sound Facility Coordinator	1	1	0	0	unmatched			0					
Post-Production Manager	1	1	0	0	unmatched			0					
Post-Production Sound Consultant	1	1	0	0	unmatched			0					
Practice Manager	1	1	0	0	unmatched			0					
Pre-Visualization Director	1	1	0	0	unmatched			0					
Pre-Visualization Supervisor	1	1	0	0	unmatched			0					
President of the Central Florida Disability Chamber	1	1	0	0	unmatched			0					
Previsualization Designer	1	1	0	0	unmatched			0					
Previz Coordinator	1	1	0	0	unmatched			0					
Primate Ethologist	1	1	0	0	unmatched			0					
Principal Investigator (Profession)	1	1	0	0	unmatched			0					
Principal Scientist	1	1	0	0	unmatched			0					
Pro Tools Playback Mixer	1	1	0	0	unmatched			0					
Process Photographer	1	1	0	0	unmatched			0					
Procuring	1	1	0	0	unmatched			0					
Producer (Profession) #4	1	1	0	0	unmatched			0					
Product	1	1	0	0	unmatched			0					
Product Development Technologies	1	1	0	0	unmatched			0					
Production Director	1	1	0	0	unmatched			0					
Production Sound	1	1	0	0	unmatched			0					
Production company (Profession)	1	1	0	0	unmatched			0					
Professional Audio Equipment Manufacturing	1	1	0	0	unmatched			0					
Professional Sailor	1	1	0	0	unmatched			0					
Professional Wrestler - Chris	1	1	0	0	unmatched			0					
Professional bodybuilding	1	1	0	0	unmatched			0					
Professional diving	1	1	0	1	unmatched			0					
Professional modelling for fashion & beauty	1	1	0	0	unmatched			0					
Professor of Geogrpahical Sciences	1	1	0	0	unmatched			0					
Project Coordinator Sound	1	1	0	0	unmatched			0					
Prop Stylist	1	1	0	0	unmatched			0					
Property Assistant	1	1	0	0	unmatched			0					
Property Master: Outdoor	1	1	0	0	unmatched			0					
Props Buyer	1	1	0	0	unmatched			0					
Props Supervisor	1	1	0	0	unmatched			0					
Prosthetic Lab Technician	1	1	0	0	unmatched			0					
Prosthetic Makeup Designer	1	1	0	0	unmatched			0					
Prosthetic Makeup Technician	1	1	0	0	unmatched			0					
Prosthetics Lab Assistant	1	1	0	0	unmatched			0					
Prosthetics Makeup Designer	1	1	0	0	unmatched			0					
Public Interest Journalist	1	1	0	0	unmatched			0					
Public Service Innovator	1	1	0	0	unmatched			0					
Public librarian	1	1	0	0	unmatched			0					
Public transport planning	1	1	0	0	unmatched			0					
Publishing	1	1	0	0	exact_text_candidate	Culture	Culture-periphery	11					
Puppetry Director	1	1	0	0	unmatched			0					
Päällikkö, Yle Urheilu	1	1	0	0	unmatched			0					
Quality	1	1	0	0	unmatched			0					
Quality Control Supervisor	1	1	0	0	unmatched			0					
Quality assurance	1	1	0	0	unmatched			0					
Quality control	1	1	0	0	unmatched			0					
Quality of service	1	1	0	0	unmatched			0					
Quantitative Programmer	1	1	0	0	unmatched			0					
Quilter	1	1	0	0	unmatched			0					
R&D Supervisor	1	1	0	0	unmatched			0					
Radio frequency engineer	1	1	0	0	unmatched			0					
Radiobiochemist	1	1	0	0	unmatched			0					
Raft guide	1	1	0	0	unmatched			0					
Randlord	1	1	0	0	unmatched			0					
Rare Book Preservationist	1	1	0	0	unmatched			0					
Rat-catcher	1	1	0	0	unmatched			0					
Re-Recording Mix Technician	1	1	0	0	unmatched			0					
Real Estate Agent	1	1	0	0	unmatched			0					
Recorder (Judicial title)	1	1	0	0	unmatched			0					
Recording Mixer	1	1	0	0	unmatched			0					
Red-figure pottery	1	1	0	0	unmatched			0					
Referent	1	1	0	0	unmatched			0					
Rehabilitation engineer	1	1	0	0	unmatched			0					
Relief Worker	1	1	0	0	unmatched			0					
Religious writer	1	1	0	0	unmatched			0					
Render I/O Administrator	1	1	0	0	unmatched			0					
Render Wrangler	1	1	0	0	unmatched			0					
Repair Shops and Related Services, NEC (furnace, duct, chimney, gutter, and drain cleaning services)	1	1	0	0	unmatched			0					
Reporter (Job title)	1	1	0	0	unmatched			0					
Reproductive Rights Leader	1	1	0	0	unmatched			0					
Reproductive medicine	1	1	0	0	unmatched			0					
Research & Development Technical Director	1	1	0	0	unmatched			0					
Research And Development Tax	1	1	0	0	unmatched			0					
Resident Representative	1	1	0	0	unmatched			0					
Restaurant Franchise Owner	1	1	0	0	unmatched			0					
Restoration (m/0ch4m77)	1	1	0	0	unmatched			0					
Retail Consultant	1	1	0	0	unmatched			0					
Rigger	1	1	0	0	unmatched			0					
Rock Music Journalist (freelance)	1	1	0	0	unmatched			0					
Rollerblader	1	1	0	0	unmatched			0					
Runemaster	1	1	0	0	unmatched			0					
Rural Development Leader	1	1	0	0	unmatched			0					
Rural Planner	1	1	0	0	unmatched			0					
SEMOR	1	1	0	0	unmatched			0					
SEO Account Manager	1	1	0	0	unmatched			0					
Safe Carpet Cleaning	1	1	0	0	unmatched			0					
Sawyer (Profession)	1	1	0	0	unmatched			0					
Scenic Special Effects	1	1	0	0	unmatched			0					
Schauspieler (m/0lbhrqq)	1	1	0	0	unmatched			0					
Science Educator	1	1	0	0	unmatched			0					
Science Exhibit Designer	1	1	0	0	unmatched			0					
Scientist (Profession) #6	1	1	0	0	unmatched			0					
Score Recordist	1	1	0	0	unmatched			0					
Search Engine Marketing (Industry) #1	1	1	0	0	unmatched			0					
Search Executive	1	1	0	0	unmatched			0					
Search algorithm	1	1	0	0	unmatched			0					
Semantic HTML	1	1	0	0	unmatched			0					
Senior Animator	1	1	0	0	unmatched			0					
Senior Designer (Film job)	1	1	0	0	unmatched			0					
Senior Digital Compositor	1	1	0	0	unmatched			0					
Senior Director	1	1	0	0	unmatched			0					
Senior Frontend Developer	1	1	0	0	unmatched			0					
Senior Graphic Designer	1	1	0	0	unmatched			0					
Senior Lighting Artist	1	1	0	0	unmatched			0					
Senior Partner	1	1	0	0	unmatched			0					
Senior Partner (Job title)	1	1	0	0	unmatched			0					
Senior RIA/UX developer	1	1	0	0	unmatched			0					
Senior Reference Photographer	1	1	0	0	unmatched			0					
Senior Software Engineer	1	1	0	0	unmatched			0					
Senior Systems Administrator	1	1	0	0	unmatched			0					
Senior Tax Administrator	1	1	0	0	unmatched			0					
Senior Tax Attorney	1	1	0	0	unmatched			0					
Senior Technical Director	1	1	0	0	unmatched			0					
Senior Technician	1	1	0	0	unmatched			0					
Senior Visual Effects Technical Director	1	1	0	0	unmatched			0					
Senior Web Designer	1	1	0	0	unmatched			0					
Senior producer	1	1	0	0	unmatched			0					
Set Artist	1	1	0	0	unmatched			0					
Set Decoration Accountant	1	1	0	0	unmatched			0					
Set Dressing Coordinator	1	1	0	0	unmatched			0					
Set Teacher	1	1	0	0	unmatched			0					
Sexual surrogate	1	1	0	0	unmatched			0					
Shochet	1	1	0	0	unmatched			0					
Sighted guide	1	1	0	0	unmatched			0					
Signalman (Profession)	1	1	0	0	unmatched			0					
Snocross Racer	1	1	0	0	unmatched			0					
Social Economist	1	1	0	0	unmatched			0					
Social Entrepreneur	1	1	0	0	unmatched			0					
Social Reformer	1	1	0	0	unmatched			0					
Social engineer	1	1	0	0	unmatched			0					
Social media	1	1	0	0	unmatched			0					
Social research	1	1	0	0	unmatched			0					
Sociologist of Education	1	1	0	0	unmatched			0					
Software analyst	1	1	0	0	unmatched			0					
Solutions Architect	1	1	0	0	unmatched			0					
Sound Archivist	1	1	0	0	unmatched			0					
Sound Conform	1	1	0	0	unmatched			0					
Sound Creator	1	1	0	0	unmatched			0					
Sound Equipment Provider	1	1	0	0	unmatched			0					
Sound Facility Manager	1	1	0	0	unmatched			0					
Sound Facility Supervisor	1	1	0	0	unmatched			0					
Sound Manager	1	1	0	0	unmatched			0					
Sound Mastering	1	1	0	0	unmatched			0					
Sound Mastering Engineer	1	1	0	0	unmatched			0					
Sound Technical Support	1	1	0	0	unmatched			0					
Sound stage	1	1	0	0	unmatched			0					
Special Effects Assistant Coordinator	1	1	0	0	unmatched			0					
Special Effects Auditor	1	1	0	0	unmatched			0					
Special Effects Director Of Photography	1	1	0	0	unmatched			0					
Special Effects Electronics	1	1	0	0	unmatched			0					
Special Effects Guns	1	1	0	0	unmatched			0					
Special Effects Hair Technician	1	1	0	0	unmatched			0					
Special Effects Interpreter	1	1	0	0	unmatched			0					
Special Effects Machinist	1	1	0	0	unmatched			0					
Special Effects Opticals	1	1	0	0	unmatched			0					
Special Effects Producer	1	1	0	0	unmatched			0					
Special Effects Prop Builder	1	1	0	0	unmatched			0					
Special Effects Purchaser	1	1	0	0	unmatched			0					
Special Effects Rigger	1	1	0	0	unmatched			0					
Special Effects Sculptor	1	1	0	0	unmatched			0					
Special Effects Shop Foreman	1	1	0	0	unmatched			0					
Special Effects Shop Supervisor	1	1	0	0	unmatched			0					
Special Effects Welder	1	1	0	0	unmatched			0					
Special Effects Wireman	1	1	0	0	unmatched			0					
Special Makeup Effects Producer	1	1	0	0	unmatched			0					
Special Makeup Effects Production Coordinator	1	1	0	0	unmatched			0					
Special Photographic Effects Creator	1	1	0	0	unmatched			0					
Special Photography	1	1	0	0	unmatched			0					
Special Stage Effects Creator	1	1	0	0	unmatched			0					
Special Visual Effects Artist	1	1	0	0	unmatched			0					
Speleologist	1	1	0	0	exact_text_candidate	Sports/Games	Sports/Games	4					
Sports Writer	1	1	0	0	unmatched			0					
Sr. Business Manager	1	1	0	0	unmatched			0					
Stage Dancer	1	1	0	0	unmatched			0					
Stage Technician	1	1	0	0	unmatched			0					
Standby Painter	1	1	0	0	unmatched			0					
State auditor	1	1	0	0	unmatched			0					
Stereo 3D Image Supervisor	1	1	0	0	unmatched			0					
Stereo Sound Consultant	1	1	0	0	unmatched			0					
Stereographer	1	1	0	0	unmatched			0					
Stereoscopic Coordinator	1	1	0	0	unmatched			0					
Stereoscopic Technical Director	1	1	0	0	unmatched			0					
Stewart (Profession)	1	1	0	0	unmatched			0					
Story editor	1	1	0	0	unmatched			0					
Story-Teller	1	1	0	0	unmatched			0					
Storyboard Coordinator	1	1	0	0	unmatched			0					
Student athlete	1	1	0	0	unmatched			0					
Studio Coordinator	1	1	0	0	unmatched			0					
Stunt	1	1	0	0	exact_text_candidate	Culture	Culture-core	12					
Sufi singer	1	1	0	0	unmatched			0					
Sun Dance Chief	1	1	0	0	unmatched			0					
Supervising Art Director	1	1	0	0	unmatched			0					
Supervising Compositor	1	1	0	0	unmatched			0					
Supervising Dialogue Editor	1	1	0	0	unmatched			0					
Supervising Digital Colorist	1	1	0	0	unmatched			0					
Supervising Foley Editor	1	1	0	0	unmatched			0					
Supervising Makeup Artist	1	1	0	0	unmatched			0					
Supervising Producer	1	1	0	0	unmatched			0					
Supervising Sound Recordist	1	1	0	0	unmatched			0					
Surfacing Artist	1	1	0	0	unmatched			0					
Surveillance	1	1	0	0	unmatched			0					
Survival Instructor	1	1	0	0	unmatched			0					
Swineherd	1	1	0	0	unmatched			0					
Swing Gang	1	1	0	0	unmatched			0					
Sysop	1	1	0	0	unmatched			0					
System Administrator (Field Of Study)	1	1	0	0	unmatched			0					
Systems Librarian	1	1	0	0	unmatched			0					
Systems analysis	1	1	0	0	unmatched			0					
Systems integrator	1	1	0	0	unmatched			0					
Talent Executive	1	1	0	0	unmatched			0					
Tattoo Consultant	1	1	0	0	unmatched			0					
Tax lawyers	1	1	0	0	unmatched			0					
Teacher (Profession) #104	1	1	0	0	unmatched			0					
Technical Animation Supervisor	1	1	0	0	unmatched			0					
Technical Designer	1	1	0	0	unmatched			0					
Technical Manager at Union Bank of India	1	1	0	0	unmatched			0					
Technical crew	1	1	0	0	unmatched			0					
Technology Transfer Innovator	1	1	0	0	unmatched			0					
Television commercial producer	1	1	0	0	unmatched			0					
Television creator	1	1	0	0	unmatched			0					
Television floor manager	1	1	0	0	unmatched			0					
Test driver	1	1	0	0	unmatched			0					
Texture & Lighting Supervisor	1	1	0	0	unmatched			0					
Texture Paint Supervisor	1	1	0	0	unmatched			0					
Texture Supervisor	1	1	0	0	unmatched			0					
Textures Coordinator	1	1	0	0	unmatched			0					
Theater Critic	1	1	0	0	unmatched			0					
Theatre Director (m/0mbkm80)	1	1	0	0	unmatched			0					
Theatrical technician	1	1	0	0	unmatched			0					
Thoroughbred Horse Trainer	1	1	0	0	unmatched			0					
Thoroughbred Horse Trainer (g/11c3kjzd23)	1	1	0	0	unmatched			0					
Tibetan Studies Scholar	1	1	0	0	unmatched			0					
Timpanist	1	1	0	0	unmatched			0					
Toponymist	1	1	0	0	unmatched			0					
Torturer	1	1	0	0	old_other_bucket	Other	Other	3					
Toshiyori	1	1	0	0	unmatched			0					
Total quality management	1	1	0	0	unmatched			0					
Tournament director	1	1	0	0	unmatched			0					
Town supervisor	1	1	0	0	unmatched			0					
Traditional Chinese medicine	1	1	0	0	unmatched			0					
Transfer Recordist	1	1	0	0	unmatched			0					
Trauma Prevention Specialist	1	1	0	0	unmatched			0					
Traumatology	1	1	0	0	unmatched			0					
Travel Consultant	1	1	0	0	unmatched			0					
Trend Forecaster	1	1	0	0	unmatched			0					
Tribal Rights Leader	1	1	0	0	unmatched			0					
Trichology	1	1	0	0	unmatched			0					
Tropical Forester	1	1	0	0	unmatched			0					
Trout bum	1	1	0	0	unmatched			0					
U.S. Diplomat	1	1	0	0	unmatched			0					
Ultimate Coach	1	1	0	0	unmatched			0					
Unit Publicist	1	1	0	0	unmatched			0					
Unkünstler	1	1	0	0	unmatched			0					
Upper Cervical Chiropractor	1	1	0	0	unmatched			0					
Urban Explorer (Profession)	1	1	0	0	unmatched			0					
Urban Revitalization Strategist	1	1	0	0	unmatched			0					
Used bookstore	1	1	0	0	unmatched			0					
Vehicle Emissions Specialist	1	1	0	0	unmatched			0					
Vehicle designer	1	1	0	0	unmatched			0					
Vice President, Direct Sales	1	1	0	0	unmatched			0					
Video Effects Editor	1	1	0	0	unmatched			0					
Viewpaint Supervisor	1	1	0	0	unmatched			0					
Violence-Prevention Specialist	1	1	0	0	unmatched			0					
Violinmaker	1	1	0	0	unmatched			0					
Virtual Production Supervisor	1	1	0	0	unmatched			0					
Visual Effects Art Department Coordinator	1	1	0	0	unmatched			0					
Visual Effects Colorist	1	1	0	0	unmatched			0					
Visual Effects Onset Supervisor	1	1	0	0	unmatched			0					
Visual Effects Plate Producer	1	1	0	0	unmatched			0					
Visual Effects Plate Supervisor	1	1	0	0	unmatched			0					
Visual Effects Video Engineer	1	1	0	0	unmatched			0					
Visual arts education	1	1	0	0	unmatched			0					
Voice Recordist	1	1	0	0	unmatched			0					
Wagonmaker	1	1	0	0	unmatched			0					
Wardrobe Graphic Designer	1	1	0	0	unmatched			0					
Wardrobe Master	1	1	0	0	unmatched			0					
Warm-up comedian	1	1	0	0	unmatched			0					
Water Quality Engineer	1	1	0	0	unmatched			0					
Web Developer (m/02rzfzl)	1	1	0	0	unmatched			0					
Web Geek	1	1	0	0	unmatched			0					
Web Traffic Controller	1	1	0	0	unmatched			0					
Web designer (m/051v6lh)	1	1	0	0	unmatched			0					
Web hosting service	1	1	0	0	unmatched			0					
Website builder	1	1	0	0	unmatched			0					
Webwriter Freelance	1	1	0	0	unmatched			0					
Wig Specialist	1	1	0	0	unmatched			0					
Wine grower	1	1	0	0	unmatched			0					
Wire Crew	1	1	0	0	unmatched			0					
Wire Effects Supervisor	1	1	0	0	unmatched			0					
Wireless Network Specialist	1	1	0	0	unmatched			0					
Women warriors in literature and culture	1	1	0	0	unmatched			0					
Women's erotica	1	1	0	0	unmatched			0					
Women’s Development Leader	1	1	0	0	unmatched			0					
Women’s Healthcare Leader	1	1	0	0	unmatched			0					
Wonderworker	1	1	0	0	unmatched			0					
Woodsman	1	1	0	0	unmatched			0					
Wool Merchant	1	1	0	0	unmatched			0					
Worker’s Rights Leader	1	1	0	0	unmatched			0					
Workman (Profession)	1	1	0	0	unmatched			0					
Writer (Profession) #37	1	1	0	0	unmatched			0					
Yoga Trainer	1	1	0	0	unmatched			0					
YouTube	1	1	0	0	unmatched			0					
YouTube Optimisation	1	1	0	0	unmatched			0					
actor	1	1	0	0	exact_text_candidate	Culture	Culture-core	24341					
actor (Profession) #10	1	1	0	0	unmatched			0					
actor (Profession) #3	1	1	0	0	unmatched			0					
actor (Profession) #5	1	1	0	0	unmatched			0					
actor (Profession) #6	1	1	0	0	unmatched			0					
actor (Profession) #7	1	1	0	0	unmatched			0					
actor (Profession) #8	1	1	0	0	unmatched			0					
actor (Profession) #9	1	1	0	0	unmatched			0					
actress	1	1	0	0	exact_text_candidate	Culture	Culture-core	212					
consultor seo gandia	1	1	0	0	unmatched			0					
crossword puzzle maker	1	1	0	0	unmatched			0					
datajournalist	1	1	0	0	unmatched			0					
digital communication	1	1	0	0	unmatched			0					
en faculté	1	1	0	0	unmatched			0					
eulogy reciter	1	1	0	0	unmatched			0					
fielm	1	1	0	0	unmatched			0					
filmmaker, fixer, tourguide	1	1	0	0	unmatched			0					
g/11bc1521_j	1	1	0	0	unmatched			0					
g/11c3hvc8mh	1	1	0	0	unmatched			0					
g/1q6jyz0cy	1	1	0	0	unmatched			0					
internet researcher	1	1	0	0	unmatched			0					
key swing	1	1	0	0	unmatched			0					
m/010hblk4	1	1	0	0	unmatched			0					
m/010pyv52	1	1	0	0	unmatched			0					
m/012cc8zf	1	1	0	0	unmatched			0					
m/0nbfq19	1	1	0	0	unmatched			0					
m/0zvxmks	1	1	0	0	unmatched			0					
male-nurse	1	1	0	0	unmatched			0					
promised loser	1	1	0	0	unmatched			0					
psychiarist	1	1	0	0	unmatched			0					
sergigamez	1	1	0	0	unmatched			0					
strategy coach and policy planner	1	1	0	0	unmatched			0					
t.v. producer	1	1	0	0	unmatched			0					
uk photographic models	1	1	0	0	unmatched			0					
water poloist	1	1	0	0	unmatched			0					
writer	1	1	0	0	exact_text_candidate	Culture	Culture-core	10299					
