raw_value	facts	unique_people	priority_people	review_people	union_people
Actor	444049	444049	89773	239	89819
Artist	230502	230502	39195	570	39465
Performance Artist	166931	166931	32895	562	33157
Writer	166513	166513	41332	141	41358
Musician	150708	150708	26617	550	26877
Athlete	126453	126453	26187	427	26391
Film Producer	98488	98488	17372	63	17378
Screenwriter	86812	86812	20139	58	20153
Film director	76370	76370	15795	66	15823
Politician	54402	54402	15010	86	15015
Football player	52505	52505	11007	4	11007
Business executive	47110	47110	9612	173	9667
Singer	46702	46702	14842	319	14955
Manager	46630	46630	9381	173	9436
Editor	45745	45745	4735	12	4742
Designer	42076	42076	4796	27	4803
Composer (Profession)	38081	38081	7129	146	7169
Film editor	37314	37314	3402	8	3407
Operator	36342	36342	3459	8	3461
Cameraman	36247	36247	3402	8	3404
Cinematographer	35339	35339	3299	6	3301
Television producer	32781	32781	6603	35	6606
Businessperson	28344	28344	10479	40	10483
Film Score Composer	26063	26063	4350	78	4369
Journalist	21388	21388	6240	2	6240
Educator	21152	21152	8352	17	8355
Television crew	20867	20867	1544	3	1546
Criminal defense lawyer	20433	20433	6708	46	6712
Lawyer	20433	20433	6708	46	6712
Baseball Player	19973	19973	2310	0	2310
Mathematician	19192	19192	2048	0	2048
Scientist	19169	19169	5566	8	5566
Art Director	18512	18512	991	4	995
Author	17097	17097	6615	52	6617
Voice Actor	16950	16950	6003	33	6006
Engineer	15932	15932	2648	16	2658
American Football player	14782	14782	3979	3	3979
Production Designer	14405	14405	963	2	964
Television director	13507	13507	4218	12	4223
Health professional	13443	13443	4717	7	4718
Broadcaster	13194	13194	6270	33	6274
Songwriter	13143	13143	3967	197	4035
Film art director	13052	13052	828	1	829
Costume designer	12750	12750	993	5	996
Healthcare professional	12413	12413	4160	5	4161
Guitarist	12015	12015	2049	109	2098
Physician	11431	11431	3575	5	3576
Model	11048	11048	5196	24	5199
Presenter	10854	10854	5115	23	5119
Official	10781	10781	2240	17	2243
Music Producer	10369	10369	2466	153	2515
Novelist	10295	10295	3782	7	3783
Entertainer	10132	10132	4345	41	4355
Music executive	9752	9752	2306	149	2353
Record producer	9688	9688	2278	149	2325
Teacher	9448	9448	4621	13	4624
Sex worker	9015	9015	814	0	814
Coach	8951	8951	2490	4	2491
Pornographic film actor	8850	8850	752	0	752
Singer-songwriter	8259	8259	2810	147	2858
Professor	7942	7942	2147	1	2147
Set Decorator	7914	7914	387	0	387
Photographer	7645	7645	1687	0	1687
Sound Engineer	7432	7432	389	7	394
Judge	7319	7319	1006	3	1006
Comedian	6404	6404	3327	27	3334
Architect	6226	6226	1249	1	1249
Visual Artist	6186	6186	2057	5	2058
Television Editor	5913	5913	552	1	553
Poet	5836	5836	2477	11	2478
Playwright	5661	5661	2450	2	2451
Entrepreneur	5376	5376	2632	19	2635
Casting Director	5307	5307	634	0	634
Religious Leader (Religious Leadership Title)	5197	5197	1733	4	1734
Dancer	5163	5163	2599	19	2601
Beautician	5035	5035	571	0	571
Drummer	5015	5015	662	31	682
Ice Hockey Player	4991	4991	1222	0	1222
Cartoonist	4879	4879	942	2	943
Stunt Performer	4727	4727	1091	2	1091
Cricketer	4531	4531	533	0	533
Conductor	4481	4481	1347	22	1353
Historian	4320	4320	1097	4	1097
Soldier	4292	4292	1587	9	1587
Audio Engineer	4151	4151	233	3	235
Basketball Player	3992	3992	1412	7	1412
Bassist	3940	3940	478	22	493
Philosopher	3924	3924	1392	3	1393
Navigator	3909	3909	1001	3	1001
Pianist	3705	3705	1226	17	1230
Makeup Artist	3700	3700	345	0	345
Theatre Director	3607	3607	1722	1	1722
Economist	3546	3546	963	0	963
Rapper	3540	3540	647	60	674
Physicist	3485	3485	1164	1	1164
Race car driver	3313	3313	557	1	557
Technician	3267	3267	704	2	704
Painter	3192	3192	1596	0	1596
Clergy	3014	3014	1016	2	1016
Animator	2803	2803	467	2	468
Swimmer	2764	2764	446	0	446
Producer	2718	2718	718	1	718
Tennis player	2713	2713	519	402	718
Diplomat	2683	2683	795	8	798
Copywriter	2578	2578	46	1	47
Disc jockey	2553	2553	517	11	520
Chemist	2450	2450	824	0	824
Rugby Player	2324	2324	707	0	707
Theatrical producer	2272	2272	621	1	621
Lyricist (Profession)	2115	2115	740	18	743
Keyboard player	2056	2056	336	21	342
Track and field athlete	1977	1977	493	0	493
Agriculturalist	1917	1917	908	9	908
Aviator	1915	1915	636	3	636
Activist	1888	1888	937	7	937
Sailor	1887	1887	304	0	304
Sound Editor	1882	1882	83	0	83
Critic	1881	1881	788	1	788
Military Officer	1880	1880	979	6	979
Golfer	1871	1871	463	0	463
Professional Boxer	1856	1856	478	3	478
Agent	1798	1798	1056	2	1056
Psychologist	1796	1796	517	1	517
Law enforcement officer	1722	1722	699	1	699
Wrestler	1626	1626	609	3	611
Cook	1616	1616	497	0	497
Inventor	1613	1613	462	2	462
Minister	1606	1606	523	0	523
Choreographer	1558	1558	571	7	573
Linguist	1525	1525	656	2	656
Music Director	1523	1523	597	15	600
Radio personality	1507	1507	745	4	746
Tradesman	1484	1484	857	2	857
Hairdresser	1482	1482	199	0	199
Farmer	1465	1465	695	7	695
Announcer	1460	1460	640	2	641
Chef	1460	1460	388	0	388
Graphic Designer	1452	1452	238	3	239
Illustrator (Profession)	1422	1422	394	0	394
Australian rules football player	1404	1404	283	0	283
Arranger	1377	1377	500	9	502
Surgeon	1357	1357	368	0	368
Music artist	1295	1295	393	33	402
Computer scientist	1274	1274	440	0	440
Astronomer	1249	1249	311	1	311
Botanist	1238	1238	199	0	199
Banker	1189	1189	577	2	577
Priest	1178	1178	255	0	255
Programmer	1177	1177	233	2	234
Visual Effects Artist	1173	1173	54	0	54
Geologist	1151	1151	204	0	204
Professional Road Racing Cyclist	1061	1061	176	0	176
Barrister	1052	1052	297	0	297
TV Personality (Profession)	1037	1037	671	10	671
Police officer	1035	1035	418	1	418
Baseball Coach	1026	1026	126	0	126
Violist	1024	1024	302	3	303
Researcher	1014	1014	271	0	271
Referee	1009	1009	85	0	85
Translator (Film job)	1008	1008	458	1	458
Nurse	990	990	588	0	588
Hair Stylist	986	986	50	0	50
Speed Skater	969	969	163	0	163
Fashion designer	967	967	495	12	495
Martial artist	951	951	418	1	418
Scholar	947	947	324	3	325
Percussionist	921	921	121	5	125
Publisher (Editor title)	919	919	441	1	441
Civil engineer	918	918	275	1	275
Marketer	904	904	390	5	391
Television presenter	885	885	450	3	450
Consultant	883	883	363	1	364
Baseball Manager	859	859	97	0	97
Sound Technician	849	849	27	0	27
Essayist	842	842	461	1	461
Blue-collar worker	837	837	539	0	539
Nude Glamour Model	830	830	178	0	178
Child Actor	818	818	356	2	356
Fashion Model	809	809	371	1	371
Political scientist	806	806	146	1	146
Anthropologist	794	794	232	0	232
Ballet Dancer	794	794	402	0	402
Playback Singer	793	793	229	0	229
Criminal	775	775	187	0	187
Newscaster	765	765	302	0	302
Accountant	756	756	328	0	328
Handball Player	749	749	133	0	133
Multi-instrumentalist	740	740	230	17	234
Set Designer	731	731	144	0	144
Sculptor	727	727	384	0	384
Alpine skier	726	726	235	0	235
Opera singer	725	725	369	0	369
Basketball Coach	713	713	436	0	436
Volleyball player	710	710	195	0	195
Rabbi	710	710	227	0	227
Jockey	705	705	78	0	78
Trumpeter	688	688	125	9	128
Sports commentator	688	688	294	1	294
Rower	680	680	133	0	133
Commentator	672	672	391	3	391
American Football coach	671	671	382	0	382
Snowboarder	666	666	167	1	168
Gymnast	661	661	221	0	221
Artisan	657	657	345	1	345
TV Journalist	646	646	176	0	176
Bandleader	641	641	242	13	244
Spokesperson	641	641	295	3	295
Filmmaker	633	633	245	0	245
Music video director	630	630	144	7	148
Saxophonist	630	630	117	7	120
Field Hockey player	619	619	103	0	103
Legislator	613	613	132	0	132
Organist	607	607	143	6	143
Biologist	586	586	166	0	166
Astronaut	580	580	130	0	130
Real Estate Broker	576	576	352	0	352
Cross-country skier	576	576	182	0	182
Sales management	574	574	434	0	434
Jazz Pianist	573	573	160	4	161
Public speaker	567	567	227	2	227
Game designer	567	567	58	0	58
Merchant	564	564	325	0	325
Pastor	554	554	248	0	248
Animal trainer	554	554	169	0	169
Mountaineer	543	543	94	0	94
Visual Effects Supervisor	543	543	26	0	26
Curator	541	541	103	0	103
Violinist	539	539	157	1	158
Librarian	535	535	172	0	172
Sound Recordist	515	515	24	0	24
Recording Engineer (Film job)	510	510	27	2	28
Social activist	506	506	259	5	259
Dentist	485	485	230	1	231
Jurist	484	484	153	2	153
Freestyle skier	483	483	122	0	122
Figure Skater	478	478	168	0	168
Compositor	464	464	12	0	12
Science writer	459	459	119	2	119
Horse trainer	456	456	127	0	127
Environmentalist	453	453	175	2	175
Electrical engineer	450	450	140	1	141
Short Track Speed Skater	448	448	53	0	53
Restaurateur	435	435	302	1	303
Mangaka	434	434	70	0	70
Chaplain	427	427	38	0	38
Financier	423	423	156	0	156
Archaeologist	415	415	115	1	115
Statistician	408	408	146	0	146
Mixed Martial Artist	406	406	131	1	131
Mixing engineer	403	403	16	0	16
Adviser	394	394	210	0	210
Financial adviser	394	394	210	0	210
Luger	393	393	66	0	66
Talent manager	392	392	224	1	224
Biathlete	390	390	139	0	139
Office Worker	386	386	283	0	283
Computer Engineer	383	383	118	1	119
Spiritual leader	382	382	118	1	118
Bobsleigher	378	378	71	0	71
Special Effects Technician	373	373	23	0	23
Prophet	372	372	111	1	111
Domestic worker	371	371	294	0	294
Philanthropist	364	364	254	2	254
Psychiatrist	364	364	169	0	169
Lighting Designer	359	359	41	0	41
Investor	357	357	185	2	185
Photojournalist	356	356	76	0	76
Librettist	351	351	137	0	137
Film critic	350	350	144	0	144
Sound Effects Editor	347	347	6	0	6
Trombonist	347	347	48	1	48
Video game designer	345	345	17	0	17
Stand-up comedian	339	339	172	1	172
Sumo Wrestler	339	339	126	0	126
Social Worker	338	338	209	0	209
Weightlifter	337	337	45	0	45
Missionary	336	336	109	0	109
Civil servant	330	330	146	0	146
Mafioso	330	330	53	0	53
Book editor	326	326	91	0	91
Aerospace Engineer	326	326	86	1	86
Sports instructor	317	317	145	0	145
Visual Effects Producer	316	316	12	0	12
Bodybuilder	313	313	74	0	74
Digital Compositor	310	310	7	0	7
Literary critic	306	306	141	0	141
Master of Ceremonies	303	303	103	2	104
Magician	299	299	75	0	75
Special Effects Supervisor	296	296	27	0	27
Baseball Umpire	293	293	19	0	19
Sociologist	291	291	127	0	127
Surfer	288	288	111	0	111
Stunt coordinator	288	288	62	0	62
Software Engineer	286	286	72	0	72
Rescuer	282	282	146	1	146
Art critic	279	279	87	1	87
Rescue	277	277	145	1	145
Ski jumper	277	277	72	0	72
Boom Operator	272	272	8	0	8
Secretary	272	272	224	0	224
Puppeteer	271	271	92	1	93
Motivational speaker	271	271	90	1	90
Publicist	270	270	150	0	150
Player	269	269	98	0	98
Tarento	266	266	129	0	129
Orchestrator	261	261	89	0	89
Explorer	260	260	105	0	105
Astrologer	258	258	68	1	68
Storyboard Artist	256	256	56	0	56
Talk show host	256	256	161	2	161
Fiddler	256	256	49	0	49
Solicitor	254	254	91	0	91
Mechanical Engineer	252	252	78	0	78
Salesman	249	249	214	0	214
Columnist	248	248	102	0	102
Carpentry	244	244	140	0	140
Insurer	239	239	128	0	128
Art Historian	238	238	103	0	103
Theologian	235	235	103	0	103
Skeleton racer	234	234	26	0	26
Professional golfer	234	234	78	0	78
Insurance broker	233	233	123	0	123
Biographer	232	232	105	0	105
Videographer	232	232	36	1	36
Animation Director	232	232	32	0	32
Psychoanalyst	230	230	122	0	122
Meteorologist	228	228	52	0	52
Firefighter	227	227	122	0	122
Political activist	225	225	139	0	139
Comics artist	225	225	59	0	59
Flautist	224	224	48	4	49
Special Makeup Effects Artist	223	223	15	0	15
Attorney at law	222	222	79	1	79
Cellist	222	222	86	1	87
Venture capitalist	221	221	42	0	42
Personal trainer	218	218	89	0	89
Editing	217	217	53	0	53
Clarinetist	217	217	58	1	58
Music Teacher	214	214	93	0	93
Preacher	213	213	117	1	117
Warlord	213	213	50	0	50
Equestrian	213	213	135	0	135
Session musician	213	213	52	3	55
Special Effects Artist	210	210	32	0	32
VJ	210	210	109	1	110
Curler	209	209	56	2	58
Psychotherapist	208	208	117	0	117
Talent agent	207	207	158	0	158
Musicologist	207	207	59	1	60
Waiting staff	206	206	111	0	111
Cleric	202	202	58	1	58
Pharmacist	199	199	107	1	107
Statesman	198	198	141	6	141
Strongman	198	198	21	0	21
Foley Artist	198	198	10	0	10
Pirate	196	196	23	0	23
Interior designer	196	196	142	0	142
Dialogue Editor	193	193	6	0	6
Video Game Producer	181	181	21	0	21
Promoter	179	179	87	2	87
Electrician	178	178	95	0	95
Triathlete	178	178	55	0	55
Vaudeville Performer	177	177	169	0	169
Music editor	176	176	26	0	26
Property Master	176	176	16	0	16
Digital Artist	174	174	7	0	7
Tribal chief	173	173	43	0	43
Radio producer	173	173	69	0	69
Business magnate	173	173	105	0	105
Homemaking	173	173	159	0	159
Stagehand	166	166	63	0	63
Art dealer	165	165	59	0	59
Miner	164	164	83	0	83
Mechanic	164	164	106	0	106
Printmaker	163	163	65	0	65
Motorcycle Racer	160	160	31	0	31
SEM Professional	160	160	45	1	46
Costumer	159	159	6	0	6
Skateboarder	158	158	49	0	49
Surveyor	157	157	63	1	63
Stockbroker	154	154	123	0	123
Voice acting in Japan	154	154	19	0	19
Graphic Artist	153	153	39	0	39
Set Dresser	152	152	7	0	7
Peace activist	152	152	61	0	61
Sheriff	152	152	56	0	56
Advocate	151	151	58	1	58
Internet marketing	151	151	45	1	46
Law professor	151	151	38	1	38
Veterinary physician	151	151	82	0	82
Web analytics	150	150	45	1	46
Narrator	150	150	66	0	66
Runner	149	149	36	0	36
Acting Coach	148	148	97	0	97
Conservationist	147	147	61	1	61
SEO Professional	146	146	43	1	44
Registered nurse	145	145	84	0	84
Clown	144	144	63	0	63
Music critic	144	144	50	0	50
Documentary Filmmaker	141	141	66	0	66
Character Actor	140	140	68	2	69
accordionist	137	137	20	0	20
Certified Public Accountant	137	137	43	0	43
Student	135	135	35	0	35
Geographer	134	134	38	0	38
Real estate development	134	134	86	0	86
Human rights activist	133	133	46	0	46
Comic book creator	132	132	45	2	45
Industrial designer	130	130	38	0	38
Magazine editor	130	130	88	0	88
Socialite	127	127	111	2	111
Public Servant	126	126	27	0	27
Manufacturer	125	125	85	0	85
Televangelist	124	124	60	0	60
TV Meteorologist	124	124	28	0	28
Supermodel	123	123	76	1	77
Jazz Drummer	123	123	62	2	63
Harpsichordist	123	123	26	1	26
Bishop	122	122	37	0	37
TV Program Creator	121	121	23	0	23
Oboist	121	121	28	1	28
Humorist	119	119	74	0	74
Tailor	117	117	82	1	82
Philologist	116	116	46	0	46
Investment Banker	115	115	80	0	80
Aircrew	115	115	77	0	77
Flight attendant	115	115	77	0	77
Fighter pilot	114	114	59	0	59
Torero	114	114	31	0	31
Beach Volleyball Player	113	113	37	0	37
Impresario	113	113	57	0	57
Biochemist	113	113	47	0	47
Game programmer	112	112	10	0	10
Title Designer	111	111	7	0	7
Drag queen	111	111	14	0	14
Truck driver	110	110	77	0	77
Lighting Director	108	108	3	0	3
Monk	108	108	36	1	37
Electronic musician	108	108	19	1	20
Real estate entrepreneur	107	107	71	1	71
Pediatrician	107	107	51	0	51
ADR Recordist	106	106	2	0	2
Samurai	105	105	52	0	52
Television Show Host	105	105	73	0	73
Nordic combined skier	105	105	32	0	32
Gravure idol	104	104	24	0	24
Trade unionist	103	103	33	0	33
Evangelist	103	103	59	0	59
Opera composer	103	103	20	0	20
Ice dancer	102	102	34	0	34
Structural engineer	102	102	22	0	22
Printer	101	101	51	0	51
Naval Officer	101	101	60	0	60
Key Hair Stylist	101	101	3	0	3
Cardinal	101	101	25	0	25
Remixer	100	100	19	0	19
Prosecutor	100	100	43	1	43
Jewelry designer	100	100	75	0	75
Art collector	100	100	66	0	66
Urban planner	100	100	31	0	31
Orator	99	99	49	0	49
Winemaker	99	99	49	0	49
Dramaturge	97	97	36	0	36
Industrialist	96	96	63	1	63
Gangster	96	96	55	0	55
Extra	95	95	0	0	0
Web designer	95	95	24	0	24
Nun	95	95	49	0	49
Stripper	95	95	43	0	43
Jazz Musician	94	94	51	1	51
Factory worker	94	94	86	0	86
TV Art Director	93	93	5	0	5
Digital Effects Artist	93	93	4	0	4
Fisherman	93	93	31	0	31
Daimyo	92	92	52	0	52
Territorial lord	92	92	52	0	52
Zoologist	92	92	33	0	33
Bartender	92	92	44	0	44
Web Developer	92	92	30	0	30
Professional Poker Player	92	92	48	0	48
Instructor	91	91	42	1	42
Lexicographer	90	90	18	0	18
Game Show Host	90	90	58	0	58
Assistant Makeup Artist	90	90	0	0	0
Prostitute	90	90	14	0	14
Music pedagogue	90	90	31	1	31
Naturalist	90	90	40	0	40
Rebel	88	88	18	0	18
Costume Supervisor	88	88	5	0	5
Newspaper editor	87	87	46	0	46
ADR Editor	86	86	3	0	3
Opera Director (Profession)	86	86	48	0	48
Physiotherapist	85	85	42	0	42
Media Personality	84	84	34	0	34
Antiquarian	84	84	41	0	41
Vocal coach	84	84	35	0	35
Guide	84	84	34	0	34
Stage Manager	82	82	46	0	46
Civil rights activist	82	82	36	0	36
Construction worker	80	80	53	0	53
Acting Teacher	80	80	54	0	54
Neuroscientist	79	79	28	0	28
Sound Department	79	79	1	0	1
Clerk	79	79	65	0	65
Memoirist	78	78	55	0	55
Cinematography	78	78	7	0	7
Academician	78	78	31	0	31
Graduate student	78	78	9	0	9
SEO strategist	78	78	27	1	27
Mastering engineer	78	78	3	0	3
Bishop (Religious Leadership Title) #112	78	78	20	0	20
Nutritionist	78	78	35	0	35
Security guard	77	77	39	0	39
Stunt Double	76	76	13	0	13
Showgirl	76	76	60	0	60
Music director	75	75	26	0	26
Barber	75	75	48	0	48
ADR Mixer	75	75	2	0	2
Internet Marketer	74	74	19	0	19
Chemical engineer	74	74	29	0	29
General contractor	74	74	43	0	43
Visual Effects Animator	74	74	3	0	3
Radio Broadcaster	74	74	38	0	38
Fitness professional	74	74	48	0	48
Geneticist	73	73	36	0	36
Magistrate	73	73	25	0	25
Trader	72	72	43	0	43
Strategist	72	72	24	0	24
Detective	72	72	19	0	19
Engraver	72	72	21	0	21
Diver	72	72	27	0	27
Production Manager (Band)	72	72	9	0	9
Archivist	72	72	21	0	21
Property caretaker	71	71	42	0	42
Presenter (Profession) #27	71	71	25	0	25
Scenographer	71	71	22	1	22
Veteran	71	71	42	0	42
School Administrator	71	71	39	0	39
Impressionist	71	71	46	0	46
Gardener	70	70	34	0	34
Sports agent	70	70	31	0	31
Lobbyist	70	70	41	0	41
Artistic Director	70	70	31	0	31
Key Makeup Artist	70	70	1	0	1
Foley Editor	70	70	2	0	2
Nobleman	70	70	57	0	57
Baker	70	70	46	0	46
Bodyguard	70	70	33	1	33
Cowboy	69	69	39	0	39
Cleaner	69	69	53	0	53
Harpist	69	69	26	0	26
Tattoo artist	68	68	17	0	17
Cab Driver	68	68	45	0	45
Mandolinist	68	68	7	0	7
Visual Effects Coordinator	67	67	1	0	1
Spy	66	66	28	0	28
Foley Mixer	65	65	1	0	1
Astrophysicist	65	65	23	1	23
Martial Arts Instructor	65	65	41	0	41
Laborer	65	65	40	0	40
Ufologists	65	65	9	0	9
Advertising Executive	65	65	53	0	53
Pin-up girl	64	64	55	0	55
Butcher	63	63	41	0	41
Chartered Accountant	63	63	23	0	23
Online Marketing Professional	63	63	21	1	21
Speechwriter	62	62	26	0	26
Ethnographer	62	62	20	0	20
Public Relations	62	62	24	0	24
Satirist	61	61	38	1	38
Impersonator	61	61	32	0	32
Literary agent	61	61	39	0	39
TV chef	61	61	32	0	32
Cattle Rancher	61	61	32	0	32
Flight engineer	61	61	17	0	17
SEO	60	60	15	1	16
Imam	60	60	25	0	25
Circus Performer	60	60	48	0	48
Analyst	60	60	25	2	25
/m/02h65y5	59	59	17	0	17
Skier	59	59	17	0	17
Seamstress	59	59	53	0	53
Palaeontologist	59	59	22	0	22
Executioner	59	59	11	0	11
Webmaster	58	58	19	0	19
EMS Professional	58	58	28	1	28
Bookseller	58	58	21	0	21
Visual Effects	58	58	0	0	0
Estate agent	58	58	40	0	40
Pathologist	58	58	26	0	26
Dance Teacher	58	58	38	0	38
Voice teacher	58	58	36	0	36
Pastry chef	58	58	12	0	12
Hair and Makeup Artist	58	58	4	0	4
Professional Chess Player	57	57	16	0	16
Internet Entrepreneur	57	57	15	0	15
Digital Marketer	57	57	23	1	23
Celebrity chef	57	57	29	0	29
Script supervisor	57	57	20	0	20
Cryptographer	56	56	27	0	27
Hotel Manager	56	56	45	0	45
Lighting technician	56	56	9	0	9
Yoga Instructor	56	56	36	0	36
Grocer	55	55	40	0	40
Tennis coach	55	55	41	1	41
Cabaret Artist	55	55	38	0	38
Science-fiction writer	54	54	12	0	12
Democracy activist	54	54	19	0	19
Bureaucrat	54	54	13	0	13
Dressmaker	54	54	45	0	45
Media proprietor	54	54	28	0	28
Rail transport worker	54	54	39	0	39
Food critic	53	53	28	0	28
Neurologist	53	53	25	0	25
Exotic dancer	53	53	34	0	34
Landlord	52	52	30	0	30
Criminologist	52	52	12	0	12
Financial Analyst	51	51	30	0	30
Ecologist	51	51	11	0	11
Physiologist	51	51	15	0	15
Cricket Umpire	51	51	3	0	3
Plumber	51	51	27	0	27
Conquistador	51	51	10	0	10
Entomologist	51	51	19	0	19
Theater Performer	51	51	23	0	23
Colourist	50	50	6	0	6
Art Teacher	50	50	31	0	31
Microbiologist	50	50	16	0	16
Landscape architect	50	50	28	0	28
Chiropractor	50	50	21	0	21
Sound Re-Recordist	49	49	1	0	1
Game creator	49	49	12	0	12
Video Artist	49	49	11	0	11
Sculpture	49	49	13	0	13
Private investigator	49	49	20	0	20
Magician (Profession) #81	48	48	20	0	20
Music Educator	48	48	12	0	12
Dance Instructor	48	48	34	0	34
m/0513qg_	48	48	10	0	10
Mail carrier	48	48	31	0	31
Japanese idol	47	47	8	0	8
Dialect coach	47	47	21	0	21
Make-Up Designer	47	47	4	0	4
Theatrical Set Designer	47	47	7	0	7
Assistant Art Director	47	47	0	0	0
High Priest	46	46	20	0	20
Mime artist	46	46	30	1	30
Still Photographer	46	46	17	0	17
Vlogger	46	46	8	0	8
Marketing Consultant	46	46	15	0	15
Keytarist	45	45	18	1	18
Blacksmith	45	45	29	0	29
Character Designer	45	45	8	0	8
Humanitarian	45	45	32	1	32
Set Costumer	45	45	1	0	1
ADR Director	45	45	20	0	20
Psychic	45	45	17	0	17
Software Architect	45	45	13	0	13
Editorial Writer	45	45	8	0	8
Scenic Artist	44	44	7	0	7
Luthier	44	44	13	0	13
Plastic Surgeon	44	44	28	0	28
Video game development	44	44	11	0	11
Bus driver	44	44	37	0	37
Cardiologist	44	44	28	0	28
Illusionist	44	44	20	0	20
Postal worker	43	43	36	0	36
Sound Supervisor	43	43	1	0	1
Special Effects Foreman	43	43	2	0	2
CG Supervisor	43	43	0	0	0
Military engineer	43	43	23	0	23
Music Theorist	43	43	14	0	14
Gaffer (Profession)	43	43	11	0	11
Ornithologist	43	43	14	0	14
Gaffer	43	43	1	0	1
Bookkeeper	42	42	32	0	32
On-set Dresser	42	42	1	0	1
Rector	42	42	6	0	6
Aerobatic Pilot	42	42	2	0	2
Ophthalmology	42	42	11	0	11
Film Historian	42	42	23	0	23
Lecturer	42	42	8	0	8
Script editor	42	42	8	0	8
Clinical psychologist	42	42	18	0	18
Auto mechanic	42	42	31	0	31
Shadetree mechanic	42	42	31	0	31
House painter and decorator	42	42	34	0	34
Fashion Photographer	41	41	19	0	19
Jeweller	41	41	32	0	32
Special Effects	41	41	3	0	3
Paramedic	41	41	20	1	20
Multimedia artist	40	40	13	0	13
Cultural critic	40	40	22	0	22
Tutor	40	40	21	0	21
Shoemaker	40	40	32	0	32
Ophthalmologist	40	40	18	0	18
Condottiere	40	40	29	0	29
Foley Recordist	39	39	0	0	0
Special Effects Make-up	39	39	2	0	2
Lifeguard	39	39	16	1	16
Bricklayer	39	39	25	0	25
Climber	39	39	10	0	10
Bank cashier	39	39	32	1	32
Cheerleader	39	39	17	1	17
Ulama	38	38	15	0	15
Sound Director	38	38	8	0	8
Crime writer	38	38	23	0	23
Justice of the peace	38	38	16	0	16
Radio jockey	38	38	16	0	16
Visual Effects Editor	38	38	3	0	3
Digital marketing	37	37	11	1	12
Helicopter Pilot	37	37	13	0	13
Folklorist	37	37	23	0	23
Newspaper publisher	37	37	24	0	24
Ballet master	37	37	15	0	15
Medic	37	37	20	0	20
Drafter	37	37	11	0	11
Public Relations Executive	36	36	20	0	20
Shopkeeper	36	36	26	0	26
General practitioner	36	36	11	0	11
Muralist	36	36	17	0	17
Ventriloquist	36	36	20	0	20
Gynecologist	36	36	29	0	29
Mountain guide	36	36	10	0	10
Test pilot	35	35	12	0	12
Canadian football player	35	35	5	0	5
Backing vocalist	35	35	1	0	1
Street artist	35	35	11	0	11
Coal Miner	35	35	29	0	29
Ballroom Dancer	35	35	20	0	20
Theatre Manager	35	35	28	0	28
Trampoline Gymnast	35	35	11	0	11
Revolutionary	35	35	21	0	21
Video editor	35	35	3	0	3
Confidence artist	35	35	11	0	11
Molecular Biologist	35	35	12	0	12
Rock Climber	34	34	6	0	6
Acrobat	34	34	25	0	25
Dubbing	34	34	2	0	2
Adult model	34	34	14	0	14
Production Stage Manager	34	34	3	0	3
Generalissimo	34	34	23	0	23
Anesthesiologist	34	34	24	0	24
Machinist	34	34	20	0	20
Futurist	34	34	15	0	15
Massage therapist	34	34	18	0	18
Educationalist	34	34	13	0	13
Aerialist	34	34	21	0	21
Saxophone player	34	34	14	0	14
Visual Effects Compositor	34	34	0	0	0
Music publisher	33	33	6	0	6
Funeral director	33	33	14	0	14
Managing Director	33	33	4	1	4
Beekeeper	33	33	9	1	9
Film cinematographer	33	33	1	0	1
College Administrator	33	33	11	0	11
Information Technologist	33	33	10	0	10
Interpreter	33	33	13	1	13
Second Unit Director	33	33	11	0	11
Political Consultant	33	33	20	0	20
Ufologist	33	33	1	0	1
Breeder	32	32	24	0	24
Airman	32	32	13	0	13
Contemporary artist	32	32	17	0	17
Gamer	32	32	6	0	6
Newspaper	32	32	18	1	18
Potter	32	32	21	0	21
Cartographer	32	32	8	0	8
Agronomist	32	32	17	0	17
Executive officer	32	32	8	0	8
Nanny	32	32	16	0	16
Corporate officer	31	31	9	1	9
Director of audiography	31	31	10	0	10
Patent attorney	31	31	8	0	8
Paralegal	31	31	18	0	18
College gymnast	31	31	19	0	19
Porter	31	31	15	0	15
Chauffeur	31	31	17	0	17
Groom of the Stool	31	31	17	0	17
Sound Crew	31	31	0	0	0
Food writer	30	30	8	0	8
Counselor	30	30	21	0	21
Sports Reporter	30	30	11	0	11
Art Model	30	30	23	0	23
Prosthetic Makeup Artist	30	30	1	0	1
Business consultant	30	30	16	0	16
Installation Artist	30	30	11	0	11
Military aviator	29	29	22	1	22
Military Leader	29	29	12	0	12
Boss	29	29	18	0	18
Marine biologist	29	29	9	0	9
Penciller	29	29	16	0	16
Sports analyst	29	29	16	0	16
Housekeeper	29	29	23	0	23
Game artist	29	29	1	0	1
Interior Decorator	29	29	22	0	22
CG Artist	29	29	2	0	2
Search Engine Optimization	29	29	11	0	11
Watchmaker	29	29	16	0	16
Official (Profession) #27	29	29	2	0	2
Oceanographer	29	29	11	0	11
Homeopath	29	29	7	0	7
Drug lord	28	28	10	0	10
Stevedore	28	28	16	0	16
Online producer	28	28	4	1	4
Digital Effects Supervisor	28	28	0	0	0
Medical Doctor	28	28	17	0	17
Opera conductor	28	28	4	0	4
Geophysicist	28	28	11	0	11
Sommelier	28	28	8	0	8
m/05hmb8k	28	28	3	0	3
Sound Artist	28	28	4	0	4
SEO Professional (Profession) #1	28	28	12	0	12
Radiologist	28	28	14	0	14
Courtier	28	28	23	0	23
Landholder	28	28	14	0	14
Animation Supervisor	28	28	1	0	1
Maid	27	27	21	0	21
Darts Player	27	27	4	0	4
Film Distributor	27	27	17	0	17
Welder	27	27	24	0	24
Construction Coordinator	27	27	1	0	1
Music Journalist	27	27	8	0	8
Egyptologist	27	27	9	0	9
Seaman	27	27	15	0	15
Dietitian	27	27	12	0	12
Tour guide	27	27	15	0	15
American Football Official	27	27	5	0	5
Historian of Science	27	27	4	0	4
Wardrobe supervisor	27	27	5	0	5
ADR Supervisor	27	27	0	0	0
Art Department Coordinator	27	27	1	0	1
Didgeridooist	26	26	7	0	7
Picture editor	26	26	10	0	10
Music Manager	26	26	18	0	18
Art Department Assistant	26	26	1	0	1
Railroad engineer	26	26	15	0	15
Music publisher (Profession) #1	26	26	15	0	15
Supervising Sound Editor	26	26	0	0	0
Roman emperor	26	26	26	1	26
Literary Scholar	25	25	7	0	7
Neurosurgery	25	25	5	0	5
Puppet Designer	25	25	5	0	5
Hair Department Head	25	25	2	0	2
Arranger (Profession)	25	25	7	0	7
Financial planner	25	25	13	0	13
telecommunications expert	25	25	14	0	14
Voice Director	25	25	8	0	8
Cosmetologist	25	25	16	0	16
Bouncer	25	25	16	0	16
Flamenco Dancer	25	25	14	0	14
Holy Roman Emperor	25	25	25	0	25
Visual Effects Designer	25	25	6	0	6
Air Force Officer	25	25	14	0	14
Postmaster	24	24	10	0	10
Ethnologist	24	24	12	0	12
Forester	24	24	13	0	13
Digital Marketing Consultant	24	24	6	1	7
Bookmaker	24	24	14	0	14
Miscellaneous Crew	24	24	4	0	4
Horse breeder	24	24	16	1	16
Furniture Designer	24	24	13	0	13
Instrument maker	24	24	12	0	12
Music Mixer	24	24	0	0	0
Flight instructor	24	24	13	0	13
Bushranger	24	24	4	0	4
Hornist	23	23	0	0	0
Classicist	23	23	6	0	6
Lumberjack	23	23	7	0	7
Horse breeding	23	23	10	0	10
Racketeering	23	23	12	0	12
Anatomist	23	23	7	0	7
Gospel singer	23	23	12	0	12
Pastoralist	23	23	8	0	8
Conservator-restorer	23	23	11	0	11
Oncologist	23	23	10	0	10
Bioinformatician	23	23	5	0	5
Visual Effects Technician	23	23	2	0	2
Dermatologist	23	23	16	0	16
Air traffic controller	23	23	7	0	7
Constable	23	23	5	0	5
Concept Artist	22	22	2	1	2
Hazzan	22	22	6	0	6
Line producer	22	22	5	0	5
Media consultant	22	22	9	0	9
Event planner	22	22	11	0	11
Showman	22	22	15	0	15
Jazz guitarist	22	22	3	0	3
Executive Producer	22	22	3	0	3
Travel writer	22	22	9	0	9
Corporate lawyer	22	22	11	1	11
Steelworker	22	22	21	0	21
Professional Wrestling Referee	22	22	13	0	13
Basketball Official	22	22	4	0	4
Calligrapher	22	22	13	0	13
Boxing Coach	21	21	10	0	10
Epidemiologist	21	21	10	0	10
Virologist	21	21	4	0	4
Gymnastics Coach	21	21	15	0	15
Electronic Engineer	21	21	12	0	12
Union organizer	21	21	10	0	10
Retailer	21	21	17	0	17
Assistant Hair Stylist	21	21	1	0	1
Unit production manager	21	21	5	0	5
Rally Driver	21	21	10	0	10
Obstetrician	21	21	16	0	16
Engineering technologist	21	21	8	0	8
Nurse practitioner	21	21	15	0	15
Ballet Teacher	21	21	12	0	12
Airline Pilot	21	21	14	0	14
Hatter	21	21	12	0	12
Layout Artist	21	21	4	0	4
Turntablist	20	20	6	0	6
Guru	20	20	11	0	11
Inker	20	20	11	0	11
Lithographer	20	20	8	0	8
Graffiti artist	20	20	6	0	6
Vibraphonist	20	20	1	1	2
Bassoonist	20	20	3	0	3
Web Application Developer	20	20	2	0	2
News director	20	20	8	0	8
Coroner	20	20	2	0	2
Information Technology Consultant	20	20	6	0	6
Cossack	20	20	7	0	7
Evolutionary Biologist	20	20	8	0	8
Travel Agent	20	20	15	0	15
Web design	20	20	4	0	4
Optician	20	20	10	0	10
Midwife	20	20	14	0	14
Children's book author	20	20	15	0	15
Improviser	20	20	4	0	4
Business Owner	20	20	5	0	5
Goldsmith	20	20	12	0	12
Background Artist	20	20	0	0	0
Juggler	20	20	14	0	14
g/121xq1qg	20	20	1	0	1
Miller	19	19	7	0	7
Consul	19	19	10	0	10
Set Production Assistant	19	19	7	0	7
Marksman	19	19	5	0	5
Caricaturist	19	19	8	0	8
Women's rights activist	19	19	12	0	12
Software Tester	19	19	9	0	9
Fight Choreographer	19	19	9	0	9
Carpenter	19	19	7	0	7
Ethnomusicologist	19	19	9	0	9
Logician	19	19	14	0	14
Orientalist	19	19	3	0	3
Softball Player	19	19	7	0	7
Auctioneer	19	19	12	0	12
Customs officer	19	19	12	0	12
Inspector	19	19	6	0	6
Immunologist	19	19	5	0	5
Switchboard operator	19	19	17	0	17
Assistant Property Master	19	19	4	0	4
Grip	19	19	4	0	4
Bowler	19	19	8	0	8
Internist	19	19	12	0	12
Special Agent	19	19	9	0	9
Draper	19	19	5	0	5
Freelance Writer	19	19	11	0	11
United States Naval Aviator	18	18	14	0	14
Emergency medical technician	18	18	9	0	9
Assistant Sound Editor	18	18	1	0	1
Gunsmith	18	18	7	0	7
Wig Maker	18	18	2	0	2
Aeronautical Engineer	18	18	14	0	14
Boxing Trainer	18	18	9	0	9
News producer	18	18	9	0	9
Snooker player	18	18	5	0	5
Radio announcer	18	18	11	0	11
Social entrepreneur	18	18	5	0	5
Officer of the court	18	18	12	0	12
Dog trainer	18	18	10	0	10
First Assistant Director	18	18	3	0	3
Building contractor	18	18	16	0	16
Concertmaster	18	18	10	0	10
Cardiac surgeon	18	18	9	0	9
Professional sport fisherman	18	18	0	0	0
Sinologist	18	18	4	0	4
Production coordinator	18	18	3	0	3
Neurosurgeon	18	18	9	0	9
Automotive design	18	18	4	0	4
Life Coach	18	18	8	0	8
Video Controller	18	18	1	0	1
Swimming coach	18	18	14	0	14
Mental health professional	18	18	12	0	12
Video journalist	17	17	2	0	2
Compositing Supervisor	17	17	0	0	0
Cantor	17	17	11	0	11
Fetish model	17	17	5	0	5
Assistant Cameraman	17	17	3	0	3
Handyman	17	17	13	0	13
Caterer	17	17	11	0	11
Publican	17	17	5	0	5
Polymath	17	17	9	1	9
Traveler	17	17	8	0	8
Ironmaster	17	17	7	0	7
Arts Administrator	16	16	8	0	8
Avatar of Vashanka	16	16	10	0	10
Son of the Storm God	16	16	10	0	10
Warrior	16	16	10	0	10
Clockmaker	16	16	6	0	6
Biblical Scholar	16	16	3	0	3
Illegal drug dealer	16	16	11	0	11
Lacrosse Player	16	16	7	0	7
Model Maker	16	16	2	0	2
Cornetist	16	16	2	0	2
Legal secretary	16	16	13	0	13
Mineralogist	16	16	9	0	9
Crown Princess	16	16	15	0	15
Escapology	16	16	2	0	2
Voice coach	16	16	12	1	12
Animal training	16	16	7	0	7
Orthodontist	16	16	6	0	6
Monologist	16	16	12	0	12
Bacteriologist	16	16	9	0	9
Marine engineer	16	16	8	0	8
Lieutenant	16	16	12	0	12
Appraiser	16	16	4	0	4
Political strategist	16	16	9	0	9
Technical advisor	16	16	7	0	7
Occupational Therapist	16	16	12	0	12
Retired	16	16	11	0	11
Governess	16	16	12	0	12
City council	16	16	8	0	8
Gambler	16	16	6	0	6
Jeweller (Film job)	16	16	9	0	9
Bibliographer	16	16	3	0	3
Canon	16	16	8	0	8
Media scholar	16	16	3	0	3
Agriculturist	16	16	7	0	7
Kindergarten Teacher	16	16	13	0	13
Dubbing Director	16	16	7	0	7
Hair Designer	16	16	1	0	1
Janitor	16	16	13	0	13
Web Analyst	16	16	9	0	9
Pool Player	16	16	8	0	8
Key grip	16	16	6	0	6
Ethicist	16	16	8	0	8
Costume Assistant	16	16	0	0	0
Brewer	16	16	9	0	9
Florist	16	16	12	0	12
Shepherd	15	15	6	0	6
Website content writer	15	15	6	0	6
Special Effects Designer	15	15	5	0	5
Abbot	15	15	2	0	2
Naval Architect	15	15	5	0	5
Pharmacologist	15	15	8	0	8
Studio executive	15	15	10	0	10
Garden designer	15	15	4	0	4
Court clerk	15	15	10	0	10
Social Media Professional	15	15	4	0	4
Graphic Novelist	15	15	6	0	6
Wine Critic	15	15	5	0	5
Set Constructor	15	15	0	0	0
Wigs/Hair Designer	15	15	0	0	0
Shop Owner	15	15	14	0	14
Web Marketing Specialist	15	15	0	0	0
Railroad worker	15	15	15	0	15
Stonemason	15	15	10	0	10
Rum-running	15	15	7	0	7
Labour leader	15	15	8	0	8
Makeup Effects Artist	15	15	1	0	1
Contortionist	15	15	6	1	6
Special Effects Assistant	15	15	0	0	0
Child model	15	15	14	0	14
Landscaper	15	15	9	0	9
Sound Effects Recordist	15	15	0	0	0
Weaver	15	15	8	0	8
Music Historian	14	14	6	0	6
Foreman	14	14	14	0	14
Stenographer	14	14	10	0	10
Civil law notary	14	14	5	0	5
Software Developer (Profession)	14	14	4	0	4
Medical research	14	14	4	0	4
Tour manager	14	14	3	0	3
Board game designer	14	14	4	0	4
Level 10 gymnast	14	14	9	0	9
Visual Effects Executive Producer	14	14	0	0	0
Legal Scholar	14	14	4	0	4
Eastern Roman Emperor	14	14	14	0	14
Sound Mix Technician	14	14	0	0	0
Sound Recording Mixer	14	14	0	0	0
Daily Carpenter	14	14	0	0	0
Stylist	14	14	7	0	7
Makeup Department Head	14	14	0	0	0
Web Marketing	14	14	1	0	1
Friar	14	14	3	0	3
Medicine man	14	14	3	0	3
Public Relations Consultant	14	14	8	0	8
Hacker	14	14	3	0	3
Social Critic	14	14	12	0	12
Raconteur	14	14	8	0	8
Draftsman	14	14	8	0	8
Computer professional	14	14	10	0	10
Angel investor	14	14	4	0	4
Deacon	14	14	8	0	8
Stock trader	14	14	7	0	7
Bounty hunter	14	14	8	0	8
Mining Engineer	14	14	9	0	9
Indian Administrative Service	14	14	3	0	3
Athletic trainer	14	14	4	0	4
Genealogist	14	14	3	0	3
Department Head Hair Stylist	14	14	0	0	0
Soundtrack Composer	14	14	5	0	5
SEO Consultant	14	14	5	0	5
Planter	14	14	8	0	8
Furrier	13	13	13	0	13
Utility Sound Technician	13	13	0	0	0
Projection Designer	13	13	0	0	0
Audio Mixer	13	13	0	0	0
Pimp	13	13	6	0	6
Aircraft designer	13	13	8	0	8
Usurper	13	13	10	0	10
Personal stylist	13	13	3	0	3
Theoretical Physicist	13	13	6	0	6
Pioneer	13	13	7	0	7
Clothing designer	13	13	12	0	12
Dubber	13	13	6	0	6
Tenor Saxophonist	13	13	2	0	2
Assistant editor	13	13	2	0	2
Nuclear Physicist	13	13	10	0	10
Diarist	13	13	8	0	8
Podcaster	13	13	4	0	4
Tax collector	13	13	9	0	9
Farmworker	13	13	7	0	7
IT Consultant	13	13	4	0	4
Theater Actress	13	13	6	0	6
Court reporter	13	13	11	0	11
Apothecary	13	13	4	0	4
Supervising Sound Effects Editor	13	13	0	0	0
Entertainment Lawyer	13	13	8	0	8
Speech therapist	13	13	11	0	11
Rodeo performer	13	13	11	0	11
Hypnotherapist	13	13	8	0	8
Technical writer	13	13	4	0	4
Herbalist	13	13	5	0	5
Special Makeup Effects	13	13	0	0	0
Arts Educator	13	13	1	0	1
Jazz Violinist	13	13	4	0	4
Independent contractor	13	13	7	0	7
Lieutenant colonel	13	13	8	0	8
Military Historian	13	13	6	0	6
Network administrator	13	13	6	0	6
Archeologist	13	13	4	0	4
Boat builder	13	13	8	0	8
Competitive Eater	13	13	5	0	5
Auditor	13	13	10	0	10
Choreography	13	13	6	0	6
Spiritual teacher	12	12	10	0	10
Gossip columnist	12	12	9	0	9
Preservationist	12	12	1	0	1
Jazz Composer	12	12	7	0	7
Qari	12	12	3	0	3
Intellectual	12	12	6	0	6
Crystallographer	12	12	7	0	7
Information systems technician	12	12	4	0	4
Economic historian	12	12	2	0	2
Biophysicist	12	12	5	0	5
Vedette	12	12	8	0	8
Notary public	12	12	4	0	4
Sound Effects Supervisor	12	12	1	0	1
Podiatrist	12	12	7	0	7
Computer systems analyst	12	12	8	0	8
Pamphleteer	12	12	8	0	8
Fashion Editor	12	12	7	0	7
Production Mixer	12	12	0	0	0
Matte Painter	12	12	2	0	2
Rock Musician	12	12	1	0	1
Blogger (Website)	12	12	7	1	7
Australian rules football coach	12	12	3	0	3
Shoe designer	12	12	8	0	8
Emergency physician	12	12	6	0	6
Telegraphist	12	12	7	0	7
Personal injury lawyer	12	12	2	1	3
Automotive Engineer	12	12	6	0	6
Professor (Profession) #40	12	12	2	0	2
School counselor	12	12	6	0	6
Graphics coordinator	12	12	0	0	0
Make-Up and Hair Designer	12	12	0	0	0
Business Analyst	12	12	4	0	4
Filibuster	12	12	6	0	6
Highwayman	12	12	5	0	5
Television executive producer	12	12	3	0	3
General manager	12	12	2	0	2
Hypnotist	12	12	9	0	9
Hunter	12	12	2	0	2
Set Painter	12	12	2	0	2
White-collar worker	12	12	12	0	12
Orthopedic surgery	11	11	3	0	3
Product Designer	11	11	5	0	5
Theatre teacher	11	11	4	0	4
Metalsmith	11	11	7	0	7
Roboticist	11	11	4	0	4
Settler	11	11	3	0	3
Assistant Director	11	11	1	0	1
Textile worker	11	11	8	0	8
Actuary	11	11	7	0	7
Sideman	11	11	5	1	5
High Court Judge	11	11	4	0	4
Cultural Historian	11	11	5	0	5
Human Rights Lawyer	11	11	2	0	2
Assistant director	11	11	1	0	1
Seismologist	11	11	4	0	4
Compilation Producer	11	11	0	0	0
Dental assistant	11	11	7	0	7
Slave	11	11	4	0	4
Civil Rights Leader	11	11	6	0	6
Sex Educator	11	11	4	0	4
Prison officer	11	11	4	0	4
Mining Civil Engineer	11	11	5	0	5
Billiards Player	11	11	4	0	4
Optometry	11	11	4	0	4
Haberdasher	11	11	9	1	9
Silversmith	11	11	6	0	6
Tour promoter	11	11	8	0	8
Adventurer	11	11	9	0	9
Textile artist	11	11	6	0	6
Typeface designer	11	11	3	0	3
Civil Rights Advocate	11	11	7	0	7
Sound Consultant	11	11	0	0	0
Caddy	11	11	1	0	1
Additional Hair Stylist	11	11	0	0	0
Zookeeper	11	11	6	0	6
Video editor (Profession) #1	11	11	2	0	2
Digital Effects Coordinator	11	11	0	0	0
Actor (Profession) #80	11	11	2	1	3
Mental health counselor	11	11	6	0	6
Road manager	11	11	8	0	8
Gunslinger	10	10	5	0	5
Freedom fighter	10	10	4	0	4
Wedding Planner	10	10	5	0	5
Construction Manager	10	10	4	0	4
Agricultural Scientist	10	10	4	0	4
Makeup Supervisor	10	10	0	0	0
Fashion Consultant	10	10	6	0	6
Veterinary surgeon	10	10	3	0	3
Speech-language pathologist	10	10	9	0	9
Industrial Engineer	10	10	4	0	4
Public figure	10	10	5	0	5
Conceptual Artist	10	10	4	0	4
Call girl	10	10	5	0	5
Butler	10	10	5	0	5
Publicist (Profession) #5	10	10	5	0	5
Film distributor (Profession)	10	10	6	0	6
Prelate	10	10	3	0	3
Social media strategist	10	10	5	0	5
Costume design	10	10	0	0	0
Cook (Profession) #121	10	10	8	0	8
Optometrist	10	10	6	0	6
Construction Foreman	10	10	3	0	3
Pitchman	10	10	5	0	5
Virtuoso	10	10	5	0	5
Park ranger	10	10	5	0	5
Bridge Player	10	10	1	0	1
Recruiter	10	10	4	0	4
Horticulturalist	10	10	4	0	4
Deejay	10	10	4	0	4
Climatologist	10	10	4	0	4
Cosmologist	10	10	4	0	4
Automobile designer	10	10	3	0	3
Wrangler	10	10	3	0	3
Bibliophile	10	10	5	0	5
Typesetting	10	10	7	0	7
Radiographer	10	10	3	0	3
Methodist minister	10	10	7	0	7
Sheep shearer	10	10	1	0	1
Dubbing Editor	10	10	1	0	1
Fireman	10	10	7	0	7
Fine art artist	10	10	6	0	6
Endocrinologist	10	10	5	0	5
Bookbinder	10	10	5	0	5
Dental technician	10	10	6	0	6
Radio DJ	10	10	5	0	5
Tool and die maker	10	10	9	0	9
Ecommerce Consultant	10	10	3	0	3
Political analyst	10	10	5	0	5
Children's book illustrator	10	10	6	0	6
Ironworker	10	10	8	0	8
Paratrooper	10	10	6	0	6
Promotional model	10	10	4	0	4
Lama	9	9	5	0	5
Key Costumer	9	9	0	0	0
Wardrobe Assistant	9	9	3	0	3
Digital Colorist	9	9	0	0	0
Leadman	9	9	1	0	1
Bank manager	9	9	7	0	7
Distiller	9	9	2	0	2
Radio writer	9	9	6	0	6
Furniture Maker	9	9	7	0	7
Cultural Anthropologist	9	9	3	0	3
Dairy	9	9	2	0	2
Metallurgist	9	9	3	0	3
Actor-manager	9	9	6	0	6
Personal organizer	9	9	3	0	3
Sound Effect	9	9	0	0	0
Medieval Historian	9	9	2	0	2
Additional Sound	9	9	0	0	0
Chartered Surveyor	9	9	5	0	5
Gallery Owner	9	9	7	0	7
Graphic Artist (Film job) #1	9	9	2	0	2
Lady-in-waiting	9	9	7	0	7
Nurse midwife	9	9	5	0	5
Computer repair technician	9	9	6	0	6
Media historian	9	9	2	0	2
Call Center Agent	9	9	1	0	1
Modeler	9	9	1	0	1
Software Engineering	9	9	5	0	5
Political Economist	9	9	5	0	5
Theater Manager	9	9	7	0	7
Medical technologist	9	9	8	0	8
Property manager	9	9	3	0	3
Waste collector	9	9	5	0	5
Software development	9	9	3	0	3
Render I/O Coordinator	9	9	0	0	0
Licensed practical nurse	9	9	3	0	3
Dental hygienist	9	9	9	0	9
Storekeeper	9	9	8	0	8
Councillor	9	9	5	0	5
Projectionist	9	9	6	0	6
Primatologist	9	9	5	0	5
Mercenary	9	9	3	0	3
FBI Agent	9	9	5	0	5
Entrepreneurship	9	9	2	0	2
ADR Script Writer	9	9	5	0	5
Courtesan	9	9	4	0	4
Conservation Biologist	9	9	2	0	2
Planetary scientist	9	9	1	0	1
Horticulturist	9	9	1	0	1
Communications Consultant	9	9	5	0	5
Prosthetic Effects Designer	9	9	1	0	1
Combat medic	9	9	7	0	7
Herpetologist	9	9	2	0	2
Cognitive scientist	9	9	6	0	6
Busker	9	9	0	0	0
Management	9	9	2	0	2
Ethologist	9	9	5	0	5
Usher	9	9	9	0	9
Human Resources Officer	9	9	5	0	5
Concert Producer	9	9	6	0	6
Sensei	9	9	8	0	8
Salaryman	9	9	9	0	9
Matte Artist	9	9	0	0	0
Peddler	8	8	7	0	7
Online Marketing Consultant	8	8	2	0	2
Lighting Technical Director	8	8	0	0	0
Script doctor	8	8	7	0	7
Mufti	8	8	4	0	4
Public intellectual	8	8	8	0	8
Station master	8	8	6	0	6
Visual Effects Cameraman	8	8	0	0	0
Book Designer	8	8	1	0	1
Dispatcher	8	8	6	0	6
Valet	8	8	0	0	0
Visual Effects Director	8	8	1	0	1
Focus puller	8	8	2	0	2
Fur Trader	8	8	2	0	2
Product Manager	8	8	2	0	2
Sound Producer	8	8	0	0	0
Fashion Director	8	8	3	0	3
Human Rights Leader	8	8	0	0	0
IT/Software Developer	8	8	1	0	1
Ichthyologist	8	8	1	0	1
Creative consultant	8	8	3	0	3
Music Therapist	8	8	4	0	4
Syndicated columnist	8	8	6	0	6
Production Manager	8	8	1	0	1
Semantic Web	8	8	4	0	4
Music criticism	8	8	2	0	2
Materials Scientist	8	8	3	0	3
Shop assistant	8	8	5	0	5
Ski Mountaineer	8	8	2	0	2
Art Department Crew	8	8	0	0	0
Barista	8	8	5	0	5
Broker	8	8	3	0	3
Computer Graphics Artist	8	8	1	0	1
Developmental Biologist	8	8	4	0	4
Ghostwriter	8	8	1	0	1
Surfboard shaper	8	8	2	0	2
Nursing Assistant	8	8	2	0	2
Expert	8	8	3	0	3
Greengrocer	8	8	6	0	6
Notary	8	8	0	0	0
Medical examiner	8	8	1	0	1
Investment broker	8	8	8	0	8
Construction Engineer	8	8	7	0	7
Player-coach	8	8	4	0	4
Boilermaker	8	8	3	0	3
Ski Racer	8	8	4	0	4
Stage combat	8	8	2	0	2
Electronics engineer	8	8	2	0	2
Stage management	8	8	2	0	2
Labor Union Leader	8	8	3	0	3
Biomedical Engineer	8	8	3	0	3
Hitman	8	8	2	0	2
Set Director	8	8	1	0	1
Criminal (Profession) #15	8	8	7	0	7
Visual Effects Line Producer	8	8	0	0	0
Action Director	8	8	4	0	4
Wrestling Promoter	8	8	6	0	6
Executive Management	8	8	2	0	2
Artistic Director (Job title)	8	8	4	0	4
Cabinet maker	8	8	5	0	5
Clinical Psychiatrist	8	8	6	0	6
Joiner	8	8	6	0	6
Conservation	8	8	4	0	4
Bail bondsman	8	8	7	0	7
Cricketeer	8	8	1	0	1
Trapper	8	8	3	0	3
musician, mastering engineer	8	8	1	0	1
Executive Director	8	8	0	0	0
Anthropological Linguist	8	8	0	0	0
Scholar-official	8	8	5	0	5
Medical assistant	8	8	7	0	7
Tenant farmer	8	8	8	0	8
Neurobiologist	8	8	2	0	2
Sports Anchor	8	8	4	0	4
Vietnam veteran	8	8	8	0	8
Government agent	8	8	4	0	4
Clerk (Profession) #147	8	8	4	0	4
Senior SEO Manager	8	8	5	0	5
Serial entrepreneur	8	8	3	0	3
Business journalist	8	8	3	0	3
Prosthetic Technician	8	8	2	0	2
Theatrical Lighting Designer	7	7	1	0	1
Video Designer	7	7	0	0	0
Partisan	7	7	4	0	4
Visionary	7	7	4	0	4
Restaurant management	7	7	5	0	5
Clothing manufacturer	7	7	7	0	7
Architectural Critic	7	7	2	0	2
Agricultural engineer	7	7	5	0	5
Christian Theologian	7	7	3	0	3
Navy pilot	7	7	5	0	5
Glaciologist	7	7	1	0	1
Sound	7	7	0	0	0
Lead vocalist	7	7	1	0	1
Hydrographer	7	7	2	0	2
Book Collector	7	7	1	0	1
Set Decoration Buyer	7	7	0	0	0
Content marketing	7	7	3	0	3
Social Media Marketing	7	7	1	0	1
Ceramic Artist	7	7	3	0	3
Post-Production Coordinator	7	7	0	0	0
Registrar	7	7	4	0	4
Render Coordinator	7	7	0	0	0
Plus-size model	7	7	4	0	4
User experience design	7	7	3	0	3
Whistleblower	7	7	3	0	3
Inbound marketing	7	7	2	0	2
Systems Programmer	7	7	3	0	3
Mountain biker	7	7	2	0	2
Locksmith	7	7	4	0	4
Online Marketing Strategist	7	7	2	0	2
Music Recordist	7	7	0	0	0
Garment Worker	7	7	6	0	6
Ship-owner	7	7	3	0	3
Film Journalist	7	7	2	0	2
Neurophysiologist	7	7	4	0	4
Jazz Artist/Singer	7	7	5	1	5
Deputy mayor	7	7	5	0	5
Environmental engineer	7	7	2	0	2
Herder	7	7	3	0	3
Costume Supervisor (Film job)	7	7	1	0	1
Data architect	7	7	2	0	2
Volcanologist	7	7	4	0	4
Multi Media Artist	7	7	1	0	1
Nazi hunter	7	7	3	0	3
Arborist	7	7	3	0	3
Informant	7	7	1	0	1
Textile designer	7	7	5	0	5
Driller	7	7	6	0	6
Lineman	7	7	4	0	4
Scout	7	7	4	0	4
Handball Coach	7	7	3	0	3
Laboratory Technician	7	7	7	0	7
Pedagogy	7	7	1	0	1
Sound Utility	7	7	0	0	0
Dialogue Recordist	7	7	0	0	0
Special Makeup Effects Supervisor	7	7	0	0	0
Physical Chemist	7	7	0	0	0
Corporate trainer	7	7	2	0	2
Train Conductor	7	7	5	0	5
Liaison officer	7	7	4	0	4
Cloth merchant	7	7	6	0	6
Social Psychologist	7	7	3	0	3
Additional Makeup Artist	7	7	0	0	0
Buyer	7	7	5	0	5
Parliamentarian	7	7	5	0	5
Custodian	7	7	3	0	3
Hermit (Profession)	7	7	5	0	5
Assistant Set Decorator	7	7	0	0	0
Rodeo clown	7	7	3	0	3
Co-producer	7	7	1	0	1
Elvis impersonator	7	7	2	0	2
Rocket scientist	7	7	2	0	2
Cgi Artist	7	7	1	0	1
Tax advisor	7	7	2	0	2
Lutenist	7	7	3	0	3
Child Psychiatrist	7	7	2	0	2
3D artist	7	7	0	0	0
Teamster	7	7	2	0	2
Camera Assistant	7	7	3	0	3
Previsualization Artist	7	7	0	0	0
Kapellmeister	7	7	4	0	4
Youth worker	7	7	4	0	4
Digital Animator	7	7	0	0	0
Perfumer	7	7	3	0	3
Bioengineer	7	7	1	0	1
Maritime pilot	7	7	1	0	1
Woodworker	7	7	2	0	2
Letterer	7	7	3	0	3
Theater Arts Educator	7	7	5	0	5
Architectural historian	7	7	3	0	3
Free speech activist	7	7	3	0	3
Political writer	7	7	5	0	5
Recording Director	6	6	2	0	2
Head Hair Stylist	6	6	0	0	0
Film Crew	6	6	1	0	1
Drama Coach	6	6	4	0	4
Innkeeper	6	6	6	0	6
Marketing strategy	6	6	2	0	2
Type designer	6	6	0	0	0
Makeup Assistant	6	6	0	0	0
Suit actor	6	6	1	0	1
Indologist	6	6	1	0	1
Alchemist	6	6	3	0	3
Conferencier	6	6	2	0	2
Fight Director	6	6	0	0	0
Gerontologist	6	6	3	0	3
Commoner	6	6	4	0	4
Key Hair Stylist (Film job)	6	6	0	0	0
Internet Marketing	6	6	2	0	2
Clinical Social Worker	6	6	5	0	5
Toxicologist	6	6	3	0	3
Physician assistant	6	6	5	0	5
Etymologist	6	6	2	0	2
Senior management	6	6	3	0	3
Diving instructor	6	6	3	1	4
Oral and maxillofacial surgeon	6	6	2	0	2
Script coordinator	6	6	1	0	1
Camera and Electrical Department	6	6	1	0	1
Pediatrics	6	6	2	0	2
Lighting Supervisor	6	6	0	0	0
Petroleum geologist	6	6	3	0	3
Dolby Sound Consultant	6	6	0	0	0
Burlesque stripper	6	6	5	0	5
Grammarian	6	6	3	0	3
Kidnapping	6	6	3	0	3
Animal control service	6	6	1	0	1
Investment advisor	6	6	4	0	4
Theatre practitioner	6	6	4	0	4
Ashik	6	6	1	0	1
divorce lawyer	6	6	1	0	1
Belly Dancer	6	6	5	0	5
Native American activist	6	6	5	0	5
Sound Technician (Film job)	6	6	0	0	0
Architectural historian (Profession) #1	6	6	2	0	2
Acrobatics	6	6	3	0	3
Coxswain	6	6	3	0	3
Minstrel	6	6	6	0	6
Prosthetics	6	6	0	0	0
Clinician	6	6	2	0	2
Community Development Leader	6	6	0	0	0
Dialogue Mixer	6	6	0	0	0
Proprietor	6	6	2	0	2
Taxidermist	6	6	1	0	1
Federal judge	6	6	2	0	2
Traveling Salesman	6	6	6	0	6
Astrobiologist	6	6	2	0	2
Educational psychologist	6	6	6	0	6
Set Decoration Coordinator	6	6	0	0	0
Spymaster	6	6	2	0	2
Neo-Burlesque	6	6	0	0	0
Manicurist	6	6	2	0	2
Roller Skater	6	6	4	1	4
Visual Effects Art Director	6	6	0	0	0
Sniper	6	6	2	0	2
3D Supervisor	6	6	0	0	0
Sports trainer	6	6	1	0	1
Fundraising	6	6	4	0	4
Marketing communications	6	6	0	0	0
Used Car Dealer	6	6	5	0	5
Fashion entrepreneur	6	6	4	0	4
Sex columnist	6	6	1	0	1
Online advertising	6	6	1	0	1
Bioethicist	6	6	5	0	5
Political campaigner	6	6	3	0	3
General director	6	6	0	0	0
Osteopath	6	6	4	0	4
Epigrapher	6	6	0	0	0
Personal Assistant	6	6	4	0	4
Company Secretary	6	6	6	0	6
Motion Graphic Artist	6	6	0	0	0
Synthesist	6	6	1	0	1
Petroleum Engineer	6	6	4	0	4
Logger	6	6	2	0	2
Digital Intermediate Producer	6	6	0	0	0
Media Entrepreneur	6	6	3	0	3
Studio manager	6	6	1	0	1
Dominatrix	6	6	3	0	3
Go Player	6	6	4	0	4
Sound operator	6	6	0	0	0
Master mariner	6	6	5	0	5
Social Historian	6	6	2	0	2
Pyrotechnician	6	6	1	0	1
Special Education Teacher	6	6	4	0	4
Promotional Model	5	5	4	0	4
Toy Designer	5	5	0	0	0
Cultural Preservationist	5	5	0	0	0
Sub-inspector	5	5	5	0	5
Architectural photographer	5	5	3	0	3
Philosopher of Science	5	5	1	0	1
Video Engineer	5	5	0	0	0
Political philosopher	5	5	2	0	2
Digital Marketing Strategist	5	5	3	0	3
On-Line Editor	5	5	0	0	0
Grazier	5	5	2	0	2
Commissar	5	5	2	0	2
Tyrant	5	5	1	0	1
Drover	5	5	1	0	1
Laity	5	5	3	1	3
Professional Organizer	5	5	0	0	0
Audiologist	5	5	5	0	5
Organ builder	5	5	2	0	2
Pro-life activist	5	5	3	0	3
Rheumatologist	5	5	3	0	3
captured guards	5	5	2	0	2
Urologist	5	5	5	0	5
Forklift operator	5	5	5	0	5
Trainer	5	5	2	0	2
Police commissioner	5	5	3	0	3
Movement director	5	5	1	0	1
Political Assistant	5	5	3	0	3
Ghost singer	5	5	1	0	1
Human computer	5	5	2	0	2
Search Engine Optimization (Industry) #1	5	5	3	0	3
Army officer (retired)	5	5	4	0	4
Effects Animator	5	5	0	0	0
Geochemist	5	5	2	0	2
Hematologist	5	5	3	0	3
Character Animator	5	5	1	0	1
Archbishop	5	5	0	0	0
Prospector	5	5	0	0	0
Certified Sex Therapist	5	5	3	0	3
B-boy	5	5	1	0	1
Nature Photographer	5	5	4	0	4
Magnate	5	5	3	0	3
Lawman	5	5	1	0	1
Post Office Worker	5	5	5	0	5
Historian of Religion	5	5	0	0	0
Associate Justice	5	5	2	0	2
Umpire	5	5	0	0	0
Sculptor (Constellation)	5	5	4	0	4
Business Coach	5	5	1	0	1
Radio Programmer	5	5	3	0	3
Secretary-General of the United Nations	5	5	4	0	4
Digital Supervisor	5	5	0	0	0
Drug counselor	5	5	5	0	5
Motion Capture Supervisor	5	5	1	0	1
Senior Special Effects Technician	5	5	0	0	0
Figurative Sculptor	5	5	2	0	2
Boxing judge	5	5	2	0	2
Duchess	5	5	5	1	5
Art History Professor	5	5	3	0	3
Plastic arts	5	5	5	0	5
Martial Artist Teacher	5	5	2	0	2
Neuropsychologist	5	5	4	0	4
Statistical graphics	5	5	3	0	3
Information scientist	5	5	1	0	1
New media artist	5	5	0	0	0
Visual Effects Administrator	5	5	0	0	0
Associate Professor	5	5	0	0	0
Matchmove Supervisor	5	5	0	0	0
Art therapist	5	5	4	0	4
Chansonnier	5	5	1	0	1
Criminal defense lawyer (Profession) #1	5	5	0	0	0
Translation (Industry)	5	5	0	0	0
Special Effects Co-Coordinator	5	5	1	0	1
Hair Artist	5	5	0	0	0
Admiral	5	5	4	0	4
Forensic Pathologist	5	5	1	0	1
Ethnobotanist	5	5	2	0	2
Counsellor	5	5	1	0	1
Cooper	5	5	2	0	2
Network Engineer	5	5	1	0	1
Wig Designer	5	5	0	0	0
Animatronics Designer	5	5	0	0	0
Portfolio manager	5	5	1	0	1
Football Analyst	5	5	3	0	3
News analyst	5	5	5	0	5
Digital Coordinator	5	5	0	0	0
Geheimrat	5	5	1	0	1
Vendor	5	5	3	0	3
Flight surgeon	5	5	1	0	1
Intendant	5	5	1	0	1
Educational consultant	5	5	3	0	3
Biomedical scientist	5	5	0	0	0
Visual Effect Producer	5	5	0	0	0
Technical Director	5	5	1	0	1
Car dealership	5	5	1	0	1
Digital Marketing Manager	5	5	2	0	2
Search Engine Marketing	5	5	0	0	0
Toolmaker	5	5	4	0	4
Captain general	5	5	0	0	0
Bard	5	5	4	0	4
Sound Recordist (Film job)	5	5	0	0	0
Upholsterer	5	5	4	0	4
Ontologist	5	5	5	0	5
Cyberneticist	5	5	3	0	3
Wood engraver	5	5	1	0	1
Lyric poet	5	5	2	0	2
Shipwright	5	5	4	0	4
Tennis Instructor	5	5	2	0	2
Classical Vocalist	5	5	2	0	2
Creative Producer	5	5	0	0	0
Plant Pathologist	5	5	1	0	1
Special Effects Director	5	5	2	0	2
Digital compositing	5	5	0	0	0
Impressionist (Profession) #3	5	5	3	0	3
Inbound Marketing Consultant	5	5	1	0	1
Zamindar	5	5	1	0	1
Demographer	5	5	2	0	2
Reverand	4	4	2	0	2
Roofer	4	4	2	0	2
Managing Director (Board Member Title)	4	4	0	0	0
Blues Musician	4	4	0	0	0
Wildlife biologist	4	4	2	0	2
Paralympian	4	4	3	0	3
Hairstyle	4	4	0	0	0
Anime character designer	4	4	0	0	0
Plantsman	4	4	3	0	3
Digital Effects Producer	4	4	0	0	0
Private Secretary	4	4	1	0	1
Palaeontologist (Profession) #1	4	4	1	0	1
Rector (Profession)	4	4	2	0	2
Bailiff	4	4	2	0	2
glass artist	4	4	3	0	3
Man-servant	4	4	1	0	1
College gymnast (m/011ddc28)	4	4	3	0	3
Hebraist	4	4	2	0	2
Film Photographer	4	4	2	0	2
Pay per click	4	4	1	0	1
Medical researcher	4	4	2	0	2
Heavy equipment operator	4	4	2	0	2
Wool classing	4	4	2	0	2
Religion Scholar	4	4	3	1	3
Make-Up Trainee	4	4	0	0	0
Minister (Profession) #5	4	4	2	0	2
Warehouseman	4	4	2	0	2
Quantity surveyor	4	4	3	0	3
Music Consultant	4	4	2	0	2
Pilates Trainer	4	4	3	0	3
Vice admiral	4	4	3	0	3
Philanthropists	4	4	2	0	2
Computer Graphics Animator	4	4	1	0	1
Folk Artist	4	4	2	0	2
Fashion Illustrator	4	4	3	0	3
Digital Production Manager	4	4	0	0	0
Hydrogeologist	4	4	1	0	1
Midwife (Film subject)	4	4	1	0	1
Foley Operator	4	4	0	0	0
Copyist	4	4	0	0	0
Visual Effects Technical Supervisor	4	4	0	0	0
Bandurist	4	4	0	0	0
A&R executive	4	4	4	0	4
Intellectual Historian	4	4	1	0	1
Chemical technologist	4	4	2	0	2
Charwoman	4	4	3	0	3
Children's writer	4	4	3	0	3
IT Director	4	4	0	0	0
Enologist	4	4	1	0	1
Production Supervisor	4	4	3	0	3
Sound Effects Designer	4	4	0	0	0
Theoretician	4	4	3	0	3
Server	4	4	4	0	4
Search engine technology	4	4	2	0	2
Griot	4	4	2	0	2
Historian of Photography	4	4	3	0	3
Dialogue Supervisor	4	4	0	0	0
Big-game hunter	4	4	4	1	4
Quantitative analyst	4	4	2	0	2
Sports Columnist	4	4	3	0	3
System Administrator	4	4	1	0	1
Digital matte artist	4	4	0	0	0
Circus Owner	4	4	4	0	4
Flying ace	4	4	2	0	2
Motion Graphics Designer	4	4	0	0	0
Sound Re-Recording Mixer	4	4	0	0	0
Physical Training Instructor	4	4	2	0	2
Weathercaster	4	4	0	0	0
Sound Mix Operator	4	4	0	0	0
Music Coordinator	4	4	2	0	2
Software designer	4	4	1	0	1
Chess coach	4	4	0	0	0
Stockman	4	4	0	0	0
Dermatology	4	4	2	0	2
Sign Language Interpreter	4	4	2	0	2
Chamberlain	4	4	0	0	0
Go-go dancing	4	4	1	0	1
Advocacy	4	4	2	0	2
selenographer	4	4	0	0	0
Teaching assistant	4	4	2	0	2
Public Policy Analyst	4	4	1	0	1
Utility Sound	4	4	0	0	0
Special Effects Fabricator	4	4	0	0	0
Horologist	4	4	1	0	1
Poltician	4	4	2	0	2
Nude model	4	4	1	0	1
Lighting Artist	4	4	0	0	0
Assyriologist	4	4	1	0	1
Inbound Marketing	4	4	1	0	1
Body Makeup Artist	4	4	0	0	0
Caregiver	4	4	3	0	3
Theatrical critic	4	4	1	0	1
Maritime Archaeologist	4	4	2	0	2
British Army Officer	4	4	2	0	2
Direct marketing	4	4	1	0	1
Military Strategist	4	4	2	0	2
Digital Marketing Consultant (Profession) #1	4	4	3	0	3
Claims adjustor	4	4	1	0	1
Wedding photography	4	4	1	0	1
Model Shop Supervisor	4	4	0	0	0
Technical editor	4	4	0	0	0
Ringmaster	4	4	2	0	2
Orthopaedist	4	4	3	0	3
Fellow	4	4	0	0	0
Dubbing Recordist	4	4	1	0	1
Environmental health officer	4	4	3	0	3
Network executive	4	4	2	0	2
Character Technical Director	4	4	0	0	0
Digital Visual Effects Supervisor	4	4	0	0	0
Drill instructor	4	4	3	0	3
Groundskeeper	4	4	2	0	2
Germanist	4	4	2	0	2
Information professional	4	4	1	0	1
Makeup Effects Sculptor	4	4	0	0	0
Nephrologist	4	4	1	0	1
Co-founder and Business Executive	4	4	2	0	2
Paranormal Investigator	4	4	2	0	2
Superintendent	4	4	3	0	3
Labour Lawyer	4	4	3	0	3
Coachman	4	4	3	0	3
Models & Sets	4	4	0	0	0
Medical Secretary	4	4	4	0	4
Nature writer	4	4	2	0	2
Fashion Commentator	4	4	3	0	3
Quartermaster	4	4	2	0	2
Colonel	4	4	4	0	4
Parapsychologist	4	4	3	0	3
Child singer	4	4	3	0	3
Cordwainer	4	4	3	0	3
Cryptozoologist	4	4	0	0	0
Ninja	4	4	1	0	1
Clapper loader	4	4	0	0	0
Administrator	4	4	3	0	3
Chief executive	4	4	1	0	1
ADR Engineer	4	4	1	0	1
Karō	4	4	1	0	1
Street sweeper	4	4	2	0	2
Lord Chamberlain	4	4	4	0	4
Jazz Performer	4	4	2	0	2
Pipefitter	4	4	1	0	1
Customer service advisor	4	4	3	0	3
Wine Merchant	4	4	1	0	1
Visual Effects Model Maker	4	4	0	0	0
Seal hunting	4	4	0	0	0
Special Makeup Effects Designer	4	4	0	0	0
Arms trafficking	4	4	0	0	0
Digital Compositing Supervisor	4	4	0	0	0
Modeling Supervisor	4	4	0	0	0
Military police	4	4	2	0	2
Road crew	4	4	1	0	1
Health Educator	4	4	3	0	3
Window dresser	4	4	4	0	4
Digital Intermediate Supervisor	4	4	0	0	0
Information security	4	4	1	0	1
Music Supervisor	4	4	0	0	0
Kathak Dancer	4	4	2	0	2
Adjudicator	4	4	1	0	1
Classical guitarists	4	4	0	0	0
SEO Analyst	4	4	1	0	1
Strategic Analyst	4	4	0	0	0
Wedding Photographer	4	4	2	0	2
Commissioner of Baseball	3	3	3	0	3
Texture Artist	3	3	0	0	0
Soil Scientist	3	3	0	0	0
Design Engineer	3	3	3	0	3
Pretty Horsebreaker	3	3	3	0	3
Real estate appraisal	3	3	2	0	2
Weapons master	3	3	0	0	0
Town crier	3	3	0	0	0
Bursar	3	3	1	0	1
Negotiator	3	3	3	0	3
Sheet Metal Worker	3	3	3	0	3
Sound Recorder	3	3	0	0	0
Electronics technician	3	3	3	0	3
Couturier	3	3	2	0	2
Visual Effects Production Manager	3	3	0	0	0
software consultant	3	3	1	0	1
Brandon C.J. Grimes	3	3	1	0	1
Google Analytics	3	3	1	0	1
YouTuber	3	3	0	0	0
Literary executor	3	3	3	0	3
Pollster	3	3	2	0	2
Concierge	3	3	1	0	1
Consort	3	3	3	0	3
Assistant Production Designer	3	3	0	0	0
Esthetician	3	3	2	0	2
Sergeant major	3	3	1	0	1
Cavalryman	3	3	3	0	3
Fencing master	3	3	3	0	3
SEO Specialist	3	3	0	0	0
Rob Gibsun	3	3	1	0	1
Divemaster	3	3	1	1	2
Recruitment Consultant	3	3	1	0	1
Oil Executive	3	3	3	0	3
Coach (m/0bwcwdg)	3	3	0	0	0
Production Department Manager	3	3	1	0	1
Cornerman	3	3	3	0	3
Aditional Makeup Artist	3	3	0	0	0
Impostor	3	3	1	0	1
Chamber-maid	3	3	1	0	1
Assistant Director (Profession)	3	3	0	0	0
Babysitter	3	3	2	0	2
Comb maker	3	3	1	0	1
Prosthetics Technician	3	3	0	0	0
Floral Designer	3	3	3	0	3
Technical Support	3	3	0	0	0
uk glamour model	3	3	1	0	1
Broadway Producer	3	3	2	0	2
Environmental Health Scientist	3	3	2	0	2
Housemaster	3	3	3	0	3
set designer	3	3	0	0	0
Medical Anthropologist	3	3	1	0	1
Machine Tool operator	3	3	2	0	2
Marketeer	3	3	1	0	1
Courier	3	3	1	0	1
Kannushi	3	3	2	0	2
English Professor	3	3	2	0	2
Muckraker	3	3	1	0	1
Headmaster	3	3	2	0	2
Nurse educator	3	3	2	0	2
Travel photographer	3	3	2	0	2
Theatre Instructor	3	3	1	0	1
Prosthetic Artist	3	3	0	0	0
Fishmonger	3	3	2	0	2
Fence	3	3	1	0	1
Gymnastics Teacher	3	3	3	0	3
Country Doctor	3	3	2	0	2
Negative Cutter	3	3	2	0	2
Farrier	3	3	2	0	2
Human Resources Manager	3	3	2	0	2
Muezzin	3	3	3	0	3
Army	3	3	2	0	2
Driving instructor	3	3	1	0	1
Animatronic Designer	3	3	0	0	0
Music Librarian	3	3	2	0	2
Compositing Artist	3	3	0	0	0
local politician	3	3	1	0	1
hedge fund manager	3	3	1	0	1
Paraprofessional	3	3	2	0	2
Video Camera Operator	3	3	2	0	2
Regent	3	3	3	0	3
Naval historian	3	3	0	0	0
Supervising Sound Mixer	3	3	0	0	0
Wardrobe Stylist	3	3	0	0	0
Glazier	3	3	3	0	3
Ceramist	3	3	0	0	0
theater production assistant	3	3	0	0	0
noblewoman	3	3	2	0	2
Organic Chemist	3	3	1	0	1
Bowyer	3	3	0	0	0
Aircraft maintenance technician	3	3	3	0	3
Shooting coach	3	3	2	0	2
Book Artist	3	3	0	0	0
Layout Supervisor	3	3	0	0	0
Legal analyst	3	3	2	0	2
Dubbing Supervisor	3	3	0	0	0
Teaching artist	3	3	0	0	0
Caver	3	3	1	0	1
Cutman	3	3	1	0	1
Gamekeeper	3	3	3	0	3
Visual Effects Concept Artist	3	3	0	0	0
Vocal Arranger	3	3	2	0	2
Guerrilla marketing	3	3	0	0	0
Assistant Dialogue Editor	3	3	0	0	0
Contact Lens Technician	3	3	1	0	1
Digital Matte Painter	3	3	0	0	0
Elevator operator	3	3	3	0	3
Road agent	3	3	2	0	2
Showrunner	3	3	2	0	2
Second Boom Operator	3	3	0	0	0
Legal writer	3	3	1	0	1
Motion Graphics Artist	3	3	0	0	0
Paleoanthropologist	3	3	1	0	1
Costume Coordinator	3	3	0	0	0
Project Management Professional	3	3	0	0	0
Secret Intelligence Service officer	3	3	1	0	1
Non-commissioned officer	3	3	3	0	3
Assayer	3	3	1	0	1
Molecular Geneticist	3	3	1	0	1
College Student	3	3	2	0	2
Visual Effects Technical Director	3	3	0	0	0
Model Supervisor	3	3	0	0	0
Classical Scholar	3	3	0	0	0
Sound Studio Manager	3	3	0	0	0
Make-Up/Hair Artist	3	3	0	0	0
Surgical technologist	3	3	2	0	2
Police inspector	3	3	3	0	3
Geological engineer	3	3	1	0	1
Production Secretary	3	3	1	0	1
Sound Recording and Reproduction	3	3	0	0	0
Papyrologist	3	3	0	0	0
Internet celebrity	3	3	1	0	1
Fire Marshal	3	3	1	0	1
Merchant navy	3	3	3	0	3
Public Health Physician	3	3	1	0	1
Environmental Writer	3	3	2	0	2
Karate Instructor	3	3	2	0	2
Agricultural Economist	3	3	2	0	2
Java Developer	3	3	3	0	3
Special Effects Laborer	3	3	0	0	0
Stunt pilot	3	3	2	0	2
Groom	3	3	2	0	2
Electrician (Profession) #12	3	3	0	0	0
Business Proprietor	3	3	3	0	3
Mercer	3	3	2	0	2
Toy maker	3	3	1	0	1
Professor Emerita	3	3	1	0	1
Repairman	3	3	3	0	3
Human Rights Organizer	3	3	1	0	1
Professional Wrestling Booker	3	3	3	0	3
Electrical contractor	3	3	1	0	1
Digital Producer	3	3	0	0	0
Stationary engineer	3	3	2	0	2
Woodcutter	3	3	1	0	1
Dramaturgist	3	3	2	0	2
Embroiderer	3	3	0	0	0
Ballet	3	3	0	0	0
Geisha	3	3	2	0	2
Visual Effects Specialist	3	3	1	0	1
Hymnist	3	3	0	0	0
Digital Set Designer	3	3	0	0	0
System Engineer	3	3	0	0	0
Food Historian	3	3	1	0	1
Rose Breeding	3	3	0	0	0
Clasics Violin Teacher	3	3	3	0	3
Events Organiser	3	3	2	0	2
Patronage	3	3	1	0	1
Staff	3	3	1	0	1
Java LOP	3	3	2	0	2
Assassin	3	3	0	0	0
Soubrette	3	3	3	0	3
Tinsmith	3	3	2	0	2
Mycologist	3	3	1	0	1
Tobacconist	3	3	3	0	3
Eye care professional	3	3	2	0	2
Shoemaking	3	3	2	0	2
Attaché	3	3	3	0	3
Character Rigging Supervisor	3	3	0	0	0
Cavalry	3	3	1	0	1
Church musician	3	3	1	0	1
Costermonger	3	3	3	0	3
Yacht designer	3	3	3	0	3
Architectural designer	3	3	1	0	1
Castellan	3	3	3	0	3
Office management	3	3	1	0	1
Sound Sculptor	3	3	0	0	0
Reconnaissance	3	3	1	0	1
Art department	3	3	1	0	1
Chief mate	3	3	2	0	2
School superintendent	3	3	2	0	2
Wrestling Booker	3	3	2	0	2
Sound Effects Technician	3	3	0	0	0
Assistant Production Manager	3	3	0	0	0
Pilot officer	3	3	3	0	3
Key Animator	3	3	0	0	0
Party organizer	3	3	1	0	1
Online Editor	3	3	1	0	1
Goatherd	3	3	1	0	1
Wordpress Developer	3	3	2	0	2
Scribe	3	3	2	0	2
Head Master	3	3	3	0	3
Classical Music Producer	3	3	1	0	1
Elder	3	3	1	0	1
Sound Mixing Recordist	3	3	0	0	0
Animation Checker	3	3	0	0	0
Pharmacy technician	3	3	2	0	2
Nuclear Engineer	3	3	2	0	2
Scanning & Recording Operator	3	3	0	0	0
Diocesan bishop	3	3	1	0	1
Moneylender	3	3	2	0	2
Flight test engineer	3	3	1	0	1
Effects Artist	3	3	0	0	0
School Aide	3	3	2	0	2
Brewmaster	3	3	1	0	1
Conveyancer	3	3	0	0	0
Mason	3	3	2	0	2
Tanner	3	3	0	0	0
Special Effects Key	3	3	0	0	0
Colonel (Military rank) #36	3	3	1	0	1
Aquanaut	3	3	3	0	3
Rigging Supervisor	3	3	0	0	0
Able seaman	3	3	1	0	1
Yodeler	3	3	0	0	0
Video game design	3	3	0	0	0
Basketball Analyst	3	3	3	0	3
Digital Paint Supervisor	3	3	0	0	0
Music Collector	3	3	1	0	1
Entrepreneur (Profession) #6	3	3	2	0	2
Swimming Teacher	3	3	2	0	2
Online Marketing Executive	3	3	1	0	1
Franciscan Friar	3	3	0	0	0
Knight	3	3	2	0	2
Millwright	3	3	0	0	0
Paint Artist	3	3	3	0	3
Masseur	3	3	1	0	1
Additional Sound Recordist	3	3	0	0	0
Assistant Costume Designer	3	3	1	0	1
Mediator	3	3	1	0	1
Mathematical Physicist	3	3	2	0	2
Information technology	3	3	1	0	1
Senior lieutenant	3	3	3	0	3
Make-up artist	3	3	1	0	1
Commodity broker	3	3	1	0	1
Image consultant	3	3	2	0	2
Plant Biologist	3	3	1	0	1
Doctor	3	3	0	0	0
Special Effects Set Supervisor	3	3	0	0	0
Professional Wrestling Promoter	3	3	2	0	2
Online marketing consultant specializing in SEO	3	3	3	0	3
Entertainment journalism	2	2	0	0	0
Health Care Leader	2	2	0	0	0
Conceptual Designer	2	2	1	0	1
Bull Rider	2	2	0	0	0
Additional Sound Re-recording Mixer	2	2	0	0	0
Commissioner of the NBA	2	2	2	0	2
Psycholinguist	2	2	1	0	1
Narrative Journalist	2	2	0	0	0
Praetorian prefect	2	2	1	0	1
Digital Effects Director	2	2	0	0	0
Camera Department	2	2	0	0	0
Special Effects Art Director	2	2	0	0	0
Leather Worker	2	2	2	0	2
Optical Cameraman	2	2	0	0	0
T.V. Writer	2	2	0	0	0
Labour law	2	2	0	1	1
Labor Relations Negotiator	2	2	2	0	2
Sound Re-recording Assistant	2	2	0	0	0
Strength and conditioning coach	2	2	0	0	0
Open source/Internet technologist	2	2	1	0	1
Chartered Financial Analyst	2	2	1	0	1
Digital Marketing Strategist (Job title)	2	2	1	0	1
Social Policy Analyst	2	2	1	0	1
Prop Driver	2	2	0	0	0
Plasterer	2	2	1	0	1
Nursemaid	2	2	1	0	1
Theoretical physics	2	2	0	0	0
Footman	2	2	1	0	1
burglar	2	2	1	0	1
Stamp designer	2	2	1	0	1
Bellhop	2	2	1	0	1
Vocal Producer	2	2	1	0	1
Video Operator	2	2	0	0	0
Special Sound Effects	2	2	0	0	0
Cognitive Psychologist	2	2	1	0	1
Post-Production Sound	2	2	0	0	0
independent researcher	2	2	0	0	0
Drayman	2	2	0	0	0
Match Move Artist	2	2	0	0	0
Social entrepreneurship	2	2	1	0	1
Visual Effects Accountant	2	2	0	0	0
Lead Compositor	2	2	0	0	0
Picture Car Coordinator	2	2	0	0	0
Supervisor Sound Designer	2	2	0	0	0
Visual Effects Intern	2	2	0	0	0
Atmospheric scientist	2	2	1	0	1
Surgeon's assistant	2	2	1	0	1
Charge Scenic Artist	2	2	1	0	1
Milkmaid	2	2	1	0	1
People's Artist of Ukraine	2	2	2	0	2
Corrector	2	2	1	0	1
Plantation owner	2	2	1	0	1
Audio Designer	2	2	0	0	0
Mother	2	2	2	0	2
Singing	2	2	1	0	1
Marketing and Advertising	2	2	1	0	1
Mobile application development	2	2	0	0	0
Parson	2	2	1	0	1
Hair Consultant	2	2	0	0	0
Enterprise architect	2	2	0	0	0
Stand-in	2	2	0	0	0
Engineering technician	2	2	0	0	0
Dry cleaning	2	2	2	0	2
Herald	2	2	2	0	2
Special Effects Consultant	2	2	0	0	0
Bullocky	2	2	0	0	0
Clothier	2	2	2	0	2
Nailist	2	2	2	0	2
Hawker	2	2	1	0	1
Indian Police Service	2	2	0	0	0
Majordomo	2	2	2	0	2
Art Conservator	2	2	2	0	2
Esotericism	2	2	0	0	0
Makeup Effects Supervisor	2	2	0	0	0
Final Sound Mixer	2	2	0	0	0
Computer operator	2	2	2	0	2
Special Effects Accountant	2	2	0	0	0
Technical Supervisor	2	2	0	0	0
Airshow pilot	2	2	0	0	0
Mechanical Designer	2	2	0	0	0
Civilian contractor	2	2	2	0	2
Key Special Effects Makeup Artist	2	2	0	0	0
Mold/Technical Department	2	2	0	0	0
Wakeboarder	2	2	1	0	1
Fugitive	2	2	1	0	1
Extras casting	2	2	1	0	1
Senior Consultant	2	2	1	0	1
Post Production Mixer	2	2	1	0	1
Miniature Supervisor	2	2	0	0	0
Night Club Owner	2	2	1	0	1
Inferno Artist	2	2	0	0	0
Foreign Policy Analyst	2	2	0	0	0
Game director	2	2	0	0	0
Digital Visual Effects Artist	2	2	0	0	0
Guitar technician	2	2	0	0	0
Special Effects Buyer	2	2	0	0	0
Transient laborer	2	2	1	0	1
Property designer	2	2	0	0	0
Soundman	2	2	0	0	0
On-Set Decorator	2	2	0	0	0
Marine Conservationist	2	2	1	0	1
Executive Secretary	2	2	1	0	1
Stonecutter	2	2	2	0	2
Shipping Clerk	2	2	2	0	2
Pawnbroker	2	2	2	0	2
Literary science	2	2	2	0	2
Mine Owner	2	2	1	0	1
Churchman	2	2	1	0	1
Production Buyer	2	2	0	0	0
Strongwoman	2	2	0	0	0
Jazz Historian	2	2	0	0	0
Horse trader	2	2	2	0	2
Food stylist	2	2	2	0	2
Legal executive	2	2	0	0	0
Defense policy analyst	2	2	2	2	2
Certified Arborist	2	2	2	0	2
Roto/Paint Artist	2	2	0	0	0
Rigging Technical Director	2	2	0	0	0
Population Geneticist	2	2	0	0	0
Hobo	2	2	1	0	1
Imaging Supervisor	2	2	0	0	0
Certified Fraud Examiner	2	2	1	0	1
Theatre Publicist	2	2	1	0	1
Visual Effects Data Operator	2	2	0	0	0
Digital Paint Artist	2	2	0	0	0
Botonist	2	2	2	0	2
Gambist	2	2	2	0	2
Research Chemist	2	2	2	0	2
State Attorney	2	2	2	0	2
Council Worker	2	2	2	0	2
Human Rights Investigator	2	2	0	0	0
Glovemaker	2	2	2	0	2
Kung Fu Instructor	2	2	2	0	2
Real Estate Appraiser	2	2	2	0	2
General Manager, Automotive	2	2	0	0	0
Distillery Worker	2	2	2	0	2
Visual Effects Generalist	2	2	0	0	0
Quantum chemist	2	2	2	0	2
Nature Historian	2	2	1	0	1
Research Physician	2	2	0	0	0
Department Chair	2	2	2	0	2
Sketch Artist	2	2	2	0	2
CG Effects Supervisor	2	2	0	0	0
Senior Hair Stylist	2	2	0	0	0
Senior Makeup Artist	2	2	0	0	0
Hand model	2	2	0	0	0
On-Set Props	2	2	0	0	0
Stereoscopic Supervisor	2	2	0	0	0
Information architecture	2	2	0	0	0
Slave Trader	2	2	1	0	1
Mortician	2	2	1	0	1
Community Developer	2	2	0	0	0
Magic consultant	2	2	1	0	1
Mohel	2	2	0	0	0
Mayanist	2	2	0	0	0
Music Programmer	2	2	1	1	1
Film Consultant	2	2	0	0	0
/m/05hj__k	2	2	0	0	0
Civil Rights Lawyer	2	2	1	0	1
Effects Technical Director	2	2	0	0	0
Financial manager	2	2	0	0	0
Education Reform Leader	2	2	0	0	0
Personal Hair Stylist	2	2	1	0	1
Hair Supervisor	2	2	0	0	0
Tram Driver	2	2	1	0	1
Web & Graphic Designer	2	2	0	0	0
Chiropractic	2	2	0	0	0
Signing agent	2	2	0	0	0
Caseworker	2	2	0	0	0
Robber	2	2	1	0	1
Scientific equipment optician	2	2	0	0	0
Special Effects Cooridinator	2	2	0	0	0
Special Effects Creator	2	2	1	0	1
Early childhood educator	2	2	1	0	1
Family dentistry	2	2	0	0	0
Real estate lawyer	2	2	0	0	0
Economic Development Strategist	2	2	0	0	0
Programming Language Designer	2	2	0	0	0
Meat Packer	2	2	2	0	2
Sheriff officer	2	2	1	0	1
peasant farmer	2	2	2	0	2
Receiver general	2	2	2	0	2
Art Department Production Assistant	2	2	0	0	0
Wildlife Photographer	2	2	0	0	0
Scoring Mixer	2	2	1	0	1
Rotoscope Artist	2	2	0	0	0
Mural Painter	2	2	1	0	1
Concept Designer	2	2	0	0	0
Stage Engineer	2	2	0	0	0
Outreach worker	2	2	2	0	2
port worker	2	2	2	0	2
Enzymologist	2	2	2	0	2
Aero-Space Engineer	2	2	2	0	2
Racehorse owner	2	2	0	0	0
Patriarch	2	2	1	0	1
Chartered Certified Accountant	2	2	0	0	0
Graphic design	2	2	0	0	0
Guest speaker	2	2	2	0	2
Systems Administrator	2	2	0	0	0
Social Media Marketing (Industry)	2	2	0	0	0
Dairy owner	2	2	2	0	2
Music Scoring Mixer	2	2	0	0	0
Wardrobe Coordinator	2	2	0	0	0
Plantation Overseer	2	2	2	0	2
Body double	2	2	1	0	1
Cryptologist	2	2	0	0	0
Frame Gilder	2	2	2	0	2
Terrorist	2	2	1	0	1
Wheelwright	2	2	2	0	2
Chief inspector	2	2	2	0	2
Returning officer	2	2	1	0	1
Post Production Assistant	2	2	0	0	0
Beamter	2	2	0	0	0
Taxonomist	2	2	1	0	1
Guitar & bass teacher	2	2	0	0	0
Day trader	2	2	1	0	1
Speculator	2	2	1	0	1
General Manager	2	2	2	0	2
ADR Re-recordist	2	2	0	0	0
Copy typist	2	2	1	0	1
3D Effects Artist	2	2	0	0	0
Quartermaster sergeant	2	2	2	0	2
Environmental Policy Analyst	2	2	0	0	0
Petrologist	2	2	0	0	0
Science education	2	2	2	0	2
Additional Sound Effects Editor	2	2	0	0	0
Special Makeup Designer	2	2	0	0	0
Signwriter	2	2	1	0	1
IT Business Consultant	2	2	0	0	0
Pyrotechnics Supervisor	2	2	1	0	1
Effects Coordinator	2	2	0	0	0
Dresser	2	2	2	0	2
UI Designer	2	2	1	0	1
Penologist	2	2	2	0	2
Train Crew	2	2	1	0	1
Packer	2	2	1	0	1
Mud engineer	2	2	2	0	2
Artillery Officer	2	2	2	0	2
Prima donna	2	2	1	0	1
Costume Production Assistant	2	2	0	0	0
Benshi	2	2	2	0	2
Numismatics	2	2	0	0	0
Ragtime Pianist	2	2	1	0	1
Health visitor	2	2	2	0	2
Pharmaceutical Entrepreneur	2	2	1	0	1
Legal philosopher	2	2	1	0	1
Peking opera	2	2	2	0	2
Manhwa creator	2	2	0	0	0
Employment counsellor	2	2	2	0	2
Motorcycle Builder	2	2	1	0	1
Acupuncturist	2	2	1	0	1
Brigadier	2	2	2	0	2
Sexton	2	2	1	0	1
Advertising	2	2	0	0	0
Visual Effects Gaffer	2	2	0	0	0
Imagineer	2	2	1	0	1
Child care worker	2	2	1	0	1
tester	2	2	1	0	1
Optical Supervisor	2	2	0	0	0
Sonar technician	2	2	0	0	0
Digital Intermediate Colorist	2	2	0	0	0
Stage mother	2	2	2	0	2
Animatronic Effects Supervisor	2	2	1	0	1
Religious Judge	2	2	2	0	2
Lifecaster	2	2	0	0	0
Hospital Attendant	2	2	2	0	2
Education Technology	2	2	0	0	0
animation timer	2	2	0	0	0
Project manager	2	2	0	0	0
Science-fiction author	2	2	1	0	1
Mathematics Educator	2	2	0	0	0
Voting Rights Advocate	2	2	0	0	0
Special Needs Counsellor	2	2	2	0	2
Acupuncture	2	2	1	0	1
Race caller	2	2	0	0	0
Paint Coordinator	2	2	0	0	0
Population Biologist	2	2	2	0	2
SEO Expert	2	2	0	0	0
President of Calvin College	2	2	2	0	2
Computer Network Engineer	2	2	1	0	1
Nurse anesthetist	2	2	1	0	1
Financial Services	2	2	1	0	1
Smelter	2	2	1	0	1
geodesist	2	2	1	0	1
Plant collector	2	2	0	0	0
Career counseling	2	2	0	0	0
Baby farming	2	2	0	0	0
Carpet cleaning	2	2	1	0	1
Surf Instructor	2	2	1	0	1
Mechanician	2	2	1	0	1
Sound Transferer	2	2	0	0	0
Zen master	2	2	1	0	1
Otolaryngologist	2	2	2	0	2
Startup Founder	2	2	1	1	2
Epistemologist	2	2	1	0	1
Paymaster	2	2	1	0	1
Computer game designer	2	2	1	0	1
Chocolatier	2	2	1	0	1
Stained Glass Artist	2	2	2	0	2
Professional farter	2	2	0	0	0
Special Effects Cinematographer	2	2	0	0	0
American Historian	2	2	1	0	1
Personal chef	2	2	2	0	2
AdWords	2	2	0	0	0
Con Artist	2	2	0	0	0
Music journalism	2	2	0	0	0
Army Doctor	2	2	0	0	0
Landscape painter	2	2	1	0	1
Action Coordinator	2	2	0	0	0
User interface design	2	2	1	0	1
Historian of Philosophy and Religion	2	2	2	0	2
Bishop of Iceland	2	2	2	0	2
Energy Analyst	2	2	0	0	0
IT service management	2	2	1	0	1
Sound Maintenance Engineer	2	2	0	0	0
Lighthouse keeper	2	2	0	0	0
Environmental scientist	2	2	1	0	1
Production Illustrator	2	2	0	0	0
Pizza delivery person	2	2	1	0	1
Developmental Psychologist	2	2	0	0	0
Tax Preparer	2	2	2	0	2
Marketing Manager	2	2	1	0	1
Dhalang	2	2	1	0	1
Executive Coach	2	2	0	0	0
Gensaku-sha	2	2	0	0	0
Public information officer	2	2	1	0	1
Assistant Re-Recording Mixer	2	2	0	0	0
Special Effects Mechanical Designer	2	2	0	0	0
Makeup Stylist	2	2	0	0	0
Critical care nurse	2	2	1	0	1
Woman	2	2	2	0	2
Second Assistant Director	2	2	0	0	0
Master craftsman	2	2	0	0	0
Visual Designer	2	2	0	0	0
Sweeper	2	2	0	0	0
Architectural Sculptor	2	2	1	0	1
Optical Physicist	2	2	1	0	1
American Soldier	2	2	0	0	0
Leon Youngblood Sr	2	2	2	0	2
Secret police	2	2	2	0	2
Medical sociologist	2	2	1	0	1
Graphic Effects Artist	2	2	0	0	0
Information graphic designer	2	2	1	0	1
Assistant Teacher	2	2	2	0	2
Co-Founder	2	2	0	0	0
Politician & Trade Unionist	2	2	1	0	1
Mobile Web	2	2	1	0	1
Medicine	2	2	0	0	0
Search Marketing Consultant	2	2	1	0	1
Marketing	2	2	0	0	0
Media Training	2	2	0	0	0
Founder and Chief Creative Director	2	2	0	0	0
Computer Engineering	2	2	1	0	1
Industrial Artist	2	2	0	0	0
Body man	2	2	1	0	1
Respiratory Therapist	2	2	2	0	2
Pilgrim Fathers	2	2	2	0	2
Porcelain painter	2	2	2	0	2
Digital Restoration Artist	2	2	0	0	0
Supervising Re-Recording Mixer	2	2	0	0	0
Arms Control Analyst	2	2	1	0	1
Theatrical Agent	2	2	2	0	2
Actress	2	2	0	0	0
3D and CG Supervisor	2	2	0	0	0
Special Sound Effects Editor	2	2	0	0	0
Pub Owner	2	2	2	0	2
Art Coordinator	2	2	0	0	0
Public Health Leader	2	2	0	0	0
Railway Conductor	2	2	1	0	1
Cattle Dealer	2	2	1	0	1
Assistant ADR Editor	2	2	0	0	0
Assistant Producer	2	2	0	0	0
Bicycle mechanic	2	2	1	0	1
Feldsher	2	2	1	0	1
Growth hacking	2	2	0	0	0
Prostitution	2	2	1	0	1
IT Analyst	2	2	0	0	0
Film Scanning And Recording Supervisor	2	2	0	0	0
Lead CGi Artist	2	2	0	0	0
Policy Consultant	2	2	2	0	2
Pipeline Technical Director	2	2	0	0	0
Wine Expert	2	2	1	0	1
professional speaker	2	2	0	0	0
Pilot trainer	2	2	2	0	2
Parasitologist	2	2	0	0	0
Coppersmith	2	2	2	0	2
Drumline Instructor	2	2	0	0	0
Puzzle designer	2	2	1	0	1
Marketing Specialist	2	2	1	0	1
Sport psychologist	2	2	1	0	1
Builder	2	2	2	0	2
Additional Re-Recording Mixer	2	2	0	0	0
Lector	2	2	1	0	1
Sound Dubbing Mixer	2	2	0	0	0
Titular ruler	2	2	1	0	1
Lepidopterist	2	2	2	0	2
Semi-Professional Boxer	2	2	1	0	1
m/0_rbpsl	2	2	1	0	1
Legal nurse consultant	2	2	2	0	2
Post-Audio Mixer	2	2	0	0	0
Medical Physicist	2	2	0	0	0
Key Mechanical Designer	2	2	0	0	0
Ironmonger	2	2	1	0	1
Canal engineer	2	2	2	0	2
Events Manager	2	2	0	0	0
Apprentice Sound Editor	2	2	0	0	0
Judicial officer	2	2	2	0	2
Test engineer	2	2	1	0	1
Animal nutritionist	2	2	1	0	1
Structural biologist	2	2	1	0	1
Sofer	2	2	1	0	1
Insurance Employee	2	2	2	0	2
Meat cutter	2	2	2	0	2
Broadcaster/Writer/ Curator	2	2	0	0	0
Head coach	2	2	1	0	1
Pediatric Hematologist	2	2	0	0	0
Caïd	2	2	2	0	2
Software Specialist	2	2	1	0	1
Digital Lab Supervisor	2	2	0	0	0
Online Advertising Manager	2	2	1	0	1
Piano tuner	2	2	1	0	1
Assistant Animator	2	2	0	0	0
Pipeline Supervisor	2	2	0	0	0
Lord Mayor of Cork	2	2	1	0	1
Defender	2	2	0	0	0
Adjunct Professor	2	2	2	0	2
Creature And Makeup Effects Designer	2	2	0	0	0
g/11x7vlvq0	2	2	0	0	0
Certification mark	2	2	0	0	0
Quality management	2	2	0	0	0
Affiliate	2	2	1	0	1
Healthcare scientists	2	2	0	0	0
P.R.O, Writer	1	1	1	0	1
Perfusionist	1	1	0	0	0
Payroll (Profession)	1	1	1	0	1
Playback Mixer	1	1	0	0	0
Surfacing Artist	1	1	0	0	0
Manager Of Sound Services	1	1	0	0	0
Concept Art Director	1	1	0	0	0
Texture Supervisor	1	1	0	0	0
Khatib	1	1	0	0	0
Hetaira	1	1	1	0	1
Husbandman	1	1	0	0	0
Boom operator	1	1	0	0	0
Senior Tax Administrator	1	1	0	0	0
Chess problem composer	1	1	0	0	0
Makeup Department	1	1	0	0	0
Set Teacher	1	1	0	0	0
Lead Matchmove	1	1	0	0	0
Onomastician	1	1	0	0	0
Toponymist	1	1	0	0	0
Marketing Manger	1	1	0	0	0
Historian of the Book	1	1	0	0	0
Broadcast Assistant	1	1	1	0	1
Auxiliary bishop	1	1	1	0	1
Costume Runner	1	1	0	0	0
m/010hblk4	1	1	0	0	0
Sultan of Egypt	1	1	1	0	1
Public transport planning	1	1	0	0	0
Supervising Compositor	1	1	0	0	0
Music Coordinator (Film job) #1	1	1	1	0	1
Materials engineer	1	1	0	0	0
Fitter and turner	1	1	1	0	1
Fabrication Supervisor	1	1	0	0	0
Senior Software Engineer	1	1	0	0	0
Senior Systems Administrator	1	1	0	0	0
primary school headmaster	1	1	1	0	1
Bencher	1	1	0	0	0
Recorder (Judicial title)	1	1	0	0	0
Actor (Profession) #153	1	1	0	0	0
Jackaroo (Profession)	1	1	0	0	0
Director of Growth, Customer Acquisition, & Online Marketing	1	1	1	0	1
Neuromuscular Dentist	1	1	0	0	0
Recording Supervisor	1	1	1	0	1
Master Quarrier	1	1	1	0	1
Developer	1	1	1	0	1
Turner (Profession)	1	1	1	0	1
Brand Manager	1	1	0	0	0
Classical Indian Music Performer	1	1	1	0	1
Mixed Media Artist	1	1	1	0	1
Interpreter (m/012g5cvv)	1	1	0	0	0
Cosmetics	1	1	1	0	1
Handmade soap	1	1	1	0	1
Soap Maker	1	1	1	0	1
Special Effects Interpreter	1	1	0	0	0
Naval Inspector General	1	1	1	0	1
Educational Design	1	1	0	0	0
carcinologist	1	1	1	0	1
actor (Profession) #3	1	1	0	0	0
Nutritional Therapist	1	1	1	0	1
School Secretary	1	1	1	0	1
Pet psychic	1	1	0	0	0
Alexander Technique Teacher	1	1	1	0	1
Information activism	1	1	0	0	0
Nagarvadhu	1	1	0	0	0
Additional Graphic Artist	1	1	0	0	0
Post Audio Coordinator	1	1	0	0	0
Genetics Counselor	1	1	1	0	1
Sound Mastering	1	1	0	0	0
Bidding Producer	1	1	0	0	0
IT Strategy Consulting	1	1	0	0	0
SEO Project Manager	1	1	1	0	1
Professional diving	1	1	0	1	1
Digital Intermediate Retouch	1	1	0	0	0
Hotel Development	1	1	1	0	1
CTO	1	1	0	0	0
Marketing management	1	1	0	0	0
Trauma Prevention Specialist	1	1	0	0	0
Neuromarketing	1	1	1	0	1
Research & Development Technical Director	1	1	0	0	0
male-nurse	1	1	0	0	0
Documentalist	1	1	1	0	1
Diamantaire	1	1	1	0	1
Forager (Profession)	1	1	0	0	0
Visual arts education	1	1	0	0	0
Location scouting	1	1	0	0	0
Nursing Professor	1	1	1	0	1
Set Artist	1	1	0	0	0
Real Tennis Professional	1	1	1	0	1
Drag Queen Promoter	1	1	0	0	0
Communications Executive	1	1	1	0	1
Commemorative Artist	1	1	0	0	0
Stall Manager	1	1	1	0	1
Diagnostic radiographer	1	1	1	0	1
Hospital corpsman	1	1	1	0	1
Colour Supervisor	1	1	0	0	0
VFX creative director	1	1	1	0	1
Professional Wrestler - Chris	1	1	0	0	0
Schauspieler (m/0lbhrqq)	1	1	0	0	0
First assistant camera	1	1	0	0	0
Wildcatter	1	1	1	0	1
Voice Recordist	1	1	0	0	0
Professional modelling for fashion & beauty	1	1	0	0	0
Business Commando	1	1	0	0	0
Field recordist	1	1	0	0	0
Data Scientist	1	1	0	0	0
Night auditor	1	1	0	0	0
Gas Meter Reader	1	1	1	0	1
Duty solicitor	1	1	1	0	1
Director, News and Current Affairs	1	1	0	0	0
Marketing & Education Manager	1	1	1	0	1
Paint Supervisor	1	1	0	0	0
Historian of Economics	1	1	0	0	0
Paleoclimatologist	1	1	0	0	0
INGENIEUR DEVELOPPEUR WEB	1	1	0	0	0
Farm Labor Leader	1	1	0	0	0
Guitar Teacher	1	1	0	1	1
Silent Film Actress	1	1	1	0	1
Moldmaker	1	1	0	0	0
Solutions Architect	1	1	0	0	0
eulogy reciter	1	1	0	0	0
Technical librarian	1	1	1	0	1
Periodista	1	1	0	0	0
Education Network Manager	1	1	0	0	0
Nanotechnology	1	1	0	0	0
Organic chemistry	1	1	0	0	0
Woodsman	1	1	0	0	0
Motion Capture Pipeline Tech Director	1	1	0	0	0
Producer (Profession) #4	1	1	0	0	0
Journeyman	1	1	0	0	0
supermarket executive	1	1	1	0	1
Magasinier	1	1	1	0	1
Keyboard Instrument Collector	1	1	0	0	0
United States Post Office Department	1	1	1	0	1
FLMI	1	1	1	0	1
Associate Artistic Director	1	1	0	0	0
Domestic cleaner	1	1	1	0	1
Receptionist	1	1	1	0	1
Public Service Innovator	1	1	0	0	0
Social Entrepreneur	1	1	0	0	0
Background Key Painter	1	1	0	0	0
Consulting Visual Effects Supervisor	1	1	0	0	0
Trend Forecaster	1	1	0	0	0
Fluffer	1	1	0	0	0
Public librarian	1	1	0	0	0
Special Effects Auditor	1	1	0	0	0
Rural Mail Carrier	1	1	1	0	1
water poloist	1	1	0	0	0
Exterminator (Profession)	1	1	0	0	0
Light Artist	1	1	1	0	1
Child Psychologist	1	1	1	0	1
Test driver	1	1	0	0	0
Party Planner	1	1	1	0	1
Goalkeeper	1	1	0	0	0
Assistant Sound Re-Recording Mixer	1	1	0	0	0
Fireater	1	1	0	0	0
filmmaker, fixer, tourguide	1	1	0	0	0
Transfer Recordist	1	1	0	0	0
School Inspector	1	1	1	0	1
Digital Artist Supervisor	1	1	0	0	0
Effects Animation Supervisor	1	1	0	0	0
Model Project Supervisor	1	1	0	0	0
Modelmaking Supervisor	1	1	0	0	0
Fashion editor	1	1	0	0	0
Render Wrangler	1	1	0	0	0
Golf instruction	1	1	0	0	0
Disaster Prevention Specialist	1	1	0	0	0
actress	1	1	0	0	0
On-Set Costumer	1	1	0	0	0
Pediatric nurse practitioner	1	1	1	0	1
Clay animator	1	1	0	0	0
Management Consultant	1	1	0	0	0
Lightworker	1	1	1	0	1
Digital Color Timing Supervisor	1	1	0	0	0
Tile Setter	1	1	1	0	1
Flame Artist	1	1	0	0	0
Women’s Healthcare Leader	1	1	0	0	0
Seal Inspector	1	1	1	0	1
CCTV Cameras	1	1	0	0	0
Cosmetic dentistry	1	1	0	0	0
Land and Farm Development Specialist	1	1	0	0	0
Special Effects Shop Supervisor	1	1	0	0	0
Pre-Visualization Supervisor	1	1	0	0	0
Day Player Makeup Artist	1	1	0	0	0
Technical Designer	1	1	0	0	0
Chief communications officer	1	1	0	0	0
Camera Technical Director	1	1	0	0	0
Assyriology	1	1	0	0	0
Prosthetics Lab Assistant	1	1	0	0	0
Firearms Enquiry Officer	1	1	0	0	0
Cosmetic Finisher	1	1	0	0	0
AIDS Policy Specialist	1	1	0	0	0
Loan Officer	1	1	1	0	1
Consultant Editor	1	1	0	0	0
Economic Development Leader	1	1	0	0	0
Commercial Actor	1	1	0	0	0
Digital Colorist Assist	1	1	0	0	0
City treasurer	1	1	1	0	1
Civil Rights Policy Analyst	1	1	0	0	0
Canine Professional	1	1	1	0	1
Fishing Guide	1	1	1	0	1
Outdoor Writer	1	1	1	0	1
Paniolo	1	1	0	0	0
Computer Designer (Film job)	1	1	0	0	0
3D Lighting Artist	1	1	0	0	0
3D Modeling Supervisor	1	1	0	0	0
Sexual surrogate	1	1	0	0	0
Speculative writer	1	1	1	0	1
Finance Manager	1	1	0	0	0
Tokoyama	1	1	1	0	1
Mathematics education	1	1	1	0	1
Commodore (Military rank) #5	1	1	1	0	1
Bird sanctuary worker	1	1	1	0	1
Raft guide	1	1	0	0	0
Special Effects Rigger	1	1	0	0	0
Disruptive innovation	1	1	1	0	1
Prefect (Profession)	1	1	1	0	1
Olivia (Film character) #43	1	1	0	0	0
Playboy Playmate (m/09nt2tx)	1	1	0	0	0
Art model	1	1	0	0	0
Bodypaint model	1	1	0	0	0
Exhibitionist	1	1	0	0	0
Photographer (Profession) #292	1	1	0	0	0
Thoroughbred Horse Trainer (g/11c3kjzd23)	1	1	0	0	0
Clinician (Profession) #1	1	1	0	0	0
Social engineer	1	1	0	0	0
Sound Facility Supervisor	1	1	0	0	0
Development executive	1	1	0	0	0
Hematopathology	1	1	0	0	0
Senior Member	1	1	1	0	1
Recording Mixer	1	1	0	0	0
E-tutor	1	1	0	0	0
Owner of bed and breakfast	1	1	0	0	0
Laser Engineer	1	1	0	0	0
Sound Facility Manager	1	1	0	0	0
Logistics PM	1	1	1	0	1
Match Mover	1	1	0	0	0
Props Buyer	1	1	0	0	0
Content strategy	1	1	0	0	0
actor (Profession) #9	1	1	0	0	0
Multireedist	1	1	0	0	0
Costume Master	1	1	0	0	0
Forensic genealogist	1	1	0	0	0
Flight-Adjutant	1	1	0	0	0
Head of New Media	1	1	1	0	1
Merchandise & IT	1	1	1	0	1
Digital Systems Guy	1	1	0	0	0
Contact Lens Designer/Painter	1	1	0	0	0
Stereoscopic Technical Director	1	1	0	0	0
Director (Profession) #178	1	1	0	0	0
Actor (Profession) #15	1	1	0	0	0
Ecommerce	1	1	0	0	0
Systems Librarian	1	1	0	0	0
Building Manager	1	1	1	0	1
Polygraph Examiner	1	1	1	0	1
Pullman porter	1	1	1	0	1
Imaginary Menagerie Manager	1	1	1	0	1
Digital Animation Supervisor	1	1	0	0	0
Ice cream van	1	1	0	0	0
Designer (Profession) #16	1	1	1	0	1
Business intelligence	1	1	1	0	1
Professional Voice Artist and Filmmaker	1	1	1	0	1
Civic engagement	1	1	0	0	0
Cg Modeler	1	1	0	0	0
Director (Profession) #247	1	1	0	0	0
Energy Conservation Specialist	1	1	0	0	0
Dental Prosthetist	1	1	0	0	0
Digital Colourist	1	1	0	0	0
Technology Transfer Innovator	1	1	0	0	0
Town supervisor	1	1	0	0	0
Letter cutting	1	1	0	0	0
Special Visual Effects Artist	1	1	0	0	0
Product	1	1	0	0	0
Commanding General, Multi-National Force - Iraq	1	1	1	0	1
Unkünstler	1	1	0	0	0
Chairman, Chivalry Democratic Party	1	1	1	0	1
Special Effects Electronics	1	1	0	0	0
Map Maker	1	1	1	0	1
Psychedelic art	1	1	1	0	1
Art Installer	1	1	0	0	0
Library Clerk	1	1	0	0	0
Audio Post Producer	1	1	0	0	0
Industrial Supplies Merchant Wholesalers	1	1	1	0	1
Best boy	1	1	0	0	0
Car Worker	1	1	1	0	1
Vehicle designer	1	1	0	0	0
Deli Manager	1	1	1	0	1
Actor (Profession) #138	1	1	0	0	0
Cytogeneticist	1	1	1	0	1
Education Strategist	1	1	0	0	0
Open Source Consultant	1	1	0	0	0
Deputy Group Chief Executive Officer and Managing Director	1	1	0	0	0
Wig Specialist	1	1	0	0	0
Humanitarian Coordinator	1	1	0	0	0
Interaction design	1	1	0	0	0
Safety engineer	1	1	1	0	1
Technical Animation Supervisor	1	1	0	0	0
Previsualization Designer	1	1	0	0	0
First Assistant Sound Editor	1	1	0	0	0
Chief police officer	1	1	0	0	0
Brand management	1	1	1	0	1
Texture & Lighting Supervisor	1	1	0	0	0
Television Advertising Broker	1	1	1	0	1
Storyboard Coordinator	1	1	0	0	0
Principal Scientist	1	1	0	0	0
Senior Director	1	1	0	0	0
Armatoloi	1	1	1	0	1
Doxographer	1	1	0	0	0
Scenic Special Effects	1	1	0	0	0
House music	1	1	0	0	0
Community mental health service	1	1	1	0	1
Computer security	1	1	0	0	0
Cultural Geographer	1	1	0	0	0
Jester	1	1	0	0	0
Dormitory Matron	1	1	1	0	1
Needleworker	1	1	0	0	0
Reproductive medicine	1	1	0	0	0
Traditional Chinese medicine	1	1	0	0	0
Paediatric cardiologist	1	1	0	0	0
Upper Cervical Chiropractor	1	1	0	0	0
U.S. Diplomat	1	1	0	0	0
Digerati	1	1	0	0	0
Marketing Management	1	1	0	0	0
Motion Control Camera Operator	1	1	0	0	0
writer	1	1	0	0	0
Tulku	1	1	1	0	1
Coadjutor bishop	1	1	0	0	0
Aerial Effects Supervisor	1	1	0	0	0
Prosthetic Lab Technician	1	1	0	0	0
Black model	1	1	0	0	0
Women's erotica	1	1	0	0	0
uk photographic models	1	1	0	0	0
Endodontist	1	1	0	0	0
Seashore Hotel	1	1	1	0	1
Clinical neurophysiology	1	1	0	0	0
Pediatric neurology	1	1	0	0	0
Benefactor	1	1	0	0	0
Grenadier	1	1	1	0	1
Special Effects Welder	1	1	0	0	0
Render I/O Administrator	1	1	0	0	0
Database manager	1	1	0	0	0
Agricultural Agent	1	1	1	0	1
Airline employee	1	1	1	0	1
Set Dressing Coordinator	1	1	0	0	0
Computer Linguist	1	1	0	0	0
Pro Tools Playback Mixer	1	1	0	0	0
machineworker	1	1	1	0	1
Director of Special Effects	1	1	1	0	1
Texture Paint Supervisor	1	1	0	0	0
Viewpaint Supervisor	1	1	0	0	0
Manciple	1	1	0	0	0
Lighting and Compositing Supervisor	1	1	0	0	0
Clinical Systems Analyst	1	1	1	0	1
Procuring	1	1	0	0	0
Occupational Therapy Educator	1	1	1	0	1
Surgical Nurse	1	1	1	0	1
Parlormaid	1	1	1	0	1
Location manager	1	1	0	0	0
Tibetan Studies Scholar	1	1	0	0	0
Coin Manufacturer	1	1	0	0	0
Senior RIA/UX developer	1	1	0	0	0
Writer & Actor	1	1	1	0	1
Drama Critic	1	1	1	0	1
Swing Gang	1	1	0	0	0
Archimandrite	1	1	1	0	1
Computational Biologist	1	1	1	0	1
Senior Animator	1	1	0	0	0
Hematology/Oncology	1	1	1	0	1
Casting Assistant	1	1	0	0	0
Makeup FX Artist	1	1	0	0	0
Interpreter (Profession) #39	1	1	0	0	0
Window cleaner	1	1	1	0	1
Supervising Foley Editor	1	1	0	0	0
Product Development Technologies	1	1	0	0	0
Aeronautics instructor	1	1	1	0	1
Brand Marketing	1	1	0	0	0
Budget Analyst	1	1	1	0	1
Special Effects Guns	1	1	0	0	0
Ufology	1	1	1	0	1
Process Photographer	1	1	0	0	0
Search Engine Marketing (Industry) #1	1	1	0	0	0
IT Manager	1	1	0	0	0
Actor (Profession) #18	1	1	0	0	0
Carmelite Friar	1	1	1	0	1
Supervising Makeup Artist	1	1	0	0	0
Federal Government of Canada	1	1	1	0	1
Carabinier	1	1	0	0	0
Web designer (m/051v6lh)	1	1	0	0	0
Buccaneer	1	1	1	0	1
Amanuensis	1	1	0	0	0
Corporate finance	1	1	0	0	0
Internet Media Production	1	1	0	0	0
Television creator	1	1	0	0	0
Celebrity Liaison	1	1	1	0	1
Special Effects Director Of Photography	1	1	0	0	0
Disaster-Relief Specialist	1	1	0	0	0
Cavalry Officer	1	1	1	0	1
Go professional	1	1	1	0	1
Special Effects Sculptor	1	1	0	0	0
Java Ripple	1	1	1	0	1
PR Expert	1	1	1	0	1
Hispanist	1	1	0	0	0
Stereo Sound Consultant	1	1	0	0	0
Newspaper Columnist	1	1	1	0	1
Charioteer (Literature Subject)	1	1	0	0	0
Wireless Network Specialist	1	1	0	0	0
Virtual Production Supervisor	1	1	0	0	0
Mold Maker	1	1	0	0	0
Di Producer	1	1	0	0	0
Professional Sailor	1	1	0	0	0
Mathematical Biologist	1	1	0	0	0
Stalker (Profession)	1	1	1	0	1
Fuel Oil Dealers	1	1	1	0	1
actor (Profession) #1	1	1	1	0	1
Drum Programmer	1	1	1	0	1
Molecular Developmental Biologist	1	1	0	0	0
Pizza Baker	1	1	0	0	0
Model Development Supervisor	1	1	0	0	0
Assistant Foley Artist	1	1	0	0	0
Sound Creator	1	1	0	0	0
Puroresu	1	1	1	0	1
Baron (Male Noble Rank)	1	1	1	0	1
Ambassador	1	1	1	0	1
Bow maker	1	1	0	0	0
writer-rector 'Academia of Arte	1	1	1	0	1
Church of Aphrodite	1	1	1	0	1
Special Stage Effects Creator	1	1	0	0	0
Biomedical Equipment Technician	1	1	1	0	1
The Music Mill - Co-Owner	1	1	1	0	1
Business Manager	1	1	1	0	1
Casting Department	1	1	0	0	0
Inferno Supervisor	1	1	0	0	0
Proofreader	1	1	1	0	1
Security Firm Chief	1	1	1	0	1
strategy coach and policy planner	1	1	0	0	0
Facial Motion Capture Supervisor	1	1	0	0	0
Digital Timing Supervisor	1	1	0	0	0
Imaging/Timing Supervisor	1	1	0	0	0
Certified Internal Auditor	1	1	0	0	0
Nazi Concentration Camp guard	1	1	0	0	0
Joomla developer	1	1	1	0	1
Astronautical engineering	1	1	0	0	0
Interdisciplinary Artist	1	1	0	0	0
Sr. Business Manager	1	1	0	0	0
Operations Director	1	1	0	0	0
Technology Journalist	1	1	1	0	1
g/1q6jyz0cy	1	1	0	0	0
Biometrician	1	1	1	0	1
CGI Supervisor	1	1	0	0	0
Sawyer (Profession)	1	1	0	0	0
State auditor	1	1	0	0	0
CEO Bad Ass, Inc.	1	1	0	0	0
Data Engineer	1	1	1	0	1
Website builder	1	1	0	0	0
Chief cook	1	1	0	0	0
Conversion rate optimization specialist	1	1	1	0	1
Construction Supervisor	1	1	0	0	0
Automobile safety	1	1	0	0	0
Government documents librarian	1	1	0	0	0
Ticket Collector (Profession)	1	1	1	0	1
Fusilier	1	1	0	0	0
Power broker	1	1	1	0	1
Plumbers Merchant	1	1	1	0	1
Recruitment Officer	1	1	1	0	1
Archaeological Illustrator	1	1	0	0	0
Houseware designer	1	1	1	0	1
Deaf Advocate	1	1	1	0	1
Survival Instructor	1	1	0	0	0
internet business consultant	1	1	1	0	1
Enrolled agent	1	1	1	0	1
Restaurant Franchise Owner	1	1	0	0	0
Oral poet	1	1	1	0	1
Shochet	1	1	0	0	0
Hieromonk	1	1	0	0	0
Special Effects Opticals	1	1	0	0	0
Matchmove Technical Director	1	1	0	0	0
Property Master: Outdoor	1	1	0	0	0
First Lady of Chile	1	1	1	0	1
Paint/Final Check Supervisor	1	1	0	0	0
Shock jock	1	1	1	0	1
Women warriors in literature and culture	1	1	0	0	0
First Assistant Carpenter	1	1	0	0	0
Justiciar	1	1	1	0	1
Soldiers Close Combat Trainer	1	1	1	0	1
Radio Consultants	1	1	1	0	1
Theatre consultant	1	1	1	0	1
Safe Carpet Cleaning	1	1	0	0	0
Executive Producer (Theater Production Staff Role)	1	1	0	0	0
Faqīh	1	1	1	0	1
Senior Partner	1	1	0	0	0
Sufi singer	1	1	0	0	0
Art Magazine Editor	1	1	1	0	1
Filipino martial arts	1	1	1	0	1
Director, Media	1	1	0	0	0
Crewman	1	1	1	0	1
Lackey (Profession)	1	1	1	0	1
Workman (Profession)	1	1	0	0	0
Foreign Policy Scholar	1	1	0	0	0
Nautical Archaeologist	1	1	0	0	0
Special Effects Assistant Coordinator	1	1	0	0	0
SEO Enthusiast	1	1	1	0	1
Metal Worker	1	1	1	0	1
Rat-catcher	1	1	0	0	0
Ironworker (Project role)	1	1	0	0	0
Paleobiologist	1	1	1	0	1
Radio Monitor Operator	1	1	1	0	1
sewing machine operator	1	1	1	0	1
Biophysical Chemist	1	1	0	0	0
actor (Profession) #7	1	1	0	0	0
3D Animator	1	1	0	0	0
Dance Educator	1	1	1	0	1
Sky marshal	1	1	1	0	1
Stunt Assistant	1	1	1	0	1
Religious writer	1	1	0	0	0
Production company (Profession)	1	1	0	0	0
Glass Technologist	1	1	0	0	0
Gas Engineer	1	1	1	0	1
Supervising Art Director	1	1	0	0	0
Free Church Minister	1	1	0	0	0
Commodore (Military rank) #12	1	1	1	0	1
Special Effects Producer	1	1	0	0	0
Special Effects Machinist	1	1	0	0	0
Gymterneter	1	1	1	0	1
Most Eligible	1	1	1	0	1
Business	1	1	1	0	1
Signalman (Profession)	1	1	0	0	0
Senior producer	1	1	0	0	0
Light Sculptor	1	1	1	0	1
Activism	1	1	0	0	0
IT Support Specialist	1	1	1	0	1
Website development	1	1	1	0	1
Senior Designer (Film job)	1	1	0	0	0
Senior Graphic Designer	1	1	0	0	0
Piano Singer	1	1	1	0	1
Senior Web Designer	1	1	0	0	0
Chairty Worker	1	1	1	0	1
Reproductive Rights Leader	1	1	0	0	0
Post-Production Manager	1	1	0	0	0
Director, Operations	1	1	0	0	0
Search algorithm	1	1	0	0	0
Senior Lighting Artist	1	1	0	0	0
Character Modeling And Articulation Artist	1	1	0	0	0
Character Rigger	1	1	0	0	0
Motion Capture Editor	1	1	0	0	0
Senior Digital Compositor	1	1	0	0	0
Freight forwarder	1	1	1	0	1
Theatre Director (m/0mbkm80)	1	1	0	0	0
Underwriting	1	1	1	0	1
Supervising Dialogue Editor	1	1	0	0	0
Arachnologist	1	1	0	0	0
Design Coordinator	1	1	1	0	1
Prosthetics Makeup Designer	1	1	0	0	0
actor	1	1	0	0	0
Engineer (Profession) #79	1	1	0	0	0
Scientist (Profession) #6	1	1	0	0	0
Visual Effects Plate Producer	1	1	0	0	0
Aw Bet Din	1	1	1	0	1
Set Decoration Accountant	1	1	0	0	0
Motorist (Profession)	1	1	1	0	1
Proctologist	1	1	1	0	1
Visual Effects Video Engineer	1	1	0	0	0
Drama Theorist	1	1	1	0	1
Breakup Coach	1	1	0	0	0
Engineering Drafter	1	1	1	0	1
Textures Coordinator	1	1	0	0	0
Agrarian	1	1	1	0	1
actor (Profession) #8	1	1	0	0	0
Visual Effects Art Department Coordinator	1	1	0	0	0
Speleologist	1	1	0	0	0
Randlord	1	1	0	0	0
Dog walking	1	1	0	0	0
Apple Consultant	1	1	1	0	1
Chief petty officer (Profession)	1	1	0	0	0
Special Effects Prop Builder	1	1	0	0	0
Counsellor in Norwich	1	1	1	0	1
Dramatic colouratura	1	1	1	0	1
Previz Coordinator	1	1	0	0	0
SEO Account Manager	1	1	0	0	0
Background & Props	1	1	0	0	0
Digital Film Colorist	1	1	0	0	0
Construction Head	1	1	0	0	0
Television commercial producer	1	1	0	0	0
Literacy Educator	1	1	0	0	0
Chief software development	1	1	0	0	0
Notarius	1	1	0	0	0
Laryngologist	1	1	1	0	1
United States Air Force / retired	1	1	1	0	1
Master electrician	1	1	0	0	0
Film Music Recorder	1	1	0	0	0
Slater (Profession)	1	1	1	0	1
Animatronics Supervisor	1	1	0	0	0
Line editor	1	1	0	0	0
Relief Worker	1	1	0	0	0
Firearms Engineer	1	1	0	0	0
Financial Services Management Consultant	1	1	0	0	0
Financial Services Management Consulting	1	1	0	0	0
Trout bum	1	1	0	0	0
Actor (Profession) #52	1	1	0	0	0
Pre-Visualization Director	1	1	0	0	0
General Manager at City Wine Cellar	1	1	0	0	0
Wardrobe Master	1	1	0	0	0
Hurricane Expert	1	1	0	0	0
Subway Conductor	1	1	1	0	1
Human Rights Strategist	1	1	0	0	0
Bankruptcy Lawyer	1	1	1	0	1
Protostrator	1	1	1	0	1
Best Boy Electric (Film job)	1	1	0	0	0
Story Artist	1	1	1	0	1
Culture Jammer	1	1	0	0	0
Fish Pathologist	1	1	0	0	0
Bond broker	1	1	1	0	1
Sound Manager	1	1	0	0	0
Supervising Sound Recordist	1	1	0	0	0
Chess composer	1	1	0	0	0
UX & Semantic Search Consultant	1	1	1	1	1
Frogman	1	1	0	0	0
snooker referee	1	1	1	0	1
Independent reviewer	1	1	1	0	1
Cavalry officer	1	1	0	0	0
Professor of Elocution	1	1	1	0	1
commission agent	1	1	1	0	1
Landscape ecologist	1	1	0	0	0
Knight-errant	1	1	1	0	1
Business-to-business	1	1	1	0	1
Newspaper delivery	1	1	1	0	1
Company Director	1	1	1	0	1
Evolutionary Ecologist	1	1	0	0	0
Wonderworker	1	1	0	0	0
Contact Lens Consultant	1	1	0	0	0
Architectural technologist	1	1	0	0	0
Motion Designer	1	1	0	0	0
Hostler	1	1	0	0	0
Property Assistant	1	1	0	0	0
Exercise physiology	1	1	0	0	0
Lighting Td	1	1	0	0	0
Apostle (Profession)	1	1	1	0	1
Restoration Artist	1	1	1	0	1
Violinmaker	1	1	0	0	0
Violence-Prevention Specialist	1	1	0	0	0
Port Wine Merchant	1	1	1	0	1
Hospital Driver	1	1	1	0	1
Corsetmaker	1	1	1	0	1
Mayor of Montazels	1	1	1	0	1
Actor (Profession) #90	1	1	0	0	0
Maestro of parafine	1	1	1	0	1
Crowds Supervisor	1	1	0	0	0
Neuroscience	1	1	1	0	1
Heilpraktiker	1	1	0	0	0
Display advertising	1	1	0	0	0
Emailing	1	1	0	0	0
Personalized retargeting	1	1	0	0	0
Chief Physician	1	1	0	0	0
Stereographer	1	1	0	0	0
Actor (Profession) #145	1	1	0	0	0
Internet Marketing Manager	1	1	1	0	1
E-commerce	1	1	0	0	0
Textile Merchant and Manufacturer	1	1	1	0	1
Connoisseur	1	1	0	0	0
Detailhandler	1	1	1	0	1
Sysop	1	1	0	0	0
Web hosting service	1	1	0	0	0
Film Mastering Engineer	1	1	0	0	0
Dream Interpreter	1	1	1	0	1
Limner	1	1	1	0	1
Post Sound Facility Coordinator	1	1	0	0	0
Alaskan Health Care Leader	1	1	0	0	0
Teacher (Profession) #104	1	1	0	0	0
Director of Legal Affairs	1	1	0	0	0
Colonel general	1	1	1	0	1
Arabist	1	1	0	0	0
Electronic keyboard (Musical Performance Role)	1	1	0	0	0
Printmaker (Music Artist)	1	1	1	0	1
Doula	1	1	0	0	0
Construction	1	1	0	0	0
Sound Conform	1	1	0	0	0
Internet Jedi	1	1	0	0	0
Head of Technical SEO	1	1	0	0	0
Actor (Profession) #76	1	1	0	0	0
Sound stage	1	1	0	0	0
Crowd Animation Supervisor	1	1	0	0	0
Marketing Technologist	1	1	1	0	1
Special Effects Hair Technician	1	1	0	0	0
Newsreader	1	1	0	0	0
CEO Waste Removal	1	1	0	0	0
Gyōji	1	1	1	0	1
Independent inventor	1	1	0	0	0
Doshu	1	1	1	0	1
Toshiyori	1	1	0	0	0
Animation Engineer	1	1	1	0	1
Bonesetter	1	1	1	0	1
Athlete Trainer	1	1	0	0	0
International Wedding Photographer	1	1	0	0	0
Score Consultant	1	1	1	0	1
Retail Consultant	1	1	0	0	0
CNR (Composition)	1	1	1	0	1
Human Resources Consultant	1	1	1	0	1
Assistant Choreographer	1	1	0	0	0
Earth scientist	1	1	0	0	0
Museum Worker	1	1	1	0	1
Digital Rotoscope and Paint Artist	1	1	0	0	0
Orthotist	1	1	1	0	1
Hardware Programmer	1	1	0	0	0
Yeoman	1	1	1	0	1
Wagonmaker	1	1	0	0	0
Women’s Development Leader	1	1	0	0	0
Television floor manager	1	1	0	0	0
Brokerage Assistant	1	1	0	0	0
College Writing Instructor	1	1	0	0	0
Hair and Wig Designer	1	1	0	0	0
Paleoethnobotanist	1	1	0	0	0
Camera Supervisor	1	1	0	0	0
Character Effects Supervisor	1	1	0	0	0
Medical Writer	1	1	1	0	1
Operations Manager	1	1	1	0	1
Infantry Weapons Officer	1	1	1	0	1
Obstetrics and gynaecology	1	1	0	0	0
Director	1	1	0	0	0
Botanical illustrator	1	1	0	0	0
alternative therapist	1	1	1	0	1
Riding instructor	1	1	1	0	1
Actor (Profession) #103	1	1	0	0	0
Studio Coordinator	1	1	0	0	0
Special Effects Purchaser	1	1	0	0	0
Real Estate Agent	1	1	0	0	0
Stewart (Profession)	1	1	0	0	0
Page 3	1	1	1	0	1
Tropical Forester	1	1	0	0	0
Camgirl	1	1	0	0	0
Auxiliary police	1	1	0	0	0
Stage Dancer	1	1	0	0	0
Federal Administrative Law Judge	1	1	1	0	1
Rural Development Leader	1	1	0	0	0
Artistic Supervisor	1	1	0	0	0
Modelmaker	1	1	1	0	1
Facilities Coordinator	1	1	0	0	0
Actor (Profession) #37	1	1	0	0	0
Systems integrator	1	1	0	0	0
Exile	1	1	1	0	1
Writer (Profession) #37	1	1	0	0	0
Social Software Architect	1	1	1	0	1
Chronicler	1	1	0	0	0
Development chef	1	1	1	0	1
Patent Agent	1	1	0	0	0
Biotechnician	1	1	1	0	1
Credit control	1	1	1	0	1
Company owner	1	1	1	0	1
Kaymakam	1	1	1	0	1
Audiography	1	1	0	0	0
Wardrobe Graphic Designer	1	1	0	0	0
Lady's maid	1	1	1	0	1
Director of Finance	1	1	0	0	0
Urban Revitalization Strategist	1	1	0	0	0
God	1	1	0	0	0
Headlamp	1	1	0	0	0
Professional bodybuilding	1	1	0	0	0
Interior architecture	1	1	0	0	0
Performer-Songwriter-Musical Director	1	1	1	0	1
Design Researcher	1	1	0	0	0
Web builder	1	1	1	0	1
Glassblower	1	1	0	0	0
Missouri Broadcasters Association	1	1	0	0	0
Water Quality Engineer	1	1	0	0	0
Enterprise Marketing Consultant	1	1	0	0	0
Stage Technician	1	1	0	0	0
Industry analyst	1	1	1	0	1
Online analytical processing	1	1	0	0	0
Semantic HTML	1	1	0	0	0
Computer program	1	1	1	0	1
Models Supervisor	1	1	0	0	0
Head Skinner	1	1	1	0	1
Clinical research associate	1	1	1	0	1
Riveter	1	1	1	0	1
Police Commander	1	1	1	0	1
Author, Motivation Speaker, Entrepreneur	1	1	1	0	1
Gospel Music Performer	1	1	0	0	0
Prosthetic Makeup Designer	1	1	0	0	0
Internet Executive	1	1	1	0	1
AIDS Researcher	1	1	0	0	0
Head of Technology	1	1	1	0	1
Information technology management	1	1	1	0	1
HVAC Contractor	1	1	0	0	0
Lead Visual Effects Compositor	1	1	0	0	0
Brain Researcher	1	1	0	0	0
Molecular Physiologist	1	1	0	0	0
Prosthetic Makeup Technician	1	1	0	0	0
infectious Disease Specialist	1	1	1	0	1
Picture Vehicle Coordinator	1	1	0	0	0
Sound Equipment Provider	1	1	0	0	0
Director of Human Resources	1	1	1	0	1
Professor of Geogrpahical Sciences	1	1	0	0	0
Health Authority Wages Clerk	1	1	1	0	1
actor (Profession) #6	1	1	0	0	0
Digital Marketing Analyst	1	1	1	0	1
R&D Supervisor	1	1	0	0	0
Page-boy	1	1	1	0	1
Gaucho	1	1	0	0	0
t.v. producer	1	1	0	0	0
Radiobiochemist	1	1	0	0	0
Travel Coordinator	1	1	1	0	1
Social Economist	1	1	0	0	0
Data Coordinator	1	1	0	0	0
Management Theorist	1	1	1	0	1
Educational technology	1	1	0	0	0
Instructional design	1	1	0	0	0
media & culture scientist	1	1	1	0	1
Lighting	1	1	0	0	0
Keirin Racer	1	1	1	0	1
Certified National Weather Service Storm Spotter	1	1	1	0	1
Mechanical Department Supervisor	1	1	0	0	0
Senior Reference Photographer	1	1	0	0	0
Senior Visual Effects Technical Director	1	1	0	0	0
Makeup & Prosthetics	1	1	0	0	0
Tournament director	1	1	0	0	0
Master sergeant	1	1	0	0	0
Effects Technician	1	1	0	0	0
datajournalist	1	1	0	0	0
Missionary (Religious Leadership Title)	1	1	1	0	1
Dating coach	1	1	1	0	1
Chimney sweep	1	1	1	0	1
Photography Studio Manager	1	1	1	0	1
Special Makeup Effects Producer	1	1	0	0	0
Australian rules football	1	1	0	0	0
Theater Critic	1	1	0	0	0
Key Hair Stylist & Makeup Artist	1	1	0	0	0
Gemcutter	1	1	1	0	1
Penis Enlargement Expert	1	1	0	0	0
Portrait Photographer	1	1	0	0	0
Reno (Profession)	1	1	1	0	1
Forensic Anthropologist	1	1	0	0	0
Puppetry Director	1	1	0	0	0
Music industry	1	1	1	0	1
Style Consultant	1	1	1	0	1
Plant Virologist	1	1	1	0	1
Digital Director	1	1	1	0	1
Biostatistician	1	1	1	0	1
Quilter	1	1	0	0	0
Web Developer (m/02rzfzl)	1	1	0	0	0
Professor of Ancient Greek History and Classical Studies	1	1	1	0	1
Project Coordinator Sound	1	1	0	0	0
Masonry Contractors	1	1	1	0	1
Software analyst	1	1	0	0	0
Building code	1	1	1	0	1
Key Artist	1	1	0	0	0
Archetypal Engineer	1	1	0	0	0
Vehicle Emissions Specialist	1	1	0	0	0
Information technology consulting	1	1	0	0	0
Black belt	1	1	1	0	1
Investing online	1	1	0	0	0
Employer branding	1	1	0	0	0
Personal branding	1	1	0	0	0
Social media	1	1	0	0	0
Sighted guide	1	1	0	0	0
Character Modeler	1	1	1	0	1
Talent Executive	1	1	0	0	0
Managing Partner	1	1	0	0	0
Restaurant Mgt.	1	1	1	0	1
Nonprofit Management	1	1	1	0	1
Butt Pirate	1	1	0	0	0
Weapon system operator	1	1	1	0	1
Auto electrician	1	1	0	0	0
Computer Software Sales	1	1	0	0	0
Management Specialist	1	1	0	0	0
Aeronautical engineering	1	1	0	0	0
Artist, Writer, Performer, Producer, Artistic Director	1	1	0	0	0
County court bailiff	1	1	1	0	1
Bargirl	1	1	0	0	0
Taiwanese opera	1	1	1	0	1
Color Designer	1	1	0	0	0
Goodwill Ambassador	1	1	0	0	0
Managing Editor	1	1	1	0	1
Chess Player	1	1	0	0	0
System Administrator (Field Of Study)	1	1	0	0	0
Founding Director	1	1	0	0	0
Principal Investigator (Profession)	1	1	0	0	0
Softcore Actor	1	1	1	0	1
Insurance investigator	1	1	1	0	1
Dr Lifestyle	1	1	0	0	0
psychiarist	1	1	0	0	0
Resident Representative	1	1	0	0	0
Etudiante	1	1	0	0	0
en faculté	1	1	0	0	0
Assistant Audio Engineer	1	1	0	0	0
Options Trader & Educator	1	1	0	0	0
Naval Systems Analyst	1	1	1	0	1
Alternative model	1	1	0	0	0
Story-Teller	1	1	0	0	0
Catechist	1	1	0	0	0
Math teacher	1	1	0	0	0
Freelancer	1	1	1	0	1
Scout Leader	1	1	1	0	1
Head of Marketing	1	1	0	0	0
BOTB Indexer	1	1	0	0	0
Yoga Trainer	1	1	0	0	0
Tattoo Consultant	1	1	0	0	0
Askari	1	1	1	0	1
Prompter	1	1	1	0	1
PsychiatricTechnician	1	1	1	0	1
Sound Technical Support	1	1	0	0	0
Fetish priest	1	1	0	0	0
actor (Profession) #5	1	1	0	0	0
Art Assistant	1	1	0	0	0
Envirnoment Designer	1	1	0	0	0
Animatronics Engineer	1	1	0	0	0
Science Exhibit Designer	1	1	0	0	0
Business Administration and Marketing	1	1	1	0	1
Video Effects Editor	1	1	0	0	0
Belizean American	1	1	1	0	1
Professor of Malayalam	1	1	1	0	1
High king	1	1	1	0	1
Medalist	1	1	0	0	0
Group Product Manager	1	1	0	0	0
Euphoniumist	1	1	0	0	0
Original Dialogue Mixer	1	1	0	0	0
Stonemasonry	1	1	1	0	1
Costume Buyer	1	1	0	0	0
Mindfulness meditation	1	1	0	0	0
Protopope	1	1	1	0	1
Qualified Flying Instructor	1	1	1	0	1
Sound Mastering Engineer	1	1	0	0	0
Ator	1	1	0	0	0
Executive In Charge of Music	1	1	0	0	0
Mother (Profession)	1	1	1	0	1
Biomechanical engineer	1	1	0	0	0
Urban Explorer (Profession)	1	1	0	0	0
Buddhist teacher and scholar	1	1	1	0	1
Motion Capture Technician	1	1	0	0	0
Actor (Profession) #147	1	1	0	0	0
Internet Visionary	1	1	1	0	1
INGENIEUR EN DEVELOPPEMENT WEB	1	1	0	0	0
Child-Care Solicitor	1	1	1	0	1
Styrmann	1	1	1	0	1
Commodities Trader	1	1	0	0	0
Dayan (Religious Leadership Title)	1	1	1	0	1
Business Admin.	1	1	0	0	0
Web Traffic Controller	1	1	0	0	0
Economic Development Analyst	1	1	0	0	0
Assistant Sound Designer	1	1	0	0	0
Accounting analyst	1	1	1	0	1
Theatrical technician	1	1	0	0	0
Tribal Rights Leader	1	1	0	0	0
Score Recordist	1	1	0	0	0
Företagsledare	1	1	0	0	0
Location Sound Technician	1	1	0	0	0
Paleographer	1	1	0	0	0
Special Photographic Effects Creator	1	1	0	0	0
backgammon player	1	1	1	0	1
Special Photography	1	1	0	0	0
Atmospheric Chemist	1	1	0	0	0
Language consultant	1	1	0	0	0
actor (Profession) #10	1	1	0	0	0
Watchman (Profession)	1	1	1	0	1
Technical crew	1	1	0	0	0
Production Director	1	1	0	0	0
Tentmaker	1	1	1	0	1
Search Engine Optimization Strategist	1	1	1	0	1
Microsoft executive	1	1	1	0	1
Standart officer	1	1	1	0	1
Antarctician	1	1	0	0	0
Community Health Specialist	1	1	1	0	1
Nuncio	1	1	0	0	0
Chief Technology Officer	1	1	1	0	1
Agricultural Entomologist	1	1	0	0	0
Water Conservation Specialist	1	1	1	0	1
Energy Policy Specialist	1	1	0	0	0
Shoulder Surgeon	1	1	1	0	1
Sports medicine	1	1	1	0	1
Visual Effects Plate Supervisor	1	1	0	0	0
Gas contractor	1	1	1	0	1
Professional Audio Equipment Manufacturing	1	1	0	0	0
Co-Owner Estate Agency	1	1	1	0	1
Historian of Africa	1	1	0	0	0
Bootmaker clicker	1	1	1	0	1
Insect Biologist	1	1	0	0	0
Hymnology	1	1	1	0	1
Wine grower	1	1	0	0	0
Chief Technical Architect	1	1	0	0	0
Affineur	1	1	0	0	0
Arms Dealer	1	1	1	0	1
Dialogue & Sound Effects Editor	1	1	0	0	0
Internetworking	1	1	0	0	0
Visual Effects Colorist	1	1	0	0	0
Defterdar	1	1	1	0	1
King of Champa	1	1	1	0	1
Päällikkö, Yle Urheilu	1	1	0	0	0
Pope-elect	1	1	0	0	0
Kinesiologist	1	1	0	0	0
Torturer	1	1	0	0	0
ETL Developer	1	1	0	0	0
Fire safety	1	1	0	0	0
Surveillance	1	1	0	0	0
Bank robber	1	1	0	0	0
Swineherd	1	1	0	0	0
Prince of Hesse and by Rhine	1	1	1	0	1
Fleet admiral	1	1	1	0	1
Social Reformer	1	1	0	0	0
Warm-up comedian	1	1	0	0	0
Biblical hermeneutics	1	1	1	0	1
Doctoral advisor	1	1	1	0	1
Actor (Profession) #47	1	1	0	0	0
Digital Cleanup Artist	1	1	0	0	0
Mutual fund salesman	1	1	1	0	1
Knowledge engineer	1	1	0	0	0
Rehabilitation engineer	1	1	0	0	0
Arms Control Strategist	1	1	0	0	0
Quantitative Programmer	1	1	0	0	0
Match referee	1	1	0	0	0
Benedictine Monk	1	1	0	0	0
Engineer (Profession) #40	1	1	1	0	1
Production Sound	1	1	0	0	0
Aircraft broker	1	1	0	0	0
Modeling Artist	1	1	0	0	0
Professional Bass Fisherman	1	1	1	0	1
Publishing	1	1	0	0	0
Children's rights activist	1	1	0	0	0
Director of communications	1	1	0	0	0
Panel beater	1	1	0	0	0
Business Strategist	1	1	0	0	0
Emergency Manager	1	1	1	0	1
Dialogue Dubbing Mixer	1	1	0	0	0
Webwriter Freelance	1	1	0	0	0
/m/0vjs6	1	1	1	0	1
Digital Intermediate Data Operator	1	1	0	0	0
Tour accountant	1	1	1	0	1
Odontologist	1	1	0	0	0
United States Ambassador to Seychelles	1	1	1	0	1
Jazz Music Journalist (freelance)	1	1	0	0	0
Rock Music Journalist (freelance)	1	1	0	0	0
Primate Ethologist	1	1	0	0	0
Story editor	1	1	0	0	0
Supervising Producer	1	1	0	0	0
Balloonist	1	1	0	0	0
Curriculum Director	1	1	1	0	1
On-Set Supervisor	1	1	0	0	0
Guitar maker	1	1	0	0	0
Model Unit Supervisor	1	1	0	0	0
Conceptual Storyboard Artist	1	1	0	0	0
Forest range officer	1	1	0	0	0
Credit manager	1	1	1	0	1
European Historian	1	1	1	0	1
Special Effects Shop Foreman	1	1	0	0	0
Radio frequency engineer	1	1	0	0	0
Public Interest Journalist	1	1	0	0	0
Entrepreneur (Small Business) Nightclub and Auto Paint and Body Shops	1	1	1	0	1
Sociologist of Science	1	1	1	0	1
Horror Writer	1	1	0	0	0
Botanical Explorer	1	1	1	0	1
Sports Writer	1	1	0	0	0
Actor (Profession) #56	1	1	0	0	0
Neuroendocrinologist	1	1	1	0	1
Wire Effects Supervisor	1	1	0	0	0
Brickmaker	1	1	0	0	0
Chess Promotor	1	1	0	0	0
Street Lighting Technician	1	1	1	0	1
Construction buyer	1	1	0	0	0
Otorhinolaryngology	1	1	0	0	0
Special Makeup Effects Production Coordinator	1	1	0	0	0
Online Marketing Consultant Specialized in SEO	1	1	1	0	1
Manager For a Catering Contractor	1	1	1	0	1
Barber surgeon	1	1	1	0	1
Ingeniero en Electrónica	1	1	0	0	0
Political Attache	1	1	0	0	0
Director of Advocacy	1	1	0	0	0
President of the Central Florida Disability Chamber	1	1	0	0	0
Business Networker	1	1	0	0	0
Retired (Profession) #9	1	1	1	0	1
French Dubbing Mixer	1	1	0	0	0
Certified Financial Planner	1	1	1	0	1
hospital administrator	1	1	1	0	1
Nursing Graduate	1	1	1	0	1
Unit Publicist	1	1	0	0	0
Club fighter	1	1	1	0	1
Special Effects Wireman	1	1	0	0	0
Wire Crew	1	1	0	0	0
Information retrieval	1	1	1	0	1
Environmental Geographer	1	1	0	0	0
Salonnieres	1	1	1	0	1
MFT	1	1	1	0	1
Dark and Light Circuit Master	1	1	0	0	0
Director of Marketing	1	1	1	0	1
Director of New Business	1	1	1	0	1
Associate Visual Effects Producer	1	1	0	0	0
m/0qcntlr	1	1	1	0	1
Affiliate Marketer	1	1	0	0	0
Party leader	1	1	1	0	1
Android software development	1	1	1	0	1
IT Service Manager	1	1	0	0	0
Help Desk Coordinator	1	1	1	0	1
Conversion rate optimization	1	1	0	0	0
New media	1	1	0	0	0
YouTube Optimisation	1	1	0	0	0
Search Executive	1	1	0	0	0
Ultimate Coach	1	1	0	0	0
Hairdressing Supplies Wholesaler	1	1	1	0	1
Painting	1	1	1	0	1
promised loser	1	1	0	0	0
Yoga Consultant	1	1	1	0	1
Logistics management	1	1	0	0	0
Worker’s Rights Leader	1	1	0	0	0
Sociologist of Education	1	1	0	0	0
Props Supervisor	1	1	0	0	0
Authority	1	1	0	0	0
Events Specialist	1	1	0	0	0
Director (Profession) #100	1	1	0	0	0
Gerontological Nurse	1	1	0	0	0
Content Producer	1	1	0	0	0
Student athlete	1	1	0	0	0
Computer Graphics Animation	1	1	0	0	0
Machine Room Operator	1	1	0	0	0
Member of the Russian Government Senate	1	1	1	0	1
Member of the Russian State Council	1	1	1	0	1
Consultor	1	1	0	0	0
consultor seo gandia	1	1	0	0	0
sergigamez	1	1	0	0	0
Human Factors Engineer	1	1	0	0	0
Gigolo (Profession)	1	1	1	0	1
Marketing Director	1	1	1	0	1
Science Educator	1	1	0	0	0
Animation Technical Supervisor	1	1	0	0	0
Computer Tech	1	1	1	0	1
Carnatic Singer	1	1	1	0	1
Consultant Trichologist	1	1	0	0	0
Hair Loss Specialist	1	1	0	0	0
Trichology	1	1	0	0	0
Arms Policy Analyst	1	1	1	0	1
Research And Development Tax	1	1	0	0	0
Motivational Keynote Speaker	1	1	0	0	0
Business Management (Profession)	1	1	0	0	0
Senior Technician	1	1	0	0	0
Director of Rodic Davidson Architects	1	1	0	0	0
Amateur Boxing	1	1	0	0	0
Business process outsourcing	1	1	1	0	1
Investment banking	1	1	1	0	1
Taluk Office	1	1	1	0	1
Child and Family Development Specialist	1	1	0	0	0
Archivist of the United States	1	1	0	0	0
Integration Artist	1	1	0	0	0
Travel Consultant	1	1	0	0	0
Merchandising	1	1	0	0	0
Child Care Leader	1	1	0	0	0
Gladiator (Profession)	1	1	0	0	0
Oficer-Major of King Zog  I	1	1	1	0	1
Commercial law	1	1	0	0	0
Estate planning	1	1	0	0	0
Senior Tax Attorney	1	1	0	0	0
Tax lawyers	1	1	0	0	0
Liner notes author	1	1	0	0	0
Prop Stylist	1	1	0	0	0
Stereo 3D Image Supervisor	1	1	0	0	0
Main Title Sequence Designer	1	1	0	0	0
Cake decorating	1	1	0	0	0
Rollerblader	1	1	0	0	0
Prime Minister of Canada	1	1	1	0	1
Environmental Historian	1	1	0	0	0
Management Consultant and writer	1	1	0	0	0
Astrophotography	1	1	0	0	0
Homebrewing	1	1	0	0	0
Actor (m/012z62_8)	1	1	1	0	1
Internet Marketing Consultant	1	1	1	0	1
Best Boy Grip	1	1	0	0	0
Counseling Teacher	1	1	1	0	1
Gondolier	1	1	0	0	0
key swing	1	1	0	0	0
Re-Recording Mix Technician	1	1	0	0	0
Aerial Coordinator	1	1	1	0	1
Computer Graphics Designer	1	1	0	0	0
Post-Production Sound Consultant	1	1	0	0	0
Supervising Digital Colorist	1	1	0	0	0
Poet (Profession) #43	1	1	1	0	1
Drag king	1	1	0	0	0
Solicitor advocate	1	1	1	0	1
Additional Chief Secretary	1	1	0	0	0
Historian of technology	1	1	0	0	0
Watercolor paint	1	1	1	0	1
Practice Manager	1	1	0	0	0
Emergency medical dispatcher	1	1	0	0	0
Alutiiq Curator	1	1	1	0	1
Referent	1	1	0	0	0
Social research	1	1	0	0	0
digital communication	1	1	0	0	0
internet researcher	1	1	0	0	0
Spas Designer	1	1	1	0	1
Salsa Dancer	1	1	1	0	1
Computer Graphics Director	1	1	0	0	0
Red-figure pottery	1	1	0	0	0
Content Strategist	1	1	0	0	0
First Gentleman	1	1	1	0	1
Vert skating	1	1	1	0	1
Marine Conservation Specialist	1	1	0	0	0
Executive	1	1	0	0	0
Online Media	1	1	0	0	0
Director of HR	1	1	0	0	0
Rare Book Preservationist	1	1	0	0	0
Singer/Songwriter/Producer/Filmmaker	1	1	1	0	1
Used bookstore	1	1	0	0	0
Chief steward	1	1	1	0	1
Almoner	1	1	0	0	0
Fellmonger	1	1	0	0	0
Chapmen	1	1	1	0	1
Digital Matter Painter	1	1	0	0	0
Mechanical Design Engineer	1	1	0	0	0
Founder/President T. Mellon & Sons Bank	1	1	1	0	1
Prior	1	1	1	0	1
Copy writers	1	1	0	0	0
Sun Dance Chief	1	1	0	0	0
Offshore drilling	1	1	0	0	0
Audio Engineering	1	1	1	0	1
Stereoscopic Coordinator	1	1	0	0	0
Custody officer	1	1	1	0	1
Rails Developer	1	1	1	0	1
Ruby Developer	1	1	1	0	1
Timpanist	1	1	0	0	0
Quality Control Supervisor	1	1	0	0	0
Permanent Representative to the United Nations	1	1	1	0	1
Online designer	1	1	0	0	0
Kapitan Cina	1	1	0	0	0
Senior Technical Director	1	1	0	0	0
Actor (Profession) #51	1	1	0	0	0
Thoroughbred Horse Trainer	1	1	0	0	0
Stunt	1	1	0	0	0
Film Prop Maker	1	1	0	0	0
Citizen Soldier	1	1	1	0	1
Digital Marketing Consultant (Job title)	1	1	0	0	0
Rigger	1	1	0	0	0
Audio engineer	1	1	1	1	1
Innovative Director	1	1	0	0	0
Silk dealer	1	1	1	0	1
Custody assistant	1	1	0	0	0
Transportation Coordinator	1	1	1	0	1
Interrogator	1	1	0	0	0
Veterinary Technician	1	1	1	0	1
Audio post production	1	1	0	0	0
Snocross Racer	1	1	0	0	0
Senior Partner (Job title)	1	1	0	0	0
Live sound mixing	1	1	1	0	1
Personal shopper	1	1	0	0	0
Hacker (TV subject)	1	1	1	0	1
Technical Manager at Union Bank of India	1	1	0	0	0
Advocate General	1	1	1	0	1
Central Intelligence Agency Officer	1	1	1	0	1
Singer (Profession) #212	1	1	1	0	1
Clinical Molecular Biologist	1	1	0	0	0
Beauty queen (Profession)	1	1	0	0	0
Intelligence specialist	1	1	0	0	0
Prince of Novgorod	1	1	1	0	1
Spicere@Pedagog of Academia of Arte	1	1	1	0	1
Chief Financial Officer	1	1	0	0	0
Director, Creative Content	1	1	0	0	0
Globemaker	1	1	0	0	0
Specialist trikotage	1	1	1	0	1
Hindi Pandit	1	1	1	0	1
pedagogue assistant	1	1	1	0	1
Flag captain	1	1	0	0	0
SEMOR	1	1	0	0	0
Methodist Preacher (Profession)	1	1	1	0	1
Forest Scientist	1	1	0	0	0
Wool Merchant	1	1	0	0	0
Bootseller	1	1	1	0	1
Home construction	1	1	0	0	0
Rural Planner	1	1	0	0	0
Digital Project Manager	1	1	0	0	0
Digital Solutions Architect	1	1	0	0	0
Figure skating coach	1	1	1	0	1
Politiker	1	1	0	0	0
Lehrer (Family name)	1	1	0	0	0
Artistic Consultant	1	1	1	0	1
Additional Sound Editor	1	1	0	0	0
crossword puzzle maker	1	1	0	0	0
Refrigeration Engineer	1	1	1	0	1
General Construction Foreman	1	1	0	0	0
Glycobiologist	1	1	0	0	0
Arbovirologist	1	1	0	0	0
Wave Tank Designer	1	1	1	0	1
Biological Anthropologist	1	1	0	0	0
Shakespearian Scholar	1	1	1	0	1
Police chaplain	1	1	0	0	0
Personal banking	1	1	1	0	1
Copper expert	1	1	1	0	1
Sawyer (Literature Subject)	1	1	1	0	1
Database administrator	1	1	0	0	0
Background Designer	1	1	0	0	0
Visual Effects Onset Supervisor	1	1	0	0	0
Sound Archivist	1	1	0	0	0
Neuroroboticist	1	1	0	0	0
YouTube	1	1	0	0	0
Audio Dramatist	1	1	1	0	1
Master Instructor	1	1	1	0	1
Filling station attendant	1	1	0	0	0
elder	1	1	1	0	1
Software product manager	1	1	1	0	1
author, kompositor performer	1	1	1	0	1
fielm	1	1	0	0	0
Standby Painter	1	1	0	0	0
Web Geek	1	1	0	0	0
Reporter (Job title)	1	1	0	0	0
g/11bc1521_j	1	1	0	0	0
g/11c3hvc8mh	1	1	0	0	0
Antropology	1	1	1	0	1
Professional Artist	1	1	1	0	1
Conversion Rate Optimisation	1	1	1	0	1
Heraldry	1	1	0	0	0
m/010pyv52	1	1	0	0	0
Editor in Chief	1	1	0	0	0
Arthroscopy	1	1	0	0	0
Traumatology	1	1	0	0	0
Email marketing	1	1	0	0	0
Restoration (m/0ch4m77)	1	1	0	0	0
Senior Frontend Developer	1	1	0	0	0
m/012cc8zf	1	1	0	0	0
Quality of service	1	1	0	0	0
Food safety	1	1	0	0	0
Quality	1	1	0	0	0
Quality assurance	1	1	0	0	0
Quality control	1	1	0	0	0
Total quality management	1	1	0	0	0
Brand 360	1	1	0	0	0
Google Business View	1	1	0	0	0
Industriemechaniker	1	1	1	0	1
m/012zw2f7	1	1	1	0	1
Medical sociology	1	1	0	0	0
Systems analysis	1	1	0	0	0
Shihainin	1	1	1	0	1
Impostor (Literature Subject)	1	1	0	0	0
Industrial design	1	1	1	0	1
Shihan	1	1	1	0	1
m/0nbfq19	1	1	0	0	0
m/0zvxmks	1	1	0	0	0
Affiliate marketing	1	1	0	0	0
Drain cleaning	1	1	0	0	0
Repair Shops and Related Services, NEC (furnace, duct, chimney, gutter, and drain cleaning services)	1	1	0	0	0
Technical SEO Strategist	1	1	1	0	1
Vice President, Direct Sales	1	1	0	0	0
Chief Information Officer	1	1	0	0	0
Indian Railways	1	1	0	0	0
Data Analyst	1	1	0	0	0
Freelance Professor	1	1	0	0	0
Runemaster	1	1	0	0	0
